DATE,TIME,RENT_ID,AVAILABLE
20230801,0,2111,0
20230801,0,2112,0
20230801,0,2116,0
20230801,0,2122,0
20230801,0,2128,0
20230801,0,2129,1
20230801,0,2130,0
20230801,0,2139,7
20230801,0,2143,2
20230801,0,2148,0
20230801,0,2159,1
20230801,0,2171,0
20230801,0,2172,1
20230801,0,2178,0
20230801,0,2179,1
20230801,0,2185,0
20230801,0,2186,1
20230801,0,2191,5
20230801,0,2198,0
20230801,0,2199,0
20230801,0,3310,0
20230801,0,3311,0
20230801,0,3802,2
20230801,1,2111,0
20230801,1,2112,0
20230801,1,2116,0
20230801,1,2122,0
20230801,1,2128,0
20230801,1,2129,1
20230801,1,2130,0
20230801,1,2139,9
20230801,1,2143,4
20230801,1,2148,3
20230801,1,2159,1
20230801,1,2171,0
20230801,1,2172,1
20230801,1,2178,0
20230801,1,2179,0
20230801,1,2185,0
20230801,1,2186,1
20230801,1,2191,5
20230801,1,2198,0
20230801,1,2199,0
20230801,1,3310,0
20230801,1,3311,0
20230801,1,3802,2
20230801,2,2111,0
20230801,2,2112,0
20230801,2,2116,0
20230801,2,2122,0
20230801,2,2128,0
20230801,2,2129,1
20230801,2,2130,0
20230801,2,2139,9
20230801,2,2143,4
20230801,2,2148,3
20230801,2,2159,1
20230801,2,2171,0
20230801,2,2172,2
20230801,2,2178,0
20230801,2,2179,0
20230801,2,2185,0
20230801,2,2186,0
20230801,2,2191,4
20230801,2,2198,0
20230801,2,2199,1
20230801,2,3310,1
20230801,2,3311,0
20230801,2,3802,2
20230801,3,2111,0
20230801,3,2112,0
20230801,3,2116,0
20230801,3,2122,0
20230801,3,2128,0
20230801,3,2129,1
20230801,3,2130,0
20230801,3,2139,8
20230801,3,2143,4
20230801,3,2148,2
20230801,3,2159,1
20230801,3,2171,0
20230801,3,2172,2
20230801,3,2178,0
20230801,3,2179,1
20230801,3,2185,3
20230801,3,2186,0
20230801,3,2191,4
20230801,3,2198,0
20230801,3,2199,0
20230801,3,3310,1
20230801,3,3311,1
20230801,3,3802,2
20230801,4,2111,0
20230801,4,2112,1
20230801,4,2116,0
20230801,4,2122,0
20230801,4,2128,0
20230801,4,2129,1
20230801,4,2130,0
20230801,4,2139,8
20230801,4,2143,4
20230801,4,2148,2
20230801,4,2159,1
20230801,4,2171,0
20230801,4,2172,2
20230801,4,2178,0
20230801,4,2179,1
20230801,4,2185,2
20230801,4,2186,0
20230801,4,2191,4
20230801,4,2198,2
20230801,4,2199,0
20230801,4,3310,1
20230801,4,3311,0
20230801,4,3802,2
20230801,5,2111,0
20230801,5,2112,0
20230801,5,2116,0
20230801,5,2122,0
20230801,5,2128,0
20230801,5,2129,1
20230801,5,2130,0
20230801,5,2139,8
20230801,5,2143,3
20230801,5,2148,2
20230801,5,2159,1
20230801,5,2171,0
20230801,5,2172,3
20230801,5,2178,0
20230801,5,2179,1
20230801,5,2185,2
20230801,5,2186,0
20230801,5,2191,5
20230801,5,2198,1
20230801,5,2199,0
20230801,5,3310,3
20230801,5,3311,0
20230801,5,3802,2
20230801,6,2111,0
20230801,6,2112,0
20230801,6,2116,0
20230801,6,2122,0
20230801,6,2128,0
20230801,6,2129,2
20230801,6,2130,0
20230801,6,2139,8
20230801,6,2143,3
20230801,6,2148,1
20230801,6,2159,2
20230801,6,2171,0
20230801,6,2172,4
20230801,6,2178,0
20230801,6,2179,1
20230801,6,2185,2
20230801,6,2186,0
20230801,6,2191,5
20230801,6,2198,0
20230801,6,2199,0
20230801,6,3310,2
20230801,6,3311,0
20230801,6,3802,5
20230801,7,2111,0
20230801,7,2112,0
20230801,7,2116,0
20230801,7,2122,0
20230801,7,2128,0
20230801,7,2129,1
20230801,7,2130,0
20230801,7,2139,7
20230801,7,2143,4
20230801,7,2148,1
20230801,7,2159,2
20230801,7,2171,0
20230801,7,2172,3
20230801,7,2178,1
20230801,7,2179,0
20230801,7,2185,1
20230801,7,2186,0
20230801,7,2191,3
20230801,7,2198,0
20230801,7,2199,0
20230801,7,3310,1
20230801,7,3311,0
20230801,7,3802,3
20230801,8,2111,0
20230801,8,2112,0
20230801,8,2116,0
20230801,8,2122,0
20230801,8,2128,0
20230801,8,2129,2
20230801,8,2130,0
20230801,8,2139,6
20230801,8,2143,2
20230801,8,2148,0
20230801,8,2159,0
20230801,8,2171,2
20230801,8,2172,4
20230801,8,2178,2
20230801,8,2179,0
20230801,8,2185,0
20230801,8,2186,0
20230801,8,2191,3
20230801,8,2198,0
20230801,8,2199,0
20230801,8,3310,0
20230801,8,3311,0
20230801,8,3802,6
20230801,9,2111,1
20230801,9,2112,1
20230801,9,2116,3
20230801,9,2122,0
20230801,9,2128,1
20230801,9,2129,6
20230801,9,2130,0
20230801,9,2139,2
20230801,9,2143,2
20230801,9,2148,1
20230801,9,2159,0
20230801,9,2171,1
20230801,9,2172,4
20230801,9,2178,4
20230801,9,2179,0
20230801,9,2185,0
20230801,9,2186,0
20230801,9,2191,4
20230801,9,2198,0
20230801,9,2199,0
20230801,9,3310,0
20230801,9,3311,2
20230801,9,3802,2
20230801,10,2111,1
20230801,10,2112,0
20230801,10,2116,3
20230801,10,2122,0
20230801,10,2128,1
20230801,10,2129,9
20230801,10,2130,5
20230801,10,2139,2
20230801,10,2143,3
20230801,10,2148,4
20230801,10,2159,14
20230801,10,2171,1
20230801,10,2172,7
20230801,10,2178,3
20230801,10,2179,0
20230801,10,2185,0
20230801,10,2186,0
20230801,10,2191,4
20230801,10,2198,0
20230801,10,2199,0
20230801,10,3310,0
20230801,10,3311,3
20230801,10,3802,2
20230801,11,2111,0
20230801,11,2112,0
20230801,11,2116,3
20230801,11,2122,0
20230801,11,2128,1
20230801,11,2129,10
20230801,11,2130,6
20230801,11,2139,2
20230801,11,2143,3
20230801,11,2148,3
20230801,11,2159,18
20230801,11,2171,2
20230801,11,2172,6
20230801,11,2178,5
20230801,11,2179,0
20230801,11,2185,0
20230801,11,2186,0
20230801,11,2191,4
20230801,11,2198,0
20230801,11,2199,0
20230801,11,3310,0
20230801,11,3311,1
20230801,11,3802,1
20230801,12,2111,0
20230801,12,2112,1
20230801,12,2116,2
20230801,12,2122,0
20230801,12,2128,1
20230801,12,2129,10
20230801,12,2130,6
20230801,12,2139,2
20230801,12,2143,4
20230801,12,2148,0
20230801,12,2159,18
20230801,12,2171,1
20230801,12,2172,5
20230801,12,2178,5
20230801,12,2179,0
20230801,12,2185,1
20230801,12,2186,0
20230801,12,2191,4
20230801,12,2198,0
20230801,12,2199,0
20230801,12,3310,0
20230801,12,3311,0
20230801,12,3802,2
20230801,13,2111,0
20230801,13,2112,2
20230801,13,2116,2
20230801,13,2122,1
20230801,13,2128,0
20230801,13,2129,11
20230801,13,2130,6
20230801,13,2139,1
20230801,13,2143,5
20230801,13,2148,0
20230801,13,2159,17
20230801,13,2171,0
20230801,13,2172,4
20230801,13,2178,5
20230801,13,2179,1
20230801,13,2185,1
20230801,13,2186,0
20230801,13,2191,5
20230801,13,2198,0
20230801,13,2199,0
20230801,13,3310,0
20230801,13,3311,0
20230801,13,3802,1
20230801,14,2111,0
20230801,14,2112,0
20230801,14,2116,0
20230801,14,2122,0
20230801,14,2128,0
20230801,14,2129,10
20230801,14,2130,6
20230801,14,2139,1
20230801,14,2143,5
20230801,14,2148,1
20230801,14,2159,17
20230801,14,2171,0
20230801,14,2172,3
20230801,14,2178,5
20230801,14,2179,0
20230801,14,2185,3
20230801,14,2186,0
20230801,14,2191,5
20230801,14,2198,0
20230801,14,2199,0
20230801,14,3310,0
20230801,14,3311,3
20230801,14,3802,1
20230801,15,2111,0
20230801,15,2112,1
20230801,15,2116,1
20230801,15,2122,0
20230801,15,2128,0
20230801,15,2129,10
20230801,15,2130,6
20230801,15,2139,2
20230801,15,2143,5
20230801,15,2148,1
20230801,15,2159,18
20230801,15,2171,0
20230801,15,2172,1
20230801,15,2178,5
20230801,15,2179,0
20230801,15,2185,4
20230801,15,2186,0
20230801,15,2191,5
20230801,15,2198,1
20230801,15,2199,0
20230801,15,3310,0
20230801,15,3311,3
20230801,15,3802,0
20230801,16,2111,1
20230801,16,2112,1
20230801,16,2116,0
20230801,16,2122,0
20230801,16,2128,0
20230801,16,2129,5
20230801,16,2130,6
20230801,16,2139,2
20230801,16,2143,5
20230801,16,2148,1
20230801,16,2159,17
20230801,16,2171,1
20230801,16,2172,1
20230801,16,2178,4
20230801,16,2179,1
20230801,16,2185,2
20230801,16,2186,0
20230801,16,2191,5
20230801,16,2198,1
20230801,16,2199,0
20230801,16,3310,0
20230801,16,3311,3
20230801,16,3802,0
20230801,17,2111,1
20230801,17,2112,3
20230801,17,2116,0
20230801,17,2122,0
20230801,17,2128,0
20230801,17,2129,2
20230801,17,2130,6
20230801,17,2139,2
20230801,17,2143,4
20230801,17,2148,2
20230801,17,2159,18
20230801,17,2171,2
20230801,17,2172,0
20230801,17,2178,1
20230801,17,2179,1
20230801,17,2185,2
20230801,17,2186,1
20230801,17,2191,5
20230801,17,2198,0
20230801,17,2199,0
20230801,17,3310,0
20230801,17,3311,1
20230801,17,3802,0
20230801,18,2111,0
20230801,18,2112,0
20230801,18,2116,1
20230801,18,2122,0
20230801,18,2128,0
20230801,18,2129,0
20230801,18,2130,5
20230801,18,2139,3
20230801,18,2143,1
20230801,18,2148,0
20230801,18,2159,17
20230801,18,2171,1
20230801,18,2172,0
20230801,18,2178,1
20230801,18,2179,0
20230801,18,2185,3
20230801,18,2186,0
20230801,18,2191,5
20230801,18,2198,1
20230801,18,2199,1
20230801,18,3310,0
20230801,18,3311,0
20230801,18,3802,0
20230801,19,2111,0
20230801,19,2112,0
20230801,19,2116,1
20230801,19,2122,0
20230801,19,2128,0
20230801,19,2129,0
20230801,19,2130,2
20230801,19,2139,5
20230801,19,2143,1
20230801,19,2148,0
20230801,19,2159,17
20230801,19,2171,0
20230801,19,2172,0
20230801,19,2178,0
20230801,19,2179,2
20230801,19,2185,3
20230801,19,2186,0
20230801,19,2191,5
20230801,19,2198,0
20230801,19,2199,0
20230801,19,3310,0
20230801,19,3311,0
20230801,19,3802,1
20230801,20,2111,0
20230801,20,2112,0
20230801,20,2116,0
20230801,20,2122,0
20230801,20,2128,0
20230801,20,2129,0
20230801,20,2130,1
20230801,20,2139,5
20230801,20,2143,0
20230801,20,2148,0
20230801,20,2159,18
20230801,20,2171,0
20230801,20,2172,0
20230801,20,2178,0
20230801,20,2179,1
20230801,20,2185,4
20230801,20,2186,0
20230801,20,2191,10
20230801,20,2198,0
20230801,20,2199,0
20230801,20,3310,14
20230801,20,3311,0
20230801,20,3802,2
20230801,21,2111,0
20230801,21,2112,0
20230801,21,2116,0
20230801,21,2122,0
20230801,21,2128,0
20230801,21,2129,0
20230801,21,2130,1
20230801,21,2139,5
20230801,21,2143,0
20230801,21,2148,0
20230801,21,2159,19
20230801,21,2171,0
20230801,21,2172,14
20230801,21,2178,0
20230801,21,2179,0
20230801,21,2185,3
20230801,21,2186,0
20230801,21,2191,11
20230801,21,2198,0
20230801,21,2199,0
20230801,21,3310,14
20230801,21,3311,0
20230801,21,3802,0
20230801,22,2111,1
20230801,22,2112,0
20230801,22,2116,1
20230801,22,2122,0
20230801,22,2128,0
20230801,22,2129,0
20230801,22,2130,1
20230801,22,2139,2
20230801,22,2143,0
20230801,22,2148,0
20230801,22,2159,11
20230801,22,2171,0
20230801,22,2172,9
20230801,22,2178,0
20230801,22,2179,0
20230801,22,2185,5
20230801,22,2186,0
20230801,22,2191,12
20230801,22,2198,0
20230801,22,2199,0
20230801,22,3310,12
20230801,22,3311,1
20230801,22,3802,0
20230801,23,2111,0
20230801,23,2112,0
20230801,23,2116,0
20230801,23,2122,0
20230801,23,2128,0
20230801,23,2129,0
20230801,23,2130,0
20230801,23,2139,4
20230801,23,2143,3
20230801,23,2148,0
20230801,23,2159,8
20230801,23,2171,1
20230801,23,2172,8
20230801,23,2178,0
20230801,23,2179,1
20230801,23,2185,6
20230801,23,2186,1
20230801,23,2191,14
20230801,23,2198,1
20230801,23,2199,0
20230801,23,3310,12
20230801,23,3311,0
20230801,23,3802,0
20230802,0,2111,0
20230802,0,2112,0
20230802,0,2116,0
20230802,0,2122,1
20230802,0,2128,0
20230802,0,2129,2
20230802,0,2130,0
20230802,0,2139,4
20230802,0,2143,2
20230802,0,2148,2
20230802,0,2159,8
20230802,0,2171,0
20230802,0,2172,8
20230802,0,2178,0
20230802,0,2179,4
20230802,0,2185,6
20230802,0,2186,1
20230802,0,2191,12
20230802,0,2198,1
20230802,0,2199,0
20230802,0,3310,12
20230802,0,3311,0
20230802,0,3802,1
20230802,1,2111,0
20230802,1,2112,0
20230802,1,2116,0
20230802,1,2122,0
20230802,1,2128,0
20230802,1,2129,2
20230802,1,2130,0
20230802,1,2139,5
20230802,1,2143,3
20230802,1,2148,4
20230802,1,2159,6
20230802,1,2171,0
20230802,1,2172,7
20230802,1,2178,0
20230802,1,2179,0
20230802,1,2185,7
20230802,1,2186,0
20230802,1,2191,11
20230802,1,2198,0
20230802,1,2199,0
20230802,1,3310,12
20230802,1,3311,0
20230802,1,3802,1
20230802,2,2111,0
20230802,2,2112,0
20230802,2,2116,0
20230802,2,2122,0
20230802,2,2128,0
20230802,2,2129,1
20230802,2,2130,0
20230802,2,2139,4
20230802,2,2143,3
20230802,2,2148,1
20230802,2,2159,6
20230802,2,2171,0
20230802,2,2172,7
20230802,2,2178,0
20230802,2,2179,0
20230802,2,2185,13
20230802,2,2186,0
20230802,2,2191,12
20230802,2,2198,1
20230802,2,2199,0
20230802,2,3310,13
20230802,2,3311,0
20230802,2,3802,2
20230802,3,2111,0
20230802,3,2112,0
20230802,3,2116,0
20230802,3,2122,0
20230802,3,2128,0
20230802,3,2129,1
20230802,3,2130,0
20230802,3,2139,5
20230802,3,2143,5
20230802,3,2148,1
20230802,3,2159,6
20230802,3,2171,0
20230802,3,2172,7
20230802,3,2178,0
20230802,3,2179,0
20230802,3,2185,15
20230802,3,2186,0
20230802,3,2191,13
20230802,3,2198,2
20230802,3,2199,0
20230802,3,3310,13
20230802,3,3311,0
20230802,3,3802,2
20230802,4,2111,1
20230802,4,2112,0
20230802,4,2116,0
20230802,4,2122,0
20230802,4,2128,0
20230802,4,2129,1
20230802,4,2130,0
20230802,4,2139,5
20230802,4,2143,5
20230802,4,2148,0
20230802,4,2159,6
20230802,4,2171,0
20230802,4,2172,7
20230802,4,2178,0
20230802,4,2179,0
20230802,4,2185,14
20230802,4,2186,0
20230802,4,2191,14
20230802,4,2198,2
20230802,4,2199,0
20230802,4,3310,13
20230802,4,3311,0
20230802,4,3802,2
20230802,5,2111,1
20230802,5,2112,0
20230802,5,2116,0
20230802,5,2122,0
20230802,5,2128,0
20230802,5,2129,1
20230802,5,2130,0
20230802,5,2139,5
20230802,5,2143,5
20230802,5,2148,0
20230802,5,2159,6
20230802,5,2171,1
20230802,5,2172,7
20230802,5,2178,0
20230802,5,2179,0
20230802,5,2185,13
20230802,5,2186,0
20230802,5,2191,14
20230802,5,2198,3
20230802,5,2199,0
20230802,5,3310,13
20230802,5,3311,0
20230802,5,3802,2
20230802,6,2111,0
20230802,6,2112,0
20230802,6,2116,0
20230802,6,2122,0
20230802,6,2128,0
20230802,6,2129,0
20230802,6,2130,0
20230802,6,2139,4
20230802,6,2143,5
20230802,6,2148,0
20230802,6,2159,6
20230802,6,2171,0
20230802,6,2172,7
20230802,6,2178,0
20230802,6,2179,0
20230802,6,2185,13
20230802,6,2186,0
20230802,6,2191,16
20230802,6,2198,0
20230802,6,2199,0
20230802,6,3310,12
20230802,6,3311,0
20230802,6,3802,5
20230802,7,2111,0
20230802,7,2112,0
20230802,7,2116,0
20230802,7,2122,0
20230802,7,2128,0
20230802,7,2129,0
20230802,7,2130,0
20230802,7,2139,3
20230802,7,2143,6
20230802,7,2148,0
20230802,7,2159,5
20230802,7,2171,1
20230802,7,2172,7
20230802,7,2178,0
20230802,7,2179,0
20230802,7,2185,12
20230802,7,2186,0
20230802,7,2191,17
20230802,7,2198,0
20230802,7,2199,0
20230802,7,3310,8
20230802,7,3311,0
20230802,7,3802,4
20230802,8,2111,0
20230802,8,2112,0
20230802,8,2116,1
20230802,8,2122,0
20230802,8,2128,0
20230802,8,2129,0
20230802,8,2130,0
20230802,8,2139,3
20230802,8,2143,4
20230802,8,2148,3
20230802,8,2159,3
20230802,8,2171,0
20230802,8,2172,9
20230802,8,2178,0
20230802,8,2179,1
20230802,8,2185,10
20230802,8,2186,0
20230802,8,2191,14
20230802,8,2198,0
20230802,8,2199,0
20230802,8,3310,2
20230802,8,3311,3
20230802,8,3802,1
20230802,9,2111,2
20230802,9,2112,0
20230802,9,2116,2
20230802,9,2122,0
20230802,9,2128,4
20230802,9,2129,3
20230802,9,2130,0
20230802,9,2139,4
20230802,9,2143,5
20230802,9,2148,3
20230802,9,2159,1
20230802,9,2171,6
20230802,9,2172,9
20230802,9,2178,1
20230802,9,2179,5
20230802,9,2185,11
20230802,9,2186,0
20230802,9,2191,13
20230802,9,2198,0
20230802,9,2199,0
20230802,9,3310,1
20230802,9,3311,9
20230802,9,3802,0
20230802,10,2111,4
20230802,10,2112,0
20230802,10,2116,2
20230802,10,2122,0
20230802,10,2128,5
20230802,10,2129,3
20230802,10,2130,0
20230802,10,2139,4
20230802,10,2143,6
20230802,10,2148,4
20230802,10,2159,1
20230802,10,2171,6
20230802,10,2172,9
20230802,10,2178,1
20230802,10,2179,7
20230802,10,2185,10
20230802,10,2186,0
20230802,10,2191,13
20230802,10,2198,0
20230802,10,2199,0
20230802,10,3310,13
20230802,10,3311,10
20230802,10,3802,1
20230802,11,2111,4
20230802,11,2112,2
20230802,11,2116,1
20230802,11,2122,0
20230802,11,2128,5
20230802,11,2129,3
20230802,11,2130,9
20230802,11,2139,4
20230802,11,2143,5
20230802,11,2148,4
20230802,11,2159,1
20230802,11,2171,4
20230802,11,2172,9
20230802,11,2178,1
20230802,11,2179,6
20230802,11,2185,8
20230802,11,2186,0
20230802,11,2191,11
20230802,11,2198,0
20230802,11,2199,0
20230802,11,3310,13
20230802,11,3311,11
20230802,11,3802,3
20230802,12,2111,5
20230802,12,2112,4
20230802,12,2116,4
20230802,12,2122,0
20230802,12,2128,4
20230802,12,2129,3
20230802,12,2130,9
20230802,12,2139,4
20230802,12,2143,5
20230802,12,2148,3
20230802,12,2159,1
20230802,12,2171,5
20230802,12,2172,9
20230802,12,2178,1
20230802,12,2179,4
20230802,12,2185,8
20230802,12,2186,1
20230802,12,2191,9
20230802,12,2198,0
20230802,12,2199,0
20230802,12,3310,10
20230802,12,3311,12
20230802,12,3802,1
20230802,13,2111,7
20230802,13,2112,5
20230802,13,2116,4
20230802,13,2122,0
20230802,13,2128,4
20230802,13,2129,2
20230802,13,2130,10
20230802,13,2139,4
20230802,13,2143,6
20230802,13,2148,2
20230802,13,2159,1
20230802,13,2171,7
20230802,13,2172,9
20230802,13,2178,1
20230802,13,2179,2
20230802,13,2185,8
20230802,13,2186,1
20230802,13,2191,10
20230802,13,2198,1
20230802,13,2199,0
20230802,13,3310,8
20230802,13,3311,13
20230802,13,3802,0
20230802,14,2111,7
20230802,14,2112,8
20230802,14,2116,4
20230802,14,2122,0
20230802,14,2128,4
20230802,14,2129,1
20230802,14,2130,10
20230802,14,2139,3
20230802,14,2143,5
20230802,14,2148,2
20230802,14,2159,2
20230802,14,2171,5
20230802,14,2172,10
20230802,14,2178,1
20230802,14,2179,2
20230802,14,2185,8
20230802,14,2186,1
20230802,14,2191,9
20230802,14,2198,1
20230802,14,2199,0
20230802,14,3310,7
20230802,14,3311,13
20230802,14,3802,0
20230802,15,2111,6
20230802,15,2112,8
20230802,15,2116,3
20230802,15,2122,2
20230802,15,2128,7
20230802,15,2129,0
20230802,15,2130,9
20230802,15,2139,3
20230802,15,2143,4
20230802,15,2148,2
20230802,15,2159,2
20230802,15,2171,6
20230802,15,2172,7
20230802,15,2178,3
20230802,15,2179,3
20230802,15,2185,9
20230802,15,2186,1
20230802,15,2191,7
20230802,15,2198,1
20230802,15,2199,0
20230802,15,3310,5
20230802,15,3311,15
20230802,15,3802,0
20230802,16,2111,3
20230802,16,2112,9
20230802,16,2116,1
20230802,16,2122,0
20230802,16,2128,5
20230802,16,2129,0
20230802,16,2130,8
20230802,16,2139,2
20230802,16,2143,4
20230802,16,2148,0
20230802,16,2159,0
20230802,16,2171,2
20230802,16,2172,7
20230802,16,2178,4
20230802,16,2179,3
20230802,16,2185,8
20230802,16,2186,0
20230802,16,2191,8
20230802,16,2198,1
20230802,16,2199,0
20230802,16,3310,4
20230802,16,3311,15
20230802,16,3802,0
20230802,17,2111,3
20230802,17,2112,12
20230802,17,2116,1
20230802,17,2122,0
20230802,17,2128,1
20230802,17,2129,0
20230802,17,2130,6
20230802,17,2139,2
20230802,17,2143,3
20230802,17,2148,0
20230802,17,2159,0
20230802,17,2171,3
20230802,17,2172,4
20230802,17,2178,0
20230802,17,2179,2
20230802,17,2185,8
20230802,17,2186,0
20230802,17,2191,8
20230802,17,2198,2
20230802,17,2199,0
20230802,17,3310,3
20230802,17,3311,12
20230802,17,3802,1
20230802,18,2111,3
20230802,18,2112,10
20230802,18,2116,1
20230802,18,2122,0
20230802,18,2128,1
20230802,18,2129,0
20230802,18,2130,3
20230802,18,2139,4
20230802,18,2143,2
20230802,18,2148,1
20230802,18,2159,0
20230802,18,2171,0
20230802,18,2172,2
20230802,18,2178,0
20230802,18,2179,2
20230802,18,2185,7
20230802,18,2186,0
20230802,18,2191,11
20230802,18,2198,4
20230802,18,2199,0
20230802,18,3310,3
20230802,18,3311,11
20230802,18,3802,2
20230802,19,2111,2
20230802,19,2112,12
20230802,19,2116,3
20230802,19,2122,0
20230802,19,2128,1
20230802,19,2129,0
20230802,19,2130,3
20230802,19,2139,5
20230802,19,2143,2
20230802,19,2148,2
20230802,19,2159,1
20230802,19,2171,1
20230802,19,2172,1
20230802,19,2178,0
20230802,19,2179,2
20230802,19,2185,5
20230802,19,2186,0
20230802,19,2191,9
20230802,19,2198,0
20230802,19,2199,0
20230802,19,3310,4
20230802,19,3311,11
20230802,19,3802,3
20230802,20,2111,3
20230802,20,2112,11
20230802,20,2116,1
20230802,20,2122,0
20230802,20,2128,2
20230802,20,2129,0
20230802,20,2130,2
20230802,20,2139,0
20230802,20,2143,1
20230802,20,2148,0
20230802,20,2159,0
20230802,20,2171,0
20230802,20,2172,0
20230802,20,2178,0
20230802,20,2179,0
20230802,20,2185,6
20230802,20,2186,0
20230802,20,2191,11
20230802,20,2198,0
20230802,20,2199,0
20230802,20,3310,2
20230802,20,3311,3
20230802,20,3802,1
20230802,21,2111,1
20230802,21,2112,6
20230802,21,2116,3
20230802,21,2122,0
20230802,21,2128,1
20230802,21,2129,0
20230802,21,2130,2
20230802,21,2139,0
20230802,21,2143,0
20230802,21,2148,0
20230802,21,2159,0
20230802,21,2171,1
20230802,21,2172,0
20230802,21,2178,0
20230802,21,2179,2
20230802,21,2185,0
20230802,21,2186,0
20230802,21,2191,10
20230802,21,2198,0
20230802,21,2199,0
20230802,21,3310,2
20230802,21,3311,1
20230802,21,3802,0
20230802,22,2111,1
20230802,22,2112,5
20230802,22,2116,1
20230802,22,2122,1
20230802,22,2128,1
20230802,22,2129,0
20230802,22,2130,2
20230802,22,2139,0
20230802,22,2143,0
20230802,22,2148,0
20230802,22,2159,0
20230802,22,2171,0
20230802,22,2172,0
20230802,22,2178,0
20230802,22,2179,0
20230802,22,2185,0
20230802,22,2186,0
20230802,22,2191,7
20230802,22,2198,0
20230802,22,2199,1
20230802,22,3310,3
20230802,22,3311,0
20230802,22,3802,0
20230802,23,2111,0
20230802,23,2112,1
20230802,23,2116,0
20230802,23,2122,1
20230802,23,2128,1
20230802,23,2129,0
20230802,23,2130,2
20230802,23,2139,0
20230802,23,2143,0
20230802,23,2148,2
20230802,23,2159,1
20230802,23,2171,1
20230802,23,2172,0
20230802,23,2178,0
20230802,23,2179,0
20230802,23,2185,0
20230802,23,2186,0
20230802,23,2191,0
20230802,23,2198,0
20230802,23,2199,0
20230802,23,3310,2
20230802,23,3311,0
20230802,23,3802,1
20230803,0,2111,0
20230803,0,2112,0
20230803,0,2116,0
20230803,0,2122,1
20230803,0,2128,1
20230803,0,2129,0
20230803,0,2130,2
20230803,0,2139,0
20230803,0,2143,0
20230803,0,2148,3
20230803,0,2159,2
20230803,0,2171,0
20230803,0,2172,0
20230803,0,2178,0
20230803,0,2179,6
20230803,0,2185,1
20230803,0,2186,2
20230803,0,2191,0
20230803,0,2198,1
20230803,0,2199,0
20230803,0,3310,3
20230803,0,3311,0
20230803,0,3802,1
20230803,1,2111,0
20230803,1,2112,0
20230803,1,2116,0
20230803,1,2122,1
20230803,1,2128,0
20230803,1,2129,0
20230803,1,2130,2
20230803,1,2139,2
20230803,1,2143,0
20230803,1,2148,4
20230803,1,2159,2
20230803,1,2171,0
20230803,1,2172,0
20230803,1,2178,0
20230803,1,2179,4
20230803,1,2185,2
20230803,1,2186,4
20230803,1,2191,0
20230803,1,2198,0
20230803,1,2199,0
20230803,1,3310,3
20230803,1,3311,0
20230803,1,3802,1
20230803,2,2111,1
20230803,2,2112,2
20230803,2,2116,0
20230803,2,2122,1
20230803,2,2128,0
20230803,2,2129,0
20230803,2,2130,2
20230803,2,2139,4
20230803,2,2143,0
20230803,2,2148,5
20230803,2,2159,2
20230803,2,2171,0
20230803,2,2172,1
20230803,2,2178,0
20230803,2,2179,4
20230803,2,2185,2
20230803,2,2186,5
20230803,2,2191,3
20230803,2,2198,0
20230803,2,2199,0
20230803,2,3310,4
20230803,2,3311,0
20230803,2,3802,1
20230803,3,2111,1
20230803,3,2112,1
20230803,3,2116,0
20230803,3,2122,0
20230803,3,2128,0
20230803,3,2129,0
20230803,3,2130,2
20230803,3,2139,5
20230803,3,2143,0
20230803,3,2148,6
20230803,3,2159,2
20230803,3,2171,0
20230803,3,2172,0
20230803,3,2178,0
20230803,3,2179,3
20230803,3,2185,4
20230803,3,2186,4
20230803,3,2191,6
20230803,3,2198,0
20230803,3,2199,0
20230803,3,3310,4
20230803,3,3311,0
20230803,3,3802,1
20230803,4,2111,0
20230803,4,2112,0
20230803,4,2116,0
20230803,4,2122,0
20230803,4,2128,0
20230803,4,2129,0
20230803,4,2130,4
20230803,4,2139,5
20230803,4,2143,0
20230803,4,2148,5
20230803,4,2159,1
20230803,4,2171,0
20230803,4,2172,0
20230803,4,2178,0
20230803,4,2179,4
20230803,4,2185,4
20230803,4,2186,4
20230803,4,2191,7
20230803,4,2198,1
20230803,4,2199,0
20230803,4,3310,6
20230803,4,3311,0
20230803,4,3802,1
20230803,5,2111,0
20230803,5,2112,0
20230803,5,2116,0
20230803,5,2122,0
20230803,5,2128,1
20230803,5,2129,1
20230803,5,2130,4
20230803,5,2139,5
20230803,5,2143,0
20230803,5,2148,6
20230803,5,2159,1
20230803,5,2171,1
20230803,5,2172,0
20230803,5,2178,0
20230803,5,2179,4
20230803,5,2185,5
20230803,5,2186,3
20230803,5,2191,8
20230803,5,2198,1
20230803,5,2199,0
20230803,5,3310,5
20230803,5,3311,0
20230803,5,3802,1
20230803,6,2111,0
20230803,6,2112,0
20230803,6,2116,0
20230803,6,2122,0
20230803,6,2128,0
20230803,6,2129,1
20230803,6,2130,4
20230803,6,2139,4
20230803,6,2143,0
20230803,6,2148,6
20230803,6,2159,3
20230803,6,2171,1
20230803,6,2172,0
20230803,6,2178,0
20230803,6,2179,3
20230803,6,2185,5
20230803,6,2186,2
20230803,6,2191,10
20230803,6,2198,0
20230803,6,2199,0
20230803,6,3310,4
20230803,6,3311,0
20230803,6,3802,5
20230803,7,2111,0
20230803,7,2112,0
20230803,7,2116,0
20230803,7,2122,0
20230803,7,2128,0
20230803,7,2129,0
20230803,7,2130,5
20230803,7,2139,1
20230803,7,2143,0
20230803,7,2148,7
20230803,7,2159,2
20230803,7,2171,0
20230803,7,2172,0
20230803,7,2178,0
20230803,7,2179,3
20230803,7,2185,3
20230803,7,2186,0
20230803,7,2191,10
20230803,7,2198,0
20230803,7,2199,0
20230803,7,3310,0
20230803,7,3311,0
20230803,7,3802,0
20230803,8,2111,3
20230803,8,2112,0
20230803,8,2116,0
20230803,8,2122,0
20230803,8,2128,0
20230803,8,2129,0
20230803,8,2130,5
20230803,8,2139,0
20230803,8,2143,0
20230803,8,2148,3
20230803,8,2159,0
20230803,8,2171,0
20230803,8,2172,0
20230803,8,2178,1
20230803,8,2179,4
20230803,8,2185,1
20230803,8,2186,0
20230803,8,2191,11
20230803,8,2198,0
20230803,8,2199,0
20230803,8,3310,0
20230803,8,3311,4
20230803,8,3802,0
20230803,9,2111,2
20230803,9,2112,1
20230803,9,2116,0
20230803,9,2122,1
20230803,9,2128,0
20230803,9,2129,4
20230803,9,2130,2
20230803,9,2139,0
20230803,9,2143,1
20230803,9,2148,2
20230803,9,2159,0
20230803,9,2171,0
20230803,9,2172,2
20230803,9,2178,0
20230803,9,2179,6
20230803,9,2185,2
20230803,9,2186,0
20230803,9,2191,9
20230803,9,2198,0
20230803,9,2199,0
20230803,9,3310,0
20230803,9,3311,10
20230803,9,3802,0
20230803,10,2111,1
20230803,10,2112,0
20230803,10,2116,0
20230803,10,2122,3
20230803,10,2128,0
20230803,10,2129,5
20230803,10,2130,2
20230803,10,2139,0
20230803,10,2143,1
20230803,10,2148,4
20230803,10,2159,0
20230803,10,2171,0
20230803,10,2172,3
20230803,10,2178,0
20230803,10,2179,6
20230803,10,2185,1
20230803,10,2186,0
20230803,10,2191,9
20230803,10,2198,0
20230803,10,2199,0
20230803,10,3310,12
20230803,10,3311,16
20230803,10,3802,1
20230803,11,2111,2
20230803,11,2112,0
20230803,11,2116,0
20230803,11,2122,3
20230803,11,2128,0
20230803,11,2129,6
20230803,11,2130,2
20230803,11,2139,0
20230803,11,2143,1
20230803,11,2148,2
20230803,11,2159,14
20230803,11,2171,0
20230803,11,2172,4
20230803,11,2178,0
20230803,11,2179,5
20230803,11,2185,0
20230803,11,2186,0
20230803,11,2191,8
20230803,11,2198,0
20230803,11,2199,0
20230803,11,3310,12
20230803,11,3311,15
20230803,11,3802,0
20230803,12,2111,4
20230803,12,2112,0
20230803,12,2116,0
20230803,12,2122,2
20230803,12,2128,0
20230803,12,2129,4
20230803,12,2130,2
20230803,12,2139,0
20230803,12,2143,1
20230803,12,2148,2
20230803,12,2159,13
20230803,12,2171,0
20230803,12,2172,2
20230803,12,2178,0
20230803,12,2179,5
20230803,12,2185,0
20230803,12,2186,0
20230803,12,2191,7
20230803,12,2198,1
20230803,12,2199,0
20230803,12,3310,12
20230803,12,3311,17
20230803,12,3802,0
20230803,13,2111,5
20230803,13,2112,4
20230803,13,2116,1
20230803,13,2122,2
20230803,13,2128,0
20230803,13,2129,4
20230803,13,2130,2
20230803,13,2139,1
20230803,13,2143,0
20230803,13,2148,0
20230803,13,2159,13
20230803,13,2171,1
20230803,13,2172,2
20230803,13,2178,0
20230803,13,2179,5
20230803,13,2185,0
20230803,13,2186,1
20230803,13,2191,7
20230803,13,2198,2
20230803,13,2199,0
20230803,13,3310,11
20230803,13,3311,16
20230803,13,3802,0
20230803,14,2111,5
20230803,14,2112,4
20230803,14,2116,2
20230803,14,2122,1
20230803,14,2128,0
20230803,14,2129,4
20230803,14,2130,2
20230803,14,2139,1
20230803,14,2143,0
20230803,14,2148,1
20230803,14,2159,13
20230803,14,2171,2
20230803,14,2172,1
20230803,14,2178,0
20230803,14,2179,2
20230803,14,2185,0
20230803,14,2186,0
20230803,14,2191,7
20230803,14,2198,0
20230803,14,2199,0
20230803,14,3310,10
20230803,14,3311,15
20230803,14,3802,0
20230803,15,2111,5
20230803,15,2112,3
20230803,15,2116,2
20230803,15,2122,4
20230803,15,2128,3
20230803,15,2129,3
20230803,15,2130,2
20230803,15,2139,2
20230803,15,2143,1
20230803,15,2148,1
20230803,15,2159,15
20230803,15,2171,0
20230803,15,2172,1
20230803,15,2178,0
20230803,15,2179,3
20230803,15,2185,0
20230803,15,2186,0
20230803,15,2191,5
20230803,15,2198,0
20230803,15,2199,0
20230803,15,3310,9
20230803,15,3311,18
20230803,15,3802,0
20230803,16,2111,1
20230803,16,2112,4
20230803,16,2116,1
20230803,16,2122,4
20230803,16,2128,2
20230803,16,2129,3
20230803,16,2130,2
20230803,16,2139,2
20230803,16,2143,0
20230803,16,2148,1
20230803,16,2159,13
20230803,16,2171,1
20230803,16,2172,1
20230803,16,2178,0
20230803,16,2179,4
20230803,16,2185,1
20230803,16,2186,1
20230803,16,2191,6
20230803,16,2198,0
20230803,16,2199,0
20230803,16,3310,5
20230803,16,3311,15
20230803,16,3802,0
20230803,17,2111,0
20230803,17,2112,5
20230803,17,2116,1
20230803,17,2122,4
20230803,17,2128,3
20230803,17,2129,2
20230803,17,2130,2
20230803,17,2139,0
20230803,17,2143,0
20230803,17,2148,5
20230803,17,2159,12
20230803,17,2171,5
20230803,17,2172,0
20230803,17,2178,0
20230803,17,2179,5
20230803,17,2185,0
20230803,17,2186,5
20230803,17,2191,7
20230803,17,2198,2
20230803,17,2199,0
20230803,17,3310,5
20230803,17,3311,14
20230803,17,3802,0
20230803,18,2111,3
20230803,18,2112,1
20230803,18,2116,1
20230803,18,2122,3
20230803,18,2128,0
20230803,18,2129,0
20230803,18,2130,1
20230803,18,2139,1
20230803,18,2143,0
20230803,18,2148,1
20230803,18,2159,11
20230803,18,2171,2
20230803,18,2172,0
20230803,18,2178,0
20230803,18,2179,6
20230803,18,2185,0
20230803,18,2186,4
20230803,18,2191,4
20230803,18,2198,2
20230803,18,2199,1
20230803,18,3310,4
20230803,18,3311,8
20230803,18,3802,2
20230803,19,2111,1
20230803,19,2112,1
20230803,19,2116,1
20230803,19,2122,3
20230803,19,2128,0
20230803,19,2129,0
20230803,19,2130,1
20230803,19,2139,3
20230803,19,2143,0
20230803,19,2148,2
20230803,19,2159,11
20230803,19,2171,1
20230803,19,2172,0
20230803,19,2178,1
20230803,19,2179,3
20230803,19,2185,0
20230803,19,2186,0
20230803,19,2191,2
20230803,19,2198,1
20230803,19,2199,1
20230803,19,3310,1
20230803,19,3311,0
20230803,19,3802,6
20230803,20,2111,1
20230803,20,2112,0
20230803,20,2116,0
20230803,20,2122,2
20230803,20,2128,0
20230803,20,2129,0
20230803,20,2130,1
20230803,20,2139,4
20230803,20,2143,2
20230803,20,2148,1
20230803,20,2159,9
20230803,20,2171,1
20230803,20,2172,1
20230803,20,2178,0
20230803,20,2179,2
20230803,20,2185,3
20230803,20,2186,1
20230803,20,2191,0
20230803,20,2198,2
20230803,20,2199,1
20230803,20,3310,0
20230803,20,3311,0
20230803,20,3802,4
20230803,21,2111,1
20230803,21,2112,0
20230803,21,2116,0
20230803,21,2122,1
20230803,21,2128,0
20230803,21,2129,0
20230803,21,2130,1
20230803,21,2139,4
20230803,21,2143,2
20230803,21,2148,6
20230803,21,2159,10
20230803,21,2171,0
20230803,21,2172,0
20230803,21,2178,0
20230803,21,2179,2
20230803,21,2185,2
20230803,21,2186,3
20230803,21,2191,0
20230803,21,2198,2
20230803,21,2199,1
20230803,21,3310,0
20230803,21,3311,0
20230803,21,3802,0
20230803,22,2111,0
20230803,22,2112,0
20230803,22,2116,0
20230803,22,2122,1
20230803,22,2128,0
20230803,22,2129,0
20230803,22,2130,1
20230803,22,2139,2
20230803,22,2143,0
20230803,22,2148,1
20230803,22,2159,9
20230803,22,2171,0
20230803,22,2172,0
20230803,22,2178,0
20230803,22,2179,5
20230803,22,2185,3
20230803,22,2186,6
20230803,22,2191,1
20230803,22,2198,1
20230803,22,2199,2
20230803,22,3310,0
20230803,22,3311,0
20230803,22,3802,0
20230803,23,2111,0
20230803,23,2112,0
20230803,23,2116,0
20230803,23,2122,2
20230803,23,2128,0
20230803,23,2129,0
20230803,23,2130,1
20230803,23,2139,3
20230803,23,2143,0
20230803,23,2148,2
20230803,23,2159,9
20230803,23,2171,0
20230803,23,2172,0
20230803,23,2178,0
20230803,23,2179,6
20230803,23,2185,1
20230803,23,2186,6
20230803,23,2191,2
20230803,23,2198,2
20230803,23,2199,1
20230803,23,3310,0
20230803,23,3311,0
20230803,23,3802,0
20230804,0,2111,0
20230804,0,2112,0
20230804,0,2116,0
20230804,0,2122,3
20230804,0,2128,0
20230804,0,2129,0
20230804,0,2130,1
20230804,0,2139,3
20230804,0,2143,2
20230804,0,2148,1
20230804,0,2159,8
20230804,0,2171,0
20230804,0,2172,0
20230804,0,2178,0
20230804,0,2179,5
20230804,0,2185,1
20230804,0,2186,5
20230804,0,2191,0
20230804,0,2198,0
20230804,0,2199,0
20230804,0,3310,0
20230804,0,3311,0
20230804,0,3802,0
20230804,1,2111,0
20230804,1,2112,0
20230804,1,2116,0
20230804,1,2122,4
20230804,1,2128,0
20230804,1,2129,0
20230804,1,2130,1
20230804,1,2139,6
20230804,1,2143,2
20230804,1,2148,1
20230804,1,2159,7
20230804,1,2171,0
20230804,1,2172,0
20230804,1,2178,0
20230804,1,2179,1
20230804,1,2185,3
20230804,1,2186,4
20230804,1,2191,0
20230804,1,2198,0
20230804,1,2199,0
20230804,1,3310,0
20230804,1,3311,0
20230804,1,3802,0
20230804,2,2111,0
20230804,2,2112,0
20230804,2,2116,0
20230804,2,2122,5
20230804,2,2128,0
20230804,2,2129,0
20230804,2,2130,1
20230804,2,2139,5
20230804,2,2143,2
20230804,2,2148,1
20230804,2,2159,8
20230804,2,2171,0
20230804,2,2172,1
20230804,2,2178,0
20230804,2,2179,0
20230804,2,2185,2
20230804,2,2186,3
20230804,2,2191,0
20230804,2,2198,0
20230804,2,2199,0
20230804,2,3310,0
20230804,2,3311,0
20230804,2,3802,0
20230804,3,2111,0
20230804,3,2112,0
20230804,3,2116,0
20230804,3,2122,6
20230804,3,2128,0
20230804,3,2129,0
20230804,3,2130,1
20230804,3,2139,5
20230804,3,2143,3
20230804,3,2148,2
20230804,3,2159,8
20230804,3,2171,0
20230804,3,2172,1
20230804,3,2178,0
20230804,3,2179,0
20230804,3,2185,2
20230804,3,2186,2
20230804,3,2191,2
20230804,3,2198,1
20230804,3,2199,0
20230804,3,3310,0
20230804,3,3311,0
20230804,3,3802,0
20230804,4,2111,0
20230804,4,2112,0
20230804,4,2116,1
20230804,4,2122,6
20230804,4,2128,0
20230804,4,2129,0
20230804,4,2130,1
20230804,4,2139,5
20230804,4,2143,3
20230804,4,2148,4
20230804,4,2159,8
20230804,4,2171,0
20230804,4,2172,1
20230804,4,2178,0
20230804,4,2179,0
20230804,4,2185,4
20230804,4,2186,2
20230804,4,2191,3
20230804,4,2198,1
20230804,4,2199,0
20230804,4,3310,0
20230804,4,3311,0
20230804,4,3802,0
20230804,5,2111,0
20230804,5,2112,0
20230804,5,2116,1
20230804,5,2122,5
20230804,5,2128,0
20230804,5,2129,0
20230804,5,2130,1
20230804,5,2139,6
20230804,5,2143,3
20230804,5,2148,4
20230804,5,2159,8
20230804,5,2171,0
20230804,5,2172,1
20230804,5,2178,0
20230804,5,2179,0
20230804,5,2185,4
20230804,5,2186,2
20230804,5,2191,3
20230804,5,2198,3
20230804,5,2199,0
20230804,5,3310,0
20230804,5,3311,0
20230804,5,3802,0
20230804,6,2111,0
20230804,6,2112,0
20230804,6,2116,1
20230804,6,2122,1
20230804,6,2128,0
20230804,6,2129,0
20230804,6,2130,1
20230804,6,2139,5
20230804,6,2143,3
20230804,6,2148,3
20230804,6,2159,8
20230804,6,2171,2
20230804,6,2172,2
20230804,6,2178,0
20230804,6,2179,0
20230804,6,2185,5
20230804,6,2186,1
20230804,6,2191,2
20230804,6,2198,0
20230804,6,2199,0
20230804,6,3310,0
20230804,6,3311,0
20230804,6,3802,4
20230804,7,2111,0
20230804,7,2112,0
20230804,7,2116,1
20230804,7,2122,1
20230804,7,2128,0
20230804,7,2129,0
20230804,7,2130,1
20230804,7,2139,1
20230804,7,2143,3
20230804,7,2148,3
20230804,7,2159,8
20230804,7,2171,2
20230804,7,2172,2
20230804,7,2178,0
20230804,7,2179,0
20230804,7,2185,3
20230804,7,2186,0
20230804,7,2191,3
20230804,7,2198,0
20230804,7,2199,0
20230804,7,3310,0
20230804,7,3311,1
20230804,7,3802,4
20230804,8,2111,0
20230804,8,2112,2
20230804,8,2116,0
20230804,8,2122,1
20230804,8,2128,1
20230804,8,2129,0
20230804,8,2130,1
20230804,8,2139,1
20230804,8,2143,0
20230804,8,2148,4
20230804,8,2159,2
20230804,8,2171,2
20230804,8,2172,3
20230804,8,2178,1
20230804,8,2179,0
20230804,8,2185,0
20230804,8,2186,0
20230804,8,2191,3
20230804,8,2198,0
20230804,8,2199,0
20230804,8,3310,0
20230804,8,3311,5
20230804,8,3802,0
20230804,9,2111,1
20230804,9,2112,4
20230804,9,2116,3
20230804,9,2122,0
20230804,9,2128,4
20230804,9,2129,3
20230804,9,2130,1
20230804,9,2139,1
20230804,9,2143,1
20230804,9,2148,1
20230804,9,2159,2
20230804,9,2171,7
20230804,9,2172,5
20230804,9,2178,0
20230804,9,2179,0
20230804,9,2185,2
20230804,9,2186,0
20230804,9,2191,2
20230804,9,2198,1
20230804,9,2199,0
20230804,9,3310,11
20230804,9,3311,7
20230804,9,3802,0
20230804,10,2111,1
20230804,10,2112,3
20230804,10,2116,3
20230804,10,2122,0
20230804,10,2128,4
20230804,10,2129,4
20230804,10,2130,1
20230804,10,2139,4
20230804,10,2143,0
20230804,10,2148,2
20230804,10,2159,2
20230804,10,2171,7
20230804,10,2172,5
20230804,10,2178,13
20230804,10,2179,0
20230804,10,2185,4
20230804,10,2186,1
20230804,10,2191,3
20230804,10,2198,0
20230804,10,2199,0
20230804,10,3310,10
20230804,10,3311,7
20230804,10,3802,1
20230804,11,2111,0
20230804,11,2112,3
20230804,11,2116,4
20230804,11,2122,0
20230804,11,2128,4
20230804,11,2129,4
20230804,11,2130,1
20230804,11,2139,3
20230804,11,2143,0
20230804,11,2148,1
20230804,11,2159,4
20230804,11,2171,5
20230804,11,2172,6
20230804,11,2178,11
20230804,11,2179,1
20230804,11,2185,2
20230804,11,2186,0
20230804,11,2191,3
20230804,11,2198,0
20230804,11,2199,0
20230804,11,3310,10
20230804,11,3311,11
20230804,11,3802,1
20230804,12,2111,0
20230804,12,2112,3
20230804,12,2116,5
20230804,12,2122,0
20230804,12,2128,1
20230804,12,2129,3
20230804,12,2130,1
20230804,12,2139,3
20230804,12,2143,1
20230804,12,2148,0
20230804,12,2159,15
20230804,12,2171,5
20230804,12,2172,6
20230804,12,2178,9
20230804,12,2179,0
20230804,12,2185,3
20230804,12,2186,0
20230804,12,2191,1
20230804,12,2198,0
20230804,12,2199,0
20230804,12,3310,9
20230804,12,3311,8
20230804,12,3802,1
20230804,13,2111,1
20230804,13,2112,5
20230804,13,2116,5
20230804,13,2122,0
20230804,13,2128,1
20230804,13,2129,4
20230804,13,2130,1
20230804,13,2139,3
20230804,13,2143,1
20230804,13,2148,0
20230804,13,2159,15
20230804,13,2171,5
20230804,13,2172,7
20230804,13,2178,9
20230804,13,2179,0
20230804,13,2185,3
20230804,13,2186,0
20230804,13,2191,1
20230804,13,2198,0
20230804,13,2199,0
20230804,13,3310,7
20230804,13,3311,10
20230804,13,3802,1
20230804,14,2111,0
20230804,14,2112,5
20230804,14,2116,5
20230804,14,2122,0
20230804,14,2128,1
20230804,14,2129,3
20230804,14,2130,1
20230804,14,2139,4
20230804,14,2143,1
20230804,14,2148,0
20230804,14,2159,15
20230804,14,2171,5
20230804,14,2172,7
20230804,14,2178,10
20230804,14,2179,0
20230804,14,2185,3
20230804,14,2186,0
20230804,14,2191,1
20230804,14,2198,0
20230804,14,2199,0
20230804,14,3310,6
20230804,14,3311,12
20230804,14,3802,1
20230804,15,2111,1
20230804,15,2112,5
20230804,15,2116,5
20230804,15,2122,0
20230804,15,2128,1
20230804,15,2129,3
20230804,15,2130,1
20230804,15,2139,3
20230804,15,2143,1
20230804,15,2148,0
20230804,15,2159,15
20230804,15,2171,6
20230804,15,2172,4
20230804,15,2178,11
20230804,15,2179,3
20230804,15,2185,5
20230804,15,2186,0
20230804,15,2191,1
20230804,15,2198,0
20230804,15,2199,0
20230804,15,3310,4
20230804,15,3311,14
20230804,15,3802,2
20230804,16,2111,2
20230804,16,2112,7
20230804,16,2116,5
20230804,16,2122,0
20230804,16,2128,0
20230804,16,2129,3
20230804,16,2130,1
20230804,16,2139,3
20230804,16,2143,0
20230804,16,2148,0
20230804,16,2159,15
20230804,16,2171,6
20230804,16,2172,5
20230804,16,2178,12
20230804,16,2179,4
20230804,16,2185,4
20230804,16,2186,0
20230804,16,2191,2
20230804,16,2198,0
20230804,16,2199,0
20230804,16,3310,4
20230804,16,3311,13
20230804,16,3802,1
20230804,17,2111,0
20230804,17,2112,7
20230804,17,2116,5
20230804,17,2122,0
20230804,17,2128,0
20230804,17,2129,3
20230804,17,2130,1
20230804,17,2139,2
20230804,17,2143,0
20230804,17,2148,0
20230804,17,2159,14
20230804,17,2171,6
20230804,17,2172,3
20230804,17,2178,8
20230804,17,2179,5
20230804,17,2185,3
20230804,17,2186,0
20230804,17,2191,3
20230804,17,2198,0
20230804,17,2199,0
20230804,17,3310,1
20230804,17,3311,12
20230804,17,3802,0
20230804,18,2111,0
20230804,18,2112,6
20230804,18,2116,5
20230804,18,2122,0
20230804,18,2128,0
20230804,18,2129,0
20230804,18,2130,1
20230804,18,2139,2
20230804,18,2143,0
20230804,18,2148,0
20230804,18,2159,13
20230804,18,2171,8
20230804,18,2172,0
20230804,18,2178,0
20230804,18,2179,5
20230804,18,2185,1
20230804,18,2186,0
20230804,18,2191,4
20230804,18,2198,2
20230804,18,2199,0
20230804,18,3310,0
20230804,18,3311,3
20230804,18,3802,2
20230804,19,2111,0
20230804,19,2112,4
20230804,19,2116,6
20230804,19,2122,0
20230804,19,2128,0
20230804,19,2129,0
20230804,19,2130,1
20230804,19,2139,3
20230804,19,2143,0
20230804,19,2148,0
20230804,19,2159,14
20230804,19,2171,13
20230804,19,2172,0
20230804,19,2178,0
20230804,19,2179,4
20230804,19,2185,2
20230804,19,2186,1
20230804,19,2191,5
20230804,19,2198,0
20230804,19,2199,0
20230804,19,3310,0
20230804,19,3311,0
20230804,19,3802,2
20230804,20,2111,0
20230804,20,2112,5
20230804,20,2116,4
20230804,20,2122,0
20230804,20,2128,0
20230804,20,2129,0
20230804,20,2130,1
20230804,20,2139,2
20230804,20,2143,0
20230804,20,2148,1
20230804,20,2159,13
20230804,20,2171,9
20230804,20,2172,0
20230804,20,2178,0
20230804,20,2179,2
20230804,20,2185,6
20230804,20,2186,2
20230804,20,2191,6
20230804,20,2198,0
20230804,20,2199,0
20230804,20,3310,0
20230804,20,3311,2
20230804,20,3802,0
20230804,21,2111,0
20230804,21,2112,2
20230804,21,2116,1
20230804,21,2122,1
20230804,21,2128,1
20230804,21,2129,0
20230804,21,2130,1
20230804,21,2139,4
20230804,21,2143,0
20230804,21,2148,1
20230804,21,2159,11
20230804,21,2171,1
20230804,21,2172,0
20230804,21,2178,1
20230804,21,2179,1
20230804,21,2185,4
20230804,21,2186,2
20230804,21,2191,7
20230804,21,2198,0
20230804,21,2199,0
20230804,21,3310,0
20230804,21,3311,0
20230804,21,3802,0
20230804,22,2111,0
20230804,22,2112,0
20230804,22,2116,0
20230804,22,2122,1
20230804,22,2128,0
20230804,22,2129,0
20230804,22,2130,1
20230804,22,2139,3
20230804,22,2143,0
20230804,22,2148,0
20230804,22,2159,14
20230804,22,2171,0
20230804,22,2172,1
20230804,22,2178,2
20230804,22,2179,2
20230804,22,2185,2
20230804,22,2186,2
20230804,22,2191,8
20230804,22,2198,0
20230804,22,2199,0
20230804,22,3310,0
20230804,22,3311,0
20230804,22,3802,0
20230804,23,2111,0
20230804,23,2112,0
20230804,23,2116,0
20230804,23,2122,0
20230804,23,2128,0
20230804,23,2129,0
20230804,23,2130,1
20230804,23,2139,2
20230804,23,2143,0
20230804,23,2148,1
20230804,23,2159,14
20230804,23,2171,0
20230804,23,2172,1
20230804,23,2178,0
20230804,23,2179,1
20230804,23,2185,1
20230804,23,2186,5
20230804,23,2191,11
20230804,23,2198,0
20230804,23,2199,0
20230804,23,3310,0
20230804,23,3311,0
20230804,23,3802,0
20230805,0,2111,0
20230805,0,2112,0
20230805,0,2116,0
20230805,0,2122,2
20230805,0,2128,0
20230805,0,2129,0
20230805,0,2130,1
20230805,0,2139,2
20230805,0,2143,1
20230805,0,2148,1
20230805,0,2159,13
20230805,0,2171,0
20230805,0,2172,1
20230805,0,2178,0
20230805,0,2179,5
20230805,0,2185,1
20230805,0,2186,7
20230805,0,2191,7
20230805,0,2198,0
20230805,0,2199,0
20230805,0,3310,0
20230805,0,3311,0
20230805,0,3802,0
20230805,1,2111,0
20230805,1,2112,0
20230805,1,2116,0
20230805,1,2122,1
20230805,1,2128,0
20230805,1,2129,2
20230805,1,2130,1
20230805,1,2139,2
20230805,1,2143,1
20230805,1,2148,1
20230805,1,2159,14
20230805,1,2171,0
20230805,1,2172,1
20230805,1,2178,0
20230805,1,2179,0
20230805,1,2185,2
20230805,1,2186,9
20230805,1,2191,5
20230805,1,2198,0
20230805,1,2199,0
20230805,1,3310,1
20230805,1,3311,0
20230805,1,3802,0
20230805,2,2111,0
20230805,2,2112,0
20230805,2,2116,0
20230805,2,2122,0
20230805,2,2128,0
20230805,2,2129,3
20230805,2,2130,1
20230805,2,2139,3
20230805,2,2143,0
20230805,2,2148,1
20230805,2,2159,14
20230805,2,2171,0
20230805,2,2172,0
20230805,2,2178,0
20230805,2,2179,0
20230805,2,2185,1
20230805,2,2186,8
20230805,2,2191,3
20230805,2,2198,0
20230805,2,2199,0
20230805,2,3310,1
20230805,2,3311,0
20230805,2,3802,0
20230805,3,2111,0
20230805,3,2112,0
20230805,3,2116,0
20230805,3,2122,0
20230805,3,2128,0
20230805,3,2129,4
20230805,3,2130,1
20230805,3,2139,4
20230805,3,2143,0
20230805,3,2148,1
20230805,3,2159,14
20230805,3,2171,0
20230805,3,2172,0
20230805,3,2178,0
20230805,3,2179,1
20230805,3,2185,1
20230805,3,2186,8
20230805,3,2191,4
20230805,3,2198,0
20230805,3,2199,0
20230805,3,3310,1
20230805,3,3311,0
20230805,3,3802,0
20230805,4,2111,0
20230805,4,2112,0
20230805,4,2116,0
20230805,4,2122,0
20230805,4,2128,0
20230805,4,2129,4
20230805,4,2130,1
20230805,4,2139,4
20230805,4,2143,0
20230805,4,2148,1
20230805,4,2159,14
20230805,4,2171,0
20230805,4,2172,0
20230805,4,2178,1
20230805,4,2179,0
20230805,4,2185,1
20230805,4,2186,8
20230805,4,2191,4
20230805,4,2198,0
20230805,4,2199,0
20230805,4,3310,1
20230805,4,3311,0
20230805,4,3802,0
20230805,5,2111,0
20230805,5,2112,0
20230805,5,2116,0
20230805,5,2122,1
20230805,5,2128,0
20230805,5,2129,4
20230805,5,2130,1
20230805,5,2139,5
20230805,5,2143,0
20230805,5,2148,0
20230805,5,2159,14
20230805,5,2171,1
20230805,5,2172,0
20230805,5,2178,1
20230805,5,2179,0
20230805,5,2185,2
20230805,5,2186,8
20230805,5,2191,5
20230805,5,2198,0
20230805,5,2199,0
20230805,5,3310,1
20230805,5,3311,0
20230805,5,3802,0
20230805,6,2111,1
20230805,6,2112,0
20230805,6,2116,0
20230805,6,2122,0
20230805,6,2128,0
20230805,6,2129,4
20230805,6,2130,1
20230805,6,2139,6
20230805,6,2143,0
20230805,6,2148,0
20230805,6,2159,15
20230805,6,2171,0
20230805,6,2172,1
20230805,6,2178,1
20230805,6,2179,0
20230805,6,2185,3
20230805,6,2186,5
20230805,6,2191,4
20230805,6,2198,0
20230805,6,2199,0
20230805,6,3310,1
20230805,6,3311,0
20230805,6,3802,1
20230805,7,2111,1
20230805,7,2112,0
20230805,7,2116,0
20230805,7,2122,0
20230805,7,2128,0
20230805,7,2129,4
20230805,7,2130,1
20230805,7,2139,6
20230805,7,2143,1
20230805,7,2148,0
20230805,7,2159,15
20230805,7,2171,0
20230805,7,2172,1
20230805,7,2178,1
20230805,7,2179,0
20230805,7,2185,2
20230805,7,2186,4
20230805,7,2191,4
20230805,7,2198,0
20230805,7,2199,0
20230805,7,3310,1
20230805,7,3311,0
20230805,7,3802,4
20230805,8,2111,2
20230805,8,2112,0
20230805,8,2116,0
20230805,8,2122,0
20230805,8,2128,0
20230805,8,2129,4
20230805,8,2130,1
20230805,8,2139,5
20230805,8,2143,1
20230805,8,2148,0
20230805,8,2159,14
20230805,8,2171,2
20230805,8,2172,1
20230805,8,2178,1
20230805,8,2179,0
20230805,8,2185,1
20230805,8,2186,4
20230805,8,2191,5
20230805,8,2198,0
20230805,8,2199,0
20230805,8,3310,0
20230805,8,3311,1
20230805,8,3802,2
20230805,9,2111,2
20230805,9,2112,3
20230805,9,2116,1
20230805,9,2122,0
20230805,9,2128,1
20230805,9,2129,3
20230805,9,2130,1
20230805,9,2139,5
20230805,9,2143,3
20230805,9,2148,1
20230805,9,2159,12
20230805,9,2171,3
20230805,9,2172,1
20230805,9,2178,0
20230805,9,2179,7
20230805,9,2185,1
20230805,9,2186,4
20230805,9,2191,6
20230805,9,2198,0
20230805,9,2199,0
20230805,9,3310,0
20230805,9,3311,2
20230805,9,3802,4
20230805,10,2111,0
20230805,10,2112,4
20230805,10,2116,3
20230805,10,2122,0
20230805,10,2128,2
20230805,10,2129,2
20230805,10,2130,1
20230805,10,2139,8
20230805,10,2143,2
20230805,10,2148,2
20230805,10,2159,8
20230805,10,2171,6
20230805,10,2172,1
20230805,10,2178,0
20230805,10,2179,8
20230805,10,2185,6
20230805,10,2186,4
20230805,10,2191,15
20230805,10,2198,1
20230805,10,2199,0
20230805,10,3310,0
20230805,10,3311,4
20230805,10,3802,4
20230805,11,2111,1
20230805,11,2112,5
20230805,11,2116,3
20230805,11,2122,1
20230805,11,2128,0
20230805,11,2129,1
20230805,11,2130,1
20230805,11,2139,7
20230805,11,2143,1
20230805,11,2148,3
20230805,11,2159,7
20230805,11,2171,0
20230805,11,2172,0
20230805,11,2178,0
20230805,11,2179,11
20230805,11,2185,8
20230805,11,2186,2
20230805,11,2191,13
20230805,11,2198,0
20230805,11,2199,0
20230805,11,3310,0
20230805,11,3311,7
20230805,11,3802,3
20230805,12,2111,1
20230805,12,2112,7
20230805,12,2116,3
20230805,12,2122,3
20230805,12,2128,1
20230805,12,2129,0
20230805,12,2130,1
20230805,12,2139,5
20230805,12,2143,0
20230805,12,2148,2
20230805,12,2159,8
20230805,12,2171,0
20230805,12,2172,0
20230805,12,2178,0
20230805,12,2179,12
20230805,12,2185,9
20230805,12,2186,2
20230805,12,2191,13
20230805,12,2198,0
20230805,12,2199,0
20230805,12,3310,0
20230805,12,3311,7
20230805,12,3802,2
20230805,13,2111,1
20230805,13,2112,7
20230805,13,2116,4
20230805,13,2122,3
20230805,13,2128,0
20230805,13,2129,0
20230805,13,2130,1
20230805,13,2139,5
20230805,13,2143,1
20230805,13,2148,2
20230805,13,2159,7
20230805,13,2171,0
20230805,13,2172,1
20230805,13,2178,0
20230805,13,2179,11
20230805,13,2185,7
20230805,13,2186,3
20230805,13,2191,13
20230805,13,2198,0
20230805,13,2199,0
20230805,13,3310,0
20230805,13,3311,6
20230805,13,3802,2
20230805,14,2111,0
20230805,14,2112,5
20230805,14,2116,4
20230805,14,2122,3
20230805,14,2128,0
20230805,14,2129,0
20230805,14,2130,1
20230805,14,2139,6
20230805,14,2143,1
20230805,14,2148,0
20230805,14,2159,7
20230805,14,2171,0
20230805,14,2172,1
20230805,14,2178,0
20230805,14,2179,11
20230805,14,2185,6
20230805,14,2186,3
20230805,14,2191,13
20230805,14,2198,0
20230805,14,2199,0
20230805,14,3310,0
20230805,14,3311,5
20230805,14,3802,4
20230805,15,2111,0
20230805,15,2112,4
20230805,15,2116,4
20230805,15,2122,2
20230805,15,2128,1
20230805,15,2129,0
20230805,15,2130,1
20230805,15,2139,7
20230805,15,2143,0
20230805,15,2148,0
20230805,15,2159,9
20230805,15,2171,2
20230805,15,2172,1
20230805,15,2178,0
20230805,15,2179,10
20230805,15,2185,7
20230805,15,2186,3
20230805,15,2191,12
20230805,15,2198,0
20230805,15,2199,0
20230805,15,3310,0
20230805,15,3311,4
20230805,15,3802,4
20230805,16,2111,0
20230805,16,2112,3
20230805,16,2116,3
20230805,16,2122,0
20230805,16,2128,0
20230805,16,2129,0
20230805,16,2130,1
20230805,16,2139,5
20230805,16,2143,0
20230805,16,2148,0
20230805,16,2159,9
20230805,16,2171,5
20230805,16,2172,1
20230805,16,2178,1
20230805,16,2179,10
20230805,16,2185,8
20230805,16,2186,1
20230805,16,2191,10
20230805,16,2198,0
20230805,16,2199,0
20230805,16,3310,0
20230805,16,3311,3
20230805,16,3802,5
20230805,17,2111,2
20230805,17,2112,1
20230805,17,2116,3
20230805,17,2122,0
20230805,17,2128,0
20230805,17,2129,0
20230805,17,2130,1
20230805,17,2139,6
20230805,17,2143,0
20230805,17,2148,0
20230805,17,2159,10
20230805,17,2171,1
20230805,17,2172,0
20230805,17,2178,2
20230805,17,2179,12
20230805,17,2185,6
20230805,17,2186,0
20230805,17,2191,12
20230805,17,2198,0
20230805,17,2199,0
20230805,17,3310,0
20230805,17,3311,2
20230805,17,3802,4
20230805,18,2111,1
20230805,18,2112,1
20230805,18,2116,1
20230805,18,2122,0
20230805,18,2128,2
20230805,18,2129,0
20230805,18,2130,1
20230805,18,2139,5
20230805,18,2143,0
20230805,18,2148,0
20230805,18,2159,7
20230805,18,2171,1
20230805,18,2172,0
20230805,18,2178,3
20230805,18,2179,10
20230805,18,2185,3
20230805,18,2186,0
20230805,18,2191,14
20230805,18,2198,2
20230805,18,2199,0
20230805,18,3310,0
20230805,18,3311,0
20230805,18,3802,2
20230805,19,2111,0
20230805,19,2112,0
20230805,19,2116,1
20230805,19,2122,0
20230805,19,2128,0
20230805,19,2129,0
20230805,19,2130,1
20230805,19,2139,4
20230805,19,2143,0
20230805,19,2148,0
20230805,19,2159,3
20230805,19,2171,0
20230805,19,2172,0
20230805,19,2178,2
20230805,19,2179,13
20230805,19,2185,1
20230805,19,2186,0
20230805,19,2191,11
20230805,19,2198,0
20230805,19,2199,0
20230805,19,3310,0
20230805,19,3311,0
20230805,19,3802,3
20230805,20,2111,0
20230805,20,2112,0
20230805,20,2116,0
20230805,20,2122,1
20230805,20,2128,0
20230805,20,2129,0
20230805,20,2130,1
20230805,20,2139,6
20230805,20,2143,0
20230805,20,2148,0
20230805,20,2159,4
20230805,20,2171,0
20230805,20,2172,0
20230805,20,2178,3
20230805,20,2179,10
20230805,20,2185,3
20230805,20,2186,1
20230805,20,2191,6
20230805,20,2198,0
20230805,20,2199,0
20230805,20,3310,0
20230805,20,3311,0
20230805,20,3802,5
20230805,21,2111,4
20230805,21,2112,0
20230805,21,2116,0
20230805,21,2122,1
20230805,21,2128,0
20230805,21,2129,0
20230805,21,2130,2
20230805,21,2139,5
20230805,21,2143,1
20230805,21,2148,0
20230805,21,2159,2
20230805,21,2171,0
20230805,21,2172,0
20230805,21,2178,2
20230805,21,2179,4
20230805,21,2185,0
20230805,21,2186,0
20230805,21,2191,1
20230805,21,2198,0
20230805,21,2199,0
20230805,21,3310,0
20230805,21,3311,0
20230805,21,3802,1
20230805,22,2111,1
20230805,22,2112,0
20230805,22,2116,0
20230805,22,2122,2
20230805,22,2128,0
20230805,22,2129,1
20230805,22,2130,4
20230805,22,2139,3
20230805,22,2143,1
20230805,22,2148,0
20230805,22,2159,2
20230805,22,2171,0
20230805,22,2172,0
20230805,22,2178,0
20230805,22,2179,3
20230805,22,2185,0
20230805,22,2186,1
20230805,22,2191,0
20230805,22,2198,1
20230805,22,2199,0
20230805,22,3310,0
20230805,22,3311,0
20230805,22,3802,1
20230805,23,2111,3
20230805,23,2112,0
20230805,23,2116,0
20230805,23,2122,1
20230805,23,2128,0
20230805,23,2129,3
20230805,23,2130,3
20230805,23,2139,3
20230805,23,2143,0
20230805,23,2148,0
20230805,23,2159,1
20230805,23,2171,0
20230805,23,2172,0
20230805,23,2178,0
20230805,23,2179,6
20230805,23,2185,0
20230805,23,2186,0
20230805,23,2191,4
20230805,23,2198,1
20230805,23,2199,0
20230805,23,3310,0
20230805,23,3311,1
20230805,23,3802,1
20230806,0,2111,0
20230806,0,2112,0
20230806,0,2116,0
20230806,0,2122,0
20230806,0,2128,0
20230806,0,2129,3
20230806,0,2130,3
20230806,0,2139,3
20230806,0,2143,1
20230806,0,2148,1
20230806,0,2159,3
20230806,0,2171,0
20230806,0,2172,0
20230806,0,2178,0
20230806,0,2179,1
20230806,0,2185,1
20230806,0,2186,2
20230806,0,2191,3
20230806,0,2198,0
20230806,0,2199,0
20230806,0,3310,0
20230806,0,3311,0
20230806,0,3802,1
20230806,1,2111,0
20230806,1,2112,0
20230806,1,2116,0
20230806,1,2122,0
20230806,1,2128,0
20230806,1,2129,4
20230806,1,2130,3
20230806,1,2139,3
20230806,1,2143,1
20230806,1,2148,2
20230806,1,2159,3
20230806,1,2171,0
20230806,1,2172,0
20230806,1,2178,0
20230806,1,2179,3
20230806,1,2185,1
20230806,1,2186,5
20230806,1,2191,7
20230806,1,2198,0
20230806,1,2199,0
20230806,1,3310,1
20230806,1,3311,0
20230806,1,3802,1
20230806,2,2111,0
20230806,2,2112,0
20230806,2,2116,2
20230806,2,2122,0
20230806,2,2128,0
20230806,2,2129,4
20230806,2,2130,3
20230806,2,2139,4
20230806,2,2143,1
20230806,2,2148,3
20230806,2,2159,4
20230806,2,2171,0
20230806,2,2172,0
20230806,2,2178,0
20230806,2,2179,5
20230806,2,2185,2
20230806,2,2186,5
20230806,2,2191,9
20230806,2,2198,0
20230806,2,2199,0
20230806,2,3310,2
20230806,2,3311,0
20230806,2,3802,1
20230806,3,2111,0
20230806,3,2112,0
20230806,3,2116,1
20230806,3,2122,0
20230806,3,2128,0
20230806,3,2129,4
20230806,3,2130,3
20230806,3,2139,3
20230806,3,2143,1
20230806,3,2148,3
20230806,3,2159,4
20230806,3,2171,0
20230806,3,2172,0
20230806,3,2178,0
20230806,3,2179,5
20230806,3,2185,2
20230806,3,2186,4
20230806,3,2191,10
20230806,3,2198,0
20230806,3,2199,0
20230806,3,3310,1
20230806,3,3311,0
20230806,3,3802,1
20230806,4,2111,1
20230806,4,2112,0
20230806,4,2116,3
20230806,4,2122,0
20230806,4,2128,0
20230806,4,2129,4
20230806,4,2130,3
20230806,4,2139,4
20230806,4,2143,0
20230806,4,2148,4
20230806,4,2159,4
20230806,4,2171,0
20230806,4,2172,0
20230806,4,2178,0
20230806,4,2179,4
20230806,4,2185,2
20230806,4,2186,2
20230806,4,2191,10
20230806,4,2198,1
20230806,4,2199,0
20230806,4,3310,1
20230806,4,3311,0
20230806,4,3802,1
20230806,5,2111,2
20230806,5,2112,1
20230806,5,2116,4
20230806,5,2122,0
20230806,5,2128,0
20230806,5,2129,3
20230806,5,2130,3
20230806,5,2139,4
20230806,5,2143,1
20230806,5,2148,4
20230806,5,2159,4
20230806,5,2171,0
20230806,5,2172,0
20230806,5,2178,0
20230806,5,2179,4
20230806,5,2185,3
20230806,5,2186,3
20230806,5,2191,10
20230806,5,2198,1
20230806,5,2199,0
20230806,5,3310,1
20230806,5,3311,0
20230806,5,3802,1
20230806,6,2111,1
20230806,6,2112,1
20230806,6,2116,3
20230806,6,2122,1
20230806,6,2128,0
20230806,6,2129,3
20230806,6,2130,3
20230806,6,2139,3
20230806,6,2143,1
20230806,6,2148,4
20230806,6,2159,4
20230806,6,2171,1
20230806,6,2172,0
20230806,6,2178,0
20230806,6,2179,4
20230806,6,2185,3
20230806,6,2186,3
20230806,6,2191,11
20230806,6,2198,1
20230806,6,2199,0
20230806,6,3310,1
20230806,6,3311,0
20230806,6,3802,1
20230806,7,2111,1
20230806,7,2112,0
20230806,7,2116,3
20230806,7,2122,1
20230806,7,2128,0
20230806,7,2129,3
20230806,7,2130,3
20230806,7,2139,3
20230806,7,2143,1
20230806,7,2148,3
20230806,7,2159,3
20230806,7,2171,1
20230806,7,2172,2
20230806,7,2178,0
20230806,7,2179,4
20230806,7,2185,1
20230806,7,2186,4
20230806,7,2191,10
20230806,7,2198,1
20230806,7,2199,0
20230806,7,3310,1
20230806,7,3311,2
20230806,7,3802,1
20230806,8,2111,2
20230806,8,2112,0
20230806,8,2116,4
20230806,8,2122,1
20230806,8,2128,0
20230806,8,2129,3
20230806,8,2130,4
20230806,8,2139,3
20230806,8,2143,1
20230806,8,2148,3
20230806,8,2159,3
20230806,8,2171,3
20230806,8,2172,4
20230806,8,2178,0
20230806,8,2179,4
20230806,8,2185,2
20230806,8,2186,4
20230806,8,2191,9
20230806,8,2198,0
20230806,8,2199,0
20230806,8,3310,1
20230806,8,3311,3
20230806,8,3802,1
20230806,9,2111,2
20230806,9,2112,0
20230806,9,2116,3
20230806,9,2122,0
20230806,9,2128,0
20230806,9,2129,3
20230806,9,2130,4
20230806,9,2139,2
20230806,9,2143,0
20230806,9,2148,3
20230806,9,2159,3
20230806,9,2171,6
20230806,9,2172,1
20230806,9,2178,0
20230806,9,2179,2
20230806,9,2185,2
20230806,9,2186,4
20230806,9,2191,7
20230806,9,2198,0
20230806,9,2199,0
20230806,9,3310,16
20230806,9,3311,3
20230806,9,3802,1
20230806,10,2111,1
20230806,10,2112,0
20230806,10,2116,3
20230806,10,2122,0
20230806,10,2128,2
20230806,10,2129,2
20230806,10,2130,12
20230806,10,2139,3
20230806,10,2143,0
20230806,10,2148,2
20230806,10,2159,9
20230806,10,2171,7
20230806,10,2172,1
20230806,10,2178,1
20230806,10,2179,6
20230806,10,2185,0
20230806,10,2186,4
20230806,10,2191,6
20230806,10,2198,0
20230806,10,2199,0
20230806,10,3310,15
20230806,10,3311,3
20230806,10,3802,1
20230806,11,2111,1
20230806,11,2112,3
20230806,11,2116,3
20230806,11,2122,0
20230806,11,2128,1
20230806,11,2129,2
20230806,11,2130,12
20230806,11,2139,3
20230806,11,2143,0
20230806,11,2148,2
20230806,11,2159,10
20230806,11,2171,8
20230806,11,2172,0
20230806,11,2178,0
20230806,11,2179,7
20230806,11,2185,0
20230806,11,2186,1
20230806,11,2191,6
20230806,11,2198,1
20230806,11,2199,0
20230806,11,3310,12
20230806,11,3311,1
20230806,11,3802,1
20230806,12,2111,3
20230806,12,2112,3
20230806,12,2116,4
20230806,12,2122,0
20230806,12,2128,1
20230806,12,2129,2
20230806,12,2130,11
20230806,12,2139,2
20230806,12,2143,0
20230806,12,2148,1
20230806,12,2159,8
20230806,12,2171,7
20230806,12,2172,0
20230806,12,2178,0
20230806,12,2179,8
20230806,12,2185,1
20230806,12,2186,0
20230806,12,2191,6
20230806,12,2198,1
20230806,12,2199,0
20230806,12,3310,10
20230806,12,3311,4
20230806,12,3802,1
20230806,13,2111,7
20230806,13,2112,5
20230806,13,2116,6
20230806,13,2122,0
20230806,13,2128,0
20230806,13,2129,2
20230806,13,2130,11
20230806,13,2139,2
20230806,13,2143,0
20230806,13,2148,0
20230806,13,2159,8
20230806,13,2171,4
20230806,13,2172,0
20230806,13,2178,0
20230806,13,2179,8
20230806,13,2185,1
20230806,13,2186,0
20230806,13,2191,6
20230806,13,2198,3
20230806,13,2199,0
20230806,13,3310,7
20230806,13,3311,4
20230806,13,3802,2
20230806,14,2111,4
20230806,14,2112,8
20230806,14,2116,6
20230806,14,2122,0
20230806,14,2128,0
20230806,14,2129,2
20230806,14,2130,10
20230806,14,2139,4
20230806,14,2143,0
20230806,14,2148,0
20230806,14,2159,9
20230806,14,2171,5
20230806,14,2172,0
20230806,14,2178,0
20230806,14,2179,11
20230806,14,2185,2
20230806,14,2186,0
20230806,14,2191,6
20230806,14,2198,4
20230806,14,2199,1
20230806,14,3310,5
20230806,14,3311,6
20230806,14,3802,2
20230806,15,2111,0
20230806,15,2112,8
20230806,15,2116,7
20230806,15,2122,0
20230806,15,2128,1
20230806,15,2129,3
20230806,15,2130,10
20230806,15,2139,5
20230806,15,2143,0
20230806,15,2148,0
20230806,15,2159,10
20230806,15,2171,4
20230806,15,2172,0
20230806,15,2178,0
20230806,15,2179,12
20230806,15,2185,1
20230806,15,2186,0
20230806,15,2191,4
20230806,15,2198,5
20230806,15,2199,0
20230806,15,3310,4
20230806,15,3311,6
20230806,15,3802,2
20230806,16,2111,2
20230806,16,2112,8
20230806,16,2116,8
20230806,16,2122,0
20230806,16,2128,1
20230806,16,2129,4
20230806,16,2130,10
20230806,16,2139,6
20230806,16,2143,0
20230806,16,2148,1
20230806,16,2159,11
20230806,16,2171,4
20230806,16,2172,1
20230806,16,2178,0
20230806,16,2179,15
20230806,16,2185,1
20230806,16,2186,0
20230806,16,2191,3
20230806,16,2198,6
20230806,16,2199,0
20230806,16,3310,5
20230806,16,3311,6
20230806,16,3802,2
20230806,17,2111,3
20230806,17,2112,7
20230806,17,2116,8
20230806,17,2122,0
20230806,17,2128,2
20230806,17,2129,4
20230806,17,2130,10
20230806,17,2139,7
20230806,17,2143,0
20230806,17,2148,1
20230806,17,2159,11
20230806,17,2171,1
20230806,17,2172,1
20230806,17,2178,1
20230806,17,2179,14
20230806,17,2185,0
20230806,17,2186,2
20230806,17,2191,3
20230806,17,2198,6
20230806,17,2199,0
20230806,17,3310,4
20230806,17,3311,5
20230806,17,3802,2
20230806,18,2111,2
20230806,18,2112,7
20230806,18,2116,7
20230806,18,2122,0
20230806,18,2128,1
20230806,18,2129,4
20230806,18,2130,9
20230806,18,2139,7
20230806,18,2143,0
20230806,18,2148,0
20230806,18,2159,13
20230806,18,2171,1
20230806,18,2172,1
20230806,18,2178,1
20230806,18,2179,15
20230806,18,2185,0
20230806,18,2186,3
20230806,18,2191,3
20230806,18,2198,6
20230806,18,2199,0
20230806,18,3310,4
20230806,18,3311,4
20230806,18,3802,2
20230806,19,2111,3
20230806,19,2112,8
20230806,19,2116,7
20230806,19,2122,0
20230806,19,2128,0
20230806,19,2129,4
20230806,19,2130,9
20230806,19,2139,8
20230806,19,2143,0
20230806,19,2148,0
20230806,19,2159,13
20230806,19,2171,1
20230806,19,2172,0
20230806,19,2178,1
20230806,19,2179,13
20230806,19,2185,0
20230806,19,2186,4
20230806,19,2191,4
20230806,19,2198,4
20230806,19,2199,0
20230806,19,3310,3
20230806,19,3311,2
20230806,19,3802,2
20230806,20,2111,0
20230806,20,2112,2
20230806,20,2116,10
20230806,20,2122,0
20230806,20,2128,1
20230806,20,2129,4
20230806,20,2130,9
20230806,20,2139,6
20230806,20,2143,0
20230806,20,2148,0
20230806,20,2159,14
20230806,20,2171,0
20230806,20,2172,0
20230806,20,2178,0
20230806,20,2179,13
20230806,20,2185,0
20230806,20,2186,2
20230806,20,2191,2
20230806,20,2198,5
20230806,20,2199,0
20230806,20,3310,2
20230806,20,3311,1
20230806,20,3802,2
20230806,21,2111,1
20230806,21,2112,0
20230806,21,2116,6
20230806,21,2122,0
20230806,21,2128,0
20230806,21,2129,3
20230806,21,2130,9
20230806,21,2139,3
20230806,21,2143,0
20230806,21,2148,0
20230806,21,2159,16
20230806,21,2171,0
20230806,21,2172,0
20230806,21,2178,0
20230806,21,2179,15
20230806,21,2185,0
20230806,21,2186,5
20230806,21,2191,1
20230806,21,2198,6
20230806,21,2199,0
20230806,21,3310,2
20230806,21,3311,0
20230806,21,3802,2
20230806,22,2111,1
20230806,22,2112,0
20230806,22,2116,2
20230806,22,2122,1
20230806,22,2128,0
20230806,22,2129,3
20230806,22,2130,9
20230806,22,2139,2
20230806,22,2143,0
20230806,22,2148,0
20230806,22,2159,15
20230806,22,2171,0
20230806,22,2172,0
20230806,22,2178,0
20230806,22,2179,20
20230806,22,2185,0
20230806,22,2186,5
20230806,22,2191,1
20230806,22,2198,7
20230806,22,2199,0
20230806,22,3310,1
20230806,22,3311,0
20230806,22,3802,3
20230806,23,2111,0
20230806,23,2112,0
20230806,23,2116,0
20230806,23,2122,0
20230806,23,2128,0
20230806,23,2129,2
20230806,23,2130,8
20230806,23,2139,2
20230806,23,2143,0
20230806,23,2148,0
20230806,23,2159,17
20230806,23,2171,0
20230806,23,2172,2
20230806,23,2178,0
20230806,23,2179,19
20230806,23,2185,0
20230806,23,2186,5
20230806,23,2191,1
20230806,23,2198,7
20230806,23,2199,0
20230806,23,3310,1
20230806,23,3311,0
20230806,23,3802,4
20230807,0,2111,0
20230807,0,2112,0
20230807,0,2116,0
20230807,0,2122,2
20230807,0,2128,0
20230807,0,2129,3
20230807,0,2130,8
20230807,0,2139,4
20230807,0,2143,1
20230807,0,2148,0
20230807,0,2159,17
20230807,0,2171,0
20230807,0,2172,0
20230807,0,2178,0
20230807,0,2179,14
20230807,0,2185,2
20230807,0,2186,2
20230807,0,2191,1
20230807,0,2198,4
20230807,0,2199,0
20230807,0,3310,1
20230807,0,3311,0
20230807,0,3802,4
20230807,1,2111,0
20230807,1,2112,0
20230807,1,2116,0
20230807,1,2122,3
20230807,1,2128,0
20230807,1,2129,3
20230807,1,2130,8
20230807,1,2139,3
20230807,1,2143,1
20230807,1,2148,0
20230807,1,2159,17
20230807,1,2171,0
20230807,1,2172,0
20230807,1,2178,0
20230807,1,2179,13
20230807,1,2185,2
20230807,1,2186,2
20230807,1,2191,3
20230807,1,2198,4
20230807,1,2199,0
20230807,1,3310,1
20230807,1,3311,0
20230807,1,3802,4
20230807,2,2111,0
20230807,2,2112,0
20230807,2,2116,0
20230807,2,2122,3
20230807,2,2128,1
20230807,2,2129,3
20230807,2,2130,8
20230807,2,2139,3
20230807,2,2143,1
20230807,2,2148,1
20230807,2,2159,15
20230807,2,2171,1
20230807,2,2172,0
20230807,2,2178,0
20230807,2,2179,12
20230807,2,2185,2
20230807,2,2186,3
20230807,2,2191,2
20230807,2,2198,6
20230807,2,2199,0
20230807,2,3310,1
20230807,2,3311,0
20230807,2,3802,4
20230807,3,2111,0
20230807,3,2112,0
20230807,3,2116,0
20230807,3,2122,2
20230807,3,2128,0
20230807,3,2129,3
20230807,3,2130,8
20230807,3,2139,3
20230807,3,2143,1
20230807,3,2148,1
20230807,3,2159,15
20230807,3,2171,1
20230807,3,2172,0
20230807,3,2178,0
20230807,3,2179,10
20230807,3,2185,2
20230807,3,2186,3
20230807,3,2191,3
20230807,3,2198,6
20230807,3,2199,0
20230807,3,3310,1
20230807,3,3311,0
20230807,3,3802,4
20230807,4,2111,1
20230807,4,2112,0
20230807,4,2116,0
20230807,4,2122,2
20230807,4,2128,1
20230807,4,2129,3
20230807,4,2130,8
20230807,4,2139,3
20230807,4,2143,1
20230807,4,2148,2
20230807,4,2159,15
20230807,4,2171,1
20230807,4,2172,0
20230807,4,2178,0
20230807,4,2179,10
20230807,4,2185,0
20230807,4,2186,3
20230807,4,2191,4
20230807,4,2198,9
20230807,4,2199,1
20230807,4,3310,1
20230807,4,3311,1
20230807,4,3802,4
20230807,5,2111,1
20230807,5,2112,0
20230807,5,2116,0
20230807,5,2122,1
20230807,5,2128,0
20230807,5,2129,3
20230807,5,2130,8
20230807,5,2139,3
20230807,5,2143,1
20230807,5,2148,2
20230807,5,2159,15
20230807,5,2171,2
20230807,5,2172,0
20230807,5,2178,0
20230807,5,2179,9
20230807,5,2185,1
20230807,5,2186,4
20230807,5,2191,4
20230807,5,2198,9
20230807,5,2199,0
20230807,5,3310,2
20230807,5,3311,1
20230807,5,3802,4
20230807,6,2111,1
20230807,6,2112,0
20230807,6,2116,0
20230807,6,2122,0
20230807,6,2128,0
20230807,6,2129,3
20230807,6,2130,8
20230807,6,2139,3
20230807,6,2143,2
20230807,6,2148,2
20230807,6,2159,14
20230807,6,2171,5
20230807,6,2172,0
20230807,6,2178,1
20230807,6,2179,8
20230807,6,2185,1
20230807,6,2186,1
20230807,6,2191,3
20230807,6,2198,8
20230807,6,2199,0
20230807,6,3310,1
20230807,6,3311,0
20230807,6,3802,9
20230807,7,2111,0
20230807,7,2112,0
20230807,7,2116,1
20230807,7,2122,0
20230807,7,2128,0
20230807,7,2129,3
20230807,7,2130,8
20230807,7,2139,1
20230807,7,2143,2
20230807,7,2148,0
20230807,7,2159,14
20230807,7,2171,8
20230807,7,2172,0
20230807,7,2178,1
20230807,7,2179,6
20230807,7,2185,0
20230807,7,2186,1
20230807,7,2191,4
20230807,7,2198,9
20230807,7,2199,1
20230807,7,3310,0
20230807,7,3311,1
20230807,7,3802,11
20230807,8,2111,0
20230807,8,2112,5
20230807,8,2116,2
20230807,8,2122,0
20230807,8,2128,1
20230807,8,2129,3
20230807,8,2130,8
20230807,8,2139,0
20230807,8,2143,1
20230807,8,2148,0
20230807,8,2159,13
20230807,8,2171,8
20230807,8,2172,1
20230807,8,2178,2
20230807,8,2179,4
20230807,8,2185,0
20230807,8,2186,0
20230807,8,2191,4
20230807,8,2198,7
20230807,8,2199,0
20230807,8,3310,0
20230807,8,3311,3
20230807,8,3802,9
20230807,9,2111,3
20230807,9,2112,4
20230807,9,2116,2
20230807,9,2122,1
20230807,9,2128,2
20230807,9,2129,10
20230807,9,2130,8
20230807,9,2139,2
20230807,9,2143,2
20230807,9,2148,1
20230807,9,2159,12
20230807,9,2171,9
20230807,9,2172,1
20230807,9,2178,2
20230807,9,2179,2
20230807,9,2185,13
20230807,9,2186,0
20230807,9,2191,1
20230807,9,2198,5
20230807,9,2199,1
20230807,9,3310,0
20230807,9,3311,6
20230807,9,3802,7
20230807,10,2111,1
20230807,10,2112,4
20230807,10,2116,6
20230807,10,2122,0
20230807,10,2128,5
20230807,10,2129,10
20230807,10,2130,8
20230807,10,2139,2
20230807,10,2143,1
20230807,10,2148,2
20230807,10,2159,11
20230807,10,2171,9
20230807,10,2172,1
20230807,10,2178,3
20230807,10,2179,1
20230807,10,2185,12
20230807,10,2186,0
20230807,10,2191,1
20230807,10,2198,4
20230807,10,2199,1
20230807,10,3310,13
20230807,10,3311,10
20230807,10,3802,10
20230807,11,2111,0
20230807,11,2112,6
20230807,11,2116,8
20230807,11,2122,0
20230807,11,2128,0
20230807,11,2129,10
20230807,11,2130,9
20230807,11,2139,2
20230807,11,2143,1
20230807,11,2148,0
20230807,11,2159,11
20230807,11,2171,9
20230807,11,2172,1
20230807,11,2178,1
20230807,11,2179,2
20230807,11,2185,12
20230807,11,2186,0
20230807,11,2191,2
20230807,11,2198,2
20230807,11,2199,0
20230807,11,3310,15
20230807,11,3311,11
20230807,11,3802,12
20230807,12,2111,3
20230807,12,2112,10
20230807,12,2116,8
20230807,12,2122,0
20230807,12,2128,1
20230807,12,2129,7
20230807,12,2130,8
20230807,12,2139,2
20230807,12,2143,1
20230807,12,2148,0
20230807,12,2159,9
20230807,12,2171,10
20230807,12,2172,2
20230807,12,2178,2
20230807,12,2179,3
20230807,12,2185,12
20230807,12,2186,0
20230807,12,2191,2
20230807,12,2198,1
20230807,12,2199,0
20230807,12,3310,14
20230807,12,3311,11
20230807,12,3802,12
20230807,13,2111,0
20230807,13,2112,11
20230807,13,2116,9
20230807,13,2122,0
20230807,13,2128,2
20230807,13,2129,7
20230807,13,2130,8
20230807,13,2139,2
20230807,13,2143,1
20230807,13,2148,1
20230807,13,2159,9
20230807,13,2171,13
20230807,13,2172,2
20230807,13,2178,2
20230807,13,2179,2
20230807,13,2185,11
20230807,13,2186,1
20230807,13,2191,2
20230807,13,2198,2
20230807,13,2199,3
20230807,13,3310,12
20230807,13,3311,11
20230807,13,3802,8
20230807,14,2111,0
20230807,14,2112,10
20230807,14,2116,11
20230807,14,2122,1
20230807,14,2128,1
20230807,14,2129,7
20230807,14,2130,8
20230807,14,2139,2
20230807,14,2143,1
20230807,14,2148,0
20230807,14,2159,9
20230807,14,2171,11
20230807,14,2172,0
20230807,14,2178,2
20230807,14,2179,2
20230807,14,2185,10
20230807,14,2186,2
20230807,14,2191,2
20230807,14,2198,3
20230807,14,2199,3
20230807,14,3310,12
20230807,14,3311,10
20230807,14,3802,7
20230807,15,2111,3
20230807,15,2112,11
20230807,15,2116,11
20230807,15,2122,0
20230807,15,2128,0
20230807,15,2129,7
20230807,15,2130,8
20230807,15,2139,2
20230807,15,2143,1
20230807,15,2148,1
20230807,15,2159,9
20230807,15,2171,9
20230807,15,2172,0
20230807,15,2178,2
20230807,15,2179,4
20230807,15,2185,13
20230807,15,2186,2
20230807,15,2191,2
20230807,15,2198,4
20230807,15,2199,1
20230807,15,3310,11
20230807,15,3311,10
20230807,15,3802,9
20230807,16,2111,2
20230807,16,2112,12
20230807,16,2116,12
20230807,16,2122,0
20230807,16,2128,2
20230807,16,2129,6
20230807,16,2130,8
20230807,16,2139,0
20230807,16,2143,0
20230807,16,2148,1
20230807,16,2159,9
20230807,16,2171,6
20230807,16,2172,0
20230807,16,2178,0
20230807,16,2179,4
20230807,16,2185,14
20230807,16,2186,1
20230807,16,2191,1
20230807,16,2198,5
20230807,16,2199,0
20230807,16,3310,8
20230807,16,3311,9
20230807,16,3802,8
20230807,17,2111,1
20230807,17,2112,14
20230807,17,2116,12
20230807,17,2122,1
20230807,17,2128,0
20230807,17,2129,4
20230807,17,2130,8
20230807,17,2139,0
20230807,17,2143,0
20230807,17,2148,1
20230807,17,2159,10
20230807,17,2171,5
20230807,17,2172,0
20230807,17,2178,0
20230807,17,2179,5
20230807,17,2185,10
20230807,17,2186,1
20230807,17,2191,2
20230807,17,2198,5
20230807,17,2199,0
20230807,17,3310,7
20230807,17,3311,10
20230807,17,3802,8
20230807,18,2111,0
20230807,18,2112,13
20230807,18,2116,12
20230807,18,2122,0
20230807,18,2128,0
20230807,18,2129,3
20230807,18,2130,7
20230807,18,2139,0
20230807,18,2143,0
20230807,18,2148,4
20230807,18,2159,10
20230807,18,2171,5
20230807,18,2172,0
20230807,18,2178,0
20230807,18,2179,5
20230807,18,2185,7
20230807,18,2186,0
20230807,18,2191,3
20230807,18,2198,8
20230807,18,2199,0
20230807,18,3310,6
20230807,18,3311,4
20230807,18,3802,8
20230807,19,2111,0
20230807,19,2112,12
20230807,19,2116,6
20230807,19,2122,0
20230807,19,2128,1
20230807,19,2129,2
20230807,19,2130,7
20230807,19,2139,2
20230807,19,2143,0
20230807,19,2148,1
20230807,19,2159,10
20230807,19,2171,2
20230807,19,2172,0
20230807,19,2178,0
20230807,19,2179,2
20230807,19,2185,6
20230807,19,2186,0
20230807,19,2191,6
20230807,19,2198,5
20230807,19,2199,0
20230807,19,3310,4
20230807,19,3311,1
20230807,19,3802,7
20230807,20,2111,4
20230807,20,2112,1
20230807,20,2116,3
20230807,20,2122,0
20230807,20,2128,0
20230807,20,2129,1
20230807,20,2130,6
20230807,20,2139,2
20230807,20,2143,0
20230807,20,2148,0
20230807,20,2159,10
20230807,20,2171,4
20230807,20,2172,0
20230807,20,2178,0
20230807,20,2179,0
20230807,20,2185,2
20230807,20,2186,2
20230807,20,2191,6
20230807,20,2198,3
20230807,20,2199,0
20230807,20,3310,2
20230807,20,3311,0
20230807,20,3802,7
20230807,21,2111,1
20230807,21,2112,1
20230807,21,2116,1
20230807,21,2122,2
20230807,21,2128,0
20230807,21,2129,1
20230807,21,2130,5
20230807,21,2139,4
20230807,21,2143,0
20230807,21,2148,2
20230807,21,2159,10
20230807,21,2171,0
20230807,21,2172,0
20230807,21,2178,0
20230807,21,2179,2
20230807,21,2185,3
20230807,21,2186,4
20230807,21,2191,4
20230807,21,2198,7
20230807,21,2199,0
20230807,21,3310,1
20230807,21,3311,0
20230807,21,3802,2
20230807,22,2111,0
20230807,22,2112,1
20230807,22,2116,1
20230807,22,2122,1
20230807,22,2128,1
20230807,22,2129,2
20230807,22,2130,5
20230807,22,2139,3
20230807,22,2143,0
20230807,22,2148,0
20230807,22,2159,12
20230807,22,2171,1
20230807,22,2172,0
20230807,22,2178,0
20230807,22,2179,2
20230807,22,2185,1
20230807,22,2186,6
20230807,22,2191,3
20230807,22,2198,6
20230807,22,2199,0
20230807,22,3310,0
20230807,22,3311,0
20230807,22,3802,3
20230807,23,2111,0
20230807,23,2112,0
20230807,23,2116,0
20230807,23,2122,0
20230807,23,2128,2
20230807,23,2129,2
20230807,23,2130,1
20230807,23,2139,3
20230807,23,2143,0
20230807,23,2148,0
20230807,23,2159,11
20230807,23,2171,0
20230807,23,2172,1
20230807,23,2178,0
20230807,23,2179,6
20230807,23,2185,1
20230807,23,2186,6
20230807,23,2191,5
20230807,23,2198,6
20230807,23,2199,0
20230807,23,3310,1
20230807,23,3311,0
20230807,23,3802,4
20230808,0,2111,0
20230808,0,2112,0
20230808,0,2116,0
20230808,0,2122,3
20230808,0,2128,3
20230808,0,2129,2
20230808,0,2130,1
20230808,0,2139,4
20230808,0,2143,1
20230808,0,2148,0
20230808,0,2159,10
20230808,0,2171,0
20230808,0,2172,0
20230808,0,2178,0
20230808,0,2179,2
20230808,0,2185,1
20230808,0,2186,9
20230808,0,2191,4
20230808,0,2198,5
20230808,0,2199,0
20230808,0,3310,0
20230808,0,3311,0
20230808,0,3802,5
20230808,1,2111,0
20230808,1,2112,0
20230808,1,2116,0
20230808,1,2122,3
20230808,1,2128,1
20230808,1,2129,2
20230808,1,2130,1
20230808,1,2139,4
20230808,1,2143,2
20230808,1,2148,0
20230808,1,2159,9
20230808,1,2171,1
20230808,1,2172,0
20230808,1,2178,0
20230808,1,2179,2
20230808,1,2185,2
20230808,1,2186,9
20230808,1,2191,4
20230808,1,2198,6
20230808,1,2199,0
20230808,1,3310,0
20230808,1,3311,0
20230808,1,3802,5
20230808,2,2111,0
20230808,2,2112,0
20230808,2,2116,0
20230808,2,2122,2
20230808,2,2128,0
20230808,2,2129,2
20230808,2,2130,1
20230808,2,2139,3
20230808,2,2143,1
20230808,2,2148,1
20230808,2,2159,10
20230808,2,2171,0
20230808,2,2172,0
20230808,2,2178,0
20230808,2,2179,1
20230808,2,2185,2
20230808,2,2186,10
20230808,2,2191,4
20230808,2,2198,6
20230808,2,2199,0
20230808,2,3310,2
20230808,2,3311,0
20230808,2,3802,5
20230808,3,2111,0
20230808,3,2112,0
20230808,3,2116,0
20230808,3,2122,2
20230808,3,2128,0
20230808,3,2129,2
20230808,3,2130,1
20230808,3,2139,3
20230808,3,2143,1
20230808,3,2148,1
20230808,3,2159,10
20230808,3,2171,0
20230808,3,2172,0
20230808,3,2178,0
20230808,3,2179,0
20230808,3,2185,2
20230808,3,2186,9
20230808,3,2191,5
20230808,3,2198,6
20230808,3,2199,0
20230808,3,3310,2
20230808,3,3311,0
20230808,3,3802,5
20230808,4,2111,0
20230808,4,2112,0
20230808,4,2116,0
20230808,4,2122,2
20230808,4,2128,0
20230808,4,2129,2
20230808,4,2130,1
20230808,4,2139,3
20230808,4,2143,3
20230808,4,2148,1
20230808,4,2159,10
20230808,4,2171,1
20230808,4,2172,0
20230808,4,2178,0
20230808,4,2179,0
20230808,4,2185,3
20230808,4,2186,9
20230808,4,2191,4
20230808,4,2198,6
20230808,4,2199,0
20230808,4,3310,1
20230808,4,3311,0
20230808,4,3802,5
20230808,5,2111,0
20230808,5,2112,0
20230808,5,2116,0
20230808,5,2122,1
20230808,5,2128,1
20230808,5,2129,1
20230808,5,2130,1
20230808,5,2139,4
20230808,5,2143,3
20230808,5,2148,1
20230808,5,2159,8
20230808,5,2171,2
20230808,5,2172,0
20230808,5,2178,0
20230808,5,2179,0
20230808,5,2185,4
20230808,5,2186,9
20230808,5,2191,3
20230808,5,2198,6
20230808,5,2199,0
20230808,5,3310,1
20230808,5,3311,0
20230808,5,3802,5
20230808,6,2111,0
20230808,6,2112,0
20230808,6,2116,0
20230808,6,2122,1
20230808,6,2128,0
20230808,6,2129,2
20230808,6,2130,1
20230808,6,2139,3
20230808,6,2143,3
20230808,6,2148,0
20230808,6,2159,8
20230808,6,2171,0
20230808,6,2172,1
20230808,6,2178,1
20230808,6,2179,0
20230808,6,2185,5
20230808,6,2186,6
20230808,6,2191,2
20230808,6,2198,4
20230808,6,2199,0
20230808,6,3310,1
20230808,6,3311,0
20230808,6,3802,12
20230808,7,2111,0
20230808,7,2112,0
20230808,7,2116,0
20230808,7,2122,1
20230808,7,2128,0
20230808,7,2129,2
20230808,7,2130,1
20230808,7,2139,0
20230808,7,2143,3
20230808,7,2148,2
20230808,7,2159,6
20230808,7,2171,1
20230808,7,2172,1
20230808,7,2178,0
20230808,7,2179,0
20230808,7,2185,4
20230808,7,2186,4
20230808,7,2191,3
20230808,7,2198,3
20230808,7,2199,0
20230808,7,3310,0
20230808,7,3311,0
20230808,7,3802,11
20230808,8,2111,2
20230808,8,2112,0
20230808,8,2116,3
20230808,8,2122,1
20230808,8,2128,0
20230808,8,2129,2
20230808,8,2130,1
20230808,8,2139,0
20230808,8,2143,1
20230808,8,2148,2
20230808,8,2159,4
20230808,8,2171,2
20230808,8,2172,1
20230808,8,2178,1
20230808,8,2179,0
20230808,8,2185,1
20230808,8,2186,1
20230808,8,2191,4
20230808,8,2198,1
20230808,8,2199,0
20230808,8,3310,0
20230808,8,3311,5
20230808,8,3802,14
20230808,9,2111,5
20230808,9,2112,6
20230808,9,2116,5
20230808,9,2122,0
20230808,9,2128,1
20230808,9,2129,3
20230808,9,2130,1
20230808,9,2139,1
20230808,9,2143,1
20230808,9,2148,1
20230808,9,2159,4
20230808,9,2171,7
20230808,9,2172,1
20230808,9,2178,1
20230808,9,2179,2
20230808,9,2185,2
20230808,9,2186,0
20230808,9,2191,5
20230808,9,2198,0
20230808,9,2199,1
20230808,9,3310,0
20230808,9,3311,9
20230808,9,3802,6
20230808,10,2111,6
20230808,10,2112,6
20230808,10,2116,5
20230808,10,2122,0
20230808,10,2128,1
20230808,10,2129,4
20230808,10,2130,1
20230808,10,2139,0
20230808,10,2143,0
20230808,10,2148,6
20230808,10,2159,5
20230808,10,2171,7
20230808,10,2172,0
20230808,10,2178,1
20230808,10,2179,3
20230808,10,2185,3
20230808,10,2186,0
20230808,10,2191,6
20230808,10,2198,0
20230808,10,2199,0
20230808,10,3310,0
20230808,10,3311,10
20230808,10,3802,7
20230808,11,2111,6
20230808,11,2112,5
20230808,11,2116,5
20230808,11,2122,5
20230808,11,2128,1
20230808,11,2129,4
20230808,11,2130,1
20230808,11,2139,1
20230808,11,2143,0
20230808,11,2148,5
20230808,11,2159,5
20230808,11,2171,7
20230808,11,2172,0
20230808,11,2178,2
20230808,11,2179,4
20230808,11,2185,0
20230808,11,2186,0
20230808,11,2191,7
20230808,11,2198,11
20230808,11,2199,0
20230808,11,3310,0
20230808,11,3311,9
20230808,11,3802,6
20230808,12,2111,6
20230808,12,2112,5
20230808,12,2116,4
20230808,12,2122,7
20230808,12,2128,1
20230808,12,2129,3
20230808,12,2130,1
20230808,12,2139,3
20230808,12,2143,0
20230808,12,2148,1
20230808,12,2159,4
20230808,12,2171,8
20230808,12,2172,1
20230808,12,2178,2
20230808,12,2179,4
20230808,12,2185,0
20230808,12,2186,1
20230808,12,2191,4
20230808,12,2198,9
20230808,12,2199,0
20230808,12,3310,0
20230808,12,3311,8
20230808,12,3802,5
20230808,13,2111,4
20230808,13,2112,7
20230808,13,2116,6
20230808,13,2122,6
20230808,13,2128,1
20230808,13,2129,3
20230808,13,2130,1
20230808,13,2139,3
20230808,13,2143,0
20230808,13,2148,1
20230808,13,2159,4
20230808,13,2171,10
20230808,13,2172,0
20230808,13,2178,2
20230808,13,2179,5
20230808,13,2185,0
20230808,13,2186,1
20230808,13,2191,4
20230808,13,2198,8
20230808,13,2199,0
20230808,13,3310,0
20230808,13,3311,9
20230808,13,3802,6
20230808,14,2111,4
20230808,14,2112,8
20230808,14,2116,7
20230808,14,2122,6
20230808,14,2128,2
20230808,14,2129,3
20230808,14,2130,1
20230808,14,2139,3
20230808,14,2143,0
20230808,14,2148,2
20230808,14,2159,4
20230808,14,2171,9
20230808,14,2172,0
20230808,14,2178,3
20230808,14,2179,6
20230808,14,2185,0
20230808,14,2186,2
20230808,14,2191,3
20230808,14,2198,9
20230808,14,2199,0
20230808,14,3310,0
20230808,14,3311,10
20230808,14,3802,5
20230808,15,2111,4
20230808,15,2112,10
20230808,15,2116,8
20230808,15,2122,6
20230808,15,2128,2
20230808,15,2129,3
20230808,15,2130,1
20230808,15,2139,1
20230808,15,2143,0
20230808,15,2148,2
20230808,15,2159,4
20230808,15,2171,8
20230808,15,2172,0
20230808,15,2178,4
20230808,15,2179,7
20230808,15,2185,0
20230808,15,2186,1
20230808,15,2191,2
20230808,15,2198,10
20230808,15,2199,0
20230808,15,3310,0
20230808,15,3311,10
20230808,15,3802,5
20230808,16,2111,4
20230808,16,2112,8
20230808,16,2116,8
20230808,16,2122,6
20230808,16,2128,2
20230808,16,2129,3
20230808,16,2130,1
20230808,16,2139,0
20230808,16,2143,1
20230808,16,2148,2
20230808,16,2159,5
20230808,16,2171,10
20230808,16,2172,3
20230808,16,2178,4
20230808,16,2179,5
20230808,16,2185,0
20230808,16,2186,1
20230808,16,2191,1
20230808,16,2198,9
20230808,16,2199,0
20230808,16,3310,0
20230808,16,3311,10
20230808,16,3802,5
20230808,17,2111,3
20230808,17,2112,8
20230808,17,2116,10
20230808,17,2122,6
20230808,17,2128,2
20230808,17,2129,2
20230808,17,2130,1
20230808,17,2139,0
20230808,17,2143,0
20230808,17,2148,4
20230808,17,2159,5
20230808,17,2171,9
20230808,17,2172,0
20230808,17,2178,2
20230808,17,2179,6
20230808,17,2185,0
20230808,17,2186,0
20230808,17,2191,0
20230808,17,2198,9
20230808,17,2199,0
20230808,17,3310,0
20230808,17,3311,6
20230808,17,3802,5
20230808,18,2111,3
20230808,18,2112,11
20230808,18,2116,13
20230808,18,2122,6
20230808,18,2128,2
20230808,18,2129,0
20230808,18,2130,1
20230808,18,2139,1
20230808,18,2143,0
20230808,18,2148,6
20230808,18,2159,3
20230808,18,2171,8
20230808,18,2172,0
20230808,18,2178,0
20230808,18,2179,5
20230808,18,2185,0
20230808,18,2186,0
20230808,18,2191,0
20230808,18,2198,8
20230808,18,2199,0
20230808,18,3310,0
20230808,18,3311,3
20230808,18,3802,6
20230808,19,2111,1
20230808,19,2112,8
20230808,19,2116,15
20230808,19,2122,5
20230808,19,2128,0
20230808,19,2129,0
20230808,19,2130,1
20230808,19,2139,1
20230808,19,2143,0
20230808,19,2148,4
20230808,19,2159,3
20230808,19,2171,7
20230808,19,2172,0
20230808,19,2178,0
20230808,19,2179,2
20230808,19,2185,0
20230808,19,2186,1
20230808,19,2191,0
20230808,19,2198,10
20230808,19,2199,3
20230808,19,3310,0
20230808,19,3311,2
20230808,19,3802,9
20230808,20,2111,0
20230808,20,2112,1
20230808,20,2116,9
20230808,20,2122,2
20230808,20,2128,2
20230808,20,2129,0
20230808,20,2130,1
20230808,20,2139,2
20230808,20,2143,0
20230808,20,2148,4
20230808,20,2159,3
20230808,20,2171,4
20230808,20,2172,0
20230808,20,2178,0
20230808,20,2179,2
20230808,20,2185,0
20230808,20,2186,2
20230808,20,2191,4
20230808,20,2198,9
20230808,20,2199,2
20230808,20,3310,0
20230808,20,3311,2
20230808,20,3802,10
20230808,21,2111,0
20230808,21,2112,1
20230808,21,2116,2
20230808,21,2122,2
20230808,21,2128,0
20230808,21,2129,0
20230808,21,2130,1
20230808,21,2139,4
20230808,21,2143,0
20230808,21,2148,1
20230808,21,2159,2
20230808,21,2171,2
20230808,21,2172,0
20230808,21,2178,0
20230808,21,2179,3
20230808,21,2185,0
20230808,21,2186,2
20230808,21,2191,0
20230808,21,2198,9
20230808,21,2199,1
20230808,21,3310,0
20230808,21,3311,1
20230808,21,3802,7
20230808,22,2111,0
20230808,22,2112,1
20230808,22,2116,3
20230808,22,2122,3
20230808,22,2128,0
20230808,22,2129,0
20230808,22,2130,1
20230808,22,2139,3
20230808,22,2143,0
20230808,22,2148,1
20230808,22,2159,0
20230808,22,2171,5
20230808,22,2172,0
20230808,22,2178,0
20230808,22,2179,7
20230808,22,2185,0
20230808,22,2186,2
20230808,22,2191,2
20230808,22,2198,9
20230808,22,2199,1
20230808,22,3310,0
20230808,22,3311,0
20230808,22,3802,1
20230808,23,2111,0
20230808,23,2112,0
20230808,23,2116,0
20230808,23,2122,4
20230808,23,2128,0
20230808,23,2129,0
20230808,23,2130,1
20230808,23,2139,3
20230808,23,2143,1
20230808,23,2148,3
20230808,23,2159,0
20230808,23,2171,1
20230808,23,2172,1
20230808,23,2178,0
20230808,23,2179,7
20230808,23,2185,0
20230808,23,2186,2
20230808,23,2191,5
20230808,23,2198,8
20230808,23,2199,1
20230808,23,3310,0
20230808,23,3311,0
20230808,23,3802,1
20230809,0,2111,0
20230809,0,2112,0
20230809,0,2116,0
20230809,0,2122,4
20230809,0,2128,0
20230809,0,2129,0
20230809,0,2130,1
20230809,0,2139,4
20230809,0,2143,3
20230809,0,2148,2
20230809,0,2159,0
20230809,0,2171,0
20230809,0,2172,1
20230809,0,2178,0
20230809,0,2179,6
20230809,0,2185,0
20230809,0,2186,1
20230809,0,2191,5
20230809,0,2198,7
20230809,0,2199,1
20230809,0,3310,0
20230809,0,3311,0
20230809,0,3802,1
20230809,1,2111,0
20230809,1,2112,0
20230809,1,2116,0
20230809,1,2122,6
20230809,1,2128,0
20230809,1,2129,0
20230809,1,2130,1
20230809,1,2139,4
20230809,1,2143,4
20230809,1,2148,1
20230809,1,2159,0
20230809,1,2171,0
20230809,1,2172,1
20230809,1,2178,0
20230809,1,2179,3
20230809,1,2185,1
20230809,1,2186,1
20230809,1,2191,5
20230809,1,2198,8
20230809,1,2199,1
20230809,1,3310,0
20230809,1,3311,0
20230809,1,3802,2
20230809,2,2111,0
20230809,2,2112,0
20230809,2,2116,1
20230809,2,2122,6
20230809,2,2128,0
20230809,2,2129,2
20230809,2,2130,1
20230809,2,2139,4
20230809,2,2143,4
20230809,2,2148,2
20230809,2,2159,0
20230809,2,2171,2
20230809,2,2172,1
20230809,2,2178,0
20230809,2,2179,2
20230809,2,2185,1
20230809,2,2186,1
20230809,2,2191,5
20230809,2,2198,6
20230809,2,2199,1
20230809,2,3310,0
20230809,2,3311,0
20230809,2,3802,2
20230809,3,2111,0
20230809,3,2112,0
20230809,3,2116,1
20230809,3,2122,6
20230809,3,2128,0
20230809,3,2129,2
20230809,3,2130,1
20230809,3,2139,4
20230809,3,2143,4
20230809,3,2148,3
20230809,3,2159,0
20230809,3,2171,1
20230809,3,2172,1
20230809,3,2178,0
20230809,3,2179,3
20230809,3,2185,2
20230809,3,2186,1
20230809,3,2191,5
20230809,3,2198,6
20230809,3,2199,1
20230809,3,3310,0
20230809,3,3311,0
20230809,3,3802,2
20230809,4,2111,0
20230809,4,2112,0
20230809,4,2116,2
20230809,4,2122,6
20230809,4,2128,0
20230809,4,2129,2
20230809,4,2130,1
20230809,4,2139,4
20230809,4,2143,5
20230809,4,2148,4
20230809,4,2159,0
20230809,4,2171,1
20230809,4,2172,1
20230809,4,2178,0
20230809,4,2179,3
20230809,4,2185,3
20230809,4,2186,1
20230809,4,2191,5
20230809,4,2198,6
20230809,4,2199,1
20230809,4,3310,0
20230809,4,3311,0
20230809,4,3802,2
20230809,5,2111,0
20230809,5,2112,0
20230809,5,2116,2
20230809,5,2122,3
20230809,5,2128,0
20230809,5,2129,2
20230809,5,2130,1
20230809,5,2139,4
20230809,5,2143,5
20230809,5,2148,4
20230809,5,2159,0
20230809,5,2171,2
20230809,5,2172,1
20230809,5,2178,0
20230809,5,2179,2
20230809,5,2185,3
20230809,5,2186,1
20230809,5,2191,3
20230809,5,2198,7
20230809,5,2199,1
20230809,5,3310,0
20230809,5,3311,0
20230809,5,3802,2
20230809,6,2111,0
20230809,6,2112,0
20230809,6,2116,2
20230809,6,2122,3
20230809,6,2128,0
20230809,6,2129,2
20230809,6,2130,1
20230809,6,2139,4
20230809,6,2143,5
20230809,6,2148,0
20230809,6,2159,0
20230809,6,2171,0
20230809,6,2172,2
20230809,6,2178,1
20230809,6,2179,2
20230809,6,2185,3
20230809,6,2186,0
20230809,6,2191,2
20230809,6,2198,6
20230809,6,2199,1
20230809,6,3310,0
20230809,6,3311,0
20230809,6,3802,6
20230809,7,2111,0
20230809,7,2112,0
20230809,7,2116,3
20230809,7,2122,0
20230809,7,2128,0
20230809,7,2129,2
20230809,7,2130,1
20230809,7,2139,1
20230809,7,2143,5
20230809,7,2148,0
20230809,7,2159,0
20230809,7,2171,3
20230809,7,2172,2
20230809,7,2178,0
20230809,7,2179,1
20230809,7,2185,2
20230809,7,2186,0
20230809,7,2191,1
20230809,7,2198,5
20230809,7,2199,1
20230809,7,3310,0
20230809,7,3311,0
20230809,7,3802,4
20230809,8,2111,1
20230809,8,2112,0
20230809,8,2116,4
20230809,8,2122,0
20230809,8,2128,0
20230809,8,2129,1
20230809,8,2130,1
20230809,8,2139,0
20230809,8,2143,4
20230809,8,2148,1
20230809,8,2159,0
20230809,8,2171,5
20230809,8,2172,4
20230809,8,2178,0
20230809,8,2179,2
20230809,8,2185,0
20230809,8,2186,1
20230809,8,2191,0
20230809,8,2198,5
20230809,8,2199,1
20230809,8,3310,0
20230809,8,3311,7
20230809,8,3802,0
20230809,9,2111,1
20230809,9,2112,2
20230809,9,2116,5
20230809,9,2122,1
20230809,9,2128,1
20230809,9,2129,0
20230809,9,2130,0
20230809,9,2139,0
20230809,9,2143,5
20230809,9,2148,1
20230809,9,2159,0
20230809,9,2171,7
20230809,9,2172,6
20230809,9,2178,0
20230809,9,2179,1
20230809,9,2185,0
20230809,9,2186,1
20230809,9,2191,0
20230809,9,2198,6
20230809,9,2199,1
20230809,9,3310,0
20230809,9,3311,11
20230809,9,3802,0
20230809,10,2111,2
20230809,10,2112,3
20230809,10,2116,5
20230809,10,2122,1
20230809,10,2128,1
20230809,10,2129,0
20230809,10,2130,0
20230809,10,2139,1
20230809,10,2143,5
20230809,10,2148,3
20230809,10,2159,0
20230809,10,2171,3
20230809,10,2172,7
20230809,10,2178,1
20230809,10,2179,0
20230809,10,2185,1
20230809,10,2186,1
20230809,10,2191,1
20230809,10,2198,6
20230809,10,2199,2
20230809,10,3310,12
20230809,10,3311,11
20230809,10,3802,0
20230809,11,2111,3
20230809,11,2112,2
20230809,11,2116,5
20230809,11,2122,0
20230809,11,2128,1
20230809,11,2129,0
20230809,11,2130,0
20230809,11,2139,3
20230809,11,2143,3
20230809,11,2148,3
20230809,11,2159,0
20230809,11,2171,1
20230809,11,2172,5
20230809,11,2178,1
20230809,11,2179,0
20230809,11,2185,2
20230809,11,2186,1
20230809,11,2191,0
20230809,11,2198,7
20230809,11,2199,3
20230809,11,3310,10
20230809,11,3311,11
20230809,11,3802,0
20230809,12,2111,2
20230809,12,2112,4
20230809,12,2116,6
20230809,12,2122,1
20230809,12,2128,0
20230809,12,2129,0
20230809,12,2130,0
20230809,12,2139,2
20230809,12,2143,1
20230809,12,2148,1
20230809,12,2159,0
20230809,12,2171,2
20230809,12,2172,3
20230809,12,2178,1
20230809,12,2179,0
20230809,12,2185,3
20230809,12,2186,1
20230809,12,2191,0
20230809,12,2198,8
20230809,12,2199,3
20230809,12,3310,8
20230809,12,3311,12
20230809,12,3802,0
20230809,13,2111,3
20230809,13,2112,8
20230809,13,2116,7
20230809,13,2122,1
20230809,13,2128,0
20230809,13,2129,1
20230809,13,2130,0
20230809,13,2139,1
20230809,13,2143,0
20230809,13,2148,0
20230809,13,2159,0
20230809,13,2171,2
20230809,13,2172,3
20230809,13,2178,2
20230809,13,2179,1
20230809,13,2185,4
20230809,13,2186,1
20230809,13,2191,0
20230809,13,2198,8
20230809,13,2199,3
20230809,13,3310,4
20230809,13,3311,10
20230809,13,3802,0
20230809,14,2111,3
20230809,14,2112,14
20230809,14,2116,8
20230809,14,2122,1
20230809,14,2128,0
20230809,14,2129,1
20230809,14,2130,0
20230809,14,2139,2
20230809,14,2143,1
20230809,14,2148,0
20230809,14,2159,0
20230809,14,2171,0
20230809,14,2172,2
20230809,14,2178,1
20230809,14,2179,2
20230809,14,2185,5
20230809,14,2186,1
20230809,14,2191,0
20230809,14,2198,6
20230809,14,2199,3
20230809,14,3310,4
20230809,14,3311,8
20230809,14,3802,0
20230809,15,2111,2
20230809,15,2112,14
20230809,15,2116,6
20230809,15,2122,1
20230809,15,2128,0
20230809,15,2129,0
20230809,15,2130,0
20230809,15,2139,2
20230809,15,2143,1
20230809,15,2148,0
20230809,15,2159,2
20230809,15,2171,0
20230809,15,2172,2
20230809,15,2178,0
20230809,15,2179,1
20230809,15,2185,6
20230809,15,2186,1
20230809,15,2191,0
20230809,15,2198,6
20230809,15,2199,3
20230809,15,3310,2
20230809,15,3311,6
20230809,15,3802,1
20230809,16,2111,2
20230809,16,2112,9
20230809,16,2116,4
20230809,16,2122,0
20230809,16,2128,0
20230809,16,2129,0
20230809,16,2130,0
20230809,16,2139,0
20230809,16,2143,1
20230809,16,2148,0
20230809,16,2159,2
20230809,16,2171,0
20230809,16,2172,3
20230809,16,2178,2
20230809,16,2179,3
20230809,16,2185,7
20230809,16,2186,0
20230809,16,2191,0
20230809,16,2198,2
20230809,16,2199,3
20230809,16,3310,1
20230809,16,3311,6
20230809,16,3802,1
20230809,17,2111,3
20230809,17,2112,9
20230809,17,2116,1
20230809,17,2122,0
20230809,17,2128,0
20230809,17,2129,0
20230809,17,2130,0
20230809,17,2139,0
20230809,17,2143,0
20230809,17,2148,1
20230809,17,2159,2
20230809,17,2171,0
20230809,17,2172,1
20230809,17,2178,0
20230809,17,2179,5
20230809,17,2185,3
20230809,17,2186,0
20230809,17,2191,0
20230809,17,2198,2
20230809,17,2199,3
20230809,17,3310,0
20230809,17,3311,7
20230809,17,3802,0
20230809,18,2111,3
20230809,18,2112,1
20230809,18,2116,1
20230809,18,2122,0
20230809,18,2128,0
20230809,18,2129,0
20230809,18,2130,0
20230809,18,2139,1
20230809,18,2143,0
20230809,18,2148,1
20230809,18,2159,2
20230809,18,2171,1
20230809,18,2172,1
20230809,18,2178,0
20230809,18,2179,8
20230809,18,2185,3
20230809,18,2186,0
20230809,18,2191,1
20230809,18,2198,2
20230809,18,2199,3
20230809,18,3310,0
20230809,18,3311,7
20230809,18,3802,0
20230809,19,2111,2
20230809,19,2112,0
20230809,19,2116,1
20230809,19,2122,0
20230809,19,2128,0
20230809,19,2129,0
20230809,19,2130,1
20230809,19,2139,3
20230809,19,2143,0
20230809,19,2148,0
20230809,19,2159,3
20230809,19,2171,0
20230809,19,2172,0
20230809,19,2178,0
20230809,19,2179,9
20230809,19,2185,1
20230809,19,2186,0
20230809,19,2191,2
20230809,19,2198,2
20230809,19,2199,3
20230809,19,3310,0
20230809,19,3311,3
20230809,19,3802,2
20230809,20,2111,3
20230809,20,2112,0
20230809,20,2116,1
20230809,20,2122,0
20230809,20,2128,1
20230809,20,2129,0
20230809,20,2130,0
20230809,20,2139,3
20230809,20,2143,1
20230809,20,2148,0
20230809,20,2159,1
20230809,20,2171,0
20230809,20,2172,0
20230809,20,2178,0
20230809,20,2179,8
20230809,20,2185,1
20230809,20,2186,0
20230809,20,2191,3
20230809,20,2198,2
20230809,20,2199,3
20230809,20,3310,0
20230809,20,3311,3
20230809,20,3802,0
20230809,21,2111,3
20230809,21,2112,0
20230809,21,2116,0
20230809,21,2122,1
20230809,21,2128,1
20230809,21,2129,0
20230809,21,2130,0
20230809,21,2139,3
20230809,21,2143,1
20230809,21,2148,1
20230809,21,2159,0
20230809,21,2171,1
20230809,21,2172,0
20230809,21,2178,1
20230809,21,2179,10
20230809,21,2185,0
20230809,21,2186,1
20230809,21,2191,2
20230809,21,2198,2
20230809,21,2199,3
20230809,21,3310,12
20230809,21,3311,3
20230809,21,3802,0
20230809,22,2111,2
20230809,22,2112,0
20230809,22,2116,0
20230809,22,2122,1
20230809,22,2128,1
20230809,22,2129,0
20230809,22,2130,0
20230809,22,2139,3
20230809,22,2143,0
20230809,22,2148,2
20230809,22,2159,0
20230809,22,2171,1
20230809,22,2172,1
20230809,22,2178,0
20230809,22,2179,9
20230809,22,2185,0
20230809,22,2186,2
20230809,22,2191,3
20230809,22,2198,2
20230809,22,2199,1
20230809,22,3310,10
20230809,22,3311,0
20230809,22,3802,0
20230809,23,2111,4
20230809,23,2112,0
20230809,23,2116,1
20230809,23,2122,1
20230809,23,2128,2
20230809,23,2129,0
20230809,23,2130,0
20230809,23,2139,3
20230809,23,2143,0
20230809,23,2148,3
20230809,23,2159,1
20230809,23,2171,4
20230809,23,2172,1
20230809,23,2178,0
20230809,23,2179,9
20230809,23,2185,1
20230809,23,2186,2
20230809,23,2191,5
20230809,23,2198,2
20230809,23,2199,1
20230809,23,3310,10
20230809,23,3311,1
20230809,23,3802,0
20230810,0,2111,4
20230810,0,2112,0
20230810,0,2116,2
20230810,0,2122,1
20230810,0,2128,2
20230810,0,2129,0
20230810,0,2130,0
20230810,0,2139,4
20230810,0,2143,0
20230810,0,2148,1
20230810,0,2159,1
20230810,0,2171,6
20230810,0,2172,0
20230810,0,2178,0
20230810,0,2179,9
20230810,0,2185,2
20230810,0,2186,2
20230810,0,2191,8
20230810,0,2198,2
20230810,0,2199,1
20230810,0,3310,9
20230810,0,3311,1
20230810,0,3802,0
20230810,1,2111,4
20230810,1,2112,0
20230810,1,2116,2
20230810,1,2122,1
20230810,1,2128,2
20230810,1,2129,0
20230810,1,2130,0
20230810,1,2139,4
20230810,1,2143,0
20230810,1,2148,3
20230810,1,2159,1
20230810,1,2171,7
20230810,1,2172,0
20230810,1,2178,0
20230810,1,2179,9
20230810,1,2185,3
20230810,1,2186,2
20230810,1,2191,7
20230810,1,2198,2
20230810,1,2199,1
20230810,1,3310,9
20230810,1,3311,0
20230810,1,3802,0
20230810,2,2111,3
20230810,2,2112,0
20230810,2,2116,2
20230810,2,2122,1
20230810,2,2128,2
20230810,2,2129,0
20230810,2,2130,0
20230810,2,2139,4
20230810,2,2143,0
20230810,2,2148,3
20230810,2,2159,1
20230810,2,2171,6
20230810,2,2172,1
20230810,2,2178,1
20230810,2,2179,8
20230810,2,2185,2
20230810,2,2186,2
20230810,2,2191,7
20230810,2,2198,2
20230810,2,2199,1
20230810,2,3310,9
20230810,2,3311,0
20230810,2,3802,0
20230810,3,2111,3
20230810,3,2112,0
20230810,3,2116,1
20230810,3,2122,0
20230810,3,2128,2
20230810,3,2129,0
20230810,3,2130,0
20230810,3,2139,5
20230810,3,2143,0
20230810,3,2148,3
20230810,3,2159,1
20230810,3,2171,6
20230810,3,2172,1
20230810,3,2178,1
20230810,3,2179,8
20230810,3,2185,3
20230810,3,2186,2
20230810,3,2191,6
20230810,3,2198,3
20230810,3,2199,1
20230810,3,3310,9
20230810,3,3311,0
20230810,3,3802,1
20230810,4,2111,3
20230810,4,2112,0
20230810,4,2116,1
20230810,4,2122,0
20230810,4,2128,2
20230810,4,2129,0
20230810,4,2130,0
20230810,4,2139,5
20230810,4,2143,0
20230810,4,2148,3
20230810,4,2159,1
20230810,4,2171,6
20230810,4,2172,1
20230810,4,2178,2
20230810,4,2179,8
20230810,4,2185,3
20230810,4,2186,2
20230810,4,2191,6
20230810,4,2198,3
20230810,4,2199,1
20230810,4,3310,9
20230810,4,3311,0
20230810,4,3802,1
20230810,5,2111,3
20230810,5,2112,0
20230810,5,2116,1
20230810,5,2122,0
20230810,5,2128,2
20230810,5,2129,0
20230810,5,2130,0
20230810,5,2139,5
20230810,5,2143,0
20230810,5,2148,3
20230810,5,2159,1
20230810,5,2171,6
20230810,5,2172,1
20230810,5,2178,2
20230810,5,2179,8
20230810,5,2185,4
20230810,5,2186,1
20230810,5,2191,7
20230810,5,2198,4
20230810,5,2199,0
20230810,5,3310,9
20230810,5,3311,0
20230810,5,3802,1
20230810,6,2111,3
20230810,6,2112,0
20230810,6,2116,0
20230810,6,2122,0
20230810,6,2128,1
20230810,6,2129,0
20230810,6,2130,0
20230810,6,2139,5
20230810,6,2143,0
20230810,6,2148,2
20230810,6,2159,1
20230810,6,2171,5
20230810,6,2172,1
20230810,6,2178,2
20230810,6,2179,8
20230810,6,2185,4
20230810,6,2186,1
20230810,6,2191,7
20230810,6,2198,4
20230810,6,2199,0
20230810,6,3310,9
20230810,6,3311,0
20230810,6,3802,1
20230810,7,2111,3
20230810,7,2112,0
20230810,7,2116,0
20230810,7,2122,0
20230810,7,2128,1
20230810,7,2129,0
20230810,7,2130,0
20230810,7,2139,5
20230810,7,2143,0
20230810,7,2148,2
20230810,7,2159,1
20230810,7,2171,5
20230810,7,2172,1
20230810,7,2178,2
20230810,7,2179,8
20230810,7,2185,4
20230810,7,2186,1
20230810,7,2191,7
20230810,7,2198,4
20230810,7,2199,1
20230810,7,3310,9
20230810,7,3311,0
20230810,7,3802,1
20230810,8,2111,4
20230810,8,2112,0
20230810,8,2116,1
20230810,8,2122,1
20230810,8,2128,1
20230810,8,2129,0
20230810,8,2130,0
20230810,8,2139,5
20230810,8,2143,0
20230810,8,2148,2
20230810,8,2159,1
20230810,8,2171,5
20230810,8,2172,0
20230810,8,2178,2
20230810,8,2179,9
20230810,8,2185,3
20230810,8,2186,1
20230810,8,2191,6
20230810,8,2198,4
20230810,8,2199,1
20230810,8,3310,9
20230810,8,3311,0
20230810,8,3802,1
20230810,9,2111,4
20230810,9,2112,0
20230810,9,2116,1
20230810,9,2122,1
20230810,9,2128,1
20230810,9,2129,0
20230810,9,2130,0
20230810,9,2139,5
20230810,9,2143,0
20230810,9,2148,2
20230810,9,2159,1
20230810,9,2171,5
20230810,9,2172,0
20230810,9,2178,2
20230810,9,2179,9
20230810,9,2185,3
20230810,9,2186,1
20230810,9,2191,7
20230810,9,2198,4
20230810,9,2199,1
20230810,9,3310,9
20230810,9,3311,1
20230810,9,3802,1
20230810,10,2111,4
20230810,10,2112,0
20230810,10,2116,1
20230810,10,2122,1
20230810,10,2128,1
20230810,10,2129,0
20230810,10,2130,0
20230810,10,2139,5
20230810,10,2143,0
20230810,10,2148,2
20230810,10,2159,1
20230810,10,2171,5
20230810,10,2172,0
20230810,10,2178,2
20230810,10,2179,9
20230810,10,2185,3
20230810,10,2186,1
20230810,10,2191,7
20230810,10,2198,4
20230810,10,2199,1
20230810,10,3310,9
20230810,10,3311,1
20230810,10,3802,1
20230810,11,2111,4
20230810,11,2112,0
20230810,11,2116,1
20230810,11,2122,1
20230810,11,2128,1
20230810,11,2129,0
20230810,11,2130,0
20230810,11,2139,5
20230810,11,2143,0
20230810,11,2148,2
20230810,11,2159,1
20230810,11,2171,5
20230810,11,2172,0
20230810,11,2178,2
20230810,11,2179,9
20230810,11,2185,3
20230810,11,2186,1
20230810,11,2191,7
20230810,11,2198,4
20230810,11,2199,1
20230810,11,3310,9
20230810,11,3311,1
20230810,11,3802,1
20230810,12,2111,4
20230810,12,2112,0
20230810,12,2116,1
20230810,12,2122,1
20230810,12,2128,1
20230810,12,2129,0
20230810,12,2130,0
20230810,12,2139,5
20230810,12,2143,0
20230810,12,2148,2
20230810,12,2159,1
20230810,12,2171,5
20230810,12,2172,0
20230810,12,2178,2
20230810,12,2179,9
20230810,12,2185,3
20230810,12,2186,1
20230810,12,2191,7
20230810,12,2198,4
20230810,12,2199,1
20230810,12,3310,9
20230810,12,3311,1
20230810,12,3802,1
20230810,13,2111,4
20230810,13,2112,0
20230810,13,2116,1
20230810,13,2122,1
20230810,13,2128,1
20230810,13,2129,0
20230810,13,2130,0
20230810,13,2139,5
20230810,13,2143,0
20230810,13,2148,2
20230810,13,2159,1
20230810,13,2171,5
20230810,13,2172,0
20230810,13,2178,2
20230810,13,2179,9
20230810,13,2185,3
20230810,13,2186,1
20230810,13,2191,7
20230810,13,2198,4
20230810,13,2199,1
20230810,13,3310,9
20230810,13,3311,1
20230810,13,3802,1
20230810,14,2111,4
20230810,14,2112,0
20230810,14,2116,0
20230810,14,2122,1
20230810,14,2128,1
20230810,14,2129,0
20230810,14,2130,0
20230810,14,2139,5
20230810,14,2143,0
20230810,14,2148,2
20230810,14,2159,1
20230810,14,2171,5
20230810,14,2172,0
20230810,14,2178,2
20230810,14,2179,9
20230810,14,2185,2
20230810,14,2186,1
20230810,14,2191,7
20230810,14,2198,4
20230810,14,2199,1
20230810,14,3310,8
20230810,14,3311,1
20230810,14,3802,1
20230810,15,2111,4
20230810,15,2112,0
20230810,15,2116,0
20230810,15,2122,1
20230810,15,2128,1
20230810,15,2129,0
20230810,15,2130,0
20230810,15,2139,5
20230810,15,2143,0
20230810,15,2148,2
20230810,15,2159,1
20230810,15,2171,0
20230810,15,2172,0
20230810,15,2178,2
20230810,15,2179,9
20230810,15,2185,2
20230810,15,2186,1
20230810,15,2191,7
20230810,15,2198,4
20230810,15,2199,1
20230810,15,3310,8
20230810,15,3311,0
20230810,15,3802,1
20230810,16,2111,4
20230810,16,2112,0
20230810,16,2116,0
20230810,16,2122,1
20230810,16,2128,1
20230810,16,2129,0
20230810,16,2130,0
20230810,16,2139,5
20230810,16,2143,0
20230810,16,2148,2
20230810,16,2159,1
20230810,16,2171,0
20230810,16,2172,0
20230810,16,2178,2
20230810,16,2179,9
20230810,16,2185,2
20230810,16,2186,1
20230810,16,2191,7
20230810,16,2198,4
20230810,16,2199,1
20230810,16,3310,8
20230810,16,3311,0
20230810,16,3802,0
20230810,17,2111,4
20230810,17,2112,0
20230810,17,2116,0
20230810,17,2122,1
20230810,17,2128,1
20230810,17,2129,0
20230810,17,2130,0
20230810,17,2139,5
20230810,17,2143,0
20230810,17,2148,2
20230810,17,2159,1
20230810,17,2171,0
20230810,17,2172,0
20230810,17,2178,2
20230810,17,2179,9
20230810,17,2185,2
20230810,17,2186,1
20230810,17,2191,7
20230810,17,2198,0
20230810,17,2199,1
20230810,17,3310,8
20230810,17,3311,0
20230810,17,3802,0
20230810,18,2111,4
20230810,18,2112,0
20230810,18,2116,0
20230810,18,2122,1
20230810,18,2128,1
20230810,18,2129,0
20230810,18,2130,0
20230810,18,2139,5
20230810,18,2143,0
20230810,18,2148,2
20230810,18,2159,1
20230810,18,2171,0
20230810,18,2172,0
20230810,18,2178,2
20230810,18,2179,9
20230810,18,2185,2
20230810,18,2186,1
20230810,18,2191,7
20230810,18,2198,0
20230810,18,2199,1
20230810,18,3310,8
20230810,18,3311,1
20230810,18,3802,0
20230810,19,2111,4
20230810,19,2112,0
20230810,19,2116,0
20230810,19,2122,1
20230810,19,2128,1
20230810,19,2129,0
20230810,19,2130,0
20230810,19,2139,5
20230810,19,2143,0
20230810,19,2148,1
20230810,19,2159,1
20230810,19,2171,0
20230810,19,2172,0
20230810,19,2178,2
20230810,19,2179,9
20230810,19,2185,2
20230810,19,2186,1
20230810,19,2191,8
20230810,19,2198,0
20230810,19,2199,1
20230810,19,3310,8
20230810,19,3311,1
20230810,19,3802,0
20230810,20,2111,4
20230810,20,2112,0
20230810,20,2116,0
20230810,20,2122,1
20230810,20,2128,1
20230810,20,2129,0
20230810,20,2130,0
20230810,20,2139,5
20230810,20,2143,0
20230810,20,2148,1
20230810,20,2159,1
20230810,20,2171,0
20230810,20,2172,0
20230810,20,2178,2
20230810,20,2179,9
20230810,20,2185,2
20230810,20,2186,1
20230810,20,2191,8
20230810,20,2198,0
20230810,20,2199,1
20230810,20,3310,8
20230810,20,3311,1
20230810,20,3802,0
20230810,21,2111,4
20230810,21,2112,0
20230810,21,2116,0
20230810,21,2122,1
20230810,21,2128,1
20230810,21,2129,0
20230810,21,2130,0
20230810,21,2139,5
20230810,21,2143,0
20230810,21,2148,2
20230810,21,2159,1
20230810,21,2171,0
20230810,21,2172,0
20230810,21,2178,2
20230810,21,2179,9
20230810,21,2185,2
20230810,21,2186,1
20230810,21,2191,8
20230810,21,2198,0
20230810,21,2199,1
20230810,21,3310,8
20230810,21,3311,1
20230810,21,3802,0
20230810,22,2111,3
20230810,22,2112,0
20230810,22,2116,0
20230810,22,2122,1
20230810,22,2128,1
20230810,22,2129,0
20230810,22,2130,0
20230810,22,2139,4
20230810,22,2143,0
20230810,22,2148,2
20230810,22,2159,1
20230810,22,2171,0
20230810,22,2172,0
20230810,22,2178,2
20230810,22,2179,9
20230810,22,2185,2
20230810,22,2186,1
20230810,22,2191,8
20230810,22,2198,0
20230810,22,2199,1
20230810,22,3310,8
20230810,22,3311,1
20230810,22,3802,0
20230810,23,2111,3
20230810,23,2112,0
20230810,23,2116,0
20230810,23,2122,1
20230810,23,2128,0
20230810,23,2129,0
20230810,23,2130,0
20230810,23,2139,3
20230810,23,2143,0
20230810,23,2148,2
20230810,23,2159,1
20230810,23,2171,0
20230810,23,2172,0
20230810,23,2178,2
20230810,23,2179,9
20230810,23,2185,2
20230810,23,2186,1
20230810,23,2191,8
20230810,23,2198,0
20230810,23,2199,1
20230810,23,3310,8
20230810,23,3311,1
20230810,23,3802,0
20230811,0,2111,3
20230811,0,2112,0
20230811,0,2116,0
20230811,0,2122,0
20230811,0,2128,0
20230811,0,2129,0
20230811,0,2130,0
20230811,0,2139,3
20230811,0,2143,0
20230811,0,2148,1
20230811,0,2159,1
20230811,0,2171,0
20230811,0,2172,0
20230811,0,2178,2
20230811,0,2179,9
20230811,0,2185,3
20230811,0,2186,1
20230811,0,2191,9
20230811,0,2198,0
20230811,0,2199,1
20230811,0,3310,8
20230811,0,3311,0
20230811,0,3802,0
20230811,1,2111,3
20230811,1,2112,0
20230811,1,2116,0
20230811,1,2122,0
20230811,1,2128,0
20230811,1,2129,0
20230811,1,2130,0
20230811,1,2139,4
20230811,1,2143,0
20230811,1,2148,1
20230811,1,2159,1
20230811,1,2171,0
20230811,1,2172,0
20230811,1,2178,2
20230811,1,2179,8
20230811,1,2185,3
20230811,1,2186,1
20230811,1,2191,9
20230811,1,2198,1
20230811,1,2199,1
20230811,1,3310,8
20230811,1,3311,0
20230811,1,3802,0
20230811,2,2111,3
20230811,2,2112,0
20230811,2,2116,0
20230811,2,2122,0
20230811,2,2128,0
20230811,2,2129,0
20230811,2,2130,0
20230811,2,2139,4
20230811,2,2143,0
20230811,2,2148,1
20230811,2,2159,1
20230811,2,2171,0
20230811,2,2172,0
20230811,2,2178,2
20230811,2,2179,8
20230811,2,2185,3
20230811,2,2186,1
20230811,2,2191,9
20230811,2,2198,1
20230811,2,2199,1
20230811,2,3310,8
20230811,2,3311,0
20230811,2,3802,0
20230811,3,2111,3
20230811,3,2112,0
20230811,3,2116,0
20230811,3,2122,0
20230811,3,2128,0
20230811,3,2129,0
20230811,3,2130,0
20230811,3,2139,4
20230811,3,2143,0
20230811,3,2148,1
20230811,3,2159,1
20230811,3,2171,0
20230811,3,2172,0
20230811,3,2178,2
20230811,3,2179,8
20230811,3,2185,3
20230811,3,2186,1
20230811,3,2191,9
20230811,3,2198,1
20230811,3,2199,1
20230811,3,3310,8
20230811,3,3311,0
20230811,3,3802,0
20230811,4,2111,3
20230811,4,2112,0
20230811,4,2116,0
20230811,4,2122,0
20230811,4,2128,0
20230811,4,2129,0
20230811,4,2130,0
20230811,4,2139,4
20230811,4,2143,0
20230811,4,2148,1
20230811,4,2159,1
20230811,4,2171,0
20230811,4,2172,0
20230811,4,2178,2
20230811,4,2179,8
20230811,4,2185,3
20230811,4,2186,1
20230811,4,2191,9
20230811,4,2198,1
20230811,4,2199,1
20230811,4,3310,8
20230811,4,3311,0
20230811,4,3802,0
20230811,5,2111,3
20230811,5,2112,0
20230811,5,2116,0
20230811,5,2122,0
20230811,5,2128,0
20230811,5,2129,0
20230811,5,2130,0
20230811,5,2139,5
20230811,5,2143,0
20230811,5,2148,1
20230811,5,2159,1
20230811,5,2171,0
20230811,5,2172,0
20230811,5,2178,2
20230811,5,2179,8
20230811,5,2185,3
20230811,5,2186,1
20230811,5,2191,9
20230811,5,2198,1
20230811,5,2199,1
20230811,5,3310,8
20230811,5,3311,0
20230811,5,3802,0
20230811,6,2111,2
20230811,6,2112,0
20230811,6,2116,0
20230811,6,2122,0
20230811,6,2128,0
20230811,6,2129,0
20230811,6,2130,0
20230811,6,2139,5
20230811,6,2143,0
20230811,6,2148,0
20230811,6,2159,1
20230811,6,2171,0
20230811,6,2172,0
20230811,6,2178,2
20230811,6,2179,7
20230811,6,2185,3
20230811,6,2186,1
20230811,6,2191,9
20230811,6,2198,2
20230811,6,2199,1
20230811,6,3310,8
20230811,6,3311,0
20230811,6,3802,0
20230811,7,2111,2
20230811,7,2112,0
20230811,7,2116,0
20230811,7,2122,0
20230811,7,2128,0
20230811,7,2129,0
20230811,7,2130,0
20230811,7,2139,5
20230811,7,2143,0
20230811,7,2148,0
20230811,7,2159,1
20230811,7,2171,0
20230811,7,2172,0
20230811,7,2178,2
20230811,7,2179,7
20230811,7,2185,3
20230811,7,2186,1
20230811,7,2191,9
20230811,7,2198,2
20230811,7,2199,1
20230811,7,3310,8
20230811,7,3311,0
20230811,7,3802,1
20230811,8,2111,2
20230811,8,2112,0
20230811,8,2116,0
20230811,8,2122,0
20230811,8,2128,0
20230811,8,2129,0
20230811,8,2130,0
20230811,8,2139,5
20230811,8,2143,0
20230811,8,2148,0
20230811,8,2159,1
20230811,8,2171,0
20230811,8,2172,0
20230811,8,2178,2
20230811,8,2179,7
20230811,8,2185,2
20230811,8,2186,1
20230811,8,2191,9
20230811,8,2198,2
20230811,8,2199,1
20230811,8,3310,8
20230811,8,3311,0
20230811,8,3802,1
20230811,9,2111,3
20230811,9,2112,0
20230811,9,2116,1
20230811,9,2122,0
20230811,9,2128,0
20230811,9,2129,0
20230811,9,2130,0
20230811,9,2139,5
20230811,9,2143,0
20230811,9,2148,0
20230811,9,2159,1
20230811,9,2171,0
20230811,9,2172,0
20230811,9,2178,2
20230811,9,2179,7
20230811,9,2185,2
20230811,9,2186,1
20230811,9,2191,8
20230811,9,2198,2
20230811,9,2199,1
20230811,9,3310,7
20230811,9,3311,0
20230811,9,3802,1
20230811,10,2111,3
20230811,10,2112,0
20230811,10,2116,1
20230811,10,2122,0
20230811,10,2128,1
20230811,10,2129,0
20230811,10,2130,0
20230811,10,2139,6
20230811,10,2143,0
20230811,10,2148,0
20230811,10,2159,1
20230811,10,2171,0
20230811,10,2172,0
20230811,10,2178,2
20230811,10,2179,7
20230811,10,2185,2
20230811,10,2186,1
20230811,10,2191,8
20230811,10,2198,2
20230811,10,2199,1
20230811,10,3310,7
20230811,10,3311,1
20230811,10,3802,1
20230811,11,2111,3
20230811,11,2112,0
20230811,11,2116,1
20230811,11,2122,0
20230811,11,2128,1
20230811,11,2129,0
20230811,11,2130,0
20230811,11,2139,6
20230811,11,2143,0
20230811,11,2148,0
20230811,11,2159,1
20230811,11,2171,0
20230811,11,2172,0
20230811,11,2178,2
20230811,11,2179,7
20230811,11,2185,2
20230811,11,2186,1
20230811,11,2191,8
20230811,11,2198,2
20230811,11,2199,1
20230811,11,3310,7
20230811,11,3311,1
20230811,11,3802,1
20230811,12,2111,2
20230811,12,2112,0
20230811,12,2116,1
20230811,12,2122,0
20230811,12,2128,0
20230811,12,2129,0
20230811,12,2130,0
20230811,12,2139,6
20230811,12,2143,0
20230811,12,2148,0
20230811,12,2159,1
20230811,12,2171,0
20230811,12,2172,0
20230811,12,2178,2
20230811,12,2179,7
20230811,12,2185,2
20230811,12,2186,1
20230811,12,2191,8
20230811,12,2198,2
20230811,12,2199,0
20230811,12,3310,7
20230811,12,3311,1
20230811,12,3802,0
20230811,13,2111,3
20230811,13,2112,0
20230811,13,2116,3
20230811,13,2122,0
20230811,13,2128,0
20230811,13,2129,0
20230811,13,2130,0
20230811,13,2139,5
20230811,13,2143,0
20230811,13,2148,0
20230811,13,2159,1
20230811,13,2171,0
20230811,13,2172,0
20230811,13,2178,1
20230811,13,2179,7
20230811,13,2185,2
20230811,13,2186,2
20230811,13,2191,6
20230811,13,2198,2
20230811,13,2199,0
20230811,13,3310,6
20230811,13,3311,1
20230811,13,3802,0
20230811,14,2111,2
20230811,14,2112,1
20230811,14,2116,3
20230811,14,2122,0
20230811,14,2128,0
20230811,14,2129,0
20230811,14,2130,0
20230811,14,2139,4
20230811,14,2143,0
20230811,14,2148,0
20230811,14,2159,1
20230811,14,2171,1
20230811,14,2172,0
20230811,14,2178,1
20230811,14,2179,6
20230811,14,2185,3
20230811,14,2186,2
20230811,14,2191,5
20230811,14,2198,2
20230811,14,2199,0
20230811,14,3310,6
20230811,14,3311,1
20230811,14,3802,0
20230811,15,2111,3
20230811,15,2112,1
20230811,15,2116,2
20230811,15,2122,0
20230811,15,2128,0
20230811,15,2129,0
20230811,15,2130,7
20230811,15,2139,3
20230811,15,2143,0
20230811,15,2148,0
20230811,15,2159,0
20230811,15,2171,0
20230811,15,2172,0
20230811,15,2178,1
20230811,15,2179,7
20230811,15,2185,3
20230811,15,2186,3
20230811,15,2191,5
20230811,15,2198,2
20230811,15,2199,0
20230811,15,3310,6
20230811,15,3311,1
20230811,15,3802,0
20230811,16,2111,2
20230811,16,2112,1
20230811,16,2116,1
20230811,16,2122,0
20230811,16,2128,0
20230811,16,2129,0
20230811,16,2130,7
20230811,16,2139,3
20230811,16,2143,0
20230811,16,2148,0
20230811,16,2159,0
20230811,16,2171,0
20230811,16,2172,0
20230811,16,2178,1
20230811,16,2179,7
20230811,16,2185,3
20230811,16,2186,2
20230811,16,2191,5
20230811,16,2198,2
20230811,16,2199,0
20230811,16,3310,5
20230811,16,3311,0
20230811,16,3802,0
20230811,17,2111,2
20230811,17,2112,0
20230811,17,2116,0
20230811,17,2122,0
20230811,17,2128,0
20230811,17,2129,1
20230811,17,2130,7
20230811,17,2139,2
20230811,17,2143,0
20230811,17,2148,0
20230811,17,2159,0
20230811,17,2171,0
20230811,17,2172,0
20230811,17,2178,0
20230811,17,2179,6
20230811,17,2185,4
20230811,17,2186,3
20230811,17,2191,2
20230811,17,2198,1
20230811,17,2199,0
20230811,17,3310,5
20230811,17,3311,0
20230811,17,3802,1
20230811,18,2111,2
20230811,18,2112,0
20230811,18,2116,0
20230811,18,2122,0
20230811,18,2128,0
20230811,18,2129,1
20230811,18,2130,7
20230811,18,2139,1
20230811,18,2143,1
20230811,18,2148,0
20230811,18,2159,0
20230811,18,2171,1
20230811,18,2172,0
20230811,18,2178,0
20230811,18,2179,5
20230811,18,2185,3
20230811,18,2186,2
20230811,18,2191,0
20230811,18,2198,0
20230811,18,2199,0
20230811,18,3310,5
20230811,18,3311,0
20230811,18,3802,0
20230811,19,2111,2
20230811,19,2112,0
20230811,19,2116,2
20230811,19,2122,0
20230811,19,2128,1
20230811,19,2129,0
20230811,19,2130,8
20230811,19,2139,1
20230811,19,2143,0
20230811,19,2148,0
20230811,19,2159,0
20230811,19,2171,6
20230811,19,2172,1
20230811,19,2178,15
20230811,19,2179,4
20230811,19,2185,2
20230811,19,2186,3
20230811,19,2191,1
20230811,19,2198,0
20230811,19,2199,0
20230811,19,3310,5
20230811,19,3311,0
20230811,19,3802,1
20230811,20,2111,2
20230811,20,2112,0
20230811,20,2116,1
20230811,20,2122,0
20230811,20,2128,1
20230811,20,2129,0
20230811,20,2130,7
20230811,20,2139,1
20230811,20,2143,0
20230811,20,2148,0
20230811,20,2159,0
20230811,20,2171,8
20230811,20,2172,0
20230811,20,2178,16
20230811,20,2179,4
20230811,20,2185,3
20230811,20,2186,3
20230811,20,2191,1
20230811,20,2198,0
20230811,20,2199,0
20230811,20,3310,4
20230811,20,3311,1
20230811,20,3802,0
20230811,21,2111,2
20230811,21,2112,0
20230811,21,2116,0
20230811,21,2122,0
20230811,21,2128,0
20230811,21,2129,0
20230811,21,2130,7
20230811,21,2139,1
20230811,21,2143,0
20230811,21,2148,1
20230811,21,2159,0
20230811,21,2171,8
20230811,21,2172,0
20230811,21,2178,14
20230811,21,2179,5
20230811,21,2185,3
20230811,21,2186,3
20230811,21,2191,2
20230811,21,2198,0
20230811,21,2199,0
20230811,21,3310,4
20230811,21,3311,0
20230811,21,3802,0
20230811,22,2111,2
20230811,22,2112,0
20230811,22,2116,0
20230811,22,2122,0
20230811,22,2128,1
20230811,22,2129,0
20230811,22,2130,7
20230811,22,2139,1
20230811,22,2143,1
20230811,22,2148,0
20230811,22,2159,0
20230811,22,2171,6
20230811,22,2172,0
20230811,22,2178,14
20230811,22,2179,3
20230811,22,2185,3
20230811,22,2186,1
20230811,22,2191,2
20230811,22,2198,0
20230811,22,2199,0
20230811,22,3310,4
20230811,22,3311,0
20230811,22,3802,0
20230811,23,2111,2
20230811,23,2112,0
20230811,23,2116,0
20230811,23,2122,0
20230811,23,2128,0
20230811,23,2129,0
20230811,23,2130,7
20230811,23,2139,1
20230811,23,2143,0
20230811,23,2148,0
20230811,23,2159,0
20230811,23,2171,3
20230811,23,2172,1
20230811,23,2178,14
20230811,23,2179,5
20230811,23,2185,4
20230811,23,2186,1
20230811,23,2191,3
20230811,23,2198,0
20230811,23,2199,0
20230811,23,3310,3
20230811,23,3311,1
20230811,23,3802,0
20230812,0,2111,1
20230812,0,2112,0
20230812,0,2116,1
20230812,0,2122,0
20230812,0,2128,0
20230812,0,2129,0
20230812,0,2130,6
20230812,0,2139,2
20230812,0,2143,0
20230812,0,2148,0
20230812,0,2159,0
20230812,0,2171,1
20230812,0,2172,0
20230812,0,2178,14
20230812,0,2179,4
20230812,0,2185,5
20230812,0,2186,0
20230812,0,2191,3
20230812,0,2198,0
20230812,0,2199,0
20230812,0,3310,3
20230812,0,3311,3
20230812,0,3802,1
20230812,1,2111,1
20230812,1,2112,0
20230812,1,2116,0
20230812,1,2122,0
20230812,1,2128,0
20230812,1,2129,0
20230812,1,2130,5
20230812,1,2139,4
20230812,1,2143,0
20230812,1,2148,1
20230812,1,2159,0
20230812,1,2171,0
20230812,1,2172,0
20230812,1,2178,12
20230812,1,2179,4
20230812,1,2185,5
20230812,1,2186,0
20230812,1,2191,3
20230812,1,2198,0
20230812,1,2199,0
20230812,1,3310,3
20230812,1,3311,1
20230812,1,3802,1
20230812,2,2111,1
20230812,2,2112,1
20230812,2,2116,0
20230812,2,2122,0
20230812,2,2128,1
20230812,2,2129,0
20230812,2,2130,5
20230812,2,2139,4
20230812,2,2143,0
20230812,2,2148,1
20230812,2,2159,0
20230812,2,2171,0
20230812,2,2172,0
20230812,2,2178,12
20230812,2,2179,5
20230812,2,2185,5
20230812,2,2186,0
20230812,2,2191,4
20230812,2,2198,0
20230812,2,2199,0
20230812,2,3310,4
20230812,2,3311,1
20230812,2,3802,1
20230812,3,2111,1
20230812,3,2112,0
20230812,3,2116,0
20230812,3,2122,0
20230812,3,2128,2
20230812,3,2129,0
20230812,3,2130,5
20230812,3,2139,3
20230812,3,2143,1
20230812,3,2148,1
20230812,3,2159,0
20230812,3,2171,0
20230812,3,2172,0
20230812,3,2178,12
20230812,3,2179,5
20230812,3,2185,4
20230812,3,2186,0
20230812,3,2191,6
20230812,3,2198,0
20230812,3,2199,0
20230812,3,3310,4
20230812,3,3311,1
20230812,3,3802,1
20230812,4,2111,1
20230812,4,2112,0
20230812,4,2116,0
20230812,4,2122,0
20230812,4,2128,2
20230812,4,2129,0
20230812,4,2130,5
20230812,4,2139,4
20230812,4,2143,2
20230812,4,2148,0
20230812,4,2159,0
20230812,4,2171,1
20230812,4,2172,0
20230812,4,2178,12
20230812,4,2179,5
20230812,4,2185,5
20230812,4,2186,0
20230812,4,2191,7
20230812,4,2198,0
20230812,4,2199,0
20230812,4,3310,4
20230812,4,3311,1
20230812,4,3802,1
20230812,5,2111,1
20230812,5,2112,0
20230812,5,2116,0
20230812,5,2122,0
20230812,5,2128,2
20230812,5,2129,0
20230812,5,2130,5
20230812,5,2139,4
20230812,5,2143,2
20230812,5,2148,0
20230812,5,2159,0
20230812,5,2171,1
20230812,5,2172,0
20230812,5,2178,12
20230812,5,2179,5
20230812,5,2185,5
20230812,5,2186,0
20230812,5,2191,8
20230812,5,2198,0
20230812,5,2199,0
20230812,5,3310,4
20230812,5,3311,1
20230812,5,3802,1
20230812,6,2111,1
20230812,6,2112,0
20230812,6,2116,0
20230812,6,2122,0
20230812,6,2128,2
20230812,6,2129,0
20230812,6,2130,5
20230812,6,2139,5
20230812,6,2143,2
20230812,6,2148,0
20230812,6,2159,0
20230812,6,2171,1
20230812,6,2172,0
20230812,6,2178,12
20230812,6,2179,5
20230812,6,2185,5
20230812,6,2186,0
20230812,6,2191,8
20230812,6,2198,0
20230812,6,2199,0
20230812,6,3310,4
20230812,6,3311,1
20230812,6,3802,1
20230812,7,2111,2
20230812,7,2112,0
20230812,7,2116,0
20230812,7,2122,0
20230812,7,2128,1
20230812,7,2129,0
20230812,7,2130,5
20230812,7,2139,4
20230812,7,2143,2
20230812,7,2148,0
20230812,7,2159,0
20230812,7,2171,1
20230812,7,2172,0
20230812,7,2178,12
20230812,7,2179,3
20230812,7,2185,5
20230812,7,2186,0
20230812,7,2191,8
20230812,7,2198,0
20230812,7,2199,0
20230812,7,3310,2
20230812,7,3311,1
20230812,7,3802,1
20230812,8,2111,2
20230812,8,2112,1
20230812,8,2116,0
20230812,8,2122,0
20230812,8,2128,0
20230812,8,2129,0
20230812,8,2130,5
20230812,8,2139,4
20230812,8,2143,2
20230812,8,2148,1
20230812,8,2159,0
20230812,8,2171,1
20230812,8,2172,0
20230812,8,2178,11
20230812,8,2179,4
20230812,8,2185,6
20230812,8,2186,0
20230812,8,2191,8
20230812,8,2198,0
20230812,8,2199,0
20230812,8,3310,2
20230812,8,3311,3
20230812,8,3802,1
20230812,9,2111,2
20230812,9,2112,1
20230812,9,2116,0
20230812,9,2122,0
20230812,9,2128,1
20230812,9,2129,14
20230812,9,2130,5
20230812,9,2139,5
20230812,9,2143,2
20230812,9,2148,0
20230812,9,2159,0
20230812,9,2171,4
20230812,9,2172,1
20230812,9,2178,11
20230812,9,2179,8
20230812,9,2185,5
20230812,9,2186,0
20230812,9,2191,9
20230812,9,2198,0
20230812,9,2199,0
20230812,9,3310,2
20230812,9,3311,3
20230812,9,3802,1
20230812,10,2111,1
20230812,10,2112,1
20230812,10,2116,0
20230812,10,2122,0
20230812,10,2128,4
20230812,10,2129,13
20230812,10,2130,5
20230812,10,2139,5
20230812,10,2143,3
20230812,10,2148,0
20230812,10,2159,0
20230812,10,2171,2
20230812,10,2172,0
20230812,10,2178,11
20230812,10,2179,9
20230812,10,2185,5
20230812,10,2186,15
20230812,10,2191,9
20230812,10,2198,0
20230812,10,2199,0
20230812,10,3310,0
20230812,10,3311,7
20230812,10,3802,1
20230812,11,2111,1
20230812,11,2112,0
20230812,11,2116,1
20230812,11,2122,2
20230812,11,2128,4
20230812,11,2129,13
20230812,11,2130,5
20230812,11,2139,4
20230812,11,2143,2
20230812,11,2148,0
20230812,11,2159,1
20230812,11,2171,2
20230812,11,2172,0
20230812,11,2178,11
20230812,11,2179,7
20230812,11,2185,2
20230812,11,2186,15
20230812,11,2191,6
20230812,11,2198,1
20230812,11,2199,0
20230812,11,3310,0
20230812,11,3311,10
20230812,11,3802,1
20230812,12,2111,3
20230812,12,2112,0
20230812,12,2116,2
20230812,12,2122,0
20230812,12,2128,2
20230812,12,2129,12
20230812,12,2130,5
20230812,12,2139,4
20230812,12,2143,3
20230812,12,2148,0
20230812,12,2159,0
20230812,12,2171,3
20230812,12,2172,2
20230812,12,2178,10
20230812,12,2179,9
20230812,12,2185,0
20230812,12,2186,14
20230812,12,2191,4
20230812,12,2198,1
20230812,12,2199,0
20230812,12,3310,0
20230812,12,3311,11
20230812,12,3802,3
20230812,13,2111,6
20230812,13,2112,2
20230812,13,2116,0
20230812,13,2122,0
20230812,13,2128,4
20230812,13,2129,11
20230812,13,2130,5
20230812,13,2139,4
20230812,13,2143,2
20230812,13,2148,1
20230812,13,2159,0
20230812,13,2171,4
20230812,13,2172,4
20230812,13,2178,9
20230812,13,2179,12
20230812,13,2185,0
20230812,13,2186,13
20230812,13,2191,2
20230812,13,2198,1
20230812,13,2199,0
20230812,13,3310,0
20230812,13,3311,11
20230812,13,3802,4
20230812,14,2111,6
20230812,14,2112,1
20230812,14,2116,0
20230812,14,2122,0
20230812,14,2128,5
20230812,14,2129,11
20230812,14,2130,4
20230812,14,2139,4
20230812,14,2143,4
20230812,14,2148,1
20230812,14,2159,0
20230812,14,2171,3
20230812,14,2172,5
20230812,14,2178,11
20230812,14,2179,13
20230812,14,2185,0
20230812,14,2186,13
20230812,14,2191,2
20230812,14,2198,1
20230812,14,2199,0
20230812,14,3310,0
20230812,14,3311,9
20230812,14,3802,5
20230812,15,2111,6
20230812,15,2112,1
20230812,15,2116,1
20230812,15,2122,0
20230812,15,2128,3
20230812,15,2129,11
20230812,15,2130,4
20230812,15,2139,3
20230812,15,2143,4
20230812,15,2148,4
20230812,15,2159,0
20230812,15,2171,3
20230812,15,2172,5
20230812,15,2178,10
20230812,15,2179,13
20230812,15,2185,0
20230812,15,2186,10
20230812,15,2191,0
20230812,15,2198,1
20230812,15,2199,0
20230812,15,3310,10
20230812,15,3311,10
20230812,15,3802,5
20230812,16,2111,4
20230812,16,2112,0
20230812,16,2116,3
20230812,16,2122,0
20230812,16,2128,3
20230812,16,2129,8
20230812,16,2130,9
20230812,16,2139,2
20230812,16,2143,3
20230812,16,2148,4
20230812,16,2159,0
20230812,16,2171,3
20230812,16,2172,3
20230812,16,2178,8
20230812,16,2179,11
20230812,16,2185,0
20230812,16,2186,11
20230812,16,2191,0
20230812,16,2198,1
20230812,16,2199,0
20230812,16,3310,8
20230812,16,3311,10
20230812,16,3802,5
20230812,17,2111,6
20230812,17,2112,4
20230812,17,2116,1
20230812,17,2122,0
20230812,17,2128,4
20230812,17,2129,8
20230812,17,2130,9
20230812,17,2139,1
20230812,17,2143,2
20230812,17,2148,1
20230812,17,2159,2
20230812,17,2171,5
20230812,17,2172,2
20230812,17,2178,6
20230812,17,2179,9
20230812,17,2185,0
20230812,17,2186,6
20230812,17,2191,4
20230812,17,2198,0
20230812,17,2199,0
20230812,17,3310,6
20230812,17,3311,12
20230812,17,3802,5
20230812,18,2111,13
20230812,18,2112,6
20230812,18,2116,2
20230812,18,2122,2
20230812,18,2128,3
20230812,18,2129,6
20230812,18,2130,9
20230812,18,2139,2
20230812,18,2143,0
20230812,18,2148,1
20230812,18,2159,0
20230812,18,2171,7
20230812,18,2172,2
20230812,18,2178,6
20230812,18,2179,7
20230812,18,2185,0
20230812,18,2186,5
20230812,18,2191,5
20230812,18,2198,0
20230812,18,2199,0
20230812,18,3310,4
20230812,18,3311,8
20230812,18,3802,2
20230812,19,2111,17
20230812,19,2112,5
20230812,19,2116,0
20230812,19,2122,4
20230812,19,2128,3
20230812,19,2129,7
20230812,19,2130,8
20230812,19,2139,2
20230812,19,2143,0
20230812,19,2148,0
20230812,19,2159,0
20230812,19,2171,7
20230812,19,2172,0
20230812,19,2178,4
20230812,19,2179,9
20230812,19,2185,0
20230812,19,2186,5
20230812,19,2191,4
20230812,19,2198,0
20230812,19,2199,1
20230812,19,3310,1
20230812,19,3311,7
20230812,19,3802,0
20230812,20,2111,13
20230812,20,2112,5
20230812,20,2116,0
20230812,20,2122,6
20230812,20,2128,0
20230812,20,2129,4
20230812,20,2130,8
20230812,20,2139,1
20230812,20,2143,0
20230812,20,2148,0
20230812,20,2159,1
20230812,20,2171,3
20230812,20,2172,0
20230812,20,2178,5
20230812,20,2179,15
20230812,20,2185,0
20230812,20,2186,5
20230812,20,2191,0
20230812,20,2198,0
20230812,20,2199,1
20230812,20,3310,2
20230812,20,3311,6
20230812,20,3802,1
20230812,21,2111,14
20230812,21,2112,3
20230812,21,2116,0
20230812,21,2122,5
20230812,21,2128,1
20230812,21,2129,4
20230812,21,2130,8
20230812,21,2139,1
20230812,21,2143,1
20230812,21,2148,0
20230812,21,2159,1
20230812,21,2171,2
20230812,21,2172,0
20230812,21,2178,4
20230812,21,2179,17
20230812,21,2185,0
20230812,21,2186,6
20230812,21,2191,0
20230812,21,2198,0
20230812,21,2199,0
20230812,21,3310,11
20230812,21,3311,5
20230812,21,3802,0
20230812,22,2111,17
20230812,22,2112,3
20230812,22,2116,2
20230812,22,2122,4
20230812,22,2128,4
20230812,22,2129,2
20230812,22,2130,8
20230812,22,2139,2
20230812,22,2143,1
20230812,22,2148,0
20230812,22,2159,0
20230812,22,2171,2
20230812,22,2172,0
20230812,22,2178,1
20230812,22,2179,21
20230812,22,2185,0
20230812,22,2186,7
20230812,22,2191,1
20230812,22,2198,1
20230812,22,2199,0
20230812,22,3310,10
20230812,22,3311,4
20230812,22,3802,1
20230812,23,2111,9
20230812,23,2112,2
20230812,23,2116,1
20230812,23,2122,3
20230812,23,2128,4
20230812,23,2129,2
20230812,23,2130,10
20230812,23,2139,2
20230812,23,2143,2
20230812,23,2148,0
20230812,23,2159,0
20230812,23,2171,2
20230812,23,2172,0
20230812,23,2178,0
20230812,23,2179,21
20230812,23,2185,3
20230812,23,2186,5
20230812,23,2191,5
20230812,23,2198,1
20230812,23,2199,0
20230812,23,3310,10
20230812,23,3311,2
20230812,23,3802,2
20230813,0,2111,1
20230813,0,2112,1
20230813,0,2116,0
20230813,0,2122,1
20230813,0,2128,5
20230813,0,2129,2
20230813,0,2130,10
20230813,0,2139,2
20230813,0,2143,2
20230813,0,2148,2
20230813,0,2159,0
20230813,0,2171,0
20230813,0,2172,0
20230813,0,2178,0
20230813,0,2179,22
20230813,0,2185,4
20230813,0,2186,5
20230813,0,2191,3
20230813,0,2198,1
20230813,0,2199,1
20230813,0,3310,10
20230813,0,3311,1
20230813,0,3802,3
20230813,1,2111,0
20230813,1,2112,2
20230813,1,2116,0
20230813,1,2122,1
20230813,1,2128,4
20230813,1,2129,2
20230813,1,2130,10
20230813,1,2139,3
20230813,1,2143,3
20230813,1,2148,2
20230813,1,2159,0
20230813,1,2171,0
20230813,1,2172,1
20230813,1,2178,0
20230813,1,2179,19
20230813,1,2185,6
20230813,1,2186,5
20230813,1,2191,3
20230813,1,2198,1
20230813,1,2199,1
20230813,1,3310,9
20230813,1,3311,1
20230813,1,3802,3
20230813,2,2111,0
20230813,2,2112,0
20230813,2,2116,0
20230813,2,2122,1
20230813,2,2128,1
20230813,2,2129,2
20230813,2,2130,10
20230813,2,2139,4
20230813,2,2143,4
20230813,2,2148,3
20230813,2,2159,0
20230813,2,2171,0
20230813,2,2172,1
20230813,2,2178,0
20230813,2,2179,16
20230813,2,2185,7
20230813,2,2186,5
20230813,2,2191,2
20230813,2,2198,1
20230813,2,2199,1
20230813,2,3310,10
20230813,2,3311,0
20230813,2,3802,3
20230813,3,2111,0
20230813,3,2112,0
20230813,3,2116,0
20230813,3,2122,0
20230813,3,2128,1
20230813,3,2129,2
20230813,3,2130,10
20230813,3,2139,4
20230813,3,2143,5
20230813,3,2148,3
20230813,3,2159,0
20230813,3,2171,1
20230813,3,2172,1
20230813,3,2178,0
20230813,3,2179,16
20230813,3,2185,8
20230813,3,2186,6
20230813,3,2191,6
20230813,3,2198,2
20230813,3,2199,1
20230813,3,3310,9
20230813,3,3311,0
20230813,3,3802,3
20230813,4,2111,0
20230813,4,2112,0
20230813,4,2116,0
20230813,4,2122,0
20230813,4,2128,1
20230813,4,2129,2
20230813,4,2130,10
20230813,4,2139,5
20230813,4,2143,7
20230813,4,2148,2
20230813,4,2159,0
20230813,4,2171,2
20230813,4,2172,2
20230813,4,2178,0
20230813,4,2179,16
20230813,4,2185,9
20230813,4,2186,8
20230813,4,2191,6
20230813,4,2198,2
20230813,4,2199,1
20230813,4,3310,9
20230813,4,3311,0
20230813,4,3802,3
20230813,5,2111,0
20230813,5,2112,0
20230813,5,2116,1
20230813,5,2122,0
20230813,5,2128,1
20230813,5,2129,2
20230813,5,2130,10
20230813,5,2139,5
20230813,5,2143,7
20230813,5,2148,1
20230813,5,2159,0
20230813,5,2171,0
20230813,5,2172,3
20230813,5,2178,0
20230813,5,2179,15
20230813,5,2185,9
20230813,5,2186,8
20230813,5,2191,5
20230813,5,2198,2
20230813,5,2199,1
20230813,5,3310,9
20230813,5,3311,0
20230813,5,3802,3
20230813,6,2111,0
20230813,6,2112,0
20230813,6,2116,1
20230813,6,2122,1
20230813,6,2128,1
20230813,6,2129,2
20230813,6,2130,10
20230813,6,2139,6
20230813,6,2143,7
20230813,6,2148,0
20230813,6,2159,0
20230813,6,2171,0
20230813,6,2172,3
20230813,6,2178,0
20230813,6,2179,15
20230813,6,2185,8
20230813,6,2186,9
20230813,6,2191,5
20230813,6,2198,2
20230813,6,2199,1
20230813,6,3310,9
20230813,6,3311,1
20230813,6,3802,3
20230813,7,2111,1
20230813,7,2112,0
20230813,7,2116,0
20230813,7,2122,1
20230813,7,2128,1
20230813,7,2129,2
20230813,7,2130,9
20230813,7,2139,8
20230813,7,2143,7
20230813,7,2148,0
20230813,7,2159,0
20230813,7,2171,0
20230813,7,2172,4
20230813,7,2178,0
20230813,7,2179,17
20230813,7,2185,8
20230813,7,2186,10
20230813,7,2191,5
20230813,7,2198,2
20230813,7,2199,1
20230813,7,3310,10
20230813,7,3311,1
20230813,7,3802,3
20230813,8,2111,1
20230813,8,2112,1
20230813,8,2116,0
20230813,8,2122,1
20230813,8,2128,1
20230813,8,2129,1
20230813,8,2130,9
20230813,8,2139,8
20230813,8,2143,7
20230813,8,2148,0
20230813,8,2159,0
20230813,8,2171,2
20230813,8,2172,3
20230813,8,2178,1
20230813,8,2179,15
20230813,8,2185,6
20230813,8,2186,9
20230813,8,2191,5
20230813,8,2198,3
20230813,8,2199,2
20230813,8,3310,10
20230813,8,3311,1
20230813,8,3802,3
20230813,9,2111,1
20230813,9,2112,0
20230813,9,2116,0
20230813,9,2122,1
20230813,9,2128,1
20230813,9,2129,2
20230813,9,2130,9
20230813,9,2139,9
20230813,9,2143,7
20230813,9,2148,1
20230813,9,2159,14
20230813,9,2171,4
20230813,9,2172,4
20230813,9,2178,1
20230813,9,2179,15
20230813,9,2185,4
20230813,9,2186,8
20230813,9,2191,1
20230813,9,2198,3
20230813,9,2199,2
20230813,9,3310,6
20230813,9,3311,2
20230813,9,3802,4
20230813,10,2111,2
20230813,10,2112,0
20230813,10,2116,0
20230813,10,2122,2
20230813,10,2128,2
20230813,10,2129,2
20230813,10,2130,9
20230813,10,2139,6
20230813,10,2143,2
20230813,10,2148,0
20230813,10,2159,12
20230813,10,2171,2
20230813,10,2172,2
20230813,10,2178,1
20230813,10,2179,19
20230813,10,2185,2
20230813,10,2186,7
20230813,10,2191,1
20230813,10,2198,4
20230813,10,2199,3
20230813,10,3310,5
20230813,10,3311,2
20230813,10,3802,9
20230813,11,2111,0
20230813,11,2112,1
20230813,11,2116,4
20230813,11,2122,2
20230813,11,2128,1
20230813,11,2129,2
20230813,11,2130,9
20230813,11,2139,6
20230813,11,2143,2
20230813,11,2148,0
20230813,11,2159,10
20230813,11,2171,4
20230813,11,2172,1
20230813,11,2178,1
20230813,11,2179,21
20230813,11,2185,2
20230813,11,2186,7
20230813,11,2191,2
20230813,11,2198,7
20230813,11,2199,0
20230813,11,3310,5
20230813,11,3311,2
20230813,11,3802,4
20230813,12,2111,0
20230813,12,2112,5
20230813,12,2116,4
20230813,12,2122,4
20230813,12,2128,1
20230813,12,2129,2
20230813,12,2130,9
20230813,12,2139,5
20230813,12,2143,1
20230813,12,2148,0
20230813,12,2159,9
20230813,12,2171,7
20230813,12,2172,1
20230813,12,2178,2
20230813,12,2179,21
20230813,12,2185,2
20230813,12,2186,9
20230813,12,2191,1
20230813,12,2198,6
20230813,12,2199,0
20230813,12,3310,2
20230813,12,3311,4
20230813,12,3802,5
20230813,13,2111,4
20230813,13,2112,7
20230813,13,2116,8
20230813,13,2122,2
20230813,13,2128,2
20230813,13,2129,1
20230813,13,2130,9
20230813,13,2139,4
20230813,13,2143,0
20230813,13,2148,0
20230813,13,2159,9
20230813,13,2171,7
20230813,13,2172,2
20230813,13,2178,1
20230813,13,2179,20
20230813,13,2185,0
20230813,13,2186,6
20230813,13,2191,1
20230813,13,2198,5
20230813,13,2199,0
20230813,13,3310,1
20230813,13,3311,2
20230813,13,3802,7
20230813,14,2111,6
20230813,14,2112,9
20230813,14,2116,7
20230813,14,2122,1
20230813,14,2128,5
20230813,14,2129,0
20230813,14,2130,7
20230813,14,2139,2
20230813,14,2143,0
20230813,14,2148,0
20230813,14,2159,10
20230813,14,2171,4
20230813,14,2172,6
20230813,14,2178,1
20230813,14,2179,22
20230813,14,2185,0
20230813,14,2186,6
20230813,14,2191,0
20230813,14,2198,1
20230813,14,2199,0
20230813,14,3310,0
20230813,14,3311,1
20230813,14,3802,5
20230813,15,2111,6
20230813,15,2112,10
20230813,15,2116,8
20230813,15,2122,3
20230813,15,2128,8
20230813,15,2129,0
20230813,15,2130,7
20230813,15,2139,2
20230813,15,2143,0
20230813,15,2148,0
20230813,15,2159,9
20230813,15,2171,4
20230813,15,2172,6
20230813,15,2178,2
20230813,15,2179,22
20230813,15,2185,0
20230813,15,2186,4
20230813,15,2191,0
20230813,15,2198,1
20230813,15,2199,0
20230813,15,3310,0
20230813,15,3311,2
20230813,15,3802,7
20230813,16,2111,4
20230813,16,2112,13
20230813,16,2116,9
20230813,16,2122,3
20230813,16,2128,9
20230813,16,2129,1
20230813,16,2130,7
20230813,16,2139,1
20230813,16,2143,0
20230813,16,2148,0
20230813,16,2159,8
20230813,16,2171,2
20230813,16,2172,4
20230813,16,2178,2
20230813,16,2179,19
20230813,16,2185,0
20230813,16,2186,3
20230813,16,2191,0
20230813,16,2198,1
20230813,16,2199,0
20230813,16,3310,14
20230813,16,3311,4
20230813,16,3802,6
20230813,17,2111,4
20230813,17,2112,15
20230813,17,2116,10
20230813,17,2122,3
20230813,17,2128,11
20230813,17,2129,1
20230813,17,2130,4
20230813,17,2139,0
20230813,17,2143,0
20230813,17,2148,1
20230813,17,2159,6
20230813,17,2171,0
20230813,17,2172,2
20230813,17,2178,18
20230813,17,2179,18
20230813,17,2185,0
20230813,17,2186,2
20230813,17,2191,0
20230813,17,2198,4
20230813,17,2199,0
20230813,17,3310,14
20230813,17,3311,4
20230813,17,3802,2
20230813,18,2111,3
20230813,18,2112,23
20230813,18,2116,11
20230813,18,2122,0
20230813,18,2128,12
20230813,18,2129,5
20230813,18,2130,4
20230813,18,2139,0
20230813,18,2143,1
20230813,18,2148,1
20230813,18,2159,8
20230813,18,2171,0
20230813,18,2172,0
20230813,18,2178,19
20230813,18,2179,11
20230813,18,2185,0
20230813,18,2186,2
20230813,18,2191,0
20230813,18,2198,3
20230813,18,2199,0
20230813,18,3310,14
20230813,18,3311,4
20230813,18,3802,2
20230813,19,2111,2
20230813,19,2112,26
20230813,19,2116,9
20230813,19,2122,0
20230813,19,2128,12
20230813,19,2129,2
20230813,19,2130,4
20230813,19,2139,0
20230813,19,2143,0
20230813,19,2148,1
20230813,19,2159,9
20230813,19,2171,2
20230813,19,2172,0
20230813,19,2178,18
20230813,19,2179,11
20230813,19,2185,0
20230813,19,2186,0
20230813,19,2191,0
20230813,19,2198,5
20230813,19,2199,0
20230813,19,3310,14
20230813,19,3311,5
20230813,19,3802,2
20230813,20,2111,1
20230813,20,2112,22
20230813,20,2116,11
20230813,20,2122,0
20230813,20,2128,12
20230813,20,2129,2
20230813,20,2130,6
20230813,20,2139,1
20230813,20,2143,0
20230813,20,2148,3
20230813,20,2159,8
20230813,20,2171,3
20230813,20,2172,0
20230813,20,2178,17
20230813,20,2179,13
20230813,20,2185,1
20230813,20,2186,0
20230813,20,2191,0
20230813,20,2198,6
20230813,20,2199,0
20230813,20,3310,13
20230813,20,3311,1
20230813,20,3802,2
20230813,21,2111,1
20230813,21,2112,21
20230813,21,2116,8
20230813,21,2122,0
20230813,21,2128,7
20230813,21,2129,2
20230813,21,2130,6
20230813,21,2139,0
20230813,21,2143,0
20230813,21,2148,2
20230813,21,2159,11
20230813,21,2171,2
20230813,21,2172,1
20230813,21,2178,14
20230813,21,2179,13
20230813,21,2185,0
20230813,21,2186,2
20230813,21,2191,0
20230813,21,2198,4
20230813,21,2199,0
20230813,21,3310,13
20230813,21,3311,1
20230813,21,3802,3
20230813,22,2111,0
20230813,22,2112,18
20230813,22,2116,3
20230813,22,2122,1
20230813,22,2128,8
20230813,22,2129,2
20230813,22,2130,5
20230813,22,2139,0
20230813,22,2143,0
20230813,22,2148,4
20230813,22,2159,13
20230813,22,2171,1
20230813,22,2172,2
20230813,22,2178,14
20230813,22,2179,13
20230813,22,2185,0
20230813,22,2186,3
20230813,22,2191,0
20230813,22,2198,3
20230813,22,2199,0
20230813,22,3310,13
20230813,22,3311,1
20230813,22,3802,4
20230813,23,2111,0
20230813,23,2112,15
20230813,23,2116,2
20230813,23,2122,1
20230813,23,2128,10
20230813,23,2129,2
20230813,23,2130,5
20230813,23,2139,1
20230813,23,2143,1
20230813,23,2148,4
20230813,23,2159,13
20230813,23,2171,0
20230813,23,2172,1
20230813,23,2178,12
20230813,23,2179,13
20230813,23,2185,5
20230813,23,2186,4
20230813,23,2191,0
20230813,23,2198,2
20230813,23,2199,0
20230813,23,3310,12
20230813,23,3311,0
20230813,23,3802,5
20230814,0,2111,1
20230814,0,2112,6
20230814,0,2116,1
20230814,0,2122,0
20230814,0,2128,12
20230814,0,2129,2
20230814,0,2130,5
20230814,0,2139,1
20230814,0,2143,2
20230814,0,2148,2
20230814,0,2159,13
20230814,0,2171,0
20230814,0,2172,2
20230814,0,2178,8
20230814,0,2179,15
20230814,0,2185,4
20230814,0,2186,7
20230814,0,2191,1
20230814,0,2198,2
20230814,0,2199,0
20230814,0,3310,12
20230814,0,3311,0
20230814,0,3802,5
20230814,1,2111,5
20230814,1,2112,5
20230814,1,2116,1
20230814,1,2122,1
20230814,1,2128,12
20230814,1,2129,2
20230814,1,2130,5
20230814,1,2139,1
20230814,1,2143,3
20230814,1,2148,3
20230814,1,2159,12
20230814,1,2171,0
20230814,1,2172,2
20230814,1,2178,8
20230814,1,2179,16
20230814,1,2185,4
20230814,1,2186,7
20230814,1,2191,2
20230814,1,2198,2
20230814,1,2199,0
20230814,1,3310,11
20230814,1,3311,0
20230814,1,3802,4
20230814,2,2111,4
20230814,2,2112,3
20230814,2,2116,2
20230814,2,2122,1
20230814,2,2128,12
20230814,2,2129,2
20230814,2,2130,5
20230814,2,2139,1
20230814,2,2143,3
20230814,2,2148,4
20230814,2,2159,12
20230814,2,2171,2
20230814,2,2172,2
20230814,2,2178,8
20230814,2,2179,16
20230814,2,2185,6
20230814,2,2186,4
20230814,2,2191,6
20230814,2,2198,3
20230814,2,2199,0
20230814,2,3310,11
20230814,2,3311,1
20230814,2,3802,4
20230814,3,2111,3
20230814,3,2112,4
20230814,3,2116,2
20230814,3,2122,1
20230814,3,2128,12
20230814,3,2129,2
20230814,3,2130,5
20230814,3,2139,1
20230814,3,2143,3
20230814,3,2148,4
20230814,3,2159,12
20230814,3,2171,3
20230814,3,2172,2
20230814,3,2178,8
20230814,3,2179,16
20230814,3,2185,6
20230814,3,2186,4
20230814,3,2191,8
20230814,3,2198,3
20230814,3,2199,0
20230814,3,3310,11
20230814,3,3311,0
20230814,3,3802,4
20230814,4,2111,3
20230814,4,2112,5
20230814,4,2116,5
20230814,4,2122,0
20230814,4,2128,12
20230814,4,2129,2
20230814,4,2130,5
20230814,4,2139,2
20230814,4,2143,3
20230814,4,2148,5
20230814,4,2159,11
20230814,4,2171,2
20230814,4,2172,2
20230814,4,2178,8
20230814,4,2179,16
20230814,4,2185,6
20230814,4,2186,4
20230814,4,2191,7
20230814,4,2198,3
20230814,4,2199,0
20230814,4,3310,11
20230814,4,3311,0
20230814,4,3802,4
20230814,5,2111,3
20230814,5,2112,5
20230814,5,2116,5
20230814,5,2122,0
20230814,5,2128,10
20230814,5,2129,2
20230814,5,2130,5
20230814,5,2139,2
20230814,5,2143,2
20230814,5,2148,4
20230814,5,2159,11
20230814,5,2171,2
20230814,5,2172,2
20230814,5,2178,8
20230814,5,2179,16
20230814,5,2185,7
20230814,5,2186,4
20230814,5,2191,9
20230814,5,2198,4
20230814,5,2199,1
20230814,5,3310,10
20230814,5,3311,0
20230814,5,3802,4
20230814,6,2111,4
20230814,6,2112,5
20230814,6,2116,2
20230814,6,2122,0
20230814,6,2128,8
20230814,6,2129,2
20230814,6,2130,5
20230814,6,2139,2
20230814,6,2143,2
20230814,6,2148,2
20230814,6,2159,11
20230814,6,2171,2
20230814,6,2172,3
20230814,6,2178,8
20230814,6,2179,16
20230814,6,2185,6
20230814,6,2186,5
20230814,6,2191,8
20230814,6,2198,2
20230814,6,2199,1
20230814,6,3310,9
20230814,6,3311,1
20230814,6,3802,7
20230814,7,2111,6
20230814,7,2112,5
20230814,7,2116,1
20230814,7,2122,0
20230814,7,2128,8
20230814,7,2129,1
20230814,7,2130,5
20230814,7,2139,0
20230814,7,2143,2
20230814,7,2148,2
20230814,7,2159,12
20230814,7,2171,2
20230814,7,2172,4
20230814,7,2178,8
20230814,7,2179,16
20230814,7,2185,6
20230814,7,2186,5
20230814,7,2191,8
20230814,7,2198,2
20230814,7,2199,0
20230814,7,3310,7
20230814,7,3311,2
20230814,7,3802,6
20230814,8,2111,6
20230814,8,2112,6
20230814,8,2116,3
20230814,8,2122,2
20230814,8,2128,8
20230814,8,2129,1
20230814,8,2130,5
20230814,8,2139,0
20230814,8,2143,3
20230814,8,2148,6
20230814,8,2159,9
20230814,8,2171,5
20230814,8,2172,5
20230814,8,2178,8
20230814,8,2179,15
20230814,8,2185,2
20230814,8,2186,3
20230814,8,2191,7
20230814,8,2198,1
20230814,8,2199,0
20230814,8,3310,4
20230814,8,3311,9
20230814,8,3802,2
20230814,9,2111,6
20230814,9,2112,7
20230814,9,2116,4
20230814,9,2122,0
20230814,9,2128,9
20230814,9,2129,2
20230814,9,2130,5
20230814,9,2139,2
20230814,9,2143,3
20230814,9,2148,5
20230814,9,2159,9
20230814,9,2171,8
20230814,9,2172,5
20230814,9,2178,9
20230814,9,2179,17
20230814,9,2185,0
20230814,9,2186,4
20230814,9,2191,6
20230814,9,2198,0
20230814,9,2199,0
20230814,9,3310,1
20230814,9,3311,18
20230814,9,3802,2
20230814,10,2111,4
20230814,10,2112,6
20230814,10,2116,5
20230814,10,2122,0
20230814,10,2128,9
20230814,10,2129,2
20230814,10,2130,5
20230814,10,2139,2
20230814,10,2143,3
20230814,10,2148,3
20230814,10,2159,10
20230814,10,2171,7
20230814,10,2172,6
20230814,10,2178,9
20230814,10,2179,18
20230814,10,2185,0
20230814,10,2186,4
20230814,10,2191,5
20230814,10,2198,1
20230814,10,2199,1
20230814,10,3310,14
20230814,10,3311,20
20230814,10,3802,4
20230814,11,2111,6
20230814,11,2112,7
20230814,11,2116,7
20230814,11,2122,2
20230814,11,2128,9
20230814,11,2129,2
20230814,11,2130,5
20230814,11,2139,2
20230814,11,2143,2
20230814,11,2148,3
20230814,11,2159,9
20230814,11,2171,9
20230814,11,2172,4
20230814,11,2178,10
20230814,11,2179,17
20230814,11,2185,1
20230814,11,2186,2
20230814,11,2191,6
20230814,11,2198,2
20230814,11,2199,2
20230814,11,3310,12
20230814,11,3311,21
20230814,11,3802,4
20230814,12,2111,6
20230814,12,2112,9
20230814,12,2116,9
20230814,12,2122,2
20230814,12,2128,10
20230814,12,2129,0
20230814,12,2130,5
20230814,12,2139,2
20230814,12,2143,2
20230814,12,2148,4
20230814,12,2159,9
20230814,12,2171,11
20230814,12,2172,4
20230814,12,2178,10
20230814,12,2179,13
20230814,12,2185,0
20230814,12,2186,2
20230814,12,2191,4
20230814,12,2198,1
20230814,12,2199,2
20230814,12,3310,8
20230814,12,3311,24
20230814,12,3802,1
20230814,13,2111,7
20230814,13,2112,11
20230814,13,2116,10
20230814,13,2122,2
20230814,13,2128,8
20230814,13,2129,0
20230814,13,2130,4
20230814,13,2139,2
20230814,13,2143,4
20230814,13,2148,2
20230814,13,2159,9
20230814,13,2171,14
20230814,13,2172,0
20230814,13,2178,9
20230814,13,2179,13
20230814,13,2185,2
20230814,13,2186,3
20230814,13,2191,1
20230814,13,2198,1
20230814,13,2199,1
20230814,13,3310,8
20230814,13,3311,24
20230814,13,3802,0
20230814,14,2111,10
20230814,14,2112,12
20230814,14,2116,11
20230814,14,2122,1
20230814,14,2128,5
20230814,14,2129,0
20230814,14,2130,4
20230814,14,2139,2
20230814,14,2143,2
20230814,14,2148,2
20230814,14,2159,8
20230814,14,2171,17
20230814,14,2172,1
20230814,14,2178,10
20230814,14,2179,13
20230814,14,2185,1
20230814,14,2186,2
20230814,14,2191,1
20230814,14,2198,2
20230814,14,2199,1
20230814,14,3310,5
20230814,14,3311,24
20230814,14,3802,0
20230814,15,2111,11
20230814,15,2112,15
20230814,15,2116,13
20230814,15,2122,0
20230814,15,2128,5
20230814,15,2129,0
20230814,15,2130,4
20230814,15,2139,1
20230814,15,2143,2
20230814,15,2148,2
20230814,15,2159,7
20230814,15,2171,19
20230814,15,2172,0
20230814,15,2178,9
20230814,15,2179,11
20230814,15,2185,2
20230814,15,2186,1
20230814,15,2191,0
20230814,15,2198,4
20230814,15,2199,1
20230814,15,3310,4
20230814,15,3311,20
20230814,15,3802,2
20230814,16,2111,10
20230814,16,2112,14
20230814,16,2116,15
20230814,16,2122,0
20230814,16,2128,5
20230814,16,2129,0
20230814,16,2130,4
20230814,16,2139,0
20230814,16,2143,2
20230814,16,2148,1
20230814,16,2159,7
20230814,16,2171,19
20230814,16,2172,1
20230814,16,2178,9
20230814,16,2179,9
20230814,16,2185,3
20230814,16,2186,1
20230814,16,2191,0
20230814,16,2198,4
20230814,16,2199,1
20230814,16,3310,1
20230814,16,3311,19
20230814,16,3802,1
20230814,17,2111,14
20230814,17,2112,14
20230814,17,2116,19
20230814,17,2122,0
20230814,17,2128,3
20230814,17,2129,0
20230814,17,2130,2
20230814,17,2139,0
20230814,17,2143,0
20230814,17,2148,3
20230814,17,2159,5
20230814,17,2171,15
20230814,17,2172,0
20230814,17,2178,8
20230814,17,2179,10
20230814,17,2185,1
20230814,17,2186,2
20230814,17,2191,0
20230814,17,2198,4
20230814,17,2199,1
20230814,17,3310,1
20230814,17,3311,15
20230814,17,3802,1
20230814,18,2111,13
20230814,18,2112,12
20230814,18,2116,16
20230814,18,2122,2
20230814,18,2128,0
20230814,18,2129,0
20230814,18,2130,1
20230814,18,2139,0
20230814,18,2143,0
20230814,18,2148,3
20230814,18,2159,3
20230814,18,2171,10
20230814,18,2172,0
20230814,18,2178,4
20230814,18,2179,11
20230814,18,2185,0
20230814,18,2186,3
20230814,18,2191,1
20230814,18,2198,7
20230814,18,2199,1
20230814,18,3310,0
20230814,18,3311,12
20230814,18,3802,1
20230814,19,2111,9
20230814,19,2112,13
20230814,19,2116,5
20230814,19,2122,0
20230814,19,2128,0
20230814,19,2129,0
20230814,19,2130,1
20230814,19,2139,0
20230814,19,2143,0
20230814,19,2148,2
20230814,19,2159,3
20230814,19,2171,11
20230814,19,2172,0
20230814,19,2178,1
20230814,19,2179,10
20230814,19,2185,1
20230814,19,2186,0
20230814,19,2191,0
20230814,19,2198,7
20230814,19,2199,1
20230814,19,3310,0
20230814,19,3311,9
20230814,19,3802,1
20230814,20,2111,9
20230814,20,2112,13
20230814,20,2116,3
20230814,20,2122,0
20230814,20,2128,1
20230814,20,2129,0
20230814,20,2130,2
20230814,20,2139,0
20230814,20,2143,0
20230814,20,2148,1
20230814,20,2159,2
20230814,20,2171,6
20230814,20,2172,0
20230814,20,2178,0
20230814,20,2179,9
20230814,20,2185,0
20230814,20,2186,0
20230814,20,2191,1
20230814,20,2198,3
20230814,20,2199,1
20230814,20,3310,0
20230814,20,3311,7
20230814,20,3802,0
20230814,21,2111,10
20230814,21,2112,8
20230814,21,2116,1
20230814,21,2122,0
20230814,21,2128,0
20230814,21,2129,0
20230814,21,2130,0
20230814,21,2139,0
20230814,21,2143,0
20230814,21,2148,2
20230814,21,2159,1
20230814,21,2171,4
20230814,21,2172,0
20230814,21,2178,0
20230814,21,2179,11
20230814,21,2185,0
20230814,21,2186,2
20230814,21,2191,0
20230814,21,2198,3
20230814,21,2199,1
20230814,21,3310,0
20230814,21,3311,2
20230814,21,3802,0
20230814,22,2111,10
20230814,22,2112,7
20230814,22,2116,1
20230814,22,2122,1
20230814,22,2128,0
20230814,22,2129,0
20230814,22,2130,0
20230814,22,2139,0
20230814,22,2143,0
20230814,22,2148,1
20230814,22,2159,0
20230814,22,2171,7
20230814,22,2172,0
20230814,22,2178,0
20230814,22,2179,8
20230814,22,2185,0
20230814,22,2186,4
20230814,22,2191,0
20230814,22,2198,6
20230814,22,2199,2
20230814,22,3310,0
20230814,22,3311,2
20230814,22,3802,0
20230814,23,2111,10
20230814,23,2112,5
20230814,23,2116,2
20230814,23,2122,5
20230814,23,2128,1
20230814,23,2129,1
20230814,23,2130,0
20230814,23,2139,0
20230814,23,2143,1
20230814,23,2148,3
20230814,23,2159,0
20230814,23,2171,4
20230814,23,2172,0
20230814,23,2178,0
20230814,23,2179,7
20230814,23,2185,0
20230814,23,2186,6
20230814,23,2191,0
20230814,23,2198,7
20230814,23,2199,1
20230814,23,3310,0
20230814,23,3311,3
20230814,23,3802,0
20230815,0,2111,9
20230815,0,2112,4
20230815,0,2116,3
20230815,0,2122,3
20230815,0,2128,0
20230815,0,2129,1
20230815,0,2130,0
20230815,0,2139,0
20230815,0,2143,2
20230815,0,2148,3
20230815,0,2159,0
20230815,0,2171,1
20230815,0,2172,1
20230815,0,2178,0
20230815,0,2179,12
20230815,0,2185,0
20230815,0,2186,8
20230815,0,2191,0
20230815,0,2198,4
20230815,0,2199,1
20230815,0,3310,0
20230815,0,3311,2
20230815,0,3802,1
20230815,1,2111,9
20230815,1,2112,3
20230815,1,2116,2
20230815,1,2122,4
20230815,1,2128,1
20230815,1,2129,1
20230815,1,2130,0
20230815,1,2139,0
20230815,1,2143,3
20230815,1,2148,1
20230815,1,2159,0
20230815,1,2171,0
20230815,1,2172,1
20230815,1,2178,0
20230815,1,2179,13
20230815,1,2185,0
20230815,1,2186,7
20230815,1,2191,1
20230815,1,2198,4
20230815,1,2199,1
20230815,1,3310,0
20230815,1,3311,2
20230815,1,3802,1
20230815,2,2111,10
20230815,2,2112,5
20230815,2,2116,3
20230815,2,2122,5
20230815,2,2128,0
20230815,2,2129,1
20230815,2,2130,0
20230815,2,2139,1
20230815,2,2143,3
20230815,2,2148,2
20230815,2,2159,0
20230815,2,2171,1
20230815,2,2172,0
20230815,2,2178,0
20230815,2,2179,14
20230815,2,2185,2
20230815,2,2186,8
20230815,2,2191,3
20230815,2,2198,5
20230815,2,2199,1
20230815,2,3310,0
20230815,2,3311,2
20230815,2,3802,3
20230815,3,2111,8
20230815,3,2112,3
20230815,3,2116,2
20230815,3,2122,6
20230815,3,2128,0
20230815,3,2129,1
20230815,3,2130,0
20230815,3,2139,3
20230815,3,2143,2
20230815,3,2148,2
20230815,3,2159,0
20230815,3,2171,1
20230815,3,2172,0
20230815,3,2178,0
20230815,3,2179,15
20230815,3,2185,3
20230815,3,2186,7
20230815,3,2191,6
20230815,3,2198,3
20230815,3,2199,1
20230815,3,3310,0
20230815,3,3311,1
20230815,3,3802,3
20230815,4,2111,8
20230815,4,2112,3
20230815,4,2116,2
20230815,4,2122,6
20230815,4,2128,0
20230815,4,2129,1
20230815,4,2130,0
20230815,4,2139,3
20230815,4,2143,2
20230815,4,2148,2
20230815,4,2159,0
20230815,4,2171,0
20230815,4,2172,0
20230815,4,2178,0
20230815,4,2179,15
20230815,4,2185,1
20230815,4,2186,7
20230815,4,2191,8
20230815,4,2198,2
20230815,4,2199,1
20230815,4,3310,0
20230815,4,3311,1
20230815,4,3802,3
20230815,5,2111,8
20230815,5,2112,2
20230815,5,2116,2
20230815,5,2122,5
20230815,5,2128,0
20230815,5,2129,1
20230815,5,2130,0
20230815,5,2139,3
20230815,5,2143,3
20230815,5,2148,2
20230815,5,2159,0
20230815,5,2171,0
20230815,5,2172,0
20230815,5,2178,0
20230815,5,2179,15
20230815,5,2185,1
20230815,5,2186,7
20230815,5,2191,9
20230815,5,2198,3
20230815,5,2199,1
20230815,5,3310,0
20230815,5,3311,1
20230815,5,3802,2
20230815,6,2111,9
20230815,6,2112,2
20230815,6,2116,2
20230815,6,2122,3
20230815,6,2128,1
20230815,6,2129,1
20230815,6,2130,0
20230815,6,2139,3
20230815,6,2143,4
20230815,6,2148,1
20230815,6,2159,0
20230815,6,2171,0
20230815,6,2172,0
20230815,6,2178,0
20230815,6,2179,14
20230815,6,2185,1
20230815,6,2186,7
20230815,6,2191,8
20230815,6,2198,2
20230815,6,2199,1
20230815,6,3310,0
20230815,6,3311,1
20230815,6,3802,2
20230815,7,2111,8
20230815,7,2112,3
20230815,7,2116,3
20230815,7,2122,1
20230815,7,2128,0
20230815,7,2129,1
20230815,7,2130,0
20230815,7,2139,1
20230815,7,2143,4
20230815,7,2148,1
20230815,7,2159,0
20230815,7,2171,0
20230815,7,2172,3
20230815,7,2178,0
20230815,7,2179,14
20230815,7,2185,1
20230815,7,2186,6
20230815,7,2191,10
20230815,7,2198,2
20230815,7,2199,1
20230815,7,3310,0
20230815,7,3311,1
20230815,7,3802,2
20230815,8,2111,8
20230815,8,2112,3
20230815,8,2116,3
20230815,8,2122,1
20230815,8,2128,0
20230815,8,2129,1
20230815,8,2130,0
20230815,8,2139,0
20230815,8,2143,4
20230815,8,2148,0
20230815,8,2159,1
20230815,8,2171,3
20230815,8,2172,3
20230815,8,2178,0
20230815,8,2179,14
20230815,8,2185,1
20230815,8,2186,4
20230815,8,2191,11
20230815,8,2198,2
20230815,8,2199,1
20230815,8,3310,0
20230815,8,3311,1
20230815,8,3802,2
20230815,9,2111,9
20230815,9,2112,3
20230815,9,2116,6
20230815,9,2122,2
20230815,9,2128,1
20230815,9,2129,1
20230815,9,2130,0
20230815,9,2139,0
20230815,9,2143,5
20230815,9,2148,0
20230815,9,2159,0
20230815,9,2171,2
20230815,9,2172,3
20230815,9,2178,0
20230815,9,2179,14
20230815,9,2185,2
20230815,9,2186,4
20230815,9,2191,12
20230815,9,2198,1
20230815,9,2199,2
20230815,9,3310,0
20230815,9,3311,1
20230815,9,3802,1
20230815,10,2111,11
20230815,10,2112,3
20230815,10,2116,7
20230815,10,2122,3
20230815,10,2128,1
20230815,10,2129,1
20230815,10,2130,12
20230815,10,2139,1
20230815,10,2143,1
20230815,10,2148,0
20230815,10,2159,0
20230815,10,2171,2
20230815,10,2172,3
20230815,10,2178,1
20230815,10,2179,10
20230815,10,2185,2
20230815,10,2186,3
20230815,10,2191,12
20230815,10,2198,1
20230815,10,2199,1
20230815,10,3310,11
20230815,10,3311,2
20230815,10,3802,1
20230815,11,2111,12
20230815,11,2112,5
20230815,11,2116,6
20230815,11,2122,2
20230815,11,2128,0
20230815,11,2129,0
20230815,11,2130,12
20230815,11,2139,1
20230815,11,2143,1
20230815,11,2148,0
20230815,11,2159,0
20230815,11,2171,6
20230815,11,2172,8
20230815,11,2178,15
20230815,11,2179,10
20230815,11,2185,4
20230815,11,2186,2
20230815,11,2191,9
20230815,11,2198,1
20230815,11,2199,1
20230815,11,3310,11
20230815,11,3311,0
20230815,11,3802,1
20230815,12,2111,10
20230815,12,2112,8
20230815,12,2116,7
20230815,12,2122,3
20230815,12,2128,1
20230815,12,2129,0
20230815,12,2130,14
20230815,12,2139,1
20230815,12,2143,1
20230815,12,2148,0
20230815,12,2159,0
20230815,12,2171,10
20230815,12,2172,8
20230815,12,2178,15
20230815,12,2179,13
20230815,12,2185,2
20230815,12,2186,2
20230815,12,2191,8
20230815,12,2198,2
20230815,12,2199,1
20230815,12,3310,6
20230815,12,3311,1
20230815,12,3802,1
20230815,13,2111,12
20230815,13,2112,12
20230815,13,2116,8
20230815,13,2122,5
20230815,13,2128,3
20230815,13,2129,0
20230815,13,2130,12
20230815,13,2139,0
20230815,13,2143,1
20230815,13,2148,0
20230815,13,2159,0
20230815,13,2171,11
20230815,13,2172,4
20230815,13,2178,14
20230815,13,2179,13
20230815,13,2185,2
20230815,13,2186,2
20230815,13,2191,6
20230815,13,2198,2
20230815,13,2199,1
20230815,13,3310,1
20230815,13,3311,3
20230815,13,3802,1
20230815,14,2111,12
20230815,14,2112,8
20230815,14,2116,9
20230815,14,2122,5
20230815,14,2128,6
20230815,14,2129,0
20230815,14,2130,12
20230815,14,2139,0
20230815,14,2143,0
20230815,14,2148,1
20230815,14,2159,0
20230815,14,2171,7
20230815,14,2172,4
20230815,14,2178,14
20230815,14,2179,13
20230815,14,2185,1
20230815,14,2186,3
20230815,14,2191,6
20230815,14,2198,2
20230815,14,2199,0
20230815,14,3310,0
20230815,14,3311,5
20230815,14,3802,0
20230815,15,2111,12
20230815,15,2112,6
20230815,15,2116,9
20230815,15,2122,7
20230815,15,2128,7
20230815,15,2129,0
20230815,15,2130,10
20230815,15,2139,0
20230815,15,2143,0
20230815,15,2148,2
20230815,15,2159,0
20230815,15,2171,6
20230815,15,2172,3
20230815,15,2178,14
20230815,15,2179,11
20230815,15,2185,0
20230815,15,2186,18
20230815,15,2191,2
20230815,15,2198,1
20230815,15,2199,0
20230815,15,3310,0
20230815,15,3311,6
20230815,15,3802,0
20230815,16,2111,12
20230815,16,2112,6
20230815,16,2116,8
20230815,16,2122,5
20230815,16,2128,6
20230815,16,2129,0
20230815,16,2130,9
20230815,16,2139,0
20230815,16,2143,2
20230815,16,2148,2
20230815,16,2159,0
20230815,16,2171,8
20230815,16,2172,0
20230815,16,2178,12
20230815,16,2179,10
20230815,16,2185,2
20230815,16,2186,16
20230815,16,2191,2
20230815,16,2198,3
20230815,16,2199,0
20230815,16,3310,12
20230815,16,3311,7
20230815,16,3802,1
20230815,17,2111,11
20230815,17,2112,7
20230815,17,2116,3
20230815,17,2122,5
20230815,17,2128,7
20230815,17,2129,0
20230815,17,2130,8
20230815,17,2139,0
20230815,17,2143,2
20230815,17,2148,3
20230815,17,2159,0
20230815,17,2171,3
20230815,17,2172,0
20230815,17,2178,8
20230815,17,2179,14
20230815,17,2185,1
20230815,17,2186,15
20230815,17,2191,2
20230815,17,2198,3
20230815,17,2199,0
20230815,17,3310,9
20230815,17,3311,8
20230815,17,3802,0
20230815,18,2111,10
20230815,18,2112,4
20230815,18,2116,3
20230815,18,2122,6
20230815,18,2128,3
20230815,18,2129,1
20230815,18,2130,7
20230815,18,2139,0
20230815,18,2143,0
20230815,18,2148,3
20230815,18,2159,0
20230815,18,2171,3
20230815,18,2172,0
20230815,18,2178,6
20230815,18,2179,12
20230815,18,2185,0
20230815,18,2186,12
20230815,18,2191,2
20230815,18,2198,2
20230815,18,2199,0
20230815,18,3310,8
20230815,18,3311,4
20230815,18,3802,0
20230815,19,2111,9
20230815,19,2112,4
20230815,19,2116,4
20230815,19,2122,5
20230815,19,2128,2
20230815,19,2129,2
20230815,19,2130,5
20230815,19,2139,0
20230815,19,2143,0
20230815,19,2148,3
20230815,19,2159,1
20230815,19,2171,2
20230815,19,2172,0
20230815,19,2178,3
20230815,19,2179,12
20230815,19,2185,0
20230815,19,2186,13
20230815,19,2191,0
20230815,19,2198,0
20230815,19,2199,0
20230815,19,3310,8
20230815,19,3311,1
20230815,19,3802,2
20230815,20,2111,6
20230815,20,2112,4
20230815,20,2116,2
20230815,20,2122,2
20230815,20,2128,0
20230815,20,2129,2
20230815,20,2130,4
20230815,20,2139,0
20230815,20,2143,0
20230815,20,2148,1
20230815,20,2159,1
20230815,20,2171,0
20230815,20,2172,0
20230815,20,2178,4
20230815,20,2179,14
20230815,20,2185,0
20230815,20,2186,11
20230815,20,2191,0
20230815,20,2198,0
20230815,20,2199,0
20230815,20,3310,8
20230815,20,3311,1
20230815,20,3802,2
20230815,21,2111,6
20230815,21,2112,5
20230815,21,2116,2
20230815,21,2122,2
20230815,21,2128,0
20230815,21,2129,1
20230815,21,2130,2
20230815,21,2139,0
20230815,21,2143,0
20230815,21,2148,1
20230815,21,2159,2
20230815,21,2171,1
20230815,21,2172,0
20230815,21,2178,5
20230815,21,2179,13
20230815,21,2185,0
20230815,21,2186,9
20230815,21,2191,0
20230815,21,2198,0
20230815,21,2199,0
20230815,21,3310,6
20230815,21,3311,2
20230815,21,3802,2
20230815,22,2111,3
20230815,22,2112,3
20230815,22,2116,3
20230815,22,2122,4
20230815,22,2128,0
20230815,22,2129,1
20230815,22,2130,2
20230815,22,2139,0
20230815,22,2143,0
20230815,22,2148,1
20230815,22,2159,4
20230815,22,2171,1
20230815,22,2172,0
20230815,22,2178,3
20230815,22,2179,13
20230815,22,2185,1
20230815,22,2186,7
20230815,22,2191,0
20230815,22,2198,6
20230815,22,2199,0
20230815,22,3310,6
20230815,22,3311,1
20230815,22,3802,2
20230815,23,2111,4
20230815,23,2112,3
20230815,23,2116,2
20230815,23,2122,4
20230815,23,2128,0
20230815,23,2129,2
20230815,23,2130,2
20230815,23,2139,0
20230815,23,2143,0
20230815,23,2148,1
20230815,23,2159,5
20230815,23,2171,2
20230815,23,2172,0
20230815,23,2178,1
20230815,23,2179,14
20230815,23,2185,1
20230815,23,2186,8
20230815,23,2191,1
20230815,23,2198,7
20230815,23,2199,0
20230815,23,3310,6
20230815,23,3311,1
20230815,23,3802,3
20230816,0,2111,3
20230816,0,2112,4
20230816,0,2116,1
20230816,0,2122,4
20230816,0,2128,0
20230816,0,2129,2
20230816,0,2130,2
20230816,0,2139,0
20230816,0,2143,0
20230816,0,2148,0
20230816,0,2159,4
20230816,0,2171,0
20230816,0,2172,1
20230816,0,2178,1
20230816,0,2179,17
20230816,0,2185,1
20230816,0,2186,5
20230816,0,2191,1
20230816,0,2198,6
20230816,0,2199,0
20230816,0,3310,4
20230816,0,3311,1
20230816,0,3802,3
20230816,1,2111,3
20230816,1,2112,3
20230816,1,2116,1
20230816,1,2122,4
20230816,1,2128,0
20230816,1,2129,2
20230816,1,2130,2
20230816,1,2139,0
20230816,1,2143,0
20230816,1,2148,0
20230816,1,2159,4
20230816,1,2171,0
20230816,1,2172,2
20230816,1,2178,1
20230816,1,2179,18
20230816,1,2185,2
20230816,1,2186,5
20230816,1,2191,1
20230816,1,2198,5
20230816,1,2199,0
20230816,1,3310,4
20230816,1,3311,1
20230816,1,3802,3
20230816,2,2111,3
20230816,2,2112,3
20230816,2,2116,1
20230816,2,2122,5
20230816,2,2128,0
20230816,2,2129,3
20230816,2,2130,1
20230816,2,2139,1
20230816,2,2143,1
20230816,2,2148,0
20230816,2,2159,3
20230816,2,2171,2
20230816,2,2172,1
20230816,2,2178,0
20230816,2,2179,18
20230816,2,2185,2
20230816,2,2186,4
20230816,2,2191,1
20230816,2,2198,5
20230816,2,2199,1
20230816,2,3310,5
20230816,2,3311,1
20230816,2,3802,4
20230816,3,2111,3
20230816,3,2112,3
20230816,3,2116,3
20230816,3,2122,5
20230816,3,2128,0
20230816,3,2129,3
20230816,3,2130,1
20230816,3,2139,1
20230816,3,2143,1
20230816,3,2148,0
20230816,3,2159,3
20230816,3,2171,3
20230816,3,2172,1
20230816,3,2178,0
20230816,3,2179,19
20230816,3,2185,2
20230816,3,2186,5
20230816,3,2191,3
20230816,3,2198,5
20230816,3,2199,0
20230816,3,3310,5
20230816,3,3311,1
20230816,3,3802,5
20230816,4,2111,3
20230816,4,2112,3
20230816,4,2116,3
20230816,4,2122,5
20230816,4,2128,0
20230816,4,2129,3
20230816,4,2130,1
20230816,4,2139,0
20230816,4,2143,1
20230816,4,2148,1
20230816,4,2159,3
20230816,4,2171,4
20230816,4,2172,1
20230816,4,2178,0
20230816,4,2179,19
20230816,4,2185,2
20230816,4,2186,5
20230816,4,2191,3
20230816,4,2198,5
20230816,4,2199,0
20230816,4,3310,5
20230816,4,3311,0
20230816,4,3802,5
20230816,5,2111,3
20230816,5,2112,3
20230816,5,2116,3
20230816,5,2122,4
20230816,5,2128,0
20230816,5,2129,3
20230816,5,2130,1
20230816,5,2139,1
20230816,5,2143,1
20230816,5,2148,0
20230816,5,2159,2
20230816,5,2171,4
20230816,5,2172,1
20230816,5,2178,0
20230816,5,2179,20
20230816,5,2185,1
20230816,5,2186,4
20230816,5,2191,4
20230816,5,2198,6
20230816,5,2199,0
20230816,5,3310,5
20230816,5,3311,0
20230816,5,3802,5
20230816,6,2111,3
20230816,6,2112,3
20230816,6,2116,1
20230816,6,2122,4
20230816,6,2128,0
20230816,6,2129,3
20230816,6,2130,2
20230816,6,2139,2
20230816,6,2143,1
20230816,6,2148,0
20230816,6,2159,1
20230816,6,2171,3
20230816,6,2172,1
20230816,6,2178,0
20230816,6,2179,18
20230816,6,2185,1
20230816,6,2186,3
20230816,6,2191,4
20230816,6,2198,8
20230816,6,2199,0
20230816,6,3310,5
20230816,6,3311,0
20230816,6,3802,9
20230816,7,2111,2
20230816,7,2112,3
20230816,7,2116,0
20230816,7,2122,3
20230816,7,2128,0
20230816,7,2129,3
20230816,7,2130,2
20230816,7,2139,0
20230816,7,2143,1
20230816,7,2148,0
20230816,7,2159,2
20230816,7,2171,5
20230816,7,2172,1
20230816,7,2178,0
20230816,7,2179,17
20230816,7,2185,0
20230816,7,2186,2
20230816,7,2191,5
20230816,7,2198,6
20230816,7,2199,0
20230816,7,3310,3
20230816,7,3311,0
20230816,7,3802,9
20230816,8,2111,2
20230816,8,2112,4
20230816,8,2116,1
20230816,8,2122,3
20230816,8,2128,0
20230816,8,2129,2
20230816,8,2130,2
20230816,8,2139,0
20230816,8,2143,0
20230816,8,2148,0
20230816,8,2159,1
20230816,8,2171,10
20230816,8,2172,4
20230816,8,2178,0
20230816,8,2179,18
20230816,8,2185,0
20230816,8,2186,2
20230816,8,2191,1
20230816,8,2198,5
20230816,8,2199,0
20230816,8,3310,0
20230816,8,3311,5
20230816,8,3802,1
20230816,9,2111,3
20230816,9,2112,4
20230816,9,2116,3
20230816,9,2122,3
20230816,9,2128,3
20230816,9,2129,4
20230816,9,2130,2
20230816,9,2139,3
20230816,9,2143,0
20230816,9,2148,0
20230816,9,2159,1
20230816,9,2171,15
20230816,9,2172,5
20230816,9,2178,0
20230816,9,2179,20
20230816,9,2185,2
20230816,9,2186,2
20230816,9,2191,0
20230816,9,2198,3
20230816,9,2199,0
20230816,9,3310,0
20230816,9,3311,12
20230816,9,3802,1
20230816,10,2111,3
20230816,10,2112,6
20230816,10,2116,4
20230816,10,2122,4
20230816,10,2128,3
20230816,10,2129,3
20230816,10,2130,2
20230816,10,2139,3
20230816,10,2143,0
20230816,10,2148,1
20230816,10,2159,1
20230816,10,2171,14
20230816,10,2172,8
20230816,10,2178,0
20230816,10,2179,19
20230816,10,2185,1
20230816,10,2186,2
20230816,10,2191,0
20230816,10,2198,3
20230816,10,2199,0
20230816,10,3310,13
20230816,10,3311,11
20230816,10,3802,2
20230816,11,2111,4
20230816,11,2112,6
20230816,11,2116,5
20230816,11,2122,5
20230816,11,2128,3
20230816,11,2129,3
20230816,11,2130,2
20230816,11,2139,3
20230816,11,2143,0
20230816,11,2148,3
20230816,11,2159,1
20230816,11,2171,13
20230816,11,2172,4
20230816,11,2178,0
20230816,11,2179,19
20230816,11,2185,1
20230816,11,2186,2
20230816,11,2191,0
20230816,11,2198,2
20230816,11,2199,0
20230816,11,3310,12
20230816,11,3311,12
20230816,11,3802,2
20230816,12,2111,5
20230816,12,2112,10
20230816,12,2116,5
20230816,12,2122,5
20230816,12,2128,3
20230816,12,2129,1
20230816,12,2130,0
20230816,12,2139,0
20230816,12,2143,0
20230816,12,2148,4
20230816,12,2159,0
20230816,12,2171,14
20230816,12,2172,3
20230816,12,2178,1
20230816,12,2179,16
20230816,12,2185,0
20230816,12,2186,4
20230816,12,2191,0
20230816,12,2198,2
20230816,12,2199,0
20230816,12,3310,11
20230816,12,3311,10
20230816,12,3802,2
20230816,13,2111,6
20230816,13,2112,10
20230816,13,2116,6
20230816,13,2122,6
20230816,13,2128,5
20230816,13,2129,1
20230816,13,2130,0
20230816,13,2139,1
20230816,13,2143,0
20230816,13,2148,1
20230816,13,2159,0
20230816,13,2171,16
20230816,13,2172,1
20230816,13,2178,0
20230816,13,2179,17
20230816,13,2185,0
20230816,13,2186,3
20230816,13,2191,0
20230816,13,2198,2
20230816,13,2199,0
20230816,13,3310,11
20230816,13,3311,10
20230816,13,3802,1
20230816,14,2111,7
20230816,14,2112,13
20230816,14,2116,6
20230816,14,2122,2
20230816,14,2128,7
20230816,14,2129,1
20230816,14,2130,0
20230816,14,2139,1
20230816,14,2143,0
20230816,14,2148,1
20230816,14,2159,1
20230816,14,2171,17
20230816,14,2172,2
20230816,14,2178,0
20230816,14,2179,18
20230816,14,2185,0
20230816,14,2186,2
20230816,14,2191,0
20230816,14,2198,4
20230816,14,2199,0
20230816,14,3310,10
20230816,14,3311,14
20230816,14,3802,2
20230816,15,2111,7
20230816,15,2112,13
20230816,15,2116,6
20230816,15,2122,2
20230816,15,2128,7
20230816,15,2129,1
20230816,15,2130,0
20230816,15,2139,1
20230816,15,2143,0
20230816,15,2148,1
20230816,15,2159,1
20230816,15,2171,17
20230816,15,2172,2
20230816,15,2178,0
20230816,15,2179,18
20230816,15,2185,0
20230816,15,2186,2
20230816,15,2191,0
20230816,15,2198,4
20230816,15,2199,0
20230816,15,3310,10
20230816,15,3311,14
20230816,15,3802,2
20230816,16,2111,7
20230816,16,2112,12
20230816,16,2116,6
20230816,16,2122,1
20230816,16,2128,7
20230816,16,2129,1
20230816,16,2130,0
20230816,16,2139,0
20230816,16,2143,0
20230816,16,2148,0
20230816,16,2159,0
20230816,16,2171,13
20230816,16,2172,2
20230816,16,2178,0
20230816,16,2179,16
20230816,16,2185,0
20230816,16,2186,2
20230816,16,2191,0
20230816,16,2198,2
20230816,16,2199,0
20230816,16,3310,8
20230816,16,3311,6
20230816,16,3802,0
20230816,17,2111,5
20230816,17,2112,12
20230816,17,2116,8
20230816,17,2122,0
20230816,17,2128,6
20230816,17,2129,2
20230816,17,2130,0
20230816,17,2139,0
20230816,17,2143,0
20230816,17,2148,0
20230816,17,2159,0
20230816,17,2171,10
20230816,17,2172,0
20230816,17,2178,0
20230816,17,2179,16
20230816,17,2185,0
20230816,17,2186,1
20230816,17,2191,0
20230816,17,2198,3
20230816,17,2199,1
20230816,17,3310,6
20230816,17,3311,8
20230816,17,3802,0
20230816,18,2111,5
20230816,18,2112,4
20230816,18,2116,3
20230816,18,2122,1
20230816,18,2128,4
20230816,18,2129,1
20230816,18,2130,0
20230816,18,2139,0
20230816,18,2143,0
20230816,18,2148,2
20230816,18,2159,0
20230816,18,2171,6
20230816,18,2172,0
20230816,18,2178,0
20230816,18,2179,18
20230816,18,2185,0
20230816,18,2186,2
20230816,18,2191,0
20230816,18,2198,2
20230816,18,2199,0
20230816,18,3310,3
20230816,18,3311,3
20230816,18,3802,0
20230816,19,2111,3
20230816,19,2112,3
20230816,19,2116,3
20230816,19,2122,0
20230816,19,2128,2
20230816,19,2129,1
20230816,19,2130,0
20230816,19,2139,3
20230816,19,2143,0
20230816,19,2148,2
20230816,19,2159,0
20230816,19,2171,4
20230816,19,2172,0
20230816,19,2178,0
20230816,19,2179,15
20230816,19,2185,0
20230816,19,2186,5
20230816,19,2191,1
20230816,19,2198,3
20230816,19,2199,0
20230816,19,3310,0
20230816,19,3311,3
20230816,19,3802,3
20230816,20,2111,2
20230816,20,2112,3
20230816,20,2116,4
20230816,20,2122,0
20230816,20,2128,3
20230816,20,2129,1
20230816,20,2130,0
20230816,20,2139,1
20230816,20,2143,0
20230816,20,2148,4
20230816,20,2159,3
20230816,20,2171,1
20230816,20,2172,0
20230816,20,2178,0
20230816,20,2179,14
20230816,20,2185,5
20230816,20,2186,5
20230816,20,2191,0
20230816,20,2198,3
20230816,20,2199,2
20230816,20,3310,0
20230816,20,3311,4
20230816,20,3802,2
20230816,21,2111,0
20230816,21,2112,2
20230816,21,2116,1
20230816,21,2122,0
20230816,21,2128,3
20230816,21,2129,1
20230816,21,2130,0
20230816,21,2139,0
20230816,21,2143,1
20230816,21,2148,5
20230816,21,2159,2
20230816,21,2171,1
20230816,21,2172,1
20230816,21,2178,0
20230816,21,2179,10
20230816,21,2185,1
20230816,21,2186,3
20230816,21,2191,0
20230816,21,2198,3
20230816,21,2199,2
20230816,21,3310,0
20230816,21,3311,1
20230816,21,3802,0
20230816,22,2111,0
20230816,22,2112,1
20230816,22,2116,1
20230816,22,2122,1
20230816,22,2128,6
20230816,22,2129,1
20230816,22,2130,0
20230816,22,2139,0
20230816,22,2143,1
20230816,22,2148,7
20230816,22,2159,1
20230816,22,2171,1
20230816,22,2172,0
20230816,22,2178,0
20230816,22,2179,6
20230816,22,2185,1
20230816,22,2186,0
20230816,22,2191,0
20230816,22,2198,4
20230816,22,2199,2
20230816,22,3310,0
20230816,22,3311,0
20230816,22,3802,0
20230816,23,2111,1
20230816,23,2112,1
20230816,23,2116,0
20230816,23,2122,2
20230816,23,2128,2
20230816,23,2129,1
20230816,23,2130,0
20230816,23,2139,0
20230816,23,2143,0
20230816,23,2148,5
20230816,23,2159,2
20230816,23,2171,0
20230816,23,2172,0
20230816,23,2178,1
20230816,23,2179,6
20230816,23,2185,0
20230816,23,2186,0
20230816,23,2191,0
20230816,23,2198,2
20230816,23,2199,1
20230816,23,3310,0
20230816,23,3311,0
20230816,23,3802,0
20230817,0,2111,2
20230817,0,2112,1
20230817,0,2116,0
20230817,0,2122,3
20230817,0,2128,2
20230817,0,2129,1
20230817,0,2130,0
20230817,0,2139,1
20230817,0,2143,0
20230817,0,2148,5
20230817,0,2159,1
20230817,0,2171,0
20230817,0,2172,0
20230817,0,2178,0
20230817,0,2179,9
20230817,0,2185,0
20230817,0,2186,2
20230817,0,2191,0
20230817,0,2198,0
20230817,0,2199,1
20230817,0,3310,0
20230817,0,3311,1
20230817,0,3802,0
20230817,1,2111,0
20230817,1,2112,1
20230817,1,2116,0
20230817,1,2122,3
20230817,1,2128,2
20230817,1,2129,0
20230817,1,2130,0
20230817,1,2139,0
20230817,1,2143,0
20230817,1,2148,5
20230817,1,2159,0
20230817,1,2171,0
20230817,1,2172,0
20230817,1,2178,0
20230817,1,2179,12
20230817,1,2185,3
20230817,1,2186,3
20230817,1,2191,0
20230817,1,2198,0
20230817,1,2199,1
20230817,1,3310,0
20230817,1,3311,1
20230817,1,3802,0
20230817,2,2111,0
20230817,2,2112,2
20230817,2,2116,0
20230817,2,2122,1
20230817,2,2128,1
20230817,2,2129,0
20230817,2,2130,0
20230817,2,2139,0
20230817,2,2143,0
20230817,2,2148,5
20230817,2,2159,1
20230817,2,2171,0
20230817,2,2172,0
20230817,2,2178,0
20230817,2,2179,12
20230817,2,2185,3
20230817,2,2186,4
20230817,2,2191,0
20230817,2,2198,0
20230817,2,2199,1
20230817,2,3310,0
20230817,2,3311,0
20230817,2,3802,1
20230817,3,2111,0
20230817,3,2112,0
20230817,3,2116,0
20230817,3,2122,1
20230817,3,2128,1
20230817,3,2129,0
20230817,3,2130,0
20230817,3,2139,1
20230817,3,2143,0
20230817,3,2148,6
20230817,3,2159,1
20230817,3,2171,1
20230817,3,2172,0
20230817,3,2178,0
20230817,3,2179,12
20230817,3,2185,3
20230817,3,2186,5
20230817,3,2191,1
20230817,3,2198,1
20230817,3,2199,2
20230817,3,3310,0
20230817,3,3311,0
20230817,3,3802,2
20230817,4,2111,1
20230817,4,2112,0
20230817,4,2116,0
20230817,4,2122,1
20230817,4,2128,1
20230817,4,2129,0
20230817,4,2130,0
20230817,4,2139,1
20230817,4,2143,0
20230817,4,2148,6
20230817,4,2159,1
20230817,4,2171,1
20230817,4,2172,0
20230817,4,2178,0
20230817,4,2179,13
20230817,4,2185,3
20230817,4,2186,5
20230817,4,2191,0
20230817,4,2198,1
20230817,4,2199,2
20230817,4,3310,0
20230817,4,3311,0
20230817,4,3802,2
20230817,5,2111,1
20230817,5,2112,0
20230817,5,2116,0
20230817,5,2122,0
20230817,5,2128,0
20230817,5,2129,0
20230817,5,2130,0
20230817,5,2139,1
20230817,5,2143,0
20230817,5,2148,5
20230817,5,2159,1
20230817,5,2171,1
20230817,5,2172,1
20230817,5,2178,0
20230817,5,2179,13
20230817,5,2185,3
20230817,5,2186,5
20230817,5,2191,1
20230817,5,2198,2
20230817,5,2199,2
20230817,5,3310,0
20230817,5,3311,0
20230817,5,3802,2
20230817,6,2111,1
20230817,6,2112,0
20230817,6,2116,0
20230817,6,2122,0
20230817,6,2128,0
20230817,6,2129,0
20230817,6,2130,0
20230817,6,2139,2
20230817,6,2143,0
20230817,6,2148,4
20230817,6,2159,0
20230817,6,2171,2
20230817,6,2172,1
20230817,6,2178,0
20230817,6,2179,12
20230817,6,2185,3
20230817,6,2186,2
20230817,6,2191,2
20230817,6,2198,2
20230817,6,2199,2
20230817,6,3310,0
20230817,6,3311,0
20230817,6,3802,7
20230817,7,2111,0
20230817,7,2112,1
20230817,7,2116,0
20230817,7,2122,0
20230817,7,2128,0
20230817,7,2129,0
20230817,7,2130,0
20230817,7,2139,0
20230817,7,2143,0
20230817,7,2148,3
20230817,7,2159,0
20230817,7,2171,1
20230817,7,2172,0
20230817,7,2178,0
20230817,7,2179,12
20230817,7,2185,3
20230817,7,2186,2
20230817,7,2191,1
20230817,7,2198,2
20230817,7,2199,1
20230817,7,3310,0
20230817,7,3311,0
20230817,7,3802,8
20230817,8,2111,0
20230817,8,2112,1
20230817,8,2116,0
20230817,8,2122,0
20230817,8,2128,0
20230817,8,2129,0
20230817,8,2130,0
20230817,8,2139,0
20230817,8,2143,0
20230817,8,2148,2
20230817,8,2159,0
20230817,8,2171,0
20230817,8,2172,0
20230817,8,2178,1
20230817,8,2179,9
20230817,8,2185,1
20230817,8,2186,1
20230817,8,2191,0
20230817,8,2198,0
20230817,8,2199,1
20230817,8,3310,0
20230817,8,3311,0
20230817,8,3802,8
20230817,9,2111,4
20230817,9,2112,2
20230817,9,2116,2
20230817,9,2122,0
20230817,9,2128,1
20230817,9,2129,1
20230817,9,2130,0
20230817,9,2139,2
20230817,9,2143,0
20230817,9,2148,1
20230817,9,2159,0
20230817,9,2171,3
20230817,9,2172,3
20230817,9,2178,1
20230817,9,2179,9
20230817,9,2185,0
20230817,9,2186,1
20230817,9,2191,0
20230817,9,2198,0
20230817,9,2199,1
20230817,9,3310,0
20230817,9,3311,8
20230817,9,3802,5
20230817,10,2111,2
20230817,10,2112,4
20230817,10,2116,3
20230817,10,2122,1
20230817,10,2128,1
20230817,10,2129,0
20230817,10,2130,0
20230817,10,2139,0
20230817,10,2143,1
20230817,10,2148,1
20230817,10,2159,0
20230817,10,2171,5
20230817,10,2172,5
20230817,10,2178,1
20230817,10,2179,8
20230817,10,2185,0
20230817,10,2186,0
20230817,10,2191,0
20230817,10,2198,0
20230817,10,2199,1
20230817,10,3310,0
20230817,10,3311,7
20230817,10,3802,7
20230817,11,2111,3
20230817,11,2112,2
20230817,11,2116,4
20230817,11,2122,3
20230817,11,2128,0
20230817,11,2129,0
20230817,11,2130,0
20230817,11,2139,0
20230817,11,2143,2
20230817,11,2148,1
20230817,11,2159,0
20230817,11,2171,2
20230817,11,2172,6
20230817,11,2178,0
20230817,11,2179,5
20230817,11,2185,0
20230817,11,2186,0
20230817,11,2191,0
20230817,11,2198,0
20230817,11,2199,1
20230817,11,3310,0
20230817,11,3311,10
20230817,11,3802,6
20230817,12,2111,1
20230817,12,2112,2
20230817,12,2116,4
20230817,12,2122,2
20230817,12,2128,0
20230817,12,2129,0
20230817,12,2130,0
20230817,12,2139,0
20230817,12,2143,2
20230817,12,2148,1
20230817,12,2159,0
20230817,12,2171,1
20230817,12,2172,5
20230817,12,2178,0
20230817,12,2179,6
20230817,12,2185,1
20230817,12,2186,0
20230817,12,2191,0
20230817,12,2198,0
20230817,12,2199,1
20230817,12,3310,0
20230817,12,3311,12
20230817,12,3802,4
20230817,13,2111,3
20230817,13,2112,2
20230817,13,2116,7
20230817,13,2122,2
20230817,13,2128,0
20230817,13,2129,0
20230817,13,2130,0
20230817,13,2139,0
20230817,13,2143,2
20230817,13,2148,1
20230817,13,2159,0
20230817,13,2171,1
20230817,13,2172,3
20230817,13,2178,1
20230817,13,2179,5
20230817,13,2185,0
20230817,13,2186,0
20230817,13,2191,0
20230817,13,2198,0
20230817,13,2199,1
20230817,13,3310,0
20230817,13,3311,12
20230817,13,3802,4
20230817,14,2111,1
20230817,14,2112,4
20230817,14,2116,6
20230817,14,2122,2
20230817,14,2128,0
20230817,14,2129,0
20230817,14,2130,0
20230817,14,2139,0
20230817,14,2143,1
20230817,14,2148,1
20230817,14,2159,0
20230817,14,2171,2
20230817,14,2172,1
20230817,14,2178,3
20230817,14,2179,3
20230817,14,2185,0
20230817,14,2186,1
20230817,14,2191,0
20230817,14,2198,0
20230817,14,2199,1
20230817,14,3310,0
20230817,14,3311,12
20230817,14,3802,4
20230817,15,2111,0
20230817,15,2112,5
20230817,15,2116,6
20230817,15,2122,3
20230817,15,2128,3
20230817,15,2129,1
20230817,15,2130,0
20230817,15,2139,0
20230817,15,2143,0
20230817,15,2148,0
20230817,15,2159,0
20230817,15,2171,1
20230817,15,2172,1
20230817,15,2178,2
20230817,15,2179,3
20230817,15,2185,0
20230817,15,2186,1
20230817,15,2191,1
20230817,15,2198,0
20230817,15,2199,1
20230817,15,3310,0
20230817,15,3311,10
20230817,15,3802,2
20230817,16,2111,0
20230817,16,2112,4
20230817,16,2116,7
20230817,16,2122,1
20230817,16,2128,3
20230817,16,2129,1
20230817,16,2130,0
20230817,16,2139,1
20230817,16,2143,0
20230817,16,2148,0
20230817,16,2159,0
20230817,16,2171,1
20230817,16,2172,1
20230817,16,2178,0
20230817,16,2179,2
20230817,16,2185,0
20230817,16,2186,0
20230817,16,2191,1
20230817,16,2198,0
20230817,16,2199,2
20230817,16,3310,0
20230817,16,3311,13
20230817,16,3802,2
20230817,17,2111,0
20230817,17,2112,2
20230817,17,2116,8
20230817,17,2122,0
20230817,17,2128,0
20230817,17,2129,0
20230817,17,2130,0
20230817,17,2139,0
20230817,17,2143,0
20230817,17,2148,1
20230817,17,2159,0
20230817,17,2171,2
20230817,17,2172,2
20230817,17,2178,1
20230817,17,2179,3
20230817,17,2185,0
20230817,17,2186,0
20230817,17,2191,1
20230817,17,2198,0
20230817,17,2199,1
20230817,17,3310,0
20230817,17,3311,11
20230817,17,3802,1
20230817,18,2111,0
20230817,18,2112,1
20230817,18,2116,5
20230817,18,2122,0
20230817,18,2128,0
20230817,18,2129,0
20230817,18,2130,0
20230817,18,2139,1
20230817,18,2143,1
20230817,18,2148,1
20230817,18,2159,0
20230817,18,2171,1
20230817,18,2172,0
20230817,18,2178,4
20230817,18,2179,3
20230817,18,2185,2
20230817,18,2186,0
20230817,18,2191,3
20230817,18,2198,0
20230817,18,2199,1
20230817,18,3310,0
20230817,18,3311,3
20230817,18,3802,1
20230817,19,2111,0
20230817,19,2112,0
20230817,19,2116,2
20230817,19,2122,0
20230817,19,2128,0
20230817,19,2129,0
20230817,19,2130,0
20230817,19,2139,1
20230817,19,2143,0
20230817,19,2148,0
20230817,19,2159,1
20230817,19,2171,1
20230817,19,2172,0
20230817,19,2178,3
20230817,19,2179,3
20230817,19,2185,1
20230817,19,2186,0
20230817,19,2191,5
20230817,19,2198,1
20230817,19,2199,0
20230817,19,3310,0
20230817,19,3311,2
20230817,19,3802,1
20230817,20,2111,0
20230817,20,2112,1
20230817,20,2116,0
20230817,20,2122,0
20230817,20,2128,0
20230817,20,2129,0
20230817,20,2130,0
20230817,20,2139,0
20230817,20,2143,1
20230817,20,2148,0
20230817,20,2159,1
20230817,20,2171,0
20230817,20,2172,0
20230817,20,2178,0
20230817,20,2179,2
20230817,20,2185,3
20230817,20,2186,0
20230817,20,2191,9
20230817,20,2198,7
20230817,20,2199,1
20230817,20,3310,0
20230817,20,3311,3
20230817,20,3802,1
20230817,21,2111,0
20230817,21,2112,0
20230817,21,2116,0
20230817,21,2122,0
20230817,21,2128,0
20230817,21,2129,0
20230817,21,2130,0
20230817,21,2139,0
20230817,21,2143,0
20230817,21,2148,1
20230817,21,2159,0
20230817,21,2171,0
20230817,21,2172,0
20230817,21,2178,0
20230817,21,2179,2
20230817,21,2185,0
20230817,21,2186,1
20230817,21,2191,9
20230817,21,2198,3
20230817,21,2199,0
20230817,21,3310,0
20230817,21,3311,1
20230817,21,3802,0
20230817,22,2111,0
20230817,22,2112,2
20230817,22,2116,0
20230817,22,2122,0
20230817,22,2128,0
20230817,22,2129,0
20230817,22,2130,0
20230817,22,2139,2
20230817,22,2143,0
20230817,22,2148,1
20230817,22,2159,0
20230817,22,2171,0
20230817,22,2172,0
20230817,22,2178,0
20230817,22,2179,4
20230817,22,2185,1
20230817,22,2186,0
20230817,22,2191,6
20230817,22,2198,3
20230817,22,2199,0
20230817,22,3310,0
20230817,22,3311,0
20230817,22,3802,0
20230817,23,2111,0
20230817,23,2112,0
20230817,23,2116,0
20230817,23,2122,0
20230817,23,2128,0
20230817,23,2129,0
20230817,23,2130,0
20230817,23,2139,0
20230817,23,2143,0
20230817,23,2148,0
20230817,23,2159,0
20230817,23,2171,0
20230817,23,2172,0
20230817,23,2178,0
20230817,23,2179,4
20230817,23,2185,1
20230817,23,2186,0
20230817,23,2191,7
20230817,23,2198,5
20230817,23,2199,0
20230817,23,3310,0
20230817,23,3311,0
20230817,23,3802,0
20230818,0,2111,0
20230818,0,2112,0
20230818,0,2116,0
20230818,0,2122,0
20230818,0,2128,0
20230818,0,2129,0
20230818,0,2130,0
20230818,0,2139,0
20230818,0,2143,1
20230818,0,2148,0
20230818,0,2159,0
20230818,0,2171,0
20230818,0,2172,0
20230818,0,2178,0
20230818,0,2179,6
20230818,0,2185,0
20230818,0,2186,0
20230818,0,2191,12
20230818,0,2198,2
20230818,0,2199,0
20230818,0,3310,0
20230818,0,3311,0
20230818,0,3802,1
20230818,1,2111,0
20230818,1,2112,0
20230818,1,2116,0
20230818,1,2122,0
20230818,1,2128,0
20230818,1,2129,0
20230818,1,2130,0
20230818,1,2139,0
20230818,1,2143,1
20230818,1,2148,0
20230818,1,2159,0
20230818,1,2171,0
20230818,1,2172,0
20230818,1,2178,0
20230818,1,2179,1
20230818,1,2185,0
20230818,1,2186,0
20230818,1,2191,11
20230818,1,2198,0
20230818,1,2199,0
20230818,1,3310,0
20230818,1,3311,0
20230818,1,3802,1
20230818,2,2111,0
20230818,2,2112,0
20230818,2,2116,0
20230818,2,2122,0
20230818,2,2128,0
20230818,2,2129,1
20230818,2,2130,0
20230818,2,2139,0
20230818,2,2143,1
20230818,2,2148,0
20230818,2,2159,0
20230818,2,2171,0
20230818,2,2172,1
20230818,2,2178,0
20230818,2,2179,0
20230818,2,2185,0
20230818,2,2186,1
20230818,2,2191,10
20230818,2,2198,0
20230818,2,2199,0
20230818,2,3310,0
20230818,2,3311,0
20230818,2,3802,2
20230818,3,2111,0
20230818,3,2112,2
20230818,3,2116,0
20230818,3,2122,2
20230818,3,2128,0
20230818,3,2129,1
20230818,3,2130,0
20230818,3,2139,2
20230818,3,2143,1
20230818,3,2148,0
20230818,3,2159,0
20230818,3,2171,0
20230818,3,2172,1
20230818,3,2178,1
20230818,3,2179,0
20230818,3,2185,0
20230818,3,2186,1
20230818,3,2191,11
20230818,3,2198,0
20230818,3,2199,0
20230818,3,3310,0
20230818,3,3311,0
20230818,3,3802,2
20230818,4,2111,0
20230818,4,2112,2
20230818,4,2116,0
20230818,4,2122,2
20230818,4,2128,0
20230818,4,2129,0
20230818,4,2130,0
20230818,4,2139,3
20230818,4,2143,2
20230818,4,2148,0
20230818,4,2159,1
20230818,4,2171,0
20230818,4,2172,1
20230818,4,2178,1
20230818,4,2179,0
20230818,4,2185,0
20230818,4,2186,1
20230818,4,2191,12
20230818,4,2198,0
20230818,4,2199,0
20230818,4,3310,0
20230818,4,3311,0
20230818,4,3802,2
20230818,5,2111,0
20230818,5,2112,2
20230818,5,2116,0
20230818,5,2122,0
20230818,5,2128,0
20230818,5,2129,0
20230818,5,2130,0
20230818,5,2139,3
20230818,5,2143,3
20230818,5,2148,0
20230818,5,2159,1
20230818,5,2171,0
20230818,5,2172,1
20230818,5,2178,1
20230818,5,2179,1
20230818,5,2185,0
20230818,5,2186,0
20230818,5,2191,11
20230818,5,2198,0
20230818,5,2199,0
20230818,5,3310,0
20230818,5,3311,0
20230818,5,3802,2
20230818,6,2111,0
20230818,6,2112,1
20230818,6,2116,0
20230818,6,2122,0
20230818,6,2128,0
20230818,6,2129,1
20230818,6,2130,0
20230818,6,2139,3
20230818,6,2143,2
20230818,6,2148,0
20230818,6,2159,1
20230818,6,2171,0
20230818,6,2172,1
20230818,6,2178,1
20230818,6,2179,0
20230818,6,2185,0
20230818,6,2186,0
20230818,6,2191,11
20230818,6,2198,0
20230818,6,2199,0
20230818,6,3310,0
20230818,6,3311,0
20230818,6,3802,3
20230818,7,2111,0
20230818,7,2112,0
20230818,7,2116,0
20230818,7,2122,0
20230818,7,2128,0
20230818,7,2129,0
20230818,7,2130,0
20230818,7,2139,0
20230818,7,2143,1
20230818,7,2148,0
20230818,7,2159,0
20230818,7,2171,0
20230818,7,2172,1
20230818,7,2178,2
20230818,7,2179,0
20230818,7,2185,0
20230818,7,2186,0
20230818,7,2191,12
20230818,7,2198,0
20230818,7,2199,0
20230818,7,3310,0
20230818,7,3311,0
20230818,7,3802,0
20230818,8,2111,0
20230818,8,2112,1
20230818,8,2116,1
20230818,8,2122,0
20230818,8,2128,1
20230818,8,2129,0
20230818,8,2130,0
20230818,8,2139,0
20230818,8,2143,0
20230818,8,2148,0
20230818,8,2159,0
20230818,8,2171,0
20230818,8,2172,1
20230818,8,2178,1
20230818,8,2179,4
20230818,8,2185,0
20230818,8,2186,0
20230818,8,2191,8
20230818,8,2198,0
20230818,8,2199,0
20230818,8,3310,0
20230818,8,3311,3
20230818,8,3802,0
20230818,9,2111,0
20230818,9,2112,0
20230818,9,2116,4
20230818,9,2122,0
20230818,9,2128,4
20230818,9,2129,0
20230818,9,2130,0
20230818,9,2139,0
20230818,9,2143,1
20230818,9,2148,0
20230818,9,2159,0
20230818,9,2171,5
20230818,9,2172,2
20230818,9,2178,2
20230818,9,2179,2
20230818,9,2185,11
20230818,9,2186,0
20230818,9,2191,5
20230818,9,2198,0
20230818,9,2199,0
20230818,9,3310,0
20230818,9,3311,7
20230818,9,3802,0
20230818,10,2111,1
20230818,10,2112,0
20230818,10,2116,4
20230818,10,2122,0
20230818,10,2128,2
20230818,10,2129,0
20230818,10,2130,13
20230818,10,2139,0
20230818,10,2143,1
20230818,10,2148,0
20230818,10,2159,0
20230818,10,2171,3
20230818,10,2172,4
20230818,10,2178,20
20230818,10,2179,1
20230818,10,2185,14
20230818,10,2186,0
20230818,10,2191,1
20230818,10,2198,0
20230818,10,2199,0
20230818,10,3310,0
20230818,10,3311,7
20230818,10,3802,0
20230818,11,2111,1
20230818,11,2112,1
20230818,11,2116,4
20230818,11,2122,0
20230818,11,2128,1
20230818,11,2129,1
20230818,11,2130,13
20230818,11,2139,0
20230818,11,2143,2
20230818,11,2148,0
20230818,11,2159,0
20230818,11,2171,3
20230818,11,2172,5
20230818,11,2178,20
20230818,11,2179,2
20230818,11,2185,14
20230818,11,2186,0
20230818,11,2191,1
20230818,11,2198,0
20230818,11,2199,0
20230818,11,3310,0
20230818,11,3311,5
20230818,11,3802,2
20230818,12,2111,0
20230818,12,2112,1
20230818,12,2116,5
20230818,12,2122,0
20230818,12,2128,1
20230818,12,2129,0
20230818,12,2130,13
20230818,12,2139,0
20230818,12,2143,2
20230818,12,2148,0
20230818,12,2159,0
20230818,12,2171,1
20230818,12,2172,5
20230818,12,2178,21
20230818,12,2179,5
20230818,12,2185,14
20230818,12,2186,0
20230818,12,2191,0
20230818,12,2198,0
20230818,12,2199,0
20230818,12,3310,0
20230818,12,3311,3
20230818,12,3802,1
20230818,13,2111,2
20230818,13,2112,3
20230818,13,2116,4
20230818,13,2122,0
20230818,13,2128,1
20230818,13,2129,1
20230818,13,2130,13
20230818,13,2139,0
20230818,13,2143,1
20230818,13,2148,0
20230818,13,2159,0
20230818,13,2171,1
20230818,13,2172,6
20230818,13,2178,20
20230818,13,2179,4
20230818,13,2185,15
20230818,13,2186,0
20230818,13,2191,1
20230818,13,2198,0
20230818,13,2199,0
20230818,13,3310,0
20230818,13,3311,4
20230818,13,3802,0
20230818,14,2111,2
20230818,14,2112,6
20230818,14,2116,5
20230818,14,2122,0
20230818,14,2128,1
20230818,14,2129,1
20230818,14,2130,13
20230818,14,2139,0
20230818,14,2143,1
20230818,14,2148,0
20230818,14,2159,0
20230818,14,2171,3
20230818,14,2172,6
20230818,14,2178,19
20230818,14,2179,5
20230818,14,2185,13
20230818,14,2186,0
20230818,14,2191,0
20230818,14,2198,0
20230818,14,2199,0
20230818,14,3310,0
20230818,14,3311,3
20230818,14,3802,0
20230818,15,2111,1
20230818,15,2112,6
20230818,15,2116,6
20230818,15,2122,0
20230818,15,2128,1
20230818,15,2129,2
20230818,15,2130,11
20230818,15,2139,0
20230818,15,2143,2
20230818,15,2148,0
20230818,15,2159,0
20230818,15,2171,2
20230818,15,2172,3
20230818,15,2178,18
20230818,15,2179,5
20230818,15,2185,13
20230818,15,2186,0
20230818,15,2191,0
20230818,15,2198,0
20230818,15,2199,0
20230818,15,3310,14
20230818,15,3311,3
20230818,15,3802,0
20230818,16,2111,1
20230818,16,2112,5
20230818,16,2116,6
20230818,16,2122,0
20230818,16,2128,3
20230818,16,2129,2
20230818,16,2130,10
20230818,16,2139,0
20230818,16,2143,2
20230818,16,2148,0
20230818,16,2159,0
20230818,16,2171,2
20230818,16,2172,3
20230818,16,2178,17
20230818,16,2179,5
20230818,16,2185,14
20230818,16,2186,0
20230818,16,2191,0
20230818,16,2198,0
20230818,16,2199,0
20230818,16,3310,13
20230818,16,3311,3
20230818,16,3802,0
20230818,17,2111,0
20230818,17,2112,4
20230818,17,2116,8
20230818,17,2122,0
20230818,17,2128,3
20230818,17,2129,2
20230818,17,2130,10
20230818,17,2139,0
20230818,17,2143,2
20230818,17,2148,0
20230818,17,2159,0
20230818,17,2171,2
20230818,17,2172,1
20230818,17,2178,13
20230818,17,2179,4
20230818,17,2185,11
20230818,17,2186,0
20230818,17,2191,0
20230818,17,2198,0
20230818,17,2199,0
20230818,17,3310,10
20230818,17,3311,2
20230818,17,3802,0
20230818,18,2111,0
20230818,18,2112,0
20230818,18,2116,1
20230818,18,2122,0
20230818,18,2128,0
20230818,18,2129,0
20230818,18,2130,9
20230818,18,2139,0
20230818,18,2143,2
20230818,18,2148,2
20230818,18,2159,0
20230818,18,2171,2
20230818,18,2172,0
20230818,18,2178,4
20230818,18,2179,2
20230818,18,2185,11
20230818,18,2186,0
20230818,18,2191,1
20230818,18,2198,0
20230818,18,2199,0
20230818,18,3310,9
20230818,18,3311,2
20230818,18,3802,1
20230818,19,2111,1
20230818,19,2112,0
20230818,19,2116,2
20230818,19,2122,1
20230818,19,2128,0
20230818,19,2129,0
20230818,19,2130,8
20230818,19,2139,0
20230818,19,2143,1
20230818,19,2148,4
20230818,19,2159,1
20230818,19,2171,5
20230818,19,2172,1
20230818,19,2178,1
20230818,19,2179,1
20230818,19,2185,9
20230818,19,2186,0
20230818,19,2191,4
20230818,19,2198,0
20230818,19,2199,0
20230818,19,3310,9
20230818,19,3311,2
20230818,19,3802,4
20230818,20,2111,1
20230818,20,2112,0
20230818,20,2116,4
20230818,20,2122,1
20230818,20,2128,1
20230818,20,2129,0
20230818,20,2130,5
20230818,20,2139,1
20230818,20,2143,1
20230818,20,2148,3
20230818,20,2159,1
20230818,20,2171,5
20230818,20,2172,0
20230818,20,2178,0
20230818,20,2179,0
20230818,20,2185,10
20230818,20,2186,4
20230818,20,2191,7
20230818,20,2198,0
20230818,20,2199,2
20230818,20,3310,8
20230818,20,3311,3
20230818,20,3802,1
20230818,21,2111,2
20230818,21,2112,4
20230818,21,2116,2
20230818,21,2122,0
20230818,21,2128,0
20230818,21,2129,0
20230818,21,2130,5
20230818,21,2139,3
20230818,21,2143,0
20230818,21,2148,0
20230818,21,2159,3
20230818,21,2171,5
20230818,21,2172,0
20230818,21,2178,0
20230818,21,2179,1
20230818,21,2185,9
20230818,21,2186,4
20230818,21,2191,10
20230818,21,2198,0
20230818,21,2199,0
20230818,21,3310,7
20230818,21,3311,3
20230818,21,3802,0
20230818,22,2111,1
20230818,22,2112,1
20230818,22,2116,2
20230818,22,2122,0
20230818,22,2128,0
20230818,22,2129,0
20230818,22,2130,2
20230818,22,2139,6
20230818,22,2143,1
20230818,22,2148,0
20230818,22,2159,2
20230818,22,2171,5
20230818,22,2172,0
20230818,22,2178,0
20230818,22,2179,0
20230818,22,2185,8
20230818,22,2186,5
20230818,22,2191,9
20230818,22,2198,1
20230818,22,2199,0
20230818,22,3310,6
20230818,22,3311,3
20230818,22,3802,0
20230818,23,2111,3
20230818,23,2112,1
20230818,23,2116,2
20230818,23,2122,2
20230818,23,2128,0
20230818,23,2129,0
20230818,23,2130,1
20230818,23,2139,6
20230818,23,2143,0
20230818,23,2148,0
20230818,23,2159,0
20230818,23,2171,4
20230818,23,2172,0
20230818,23,2178,0
20230818,23,2179,0
20230818,23,2185,7
20230818,23,2186,7
20230818,23,2191,9
20230818,23,2198,1
20230818,23,2199,0
20230818,23,3310,6
20230818,23,3311,2
20230818,23,3802,0
20230819,0,2111,3
20230819,0,2112,1
20230819,0,2116,2
20230819,0,2122,2
20230819,0,2128,0
20230819,0,2129,1
20230819,0,2130,1
20230819,0,2139,5
20230819,0,2143,1
20230819,0,2148,0
20230819,0,2159,1
20230819,0,2171,3
20230819,0,2172,0
20230819,0,2178,0
20230819,0,2179,1
20230819,0,2185,9
20230819,0,2186,10
20230819,0,2191,7
20230819,0,2198,1
20230819,0,2199,0
20230819,0,3310,6
20230819,0,3311,1
20230819,0,3802,1
20230819,1,2111,3
20230819,1,2112,1
20230819,1,2116,2
20230819,1,2122,2
20230819,1,2128,0
20230819,1,2129,1
20230819,1,2130,1
20230819,1,2139,5
20230819,1,2143,2
20230819,1,2148,0
20230819,1,2159,0
20230819,1,2171,0
20230819,1,2172,0
20230819,1,2178,0
20230819,1,2179,0
20230819,1,2185,9
20230819,1,2186,9
20230819,1,2191,8
20230819,1,2198,1
20230819,1,2199,0
20230819,1,3310,6
20230819,1,3311,0
20230819,1,3802,1
20230819,2,2111,1
20230819,2,2112,1
20230819,2,2116,0
20230819,2,2122,3
20230819,2,2128,0
20230819,2,2129,1
20230819,2,2130,2
20230819,2,2139,5
20230819,2,2143,3
20230819,2,2148,0
20230819,2,2159,1
20230819,2,2171,0
20230819,2,2172,0
20230819,2,2178,0
20230819,2,2179,0
20230819,2,2185,12
20230819,2,2186,7
20230819,2,2191,8
20230819,2,2198,0
20230819,2,2199,1
20230819,2,3310,6
20230819,2,3311,0
20230819,2,3802,2
20230819,3,2111,1
20230819,3,2112,0
20230819,3,2116,0
20230819,3,2122,4
20230819,3,2128,0
20230819,3,2129,2
20230819,3,2130,2
20230819,3,2139,7
20230819,3,2143,4
20230819,3,2148,0
20230819,3,2159,1
20230819,3,2171,0
20230819,3,2172,0
20230819,3,2178,0
20230819,3,2179,0
20230819,3,2185,13
20230819,3,2186,8
20230819,3,2191,10
20230819,3,2198,1
20230819,3,2199,1
20230819,3,3310,6
20230819,3,3311,0
20230819,3,3802,2
20230819,4,2111,2
20230819,4,2112,0
20230819,4,2116,0
20230819,4,2122,4
20230819,4,2128,0
20230819,4,2129,2
20230819,4,2130,2
20230819,4,2139,8
20230819,4,2143,5
20230819,4,2148,2
20230819,4,2159,1
20230819,4,2171,0
20230819,4,2172,0
20230819,4,2178,0
20230819,4,2179,0
20230819,4,2185,13
20230819,4,2186,7
20230819,4,2191,10
20230819,4,2198,1
20230819,4,2199,1
20230819,4,3310,6
20230819,4,3311,0
20230819,4,3802,2
20230819,5,2111,1
20230819,5,2112,0
20230819,5,2116,1
20230819,5,2122,1
20230819,5,2128,0
20230819,5,2129,2
20230819,5,2130,2
20230819,5,2139,8
20230819,5,2143,6
20230819,5,2148,2
20230819,5,2159,1
20230819,5,2171,0
20230819,5,2172,0
20230819,5,2178,0
20230819,5,2179,0
20230819,5,2185,13
20230819,5,2186,6
20230819,5,2191,11
20230819,5,2198,1
20230819,5,2199,1
20230819,5,3310,6
20230819,5,3311,0
20230819,5,3802,2
20230819,6,2111,1
20230819,6,2112,0
20230819,6,2116,0
20230819,6,2122,1
20230819,6,2128,0
20230819,6,2129,1
20230819,6,2130,1
20230819,6,2139,8
20230819,6,2143,6
20230819,6,2148,1
20230819,6,2159,2
20230819,6,2171,0
20230819,6,2172,0
20230819,6,2178,0
20230819,6,2179,0
20230819,6,2185,12
20230819,6,2186,6
20230819,6,2191,11
20230819,6,2198,1
20230819,6,2199,2
20230819,6,3310,4
20230819,6,3311,0
20230819,6,3802,6
20230819,7,2111,2
20230819,7,2112,0
20230819,7,2116,0
20230819,7,2122,0
20230819,7,2128,0
20230819,7,2129,1
20230819,7,2130,1
20230819,7,2139,6
20230819,7,2143,6
20230819,7,2148,0
20230819,7,2159,2
20230819,7,2171,2
20230819,7,2172,0
20230819,7,2178,0
20230819,7,2179,0
20230819,7,2185,11
20230819,7,2186,3
20230819,7,2191,11
20230819,7,2198,1
20230819,7,2199,1
20230819,7,3310,4
20230819,7,3311,1
20230819,7,3802,4
20230819,8,2111,3
20230819,8,2112,1
20230819,8,2116,0
20230819,8,2122,0
20230819,8,2128,2
20230819,8,2129,1
20230819,8,2130,1
20230819,8,2139,6
20230819,8,2143,6
20230819,8,2148,0
20230819,8,2159,0
20230819,8,2171,5
20230819,8,2172,0
20230819,8,2178,0
20230819,8,2179,1
20230819,8,2185,10
20230819,8,2186,0
20230819,8,2191,12
20230819,8,2198,1
20230819,8,2199,0
20230819,8,3310,4
20230819,8,3311,2
20230819,8,3802,1
20230819,9,2111,4
20230819,9,2112,0
20230819,9,2116,0
20230819,9,2122,1
20230819,9,2128,3
20230819,9,2129,0
20230819,9,2130,1
20230819,9,2139,6
20230819,9,2143,6
20230819,9,2148,0
20230819,9,2159,0
20230819,9,2171,5
20230819,9,2172,4
20230819,9,2178,1
20230819,9,2179,3
20230819,9,2185,9
20230819,9,2186,0
20230819,9,2191,11
20230819,9,2198,0
20230819,9,2199,0
20230819,9,3310,3
20230819,9,3311,3
20230819,9,3802,2
20230819,10,2111,4
20230819,10,2112,0
20230819,10,2116,0
20230819,10,2122,1
20230819,10,2128,4
20230819,10,2129,0
20230819,10,2130,1
20230819,10,2139,5
20230819,10,2143,6
20230819,10,2148,0
20230819,10,2159,0
20230819,10,2171,9
20230819,10,2172,1
20230819,10,2178,1
20230819,10,2179,6
20230819,10,2185,8
20230819,10,2186,0
20230819,10,2191,10
20230819,10,2198,0
20230819,10,2199,0
20230819,10,3310,2
20230819,10,3311,1
20230819,10,3802,1
20230819,11,2111,3
20230819,11,2112,4
20230819,11,2116,1
20230819,11,2122,1
20230819,11,2128,6
20230819,11,2129,11
20230819,11,2130,0
20230819,11,2139,5
20230819,11,2143,5
20230819,11,2148,0
20230819,11,2159,0
20230819,11,2171,6
20230819,11,2172,0
20230819,11,2178,0
20230819,11,2179,8
20230819,11,2185,8
20230819,11,2186,0
20230819,11,2191,11
20230819,11,2198,0
20230819,11,2199,0
20230819,11,3310,0
20230819,11,3311,2
20230819,11,3802,0
20230819,12,2111,4
20230819,12,2112,6
20230819,12,2116,2
20230819,12,2122,1
20230819,12,2128,1
20230819,12,2129,10
20230819,12,2130,0
20230819,12,2139,4
20230819,12,2143,4
20230819,12,2148,0
20230819,12,2159,1
20230819,12,2171,5
20230819,12,2172,0
20230819,12,2178,0
20230819,12,2179,7
20230819,12,2185,9
20230819,12,2186,13
20230819,12,2191,8
20230819,12,2198,0
20230819,12,2199,0
20230819,12,3310,0
20230819,12,3311,4
20230819,12,3802,1
20230819,13,2111,2
20230819,13,2112,7
20230819,13,2116,5
20230819,13,2122,0
20230819,13,2128,0
20230819,13,2129,7
20230819,13,2130,0
20230819,13,2139,4
20230819,13,2143,4
20230819,13,2148,1
20230819,13,2159,1
20230819,13,2171,8
20230819,13,2172,1
20230819,13,2178,1
20230819,13,2179,3
20230819,13,2185,8
20230819,13,2186,12
20230819,13,2191,8
20230819,13,2198,0
20230819,13,2199,0
20230819,13,3310,0
20230819,13,3311,6
20230819,13,3802,3
20230819,14,2111,3
20230819,14,2112,9
20230819,14,2116,5
20230819,14,2122,1
20230819,14,2128,0
20230819,14,2129,7
20230819,14,2130,0
20230819,14,2139,3
20230819,14,2143,3
20230819,14,2148,0
20230819,14,2159,1
20230819,14,2171,12
20230819,14,2172,0
20230819,14,2178,2
20230819,14,2179,3
20230819,14,2185,7
20230819,14,2186,8
20230819,14,2191,7
20230819,14,2198,0
20230819,14,2199,0
20230819,14,3310,0
20230819,14,3311,4
20230819,14,3802,2
20230819,15,2111,1
20230819,15,2112,7
20230819,15,2116,5
20230819,15,2122,2
20230819,15,2128,0
20230819,15,2129,7
20230819,15,2130,8
20230819,15,2139,0
20230819,15,2143,4
20230819,15,2148,0
20230819,15,2159,1
20230819,15,2171,12
20230819,15,2172,0
20230819,15,2178,3
20230819,15,2179,2
20230819,15,2185,6
20230819,15,2186,6
20230819,15,2191,5
20230819,15,2198,0
20230819,15,2199,0
20230819,15,3310,13
20230819,15,3311,6
20230819,15,3802,1
20230819,16,2111,0
20230819,16,2112,5
20230819,16,2116,6
20230819,16,2122,2
20230819,16,2128,0
20230819,16,2129,8
20230819,16,2130,16
20230819,16,2139,0
20230819,16,2143,2
20230819,16,2148,0
20230819,16,2159,1
20230819,16,2171,12
20230819,16,2172,0
20230819,16,2178,20
20230819,16,2179,0
20230819,16,2185,6
20230819,16,2186,2
20230819,16,2191,3
20230819,16,2198,1
20230819,16,2199,0
20230819,16,3310,12
20230819,16,3311,6
20230819,16,3802,1
20230819,17,2111,0
20230819,17,2112,6
20230819,17,2116,7
20230819,17,2122,2
20230819,17,2128,0
20230819,17,2129,11
20230819,17,2130,16
20230819,17,2139,0
20230819,17,2143,0
20230819,17,2148,0
20230819,17,2159,1
20230819,17,2171,11
20230819,17,2172,0
20230819,17,2178,20
20230819,17,2179,0
20230819,17,2185,5
20230819,17,2186,2
20230819,17,2191,4
20230819,17,2198,1
20230819,17,2199,0
20230819,17,3310,5
20230819,17,3311,8
20230819,17,3802,1
20230819,18,2111,2
20230819,18,2112,2
20230819,18,2116,7
20230819,18,2122,2
20230819,18,2128,0
20230819,18,2129,11
20230819,18,2130,13
20230819,18,2139,0
20230819,18,2143,0
20230819,18,2148,0
20230819,18,2159,0
20230819,18,2171,13
20230819,18,2172,0
20230819,18,2178,20
20230819,18,2179,2
20230819,18,2185,3
20230819,18,2186,2
20230819,18,2191,7
20230819,18,2198,2
20230819,18,2199,1
20230819,18,3310,3
20230819,18,3311,6
20230819,18,3802,1
20230819,19,2111,0
20230819,19,2112,1
20230819,19,2116,8
20230819,19,2122,0
20230819,19,2128,0
20230819,19,2129,11
20230819,19,2130,13
20230819,19,2139,0
20230819,19,2143,0
20230819,19,2148,0
20230819,19,2159,1
20230819,19,2171,8
20230819,19,2172,0
20230819,19,2178,17
20230819,19,2179,1
20230819,19,2185,2
20230819,19,2186,1
20230819,19,2191,1
20230819,19,2198,4
20230819,19,2199,0
20230819,19,3310,3
20230819,19,3311,6
20230819,19,3802,1
20230819,20,2111,3
20230819,20,2112,3
20230819,20,2116,7
20230819,20,2122,0
20230819,20,2128,0
20230819,20,2129,10
20230819,20,2130,13
20230819,20,2139,0
20230819,20,2143,0
20230819,20,2148,0
20230819,20,2159,2
20230819,20,2171,7
20230819,20,2172,0
20230819,20,2178,15
20230819,20,2179,1
20230819,20,2185,2
20230819,20,2186,2
20230819,20,2191,0
20230819,20,2198,2
20230819,20,2199,0
20230819,20,3310,2
20230819,20,3311,5
20230819,20,3802,0
20230819,21,2111,2
20230819,21,2112,1
20230819,21,2116,9
20230819,21,2122,0
20230819,21,2128,4
20230819,21,2129,8
20230819,21,2130,14
20230819,21,2139,0
20230819,21,2143,0
20230819,21,2148,0
20230819,21,2159,1
20230819,21,2171,13
20230819,21,2172,0
20230819,21,2178,15
20230819,21,2179,1
20230819,21,2185,0
20230819,21,2186,2
20230819,21,2191,1
20230819,21,2198,1
20230819,21,2199,0
20230819,21,3310,14
20230819,21,3311,2
20230819,21,3802,0
20230819,22,2111,2
20230819,22,2112,0
20230819,22,2116,8
20230819,22,2122,0
20230819,22,2128,4
20230819,22,2129,3
20230819,22,2130,13
20230819,22,2139,1
20230819,22,2143,0
20230819,22,2148,1
20230819,22,2159,0
20230819,22,2171,8
20230819,22,2172,0
20230819,22,2178,15
20230819,22,2179,0
20230819,22,2185,0
20230819,22,2186,2
20230819,22,2191,1
20230819,22,2198,2
20230819,22,2199,0
20230819,22,3310,13
20230819,22,3311,1
20230819,22,3802,2
20230819,23,2111,3
20230819,23,2112,0
20230819,23,2116,8
20230819,23,2122,1
20230819,23,2128,1
20230819,23,2129,2
20230819,23,2130,12
20230819,23,2139,1
20230819,23,2143,0
20230819,23,2148,1
20230819,23,2159,0
20230819,23,2171,7
20230819,23,2172,0
20230819,23,2178,12
20230819,23,2179,1
20230819,23,2185,0
20230819,23,2186,0
20230819,23,2191,2
20230819,23,2198,7
20230819,23,2199,0
20230819,23,3310,13
20230819,23,3311,1
20230819,23,3802,3
20230820,0,2111,0
20230820,0,2112,0
20230820,0,2116,9
20230820,0,2122,0
20230820,0,2128,0
20230820,0,2129,1
20230820,0,2130,12
20230820,0,2139,0
20230820,0,2143,0
20230820,0,2148,2
20230820,0,2159,2
20230820,0,2171,4
20230820,0,2172,2
20230820,0,2178,11
20230820,0,2179,0
20230820,0,2185,4
20230820,0,2186,2
20230820,0,2191,3
20230820,0,2198,4
20230820,0,2199,0
20230820,0,3310,12
20230820,0,3311,0
20230820,0,3802,2
20230820,1,2111,0
20230820,1,2112,1
20230820,1,2116,3
20230820,1,2122,3
20230820,1,2128,0
20230820,1,2129,1
20230820,1,2130,13
20230820,1,2139,1
20230820,1,2143,0
20230820,1,2148,5
20230820,1,2159,5
20230820,1,2171,2
20230820,1,2172,1
20230820,1,2178,10
20230820,1,2179,0
20230820,1,2185,8
20230820,1,2186,2
20230820,1,2191,4
20230820,1,2198,4
20230820,1,2199,1
20230820,1,3310,12
20230820,1,3311,0
20230820,1,3802,2
20230820,2,2111,0
20230820,2,2112,2
20230820,2,2116,2
20230820,2,2122,3
20230820,2,2128,0
20230820,2,2129,1
20230820,2,2130,14
20230820,2,2139,3
20230820,2,2143,1
20230820,2,2148,5
20230820,2,2159,6
20230820,2,2171,1
20230820,2,2172,2
20230820,2,2178,8
20230820,2,2179,0
20230820,2,2185,8
20230820,2,2186,3
20230820,2,2191,2
20230820,2,2198,4
20230820,2,2199,1
20230820,2,3310,13
20230820,2,3311,0
20230820,2,3802,3
20230820,3,2111,0
20230820,3,2112,2
20230820,3,2116,3
20230820,3,2122,3
20230820,3,2128,0
20230820,3,2129,1
20230820,3,2130,14
20230820,3,2139,3
20230820,3,2143,2
20230820,3,2148,7
20230820,3,2159,6
20230820,3,2171,1
20230820,3,2172,2
20230820,3,2178,9
20230820,3,2179,0
20230820,3,2185,7
20230820,3,2186,3
20230820,3,2191,5
20230820,3,2198,4
20230820,3,2199,1
20230820,3,3310,14
20230820,3,3311,0
20230820,3,3802,3
20230820,4,2111,0
20230820,4,2112,2
20230820,4,2116,3
20230820,4,2122,2
20230820,4,2128,0
20230820,4,2129,1
20230820,4,2130,14
20230820,4,2139,5
20230820,4,2143,3
20230820,4,2148,7
20230820,4,2159,6
20230820,4,2171,2
20230820,4,2172,2
20230820,4,2178,9
20230820,4,2179,3
20230820,4,2185,6
20230820,4,2186,3
20230820,4,2191,6
20230820,4,2198,4
20230820,4,2199,1
20230820,4,3310,14
20230820,4,3311,0
20230820,4,3802,3
20230820,5,2111,0
20230820,5,2112,0
20230820,5,2116,3
20230820,5,2122,2
20230820,5,2128,0
20230820,5,2129,1
20230820,5,2130,14
20230820,5,2139,6
20230820,5,2143,3
20230820,5,2148,7
20230820,5,2159,6
20230820,5,2171,5
20230820,5,2172,2
20230820,5,2178,8
20230820,5,2179,3
20230820,5,2185,6
20230820,5,2186,4
20230820,5,2191,6
20230820,5,2198,4
20230820,5,2199,1
20230820,5,3310,14
20230820,5,3311,0
20230820,5,3802,5
20230820,6,2111,2
20230820,6,2112,0
20230820,6,2116,3
20230820,6,2122,2
20230820,6,2128,0
20230820,6,2129,1
20230820,6,2130,13
20230820,6,2139,8
20230820,6,2143,4
20230820,6,2148,7
20230820,6,2159,6
20230820,6,2171,2
20230820,6,2172,2
20230820,6,2178,8
20230820,6,2179,4
20230820,6,2185,6
20230820,6,2186,5
20230820,6,2191,6
20230820,6,2198,4
20230820,6,2199,1
20230820,6,3310,14
20230820,6,3311,1
20230820,6,3802,5
20230820,7,2111,1
20230820,7,2112,0
20230820,7,2116,3
20230820,7,2122,2
20230820,7,2128,0
20230820,7,2129,1
20230820,7,2130,13
20230820,7,2139,8
20230820,7,2143,2
20230820,7,2148,7
20230820,7,2159,7
20230820,7,2171,1
20230820,7,2172,4
20230820,7,2178,8
20230820,7,2179,4
20230820,7,2185,5
20230820,7,2186,4
20230820,7,2191,6
20230820,7,2198,3
20230820,7,2199,1
20230820,7,3310,14
20230820,7,3311,3
20230820,7,3802,5
20230820,8,2111,1
20230820,8,2112,2
20230820,8,2116,2
20230820,8,2122,2
20230820,8,2128,0
20230820,8,2129,1
20230820,8,2130,13
20230820,8,2139,7
20230820,8,2143,0
20230820,8,2148,7
20230820,8,2159,7
20230820,8,2171,2
20230820,8,2172,5
20230820,8,2178,8
20230820,8,2179,3
20230820,8,2185,4
20230820,8,2186,3
20230820,8,2191,6
20230820,8,2198,3
20230820,8,2199,1
20230820,8,3310,14
20230820,8,3311,4
20230820,8,3802,5
20230820,9,2111,2
20230820,9,2112,1
20230820,9,2116,2
20230820,9,2122,1
20230820,9,2128,0
20230820,9,2129,1
20230820,9,2130,13
20230820,9,2139,7
20230820,9,2143,0
20230820,9,2148,7
20230820,9,2159,6
20230820,9,2171,7
20230820,9,2172,9
20230820,9,2178,9
20230820,9,2179,1
20230820,9,2185,2
20230820,9,2186,5
20230820,9,2191,6
20230820,9,2198,3
20230820,9,2199,1
20230820,9,3310,12
20230820,9,3311,6
20230820,9,3802,6
20230820,10,2111,2
20230820,10,2112,0
20230820,10,2116,0
20230820,10,2122,0
20230820,10,2128,1
20230820,10,2129,1
20230820,10,2130,12
20230820,10,2139,8
20230820,10,2143,0
20230820,10,2148,6
20230820,10,2159,7
20230820,10,2171,10
20230820,10,2172,9
20230820,10,2178,7
20230820,10,2179,5
20230820,10,2185,1
20230820,10,2186,5
20230820,10,2191,8
20230820,10,2198,3
20230820,10,2199,1
20230820,10,3310,12
20230820,10,3311,8
20230820,10,3802,5
20230820,11,2111,3
20230820,11,2112,1
20230820,11,2116,0
20230820,11,2122,0
20230820,11,2128,1
20230820,11,2129,0
20230820,11,2130,12
20230820,11,2139,9
20230820,11,2143,0
20230820,11,2148,8
20230820,11,2159,6
20230820,11,2171,11
20230820,11,2172,6
20230820,11,2178,8
20230820,11,2179,9
20230820,11,2185,1
20230820,11,2186,4
20230820,11,2191,9
20230820,11,2198,3
20230820,11,2199,1
20230820,11,3310,11
20230820,11,3311,6
20230820,11,3802,3
20230820,12,2111,2
20230820,12,2112,2
20230820,12,2116,0
20230820,12,2122,0
20230820,12,2128,1
20230820,12,2129,0
20230820,12,2130,13
20230820,12,2139,8
20230820,12,2143,1
20230820,12,2148,9
20230820,12,2159,6
20230820,12,2171,9
20230820,12,2172,4
20230820,12,2178,8
20230820,12,2179,7
20230820,12,2185,0
20230820,12,2186,4
20230820,12,2191,7
20230820,12,2198,3
20230820,12,2199,3
20230820,12,3310,10
20230820,12,3311,6
20230820,12,3802,4
20230820,13,2111,2
20230820,13,2112,4
20230820,13,2116,1
20230820,13,2122,0
20230820,13,2128,2
20230820,13,2129,0
20230820,13,2130,13
20230820,13,2139,8
20230820,13,2143,0
20230820,13,2148,6
20230820,13,2159,4
20230820,13,2171,11
20230820,13,2172,4
20230820,13,2178,8
20230820,13,2179,3
20230820,13,2185,0
20230820,13,2186,4
20230820,13,2191,4
20230820,13,2198,3
20230820,13,2199,3
20230820,13,3310,7
20230820,13,3311,6
20230820,13,3802,6
20230820,14,2111,4
20230820,14,2112,7
20230820,14,2116,1
20230820,14,2122,2
20230820,14,2128,3
20230820,14,2129,0
20230820,14,2130,12
20230820,14,2139,4
20230820,14,2143,0
20230820,14,2148,7
20230820,14,2159,1
20230820,14,2171,16
20230820,14,2172,2
20230820,14,2178,10
20230820,14,2179,1
20230820,14,2185,0
20230820,14,2186,3
20230820,14,2191,2
20230820,14,2198,3
20230820,14,2199,3
20230820,14,3310,3
20230820,14,3311,6
20230820,14,3802,4
20230820,15,2111,4
20230820,15,2112,7
20230820,15,2116,3
20230820,15,2122,9
20230820,15,2128,4
20230820,15,2129,16
20230820,15,2130,11
20230820,15,2139,3
20230820,15,2143,0
20230820,15,2148,10
20230820,15,2159,2
20230820,15,2171,15
20230820,15,2172,0
20230820,15,2178,9
20230820,15,2179,1
20230820,15,2185,1
20230820,15,2186,3
20230820,15,2191,2
20230820,15,2198,5
20230820,15,2199,4
20230820,15,3310,3
20230820,15,3311,5
20230820,15,3802,6
20230820,16,2111,5
20230820,16,2112,8
20230820,16,2116,5
20230820,16,2122,7
20230820,16,2128,1
20230820,16,2129,12
20230820,16,2130,11
20230820,16,2139,1
20230820,16,2143,0
20230820,16,2148,10
20230820,16,2159,2
20230820,16,2171,16
20230820,16,2172,1
20230820,16,2178,9
20230820,16,2179,1
20230820,16,2185,1
20230820,16,2186,2
20230820,16,2191,5
20230820,16,2198,7
20230820,16,2199,4
20230820,16,3310,3
20230820,16,3311,2
20230820,16,3802,9
20230820,17,2111,4
20230820,17,2112,2
20230820,17,2116,6
20230820,17,2122,6
20230820,17,2128,0
20230820,17,2129,12
20230820,17,2130,11
20230820,17,2139,2
20230820,17,2143,1
20230820,17,2148,13
20230820,17,2159,2
20230820,17,2171,11
20230820,17,2172,0
20230820,17,2178,8
20230820,17,2179,0
20230820,17,2185,2
20230820,17,2186,0
20230820,17,2191,4
20230820,17,2198,7
20230820,17,2199,4
20230820,17,3310,0
20230820,17,3311,0
20230820,17,3802,7
20230820,18,2111,8
20230820,18,2112,1
20230820,18,2116,6
20230820,18,2122,5
20230820,18,2128,1
20230820,18,2129,10
20230820,18,2130,11
20230820,18,2139,1
20230820,18,2143,0
20230820,18,2148,3
20230820,18,2159,0
20230820,18,2171,10
20230820,18,2172,0
20230820,18,2178,3
20230820,18,2179,0
20230820,18,2185,0
20230820,18,2186,0
20230820,18,2191,2
20230820,18,2198,7
20230820,18,2199,4
20230820,18,3310,0
20230820,18,3311,1
20230820,18,3802,8
20230820,19,2111,6
20230820,19,2112,0
20230820,19,2116,0
20230820,19,2122,5
20230820,19,2128,0
20230820,19,2129,6
20230820,19,2130,11
20230820,19,2139,0
20230820,19,2143,1
20230820,19,2148,2
20230820,19,2159,1
20230820,19,2171,3
20230820,19,2172,1
20230820,19,2178,3
20230820,19,2179,0
20230820,19,2185,0
20230820,19,2186,0
20230820,19,2191,0
20230820,19,2198,7
20230820,19,2199,2
20230820,19,3310,0
20230820,19,3311,0
20230820,19,3802,7
20230820,20,2111,5
20230820,20,2112,0
20230820,20,2116,3
20230820,20,2122,6
20230820,20,2128,3
20230820,20,2129,4
20230820,20,2130,10
20230820,20,2139,0
20230820,20,2143,0
20230820,20,2148,0
20230820,20,2159,4
20230820,20,2171,5
20230820,20,2172,0
20230820,20,2178,1
20230820,20,2179,0
20230820,20,2185,1
20230820,20,2186,0
20230820,20,2191,0
20230820,20,2198,7
20230820,20,2199,4
20230820,20,3310,0
20230820,20,3311,0
20230820,20,3802,7
20230820,21,2111,2
20230820,21,2112,0
20230820,21,2116,3
20230820,21,2122,3
20230820,21,2128,4
20230820,21,2129,4
20230820,21,2130,10
20230820,21,2139,0
20230820,21,2143,0
20230820,21,2148,0
20230820,21,2159,5
20230820,21,2171,1
20230820,21,2172,0
20230820,21,2178,1
20230820,21,2179,5
20230820,21,2185,1
20230820,21,2186,0
20230820,21,2191,0
20230820,21,2198,6
20230820,21,2199,5
20230820,21,3310,0
20230820,21,3311,1
20230820,21,3802,9
20230820,22,2111,0
20230820,22,2112,0
20230820,22,2116,2
20230820,22,2122,4
20230820,22,2128,2
20230820,22,2129,2
20230820,22,2130,9
20230820,22,2139,0
20230820,22,2143,0
20230820,22,2148,1
20230820,22,2159,6
20230820,22,2171,1
20230820,22,2172,0
20230820,22,2178,0
20230820,22,2179,5
20230820,22,2185,1
20230820,22,2186,0
20230820,22,2191,0
20230820,22,2198,9
20230820,22,2199,4
20230820,22,3310,0
20230820,22,3311,0
20230820,22,3802,9
20230820,23,2111,0
20230820,23,2112,0
20230820,23,2116,0
20230820,23,2122,3
20230820,23,2128,1
20230820,23,2129,2
20230820,23,2130,6
20230820,23,2139,0
20230820,23,2143,0
20230820,23,2148,0
20230820,23,2159,6
20230820,23,2171,1
20230820,23,2172,1
20230820,23,2178,0
20230820,23,2179,7
20230820,23,2185,0
20230820,23,2186,4
20230820,23,2191,0
20230820,23,2198,6
20230820,23,2199,4
20230820,23,3310,0
20230820,23,3311,0
20230820,23,3802,9
20230821,0,2111,0
20230821,0,2112,0
20230821,0,2116,0
20230821,0,2122,3
20230821,0,2128,1
20230821,0,2129,2
20230821,0,2130,6
20230821,0,2139,0
20230821,0,2143,1
20230821,0,2148,1
20230821,0,2159,6
20230821,0,2171,0
20230821,0,2172,0
20230821,0,2178,0
20230821,0,2179,8
20230821,0,2185,0
20230821,0,2186,4
20230821,0,2191,3
20230821,0,2198,1
20230821,0,2199,4
20230821,0,3310,0
20230821,0,3311,0
20230821,0,3802,10
20230821,1,2111,0
20230821,1,2112,1
20230821,1,2116,0
20230821,1,2122,3
20230821,1,2128,1
20230821,1,2129,2
20230821,1,2130,6
20230821,1,2139,0
20230821,1,2143,1
20230821,1,2148,1
20230821,1,2159,6
20230821,1,2171,0
20230821,1,2172,0
20230821,1,2178,0
20230821,1,2179,7
20230821,1,2185,1
20230821,1,2186,6
20230821,1,2191,4
20230821,1,2198,1
20230821,1,2199,4
20230821,1,3310,0
20230821,1,3311,0
20230821,1,3802,11
20230821,2,2111,0
20230821,2,2112,0
20230821,2,2116,0
20230821,2,2122,3
20230821,2,2128,0
20230821,2,2129,2
20230821,2,2130,6
20230821,2,2139,1
20230821,2,2143,1
20230821,2,2148,2
20230821,2,2159,7
20230821,2,2171,0
20230821,2,2172,0
20230821,2,2178,0
20230821,2,2179,6
20230821,2,2185,1
20230821,2,2186,6
20230821,2,2191,3
20230821,2,2198,1
20230821,2,2199,4
20230821,2,3310,0
20230821,2,3311,0
20230821,2,3802,11
20230821,3,2111,0
20230821,3,2112,0
20230821,3,2116,0
20230821,3,2122,3
20230821,3,2128,0
20230821,3,2129,2
20230821,3,2130,6
20230821,3,2139,3
20230821,3,2143,2
20230821,3,2148,2
20230821,3,2159,7
20230821,3,2171,0
20230821,3,2172,0
20230821,3,2178,0
20230821,3,2179,6
20230821,3,2185,5
20230821,3,2186,6
20230821,3,2191,4
20230821,3,2198,2
20230821,3,2199,4
20230821,3,3310,0
20230821,3,3311,0
20230821,3,3802,11
20230821,4,2111,0
20230821,4,2112,0
20230821,4,2116,0
20230821,4,2122,3
20230821,4,2128,0
20230821,4,2129,2
20230821,4,2130,6
20230821,4,2139,2
20230821,4,2143,2
20230821,4,2148,2
20230821,4,2159,7
20230821,4,2171,1
20230821,4,2172,0
20230821,4,2178,0
20230821,4,2179,5
20230821,4,2185,6
20230821,4,2186,6
20230821,4,2191,4
20230821,4,2198,2
20230821,4,2199,4
20230821,4,3310,0
20230821,4,3311,0
20230821,4,3802,11
20230821,5,2111,0
20230821,5,2112,0
20230821,5,2116,0
20230821,5,2122,3
20230821,5,2128,0
20230821,5,2129,2
20230821,5,2130,6
20230821,5,2139,2
20230821,5,2143,2
20230821,5,2148,2
20230821,5,2159,7
20230821,5,2171,0
20230821,5,2172,0
20230821,5,2178,1
20230821,5,2179,6
20230821,5,2185,6
20230821,5,2186,6
20230821,5,2191,6
20230821,5,2198,3
20230821,5,2199,4
20230821,5,3310,0
20230821,5,3311,0
20230821,5,3802,11
20230821,6,2111,0
20230821,6,2112,0
20230821,6,2116,0
20230821,6,2122,1
20230821,6,2128,0
20230821,6,2129,3
20230821,6,2130,6
20230821,6,2139,2
20230821,6,2143,2
20230821,6,2148,0
20230821,6,2159,7
20230821,6,2171,0
20230821,6,2172,0
20230821,6,2178,1
20230821,6,2179,6
20230821,6,2185,7
20230821,6,2186,4
20230821,6,2191,5
20230821,6,2198,2
20230821,6,2199,4
20230821,6,3310,0
20230821,6,3311,0
20230821,6,3802,14
20230821,7,2111,0
20230821,7,2112,0
20230821,7,2116,0
20230821,7,2122,1
20230821,7,2128,0
20230821,7,2129,2
20230821,7,2130,6
20230821,7,2139,0
20230821,7,2143,1
20230821,7,2148,0
20230821,7,2159,6
20230821,7,2171,0
20230821,7,2172,1
20230821,7,2178,2
20230821,7,2179,4
20230821,7,2185,4
20230821,7,2186,2
20230821,7,2191,4
20230821,7,2198,2
20230821,7,2199,4
20230821,7,3310,0
20230821,7,3311,1
20230821,7,3802,12
20230821,8,2111,0
20230821,8,2112,0
20230821,8,2116,0
20230821,8,2122,2
20230821,8,2128,1
20230821,8,2129,1
20230821,8,2130,6
20230821,8,2139,0
20230821,8,2143,0
20230821,8,2148,0
20230821,8,2159,6
20230821,8,2171,0
20230821,8,2172,1
20230821,8,2178,4
20230821,8,2179,2
20230821,8,2185,6
20230821,8,2186,0
20230821,8,2191,3
20230821,8,2198,1
20230821,8,2199,4
20230821,8,3310,0
20230821,8,3311,6
20230821,8,3802,11
20230821,9,2111,5
20230821,9,2112,4
20230821,9,2116,1
20230821,9,2122,2
20230821,9,2128,0
20230821,9,2129,1
20230821,9,2130,6
20230821,9,2139,0
20230821,9,2143,0
20230821,9,2148,2
20230821,9,2159,7
20230821,9,2171,4
20230821,9,2172,0
20230821,9,2178,6
20230821,9,2179,1
20230821,9,2185,5
20230821,9,2186,0
20230821,9,2191,3
20230821,9,2198,1
20230821,9,2199,3
20230821,9,3310,9
20230821,9,3311,9
20230821,9,3802,9
20230821,10,2111,5
20230821,10,2112,5
20230821,10,2116,1
20230821,10,2122,4
20230821,10,2128,1
20230821,10,2129,1
20230821,10,2130,5
20230821,10,2139,0
20230821,10,2143,0
20230821,10,2148,3
20230821,10,2159,7
20230821,10,2171,4
20230821,10,2172,0
20230821,10,2178,6
20230821,10,2179,3
20230821,10,2185,6
20230821,10,2186,0
20230821,10,2191,3
20230821,10,2198,1
20230821,10,2199,3
20230821,10,3310,8
20230821,10,3311,11
20230821,10,3802,9
20230821,11,2111,5
20230821,11,2112,4
20230821,11,2116,3
20230821,11,2122,4
20230821,11,2128,2
20230821,11,2129,0
20230821,11,2130,4
20230821,11,2139,1
20230821,11,2143,0
20230821,11,2148,3
20230821,11,2159,6
20230821,11,2171,4
20230821,11,2172,0
20230821,11,2178,6
20230821,11,2179,6
20230821,11,2185,3
20230821,11,2186,0
20230821,11,2191,2
20230821,11,2198,0
20230821,11,2199,3
20230821,11,3310,7
20230821,11,3311,12
20230821,11,3802,9
20230821,12,2111,7
20230821,12,2112,4
20230821,12,2116,4
20230821,12,2122,1
20230821,12,2128,4
20230821,12,2129,0
20230821,12,2130,4
20230821,12,2139,3
20230821,12,2143,0
20230821,12,2148,3
20230821,12,2159,6
20230821,12,2171,5
20230821,12,2172,0
20230821,12,2178,4
20230821,12,2179,7
20230821,12,2185,1
20230821,12,2186,0
20230821,12,2191,1
20230821,12,2198,0
20230821,12,2199,3
20230821,12,3310,6
20230821,12,3311,15
20230821,12,3802,10
20230821,13,2111,7
20230821,13,2112,4
20230821,13,2116,4
20230821,13,2122,1
20230821,13,2128,3
20230821,13,2129,0
20230821,13,2130,5
20230821,13,2139,2
20230821,13,2143,0
20230821,13,2148,2
20230821,13,2159,7
20230821,13,2171,7
20230821,13,2172,2
20230821,13,2178,4
20230821,13,2179,7
20230821,13,2185,0
20230821,13,2186,0
20230821,13,2191,1
20230821,13,2198,0
20230821,13,2199,4
20230821,13,3310,4
20230821,13,3311,16
20230821,13,3802,9
20230821,14,2111,8
20230821,14,2112,4
20230821,14,2116,7
20230821,14,2122,3
20230821,14,2128,0
20230821,14,2129,0
20230821,14,2130,2
20230821,14,2139,2
20230821,14,2143,0
20230821,14,2148,2
20230821,14,2159,7
20230821,14,2171,8
20230821,14,2172,0
20230821,14,2178,4
20230821,14,2179,10
20230821,14,2185,3
20230821,14,2186,0
20230821,14,2191,0
20230821,14,2198,1
20230821,14,2199,3
20230821,14,3310,0
20230821,14,3311,16
20230821,14,3802,10
20230821,15,2111,11
20230821,15,2112,5
20230821,15,2116,7
20230821,15,2122,5
20230821,15,2128,2
20230821,15,2129,0
20230821,15,2130,1
20230821,15,2139,3
20230821,15,2143,0
20230821,15,2148,2
20230821,15,2159,7
20230821,15,2171,7
20230821,15,2172,0
20230821,15,2178,4
20230821,15,2179,11
20230821,15,2185,3
20230821,15,2186,0
20230821,15,2191,1
20230821,15,2198,1
20230821,15,2199,3
20230821,15,3310,0
20230821,15,3311,15
20230821,15,3802,10
20230821,16,2111,12
20230821,16,2112,5
20230821,16,2116,7
20230821,16,2122,4
20230821,16,2128,0
20230821,16,2129,0
20230821,16,2130,1
20230821,16,2139,2
20230821,16,2143,0
20230821,16,2148,1
20230821,16,2159,5
20230821,16,2171,3
20230821,16,2172,0
20230821,16,2178,3
20230821,16,2179,12
20230821,16,2185,2
20230821,16,2186,0
20230821,16,2191,1
20230821,16,2198,0
20230821,16,2199,3
20230821,16,3310,0
20230821,16,3311,15
20230821,16,3802,7
20230821,17,2111,7
20230821,17,2112,3
20230821,17,2116,9
20230821,17,2122,3
20230821,17,2128,0
20230821,17,2129,0
20230821,17,2130,1
20230821,17,2139,0
20230821,17,2143,0
20230821,17,2148,1
20230821,17,2159,7
20230821,17,2171,7
20230821,17,2172,0
20230821,17,2178,2
20230821,17,2179,14
20230821,17,2185,0
20230821,17,2186,1
20230821,17,2191,1
20230821,17,2198,0
20230821,17,2199,4
20230821,17,3310,0
20230821,17,3311,12
20230821,17,3802,7
20230821,18,2111,4
20230821,18,2112,3
20230821,18,2116,11
20230821,18,2122,2
20230821,18,2128,0
20230821,18,2129,0
20230821,18,2130,0
20230821,18,2139,0
20230821,18,2143,0
20230821,18,2148,4
20230821,18,2159,6
20230821,18,2171,2
20230821,18,2172,0
20230821,18,2178,0
20230821,18,2179,15
20230821,18,2185,0
20230821,18,2186,0
20230821,18,2191,2
20230821,18,2198,1
20230821,18,2199,3
20230821,18,3310,0
20230821,18,3311,1
20230821,18,3802,8
20230821,19,2111,1
20230821,19,2112,3
20230821,19,2116,11
20230821,19,2122,1
20230821,19,2128,0
20230821,19,2129,1
20230821,19,2130,0
20230821,19,2139,0
20230821,19,2143,0
20230821,19,2148,4
20230821,19,2159,4
20230821,19,2171,4
20230821,19,2172,0
20230821,19,2178,0
20230821,19,2179,20
20230821,19,2185,0
20230821,19,2186,0
20230821,19,2191,0
20230821,19,2198,2
20230821,19,2199,2
20230821,19,3310,0
20230821,19,3311,1
20230821,19,3802,7
20230821,20,2111,2
20230821,20,2112,2
20230821,20,2116,2
20230821,20,2122,1
20230821,20,2128,0
20230821,20,2129,1
20230821,20,2130,0
20230821,20,2139,0
20230821,20,2143,0
20230821,20,2148,2
20230821,20,2159,4
20230821,20,2171,1
20230821,20,2172,0
20230821,20,2178,0
20230821,20,2179,15
20230821,20,2185,0
20230821,20,2186,0
20230821,20,2191,0
20230821,20,2198,2
20230821,20,2199,2
20230821,20,3310,0
20230821,20,3311,0
20230821,20,3802,8
20230821,21,2111,0
20230821,21,2112,1
20230821,21,2116,1
20230821,21,2122,0
20230821,21,2128,1
20230821,21,2129,0
20230821,21,2130,1
20230821,21,2139,3
20230821,21,2143,0
20230821,21,2148,2
20230821,21,2159,4
20230821,21,2171,0
20230821,21,2172,0
20230821,21,2178,0
20230821,21,2179,12
20230821,21,2185,0
20230821,21,2186,1
20230821,21,2191,0
20230821,21,2198,1
20230821,21,2199,2
20230821,21,3310,0
20230821,21,3311,0
20230821,21,3802,7
20230821,22,2111,0
20230821,22,2112,0
20230821,22,2116,0
20230821,22,2122,2
20230821,22,2128,1
20230821,22,2129,0
20230821,22,2130,0
20230821,22,2139,3
20230821,22,2143,0
20230821,22,2148,2
20230821,22,2159,4
20230821,22,2171,0
20230821,22,2172,0
20230821,22,2178,0
20230821,22,2179,9
20230821,22,2185,2
20230821,22,2186,0
20230821,22,2191,3
20230821,22,2198,0
20230821,22,2199,4
20230821,22,3310,0
20230821,22,3311,0
20230821,22,3802,6
20230821,23,2111,0
20230821,23,2112,0
20230821,23,2116,0
20230821,23,2122,3
20230821,23,2128,1
20230821,23,2129,0
20230821,23,2130,0
20230821,23,2139,3
20230821,23,2143,0
20230821,23,2148,2
20230821,23,2159,4
20230821,23,2171,0
20230821,23,2172,0
20230821,23,2178,0
20230821,23,2179,8
20230821,23,2185,2
20230821,23,2186,0
20230821,23,2191,2
20230821,23,2198,1
20230821,23,2199,4
20230821,23,3310,1
20230821,23,3311,0
20230821,23,3802,6
20230822,0,2111,1
20230822,0,2112,0
20230822,0,2116,0
20230822,0,2122,3
20230822,0,2128,2
20230822,0,2129,0
20230822,0,2130,0
20230822,0,2139,3
20230822,0,2143,0
20230822,0,2148,3
20230822,0,2159,4
20230822,0,2171,0
20230822,0,2172,0
20230822,0,2178,0
20230822,0,2179,9
20230822,0,2185,1
20230822,0,2186,0
20230822,0,2191,2
20230822,0,2198,3
20230822,0,2199,4
20230822,0,3310,1
20230822,0,3311,0
20230822,0,3802,5
20230822,1,2111,0
20230822,1,2112,0
20230822,1,2116,0
20230822,1,2122,3
20230822,1,2128,4
20230822,1,2129,0
20230822,1,2130,0
20230822,1,2139,3
20230822,1,2143,0
20230822,1,2148,4
20230822,1,2159,5
20230822,1,2171,0
20230822,1,2172,0
20230822,1,2178,0
20230822,1,2179,10
20230822,1,2185,3
20230822,1,2186,0
20230822,1,2191,2
20230822,1,2198,2
20230822,1,2199,4
20230822,1,3310,1
20230822,1,3311,0
20230822,1,3802,6
20230822,2,2111,0
20230822,2,2112,0
20230822,2,2116,0
20230822,2,2122,3
20230822,2,2128,1
20230822,2,2129,0
20230822,2,2130,0
20230822,2,2139,3
20230822,2,2143,0
20230822,2,2148,5
20230822,2,2159,5
20230822,2,2171,0
20230822,2,2172,0
20230822,2,2178,0
20230822,2,2179,10
20230822,2,2185,2
20230822,2,2186,0
20230822,2,2191,3
20230822,2,2198,4
20230822,2,2199,3
20230822,2,3310,2
20230822,2,3311,0
20230822,2,3802,6
20230822,3,2111,0
20230822,3,2112,0
20230822,3,2116,0
20230822,3,2122,3
20230822,3,2128,2
20230822,3,2129,0
20230822,3,2130,0
20230822,3,2139,2
20230822,3,2143,1
20230822,3,2148,5
20230822,3,2159,6
20230822,3,2171,0
20230822,3,2172,0
20230822,3,2178,0
20230822,3,2179,10
20230822,3,2185,2
20230822,3,2186,0
20230822,3,2191,4
20230822,3,2198,3
20230822,3,2199,3
20230822,3,3310,2
20230822,3,3311,1
20230822,3,3802,6
20230822,4,2111,0
20230822,4,2112,0
20230822,4,2116,0
20230822,4,2122,3
20230822,4,2128,2
20230822,4,2129,0
20230822,4,2130,0
20230822,4,2139,2
20230822,4,2143,1
20230822,4,2148,5
20230822,4,2159,6
20230822,4,2171,1
20230822,4,2172,0
20230822,4,2178,0
20230822,4,2179,9
20230822,4,2185,2
20230822,4,2186,1
20230822,4,2191,3
20230822,4,2198,3
20230822,4,2199,4
20230822,4,3310,2
20230822,4,3311,1
20230822,4,3802,6
20230822,5,2111,1
20230822,5,2112,0
20230822,5,2116,0
20230822,5,2122,1
20230822,5,2128,2
20230822,5,2129,0
20230822,5,2130,0
20230822,5,2139,2
20230822,5,2143,2
20230822,5,2148,4
20230822,5,2159,6
20230822,5,2171,0
20230822,5,2172,0
20230822,5,2178,0
20230822,5,2179,10
20230822,5,2185,3
20230822,5,2186,1
20230822,5,2191,3
20230822,5,2198,3
20230822,5,2199,4
20230822,5,3310,2
20230822,5,3311,1
20230822,5,3802,6
20230822,6,2111,1
20230822,6,2112,0
20230822,6,2116,0
20230822,6,2122,1
20230822,6,2128,1
20230822,6,2129,1
20230822,6,2130,0
20230822,6,2139,3
20230822,6,2143,1
20230822,6,2148,2
20230822,6,2159,6
20230822,6,2171,0
20230822,6,2172,1
20230822,6,2178,0
20230822,6,2179,8
20230822,6,2185,3
20230822,6,2186,0
20230822,6,2191,2
20230822,6,2198,4
20230822,6,2199,4
20230822,6,3310,2
20230822,6,3311,0
20230822,6,3802,12
20230822,7,2111,0
20230822,7,2112,0
20230822,7,2116,0
20230822,7,2122,1
20230822,7,2128,0
20230822,7,2129,0
20230822,7,2130,0
20230822,7,2139,2
20230822,7,2143,1
20230822,7,2148,2
20230822,7,2159,5
20230822,7,2171,0
20230822,7,2172,2
20230822,7,2178,0
20230822,7,2179,6
20230822,7,2185,3
20230822,7,2186,0
20230822,7,2191,1
20230822,7,2198,2
20230822,7,2199,3
20230822,7,3310,1
20230822,7,3311,0
20230822,7,3802,12
20230822,8,2111,0
20230822,8,2112,0
20230822,8,2116,1
20230822,8,2122,1
20230822,8,2128,2
20230822,8,2129,0
20230822,8,2130,0
20230822,8,2139,2
20230822,8,2143,1
20230822,8,2148,3
20230822,8,2159,5
20230822,8,2171,2
20230822,8,2172,3
20230822,8,2178,0
20230822,8,2179,5
20230822,8,2185,0
20230822,8,2186,0
20230822,8,2191,2
20230822,8,2198,0
20230822,8,2199,3
20230822,8,3310,0
20230822,8,3311,4
20230822,8,3802,15
20230822,9,2111,1
20230822,9,2112,2
20230822,9,2116,4
20230822,9,2122,1
20230822,9,2128,0
20230822,9,2129,0
20230822,9,2130,0
20230822,9,2139,0
20230822,9,2143,2
20230822,9,2148,4
20230822,9,2159,4
20230822,9,2171,3
20230822,9,2172,3
20230822,9,2178,0
20230822,9,2179,5
20230822,9,2185,1
20230822,9,2186,0
20230822,9,2191,1
20230822,9,2198,0
20230822,9,2199,2
20230822,9,3310,0
20230822,9,3311,9
20230822,9,3802,8
20230822,10,2111,1
20230822,10,2112,1
20230822,10,2116,4
20230822,10,2122,1
20230822,10,2128,2
20230822,10,2129,0
20230822,10,2130,0
20230822,10,2139,2
20230822,10,2143,2
20230822,10,2148,6
20230822,10,2159,4
20230822,10,2171,6
20230822,10,2172,3
20230822,10,2178,0
20230822,10,2179,7
20230822,10,2185,1
20230822,10,2186,2
20230822,10,2191,0
20230822,10,2198,0
20230822,10,2199,2
20230822,10,3310,13
20230822,10,3311,13
20230822,10,3802,8
20230822,11,2111,1
20230822,11,2112,1
20230822,11,2116,5
20230822,11,2122,1
20230822,11,2128,1
20230822,11,2129,0
20230822,11,2130,0
20230822,11,2139,1
20230822,11,2143,1
20230822,11,2148,6
20230822,11,2159,3
20230822,11,2171,5
20230822,11,2172,0
20230822,11,2178,0
20230822,11,2179,7
20230822,11,2185,0
20230822,11,2186,2
20230822,11,2191,1
20230822,11,2198,1
20230822,11,2199,2
20230822,11,3310,13
20230822,11,3311,12
20230822,11,3802,10
20230822,12,2111,2
20230822,12,2112,2
20230822,12,2116,3
20230822,12,2122,1
20230822,12,2128,0
20230822,12,2129,0
20230822,12,2130,0
20230822,12,2139,0
20230822,12,2143,0
20230822,12,2148,5
20230822,12,2159,1
20230822,12,2171,6
20230822,12,2172,0
20230822,12,2178,0
20230822,12,2179,5
20230822,12,2185,0
20230822,12,2186,2
20230822,12,2191,0
20230822,12,2198,1
20230822,12,2199,2
20230822,12,3310,12
20230822,12,3311,14
20230822,12,3802,10
20230822,13,2111,2
20230822,13,2112,2
20230822,13,2116,3
20230822,13,2122,2
20230822,13,2128,1
20230822,13,2129,0
20230822,13,2130,0
20230822,13,2139,0
20230822,13,2143,2
20230822,13,2148,6
20230822,13,2159,1
20230822,13,2171,8
20230822,13,2172,1
20230822,13,2178,1
20230822,13,2179,5
20230822,13,2185,0
20230822,13,2186,0
20230822,13,2191,0
20230822,13,2198,0
20230822,13,2199,3
20230822,13,3310,10
20230822,13,3311,14
20230822,13,3802,9
20230822,14,2111,3
20230822,14,2112,4
20230822,14,2116,8
20230822,14,2122,1
20230822,14,2128,1
20230822,14,2129,8
20230822,14,2130,0
20230822,14,2139,0
20230822,14,2143,2
20230822,14,2148,6
20230822,14,2159,2
20230822,14,2171,9
20230822,14,2172,2
20230822,14,2178,1
20230822,14,2179,5
20230822,14,2185,1
20230822,14,2186,0
20230822,14,2191,0
20230822,14,2198,0
20230822,14,2199,3
20230822,14,3310,9
20230822,14,3311,16
20230822,14,3802,8
20230822,15,2111,3
20230822,15,2112,5
20230822,15,2116,8
20230822,15,2122,2
20230822,15,2128,1
20230822,15,2129,8
20230822,15,2130,13
20230822,15,2139,0
20230822,15,2143,2
20230822,15,2148,9
20230822,15,2159,3
20230822,15,2171,9
20230822,15,2172,1
20230822,15,2178,2
20230822,15,2179,5
20230822,15,2185,1
20230822,15,2186,1
20230822,15,2191,1
20230822,15,2198,1
20230822,15,2199,3
20230822,15,3310,9
20230822,15,3311,16
20230822,15,3802,9
20230822,16,2111,2
20230822,16,2112,5
20230822,16,2116,9
20230822,16,2122,2
20230822,16,2128,2
20230822,16,2129,8
20230822,16,2130,13
20230822,16,2139,0
20230822,16,2143,2
20230822,16,2148,9
20230822,16,2159,4
20230822,16,2171,9
20230822,16,2172,2
20230822,16,2178,2
20230822,16,2179,6
20230822,16,2185,1
20230822,16,2186,1
20230822,16,2191,2
20230822,16,2198,2
20230822,16,2199,3
20230822,16,3310,7
20230822,16,3311,15
20230822,16,3802,9
20230822,17,2111,0
20230822,17,2112,5
20230822,17,2116,9
20230822,17,2122,2
20230822,17,2128,1
20230822,17,2129,8
20230822,17,2130,13
20230822,17,2139,0
20230822,17,2143,3
20230822,17,2148,9
20230822,17,2159,4
20230822,17,2171,10
20230822,17,2172,1
20230822,17,2178,2
20230822,17,2179,8
20230822,17,2185,0
20230822,17,2186,1
20230822,17,2191,1
20230822,17,2198,3
20230822,17,2199,3
20230822,17,3310,7
20230822,17,3311,15
20230822,17,3802,9
20230822,18,2111,1
20230822,18,2112,2
20230822,18,2116,8
20230822,18,2122,1
20230822,18,2128,1
20230822,18,2129,6
20230822,18,2130,13
20230822,18,2139,0
20230822,18,2143,3
20230822,18,2148,9
20230822,18,2159,4
20230822,18,2171,5
20230822,18,2172,0
20230822,18,2178,1
20230822,18,2179,8
20230822,18,2185,2
20230822,18,2186,0
20230822,18,2191,1
20230822,18,2198,3
20230822,18,2199,2
20230822,18,3310,5
20230822,18,3311,12
20230822,18,3802,10
20230822,19,2111,0
20230822,19,2112,2
20230822,19,2116,8
20230822,19,2122,0
20230822,19,2128,1
20230822,19,2129,6
20230822,19,2130,13
20230822,19,2139,0
20230822,19,2143,2
20230822,19,2148,9
20230822,19,2159,4
20230822,19,2171,5
20230822,19,2172,0
20230822,19,2178,0
20230822,19,2179,7
20230822,19,2185,3
20230822,19,2186,0
20230822,19,2191,3
20230822,19,2198,3
20230822,19,2199,2
20230822,19,3310,5
20230822,19,3311,12
20230822,19,3802,10
20230822,20,2111,0
20230822,20,2112,2
20230822,20,2116,9
20230822,20,2122,0
20230822,20,2128,1
20230822,20,2129,8
20230822,20,2130,13
20230822,20,2139,0
20230822,20,2143,2
20230822,20,2148,6
20230822,20,2159,4
20230822,20,2171,5
20230822,20,2172,0
20230822,20,2178,0
20230822,20,2179,6
20230822,20,2185,4
20230822,20,2186,0
20230822,20,2191,3
20230822,20,2198,6
20230822,20,2199,2
20230822,20,3310,4
20230822,20,3311,10
20230822,20,3802,10
20230822,21,2111,1
20230822,21,2112,2
20230822,21,2116,8
20230822,21,2122,0
20230822,21,2128,2
20230822,21,2129,7
20230822,21,2130,13
20230822,21,2139,1
20230822,21,2143,2
20230822,21,2148,5
20230822,21,2159,4
20230822,21,2171,5
20230822,21,2172,0
20230822,21,2178,0
20230822,21,2179,5
20230822,21,2185,4
20230822,21,2186,3
20230822,21,2191,4
20230822,21,2198,6
20230822,21,2199,2
20230822,21,3310,4
20230822,21,3311,10
20230822,21,3802,9
20230822,22,2111,2
20230822,22,2112,3
20230822,22,2116,9
20230822,22,2122,0
20230822,22,2128,2
20230822,22,2129,7
20230822,22,2130,13
20230822,22,2139,1
20230822,22,2143,2
20230822,22,2148,5
20230822,22,2159,6
20230822,22,2171,5
20230822,22,2172,0
20230822,22,2178,0
20230822,22,2179,5
20230822,22,2185,4
20230822,22,2186,1
20230822,22,2191,5
20230822,22,2198,6
20230822,22,2199,2
20230822,22,3310,3
20230822,22,3311,10
20230822,22,3802,8
20230822,23,2111,0
20230822,23,2112,2
20230822,23,2116,8
20230822,23,2122,0
20230822,23,2128,2
20230822,23,2129,9
20230822,23,2130,12
20230822,23,2139,1
20230822,23,2143,1
20230822,23,2148,6
20230822,23,2159,5
20230822,23,2171,4
20230822,23,2172,0
20230822,23,2178,0
20230822,23,2179,4
20230822,23,2185,4
20230822,23,2186,1
20230822,23,2191,5
20230822,23,2198,6
20230822,23,2199,2
20230822,23,3310,3
20230822,23,3311,9
20230822,23,3802,7
20230823,0,2111,0
20230823,0,2112,0
20230823,0,2116,3
20230823,0,2122,0
20230823,0,2128,3
20230823,0,2129,8
20230823,0,2130,12
20230823,0,2139,1
20230823,0,2143,0
20230823,0,2148,6
20230823,0,2159,5
20230823,0,2171,4
20230823,0,2172,0
20230823,0,2178,0
20230823,0,2179,7
20230823,0,2185,4
20230823,0,2186,2
20230823,0,2191,4
20230823,0,2198,5
20230823,0,2199,2
20230823,0,3310,3
20230823,0,3311,8
20230823,0,3802,7
20230823,1,2111,2
20230823,1,2112,1
20230823,1,2116,3
20230823,1,2122,0
20230823,1,2128,3
20230823,1,2129,7
20230823,1,2130,12
20230823,1,2139,2
20230823,1,2143,0
20230823,1,2148,5
20230823,1,2159,4
20230823,1,2171,4
20230823,1,2172,0
20230823,1,2178,0
20230823,1,2179,8
20230823,1,2185,4
20230823,1,2186,3
20230823,1,2191,3
20230823,1,2198,6
20230823,1,2199,2
20230823,1,3310,3
20230823,1,3311,8
20230823,1,3802,8
20230823,2,2111,2
20230823,2,2112,3
20230823,2,2116,4
20230823,2,2122,0
20230823,2,2128,3
20230823,2,2129,7
20230823,2,2130,12
20230823,2,2139,2
20230823,2,2143,0
20230823,2,2148,5
20230823,2,2159,5
20230823,2,2171,4
20230823,2,2172,0
20230823,2,2178,0
20230823,2,2179,8
20230823,2,2185,4
20230823,2,2186,1
20230823,2,2191,4
20230823,2,2198,6
20230823,2,2199,2
20230823,2,3310,3
20230823,2,3311,7
20230823,2,3802,8
20230823,3,2111,2
20230823,3,2112,4
20230823,3,2116,4
20230823,3,2122,0
20230823,3,2128,3
20230823,3,2129,6
20230823,3,2130,13
20230823,3,2139,2
20230823,3,2143,0
20230823,3,2148,5
20230823,3,2159,4
20230823,3,2171,7
20230823,3,2172,0
20230823,3,2178,0
20230823,3,2179,9
20230823,3,2185,5
20230823,3,2186,1
20230823,3,2191,5
20230823,3,2198,6
20230823,3,2199,2
20230823,3,3310,3
20230823,3,3311,7
20230823,3,3802,8
20230823,4,2111,2
20230823,4,2112,4
20230823,4,2116,4
20230823,4,2122,0
20230823,4,2128,2
20230823,4,2129,6
20230823,4,2130,13
20230823,4,2139,1
20230823,4,2143,0
20230823,4,2148,5
20230823,4,2159,4
20230823,4,2171,6
20230823,4,2172,0
20230823,4,2178,0
20230823,4,2179,9
20230823,4,2185,5
20230823,4,2186,1
20230823,4,2191,5
20230823,4,2198,7
20230823,4,2199,2
20230823,4,3310,3
20230823,4,3311,7
20230823,4,3802,8
20230823,5,2111,3
20230823,5,2112,3
20230823,5,2116,4
20230823,5,2122,0
20230823,5,2128,2
20230823,5,2129,5
20230823,5,2130,13
20230823,5,2139,0
20230823,5,2143,0
20230823,5,2148,5
20230823,5,2159,5
20230823,5,2171,6
20230823,5,2172,0
20230823,5,2178,0
20230823,5,2179,9
20230823,5,2185,6
20230823,5,2186,1
20230823,5,2191,5
20230823,5,2198,9
20230823,5,2199,2
20230823,5,3310,3
20230823,5,3311,7
20230823,5,3802,8
20230823,6,2111,0
20230823,6,2112,3
20230823,6,2116,3
20230823,6,2122,0
20230823,6,2128,2
20230823,6,2129,5
20230823,6,2130,13
20230823,6,2139,0
20230823,6,2143,0
20230823,6,2148,5
20230823,6,2159,5
20230823,6,2171,5
20230823,6,2172,0
20230823,6,2178,0
20230823,6,2179,10
20230823,6,2185,6
20230823,6,2186,2
20230823,6,2191,5
20230823,6,2198,7
20230823,6,2199,2
20230823,6,3310,3
20230823,6,3311,8
20230823,6,3802,9
20230823,7,2111,0
20230823,7,2112,3
20230823,7,2116,3
20230823,7,2122,0
20230823,7,2128,2
20230823,7,2129,4
20230823,7,2130,13
20230823,7,2139,0
20230823,7,2143,0
20230823,7,2148,5
20230823,7,2159,3
20230823,7,2171,4
20230823,7,2172,0
20230823,7,2178,0
20230823,7,2179,10
20230823,7,2185,5
20230823,7,2186,0
20230823,7,2191,3
20230823,7,2198,7
20230823,7,2199,2
20230823,7,3310,1
20230823,7,3311,8
20230823,7,3802,8
20230823,8,2111,0
20230823,8,2112,4
20230823,8,2116,3
20230823,8,2122,0
20230823,8,2128,1
20230823,8,2129,2
20230823,8,2130,13
20230823,8,2139,0
20230823,8,2143,0
20230823,8,2148,5
20230823,8,2159,3
20230823,8,2171,6
20230823,8,2172,2
20230823,8,2178,0
20230823,8,2179,11
20230823,8,2185,2
20230823,8,2186,0
20230823,8,2191,1
20230823,8,2198,5
20230823,8,2199,2
20230823,8,3310,0
20230823,8,3311,14
20230823,8,3802,7
20230823,9,2111,3
20230823,9,2112,3
20230823,9,2116,2
20230823,9,2122,2
20230823,9,2128,0
20230823,9,2129,4
20230823,9,2130,11
20230823,9,2139,0
20230823,9,2143,1
20230823,9,2148,4
20230823,9,2159,3
20230823,9,2171,10
20230823,9,2172,2
20230823,9,2178,1
20230823,9,2179,12
20230823,9,2185,2
20230823,9,2186,0
20230823,9,2191,0
20230823,9,2198,4
20230823,9,2199,2
20230823,9,3310,0
20230823,9,3311,18
20230823,9,3802,6
20230823,10,2111,4
20230823,10,2112,3
20230823,10,2116,2
20230823,10,2122,4
20230823,10,2128,1
20230823,10,2129,4
20230823,10,2130,10
20230823,10,2139,1
20230823,10,2143,2
20230823,10,2148,2
20230823,10,2159,3
20230823,10,2171,10
20230823,10,2172,2
20230823,10,2178,2
20230823,10,2179,15
20230823,10,2185,1
20230823,10,2186,0
20230823,10,2191,0
20230823,10,2198,2
20230823,10,2199,2
20230823,10,3310,0
20230823,10,3311,21
20230823,10,3802,7
20230823,11,2111,5
20230823,11,2112,3
20230823,11,2116,3
20230823,11,2122,5
20230823,11,2128,1
20230823,11,2129,4
20230823,11,2130,10
20230823,11,2139,1
20230823,11,2143,2
20230823,11,2148,2
20230823,11,2159,3
20230823,11,2171,13
20230823,11,2172,1
20230823,11,2178,2
20230823,11,2179,15
20230823,11,2185,1
20230823,11,2186,0
20230823,11,2191,0
20230823,11,2198,3
20230823,11,2199,2
20230823,11,3310,0
20230823,11,3311,20
20230823,11,3802,8
20230823,12,2111,5
20230823,12,2112,3
20230823,12,2116,3
20230823,12,2122,5
20230823,12,2128,1
20230823,12,2129,3
20230823,12,2130,10
20230823,12,2139,1
20230823,12,2143,2
20230823,12,2148,2
20230823,12,2159,3
20230823,12,2171,13
20230823,12,2172,1
20230823,12,2178,2
20230823,12,2179,15
20230823,12,2185,1
20230823,12,2186,0
20230823,12,2191,1
20230823,12,2198,3
20230823,12,2199,3
20230823,12,3310,0
20230823,12,3311,20
20230823,12,3802,8
20230823,13,2111,5
20230823,13,2112,3
20230823,13,2116,3
20230823,13,2122,5
20230823,13,2128,1
20230823,13,2129,3
20230823,13,2130,10
20230823,13,2139,1
20230823,13,2143,1
20230823,13,2148,2
20230823,13,2159,3
20230823,13,2171,13
20230823,13,2172,1
20230823,13,2178,2
20230823,13,2179,15
20230823,13,2185,1
20230823,13,2186,0
20230823,13,2191,1
20230823,13,2198,3
20230823,13,2199,3
20230823,13,3310,0
20230823,13,3311,20
20230823,13,3802,8
20230823,14,2111,5
20230823,14,2112,3
20230823,14,2116,3
20230823,14,2122,5
20230823,14,2128,1
20230823,14,2129,3
20230823,14,2130,10
20230823,14,2139,1
20230823,14,2143,1
20230823,14,2148,2
20230823,14,2159,3
20230823,14,2171,13
20230823,14,2172,1
20230823,14,2178,3
20230823,14,2179,15
20230823,14,2185,1
20230823,14,2186,0
20230823,14,2191,1
20230823,14,2198,3
20230823,14,2199,3
20230823,14,3310,0
20230823,14,3311,21
20230823,14,3802,8
20230823,15,2111,5
20230823,15,2112,3
20230823,15,2116,2
20230823,15,2122,5
20230823,15,2128,1
20230823,15,2129,3
20230823,15,2130,10
20230823,15,2139,1
20230823,15,2143,1
20230823,15,2148,3
20230823,15,2159,3
20230823,15,2171,13
20230823,15,2172,1
20230823,15,2178,3
20230823,15,2179,15
20230823,15,2185,1
20230823,15,2186,0
20230823,15,2191,1
20230823,15,2198,4
20230823,15,2199,3
20230823,15,3310,0
20230823,15,3311,21
20230823,15,3802,8
20230823,16,2111,5
20230823,16,2112,4
20230823,16,2116,2
20230823,16,2122,5
20230823,16,2128,1
20230823,16,2129,3
20230823,16,2130,10
20230823,16,2139,1
20230823,16,2143,1
20230823,16,2148,3
20230823,16,2159,3
20230823,16,2171,13
20230823,16,2172,1
20230823,16,2178,3
20230823,16,2179,15
20230823,16,2185,1
20230823,16,2186,0
20230823,16,2191,1
20230823,16,2198,4
20230823,16,2199,3
20230823,16,3310,0
20230823,16,3311,21
20230823,16,3802,8
20230823,17,2111,5
20230823,17,2112,3
20230823,17,2116,2
20230823,17,2122,5
20230823,17,2128,1
20230823,17,2129,3
20230823,17,2130,10
20230823,17,2139,0
20230823,17,2143,1
20230823,17,2148,2
20230823,17,2159,3
20230823,17,2171,13
20230823,17,2172,0
20230823,17,2178,2
20230823,17,2179,14
20230823,17,2185,0
20230823,17,2186,0
20230823,17,2191,1
20230823,17,2198,4
20230823,17,2199,3
20230823,17,3310,0
20230823,17,3311,20
20230823,17,3802,8
20230823,18,2111,3
20230823,18,2112,3
20230823,18,2116,3
20230823,18,2122,5
20230823,18,2128,0
20230823,18,2129,3
20230823,18,2130,10
20230823,18,2139,0
20230823,18,2143,1
20230823,18,2148,3
20230823,18,2159,2
20230823,18,2171,11
20230823,18,2172,0
20230823,18,2178,2
20230823,18,2179,12
20230823,18,2185,1
20230823,18,2186,0
20230823,18,2191,1
20230823,18,2198,5
20230823,18,2199,2
20230823,18,3310,0
20230823,18,3311,18
20230823,18,3802,9
20230823,19,2111,2
20230823,19,2112,3
20230823,19,2116,2
20230823,19,2122,5
20230823,19,2128,0
20230823,19,2129,3
20230823,19,2130,10
20230823,19,2139,1
20230823,19,2143,1
20230823,19,2148,2
20230823,19,2159,1
20230823,19,2171,10
20230823,19,2172,1
20230823,19,2178,1
20230823,19,2179,13
20230823,19,2185,1
20230823,19,2186,0
20230823,19,2191,1
20230823,19,2198,5
20230823,19,2199,2
20230823,19,3310,0
20230823,19,3311,14
20230823,19,3802,11
20230823,20,2111,1
20230823,20,2112,0
20230823,20,2116,2
20230823,20,2122,4
20230823,20,2128,0
20230823,20,2129,4
20230823,20,2130,9
20230823,20,2139,2
20230823,20,2143,0
20230823,20,2148,1
20230823,20,2159,0
20230823,20,2171,8
20230823,20,2172,1
20230823,20,2178,1
20230823,20,2179,14
20230823,20,2185,1
20230823,20,2186,0
20230823,20,2191,1
20230823,20,2198,4
20230823,20,2199,2
20230823,20,3310,0
20230823,20,3311,11
20230823,20,3802,11
20230823,21,2111,2
20230823,21,2112,1
20230823,21,2116,2
20230823,21,2122,4
20230823,21,2128,1
20230823,21,2129,2
20230823,21,2130,8
20230823,21,2139,2
20230823,21,2143,0
20230823,21,2148,1
20230823,21,2159,0
20230823,21,2171,9
20230823,21,2172,0
20230823,21,2178,1
20230823,21,2179,14
20230823,21,2185,2
20230823,21,2186,0
20230823,21,2191,2
20230823,21,2198,5
20230823,21,2199,2
20230823,21,3310,0
20230823,21,3311,10
20230823,21,3802,12
20230823,22,2111,1
20230823,22,2112,2
20230823,22,2116,2
20230823,22,2122,4
20230823,22,2128,0
20230823,22,2129,1
20230823,22,2130,8
20230823,22,2139,1
20230823,22,2143,0
20230823,22,2148,1
20230823,22,2159,0
20230823,22,2171,7
20230823,22,2172,0
20230823,22,2178,0
20230823,22,2179,14
20230823,22,2185,3
20230823,22,2186,0
20230823,22,2191,3
20230823,22,2198,3
20230823,22,2199,2
20230823,22,3310,0
20230823,22,3311,10
20230823,22,3802,13
20230823,23,2111,1
20230823,23,2112,1
20230823,23,2116,2
20230823,23,2122,4
20230823,23,2128,0
20230823,23,2129,1
20230823,23,2130,8
20230823,23,2139,1
20230823,23,2143,0
20230823,23,2148,1
20230823,23,2159,0
20230823,23,2171,7
20230823,23,2172,0
20230823,23,2178,0
20230823,23,2179,13
20230823,23,2185,2
20230823,23,2186,0
20230823,23,2191,3
20230823,23,2198,3
20230823,23,2199,2
20230823,23,3310,0
20230823,23,3311,10
20230823,23,3802,14
20230824,0,2111,1
20230824,0,2112,0
20230824,0,2116,2
20230824,0,2122,2
20230824,0,2128,0
20230824,0,2129,1
20230824,0,2130,8
20230824,0,2139,0
20230824,0,2143,0
20230824,0,2148,1
20230824,0,2159,0
20230824,0,2171,7
20230824,0,2172,0
20230824,0,2178,0
20230824,0,2179,11
20230824,0,2185,2
20230824,0,2186,0
20230824,0,2191,1
20230824,0,2198,3
20230824,0,2199,2
20230824,0,3310,0
20230824,0,3311,8
20230824,0,3802,14
20230824,1,2111,0
20230824,1,2112,0
20230824,1,2116,3
20230824,1,2122,2
20230824,1,2128,0
20230824,1,2129,1
20230824,1,2130,8
20230824,1,2139,0
20230824,1,2143,0
20230824,1,2148,1
20230824,1,2159,0
20230824,1,2171,4
20230824,1,2172,0
20230824,1,2178,0
20230824,1,2179,11
20230824,1,2185,1
20230824,1,2186,0
20230824,1,2191,1
20230824,1,2198,2
20230824,1,2199,2
20230824,1,3310,0
20230824,1,3311,7
20230824,1,3802,15
20230824,2,2111,0
20230824,2,2112,0
20230824,2,2116,2
20230824,2,2122,2
20230824,2,2128,2
20230824,2,2129,1
20230824,2,2130,8
20230824,2,2139,0
20230824,2,2143,0
20230824,2,2148,1
20230824,2,2159,1
20230824,2,2171,3
20230824,2,2172,0
20230824,2,2178,0
20230824,2,2179,8
20230824,2,2185,2
20230824,2,2186,0
20230824,2,2191,1
20230824,2,2198,3
20230824,2,2199,1
20230824,2,3310,0
20230824,2,3311,6
20230824,2,3802,15
20230824,3,2111,1
20230824,3,2112,0
20230824,3,2116,2
20230824,3,2122,2
20230824,3,2128,2
20230824,3,2129,1
20230824,3,2130,8
20230824,3,2139,0
20230824,3,2143,0
20230824,3,2148,1
20230824,3,2159,1
20230824,3,2171,4
20230824,3,2172,0
20230824,3,2178,0
20230824,3,2179,9
20230824,3,2185,2
20230824,3,2186,0
20230824,3,2191,4
20230824,3,2198,4
20230824,3,2199,0
20230824,3,3310,0
20230824,3,3311,6
20230824,3,3802,15
20230824,4,2111,1
20230824,4,2112,0
20230824,4,2116,2
20230824,4,2122,2
20230824,4,2128,2
20230824,4,2129,1
20230824,4,2130,8
20230824,4,2139,1
20230824,4,2143,0
20230824,4,2148,1
20230824,4,2159,1
20230824,4,2171,4
20230824,4,2172,0
20230824,4,2178,0
20230824,4,2179,9
20230824,4,2185,2
20230824,4,2186,0
20230824,4,2191,3
20230824,4,2198,4
20230824,4,2199,0
20230824,4,3310,0
20230824,4,3311,6
20230824,4,3802,15
20230824,5,2111,1
20230824,5,2112,0
20230824,5,2116,2
20230824,5,2122,1
20230824,5,2128,2
20230824,5,2129,0
20230824,5,2130,8
20230824,5,2139,1
20230824,5,2143,0
20230824,5,2148,1
20230824,5,2159,1
20230824,5,2171,3
20230824,5,2172,0
20230824,5,2178,1
20230824,5,2179,9
20230824,5,2185,3
20230824,5,2186,0
20230824,5,2191,3
20230824,5,2198,5
20230824,5,2199,1
20230824,5,3310,0
20230824,5,3311,6
20230824,5,3802,15
20230824,6,2111,0
20230824,6,2112,0
20230824,6,2116,2
20230824,6,2122,1
20230824,6,2128,2
20230824,6,2129,0
20230824,6,2130,8
20230824,6,2139,1
20230824,6,2143,0
20230824,6,2148,2
20230824,6,2159,1
20230824,6,2171,3
20230824,6,2172,0
20230824,6,2178,1
20230824,6,2179,9
20230824,6,2185,3
20230824,6,2186,0
20230824,6,2191,3
20230824,6,2198,5
20230824,6,2199,1
20230824,6,3310,0
20230824,6,3311,6
20230824,6,3802,15
20230824,7,2111,0
20230824,7,2112,0
20230824,7,2116,2
20230824,7,2122,0
20230824,7,2128,1
20230824,7,2129,0
20230824,7,2130,8
20230824,7,2139,1
20230824,7,2143,0
20230824,7,2148,2
20230824,7,2159,0
20230824,7,2171,4
20230824,7,2172,0
20230824,7,2178,1
20230824,7,2179,9
20230824,7,2185,1
20230824,7,2186,0
20230824,7,2191,2
20230824,7,2198,5
20230824,7,2199,1
20230824,7,3310,0
20230824,7,3311,6
20230824,7,3802,14
20230824,8,2111,0
20230824,8,2112,0
20230824,8,2116,2
20230824,8,2122,0
20230824,8,2128,1
20230824,8,2129,0
20230824,8,2130,8
20230824,8,2139,3
20230824,8,2143,0
20230824,8,2148,3
20230824,8,2159,0
20230824,8,2171,6
20230824,8,2172,1
20230824,8,2178,1
20230824,8,2179,9
20230824,8,2185,0
20230824,8,2186,0
20230824,8,2191,2
20230824,8,2198,2
20230824,8,2199,1
20230824,8,3310,0
20230824,8,3311,8
20230824,8,3802,15
20230824,9,2111,0
20230824,9,2112,2
20230824,9,2116,3
20230824,9,2122,0
20230824,9,2128,0
20230824,9,2129,1
20230824,9,2130,8
20230824,9,2139,1
20230824,9,2143,0
20230824,9,2148,0
20230824,9,2159,0
20230824,9,2171,7
20230824,9,2172,3
20230824,9,2178,1
20230824,9,2179,13
20230824,9,2185,0
20230824,9,2186,0
20230824,9,2191,0
20230824,9,2198,0
20230824,9,2199,1
20230824,9,3310,0
20230824,9,3311,11
20230824,9,3802,13
20230824,10,2111,3
20230824,10,2112,0
20230824,10,2116,2
20230824,10,2122,1
20230824,10,2128,0
20230824,10,2129,2
20230824,10,2130,8
20230824,10,2139,1
20230824,10,2143,0
20230824,10,2148,0
20230824,10,2159,0
20230824,10,2171,4
20230824,10,2172,4
20230824,10,2178,0
20230824,10,2179,12
20230824,10,2185,8
20230824,10,2186,1
20230824,10,2191,0
20230824,10,2198,0
20230824,10,2199,1
20230824,10,3310,0
20230824,10,3311,13
20230824,10,3802,14
20230824,11,2111,5
20230824,11,2112,0
20230824,11,2116,3
20230824,11,2122,1
20230824,11,2128,2
20230824,11,2129,2
20230824,11,2130,8
20230824,11,2139,1
20230824,11,2143,0
20230824,11,2148,0
20230824,11,2159,0
20230824,11,2171,4
20230824,11,2172,4
20230824,11,2178,0
20230824,11,2179,14
20230824,11,2185,9
20230824,11,2186,1
20230824,11,2191,0
20230824,11,2198,0
20230824,11,2199,0
20230824,11,3310,0
20230824,11,3311,13
20230824,11,3802,13
20230824,12,2111,5
20230824,12,2112,0
20230824,12,2116,3
20230824,12,2122,1
20230824,12,2128,4
20230824,12,2129,0
20230824,12,2130,8
20230824,12,2139,1
20230824,12,2143,0
20230824,12,2148,0
20230824,12,2159,0
20230824,12,2171,6
20230824,12,2172,4
20230824,12,2178,1
20230824,12,2179,11
20230824,12,2185,7
20230824,12,2186,1
20230824,12,2191,0
20230824,12,2198,1
20230824,12,2199,0
20230824,12,3310,0
20230824,12,3311,15
20230824,12,3802,13
20230824,13,2111,6
20230824,13,2112,2
20230824,13,2116,3
20230824,13,2122,1
20230824,13,2128,4
20230824,13,2129,0
20230824,13,2130,6
20230824,13,2139,0
20230824,13,2143,1
20230824,13,2148,0
20230824,13,2159,0
20230824,13,2171,5
20230824,13,2172,4
20230824,13,2178,1
20230824,13,2179,8
20230824,13,2185,6
20230824,13,2186,1
20230824,13,2191,0
20230824,13,2198,2
20230824,13,2199,0
20230824,13,3310,0
20230824,13,3311,13
20230824,13,3802,12
20230824,14,2111,7
20230824,14,2112,2
20230824,14,2116,4
20230824,14,2122,0
20230824,14,2128,3
20230824,14,2129,1
20230824,14,2130,6
20230824,14,2139,0
20230824,14,2143,1
20230824,14,2148,0
20230824,14,2159,0
20230824,14,2171,5
20230824,14,2172,4
20230824,14,2178,0
20230824,14,2179,8
20230824,14,2185,5
20230824,14,2186,1
20230824,14,2191,0
20230824,14,2198,2
20230824,14,2199,0
20230824,14,3310,0
20230824,14,3311,13
20230824,14,3802,11
20230824,15,2111,12
20230824,15,2112,2
20230824,15,2116,4
20230824,15,2122,0
20230824,15,2128,0
20230824,15,2129,0
20230824,15,2130,5
20230824,15,2139,1
20230824,15,2143,2
20230824,15,2148,0
20230824,15,2159,0
20230824,15,2171,8
20230824,15,2172,3
20230824,15,2178,0
20230824,15,2179,7
20230824,15,2185,3
20230824,15,2186,16
20230824,15,2191,0
20230824,15,2198,3
20230824,15,2199,1
20230824,15,3310,15
20230824,15,3311,8
20230824,15,3802,11
20230824,16,2111,8
20230824,16,2112,1
20230824,16,2116,5
20230824,16,2122,0
20230824,16,2128,0
20230824,16,2129,3
20230824,16,2130,5
20230824,16,2139,0
20230824,16,2143,2
20230824,16,2148,0
20230824,16,2159,1
20230824,16,2171,8
20230824,16,2172,5
20230824,16,2178,0
20230824,16,2179,8
20230824,16,2185,1
20230824,16,2186,15
20230824,16,2191,1
20230824,16,2198,2
20230824,16,2199,1
20230824,16,3310,13
20230824,16,3311,9
20230824,16,3802,10
20230824,17,2111,8
20230824,17,2112,1
20230824,17,2116,5
20230824,17,2122,0
20230824,17,2128,0
20230824,17,2129,1
20230824,17,2130,4
20230824,17,2139,0
20230824,17,2143,1
20230824,17,2148,0
20230824,17,2159,0
20230824,17,2171,9
20230824,17,2172,4
20230824,17,2178,1
20230824,17,2179,9
20230824,17,2185,6
20230824,17,2186,12
20230824,17,2191,1
20230824,17,2198,1
20230824,17,2199,1
20230824,17,3310,8
20230824,17,3311,10
20230824,17,3802,9
20230824,18,2111,8
20230824,18,2112,1
20230824,18,2116,4
20230824,18,2122,0
20230824,18,2128,0
20230824,18,2129,0
20230824,18,2130,4
20230824,18,2139,2
20230824,18,2143,2
20230824,18,2148,0
20230824,18,2159,0
20230824,18,2171,8
20230824,18,2172,1
20230824,18,2178,3
20230824,18,2179,9
20230824,18,2185,5
20230824,18,2186,11
20230824,18,2191,2
20230824,18,2198,2
20230824,18,2199,1
20230824,18,3310,8
20230824,18,3311,7
20230824,18,3802,9
20230824,19,2111,5
20230824,19,2112,5
20230824,19,2116,3
20230824,19,2122,0
20230824,19,2128,1
20230824,19,2129,0
20230824,19,2130,3
20230824,19,2139,0
20230824,19,2143,2
20230824,19,2148,1
20230824,19,2159,1
20230824,19,2171,8
20230824,19,2172,1
20230824,19,2178,1
20230824,19,2179,9
20230824,19,2185,5
20230824,19,2186,12
20230824,19,2191,1
20230824,19,2198,4
20230824,19,2199,1
20230824,19,3310,6
20230824,19,3311,7
20230824,19,3802,10
20230824,20,2111,8
20230824,20,2112,4
20230824,20,2116,3
20230824,20,2122,0
20230824,20,2128,1
20230824,20,2129,1
20230824,20,2130,3
20230824,20,2139,0
20230824,20,2143,3
20230824,20,2148,1
20230824,20,2159,0
20230824,20,2171,4
20230824,20,2172,0
20230824,20,2178,0
20230824,20,2179,6
20230824,20,2185,6
20230824,20,2186,9
20230824,20,2191,3
20230824,20,2198,4
20230824,20,2199,2
20230824,20,3310,5
20230824,20,3311,4
20230824,20,3802,12
20230824,21,2111,9
20230824,21,2112,2
20230824,21,2116,2
20230824,21,2122,0
20230824,21,2128,0
20230824,21,2129,0
20230824,21,2130,3
20230824,21,2139,1
20230824,21,2143,3
20230824,21,2148,1
20230824,21,2159,1
20230824,21,2171,3
20230824,21,2172,0
20230824,21,2178,0
20230824,21,2179,6
20230824,21,2185,5
20230824,21,2186,10
20230824,21,2191,2
20230824,21,2198,4
20230824,21,2199,2
20230824,21,3310,4
20230824,21,3311,4
20230824,21,3802,11
20230824,22,2111,5
20230824,22,2112,1
20230824,22,2116,2
20230824,22,2122,0
20230824,22,2128,0
20230824,22,2129,0
20230824,22,2130,3
20230824,22,2139,0
20230824,22,2143,1
20230824,22,2148,1
20230824,22,2159,1
20230824,22,2171,3
20230824,22,2172,1
20230824,22,2178,0
20230824,22,2179,6
20230824,22,2185,3
20230824,22,2186,9
20230824,22,2191,3
20230824,22,2198,5
20230824,22,2199,1
20230824,22,3310,2
20230824,22,3311,5
20230824,22,3802,9
20230824,23,2111,4
20230824,23,2112,0
20230824,23,2116,2
20230824,23,2122,1
20230824,23,2128,0
20230824,23,2129,0
20230824,23,2130,3
20230824,23,2139,0
20230824,23,2143,1
20230824,23,2148,1
20230824,23,2159,1
20230824,23,2171,3
20230824,23,2172,0
20230824,23,2178,0
20230824,23,2179,5
20230824,23,2185,3
20230824,23,2186,8
20230824,23,2191,6
20230824,23,2198,5
20230824,23,2199,0
20230824,23,3310,2
20230824,23,3311,3
20230824,23,3802,9
20230825,0,2111,7
20230825,0,2112,0
20230825,0,2116,2
20230825,0,2122,0
20230825,0,2128,0
20230825,0,2129,0
20230825,0,2130,3
20230825,0,2139,0
20230825,0,2143,2
20230825,0,2148,0
20230825,0,2159,1
20230825,0,2171,3
20230825,0,2172,0
20230825,0,2178,0
20230825,0,2179,13
20230825,0,2185,1
20230825,0,2186,8
20230825,0,2191,6
20230825,0,2198,5
20230825,0,2199,0
20230825,0,3310,2
20230825,0,3311,1
20230825,0,3802,10
20230825,1,2111,7
20230825,1,2112,0
20230825,1,2116,2
20230825,1,2122,0
20230825,1,2128,0
20230825,1,2129,0
20230825,1,2130,3
20230825,1,2139,0
20230825,1,2143,1
20230825,1,2148,0
20230825,1,2159,1
20230825,1,2171,3
20230825,1,2172,0
20230825,1,2178,0
20230825,1,2179,12
20230825,1,2185,1
20230825,1,2186,7
20230825,1,2191,7
20230825,1,2198,6
20230825,1,2199,0
20230825,1,3310,2
20230825,1,3311,0
20230825,1,3802,10
20230825,2,2111,7
20230825,2,2112,0
20230825,2,2116,2
20230825,2,2122,0
20230825,2,2128,1
20230825,2,2129,0
20230825,2,2130,3
20230825,2,2139,0
20230825,2,2143,2
20230825,2,2148,0
20230825,2,2159,2
20230825,2,2171,1
20230825,2,2172,0
20230825,2,2178,0
20230825,2,2179,11
20230825,2,2185,1
20230825,2,2186,8
20230825,2,2191,7
20230825,2,2198,5
20230825,2,2199,0
20230825,2,3310,2
20230825,2,3311,1
20230825,2,3802,10
20230825,3,2111,5
20230825,3,2112,1
20230825,3,2116,1
20230825,3,2122,0
20230825,3,2128,1
20230825,3,2129,0
20230825,3,2130,3
20230825,3,2139,0
20230825,3,2143,4
20230825,3,2148,0
20230825,3,2159,2
20230825,3,2171,1
20230825,3,2172,0
20230825,3,2178,0
20230825,3,2179,9
20230825,3,2185,4
20230825,3,2186,8
20230825,3,2191,6
20230825,3,2198,7
20230825,3,2199,0
20230825,3,3310,2
20230825,3,3311,0
20230825,3,3802,10
20230825,4,2111,5
20230825,4,2112,1
20230825,4,2116,1
20230825,4,2122,0
20230825,4,2128,1
20230825,4,2129,0
20230825,4,2130,3
20230825,4,2139,0
20230825,4,2143,4
20230825,4,2148,0
20230825,4,2159,2
20230825,4,2171,1
20230825,4,2172,0
20230825,4,2178,0
20230825,4,2179,9
20230825,4,2185,4
20230825,4,2186,6
20230825,4,2191,7
20230825,4,2198,7
20230825,4,2199,0
20230825,4,3310,2
20230825,4,3311,0
20230825,4,3802,10
20230825,5,2111,5
20230825,5,2112,1
20230825,5,2116,1
20230825,5,2122,0
20230825,5,2128,0
20230825,5,2129,1
20230825,5,2130,3
20230825,5,2139,0
20230825,5,2143,4
20230825,5,2148,0
20230825,5,2159,2
20230825,5,2171,1
20230825,5,2172,0
20230825,5,2178,1
20230825,5,2179,8
20230825,5,2185,4
20230825,5,2186,6
20230825,5,2191,6
20230825,5,2198,10
20230825,5,2199,0
20230825,5,3310,2
20230825,5,3311,0
20230825,5,3802,10
20230825,6,2111,5
20230825,6,2112,1
20230825,6,2116,1
20230825,6,2122,0
20230825,6,2128,0
20230825,6,2129,1
20230825,6,2130,3
20230825,6,2139,0
20230825,6,2143,4
20230825,6,2148,0
20230825,6,2159,1
20230825,6,2171,1
20230825,6,2172,0
20230825,6,2178,1
20230825,6,2179,8
20230825,6,2185,4
20230825,6,2186,5
20230825,6,2191,4
20230825,6,2198,7
20230825,6,2199,0
20230825,6,3310,1
20230825,6,3311,0
20230825,6,3802,11
20230825,7,2111,5
20230825,7,2112,1
20230825,7,2116,1
20230825,7,2122,1
20230825,7,2128,0
20230825,7,2129,1
20230825,7,2130,3
20230825,7,2139,1
20230825,7,2143,4
20230825,7,2148,0
20230825,7,2159,2
20230825,7,2171,2
20230825,7,2172,1
20230825,7,2178,3
20230825,7,2179,7
20230825,7,2185,4
20230825,7,2186,4
20230825,7,2191,3
20230825,7,2198,7
20230825,7,2199,0
20230825,7,3310,1
20230825,7,3311,4
20230825,7,3802,13
20230825,8,2111,5
20230825,8,2112,1
20230825,8,2116,1
20230825,8,2122,2
20230825,8,2128,1
20230825,8,2129,0
20230825,8,2130,3
20230825,8,2139,1
20230825,8,2143,3
20230825,8,2148,0
20230825,8,2159,1
20230825,8,2171,3
20230825,8,2172,1
20230825,8,2178,2
20230825,8,2179,7
20230825,8,2185,2
20230825,8,2186,4
20230825,8,2191,3
20230825,8,2198,7
20230825,8,2199,0
20230825,8,3310,0
20230825,8,3311,4
20230825,8,3802,12
20230825,9,2111,4
20230825,9,2112,2
20230825,9,2116,1
20230825,9,2122,2
20230825,9,2128,1
20230825,9,2129,0
20230825,9,2130,3
20230825,9,2139,0
20230825,9,2143,4
20230825,9,2148,0
20230825,9,2159,1
20230825,9,2171,3
20230825,9,2172,0
20230825,9,2178,2
20230825,9,2179,7
20230825,9,2185,3
20230825,9,2186,4
20230825,9,2191,4
20230825,9,2198,4
20230825,9,2199,0
20230825,9,3310,0
20230825,9,3311,7
20230825,9,3802,11
20230825,10,2111,4
20230825,10,2112,2
20230825,10,2116,1
20230825,10,2122,1
20230825,10,2128,1
20230825,10,2129,0
20230825,10,2130,2
20230825,10,2139,1
20230825,10,2143,1
20230825,10,2148,0
20230825,10,2159,1
20230825,10,2171,0
20230825,10,2172,0
20230825,10,2178,3
20230825,10,2179,8
20230825,10,2185,2
20230825,10,2186,4
20230825,10,2191,3
20230825,10,2198,5
20230825,10,2199,0
20230825,10,3310,0
20230825,10,3311,10
20230825,10,3802,12
20230825,11,2111,6
20230825,11,2112,3
20230825,11,2116,2
20230825,11,2122,1
20230825,11,2128,3
20230825,11,2129,0
20230825,11,2130,1
20230825,11,2139,0
20230825,11,2143,1
20230825,11,2148,1
20230825,11,2159,1
20230825,11,2171,0
20230825,11,2172,0
20230825,11,2178,3
20230825,11,2179,9
20230825,11,2185,1
20230825,11,2186,4
20230825,11,2191,1
20230825,11,2198,2
20230825,11,2199,0
20230825,11,3310,0
20230825,11,3311,9
20230825,11,3802,12
20230825,12,2111,8
20230825,12,2112,4
20230825,12,2116,4
20230825,12,2122,2
20230825,12,2128,4
20230825,12,2129,0
20230825,12,2130,0
20230825,12,2139,1
20230825,12,2143,1
20230825,12,2148,0
20230825,12,2159,0
20230825,12,2171,0
20230825,12,2172,0
20230825,12,2178,3
20230825,12,2179,9
20230825,12,2185,1
20230825,12,2186,3
20230825,12,2191,0
20230825,12,2198,1
20230825,12,2199,0
20230825,12,3310,0
20230825,12,3311,9
20230825,12,3802,13
20230825,13,2111,7
20230825,13,2112,3
20230825,13,2116,3
20230825,13,2122,0
20230825,13,2128,4
20230825,13,2129,0
20230825,13,2130,0
20230825,13,2139,1
20230825,13,2143,1
20230825,13,2148,0
20230825,13,2159,0
20230825,13,2171,1
20230825,13,2172,0
20230825,13,2178,2
20230825,13,2179,9
20230825,13,2185,1
20230825,13,2186,2
20230825,13,2191,0
20230825,13,2198,2
20230825,13,2199,0
20230825,13,3310,0
20230825,13,3311,9
20230825,13,3802,11
20230825,14,2111,8
20230825,14,2112,3
20230825,14,2116,3
20230825,14,2122,0
20230825,14,2128,4
20230825,14,2129,1
20230825,14,2130,0
20230825,14,2139,2
20230825,14,2143,1
20230825,14,2148,0
20230825,14,2159,0
20230825,14,2171,1
20230825,14,2172,0
20230825,14,2178,2
20230825,14,2179,8
20230825,14,2185,3
20230825,14,2186,2
20230825,14,2191,0
20230825,14,2198,3
20230825,14,2199,0
20230825,14,3310,13
20230825,14,3311,12
20230825,14,3802,9
20230825,15,2111,10
20230825,15,2112,3
20230825,15,2116,3
20230825,15,2122,0
20230825,15,2128,3
20230825,15,2129,9
20230825,15,2130,8
20230825,15,2139,3
20230825,15,2143,1
20230825,15,2148,0
20230825,15,2159,0
20230825,15,2171,4
20230825,15,2172,0
20230825,15,2178,15
20230825,15,2179,9
20230825,15,2185,5
20230825,15,2186,1
20230825,15,2191,0
20230825,15,2198,1
20230825,15,2199,0
20230825,15,3310,14
20230825,15,3311,12
20230825,15,3802,9
20230825,16,2111,10
20230825,16,2112,1
20230825,16,2116,3
20230825,16,2122,0
20230825,16,2128,3
20230825,16,2129,7
20230825,16,2130,8
20230825,16,2139,1
20230825,16,2143,0
20230825,16,2148,0
20230825,16,2159,0
20230825,16,2171,2
20230825,16,2172,0
20230825,16,2178,13
20230825,16,2179,9
20230825,16,2185,2
20230825,16,2186,0
20230825,16,2191,0
20230825,16,2198,0
20230825,16,2199,0
20230825,16,3310,10
20230825,16,3311,13
20230825,16,3802,9
20230825,17,2111,10
20230825,17,2112,4
20230825,17,2116,2
20230825,17,2122,1
20230825,17,2128,1
20230825,17,2129,6
20230825,17,2130,8
20230825,17,2139,0
20230825,17,2143,0
20230825,17,2148,1
20230825,17,2159,0
20230825,17,2171,4
20230825,17,2172,0
20230825,17,2178,9
20230825,17,2179,10
20230825,17,2185,0
20230825,17,2186,0
20230825,17,2191,0
20230825,17,2198,0
20230825,17,2199,0
20230825,17,3310,9
20230825,17,3311,13
20230825,17,3802,11
20230825,18,2111,8
20230825,18,2112,1
20230825,18,2116,5
20230825,18,2122,1
20230825,18,2128,0
20230825,18,2129,2
20230825,18,2130,8
20230825,18,2139,0
20230825,18,2143,0
20230825,18,2148,0
20230825,18,2159,1
20230825,18,2171,3
20230825,18,2172,0
20230825,18,2178,7
20230825,18,2179,6
20230825,18,2185,0
20230825,18,2186,1
20230825,18,2191,0
20230825,18,2198,1
20230825,18,2199,0
20230825,18,3310,7
20230825,18,3311,11
20230825,18,3802,11
20230825,19,2111,7
20230825,19,2112,3
20230825,19,2116,3
20230825,19,2122,1
20230825,19,2128,0
20230825,19,2129,0
20230825,19,2130,7
20230825,19,2139,0
20230825,19,2143,0
20230825,19,2148,0
20230825,19,2159,3
20230825,19,2171,6
20230825,19,2172,0
20230825,19,2178,5
20230825,19,2179,9
20230825,19,2185,0
20230825,19,2186,2
20230825,19,2191,2
20230825,19,2198,4
20230825,19,2199,0
20230825,19,3310,4
20230825,19,3311,8
20230825,19,3802,14
20230825,20,2111,9
20230825,20,2112,5
20230825,20,2116,3
20230825,20,2122,0
20230825,20,2128,0
20230825,20,2129,0
20230825,20,2130,4
20230825,20,2139,0
20230825,20,2143,2
20230825,20,2148,0
20230825,20,2159,4
20230825,20,2171,4
20230825,20,2172,0
20230825,20,2178,5
20230825,20,2179,6
20230825,20,2185,1
20230825,20,2186,0
20230825,20,2191,0
20230825,20,2198,0
20230825,20,2199,0
20230825,20,3310,2
20230825,20,3311,10
20230825,20,3802,12
20230825,21,2111,6
20230825,21,2112,6
20230825,21,2116,3
20230825,21,2122,3
20230825,21,2128,0
20230825,21,2129,0
20230825,21,2130,4
20230825,21,2139,0
20230825,21,2143,2
20230825,21,2148,0
20230825,21,2159,4
20230825,21,2171,3
20230825,21,2172,1
20230825,21,2178,17
20230825,21,2179,6
20230825,21,2185,1
20230825,21,2186,0
20230825,21,2191,1
20230825,21,2198,1
20230825,21,2199,0
20230825,21,3310,0
20230825,21,3311,10
20230825,21,3802,11
20230825,22,2111,6
20230825,22,2112,7
20230825,22,2116,3
20230825,22,2122,3
20230825,22,2128,1
20230825,22,2129,0
20230825,22,2130,7
20230825,22,2139,3
20230825,22,2143,3
20230825,22,2148,1
20230825,22,2159,3
20230825,22,2171,0
20230825,22,2172,1
20230825,22,2178,13
20230825,22,2179,7
20230825,22,2185,3
20230825,22,2186,2
20230825,22,2191,1
20230825,22,2198,2
20230825,22,2199,0
20230825,22,3310,0
20230825,22,3311,5
20230825,22,3802,11
20230825,23,2111,6
20230825,23,2112,1
20230825,23,2116,2
20230825,23,2122,4
20230825,23,2128,1
20230825,23,2129,0
20230825,23,2130,7
20230825,23,2139,1
20230825,23,2143,4
20230825,23,2148,2
20230825,23,2159,3
20230825,23,2171,0
20230825,23,2172,0
20230825,23,2178,11
20230825,23,2179,5
20230825,23,2185,3
20230825,23,2186,4
20230825,23,2191,4
20230825,23,2198,3
20230825,23,2199,0
20230825,23,3310,0
20230825,23,3311,2
20230825,23,3802,13
20230826,0,2111,6
20230826,0,2112,2
20230826,0,2116,1
20230826,0,2122,5
20230826,0,2128,2
20230826,0,2129,0
20230826,0,2130,6
20230826,0,2139,2
20230826,0,2143,2
20230826,0,2148,1
20230826,0,2159,3
20230826,0,2171,0
20230826,0,2172,0
20230826,0,2178,9
20230826,0,2179,7
20230826,0,2185,5
20230826,0,2186,5
20230826,0,2191,3
20230826,0,2198,4
20230826,0,2199,0
20230826,0,3310,0
20230826,0,3311,1
20230826,0,3802,14
20230826,1,2111,2
20230826,1,2112,1
20230826,1,2116,3
20230826,1,2122,5
20230826,1,2128,1
20230826,1,2129,1
20230826,1,2130,6
20230826,1,2139,3
20230826,1,2143,4
20230826,1,2148,3
20230826,1,2159,2
20230826,1,2171,0
20230826,1,2172,0
20230826,1,2178,7
20230826,1,2179,7
20230826,1,2185,8
20230826,1,2186,7
20230826,1,2191,2
20230826,1,2198,6
20230826,1,2199,0
20230826,1,3310,0
20230826,1,3311,1
20230826,1,3802,15
20230826,2,2111,1
20230826,2,2112,1
20230826,2,2116,4
20230826,2,2122,6
20230826,2,2128,0
20230826,2,2129,1
20230826,2,2130,4
20230826,2,2139,5
20230826,2,2143,5
20230826,2,2148,3
20230826,2,2159,2
20230826,2,2171,0
20230826,2,2172,0
20230826,2,2178,7
20230826,2,2179,5
20230826,2,2185,8
20230826,2,2186,7
20230826,2,2191,0
20230826,2,2198,6
20230826,2,2199,1
20230826,2,3310,1
20230826,2,3311,0
20230826,2,3802,15
20230826,3,2111,2
20230826,3,2112,1
20230826,3,2116,3
20230826,3,2122,2
20230826,3,2128,0
20230826,3,2129,0
20230826,3,2130,3
20230826,3,2139,8
20230826,3,2143,5
20230826,3,2148,1
20230826,3,2159,1
20230826,3,2171,2
20230826,3,2172,0
20230826,3,2178,7
20230826,3,2179,6
20230826,3,2185,7
20230826,3,2186,7
20230826,3,2191,0
20230826,3,2198,6
20230826,3,2199,0
20230826,3,3310,0
20230826,3,3311,0
20230826,3,3802,15
20230826,4,2111,1
20230826,4,2112,1
20230826,4,2116,3
20230826,4,2122,2
20230826,4,2128,0
20230826,4,2129,0
20230826,4,2130,3
20230826,4,2139,7
20230826,4,2143,5
20230826,4,2148,1
20230826,4,2159,2
20230826,4,2171,0
20230826,4,2172,1
20230826,4,2178,7
20230826,4,2179,6
20230826,4,2185,7
20230826,4,2186,7
20230826,4,2191,0
20230826,4,2198,6
20230826,4,2199,0
20230826,4,3310,0
20230826,4,3311,0
20230826,4,3802,14
20230826,5,2111,1
20230826,5,2112,1
20230826,5,2116,3
20230826,5,2122,3
20230826,5,2128,0
20230826,5,2129,0
20230826,5,2130,3
20230826,5,2139,7
20230826,5,2143,5
20230826,5,2148,0
20230826,5,2159,2
20230826,5,2171,0
20230826,5,2172,1
20230826,5,2178,8
20230826,5,2179,7
20230826,5,2185,8
20230826,5,2186,7
20230826,5,2191,0
20230826,5,2198,6
20230826,5,2199,0
20230826,5,3310,0
20230826,5,3311,0
20230826,5,3802,14
20230826,6,2111,1
20230826,6,2112,1
20230826,6,2116,2
20230826,6,2122,2
20230826,6,2128,0
20230826,6,2129,0
20230826,6,2130,3
20230826,6,2139,7
20230826,6,2143,5
20230826,6,2148,0
20230826,6,2159,2
20230826,6,2171,1
20230826,6,2172,1
20230826,6,2178,8
20230826,6,2179,5
20230826,6,2185,8
20230826,6,2186,6
20230826,6,2191,0
20230826,6,2198,6
20230826,6,2199,0
20230826,6,3310,0
20230826,6,3311,0
20230826,6,3802,16
20230826,7,2111,1
20230826,7,2112,1
20230826,7,2116,2
20230826,7,2122,2
20230826,7,2128,0
20230826,7,2129,0
20230826,7,2130,3
20230826,7,2139,10
20230826,7,2143,5
20230826,7,2148,0
20230826,7,2159,2
20230826,7,2171,4
20230826,7,2172,3
20230826,7,2178,9
20230826,7,2179,5
20230826,7,2185,8
20230826,7,2186,6
20230826,7,2191,0
20230826,7,2198,7
20230826,7,2199,0
20230826,7,3310,0
20230826,7,3311,1
20230826,7,3802,15
20230826,8,2111,2
20230826,8,2112,1
20230826,8,2116,2
20230826,8,2122,3
20230826,8,2128,2
20230826,8,2129,0
20230826,8,2130,3
20230826,8,2139,10
20230826,8,2143,5
20230826,8,2148,0
20230826,8,2159,0
20230826,8,2171,5
20230826,8,2172,3
20230826,8,2178,8
20230826,8,2179,5
20230826,8,2185,7
20230826,8,2186,4
20230826,8,2191,0
20230826,8,2198,7
20230826,8,2199,0
20230826,8,3310,0
20230826,8,3311,4
20230826,8,3802,13
20230826,9,2111,1
20230826,9,2112,5
20230826,9,2116,2
20230826,9,2122,3
20230826,9,2128,3
20230826,9,2129,0
20230826,9,2130,3
20230826,9,2139,10
20230826,9,2143,6
20230826,9,2148,0
20230826,9,2159,0
20230826,9,2171,7
20230826,9,2172,3
20230826,9,2178,8
20230826,9,2179,5
20230826,9,2185,6
20230826,9,2186,2
20230826,9,2191,0
20230826,9,2198,5
20230826,9,2199,0
20230826,9,3310,0
20230826,9,3311,4
20230826,9,3802,13
20230826,10,2111,1
20230826,10,2112,6
20230826,10,2116,4
20230826,10,2122,1
20230826,10,2128,4
20230826,10,2129,0
20230826,10,2130,3
20230826,10,2139,10
20230826,10,2143,6
20230826,10,2148,0
20230826,10,2159,0
20230826,10,2171,11
20230826,10,2172,3
20230826,10,2178,8
20230826,10,2179,5
20230826,10,2185,4
20230826,10,2186,2
20230826,10,2191,0
20230826,10,2198,6
20230826,10,2199,1
20230826,10,3310,0
20230826,10,3311,3
20230826,10,3802,10
20230826,11,2111,0
20230826,11,2112,8
20230826,11,2116,6
20230826,11,2122,0
20230826,11,2128,5
20230826,11,2129,0
20230826,11,2130,3
20230826,11,2139,9
20230826,11,2143,6
20230826,11,2148,0
20230826,11,2159,0
20230826,11,2171,9
20230826,11,2172,4
20230826,11,2178,8
20230826,11,2179,6
20230826,11,2185,2
20230826,11,2186,4
20230826,11,2191,0
20230826,11,2198,3
20230826,11,2199,1
20230826,11,3310,0
20230826,11,3311,7
20230826,11,3802,9
20230826,12,2111,0
20230826,12,2112,7
20230826,12,2116,9
20230826,12,2122,0
20230826,12,2128,6
20230826,12,2129,0
20230826,12,2130,3
20230826,12,2139,8
20230826,12,2143,3
20230826,12,2148,2
20230826,12,2159,0
20230826,12,2171,7
20230826,12,2172,3
20230826,12,2178,9
20230826,12,2179,9
20230826,12,2185,0
20230826,12,2186,3
20230826,12,2191,1
20230826,12,2198,3
20230826,12,2199,1
20230826,12,3310,0
20230826,12,3311,5
20230826,12,3802,9
20230826,13,2111,2
20230826,13,2112,7
20230826,13,2116,9
20230826,13,2122,0
20230826,13,2128,8
20230826,13,2129,0
20230826,13,2130,3
20230826,13,2139,7
20230826,13,2143,3
20230826,13,2148,0
20230826,13,2159,0
20230826,13,2171,5
20230826,13,2172,2
20230826,13,2178,7
20230826,13,2179,11
20230826,13,2185,1
20230826,13,2186,1
20230826,13,2191,1
20230826,13,2198,3
20230826,13,2199,1
20230826,13,3310,0
20230826,13,3311,9
20230826,13,3802,10
20230826,14,2111,5
20230826,14,2112,9
20230826,14,2116,9
20230826,14,2122,0
20230826,14,2128,8
20230826,14,2129,0
20230826,14,2130,2
20230826,14,2139,7
20230826,14,2143,2
20230826,14,2148,0
20230826,14,2159,1
20230826,14,2171,6
20230826,14,2172,3
20230826,14,2178,5
20230826,14,2179,16
20230826,14,2185,1
20230826,14,2186,1
20230826,14,2191,0
20230826,14,2198,1
20230826,14,2199,1
20230826,14,3310,0
20230826,14,3311,9
20230826,14,3802,9
20230826,15,2111,4
20230826,15,2112,7
20230826,15,2116,8
20230826,15,2122,0
20230826,15,2128,9
20230826,15,2129,0
20230826,15,2130,2
20230826,15,2139,3
20230826,15,2143,3
20230826,15,2148,0
20230826,15,2159,1
20230826,15,2171,4
20230826,15,2172,4
20230826,15,2178,5
20230826,15,2179,14
20230826,15,2185,1
20230826,15,2186,1
20230826,15,2191,0
20230826,15,2198,1
20230826,15,2199,1
20230826,15,3310,0
20230826,15,3311,9
20230826,15,3802,10
20230826,16,2111,2
20230826,16,2112,7
20230826,16,2116,6
20230826,16,2122,0
20230826,16,2128,9
20230826,16,2129,0
20230826,16,2130,2
20230826,16,2139,0
20230826,16,2143,3
20230826,16,2148,0
20230826,16,2159,0
20230826,16,2171,3
20230826,16,2172,1
20230826,16,2178,3
20230826,16,2179,7
20230826,16,2185,4
20230826,16,2186,0
20230826,16,2191,0
20230826,16,2198,1
20230826,16,2199,1
20230826,16,3310,10
20230826,16,3311,6
20230826,16,3802,12
20230826,17,2111,2
20230826,17,2112,9
20230826,17,2116,7
20230826,17,2122,1
20230826,17,2128,9
20230826,17,2129,1
20230826,17,2130,3
20230826,17,2139,0
20230826,17,2143,0
20230826,17,2148,2
20230826,17,2159,0
20230826,17,2171,5
20230826,17,2172,0
20230826,17,2178,0
20230826,17,2179,7
20230826,17,2185,3
20230826,17,2186,0
20230826,17,2191,0
20230826,17,2198,3
20230826,17,2199,1
20230826,17,3310,10
20230826,17,3311,2
20230826,17,3802,9
20230826,18,2111,1
20230826,18,2112,9
20230826,18,2116,2
20230826,18,2122,0
20230826,18,2128,5
20230826,18,2129,0
20230826,18,2130,3
20230826,18,2139,0
20230826,18,2143,0
20230826,18,2148,0
20230826,18,2159,0
20230826,18,2171,8
20230826,18,2172,0
20230826,18,2178,0
20230826,18,2179,8
20230826,18,2185,1
20230826,18,2186,0
20230826,18,2191,0
20230826,18,2198,5
20230826,18,2199,0
20230826,18,3310,9
20230826,18,3311,1
20230826,18,3802,6
20230826,19,2111,1
20230826,19,2112,10
20230826,19,2116,1
20230826,19,2122,0
20230826,19,2128,5
20230826,19,2129,0
20230826,19,2130,3
20230826,19,2139,0
20230826,19,2143,0
20230826,19,2148,0
20230826,19,2159,1
20230826,19,2171,10
20230826,19,2172,0
20230826,19,2178,0
20230826,19,2179,6
20230826,19,2185,0
20230826,19,2186,2
20230826,19,2191,0
20230826,19,2198,4
20230826,19,2199,0
20230826,19,3310,9
20230826,19,3311,1
20230826,19,3802,10
20230826,20,2111,3
20230826,20,2112,7
20230826,20,2116,2
20230826,20,2122,3
20230826,20,2128,4
20230826,20,2129,0
20230826,20,2130,3
20230826,20,2139,1
20230826,20,2143,0
20230826,20,2148,0
20230826,20,2159,2
20230826,20,2171,11
20230826,20,2172,0
20230826,20,2178,0
20230826,20,2179,6
20230826,20,2185,0
20230826,20,2186,4
20230826,20,2191,0
20230826,20,2198,6
20230826,20,2199,0
20230826,20,3310,9
20230826,20,3311,2
20230826,20,3802,8
20230826,21,2111,1
20230826,21,2112,8
20230826,21,2116,2
20230826,21,2122,1
20230826,21,2128,4
20230826,21,2129,1
20230826,21,2130,3
20230826,21,2139,0
20230826,21,2143,0
20230826,21,2148,0
20230826,21,2159,5
20230826,21,2171,8
20230826,21,2172,0
20230826,21,2178,0
20230826,21,2179,5
20230826,21,2185,0
20230826,21,2186,3
20230826,21,2191,1
20230826,21,2198,4
20230826,21,2199,0
20230826,21,3310,8
20230826,21,3311,1
20230826,21,3802,6
20230826,22,2111,0
20230826,22,2112,5
20230826,22,2116,3
20230826,22,2122,0
20230826,22,2128,4
20230826,22,2129,1
20230826,22,2130,3
20230826,22,2139,0
20230826,22,2143,0
20230826,22,2148,0
20230826,22,2159,3
20230826,22,2171,3
20230826,22,2172,0
20230826,22,2178,0
20230826,22,2179,4
20230826,22,2185,0
20230826,22,2186,0
20230826,22,2191,0
20230826,22,2198,3
20230826,22,2199,0
20230826,22,3310,7
20230826,22,3311,1
20230826,22,3802,7
20230826,23,2111,3
20230826,23,2112,0
20230826,23,2116,3
20230826,23,2122,4
20230826,23,2128,4
20230826,23,2129,1
20230826,23,2130,3
20230826,23,2139,0
20230826,23,2143,0
20230826,23,2148,1
20230826,23,2159,3
20230826,23,2171,6
20230826,23,2172,0
20230826,23,2178,0
20230826,23,2179,4
20230826,23,2185,0
20230826,23,2186,2
20230826,23,2191,0
20230826,23,2198,1
20230826,23,2199,0
20230826,23,3310,4
20230826,23,3311,0
20230826,23,3802,7
20230827,0,2111,1
20230827,0,2112,1
20230827,0,2116,2
20230827,0,2122,4
20230827,0,2128,5
20230827,0,2129,1
20230827,0,2130,3
20230827,0,2139,1
20230827,0,2143,0
20230827,0,2148,4
20230827,0,2159,6
20230827,0,2171,6
20230827,0,2172,0
20230827,0,2178,0
20230827,0,2179,5
20230827,0,2185,0
20230827,0,2186,3
20230827,0,2191,0
20230827,0,2198,1
20230827,0,2199,0
20230827,0,3310,3
20230827,0,3311,0
20230827,0,3802,8
20230827,1,2111,0
20230827,1,2112,0
20230827,1,2116,2
20230827,1,2122,3
20230827,1,2128,5
20230827,1,2129,1
20230827,1,2130,2
20230827,1,2139,0
20230827,1,2143,0
20230827,1,2148,4
20230827,1,2159,6
20230827,1,2171,7
20230827,1,2172,0
20230827,1,2178,0
20230827,1,2179,4
20230827,1,2185,0
20230827,1,2186,3
20230827,1,2191,1
20230827,1,2198,2
20230827,1,2199,0
20230827,1,3310,3
20230827,1,3311,0
20230827,1,3802,8
20230827,2,2111,0
20230827,2,2112,0
20230827,2,2116,2
20230827,2,2122,2
20230827,2,2128,5
20230827,2,2129,2
20230827,2,2130,2
20230827,2,2139,0
20230827,2,2143,4
20230827,2,2148,9
20230827,2,2159,6
20230827,2,2171,6
20230827,2,2172,0
20230827,2,2178,0
20230827,2,2179,3
20230827,2,2185,0
20230827,2,2186,4
20230827,2,2191,3
20230827,2,2198,3
20230827,2,2199,0
20230827,2,3310,4
20230827,2,3311,0
20230827,2,3802,7
20230827,3,2111,0
20230827,3,2112,0
20230827,3,2116,2
20230827,3,2122,2
20230827,3,2128,5
20230827,3,2129,2
20230827,3,2130,2
20230827,3,2139,1
20230827,3,2143,4
20230827,3,2148,8
20230827,3,2159,5
20230827,3,2171,5
20230827,3,2172,0
20230827,3,2178,0
20230827,3,2179,3
20230827,3,2185,1
20230827,3,2186,5
20230827,3,2191,4
20230827,3,2198,3
20230827,3,2199,0
20230827,3,3310,3
20230827,3,3311,0
20230827,3,3802,9
20230827,4,2111,2
20230827,4,2112,0
20230827,4,2116,3
20230827,4,2122,2
20230827,4,2128,5
20230827,4,2129,2
20230827,4,2130,2
20230827,4,2139,2
20230827,4,2143,5
20230827,4,2148,4
20230827,4,2159,5
20230827,4,2171,4
20230827,4,2172,0
20230827,4,2178,0
20230827,4,2179,3
20230827,4,2185,1
20230827,4,2186,5
20230827,4,2191,3
20230827,4,2198,4
20230827,4,2199,0
20230827,4,3310,5
20230827,4,3311,1
20230827,4,3802,9
20230827,5,2111,2
20230827,5,2112,0
20230827,5,2116,3
20230827,5,2122,2
20230827,5,2128,4
20230827,5,2129,2
20230827,5,2130,2
20230827,5,2139,2
20230827,5,2143,5
20230827,5,2148,3
20230827,5,2159,5
20230827,5,2171,4
20230827,5,2172,1
20230827,5,2178,0
20230827,5,2179,3
20230827,5,2185,2
20230827,5,2186,6
20230827,5,2191,3
20230827,5,2198,4
20230827,5,2199,0
20230827,5,3310,5
20230827,5,3311,1
20230827,5,3802,9
20230827,6,2111,2
20230827,6,2112,0
20230827,6,2116,2
20230827,6,2122,2
20230827,6,2128,4
20230827,6,2129,1
20230827,6,2130,2
20230827,6,2139,1
20230827,6,2143,5
20230827,6,2148,4
20230827,6,2159,5
20230827,6,2171,6
20230827,6,2172,1
20230827,6,2178,0
20230827,6,2179,3
20230827,6,2185,1
20230827,6,2186,6
20230827,6,2191,1
20230827,6,2198,4
20230827,6,2199,0
20230827,6,3310,5
20230827,6,3311,0
20230827,6,3802,9
20230827,7,2111,2
20230827,7,2112,0
20230827,7,2116,2
20230827,7,2122,2
20230827,7,2128,3
20230827,7,2129,1
20230827,7,2130,2
20230827,7,2139,1
20230827,7,2143,5
20230827,7,2148,4
20230827,7,2159,5
20230827,7,2171,5
20230827,7,2172,1
20230827,7,2178,0
20230827,7,2179,3
20230827,7,2185,1
20230827,7,2186,7
20230827,7,2191,1
20230827,7,2198,4
20230827,7,2199,0
20230827,7,3310,4
20230827,7,3311,1
20230827,7,3802,9
20230827,8,2111,2
20230827,8,2112,2
20230827,8,2116,2
20230827,8,2122,2
20230827,8,2128,2
20230827,8,2129,1
20230827,8,2130,3
20230827,8,2139,0
20230827,8,2143,5
20230827,8,2148,4
20230827,8,2159,4
20230827,8,2171,5
20230827,8,2172,1
20230827,8,2178,1
20230827,8,2179,3
20230827,8,2185,3
20230827,8,2186,7
20230827,8,2191,0
20230827,8,2198,4
20230827,8,2199,0
20230827,8,3310,2
20230827,8,3311,3
20230827,8,3802,9
20230827,9,2111,1
20230827,9,2112,1
20230827,9,2116,2
20230827,9,2122,1
20230827,9,2128,2
20230827,9,2129,1
20230827,9,2130,2
20230827,9,2139,0
20230827,9,2143,3
20230827,9,2148,3
20230827,9,2159,5
20230827,9,2171,8
20230827,9,2172,1
20230827,9,2178,1
20230827,9,2179,4
20230827,9,2185,0
20230827,9,2186,5
20230827,9,2191,0
20230827,9,2198,3
20230827,9,2199,0
20230827,9,3310,16
20230827,9,3311,3
20230827,9,3802,11
20230827,10,2111,2
20230827,10,2112,3
20230827,10,2116,2
20230827,10,2122,0
20230827,10,2128,4
20230827,10,2129,0
20230827,10,2130,2
20230827,10,2139,0
20230827,10,2143,1
20230827,10,2148,2
20230827,10,2159,4
20230827,10,2171,9
20230827,10,2172,1
20230827,10,2178,3
20230827,10,2179,3
20230827,10,2185,0
20230827,10,2186,4
20230827,10,2191,0
20230827,10,2198,2
20230827,10,2199,0
20230827,10,3310,13
20230827,10,3311,7
20230827,10,3802,8
20230827,11,2111,1
20230827,11,2112,5
20230827,11,2116,2
20230827,11,2122,0
20230827,11,2128,4
20230827,11,2129,0
20230827,11,2130,2
20230827,11,2139,2
20230827,11,2143,0
20230827,11,2148,1
20230827,11,2159,3
20230827,11,2171,10
20230827,11,2172,2
20230827,11,2178,16
20230827,11,2179,3
20230827,11,2185,0
20230827,11,2186,0
20230827,11,2191,6
20230827,11,2198,1
20230827,11,2199,0
20230827,11,3310,9
20230827,11,3311,7
20230827,11,3802,5
20230827,12,2111,4
20230827,12,2112,8
20230827,12,2116,1
20230827,12,2122,0
20230827,12,2128,3
20230827,12,2129,0
20230827,12,2130,1
20230827,12,2139,2
20230827,12,2143,0
20230827,12,2148,0
20230827,12,2159,4
20230827,12,2171,11
20230827,12,2172,0
20230827,12,2178,16
20230827,12,2179,3
20230827,12,2185,1
20230827,12,2186,0
20230827,12,2191,7
20230827,12,2198,1
20230827,12,2199,0
20230827,12,3310,6
20230827,12,3311,4
20230827,12,3802,9
20230827,13,2111,5
20230827,13,2112,12
20230827,13,2116,1
20230827,13,2122,0
20230827,13,2128,3
20230827,13,2129,0
20230827,13,2130,1
20230827,13,2139,3
20230827,13,2143,2
20230827,13,2148,0
20230827,13,2159,5
20230827,13,2171,10
20230827,13,2172,0
20230827,13,2178,17
20230827,13,2179,6
20230827,13,2185,0
20230827,13,2186,2
20230827,13,2191,5
20230827,13,2198,1
20230827,13,2199,0
20230827,13,3310,2
20230827,13,3311,3
20230827,13,3802,4
20230827,14,2111,5
20230827,14,2112,14
20230827,14,2116,5
20230827,14,2122,1
20230827,14,2128,5
20230827,14,2129,1
20230827,14,2130,1
20230827,14,2139,4
20230827,14,2143,0
20230827,14,2148,2
20230827,14,2159,4
20230827,14,2171,10
20230827,14,2172,0
20230827,14,2178,17
20230827,14,2179,9
20230827,14,2185,1
20230827,14,2186,2
20230827,14,2191,2
20230827,14,2198,8
20230827,14,2199,2
20230827,14,3310,2
20230827,14,3311,3
20230827,14,3802,1
20230827,15,2111,3
20230827,15,2112,15
20230827,15,2116,4
20230827,15,2122,1
20230827,15,2128,5
20230827,15,2129,1
20230827,15,2130,1
20230827,15,2139,4
20230827,15,2143,0
20230827,15,2148,1
20230827,15,2159,4
20230827,15,2171,11
20230827,15,2172,1
20230827,15,2178,18
20230827,15,2179,9
20230827,15,2185,0
20230827,15,2186,2
20230827,15,2191,1
20230827,15,2198,8
20230827,15,2199,4
20230827,15,3310,2
20230827,15,3311,3
20230827,15,3802,4
20230827,16,2111,4
20230827,16,2112,16
20230827,16,2116,8
20230827,16,2122,2
20230827,16,2128,5
20230827,16,2129,0
20230827,16,2130,1
20230827,16,2139,3
20230827,16,2143,0
20230827,16,2148,6
20230827,16,2159,4
20230827,16,2171,16
20230827,16,2172,1
20230827,16,2178,18
20230827,16,2179,7
20230827,16,2185,0
20230827,16,2186,11
20230827,16,2191,1
20230827,16,2198,8
20230827,16,2199,4
20230827,16,3310,1
20230827,16,3311,4
20230827,16,3802,4
20230827,17,2111,6
20230827,17,2112,16
20230827,17,2116,9
20230827,17,2122,1
20230827,17,2128,3
20230827,17,2129,0
20230827,17,2130,1
20230827,17,2139,2
20230827,17,2143,0
20230827,17,2148,7
20230827,17,2159,4
20230827,17,2171,15
20230827,17,2172,0
20230827,17,2178,12
20230827,17,2179,6
20230827,17,2185,0
20230827,17,2186,9
20230827,17,2191,2
20230827,17,2198,8
20230827,17,2199,3
20230827,17,3310,0
20230827,17,3311,2
20230827,17,3802,0
20230827,18,2111,5
20230827,18,2112,19
20230827,18,2116,11
20230827,18,2122,2
20230827,18,2128,3
20230827,18,2129,0
20230827,18,2130,0
20230827,18,2139,2
20230827,18,2143,0
20230827,18,2148,7
20230827,18,2159,4
20230827,18,2171,17
20230827,18,2172,0
20230827,18,2178,10
20230827,18,2179,6
20230827,18,2185,0
20230827,18,2186,8
20230827,18,2191,2
20230827,18,2198,9
20230827,18,2199,2
20230827,18,3310,0
20230827,18,3311,1
20230827,18,3802,0
20230827,19,2111,6
20230827,19,2112,18
20230827,19,2116,12
20230827,19,2122,2
20230827,19,2128,4
20230827,19,2129,0
20230827,19,2130,0
20230827,19,2139,1
20230827,19,2143,0
20230827,19,2148,7
20230827,19,2159,3
20230827,19,2171,16
20230827,19,2172,0
20230827,19,2178,9
20230827,19,2179,4
20230827,19,2185,0
20230827,19,2186,8
20230827,19,2191,2
20230827,19,2198,8
20230827,19,2199,0
20230827,19,3310,0
20230827,19,3311,3
20230827,19,3802,2
20230827,20,2111,3
20230827,20,2112,18
20230827,20,2116,12
20230827,20,2122,2
20230827,20,2128,6
20230827,20,2129,0
20230827,20,2130,0
20230827,20,2139,4
20230827,20,2143,1
20230827,20,2148,1
20230827,20,2159,0
20230827,20,2171,18
20230827,20,2172,0
20230827,20,2178,8
20230827,20,2179,5
20230827,20,2185,0
20230827,20,2186,9
20230827,20,2191,2
20230827,20,2198,8
20230827,20,2199,0
20230827,20,3310,0
20230827,20,3311,2
20230827,20,3802,2
20230827,21,2111,5
20230827,21,2112,16
20230827,21,2116,13
20230827,21,2122,4
20230827,21,2128,6
20230827,21,2129,0
20230827,21,2130,0
20230827,21,2139,4
20230827,21,2143,1
20230827,21,2148,0
20230827,21,2159,6
20230827,21,2171,19
20230827,21,2172,0
20230827,21,2178,5
20230827,21,2179,3
20230827,21,2185,2
20230827,21,2186,10
20230827,21,2191,2
20230827,21,2198,8
20230827,21,2199,2
20230827,21,3310,1
20230827,21,3311,0
20230827,21,3802,2
20230827,22,2111,9
20230827,22,2112,10
20230827,22,2116,12
20230827,22,2122,5
20230827,22,2128,7
20230827,22,2129,0
20230827,22,2130,0
20230827,22,2139,3
20230827,22,2143,0
20230827,22,2148,1
20230827,22,2159,5
20230827,22,2171,14
20230827,22,2172,0
20230827,22,2178,1
20230827,22,2179,3
20230827,22,2185,2
20230827,22,2186,9
20230827,22,2191,4
20230827,22,2198,8
20230827,22,2199,3
20230827,22,3310,1
20230827,22,3311,0
20230827,22,3802,2
20230827,23,2111,9
20230827,23,2112,6
20230827,23,2116,13
20230827,23,2122,6
20230827,23,2128,7
20230827,23,2129,0
20230827,23,2130,0
20230827,23,2139,5
20230827,23,2143,0
20230827,23,2148,3
20230827,23,2159,5
20230827,23,2171,8
20230827,23,2172,0
20230827,23,2178,0
20230827,23,2179,4
20230827,23,2185,5
20230827,23,2186,9
20230827,23,2191,7
20230827,23,2198,9
20230827,23,2199,2
20230827,23,3310,1
20230827,23,3311,0
20230827,23,3802,3
20230828,0,2111,8
20230828,0,2112,5
20230828,0,2116,11
20230828,0,2122,6
20230828,0,2128,6
20230828,0,2129,1
20230828,0,2130,0
20230828,0,2139,4
20230828,0,2143,0
20230828,0,2148,4
20230828,0,2159,5
20230828,0,2171,6
20230828,0,2172,0
20230828,0,2178,1
20230828,0,2179,5
20230828,0,2185,6
20230828,0,2186,10
20230828,0,2191,7
20230828,0,2198,10
20230828,0,2199,1
20230828,0,3310,1
20230828,0,3311,0
20230828,0,3802,3
20230828,1,2111,7
20230828,1,2112,5
20230828,1,2116,11
20230828,1,2122,5
20230828,1,2128,2
20230828,1,2129,1
20230828,1,2130,0
20230828,1,2139,6
20230828,1,2143,0
20230828,1,2148,4
20230828,1,2159,5
20230828,1,2171,6
20230828,1,2172,0
20230828,1,2178,0
20230828,1,2179,6
20230828,1,2185,6
20230828,1,2186,8
20230828,1,2191,7
20230828,1,2198,11
20230828,1,2199,1
20230828,1,3310,1
20230828,1,3311,0
20230828,1,3802,3
20230828,2,2111,7
20230828,2,2112,5
20230828,2,2116,10
20230828,2,2122,5
20230828,2,2128,2
20230828,2,2129,1
20230828,2,2130,0
20230828,2,2139,6
20230828,2,2143,0
20230828,2,2148,5
20230828,2,2159,7
20230828,2,2171,6
20230828,2,2172,0
20230828,2,2178,0
20230828,2,2179,7
20230828,2,2185,8
20230828,2,2186,8
20230828,2,2191,8
20230828,2,2198,12
20230828,2,2199,1
20230828,2,3310,1
20230828,2,3311,1
20230828,2,3802,3
20230828,3,2111,7
20230828,3,2112,7
20230828,3,2116,9
20230828,3,2122,5
20230828,3,2128,2
20230828,3,2129,1
20230828,3,2130,0
20230828,3,2139,8
20230828,3,2143,0
20230828,3,2148,5
20230828,3,2159,7
20230828,3,2171,5
20230828,3,2172,0
20230828,3,2178,0
20230828,3,2179,8
20230828,3,2185,8
20230828,3,2186,9
20230828,3,2191,8
20230828,3,2198,12
20230828,3,2199,0
20230828,3,3310,1
20230828,3,3311,1
20230828,3,3802,3
20230828,4,2111,6
20230828,4,2112,7
20230828,4,2116,9
20230828,4,2122,5
20230828,4,2128,2
20230828,4,2129,1
20230828,4,2130,0
20230828,4,2139,8
20230828,4,2143,0
20230828,4,2148,5
20230828,4,2159,7
20230828,4,2171,5
20230828,4,2172,0
20230828,4,2178,0
20230828,4,2179,8
20230828,4,2185,8
20230828,4,2186,9
20230828,4,2191,8
20230828,4,2198,12
20230828,4,2199,0
20230828,4,3310,1
20230828,4,3311,1
20230828,4,3802,3
20230828,5,2111,6
20230828,5,2112,6
20230828,5,2116,10
20230828,5,2122,4
20230828,5,2128,2
20230828,5,2129,2
20230828,5,2130,0
20230828,5,2139,8
20230828,5,2143,0
20230828,5,2148,5
20230828,5,2159,7
20230828,5,2171,6
20230828,5,2172,1
20230828,5,2178,0
20230828,5,2179,9
20230828,5,2185,8
20230828,5,2186,9
20230828,5,2191,8
20230828,5,2198,11
20230828,5,2199,1
20230828,5,3310,2
20230828,5,3311,1
20230828,5,3802,3
20230828,6,2111,6
20230828,6,2112,6
20230828,6,2116,10
20230828,6,2122,4
20230828,6,2128,2
20230828,6,2129,1
20230828,6,2130,0
20230828,6,2139,8
20230828,6,2143,1
20230828,6,2148,5
20230828,6,2159,7
20230828,6,2171,6
20230828,6,2172,1
20230828,6,2178,0
20230828,6,2179,9
20230828,6,2185,8
20230828,6,2186,9
20230828,6,2191,8
20230828,6,2198,11
20230828,6,2199,1
20230828,6,3310,2
20230828,6,3311,1
20230828,6,3802,3
20230828,7,2111,6
20230828,7,2112,6
20230828,7,2116,10
20230828,7,2122,5
20230828,7,2128,2
20230828,7,2129,1
20230828,7,2130,0
20230828,7,2139,8
20230828,7,2143,1
20230828,7,2148,5
20230828,7,2159,7
20230828,7,2171,5
20230828,7,2172,1
20230828,7,2178,0
20230828,7,2179,9
20230828,7,2185,8
20230828,7,2186,9
20230828,7,2191,8
20230828,7,2198,11
20230828,7,2199,1
20230828,7,3310,2
20230828,7,3311,1
20230828,7,3802,4
20230828,8,2111,6
20230828,8,2112,6
20230828,8,2116,10
20230828,8,2122,5
20230828,8,2128,2
20230828,8,2129,2
20230828,8,2130,0
20230828,8,2139,8
20230828,8,2143,0
20230828,8,2148,5
20230828,8,2159,7
20230828,8,2171,5
20230828,8,2172,1
20230828,8,2178,0
20230828,8,2179,9
20230828,8,2185,7
20230828,8,2186,9
20230828,8,2191,8
20230828,8,2198,11
20230828,8,2199,1
20230828,8,3310,2
20230828,8,3311,1
20230828,8,3802,3
20230828,9,2111,7
20230828,9,2112,6
20230828,9,2116,10
20230828,9,2122,5
20230828,9,2128,2
20230828,9,2129,1
20230828,9,2130,0
20230828,9,2139,8
20230828,9,2143,0
20230828,9,2148,5
20230828,9,2159,7
20230828,9,2171,5
20230828,9,2172,2
20230828,9,2178,0
20230828,9,2179,9
20230828,9,2185,7
20230828,9,2186,9
20230828,9,2191,8
20230828,9,2198,11
20230828,9,2199,1
20230828,9,3310,2
20230828,9,3311,2
20230828,9,3802,3
20230828,10,2111,6
20230828,10,2112,6
20230828,10,2116,10
20230828,10,2122,5
20230828,10,2128,2
20230828,10,2129,2
20230828,10,2130,0
20230828,10,2139,8
20230828,10,2143,0
20230828,10,2148,5
20230828,10,2159,7
20230828,10,2171,5
20230828,10,2172,2
20230828,10,2178,0
20230828,10,2179,9
20230828,10,2185,6
20230828,10,2186,9
20230828,10,2191,7
20230828,10,2198,11
20230828,10,2199,1
20230828,10,3310,2
20230828,10,3311,2
20230828,10,3802,3
20230828,11,2111,6
20230828,11,2112,6
20230828,11,2116,10
20230828,11,2122,5
20230828,11,2128,2
20230828,11,2129,2
20230828,11,2130,0
20230828,11,2139,8
20230828,11,2143,0
20230828,11,2148,5
20230828,11,2159,7
20230828,11,2171,4
20230828,11,2172,2
20230828,11,2178,0
20230828,11,2179,9
20230828,11,2185,6
20230828,11,2186,7
20230828,11,2191,7
20230828,11,2198,11
20230828,11,2199,1
20230828,11,3310,2
20230828,11,3311,2
20230828,11,3802,3
20230828,12,2111,6
20230828,12,2112,5
20230828,12,2116,10
20230828,12,2122,6
20230828,12,2128,2
20230828,12,2129,1
20230828,12,2130,0
20230828,12,2139,8
20230828,12,2143,0
20230828,12,2148,5
20230828,12,2159,7
20230828,12,2171,6
20230828,12,2172,1
20230828,12,2178,0
20230828,12,2179,9
20230828,12,2185,6
20230828,12,2186,6
20230828,12,2191,7
20230828,12,2198,11
20230828,12,2199,1
20230828,12,3310,1
20230828,12,3311,0
20230828,12,3802,3
20230828,13,2111,7
20230828,13,2112,6
20230828,13,2116,9
20230828,13,2122,6
20230828,13,2128,2
20230828,13,2129,1
20230828,13,2130,0
20230828,13,2139,8
20230828,13,2143,0
20230828,13,2148,4
20230828,13,2159,7
20230828,13,2171,6
20230828,13,2172,0
20230828,13,2178,1
20230828,13,2179,11
20230828,13,2185,5
20230828,13,2186,6
20230828,13,2191,7
20230828,13,2198,10
20230828,13,2199,1
20230828,13,3310,1
20230828,13,3311,0
20230828,13,3802,3
20230828,14,2111,7
20230828,14,2112,6
20230828,14,2116,10
20230828,14,2122,6
20230828,14,2128,1
20230828,14,2129,0
20230828,14,2130,0
20230828,14,2139,7
20230828,14,2143,0
20230828,14,2148,2
20230828,14,2159,7
20230828,14,2171,5
20230828,14,2172,0
20230828,14,2178,2
20230828,14,2179,8
20230828,14,2185,5
20230828,14,2186,6
20230828,14,2191,6
20230828,14,2198,10
20230828,14,2199,1
20230828,14,3310,0
20230828,14,3311,0
20230828,14,3802,3
20230828,15,2111,7
20230828,15,2112,8
20230828,15,2116,10
20230828,15,2122,9
20230828,15,2128,1
20230828,15,2129,0
20230828,15,2130,0
20230828,15,2139,6
20230828,15,2143,0
20230828,15,2148,3
20230828,15,2159,5
20230828,15,2171,4
20230828,15,2172,0
20230828,15,2178,0
20230828,15,2179,6
20230828,15,2185,5
20230828,15,2186,4
20230828,15,2191,7
20230828,15,2198,11
20230828,15,2199,1
20230828,15,3310,0
20230828,15,3311,0
20230828,15,3802,2
20230828,16,2111,5
20230828,16,2112,8
20230828,16,2116,11
20230828,16,2122,9
20230828,16,2128,1
20230828,16,2129,0
20230828,16,2130,0
20230828,16,2139,6
20230828,16,2143,0
20230828,16,2148,4
20230828,16,2159,5
20230828,16,2171,4
20230828,16,2172,0
20230828,16,2178,0
20230828,16,2179,8
20230828,16,2185,5
20230828,16,2186,3
20230828,16,2191,3
20230828,16,2198,9
20230828,16,2199,1
20230828,16,3310,0
20230828,16,3311,0
20230828,16,3802,2
20230828,17,2111,5
20230828,17,2112,7
20230828,17,2116,10
20230828,17,2122,9
20230828,17,2128,1
20230828,17,2129,0
20230828,17,2130,0
20230828,17,2139,5
20230828,17,2143,0
20230828,17,2148,4
20230828,17,2159,5
20230828,17,2171,2
20230828,17,2172,0
20230828,17,2178,0
20230828,17,2179,12
20230828,17,2185,5
20230828,17,2186,1
20230828,17,2191,3
20230828,17,2198,9
20230828,17,2199,1
20230828,17,3310,0
20230828,17,3311,1
20230828,17,3802,3
20230828,18,2111,6
20230828,18,2112,7
20230828,18,2116,9
20230828,18,2122,10
20230828,18,2128,1
20230828,18,2129,0
20230828,18,2130,0
20230828,18,2139,5
20230828,18,2143,0
20230828,18,2148,2
20230828,18,2159,5
20230828,18,2171,2
20230828,18,2172,0
20230828,18,2178,0
20230828,18,2179,12
20230828,18,2185,3
20230828,18,2186,1
20230828,18,2191,3
20230828,18,2198,10
20230828,18,2199,2
20230828,18,3310,0
20230828,18,3311,0
20230828,18,3802,3
20230828,19,2111,4
20230828,19,2112,6
20230828,19,2116,9
20230828,19,2122,7
20230828,19,2128,1
20230828,19,2129,0
20230828,19,2130,1
20230828,19,2139,6
20230828,19,2143,0
20230828,19,2148,3
20230828,19,2159,5
20230828,19,2171,1
20230828,19,2172,0
20230828,19,2178,0
20230828,19,2179,13
20230828,19,2185,3
20230828,19,2186,0
20230828,19,2191,4
20230828,19,2198,9
20230828,19,2199,2
20230828,19,3310,0
20230828,19,3311,0
20230828,19,3802,5
20230828,20,2111,5
20230828,20,2112,6
20230828,20,2116,8
20230828,20,2122,6
20230828,20,2128,2
20230828,20,2129,0
20230828,20,2130,0
20230828,20,2139,4
20230828,20,2143,0
20230828,20,2148,3
20230828,20,2159,4
20230828,20,2171,1
20230828,20,2172,0
20230828,20,2178,0
20230828,20,2179,14
20230828,20,2185,3
20230828,20,2186,0
20230828,20,2191,3
20230828,20,2198,8
20230828,20,2199,1
20230828,20,3310,0
20230828,20,3311,0
20230828,20,3802,5
20230828,21,2111,5
20230828,21,2112,6
20230828,21,2116,7
20230828,21,2122,5
20230828,21,2128,1
20230828,21,2129,0
20230828,21,2130,0
20230828,21,2139,3
20230828,21,2143,0
20230828,21,2148,5
20230828,21,2159,4
20230828,21,2171,5
20230828,21,2172,0
20230828,21,2178,0
20230828,21,2179,10
20230828,21,2185,3
20230828,21,2186,0
20230828,21,2191,5
20230828,21,2198,8
20230828,21,2199,1
20230828,21,3310,0
20230828,21,3311,0
20230828,21,3802,4
20230828,22,2111,4
20230828,22,2112,6
20230828,22,2116,3
20230828,22,2122,2
20230828,22,2128,1
20230828,22,2129,0
20230828,22,2130,0
20230828,22,2139,2
20230828,22,2143,0
20230828,22,2148,3
20230828,22,2159,4
20230828,22,2171,0
20230828,22,2172,1
20230828,22,2178,0
20230828,22,2179,9
20230828,22,2185,2
20230828,22,2186,0
20230828,22,2191,5
20230828,22,2198,8
20230828,22,2199,0
20230828,22,3310,0
20230828,22,3311,0
20230828,22,3802,4
20230828,23,2111,5
20230828,23,2112,7
20230828,23,2116,3
20230828,23,2122,3
20230828,23,2128,1
20230828,23,2129,0
20230828,23,2130,0
20230828,23,2139,2
20230828,23,2143,1
20230828,23,2148,4
20230828,23,2159,4
20230828,23,2171,2
20230828,23,2172,0
20230828,23,2178,0
20230828,23,2179,13
20230828,23,2185,2
20230828,23,2186,3
20230828,23,2191,4
20230828,23,2198,9
20230828,23,2199,0
20230828,23,3310,0
20230828,23,3311,1
20230828,23,3802,4
20230829,0,2111,5
20230829,0,2112,5
20230829,0,2116,4
20230829,0,2122,3
20230829,0,2128,1
20230829,0,2129,0
20230829,0,2130,0
20230829,0,2139,0
20230829,0,2143,0
20230829,0,2148,3
20230829,0,2159,5
20230829,0,2171,1
20230829,0,2172,0
20230829,0,2178,0
20230829,0,2179,15
20230829,0,2185,2
20230829,0,2186,3
20230829,0,2191,3
20230829,0,2198,8
20230829,0,2199,0
20230829,0,3310,0
20230829,0,3311,0
20230829,0,3802,5
20230829,1,2111,3
20230829,1,2112,2
20230829,1,2116,3
20230829,1,2122,2
20230829,1,2128,0
20230829,1,2129,0
20230829,1,2130,0
20230829,1,2139,1
20230829,1,2143,0
20230829,1,2148,3
20230829,1,2159,4
20230829,1,2171,1
20230829,1,2172,0
20230829,1,2178,0
20230829,1,2179,16
20230829,1,2185,3
20230829,1,2186,3
20230829,1,2191,4
20230829,1,2198,10
20230829,1,2199,1
20230829,1,3310,0
20230829,1,3311,0
20230829,1,3802,5
20230829,2,2111,4
20230829,2,2112,2
20230829,2,2116,3
20230829,2,2122,2
20230829,2,2128,0
20230829,2,2129,0
20230829,2,2130,0
20230829,2,2139,2
20230829,2,2143,0
20230829,2,2148,3
20230829,2,2159,3
20230829,2,2171,1
20230829,2,2172,0
20230829,2,2178,0
20230829,2,2179,16
20230829,2,2185,3
20230829,2,2186,3
20230829,2,2191,6
20230829,2,2198,12
20230829,2,2199,0
20230829,2,3310,1
20230829,2,3311,0
20230829,2,3802,5
20230829,3,2111,4
20230829,3,2112,2
20230829,3,2116,2
20230829,3,2122,3
20230829,3,2128,0
20230829,3,2129,0
20230829,3,2130,0
20230829,3,2139,2
20230829,3,2143,0
20230829,3,2148,2
20230829,3,2159,3
20230829,3,2171,1
20230829,3,2172,0
20230829,3,2178,0
20230829,3,2179,15
20230829,3,2185,4
20230829,3,2186,3
20230829,3,2191,7
20230829,3,2198,12
20230829,3,2199,0
20230829,3,3310,1
20230829,3,3311,0
20230829,3,3802,5
20230829,4,2111,6
20230829,4,2112,3
20230829,4,2116,2
20230829,4,2122,2
20230829,4,2128,0
20230829,4,2129,1
20230829,4,2130,0
20230829,4,2139,2
20230829,4,2143,0
20230829,4,2148,2
20230829,4,2159,3
20230829,4,2171,1
20230829,4,2172,0
20230829,4,2178,0
20230829,4,2179,14
20230829,4,2185,4
20230829,4,2186,3
20230829,4,2191,8
20230829,4,2198,12
20230829,4,2199,0
20230829,4,3310,1
20230829,4,3311,0
20230829,4,3802,5
20230829,5,2111,6
20230829,5,2112,3
20230829,5,2116,2
20230829,5,2122,1
20230829,5,2128,0
20230829,5,2129,1
20230829,5,2130,0
20230829,5,2139,2
20230829,5,2143,0
20230829,5,2148,2
20230829,5,2159,3
20230829,5,2171,2
20230829,5,2172,1
20230829,5,2178,0
20230829,5,2179,13
20230829,5,2185,3
20230829,5,2186,0
20230829,5,2191,8
20230829,5,2198,12
20230829,5,2199,0
20230829,5,3310,1
20230829,5,3311,0
20230829,5,3802,5
20230829,6,2111,6
20230829,6,2112,2
20230829,6,2116,3
20230829,6,2122,0
20230829,6,2128,1
20230829,6,2129,1
20230829,6,2130,0
20230829,6,2139,2
20230829,6,2143,1
20230829,6,2148,2
20230829,6,2159,3
20230829,6,2171,2
20230829,6,2172,1
20230829,6,2178,0
20230829,6,2179,13
20230829,6,2185,3
20230829,6,2186,0
20230829,6,2191,8
20230829,6,2198,12
20230829,6,2199,0
20230829,6,3310,1
20230829,6,3311,1
20230829,6,3802,11
20230829,7,2111,6
20230829,7,2112,2
20230829,7,2116,3
20230829,7,2122,1
20230829,7,2128,0
20230829,7,2129,1
20230829,7,2130,0
20230829,7,2139,2
20230829,7,2143,1
20230829,7,2148,1
20230829,7,2159,4
20230829,7,2171,2
20230829,7,2172,1
20230829,7,2178,0
20230829,7,2179,13
20230829,7,2185,3
20230829,7,2186,1
20230829,7,2191,7
20230829,7,2198,13
20230829,7,2199,0
20230829,7,3310,1
20230829,7,3311,0
20230829,7,3802,11
20230829,8,2111,6
20230829,8,2112,3
20230829,8,2116,3
20230829,8,2122,2
20230829,8,2128,0
20230829,8,2129,1
20230829,8,2130,0
20230829,8,2139,1
20230829,8,2143,1
20230829,8,2148,1
20230829,8,2159,3
20230829,8,2171,3
20230829,8,2172,1
20230829,8,2178,0
20230829,8,2179,14
20230829,8,2185,3
20230829,8,2186,0
20230829,8,2191,7
20230829,8,2198,13
20230829,8,2199,0
20230829,8,3310,0
20230829,8,3311,1
20230829,8,3802,11
20230829,9,2111,5
20230829,9,2112,3
20230829,9,2116,4
20230829,9,2122,2
20230829,9,2128,0
20230829,9,2129,0
20230829,9,2130,0
20230829,9,2139,0
20230829,9,2143,1
20230829,9,2148,0
20230829,9,2159,2
20230829,9,2171,3
20230829,9,2172,0
20230829,9,2178,0
20230829,9,2179,15
20230829,9,2185,3
20230829,9,2186,0
20230829,9,2191,5
20230829,9,2198,13
20230829,9,2199,0
20230829,9,3310,0
20230829,9,3311,4
20230829,9,3802,9
20230829,10,2111,5
20230829,10,2112,5
20230829,10,2116,4
20230829,10,2122,2
20230829,10,2128,1
20230829,10,2129,0
20230829,10,2130,0
20230829,10,2139,0
20230829,10,2143,0
20230829,10,2148,1
20230829,10,2159,2
20230829,10,2171,3
20230829,10,2172,0
20230829,10,2178,1
20230829,10,2179,14
20230829,10,2185,3
20230829,10,2186,1
20230829,10,2191,3
20230829,10,2198,13
20230829,10,2199,0
20230829,10,3310,0
20230829,10,3311,6
20230829,10,3802,10
20230829,11,2111,6
20230829,11,2112,5
20230829,11,2116,3
20230829,11,2122,2
20230829,11,2128,1
20230829,11,2129,0
20230829,11,2130,0
20230829,11,2139,0
20230829,11,2143,0
20230829,11,2148,0
20230829,11,2159,2
20230829,11,2171,4
20230829,11,2172,0
20230829,11,2178,4
20230829,11,2179,15
20230829,11,2185,3
20230829,11,2186,1
20230829,11,2191,4
20230829,11,2198,13
20230829,11,2199,1
20230829,11,3310,0
20230829,11,3311,6
20230829,11,3802,10
20230829,12,2111,6
20230829,12,2112,5
20230829,12,2116,3
20230829,12,2122,2
20230829,12,2128,1
20230829,12,2129,0
20230829,12,2130,0
20230829,12,2139,0
20230829,12,2143,0
20230829,12,2148,0
20230829,12,2159,2
20230829,12,2171,4
20230829,12,2172,0
20230829,12,2178,4
20230829,12,2179,15
20230829,12,2185,3
20230829,12,2186,1
20230829,12,2191,4
20230829,12,2198,13
20230829,12,2199,1
20230829,12,3310,0
20230829,12,3311,6
20230829,12,3802,10
20230829,13,2111,6
20230829,13,2112,4
20230829,13,2116,4
20230829,13,2122,2
20230829,13,2128,1
20230829,13,2129,0
20230829,13,2130,0
20230829,13,2139,0
20230829,13,2143,0
20230829,13,2148,0
20230829,13,2159,2
20230829,13,2171,4
20230829,13,2172,0
20230829,13,2178,4
20230829,13,2179,15
20230829,13,2185,2
20230829,13,2186,1
20230829,13,2191,4
20230829,13,2198,13
20230829,13,2199,1
20230829,13,3310,0
20230829,13,3311,6
20230829,13,3802,10
20230829,14,2111,6
20230829,14,2112,4
20230829,14,2116,4
20230829,14,2122,2
20230829,14,2128,1
20230829,14,2129,0
20230829,14,2130,0
20230829,14,2139,0
20230829,14,2143,0
20230829,14,2148,0
20230829,14,2159,2
20230829,14,2171,3
20230829,14,2172,0
20230829,14,2178,4
20230829,14,2179,15
20230829,14,2185,2
20230829,14,2186,1
20230829,14,2191,4
20230829,14,2198,13
20230829,14,2199,1
20230829,14,3310,0
20230829,14,3311,4
20230829,14,3802,10
20230829,15,2111,5
20230829,15,2112,4
20230829,15,2116,3
20230829,15,2122,2
20230829,15,2128,1
20230829,15,2129,0
20230829,15,2130,0
20230829,15,2139,0
20230829,15,2143,0
20230829,15,2148,0
20230829,15,2159,2
20230829,15,2171,2
20230829,15,2172,0
20230829,15,2178,3
20230829,15,2179,16
20230829,15,2185,2
20230829,15,2186,1
20230829,15,2191,3
20230829,15,2198,12
20230829,15,2199,1
20230829,15,3310,0
20230829,15,3311,4
20230829,15,3802,10
20230829,16,2111,5
20230829,16,2112,4
20230829,16,2116,3
20230829,16,2122,2
20230829,16,2128,1
20230829,16,2129,0
20230829,16,2130,0
20230829,16,2139,0
20230829,16,2143,0
20230829,16,2148,1
20230829,16,2159,2
20230829,16,2171,4
20230829,16,2172,0
20230829,16,2178,3
20230829,16,2179,15
20230829,16,2185,2
20230829,16,2186,1
20230829,16,2191,4
20230829,16,2198,12
20230829,16,2199,1
20230829,16,3310,0
20230829,16,3311,2
20230829,16,3802,9
20230829,17,2111,4
20230829,17,2112,3
20230829,17,2116,3
20230829,17,2122,3
20230829,17,2128,1
20230829,17,2129,0
20230829,17,2130,0
20230829,17,2139,1
20230829,17,2143,0
20230829,17,2148,1
20230829,17,2159,2
20230829,17,2171,3
20230829,17,2172,0
20230829,17,2178,2
20230829,17,2179,16
20230829,17,2185,4
20230829,17,2186,1
20230829,17,2191,4
20230829,17,2198,12
20230829,17,2199,1
20230829,17,3310,0
20230829,17,3311,3
20230829,17,3802,10
20230829,18,2111,4
20230829,18,2112,3
20230829,18,2116,3
20230829,18,2122,3
20230829,18,2128,1
20230829,18,2129,0
20230829,18,2130,0
20230829,18,2139,1
20230829,18,2143,0
20230829,18,2148,2
20230829,18,2159,2
20230829,18,2171,3
20230829,18,2172,0
20230829,18,2178,2
20230829,18,2179,17
20230829,18,2185,4
20230829,18,2186,0
20230829,18,2191,4
20230829,18,2198,12
20230829,18,2199,1
20230829,18,3310,0
20230829,18,3311,3
20230829,18,3802,9
20230829,19,2111,5
20230829,19,2112,4
20230829,19,2116,3
20230829,19,2122,3
20230829,19,2128,1
20230829,19,2129,0
20230829,19,2130,0
20230829,19,2139,0
20230829,19,2143,0
20230829,19,2148,0
20230829,19,2159,2
20230829,19,2171,1
20230829,19,2172,1
20230829,19,2178,1
20230829,19,2179,17
20230829,19,2185,3
20230829,19,2186,0
20230829,19,2191,4
20230829,19,2198,13
20230829,19,2199,1
20230829,19,3310,0
20230829,19,3311,2
20230829,19,3802,8
20230829,20,2111,4
20230829,20,2112,2
20230829,20,2116,3
20230829,20,2122,4
20230829,20,2128,1
20230829,20,2129,0
20230829,20,2130,0
20230829,20,2139,1
20230829,20,2143,0
20230829,20,2148,0
20230829,20,2159,2
20230829,20,2171,1
20230829,20,2172,1
20230829,20,2178,1
20230829,20,2179,16
20230829,20,2185,2
20230829,20,2186,0
20230829,20,2191,5
20230829,20,2198,14
20230829,20,2199,1
20230829,20,3310,0
20230829,20,3311,1
20230829,20,3802,6
20230829,21,2111,4
20230829,21,2112,1
20230829,21,2116,3
20230829,21,2122,3
20230829,21,2128,2
20230829,21,2129,0
20230829,21,2130,0
20230829,21,2139,1
20230829,21,2143,1
20230829,21,2148,0
20230829,21,2159,2
20230829,21,2171,3
20230829,21,2172,1
20230829,21,2178,0
20230829,21,2179,15
20230829,21,2185,2
20230829,21,2186,1
20230829,21,2191,6
20230829,21,2198,15
20230829,21,2199,0
20230829,21,3310,0
20230829,21,3311,1
20230829,21,3802,6
20230829,22,2111,4
20230829,22,2112,3
20230829,22,2116,3
20230829,22,2122,2
20230829,22,2128,3
20230829,22,2129,0
20230829,22,2130,0
20230829,22,2139,0
20230829,22,2143,0
20230829,22,2148,0
20230829,22,2159,2
20230829,22,2171,1
20230829,22,2172,0
20230829,22,2178,0
20230829,22,2179,13
20230829,22,2185,3
20230829,22,2186,0
20230829,22,2191,7
20230829,22,2198,15
20230829,22,2199,0
20230829,22,3310,0
20230829,22,3311,1
20230829,22,3802,3
20230829,23,2111,4
20230829,23,2112,3
20230829,23,2116,3
20230829,23,2122,0
20230829,23,2128,2
20230829,23,2129,0
20230829,23,2130,0
20230829,23,2139,0
20230829,23,2143,0
20230829,23,2148,0
20230829,23,2159,2
20230829,23,2171,1
20230829,23,2172,0
20230829,23,2178,0
20230829,23,2179,16
20230829,23,2185,7
20230829,23,2186,0
20230829,23,2191,4
20230829,23,2198,12
20230829,23,2199,0
20230829,23,3310,0
20230829,23,3311,0
20230829,23,3802,3
20230830,0,2111,2
20230830,0,2112,3
20230830,0,2116,2
20230830,0,2122,0
20230830,0,2128,0
20230830,0,2129,0
20230830,0,2130,0
20230830,0,2139,0
20230830,0,2143,0
20230830,0,2148,1
20230830,0,2159,2
20230830,0,2171,2
20230830,0,2172,1
20230830,0,2178,0
20230830,0,2179,18
20230830,0,2185,4
20230830,0,2186,1
20230830,0,2191,4
20230830,0,2198,11
20230830,0,2199,0
20230830,0,3310,0
20230830,0,3311,0
20230830,0,3802,5
20230830,1,2111,0
20230830,1,2112,1
20230830,1,2116,2
20230830,1,2122,0
20230830,1,2128,0
20230830,1,2129,0
20230830,1,2130,0
20230830,1,2139,0
20230830,1,2143,0
20230830,1,2148,0
20230830,1,2159,2
20230830,1,2171,0
20230830,1,2172,0
20230830,1,2178,0
20230830,1,2179,16
20230830,1,2185,4
20230830,1,2186,1
20230830,1,2191,3
20230830,1,2198,13
20230830,1,2199,0
20230830,1,3310,0
20230830,1,3311,0
20230830,1,3802,5
20230830,2,2111,0
20230830,2,2112,0
20230830,2,2116,0
20230830,2,2122,0
20230830,2,2128,1
20230830,2,2129,0
20230830,2,2130,0
20230830,2,2139,1
20230830,2,2143,0
20230830,2,2148,0
20230830,2,2159,2
20230830,2,2171,0
20230830,2,2172,1
20230830,2,2178,0
20230830,2,2179,16
20230830,2,2185,3
20230830,2,2186,1
20230830,2,2191,2
20230830,2,2198,9
20230830,2,2199,0
20230830,2,3310,1
20230830,2,3311,0
20230830,2,3802,5
20230830,3,2111,0
20230830,3,2112,0
20230830,3,2116,1
20230830,3,2122,0
20230830,3,2128,2
20230830,3,2129,0
20230830,3,2130,0
20230830,3,2139,1
20230830,3,2143,0
20230830,3,2148,0
20230830,3,2159,2
20230830,3,2171,0
20230830,3,2172,1
20230830,3,2178,0
20230830,3,2179,16
20230830,3,2185,4
20230830,3,2186,1
20230830,3,2191,1
20230830,3,2198,8
20230830,3,2199,0
20230830,3,3310,1
20230830,3,3311,0
20230830,3,3802,5
20230830,4,2111,0
20230830,4,2112,0
20230830,4,2116,1
20230830,4,2122,0
20230830,4,2128,1
20230830,4,2129,0
20230830,4,2130,0
20230830,4,2139,0
20230830,4,2143,0
20230830,4,2148,0
20230830,4,2159,2
20230830,4,2171,0
20230830,4,2172,1
20230830,4,2178,0
20230830,4,2179,14
20230830,4,2185,7
20230830,4,2186,1
20230830,4,2191,1
20230830,4,2198,7
20230830,4,2199,0
20230830,4,3310,1
20230830,4,3311,0
20230830,4,3802,5
20230830,5,2111,0
20230830,5,2112,0
20230830,5,2116,1
20230830,5,2122,0
20230830,5,2128,1
20230830,5,2129,0
20230830,5,2130,0
20230830,5,2139,0
20230830,5,2143,1
20230830,5,2148,0
20230830,5,2159,2
20230830,5,2171,2
20230830,5,2172,1
20230830,5,2178,0
20230830,5,2179,15
20230830,5,2185,6
20230830,5,2186,1
20230830,5,2191,1
20230830,5,2198,7
20230830,5,2199,0
20230830,5,3310,1
20230830,5,3311,0
20230830,5,3802,5
20230830,6,2111,0
20230830,6,2112,0
20230830,6,2116,0
20230830,6,2122,0
20230830,6,2128,0
20230830,6,2129,0
20230830,6,2130,0
20230830,6,2139,0
20230830,6,2143,1
20230830,6,2148,0
20230830,6,2159,2
20230830,6,2171,2
20230830,6,2172,1
20230830,6,2178,0
20230830,6,2179,14
20230830,6,2185,6
20230830,6,2186,0
20230830,6,2191,1
20230830,6,2198,4
20230830,6,2199,0
20230830,6,3310,0
20230830,6,3311,0
20230830,6,3802,4
20230830,7,2111,0
20230830,7,2112,0
20230830,7,2116,0
20230830,7,2122,0
20230830,7,2128,0
20230830,7,2129,0
20230830,7,2130,0
20230830,7,2139,0
20230830,7,2143,0
20230830,7,2148,0
20230830,7,2159,2
20230830,7,2171,1
20230830,7,2172,2
20230830,7,2178,0
20230830,7,2179,15
20230830,7,2185,3
20230830,7,2186,0
20230830,7,2191,1
20230830,7,2198,3
20230830,7,2199,0
20230830,7,3310,0
20230830,7,3311,0
20230830,7,3802,5
20230830,8,2111,0
20230830,8,2112,1
20230830,8,2116,0
20230830,8,2122,0
20230830,8,2128,0
20230830,8,2129,0
20230830,8,2130,0
20230830,8,2139,0
20230830,8,2143,0
20230830,8,2148,1
20230830,8,2159,1
20230830,8,2171,5
20230830,8,2172,3
20230830,8,2178,0
20230830,8,2179,18
20230830,8,2185,1
20230830,8,2186,0
20230830,8,2191,0
20230830,8,2198,0
20230830,8,2199,0
20230830,8,3310,0
20230830,8,3311,1
20230830,8,3802,4
20230830,9,2111,1
20230830,9,2112,1
20230830,9,2116,0
20230830,9,2122,0
20230830,9,2128,5
20230830,9,2129,0
20230830,9,2130,0
20230830,9,2139,0
20230830,9,2143,0
20230830,9,2148,0
20230830,9,2159,1
20230830,9,2171,5
20230830,9,2172,4
20230830,9,2178,15
20230830,9,2179,17
20230830,9,2185,2
20230830,9,2186,2
20230830,9,2191,0
20230830,9,2198,0
20230830,9,2199,0
20230830,9,3310,0
20230830,9,3311,3
20230830,9,3802,4
20230830,10,2111,1
20230830,10,2112,0
20230830,10,2116,0
20230830,10,2122,1
20230830,10,2128,6
20230830,10,2129,0
20230830,10,2130,0
20230830,10,2139,0
20230830,10,2143,0
20230830,10,2148,1
20230830,10,2159,1
20230830,10,2171,4
20230830,10,2172,19
20230830,10,2178,16
20230830,10,2179,16
20230830,10,2185,1
20230830,10,2186,3
20230830,10,2191,0
20230830,10,2198,0
20230830,10,2199,0
20230830,10,3310,0
20230830,10,3311,3
20230830,10,3802,5
20230830,11,2111,2
20230830,11,2112,0
20230830,11,2116,2
20230830,11,2122,1
20230830,11,2128,6
20230830,11,2129,11
20230830,11,2130,5
20230830,11,2139,0
20230830,11,2143,0
20230830,11,2148,0
20230830,11,2159,1
20230830,11,2171,3
20230830,11,2172,17
20230830,11,2178,20
20230830,11,2179,14
20230830,11,2185,1
20230830,11,2186,2
20230830,11,2191,0
20230830,11,2198,0
20230830,11,2199,0
20230830,11,3310,0
20230830,11,3311,5
20230830,11,3802,5
20230830,12,2111,2
20230830,12,2112,1
20230830,12,2116,2
20230830,12,2122,0
20230830,12,2128,5
20230830,12,2129,9
20230830,12,2130,4
20230830,12,2139,0
20230830,12,2143,0
20230830,12,2148,0
20230830,12,2159,0
20230830,12,2171,5
20230830,12,2172,17
20230830,12,2178,20
20230830,12,2179,14
20230830,12,2185,0
20230830,12,2186,2
20230830,12,2191,0
20230830,12,2198,1
20230830,12,2199,0
20230830,12,3310,0
20230830,12,3311,2
20230830,12,3802,6
20230830,13,2111,4
20230830,13,2112,1
20230830,13,2116,4
20230830,13,2122,0
20230830,13,2128,5
20230830,13,2129,9
20230830,13,2130,4
20230830,13,2139,0
20230830,13,2143,2
20230830,13,2148,0
20230830,13,2159,1
20230830,13,2171,8
20230830,13,2172,18
20230830,13,2178,21
20230830,13,2179,16
20230830,13,2185,1
20230830,13,2186,2
20230830,13,2191,0
20230830,13,2198,1
20230830,13,2199,0
20230830,13,3310,0
20230830,13,3311,2
20230830,13,3802,7
20230830,14,2111,3
20230830,14,2112,1
20230830,14,2116,3
20230830,14,2122,0
20230830,14,2128,4
20230830,14,2129,9
20230830,14,2130,4
20230830,14,2139,2
20230830,14,2143,3
20230830,14,2148,0
20230830,14,2159,1
20230830,14,2171,5
20230830,14,2172,16
20230830,14,2178,21
20230830,14,2179,16
20230830,14,2185,1
20230830,14,2186,2
20230830,14,2191,0
20230830,14,2198,1
20230830,14,2199,0
20230830,14,3310,0
20230830,14,3311,4
20230830,14,3802,7
20230830,15,2111,3
20230830,15,2112,1
20230830,15,2116,1
20230830,15,2122,0
20230830,15,2128,4
20230830,15,2129,10
20230830,15,2130,4
20230830,15,2139,2
20230830,15,2143,3
20230830,15,2148,0
20230830,15,2159,1
20230830,15,2171,5
20230830,15,2172,15
20230830,15,2178,20
20230830,15,2179,14
20230830,15,2185,2
20230830,15,2186,4
20230830,15,2191,0
20230830,15,2198,1
20230830,15,2199,0
20230830,15,3310,0
20230830,15,3311,4
20230830,15,3802,6
20230830,16,2111,4
20230830,16,2112,3
20230830,16,2116,1
20230830,16,2122,0
20230830,16,2128,4
20230830,16,2129,10
20230830,16,2130,4
20230830,16,2139,2
20230830,16,2143,2
20230830,16,2148,1
20230830,16,2159,1
20230830,16,2171,5
20230830,16,2172,16
20230830,16,2178,20
20230830,16,2179,14
20230830,16,2185,2
20230830,16,2186,3
20230830,16,2191,0
20230830,16,2198,0
20230830,16,2199,0
20230830,16,3310,0
20230830,16,3311,6
20230830,16,3802,6
20230830,17,2111,5
20230830,17,2112,3
20230830,17,2116,1
20230830,17,2122,0
20230830,17,2128,3
20230830,17,2129,10
20230830,17,2130,4
20230830,17,2139,4
20230830,17,2143,2
20230830,17,2148,0
20230830,17,2159,1
20230830,17,2171,6
20230830,17,2172,18
20230830,17,2178,21
20230830,17,2179,14
20230830,17,2185,2
20230830,17,2186,3
20230830,17,2191,0
20230830,17,2198,0
20230830,17,2199,0
20230830,17,3310,15
20230830,17,3311,6
20230830,17,3802,7
20230830,18,2111,5
20230830,18,2112,4
20230830,18,2116,1
20230830,18,2122,0
20230830,18,2128,3
20230830,18,2129,8
20230830,18,2130,4
20230830,18,2139,4
20230830,18,2143,1
20230830,18,2148,0
20230830,18,2159,1
20230830,18,2171,6
20230830,18,2172,17
20230830,18,2178,21
20230830,18,2179,14
20230830,18,2185,3
20230830,18,2186,3
20230830,18,2191,0
20230830,18,2198,0
20230830,18,2199,0
20230830,18,3310,14
20230830,18,3311,5
20230830,18,3802,7
20230830,19,2111,5
20230830,19,2112,4
20230830,19,2116,1
20230830,19,2122,0
20230830,19,2128,2
20230830,19,2129,8
20230830,19,2130,4
20230830,19,2139,3
20230830,19,2143,1
20230830,19,2148,0
20230830,19,2159,1
20230830,19,2171,3
20230830,19,2172,14
20230830,19,2178,20
20230830,19,2179,12
20230830,19,2185,3
20230830,19,2186,2
20230830,19,2191,0
20230830,19,2198,0
20230830,19,2199,0
20230830,19,3310,13
20230830,19,3311,4
20230830,19,3802,5
20230830,20,2111,3
20230830,20,2112,3
20230830,20,2116,1
20230830,20,2122,0
20230830,20,2128,2
20230830,20,2129,6
20230830,20,2130,4
20230830,20,2139,2
20230830,20,2143,1
20230830,20,2148,0
20230830,20,2159,1
20230830,20,2171,1
20230830,20,2172,14
20230830,20,2178,18
20230830,20,2179,12
20230830,20,2185,3
20230830,20,2186,2
20230830,20,2191,0
20230830,20,2198,0
20230830,20,2199,0
20230830,20,3310,11
20230830,20,3311,3
20230830,20,3802,4
20230830,21,2111,8
20230830,21,2112,3
20230830,21,2116,0
20230830,21,2122,0
20230830,21,2128,2
20230830,21,2129,6
20230830,21,2130,3
20230830,21,2139,3
20230830,21,2143,1
20230830,21,2148,0
20230830,21,2159,1
20230830,21,2171,1
20230830,21,2172,13
20230830,21,2178,17
20230830,21,2179,10
20230830,21,2185,4
20230830,21,2186,2
20230830,21,2191,0
20230830,21,2198,0
20230830,21,2199,0
20230830,21,3310,11
20230830,21,3311,3
20230830,21,3802,4
20230830,22,2111,6
20230830,22,2112,3
20230830,22,2116,1
20230830,22,2122,0
20230830,22,2128,2
20230830,22,2129,5
20230830,22,2130,3
20230830,22,2139,4
20230830,22,2143,2
20230830,22,2148,1
20230830,22,2159,1
20230830,22,2171,1
20230830,22,2172,14
20230830,22,2178,16
20230830,22,2179,11
20230830,22,2185,3
20230830,22,2186,4
20230830,22,2191,4
20230830,22,2198,0
20230830,22,2199,0
20230830,22,3310,8
20230830,22,3311,3
20230830,22,3802,4
20230830,23,2111,3
20230830,23,2112,3
20230830,23,2116,0
20230830,23,2122,0
20230830,23,2128,2
20230830,23,2129,4
20230830,23,2130,2
20230830,23,2139,4
20230830,23,2143,2
20230830,23,2148,1
20230830,23,2159,1
20230830,23,2171,0
20230830,23,2172,13
20230830,23,2178,15
20230830,23,2179,11
20230830,23,2185,4
20230830,23,2186,5
20230830,23,2191,4
20230830,23,2198,1
20230830,23,2199,0
20230830,23,3310,8
20230830,23,3311,4
20230830,23,3802,5
20230831,0,2111,3
20230831,0,2112,2
20230831,0,2116,0
20230831,0,2122,0
20230831,0,2128,2
20230831,0,2129,3
20230831,0,2130,2
20230831,0,2139,3
20230831,0,2143,2
20230831,0,2148,1
20230831,0,2159,1
20230831,0,2171,1
20230831,0,2172,13
20230831,0,2178,15
20230831,0,2179,13
20230831,0,2185,4
20230831,0,2186,3
20230831,0,2191,3
20230831,0,2198,0
20230831,0,2199,0
20230831,0,3310,8
20230831,0,3311,3
20230831,0,3802,5
20230831,1,2111,3
20230831,1,2112,2
20230831,1,2116,0
20230831,1,2122,0
20230831,1,2128,2
20230831,1,2129,4
20230831,1,2130,1
20230831,1,2139,3
20230831,1,2143,3
20230831,1,2148,2
20230831,1,2159,1
20230831,1,2171,0
20230831,1,2172,13
20230831,1,2178,14
20230831,1,2179,12
20230831,1,2185,7
20230831,1,2186,3
20230831,1,2191,3
20230831,1,2198,0
20230831,1,2199,0
20230831,1,3310,8
20230831,1,3311,2
20230831,1,3802,5
20230831,2,2111,3
20230831,2,2112,2
20230831,2,2116,0
20230831,2,2122,1
20230831,2,2128,3
20230831,2,2129,5
20230831,2,2130,1
20230831,2,2139,2
20230831,2,2143,2
20230831,2,2148,2
20230831,2,2159,2
20230831,2,2171,0
20230831,2,2172,13
20230831,2,2178,14
20230831,2,2179,12
20230831,2,2185,7
20230831,2,2186,3
20230831,2,2191,5
20230831,2,2198,0
20230831,2,2199,0
20230831,2,3310,9
20230831,2,3311,1
20230831,2,3802,5
20230831,3,2111,3
20230831,3,2112,3
20230831,3,2116,0
20230831,3,2122,1
20230831,3,2128,2
20230831,3,2129,5
20230831,3,2130,1
20230831,3,2139,1
20230831,3,2143,2
20230831,3,2148,3
20230831,3,2159,2
20230831,3,2171,0
20230831,3,2172,15
20230831,3,2178,15
20230831,3,2179,12
20230831,3,2185,8
20230831,3,2186,1
20230831,3,2191,3
20230831,3,2198,0
20230831,3,2199,0
20230831,3,3310,9
20230831,3,3311,1
20230831,3,3802,5
20230831,4,2111,7
20230831,4,2112,3
20230831,4,2116,1
20230831,4,2122,2
20230831,4,2128,2
20230831,4,2129,5
20230831,4,2130,1
20230831,4,2139,0
20230831,4,2143,2
20230831,4,2148,3
20230831,4,2159,2
20230831,4,2171,0
20230831,4,2172,15
20230831,4,2178,15
20230831,4,2179,10
20230831,4,2185,8
20230831,4,2186,2
20230831,4,2191,3
20230831,4,2198,1
20230831,4,2199,0
20230831,4,3310,9
20230831,4,3311,1
20230831,4,3802,5
20230831,5,2111,4
20230831,5,2112,3
20230831,5,2116,1
20230831,5,2122,0
20230831,5,2128,2
20230831,5,2129,5
20230831,5,2130,1
20230831,5,2139,1
20230831,5,2143,2
20230831,5,2148,2
20230831,5,2159,1
20230831,5,2171,0
20230831,5,2172,15
20230831,5,2178,15
20230831,5,2179,10
20230831,5,2185,7
20230831,5,2186,0
20230831,5,2191,4
20230831,5,2198,0
20230831,5,2199,0
20230831,5,3310,9
20230831,5,3311,1
20230831,5,3802,5
20230831,6,2111,4
20230831,6,2112,2
20230831,6,2116,0
20230831,6,2122,0
20230831,6,2128,2
20230831,6,2129,4
20230831,6,2130,1
20230831,6,2139,1
20230831,6,2143,3
20230831,6,2148,2
20230831,6,2159,1
20230831,6,2171,0
20230831,6,2172,15
20230831,6,2178,15
20230831,6,2179,9
20230831,6,2185,7
20230831,6,2186,0
20230831,6,2191,3
20230831,6,2198,0
20230831,6,2199,0
20230831,6,3310,8
20230831,6,3311,1
20230831,6,3802,7
20230831,7,2111,3
20230831,7,2112,2
20230831,7,2116,0
20230831,7,2122,1
20230831,7,2128,2
20230831,7,2129,4
20230831,7,2130,1
20230831,7,2139,1
20230831,7,2143,3
20230831,7,2148,2
20230831,7,2159,1
20230831,7,2171,2
20230831,7,2172,15
20230831,7,2178,16
20230831,7,2179,8
20230831,7,2185,4
20230831,7,2186,0
20230831,7,2191,3
20230831,7,2198,0
20230831,7,2199,0
20230831,7,3310,5
20230831,7,3311,2
20230831,7,3802,7
20230831,8,2111,3
20230831,8,2112,2
20230831,8,2116,0
20230831,8,2122,0
20230831,8,2128,2
20230831,8,2129,3
20230831,8,2130,1
20230831,8,2139,0
20230831,8,2143,1
20230831,8,2148,0
20230831,8,2159,0
20230831,8,2171,3
20230831,8,2172,17
20230831,8,2178,16
20230831,8,2179,9
20230831,8,2185,0
20230831,8,2186,0
20230831,8,2191,1
20230831,8,2198,0
20230831,8,2199,0
20230831,8,3310,1
20230831,8,3311,4
20230831,8,3802,9
20230831,9,2111,1
20230831,9,2112,4
20230831,9,2116,0
20230831,9,2122,0
20230831,9,2128,2
20230831,9,2129,3
20230831,9,2130,1
20230831,9,2139,0
20230831,9,2143,0
20230831,9,2148,0
20230831,9,2159,0
20230831,9,2171,6
20230831,9,2172,18
20230831,9,2178,17
20230831,9,2179,12
20230831,9,2185,1
20230831,9,2186,0
20230831,9,2191,0
20230831,9,2198,0
20230831,9,2199,0
20230831,9,3310,0
20230831,9,3311,9
20230831,9,3802,3
20230831,10,2111,3
20230831,10,2112,2
20230831,10,2116,1
20230831,10,2122,2
20230831,10,2128,2
20230831,10,2129,8
20230831,10,2130,1
20230831,10,2139,0
20230831,10,2143,0
20230831,10,2148,0
20230831,10,2159,10
20230831,10,2171,8
20230831,10,2172,13
20230831,10,2178,18
20230831,10,2179,13
20230831,10,2185,2
20230831,10,2186,0
20230831,10,2191,0
20230831,10,2198,1
20230831,10,2199,1
20230831,10,3310,0
20230831,10,3311,10
20230831,10,3802,4
20230831,11,2111,3
20230831,11,2112,2
20230831,11,2116,2
20230831,11,2122,5
20230831,11,2128,2
20230831,11,2129,6
20230831,11,2130,1
20230831,11,2139,1
20230831,11,2143,0
20230831,11,2148,0
20230831,11,2159,10
20230831,11,2171,9
20230831,11,2172,12
20230831,11,2178,18
20230831,11,2179,12
20230831,11,2185,1
20230831,11,2186,0
20230831,11,2191,1
20230831,11,2198,1
20230831,11,2199,1
20230831,11,3310,0
20230831,11,3311,9
20230831,11,3802,3
20230831,12,2111,2
20230831,12,2112,3
20230831,12,2116,3
20230831,12,2122,5
20230831,12,2128,2
20230831,12,2129,5
20230831,12,2130,1
20230831,12,2139,0
20230831,12,2143,0
20230831,12,2148,0
20230831,12,2159,9
20230831,12,2171,11
20230831,12,2172,12
20230831,12,2178,18
20230831,12,2179,14
20230831,12,2185,2
20230831,12,2186,2
20230831,12,2191,1
20230831,12,2198,0
20230831,12,2199,1
20230831,12,3310,0
20230831,12,3311,8
20230831,12,3802,3
20230831,13,2111,2
20230831,13,2112,5
20230831,13,2116,1
20230831,13,2122,5
20230831,13,2128,1
20230831,13,2129,5
20230831,13,2130,1
20230831,13,2139,0
20230831,13,2143,0
20230831,13,2148,0
20230831,13,2159,9
20230831,13,2171,8
20230831,13,2172,12
20230831,13,2178,19
20230831,13,2179,15
20230831,13,2185,1
20230831,13,2186,0
20230831,13,2191,0
20230831,13,2198,0
20230831,13,2199,1
20230831,13,3310,0
20230831,13,3311,8
20230831,13,3802,4
20230831,14,2111,4
20230831,14,2112,4
20230831,14,2116,0
20230831,14,2122,2
20230831,14,2128,0
20230831,14,2129,5
20230831,14,2130,1
20230831,14,2139,0
20230831,14,2143,0
20230831,14,2148,0
20230831,14,2159,8
20230831,14,2171,8
20230831,14,2172,12
20230831,14,2178,19
20230831,14,2179,17
20230831,14,2185,2
20230831,14,2186,0
20230831,14,2191,0
20230831,14,2198,1
20230831,14,2199,0
20230831,14,3310,0
20230831,14,3311,11
20230831,14,3802,4
20230831,15,2111,7
20230831,15,2112,3
20230831,15,2116,0
20230831,15,2122,5
20230831,15,2128,2
20230831,15,2129,10
20230831,15,2130,10
20230831,15,2139,0
20230831,15,2143,0
20230831,15,2148,1
20230831,15,2159,9
20230831,15,2171,6
20230831,15,2172,12
20230831,15,2178,17
20230831,15,2179,16
20230831,15,2185,3
20230831,15,2186,13
20230831,15,2191,0
20230831,15,2198,2
20230831,15,2199,0
20230831,15,3310,12
20230831,15,3311,12
20230831,15,3802,3
20230831,16,2111,9
20230831,16,2112,5
20230831,16,2116,2
20230831,16,2122,6
20230831,16,2128,3
20230831,16,2129,9
20230831,16,2130,10
20230831,16,2139,0
20230831,16,2143,0
20230831,16,2148,0
20230831,16,2159,8
20230831,16,2171,4
20230831,16,2172,11
20230831,16,2178,14
20230831,16,2179,15
20230831,16,2185,1
20230831,16,2186,12
20230831,16,2191,0
20230831,16,2198,2
20230831,16,2199,0
20230831,16,3310,9
20230831,16,3311,13
20230831,16,3802,3
20230831,17,2111,5
20230831,17,2112,4
20230831,17,2116,2
20230831,17,2122,3
20230831,17,2128,3
20230831,17,2129,7
20230831,17,2130,10
20230831,17,2139,0
20230831,17,2143,0
20230831,17,2148,1
20230831,17,2159,6
20230831,17,2171,4
20230831,17,2172,8
20230831,17,2178,13
20230831,17,2179,9
20230831,17,2185,1
20230831,17,2186,12
20230831,17,2191,0
20230831,17,2198,3
20230831,17,2199,0
20230831,17,3310,7
20230831,17,3311,14
20230831,17,3802,3
20230831,18,2111,10
20230831,18,2112,6
20230831,18,2116,0
20230831,18,2122,3
20230831,18,2128,3
20230831,18,2129,1
20230831,18,2130,10
20230831,18,2139,1
20230831,18,2143,0
20230831,18,2148,3
20230831,18,2159,6
20230831,18,2171,6
20230831,18,2172,5
20230831,18,2178,9
20230831,18,2179,8
20230831,18,2185,0
20230831,18,2186,11
20230831,18,2191,0
20230831,18,2198,2
20230831,18,2199,0
20230831,18,3310,7
20230831,18,3311,12
20230831,18,3802,3
20230831,19,2111,8
20230831,19,2112,8
20230831,19,2116,0
20230831,19,2122,3
20230831,19,2128,3
20230831,19,2129,0
20230831,19,2130,10
20230831,19,2139,2
20230831,19,2143,1
20230831,19,2148,1
20230831,19,2159,6
20230831,19,2171,6
20230831,19,2172,5
20230831,19,2178,7
20230831,19,2179,6
20230831,19,2185,2
20230831,19,2186,12
20230831,19,2191,0
20230831,19,2198,4
20230831,19,2199,0
20230831,19,3310,5
20230831,19,3311,14
20230831,19,3802,3
20230831,20,2111,8
20230831,20,2112,7
20230831,20,2116,1
20230831,20,2122,2
20230831,20,2128,3
20230831,20,2129,0
20230831,20,2130,10
20230831,20,2139,3
20230831,20,2143,2
20230831,20,2148,1
20230831,20,2159,4
20230831,20,2171,10
20230831,20,2172,2
20230831,20,2178,1
20230831,20,2179,5
20230831,20,2185,3
20230831,20,2186,13
20230831,20,2191,1
20230831,20,2198,6
20230831,20,2199,0
20230831,20,3310,2
20230831,20,3311,11
20230831,20,3802,3
20230831,21,2111,9
20230831,21,2112,7
20230831,21,2116,2
20230831,21,2122,3
20230831,21,2128,1
20230831,21,2129,0
20230831,21,2130,8
20230831,21,2139,2
20230831,21,2143,2
20230831,21,2148,0
20230831,21,2159,4
20230831,21,2171,7
20230831,21,2172,2
20230831,21,2178,1
20230831,21,2179,1
20230831,21,2185,3
20230831,21,2186,10
20230831,21,2191,2
20230831,21,2198,2
20230831,21,2199,0
20230831,21,3310,1
20230831,21,3311,10
20230831,21,3802,2
20230831,22,2111,11
20230831,22,2112,8
20230831,22,2116,3
20230831,22,2122,1
20230831,22,2128,1
20230831,22,2129,0
20230831,22,2130,6
20230831,22,2139,2
20230831,22,2143,1
20230831,22,2148,0
20230831,22,2159,4
20230831,22,2171,9
20230831,22,2172,1
20230831,22,2178,0
20230831,22,2179,3
20230831,22,2185,2
20230831,22,2186,5
20230831,22,2191,3
20230831,22,2198,1
20230831,22,2199,0
20230831,22,3310,0
20230831,22,3311,9
20230831,22,3802,2
20230831,23,2111,4
20230831,23,2112,5
20230831,23,2116,3
20230831,23,2122,1
20230831,23,2128,3
20230831,23,2129,0
20230831,23,2130,6
20230831,23,2139,1
20230831,23,2143,2
20230831,23,2148,0
20230831,23,2159,5
20230831,23,2171,8
20230831,23,2172,1
20230831,23,2178,0
20230831,23,2179,5
20230831,23,2185,4
20230831,23,2186,5
20230831,23,2191,4
20230831,23,2198,1
20230831,23,2199,0
20230831,23,3310,0
20230831,23,3311,7
20230831,23,3802,2
