DATE,TIME,RENT_ID,AVAILABLE
20240301,0,2111,0
20240301,0,2112,9
20240301,0,2116,2
20240301,0,2122,1
20240301,0,2128,4
20240301,0,2129,3
20240301,0,2130,0
20240301,0,2139,11
20240301,0,2143,2
20240301,0,2148,4
20240301,0,2159,3
20240301,0,2171,2
20240301,0,2172,11
20240301,0,2178,10
20240301,0,2179,9
20240301,0,2185,9
20240301,0,2186,1
20240301,0,2191,8
20240301,0,2198,0
20240301,0,2199,2
20240301,0,3310,1
20240301,0,3311,0
20240301,0,3802,0
20240301,1,2111,2
20240301,1,2112,7
20240301,1,2116,5
20240301,1,2122,0
20240301,1,2128,4
20240301,1,2129,1
20240301,1,2130,0
20240301,1,2139,10
20240301,1,2143,3
20240301,1,2148,2
20240301,1,2159,4
20240301,1,2171,2
20240301,1,2172,11
20240301,1,2178,10
20240301,1,2179,10
20240301,1,2185,9
20240301,1,2186,1
20240301,1,2191,7
20240301,1,2198,0
20240301,1,2199,2
20240301,1,3310,1
20240301,1,3311,0
20240301,1,3802,0
20240301,2,2111,0
20240301,2,2112,6
20240301,2,2116,4
20240301,2,2122,1
20240301,2,2128,3
20240301,2,2129,1
20240301,2,2130,0
20240301,2,2139,12
20240301,2,2143,3
20240301,2,2148,1
20240301,2,2159,4
20240301,2,2171,2
20240301,2,2172,11
20240301,2,2178,10
20240301,2,2179,11
20240301,2,2185,10
20240301,2,2186,0
20240301,2,2191,7
20240301,2,2198,0
20240301,2,2199,3
20240301,2,3310,1
20240301,2,3311,0
20240301,2,3802,0
20240301,3,2111,0
20240301,3,2112,6
20240301,3,2116,3
20240301,3,2122,1
20240301,3,2128,3
20240301,3,2129,1
20240301,3,2130,0
20240301,3,2139,13
20240301,3,2143,3
20240301,3,2148,1
20240301,3,2159,4
20240301,3,2171,1
20240301,3,2172,12
20240301,3,2178,10
20240301,3,2179,11
20240301,3,2185,11
20240301,3,2186,0
20240301,3,2191,6
20240301,3,2198,0
20240301,3,2199,3
20240301,3,3310,1
20240301,3,3311,0
20240301,3,3802,0
20240301,4,2111,0
20240301,4,2112,6
20240301,4,2116,3
20240301,4,2122,0
20240301,4,2128,3
20240301,4,2129,1
20240301,4,2130,0
20240301,4,2139,13
20240301,4,2143,3
20240301,4,2148,1
20240301,4,2159,4
20240301,4,2171,1
20240301,4,2172,12
20240301,4,2178,10
20240301,4,2179,11
20240301,4,2185,10
20240301,4,2186,0
20240301,4,2191,8
20240301,4,2198,0
20240301,4,2199,3
20240301,4,3310,1
20240301,4,3311,0
20240301,4,3802,0
20240301,6,2111,1
20240301,6,2112,6
20240301,6,2116,4
20240301,6,2122,0
20240301,6,2128,3
20240301,6,2129,1
20240301,6,2130,0
20240301,6,2139,13
20240301,6,2143,3
20240301,6,2148,1
20240301,6,2159,4
20240301,6,2171,3
20240301,6,2172,12
20240301,6,2178,10
20240301,6,2179,11
20240301,6,2185,9
20240301,6,2186,0
20240301,6,2191,9
20240301,6,2198,0
20240301,6,2199,1
20240301,6,3310,1
20240301,6,3311,0
20240301,6,3802,0
20240301,7,2111,1
20240301,7,2112,6
20240301,7,2116,4
20240301,7,2122,0
20240301,7,2128,3
20240301,7,2129,1
20240301,7,2130,0
20240301,7,2139,12
20240301,7,2143,3
20240301,7,2148,1
20240301,7,2159,4
20240301,7,2171,2
20240301,7,2172,12
20240301,7,2178,10
20240301,7,2179,11
20240301,7,2185,8
20240301,7,2186,0
20240301,7,2191,8
20240301,7,2198,0
20240301,7,2199,2
20240301,7,3310,1
20240301,7,3311,0
20240301,7,3802,0
20240301,8,2111,1
20240301,8,2112,6
20240301,8,2116,4
20240301,8,2122,0
20240301,8,2128,3
20240301,8,2129,1
20240301,8,2130,0
20240301,8,2139,12
20240301,8,2143,3
20240301,8,2148,1
20240301,8,2159,4
20240301,8,2171,2
20240301,8,2172,12
20240301,8,2178,10
20240301,8,2179,11
20240301,8,2185,9
20240301,8,2186,0
20240301,8,2191,8
20240301,8,2198,0
20240301,8,2199,2
20240301,8,3310,1
20240301,8,3311,0
20240301,8,3802,0
20240301,9,2111,1
20240301,9,2112,7
20240301,9,2116,4
20240301,9,2122,1
20240301,9,2128,4
20240301,9,2129,1
20240301,9,2130,0
20240301,9,2139,12
20240301,9,2143,3
20240301,9,2148,1
20240301,9,2159,4
20240301,9,2171,4
20240301,9,2172,12
20240301,9,2178,10
20240301,9,2179,12
20240301,9,2185,9
20240301,9,2186,0
20240301,9,2191,8
20240301,9,2198,0
20240301,9,2199,2
20240301,9,3310,1
20240301,9,3311,0
20240301,9,3802,0
20240301,10,2111,1
20240301,10,2112,7
20240301,10,2116,6
20240301,10,2122,1
20240301,10,2128,4
20240301,10,2129,1
20240301,10,2130,0
20240301,10,2139,11
20240301,10,2143,3
20240301,10,2148,2
20240301,10,2159,4
20240301,10,2171,5
20240301,10,2172,12
20240301,10,2178,10
20240301,10,2179,13
20240301,10,2185,8
20240301,10,2186,0
20240301,10,2191,9
20240301,10,2198,0
20240301,10,2199,2
20240301,10,3310,1
20240301,10,3311,0
20240301,10,3802,0
20240301,11,2111,2
20240301,11,2112,7
20240301,11,2116,6
20240301,11,2122,1
20240301,11,2128,4
20240301,11,2129,1
20240301,11,2130,0
20240301,11,2139,12
20240301,11,2143,3
20240301,11,2148,3
20240301,11,2159,2
20240301,11,2171,6
20240301,11,2172,12
20240301,11,2178,10
20240301,11,2179,14
20240301,11,2185,8
20240301,11,2186,0
20240301,11,2191,9
20240301,11,2198,0
20240301,11,2199,2
20240301,11,3310,1
20240301,11,3311,0
20240301,11,3802,0
20240301,12,2111,2
20240301,12,2112,5
20240301,12,2116,4
20240301,12,2122,1
20240301,12,2128,3
20240301,12,2129,0
20240301,12,2130,0
20240301,12,2139,12
20240301,12,2143,3
20240301,12,2148,1
20240301,12,2159,3
20240301,12,2171,5
20240301,12,2172,13
20240301,12,2178,10
20240301,12,2179,14
20240301,12,2185,8
20240301,12,2186,0
20240301,12,2191,8
20240301,12,2198,2
20240301,12,2199,2
20240301,12,3310,1
20240301,12,3311,0
20240301,12,3802,0
20240301,13,2111,1
20240301,13,2112,5
20240301,13,2116,5
20240301,13,2122,1
20240301,13,2128,6
20240301,13,2129,0
20240301,13,2130,0
20240301,13,2139,9
20240301,13,2143,2
20240301,13,2148,2
20240301,13,2159,4
20240301,13,2171,3
20240301,13,2172,14
20240301,13,2178,10
20240301,13,2179,11
20240301,13,2185,8
20240301,13,2186,0
20240301,13,2191,10
20240301,13,2198,0
20240301,13,2199,2
20240301,13,3310,0
20240301,13,3311,1
20240301,13,3802,0
20240301,14,2111,1
20240301,14,2112,7
20240301,14,2116,5
20240301,14,2122,1
20240301,14,2128,6
20240301,14,2129,0
20240301,14,2130,0
20240301,14,2139,6
20240301,14,2143,2
20240301,14,2148,1
20240301,14,2159,3
20240301,14,2171,7
20240301,14,2172,14
20240301,14,2178,10
20240301,14,2179,11
20240301,14,2185,7
20240301,14,2186,1
20240301,14,2191,9
20240301,14,2198,1
20240301,14,2199,2
20240301,14,3310,0
20240301,14,3311,2
20240301,14,3802,0
20240301,15,2111,2
20240301,15,2112,6
20240301,15,2116,5
20240301,15,2122,2
20240301,15,2128,5
20240301,15,2129,14
20240301,15,2130,0
20240301,15,2139,10
20240301,15,2143,2
20240301,15,2148,1
20240301,15,2159,2
20240301,15,2171,6
20240301,15,2172,14
20240301,15,2178,10
20240301,15,2179,11
20240301,15,2185,6
20240301,15,2186,1
20240301,15,2191,7
20240301,15,2198,1
20240301,15,2199,2
20240301,15,3310,0
20240301,15,3311,3
20240301,15,3802,0
20240301,16,2111,0
20240301,16,2112,7
20240301,16,2116,7
20240301,16,2122,1
20240301,16,2128,5
20240301,16,2129,13
20240301,16,2130,0
20240301,16,2139,10
20240301,16,2143,2
20240301,16,2148,0
20240301,16,2159,3
20240301,16,2171,8
20240301,16,2172,13
20240301,16,2178,8
20240301,16,2179,11
20240301,16,2185,4
20240301,16,2186,1
20240301,16,2191,6
20240301,16,2198,1
20240301,16,2199,2
20240301,16,3310,0
20240301,16,3311,4
20240301,16,3802,0
20240301,17,2111,0
20240301,17,2112,7
20240301,17,2116,7
20240301,17,2122,2
20240301,17,2128,4
20240301,17,2129,12
20240301,17,2130,0
20240301,17,2139,9
20240301,17,2143,2
20240301,17,2148,2
20240301,17,2159,4
20240301,17,2171,7
20240301,17,2172,13
20240301,17,2178,8
20240301,17,2179,11
20240301,17,2185,2
20240301,17,2186,0
20240301,17,2191,5
20240301,17,2198,1
20240301,17,2199,2
20240301,17,3310,0
20240301,17,3311,4
20240301,17,3802,0
20240301,18,2111,3
20240301,18,2112,8
20240301,18,2116,8
20240301,18,2122,2
20240301,18,2128,5
20240301,18,2129,12
20240301,18,2130,0
20240301,18,2139,8
20240301,18,2143,2
20240301,18,2148,1
20240301,18,2159,4
20240301,18,2171,5
20240301,18,2172,12
20240301,18,2178,8
20240301,18,2179,10
20240301,18,2185,3
20240301,18,2186,0
20240301,18,2191,6
20240301,18,2198,1
20240301,18,2199,2
20240301,18,3310,0
20240301,18,3311,4
20240301,18,3802,0
20240301,19,2111,3
20240301,19,2112,11
20240301,19,2116,7
20240301,19,2122,1
20240301,19,2128,6
20240301,19,2129,12
20240301,19,2130,0
20240301,19,2139,10
20240301,19,2143,2
20240301,19,2148,1
20240301,19,2159,4
20240301,19,2171,5
20240301,19,2172,12
20240301,19,2178,8
20240301,19,2179,10
20240301,19,2185,3
20240301,19,2186,0
20240301,19,2191,5
20240301,19,2198,2
20240301,19,2199,2
20240301,19,3310,0
20240301,19,3311,2
20240301,19,3802,0
20240301,20,2111,2
20240301,20,2112,10
20240301,20,2116,6
20240301,20,2122,1
20240301,20,2128,6
20240301,20,2129,12
20240301,20,2130,0
20240301,20,2139,10
20240301,20,2143,3
20240301,20,2148,2
20240301,20,2159,4
20240301,20,2171,3
20240301,20,2172,10
20240301,20,2178,8
20240301,20,2179,11
20240301,20,2185,4
20240301,20,2186,10
20240301,20,2191,4
20240301,20,2198,2
20240301,20,2199,2
20240301,20,3310,0
20240301,20,3311,3
20240301,20,3802,0
20240301,21,2111,3
20240301,21,2112,10
20240301,21,2116,6
20240301,21,2122,1
20240301,21,2128,8
20240301,21,2129,11
20240301,21,2130,0
20240301,21,2139,8
20240301,21,2143,3
20240301,21,2148,1
20240301,21,2159,4
20240301,21,2171,4
20240301,21,2172,11
20240301,21,2178,9
20240301,21,2179,11
20240301,21,2185,3
20240301,21,2186,15
20240301,21,2191,4
20240301,21,2198,2
20240301,21,2199,1
20240301,21,3310,0
20240301,21,3311,4
20240301,21,3802,0
20240301,22,2111,3
20240301,22,2112,11
20240301,22,2116,6
20240301,22,2122,1
20240301,22,2128,10
20240301,22,2129,13
20240301,22,2130,0
20240301,22,2139,9
20240301,22,2143,3
20240301,22,2148,1
20240301,22,2159,4
20240301,22,2171,5
20240301,22,2172,10
20240301,22,2178,9
20240301,22,2179,9
20240301,22,2185,4
20240301,22,2186,15
20240301,22,2191,5
20240301,22,2198,2
20240301,22,2199,2
20240301,22,3310,0
20240301,22,3311,4
20240301,22,3802,0
20240301,23,2111,3
20240301,23,2112,10
20240301,23,2116,6
20240301,23,2122,1
20240301,23,2128,10
20240301,23,2129,12
20240301,23,2130,0
20240301,23,2139,9
20240301,23,2143,3
20240301,23,2148,1
20240301,23,2159,4
20240301,23,2171,5
20240301,23,2172,10
20240301,23,2178,8
20240301,23,2179,7
20240301,23,2185,4
20240301,23,2186,15
20240301,23,2191,5
20240301,23,2198,3
20240301,23,2199,2
20240301,23,3310,0
20240301,23,3311,3
20240301,23,3802,0
20240302,1,2111,1
20240302,1,2112,9
20240302,1,2116,5
20240302,1,2122,2
20240302,1,2128,8
20240302,1,2129,12
20240302,1,2130,0
20240302,1,2139,9
20240302,1,2143,3
20240302,1,2148,2
20240302,1,2159,4
20240302,1,2171,2
20240302,1,2172,10
20240302,1,2178,8
20240302,1,2179,7
20240302,1,2185,5
20240302,1,2186,15
20240302,1,2191,4
20240302,1,2198,0
20240302,1,2199,2
20240302,1,3310,0
20240302,1,3311,3
20240302,1,3802,1
20240302,2,2111,3
20240302,2,2112,6
20240302,2,2116,6
20240302,2,2122,2
20240302,2,2128,5
20240302,2,2129,9
20240302,2,2130,0
20240302,2,2139,9
20240302,2,2143,3
20240302,2,2148,1
20240302,2,2159,4
20240302,2,2171,2
20240302,2,2172,10
20240302,2,2178,8
20240302,2,2179,7
20240302,2,2185,5
20240302,2,2186,16
20240302,2,2191,7
20240302,2,2198,0
20240302,2,2199,2
20240302,2,3310,0
20240302,2,3311,2
20240302,2,3802,1
20240302,3,2111,1
20240302,3,2112,7
20240302,3,2116,5
20240302,3,2122,2
20240302,3,2128,5
20240302,3,2129,11
20240302,3,2130,0
20240302,3,2139,9
20240302,3,2143,3
20240302,3,2148,1
20240302,3,2159,4
20240302,3,2171,1
20240302,3,2172,10
20240302,3,2178,8
20240302,3,2179,7
20240302,3,2185,6
20240302,3,2186,16
20240302,3,2191,7
20240302,3,2198,0
20240302,3,2199,3
20240302,3,3310,0
20240302,3,3311,2
20240302,3,3802,1
20240302,4,2111,0
20240302,4,2112,7
20240302,4,2116,4
20240302,4,2122,2
20240302,4,2128,5
20240302,4,2129,11
20240302,4,2130,0
20240302,4,2139,10
20240302,4,2143,4
20240302,4,2148,1
20240302,4,2159,4
20240302,4,2171,1
20240302,4,2172,10
20240302,4,2178,7
20240302,4,2179,9
20240302,4,2185,6
20240302,4,2186,16
20240302,4,2191,7
20240302,4,2198,0
20240302,4,2199,2
20240302,4,3310,0
20240302,4,3311,1
20240302,4,3802,1
20240302,6,2111,0
20240302,6,2112,6
20240302,6,2116,5
20240302,6,2122,2
20240302,6,2128,4
20240302,6,2129,10
20240302,6,2130,0
20240302,6,2139,10
20240302,6,2143,4
20240302,6,2148,1
20240302,6,2159,4
20240302,6,2171,2
20240302,6,2172,10
20240302,6,2178,6
20240302,6,2179,9
20240302,6,2185,8
20240302,6,2186,16
20240302,6,2191,9
20240302,6,2198,0
20240302,6,2199,3
20240302,6,3310,0
20240302,6,3311,1
20240302,6,3802,1
20240302,7,2111,0
20240302,7,2112,7
20240302,7,2116,4
20240302,7,2122,2
20240302,7,2128,4
20240302,7,2129,10
20240302,7,2130,0
20240302,7,2139,10
20240302,7,2143,4
20240302,7,2148,0
20240302,7,2159,4
20240302,7,2171,2
20240302,7,2172,10
20240302,7,2178,6
20240302,7,2179,10
20240302,7,2185,7
20240302,7,2186,16
20240302,7,2191,9
20240302,7,2198,0
20240302,7,2199,2
20240302,7,3310,0
20240302,7,3311,1
20240302,7,3802,1
20240302,8,2111,0
20240302,8,2112,6
20240302,8,2116,4
20240302,8,2122,2
20240302,8,2128,4
20240302,8,2129,10
20240302,8,2130,0
20240302,8,2139,10
20240302,8,2143,4
20240302,8,2148,0
20240302,8,2159,4
20240302,8,2171,1
20240302,8,2172,10
20240302,8,2178,6
20240302,8,2179,10
20240302,8,2185,7
20240302,8,2186,16
20240302,8,2191,9
20240302,8,2198,0
20240302,8,2199,3
20240302,8,3310,0
20240302,8,3311,1
20240302,8,3802,1
20240302,9,2111,0
20240302,9,2112,7
20240302,9,2116,4
20240302,9,2122,2
20240302,9,2128,5
20240302,9,2129,10
20240302,9,2130,0
20240302,9,2139,9
20240302,9,2143,4
20240302,9,2148,0
20240302,9,2159,3
20240302,9,2171,1
20240302,9,2172,10
20240302,9,2178,7
20240302,9,2179,10
20240302,9,2185,7
20240302,9,2186,15
20240302,9,2191,10
20240302,9,2198,0
20240302,9,2199,2
20240302,9,3310,0
20240302,9,3311,1
20240302,9,3802,1
20240302,10,2111,0
20240302,10,2112,6
20240302,10,2116,5
20240302,10,2122,2
20240302,10,2128,5
20240302,10,2129,10
20240302,10,2130,0
20240302,10,2139,10
20240302,10,2143,4
20240302,10,2148,1
20240302,10,2159,3
20240302,10,2171,2
20240302,10,2172,11
20240302,10,2178,7
20240302,10,2179,11
20240302,10,2185,5
20240302,10,2186,15
20240302,10,2191,9
20240302,10,2198,0
20240302,10,2199,2
20240302,10,3310,0
20240302,10,3311,1
20240302,10,3802,2
20240302,11,2111,4
20240302,11,2112,7
20240302,11,2116,4
20240302,11,2122,0
20240302,11,2128,6
20240302,11,2129,9
20240302,11,2130,0
20240302,11,2139,10
20240302,11,2143,4
20240302,11,2148,0
20240302,11,2159,4
20240302,11,2171,3
20240302,11,2172,12
20240302,11,2178,7
20240302,11,2179,11
20240302,11,2185,4
20240302,11,2186,14
20240302,11,2191,10
20240302,11,2198,1
20240302,11,2199,1
20240302,11,3310,18
20240302,11,3311,1
20240302,11,3802,0
20240302,12,2111,3
20240302,12,2112,7
20240302,12,2116,4
20240302,12,2122,0
20240302,12,2128,5
20240302,12,2129,8
20240302,12,2130,0
20240302,12,2139,8
20240302,12,2143,4
20240302,12,2148,2
20240302,12,2159,4
20240302,12,2171,5
20240302,12,2172,15
20240302,12,2178,5
20240302,12,2179,11
20240302,12,2185,4
20240302,12,2186,13
20240302,12,2191,11
20240302,12,2198,1
20240302,12,2199,2
20240302,12,3310,15
20240302,12,3311,1
20240302,12,3802,0
20240302,13,2111,4
20240302,13,2112,9
20240302,13,2116,4
20240302,13,2122,0
20240302,13,2128,4
20240302,13,2129,9
20240302,13,2130,0
20240302,13,2139,7
20240302,13,2143,4
20240302,13,2148,0
20240302,13,2159,4
20240302,13,2171,6
20240302,13,2172,13
20240302,13,2178,5
20240302,13,2179,9
20240302,13,2185,3
20240302,13,2186,12
20240302,13,2191,8
20240302,13,2198,2
20240302,13,2199,2
20240302,13,3310,15
20240302,13,3311,2
20240302,13,3802,0
20240302,14,2111,3
20240302,14,2112,7
20240302,14,2116,4
20240302,14,2122,0
20240302,14,2128,4
20240302,14,2129,9
20240302,14,2130,0
20240302,14,2139,6
20240302,14,2143,3
20240302,14,2148,0
20240302,14,2159,3
20240302,14,2171,7
20240302,14,2172,11
20240302,14,2178,5
20240302,14,2179,8
20240302,14,2185,3
20240302,14,2186,12
20240302,14,2191,9
20240302,14,2198,3
20240302,14,2199,2
20240302,14,3310,15
20240302,14,3311,2
20240302,14,3802,1
20240302,15,2111,3
20240302,15,2112,7
20240302,15,2116,6
20240302,15,2122,0
20240302,15,2128,7
20240302,15,2129,9
20240302,15,2130,0
20240302,15,2139,6
20240302,15,2143,3
20240302,15,2148,0
20240302,15,2159,3
20240302,15,2171,7
20240302,15,2172,13
20240302,15,2178,6
20240302,15,2179,8
20240302,15,2185,1
20240302,15,2186,11
20240302,15,2191,8
20240302,15,2198,3
20240302,15,2199,2
20240302,15,3310,14
20240302,15,3311,1
20240302,15,3802,1
20240302,16,2111,2
20240302,16,2112,8
20240302,16,2116,6
20240302,16,2122,8
20240302,16,2128,7
20240302,16,2129,9
20240302,16,2130,0
20240302,16,2139,6
20240302,16,2143,2
20240302,16,2148,0
20240302,16,2159,3
20240302,16,2171,6
20240302,16,2172,11
20240302,16,2178,6
20240302,16,2179,11
20240302,16,2185,1
20240302,16,2186,8
20240302,16,2191,7
20240302,16,2198,4
20240302,16,2199,2
20240302,16,3310,13
20240302,16,3311,0
20240302,16,3802,2
20240302,17,2111,1
20240302,17,2112,6
20240302,17,2116,5
20240302,17,2122,17
20240302,17,2128,5
20240302,17,2129,9
20240302,17,2130,0
20240302,17,2139,6
20240302,17,2143,2
20240302,17,2148,0
20240302,17,2159,4
20240302,17,2171,4
20240302,17,2172,13
20240302,17,2178,6
20240302,17,2179,12
20240302,17,2185,1
20240302,17,2186,8
20240302,17,2191,4
20240302,17,2198,3
20240302,17,2199,2
20240302,17,3310,9
20240302,17,3311,0
20240302,17,3802,2
20240302,18,2111,1
20240302,18,2112,10
20240302,18,2116,3
20240302,18,2122,17
20240302,18,2128,3
20240302,18,2129,9
20240302,18,2130,0
20240302,18,2139,5
20240302,18,2143,2
20240302,18,2148,0
20240302,18,2159,4
20240302,18,2171,5
20240302,18,2172,13
20240302,18,2178,6
20240302,18,2179,10
20240302,18,2185,2
20240302,18,2186,7
20240302,18,2191,7
20240302,18,2198,1
20240302,18,2199,2
20240302,18,3310,9
20240302,18,3311,0
20240302,18,3802,1
20240302,19,2111,3
20240302,19,2112,11
20240302,19,2116,4
20240302,19,2122,16
20240302,19,2128,5
20240302,19,2129,9
20240302,19,2130,0
20240302,19,2139,6
20240302,19,2143,2
20240302,19,2148,0
20240302,19,2159,3
20240302,19,2171,6
20240302,19,2172,12
20240302,19,2178,5
20240302,19,2179,9
20240302,19,2185,2
20240302,19,2186,8
20240302,19,2191,5
20240302,19,2198,2
20240302,19,2199,2
20240302,19,3310,9
20240302,19,3311,1
20240302,19,3802,3
20240302,20,2111,4
20240302,20,2112,8
20240302,20,2116,4
20240302,20,2122,16
20240302,20,2128,5
20240302,20,2129,8
20240302,20,2130,0
20240302,20,2139,5
20240302,20,2143,2
20240302,20,2148,0
20240302,20,2159,6
20240302,20,2171,6
20240302,20,2172,12
20240302,20,2178,5
20240302,20,2179,11
20240302,20,2185,2
20240302,20,2186,8
20240302,20,2191,5
20240302,20,2198,4
20240302,20,2199,3
20240302,20,3310,8
20240302,20,3311,1
20240302,20,3802,2
20240302,21,2111,4
20240302,21,2112,8
20240302,21,2116,1
20240302,21,2122,15
20240302,21,2128,6
20240302,21,2129,8
20240302,21,2130,0
20240302,21,2139,6
20240302,21,2143,2
20240302,21,2148,0
20240302,21,2159,6
20240302,21,2171,7
20240302,21,2172,11
20240302,21,2178,5
20240302,21,2179,12
20240302,21,2185,2
20240302,21,2186,10
20240302,21,2191,5
20240302,21,2198,4
20240302,21,2199,3
20240302,21,3310,8
20240302,21,3311,0
20240302,21,3802,2
20240302,22,2111,2
20240302,22,2112,8
20240302,22,2116,2
20240302,22,2122,13
20240302,22,2128,6
20240302,22,2129,8
20240302,22,2130,0
20240302,22,2139,6
20240302,22,2143,2
20240302,22,2148,0
20240302,22,2159,6
20240302,22,2171,6
20240302,22,2172,10
20240302,22,2178,5
20240302,22,2179,11
20240302,22,2185,3
20240302,22,2186,11
20240302,22,2191,6
20240302,22,2198,4
20240302,22,2199,2
20240302,22,3310,6
20240302,22,3311,0
20240302,22,3802,1
20240302,23,2111,3
20240302,23,2112,8
20240302,23,2116,2
20240302,23,2122,14
20240302,23,2128,5
20240302,23,2129,8
20240302,23,2130,0
20240302,23,2139,6
20240302,23,2143,2
20240302,23,2148,0
20240302,23,2159,6
20240302,23,2171,5
20240302,23,2172,9
20240302,23,2178,4
20240302,23,2179,11
20240302,23,2185,3
20240302,23,2186,11
20240302,23,2191,9
20240302,23,2198,4
20240302,23,2199,3
20240302,23,3310,6
20240302,23,3311,0
20240302,23,3802,1
20240303,1,2111,2
20240303,1,2112,8
20240303,1,2116,1
20240303,1,2122,15
20240303,1,2128,4
20240303,1,2129,6
20240303,1,2130,0
20240303,1,2139,5
20240303,1,2143,4
20240303,1,2148,0
20240303,1,2159,6
20240303,1,2171,4
20240303,1,2172,9
20240303,1,2178,3
20240303,1,2179,12
20240303,1,2185,8
20240303,1,2186,11
20240303,1,2191,9
20240303,1,2198,4
20240303,1,2199,3
20240303,1,3310,6
20240303,1,3311,0
20240303,1,3802,1
20240303,2,2111,2
20240303,2,2112,6
20240303,2,2116,2
20240303,2,2122,15
20240303,2,2128,3
20240303,2,2129,6
20240303,2,2130,0
20240303,2,2139,5
20240303,2,2143,5
20240303,2,2148,0
20240303,2,2159,6
20240303,2,2171,5
20240303,2,2172,9
20240303,2,2178,2
20240303,2,2179,11
20240303,2,2185,8
20240303,2,2186,11
20240303,2,2191,9
20240303,2,2198,4
20240303,2,2199,3
20240303,2,3310,6
20240303,2,3311,0
20240303,2,3802,1
20240303,3,2111,2
20240303,3,2112,6
20240303,3,2116,3
20240303,3,2122,14
20240303,3,2128,3
20240303,3,2129,6
20240303,3,2130,0
20240303,3,2139,6
20240303,3,2143,5
20240303,3,2148,1
20240303,3,2159,6
20240303,3,2171,6
20240303,3,2172,9
20240303,3,2178,2
20240303,3,2179,10
20240303,3,2185,8
20240303,3,2186,11
20240303,3,2191,10
20240303,3,2198,3
20240303,3,2199,3
20240303,3,3310,6
20240303,3,3311,0
20240303,3,3802,1
20240303,4,2111,2
20240303,4,2112,6
20240303,4,2116,2
20240303,4,2122,14
20240303,4,2128,3
20240303,4,2129,6
20240303,4,2130,0
20240303,4,2139,7
20240303,4,2143,6
20240303,4,2148,1
20240303,4,2159,6
20240303,4,2171,6
20240303,4,2172,9
20240303,4,2178,1
20240303,4,2179,9
20240303,4,2185,7
20240303,4,2186,11
20240303,4,2191,12
20240303,4,2198,3
20240303,4,2199,3
20240303,4,3310,6
20240303,4,3311,0
20240303,4,3802,1
20240303,6,2111,2
20240303,6,2112,6
20240303,6,2116,3
20240303,6,2122,14
20240303,6,2128,3
20240303,6,2129,5
20240303,6,2130,0
20240303,6,2139,7
20240303,6,2143,6
20240303,6,2148,1
20240303,6,2159,6
20240303,6,2171,6
20240303,6,2172,9
20240303,6,2178,1
20240303,6,2179,10
20240303,6,2185,7
20240303,6,2186,11
20240303,6,2191,13
20240303,6,2198,3
20240303,6,2199,3
20240303,6,3310,6
20240303,6,3311,0
20240303,6,3802,1
20240303,7,2111,2
20240303,7,2112,5
20240303,7,2116,3
20240303,7,2122,14
20240303,7,2128,3
20240303,7,2129,5
20240303,7,2130,0
20240303,7,2139,7
20240303,7,2143,6
20240303,7,2148,2
20240303,7,2159,6
20240303,7,2171,6
20240303,7,2172,10
20240303,7,2178,1
20240303,7,2179,9
20240303,7,2185,6
20240303,7,2186,11
20240303,7,2191,13
20240303,7,2198,3
20240303,7,2199,4
20240303,7,3310,6
20240303,7,3311,0
20240303,7,3802,1
20240303,8,2111,2
20240303,8,2112,5
20240303,8,2116,3
20240303,8,2122,14
20240303,8,2128,3
20240303,8,2129,5
20240303,8,2130,0
20240303,8,2139,8
20240303,8,2143,6
20240303,8,2148,2
20240303,8,2159,6
20240303,8,2171,6
20240303,8,2172,10
20240303,8,2178,1
20240303,8,2179,10
20240303,8,2185,5
20240303,8,2186,11
20240303,8,2191,13
20240303,8,2198,3
20240303,8,2199,2
20240303,8,3310,6
20240303,8,3311,0
20240303,8,3802,1
20240303,9,2111,2
20240303,9,2112,5
20240303,9,2116,3
20240303,9,2122,14
20240303,9,2128,2
20240303,9,2129,5
20240303,9,2130,0
20240303,9,2139,8
20240303,9,2143,6
20240303,9,2148,1
20240303,9,2159,6
20240303,9,2171,9
20240303,9,2172,9
20240303,9,2178,2
20240303,9,2179,10
20240303,9,2185,10
20240303,9,2186,12
20240303,9,2191,14
20240303,9,2198,2
20240303,9,2199,3
20240303,9,3310,5
20240303,9,3311,1
20240303,9,3802,1
20240303,10,2111,1
20240303,10,2112,5
20240303,10,2116,4
20240303,10,2122,15
20240303,10,2128,2
20240303,10,2129,5
20240303,10,2130,0
20240303,10,2139,7
20240303,10,2143,7
20240303,10,2148,1
20240303,10,2159,5
20240303,10,2171,9
20240303,10,2172,11
20240303,10,2178,1
20240303,10,2179,10
20240303,10,2185,8
20240303,10,2186,12
20240303,10,2191,14
20240303,10,2198,2
20240303,10,2199,3
20240303,10,3310,5
20240303,10,3311,1
20240303,10,3802,1
20240303,11,2111,1
20240303,11,2112,7
20240303,11,2116,3
20240303,11,2122,16
20240303,11,2128,2
20240303,11,2129,1
20240303,11,2130,0
20240303,11,2139,8
20240303,11,2143,7
20240303,11,2148,0
20240303,11,2159,5
20240303,11,2171,9
20240303,11,2172,10
20240303,11,2178,2
20240303,11,2179,7
20240303,11,2185,6
20240303,11,2186,12
20240303,11,2191,12
20240303,11,2198,2
20240303,11,2199,2
20240303,11,3310,5
20240303,11,3311,2
20240303,11,3802,1
20240303,12,2111,1
20240303,12,2112,7
20240303,12,2116,2
20240303,12,2122,15
20240303,12,2128,2
20240303,12,2129,0
20240303,12,2130,0
20240303,12,2139,7
20240303,12,2143,7
20240303,12,2148,0
20240303,12,2159,6
20240303,12,2171,10
20240303,12,2172,9
20240303,12,2178,2
20240303,12,2179,10
20240303,12,2185,6
20240303,12,2186,15
20240303,12,2191,12
20240303,12,2198,2
20240303,12,2199,2
20240303,12,3310,4
20240303,12,3311,2
20240303,12,3802,1
20240303,13,2111,3
20240303,13,2112,9
20240303,13,2116,3
20240303,13,2122,16
20240303,13,2128,3
20240303,13,2129,0
20240303,13,2130,0
20240303,13,2139,6
20240303,13,2143,7
20240303,13,2148,3
20240303,13,2159,5
20240303,13,2171,8
20240303,13,2172,9
20240303,13,2178,1
20240303,13,2179,8
20240303,13,2185,6
20240303,13,2186,13
20240303,13,2191,12
20240303,13,2198,2
20240303,13,2199,2
20240303,13,3310,1
20240303,13,3311,3
20240303,13,3802,1
20240303,14,2111,5
20240303,14,2112,9
20240303,14,2116,3
20240303,14,2122,16
20240303,14,2128,4
20240303,14,2129,0
20240303,14,2130,0
20240303,14,2139,3
20240303,14,2143,6
20240303,14,2148,3
20240303,14,2159,3
20240303,14,2171,10
20240303,14,2172,11
20240303,14,2178,2
20240303,14,2179,10
20240303,14,2185,6
20240303,14,2186,12
20240303,14,2191,13
20240303,14,2198,2
20240303,14,2199,2
20240303,14,3310,1
20240303,14,3311,2
20240303,14,3802,1
20240303,15,2111,5
20240303,15,2112,9
20240303,15,2116,3
20240303,15,2122,16
20240303,15,2128,3
20240303,15,2129,0
20240303,15,2130,0
20240303,15,2139,5
20240303,15,2143,6
20240303,15,2148,4
20240303,15,2159,1
20240303,15,2171,10
20240303,15,2172,11
20240303,15,2178,3
20240303,15,2179,9
20240303,15,2185,6
20240303,15,2186,13
20240303,15,2191,9
20240303,15,2198,2
20240303,15,2199,2
20240303,15,3310,1
20240303,15,3311,3
20240303,15,3802,1
20240303,16,2111,1
20240303,16,2112,8
20240303,16,2116,2
20240303,16,2122,14
20240303,16,2128,1
20240303,16,2129,0
20240303,16,2130,0
20240303,16,2139,1
20240303,16,2143,5
20240303,16,2148,4
20240303,16,2159,1
20240303,16,2171,12
20240303,16,2172,11
20240303,16,2178,2
20240303,16,2179,8
20240303,16,2185,9
20240303,16,2186,12
20240303,16,2191,7
20240303,16,2198,1
20240303,16,2199,2
20240303,16,3310,1
20240303,16,3311,3
20240303,16,3802,2
20240303,17,2111,2
20240303,17,2112,6
20240303,17,2116,2
20240303,17,2122,13
20240303,17,2128,1
20240303,17,2129,0
20240303,17,2130,0
20240303,17,2139,2
20240303,17,2143,5
20240303,17,2148,2
20240303,17,2159,1
20240303,17,2171,10
20240303,17,2172,8
20240303,17,2178,3
20240303,17,2179,6
20240303,17,2185,9
20240303,17,2186,11
20240303,17,2191,6
20240303,17,2198,2
20240303,17,2199,2
20240303,17,3310,0
20240303,17,3311,3
20240303,17,3802,1
20240303,18,2111,3
20240303,18,2112,7
20240303,18,2116,3
20240303,18,2122,15
20240303,18,2128,0
20240303,18,2129,0
20240303,18,2130,0
20240303,18,2139,5
20240303,18,2143,6
20240303,18,2148,0
20240303,18,2159,0
20240303,18,2171,9
20240303,18,2172,8
20240303,18,2178,2
20240303,18,2179,6
20240303,18,2185,9
20240303,18,2186,10
20240303,18,2191,6
20240303,18,2198,2
20240303,18,2199,2
20240303,18,3310,0
20240303,18,3311,7
20240303,18,3802,2
20240303,19,2111,3
20240303,19,2112,9
20240303,19,2116,4
20240303,19,2122,15
20240303,19,2128,0
20240303,19,2129,0
20240303,19,2130,0
20240303,19,2139,5
20240303,19,2143,6
20240303,19,2148,0
20240303,19,2159,1
20240303,19,2171,9
20240303,19,2172,8
20240303,19,2178,2
20240303,19,2179,9
20240303,19,2185,9
20240303,19,2186,9
20240303,19,2191,6
20240303,19,2198,4
20240303,19,2199,3
20240303,19,3310,1
20240303,19,3311,4
20240303,19,3802,2
20240303,20,2111,1
20240303,20,2112,9
20240303,20,2116,4
20240303,20,2122,12
20240303,20,2128,0
20240303,20,2129,6
20240303,20,2130,0
20240303,20,2139,5
20240303,20,2143,6
20240303,20,2148,0
20240303,20,2159,4
20240303,20,2171,9
20240303,20,2172,7
20240303,20,2178,2
20240303,20,2179,8
20240303,20,2185,8
20240303,20,2186,8
20240303,20,2191,6
20240303,20,2198,2
20240303,20,2199,3
20240303,20,3310,1
20240303,20,3311,2
20240303,20,3802,2
20240303,21,2111,3
20240303,21,2112,9
20240303,21,2116,7
20240303,21,2122,13
20240303,21,2128,0
20240303,21,2129,14
20240303,21,2130,0
20240303,21,2139,4
20240303,21,2143,5
20240303,21,2148,1
20240303,21,2159,4
20240303,21,2171,6
20240303,21,2172,7
20240303,21,2178,3
20240303,21,2179,5
20240303,21,2185,9
20240303,21,2186,9
20240303,21,2191,5
20240303,21,2198,1
20240303,21,2199,2
20240303,21,3310,1
20240303,21,3311,2
20240303,21,3802,3
20240303,22,2111,3
20240303,22,2112,9
20240303,22,2116,6
20240303,22,2122,13
20240303,22,2128,0
20240303,22,2129,14
20240303,22,2130,0
20240303,22,2139,3
20240303,22,2143,5
20240303,22,2148,1
20240303,22,2159,3
20240303,22,2171,7
20240303,22,2172,7
20240303,22,2178,3
20240303,22,2179,6
20240303,22,2185,9
20240303,22,2186,9
20240303,22,2191,6
20240303,22,2198,1
20240303,22,2199,2
20240303,22,3310,1
20240303,22,3311,2
20240303,22,3802,3
20240303,23,2111,3
20240303,23,2112,9
20240303,23,2116,6
20240303,23,2122,13
20240303,23,2128,0
20240303,23,2129,15
20240303,23,2130,0
20240303,23,2139,6
20240303,23,2143,5
20240303,23,2148,3
20240303,23,2159,4
20240303,23,2171,8
20240303,23,2172,7
20240303,23,2178,1
20240303,23,2179,5
20240303,23,2185,10
20240303,23,2186,9
20240303,23,2191,9
20240303,23,2198,0
20240303,23,2199,2
20240303,23,3310,1
20240303,23,3311,2
20240303,23,3802,3
20240304,0,2111,2
20240304,0,2112,10
20240304,0,2116,6
20240304,0,2122,13
20240304,0,2128,0
20240304,0,2129,14
20240304,0,2130,0
20240304,0,2139,7
20240304,0,2143,6
20240304,0,2148,2
20240304,0,2159,4
20240304,0,2171,2
20240304,0,2172,7
20240304,0,2178,1
20240304,0,2179,5
20240304,0,2185,10
20240304,0,2186,9
20240304,0,2191,10
20240304,0,2198,1
20240304,0,2199,2
20240304,0,3310,1
20240304,0,3311,1
20240304,0,3802,3
20240304,1,2111,1
20240304,1,2112,9
20240304,1,2116,5
20240304,1,2122,12
20240304,1,2128,1
20240304,1,2129,14
20240304,1,2130,0
20240304,1,2139,9
20240304,1,2143,9
20240304,1,2148,1
20240304,1,2159,4
20240304,1,2171,1
20240304,1,2172,6
20240304,1,2178,0
20240304,1,2179,5
20240304,1,2185,11
20240304,1,2186,9
20240304,1,2191,13
20240304,1,2198,0
20240304,1,2199,2
20240304,1,3310,1
20240304,1,3311,0
20240304,1,3802,3
20240304,2,2111,1
20240304,2,2112,8
20240304,2,2116,5
20240304,2,2122,12
20240304,2,2128,1
20240304,2,2129,14
20240304,2,2130,0
20240304,2,2139,10
20240304,2,2143,9
20240304,2,2148,1
20240304,2,2159,4
20240304,2,2171,1
20240304,2,2172,6
20240304,2,2178,0
20240304,2,2179,5
20240304,2,2185,12
20240304,2,2186,9
20240304,2,2191,15
20240304,2,2198,0
20240304,2,2199,1
20240304,2,3310,1
20240304,2,3311,0
20240304,2,3802,3
20240304,3,2111,1
20240304,3,2112,8
20240304,3,2116,6
20240304,3,2122,12
20240304,3,2128,0
20240304,3,2129,14
20240304,3,2130,0
20240304,3,2139,10
20240304,3,2143,8
20240304,3,2148,1
20240304,3,2159,4
20240304,3,2171,1
20240304,3,2172,6
20240304,3,2178,0
20240304,3,2179,5
20240304,3,2185,12
20240304,3,2186,10
20240304,3,2191,17
20240304,3,2198,0
20240304,3,2199,2
20240304,3,3310,1
20240304,3,3311,0
20240304,3,3802,3
20240304,4,2111,2
20240304,4,2112,8
20240304,4,2116,4
20240304,4,2122,12
20240304,4,2128,0
20240304,4,2129,15
20240304,4,2130,0
20240304,4,2139,9
20240304,4,2143,8
20240304,4,2148,1
20240304,4,2159,4
20240304,4,2171,0
20240304,4,2172,6
20240304,4,2178,0
20240304,4,2179,5
20240304,4,2185,12
20240304,4,2186,10
20240304,4,2191,16
20240304,4,2198,0
20240304,4,2199,2
20240304,4,3310,1
20240304,4,3311,0
20240304,4,3802,3
20240304,6,2111,1
20240304,6,2112,7
20240304,6,2116,5
20240304,6,2122,10
20240304,6,2128,0
20240304,6,2129,15
20240304,6,2130,0
20240304,6,2139,10
20240304,6,2143,8
20240304,6,2148,1
20240304,6,2159,4
20240304,6,2171,0
20240304,6,2172,6
20240304,6,2178,0
20240304,6,2179,5
20240304,6,2185,13
20240304,6,2186,9
20240304,6,2191,16
20240304,6,2198,0
20240304,6,2199,2
20240304,6,3310,1
20240304,6,3311,0
20240304,6,3802,5
20240304,7,2111,1
20240304,7,2112,6
20240304,7,2116,2
20240304,7,2122,9
20240304,7,2128,1
20240304,7,2129,13
20240304,7,2130,0
20240304,7,2139,9
20240304,7,2143,7
20240304,7,2148,1
20240304,7,2159,4
20240304,7,2171,1
20240304,7,2172,6
20240304,7,2178,0
20240304,7,2179,5
20240304,7,2185,12
20240304,7,2186,10
20240304,7,2191,16
20240304,7,2198,0
20240304,7,2199,2
20240304,7,3310,0
20240304,7,3311,1
20240304,7,3802,6
20240304,8,2111,2
20240304,8,2112,7
20240304,8,2116,2
20240304,8,2122,8
20240304,8,2128,2
20240304,8,2129,14
20240304,8,2130,0
20240304,8,2139,9
20240304,8,2143,8
20240304,8,2148,1
20240304,8,2159,4
20240304,8,2171,1
20240304,8,2172,5
20240304,8,2178,1
20240304,8,2179,4
20240304,8,2185,13
20240304,8,2186,11
20240304,8,2191,13
20240304,8,2198,0
20240304,8,2199,2
20240304,8,3310,0
20240304,8,3311,1
20240304,8,3802,3
20240304,9,2111,4
20240304,9,2112,9
20240304,9,2116,2
20240304,9,2122,7
20240304,9,2128,5
20240304,9,2129,17
20240304,9,2130,0
20240304,9,2139,3
20240304,9,2143,5
20240304,9,2148,2
20240304,9,2159,3
20240304,9,2171,1
20240304,9,2172,5
20240304,9,2178,8
20240304,9,2179,2
20240304,9,2185,10
20240304,9,2186,7
20240304,9,2191,8
20240304,9,2198,0
20240304,9,2199,2
20240304,9,3310,0
20240304,9,3311,2
20240304,9,3802,1
20240304,10,2111,2
20240304,10,2112,12
20240304,10,2116,2
20240304,10,2122,6
20240304,10,2128,6
20240304,10,2129,16
20240304,10,2130,0
20240304,10,2139,4
20240304,10,2143,5
20240304,10,2148,4
20240304,10,2159,3
20240304,10,2171,0
20240304,10,2172,4
20240304,10,2178,13
20240304,10,2179,2
20240304,10,2185,10
20240304,10,2186,3
20240304,10,2191,7
20240304,10,2198,0
20240304,10,2199,1
20240304,10,3310,0
20240304,10,3311,6
20240304,10,3802,0
20240304,11,2111,2
20240304,11,2112,14
20240304,11,2116,3
20240304,11,2122,6
20240304,11,2128,4
20240304,11,2129,16
20240304,11,2130,0
20240304,11,2139,4
20240304,11,2143,5
20240304,11,2148,4
20240304,11,2159,3
20240304,11,2171,1
20240304,11,2172,5
20240304,11,2178,15
20240304,11,2179,3
20240304,11,2185,9
20240304,11,2186,3
20240304,11,2191,9
20240304,11,2198,0
20240304,11,2199,1
20240304,11,3310,0
20240304,11,3311,1
20240304,11,3802,0
20240304,12,2111,1
20240304,12,2112,14
20240304,12,2116,2
20240304,12,2122,8
20240304,12,2128,3
20240304,12,2129,18
20240304,12,2130,0
20240304,12,2139,3
20240304,12,2143,5
20240304,12,2148,2
20240304,12,2159,3
20240304,12,2171,2
20240304,12,2172,5
20240304,12,2178,15
20240304,12,2179,3
20240304,12,2185,11
20240304,12,2186,3
20240304,12,2191,8
20240304,12,2198,1
20240304,12,2199,1
20240304,12,3310,0
20240304,12,3311,1
20240304,12,3802,0
20240304,13,2111,2
20240304,13,2112,18
20240304,13,2116,2
20240304,13,2122,6
20240304,13,2128,3
20240304,13,2129,18
20240304,13,2130,0
20240304,13,2139,2
20240304,13,2143,5
20240304,13,2148,2
20240304,13,2159,3
20240304,13,2171,1
20240304,13,2172,4
20240304,13,2178,16
20240304,13,2179,2
20240304,13,2185,11
20240304,13,2186,3
20240304,13,2191,8
20240304,13,2198,1
20240304,13,2199,1
20240304,13,3310,0
20240304,13,3311,4
20240304,13,3802,2
20240304,14,2111,1
20240304,14,2112,17
20240304,14,2116,1
20240304,14,2122,8
20240304,14,2128,4
20240304,14,2129,15
20240304,14,2130,0
20240304,14,2139,3
20240304,14,2143,5
20240304,14,2148,3
20240304,14,2159,3
20240304,14,2171,0
20240304,14,2172,6
20240304,14,2178,16
20240304,14,2179,3
20240304,14,2185,11
20240304,14,2186,3
20240304,14,2191,7
20240304,14,2198,0
20240304,14,2199,1
20240304,14,3310,0
20240304,14,3311,4
20240304,14,3802,1
20240304,15,2111,3
20240304,15,2112,17
20240304,15,2116,1
20240304,15,2122,5
20240304,15,2128,3
20240304,15,2129,15
20240304,15,2130,0
20240304,15,2139,3
20240304,15,2143,5
20240304,15,2148,2
20240304,15,2159,3
20240304,15,2171,1
20240304,15,2172,6
20240304,15,2178,15
20240304,15,2179,4
20240304,15,2185,9
20240304,15,2186,4
20240304,15,2191,7
20240304,15,2198,0
20240304,15,2199,1
20240304,15,3310,0
20240304,15,3311,2
20240304,15,3802,1
20240304,16,2111,4
20240304,16,2112,16
20240304,16,2116,2
20240304,16,2122,7
20240304,16,2128,3
20240304,16,2129,13
20240304,16,2130,0
20240304,16,2139,3
20240304,16,2143,6
20240304,16,2148,0
20240304,16,2159,3
20240304,16,2171,1
20240304,16,2172,6
20240304,16,2178,16
20240304,16,2179,3
20240304,16,2185,9
20240304,16,2186,5
20240304,16,2191,3
20240304,16,2198,0
20240304,16,2199,1
20240304,16,3310,0
20240304,16,3311,2
20240304,16,3802,0
20240304,17,2111,4
20240304,17,2112,18
20240304,17,2116,3
20240304,17,2122,8
20240304,17,2128,3
20240304,17,2129,9
20240304,17,2130,0
20240304,17,2139,4
20240304,17,2143,5
20240304,17,2148,1
20240304,17,2159,3
20240304,17,2171,0
20240304,17,2172,4
20240304,17,2178,9
20240304,17,2179,1
20240304,17,2185,13
20240304,17,2186,7
20240304,17,2191,4
20240304,17,2198,0
20240304,17,2199,1
20240304,17,3310,0
20240304,17,3311,2
20240304,17,3802,1
20240304,18,2111,1
20240304,18,2112,13
20240304,18,2116,5
20240304,18,2122,12
20240304,18,2128,2
20240304,18,2129,6
20240304,18,2130,0
20240304,18,2139,5
20240304,18,2143,8
20240304,18,2148,0
20240304,18,2159,3
20240304,18,2171,1
20240304,18,2172,3
20240304,18,2178,7
20240304,18,2179,2
20240304,18,2185,13
20240304,18,2186,8
20240304,18,2191,3
20240304,18,2198,1
20240304,18,2199,1
20240304,18,3310,1
20240304,18,3311,2
20240304,18,3802,2
20240304,19,2111,2
20240304,19,2112,10
20240304,19,2116,5
20240304,19,2122,11
20240304,19,2128,2
20240304,19,2129,0
20240304,19,2130,0
20240304,19,2139,8
20240304,19,2143,7
20240304,19,2148,4
20240304,19,2159,2
20240304,19,2171,1
20240304,19,2172,3
20240304,19,2178,1
20240304,19,2179,8
20240304,19,2185,10
20240304,19,2186,6
20240304,19,2191,5
20240304,19,2198,2
20240304,19,2199,1
20240304,19,3310,0
20240304,19,3311,2
20240304,19,3802,1
20240304,20,2111,3
20240304,20,2112,9
20240304,20,2116,4
20240304,20,2122,12
20240304,20,2128,3
20240304,20,2129,0
20240304,20,2130,0
20240304,20,2139,8
20240304,20,2143,7
20240304,20,2148,2
20240304,20,2159,0
20240304,20,2171,1
20240304,20,2172,3
20240304,20,2178,1
20240304,20,2179,6
20240304,20,2185,8
20240304,20,2186,7
20240304,20,2191,5
20240304,20,2198,4
20240304,20,2199,1
20240304,20,3310,0
20240304,20,3311,2
20240304,20,3802,2
20240304,21,2111,2
20240304,21,2112,9
20240304,21,2116,2
20240304,21,2122,13
20240304,21,2128,3
20240304,21,2129,0
20240304,21,2130,0
20240304,21,2139,7
20240304,21,2143,7
20240304,21,2148,2
20240304,21,2159,1
20240304,21,2171,1
20240304,21,2172,3
20240304,21,2178,1
20240304,21,2179,5
20240304,21,2185,8
20240304,21,2186,8
20240304,21,2191,6
20240304,21,2198,2
20240304,21,2199,2
20240304,21,3310,0
20240304,21,3311,1
20240304,21,3802,2
20240304,22,2111,7
20240304,22,2112,5
20240304,22,2116,5
20240304,22,2122,11
20240304,22,2128,3
20240304,22,2129,2
20240304,22,2130,0
20240304,22,2139,8
20240304,22,2143,6
20240304,22,2148,1
20240304,22,2159,0
20240304,22,2171,2
20240304,22,2172,2
20240304,22,2178,2
20240304,22,2179,4
20240304,22,2185,13
20240304,22,2186,7
20240304,22,2191,6
20240304,22,2198,6
20240304,22,2199,2
20240304,22,3310,0
20240304,22,3311,0
20240304,22,3802,0
20240304,23,2111,8
20240304,23,2112,6
20240304,23,2116,1
20240304,23,2122,11
20240304,23,2128,2
20240304,23,2129,2
20240304,23,2130,0
20240304,23,2139,10
20240304,23,2143,7
20240304,23,2148,1
20240304,23,2159,0
20240304,23,2171,1
20240304,23,2172,1
20240304,23,2178,1
20240304,23,2179,3
20240304,23,2185,13
20240304,23,2186,5
20240304,23,2191,7
20240304,23,2198,7
20240304,23,2199,3
20240304,23,3310,0
20240304,23,3311,0
20240304,23,3802,0
20240305,0,2111,4
20240305,0,2112,3
20240305,0,2116,1
20240305,0,2122,11
20240305,0,2128,3
20240305,0,2129,2
20240305,0,2130,0
20240305,0,2139,8
20240305,0,2143,8
20240305,0,2148,2
20240305,0,2159,0
20240305,0,2171,0
20240305,0,2172,1
20240305,0,2178,0
20240305,0,2179,5
20240305,0,2185,15
20240305,0,2186,8
20240305,0,2191,9
20240305,0,2198,7
20240305,0,2199,2
20240305,0,3310,0
20240305,0,3311,0
20240305,0,3802,0
20240305,1,2111,5
20240305,1,2112,3
20240305,1,2116,1
20240305,1,2122,11
20240305,1,2128,3
20240305,1,2129,2
20240305,1,2130,0
20240305,1,2139,8
20240305,1,2143,7
20240305,1,2148,1
20240305,1,2159,0
20240305,1,2171,0
20240305,1,2172,1
20240305,1,2178,0
20240305,1,2179,5
20240305,1,2185,16
20240305,1,2186,8
20240305,1,2191,11
20240305,1,2198,7
20240305,1,2199,2
20240305,1,3310,1
20240305,1,3311,0
20240305,1,3802,0
20240305,2,2111,5
20240305,2,2112,3
20240305,2,2116,1
20240305,2,2122,11
20240305,2,2128,2
20240305,2,2129,2
20240305,2,2130,0
20240305,2,2139,8
20240305,2,2143,7
20240305,2,2148,1
20240305,2,2159,0
20240305,2,2171,1
20240305,2,2172,1
20240305,2,2178,0
20240305,2,2179,5
20240305,2,2185,16
20240305,2,2186,7
20240305,2,2191,11
20240305,2,2198,6
20240305,2,2199,2
20240305,2,3310,1
20240305,2,3311,0
20240305,2,3802,0
20240305,3,2111,5
20240305,3,2112,3
20240305,3,2116,1
20240305,3,2122,11
20240305,3,2128,2
20240305,3,2129,2
20240305,3,2130,0
20240305,3,2139,8
20240305,3,2143,7
20240305,3,2148,1
20240305,3,2159,0
20240305,3,2171,1
20240305,3,2172,1
20240305,3,2178,0
20240305,3,2179,4
20240305,3,2185,16
20240305,3,2186,7
20240305,3,2191,12
20240305,3,2198,6
20240305,3,2199,2
20240305,3,3310,1
20240305,3,3311,0
20240305,3,3802,0
20240305,4,2111,4
20240305,4,2112,3
20240305,4,2116,1
20240305,4,2122,11
20240305,4,2128,2
20240305,4,2129,2
20240305,4,2130,0
20240305,4,2139,8
20240305,4,2143,7
20240305,4,2148,1
20240305,4,2159,0
20240305,4,2171,2
20240305,4,2172,1
20240305,4,2178,0
20240305,4,2179,3
20240305,4,2185,15
20240305,4,2186,9
20240305,4,2191,10
20240305,4,2198,6
20240305,4,2199,2
20240305,4,3310,1
20240305,4,3311,0
20240305,4,3802,0
20240305,6,2111,4
20240305,6,2112,3
20240305,6,2116,1
20240305,6,2122,11
20240305,6,2128,2
20240305,6,2129,2
20240305,6,2130,0
20240305,6,2139,8
20240305,6,2143,7
20240305,6,2148,0
20240305,6,2159,1
20240305,6,2171,1
20240305,6,2172,1
20240305,6,2178,0
20240305,6,2179,4
20240305,6,2185,16
20240305,6,2186,8
20240305,6,2191,11
20240305,6,2198,7
20240305,6,2199,2
20240305,6,3310,1
20240305,6,3311,0
20240305,6,3802,2
20240305,7,2111,4
20240305,7,2112,3
20240305,7,2116,2
20240305,7,2122,8
20240305,7,2128,2
20240305,7,2129,2
20240305,7,2130,0
20240305,7,2139,8
20240305,7,2143,7
20240305,7,2148,0
20240305,7,2159,1
20240305,7,2171,1
20240305,7,2172,1
20240305,7,2178,0
20240305,7,2179,4
20240305,7,2185,16
20240305,7,2186,6
20240305,7,2191,11
20240305,7,2198,7
20240305,7,2199,2
20240305,7,3310,0
20240305,7,3311,2
20240305,7,3802,5
20240305,8,2111,4
20240305,8,2112,3
20240305,8,2116,2
20240305,8,2122,8
20240305,8,2128,1
20240305,8,2129,3
20240305,8,2130,0
20240305,8,2139,8
20240305,8,2143,5
20240305,8,2148,1
20240305,8,2159,1
20240305,8,2171,0
20240305,8,2172,1
20240305,8,2178,1
20240305,8,2179,4
20240305,8,2185,15
20240305,8,2186,7
20240305,8,2191,10
20240305,8,2198,7
20240305,8,2199,2
20240305,8,3310,0
20240305,8,3311,1
20240305,8,3802,5
20240305,9,2111,6
20240305,9,2112,5
20240305,9,2116,2
20240305,9,2122,7
20240305,9,2128,4
20240305,9,2129,4
20240305,9,2130,0
20240305,9,2139,2
20240305,9,2143,3
20240305,9,2148,0
20240305,9,2159,0
20240305,9,2171,6
20240305,9,2172,1
20240305,9,2178,6
20240305,9,2179,3
20240305,9,2185,12
20240305,9,2186,6
20240305,9,2191,4
20240305,9,2198,6
20240305,9,2199,4
20240305,9,3310,0
20240305,9,3311,3
20240305,9,3802,3
20240305,10,2111,3
20240305,10,2112,8
20240305,10,2116,5
20240305,10,2122,5
20240305,10,2128,2
20240305,10,2129,7
20240305,10,2130,0
20240305,10,2139,3
20240305,10,2143,2
20240305,10,2148,1
20240305,10,2159,0
20240305,10,2171,3
20240305,10,2172,0
20240305,10,2178,10
20240305,10,2179,5
20240305,10,2185,9
20240305,10,2186,4
20240305,10,2191,5
20240305,10,2198,5
20240305,10,2199,3
20240305,10,3310,0
20240305,10,3311,2
20240305,10,3802,4
20240305,11,2111,2
20240305,11,2112,8
20240305,11,2116,4
20240305,11,2122,5
20240305,11,2128,4
20240305,11,2129,8
20240305,11,2130,0
20240305,11,2139,3
20240305,11,2143,2
20240305,11,2148,1
20240305,11,2159,0
20240305,11,2171,5
20240305,11,2172,1
20240305,11,2178,12
20240305,11,2179,7
20240305,11,2185,8
20240305,11,2186,4
20240305,11,2191,4
20240305,11,2198,6
20240305,11,2199,3
20240305,11,3310,0
20240305,11,3311,1
20240305,11,3802,4
20240305,12,2111,5
20240305,12,2112,5
20240305,12,2116,4
20240305,12,2122,3
20240305,12,2128,2
20240305,12,2129,7
20240305,12,2130,0
20240305,12,2139,1
20240305,12,2143,2
20240305,12,2148,2
20240305,12,2159,0
20240305,12,2171,4
20240305,12,2172,4
20240305,12,2178,12
20240305,12,2179,7
20240305,12,2185,8
20240305,12,2186,4
20240305,12,2191,3
20240305,12,2198,6
20240305,12,2199,3
20240305,12,3310,0
20240305,12,3311,1
20240305,12,3802,3
20240305,13,2111,3
20240305,13,2112,7
20240305,13,2116,4
20240305,13,2122,4
20240305,13,2128,1
20240305,13,2129,7
20240305,13,2130,0
20240305,13,2139,1
20240305,13,2143,2
20240305,13,2148,4
20240305,13,2159,0
20240305,13,2171,3
20240305,13,2172,4
20240305,13,2178,12
20240305,13,2179,6
20240305,13,2185,8
20240305,13,2186,3
20240305,13,2191,3
20240305,13,2198,6
20240305,13,2199,3
20240305,13,3310,0
20240305,13,3311,3
20240305,13,3802,1
20240305,14,2111,2
20240305,14,2112,7
20240305,14,2116,6
20240305,14,2122,7
20240305,14,2128,2
20240305,14,2129,6
20240305,14,2130,0
20240305,14,2139,1
20240305,14,2143,2
20240305,14,2148,4
20240305,14,2159,1
20240305,14,2171,5
20240305,14,2172,4
20240305,14,2178,13
20240305,14,2179,4
20240305,14,2185,7
20240305,14,2186,3
20240305,14,2191,4
20240305,14,2198,6
20240305,14,2199,3
20240305,14,3310,0
20240305,14,3311,8
20240305,14,3802,1
20240305,15,2111,4
20240305,15,2112,8
20240305,15,2116,6
20240305,15,2122,6
20240305,15,2128,1
20240305,15,2129,6
20240305,15,2130,0
20240305,15,2139,0
20240305,15,2143,3
20240305,15,2148,5
20240305,15,2159,1
20240305,15,2171,3
20240305,15,2172,4
20240305,15,2178,28
20240305,15,2179,9
20240305,15,2185,8
20240305,15,2186,4
20240305,15,2191,3
20240305,15,2198,5
20240305,15,2199,3
20240305,15,3310,0
20240305,15,3311,5
20240305,15,3802,1
20240305,16,2111,4
20240305,16,2112,6
20240305,16,2116,5
20240305,16,2122,7
20240305,16,2128,1
20240305,16,2129,4
20240305,16,2130,0
20240305,16,2139,0
20240305,16,2143,3
20240305,16,2148,5
20240305,16,2159,0
20240305,16,2171,4
20240305,16,2172,5
20240305,16,2178,26
20240305,16,2179,6
20240305,16,2185,10
20240305,16,2186,4
20240305,16,2191,4
20240305,16,2198,6
20240305,16,2199,3
20240305,16,3310,0
20240305,16,3311,4
20240305,16,3802,1
20240305,18,2111,3
20240305,18,2112,9
20240305,18,2116,6
20240305,18,2122,5
20240305,18,2128,1
20240305,18,2129,0
20240305,18,2130,0
20240305,18,2139,1
20240305,18,2143,4
20240305,18,2148,0
20240305,18,2159,0
20240305,18,2171,5
20240305,18,2172,4
20240305,18,2178,20
20240305,18,2179,9
20240305,18,2185,13
20240305,18,2186,6
20240305,18,2191,5
20240305,18,2198,7
20240305,18,2199,3
20240305,18,3310,20
20240305,18,3311,3
20240305,18,3802,1
20240305,19,2111,2
20240305,19,2112,8
20240305,19,2116,7
20240305,19,2122,6
20240305,19,2128,2
20240305,19,2129,0
20240305,19,2130,0
20240305,19,2139,3
20240305,19,2143,3
20240305,19,2148,1
20240305,19,2159,1
20240305,19,2171,8
20240305,19,2172,3
20240305,19,2178,18
20240305,19,2179,10
20240305,19,2185,12
20240305,19,2186,5
20240305,19,2191,4
20240305,19,2198,9
20240305,19,2199,4
20240305,19,3310,20
20240305,19,3311,3
20240305,19,3802,4
20240305,20,2111,3
20240305,20,2112,7
20240305,20,2116,7
20240305,20,2122,5
20240305,20,2128,2
20240305,20,2129,0
20240305,20,2130,0
20240305,20,2139,7
20240305,20,2143,3
20240305,20,2148,1
20240305,20,2159,0
20240305,20,2171,5
20240305,20,2172,2
20240305,20,2178,17
20240305,20,2179,9
20240305,20,2185,12
20240305,20,2186,6
20240305,20,2191,6
20240305,20,2198,8
20240305,20,2199,4
20240305,20,3310,20
20240305,20,3311,1
20240305,20,3802,4
20240305,21,2111,1
20240305,21,2112,8
20240305,21,2116,6
20240305,21,2122,8
20240305,21,2128,3
20240305,21,2129,0
20240305,21,2130,1
20240305,21,2139,6
20240305,21,2143,4
20240305,21,2148,1
20240305,21,2159,0
20240305,21,2171,0
20240305,21,2172,2
20240305,21,2178,15
20240305,21,2179,11
20240305,21,2185,17
20240305,21,2186,6
20240305,21,2191,8
20240305,21,2198,9
20240305,21,2199,4
20240305,21,3310,17
20240305,21,3311,1
20240305,21,3802,2
20240305,22,2111,3
20240305,22,2112,6
20240305,22,2116,5
20240305,22,2122,8
20240305,22,2128,4
20240305,22,2129,0
20240305,22,2130,0
20240305,22,2139,9
20240305,22,2143,5
20240305,22,2148,0
20240305,22,2159,0
20240305,22,2171,0
20240305,22,2172,2
20240305,22,2178,12
20240305,22,2179,9
20240305,22,2185,15
20240305,22,2186,9
20240305,22,2191,8
20240305,22,2198,9
20240305,22,2199,5
20240305,22,3310,17
20240305,22,3311,1
20240305,22,3802,0
20240305,23,2111,3
20240305,23,2112,4
20240305,23,2116,4
20240305,23,2122,7
20240305,23,2128,3
20240305,23,2129,0
20240305,23,2130,0
20240305,23,2139,9
20240305,23,2143,6
20240305,23,2148,2
20240305,23,2159,0
20240305,23,2171,4
20240305,23,2172,1
20240305,23,2178,11
20240305,23,2179,7
20240305,23,2185,17
20240305,23,2186,5
20240305,23,2191,10
20240305,23,2198,8
20240305,23,2199,3
20240305,23,3310,16
20240305,23,3311,0
20240305,23,3802,0
20240306,0,2111,2
20240306,0,2112,4
20240306,0,2116,4
20240306,0,2122,7
20240306,0,2128,3
20240306,0,2129,0
20240306,0,2130,0
20240306,0,2139,10
20240306,0,2143,5
20240306,0,2148,4
20240306,0,2159,0
20240306,0,2171,3
20240306,0,2172,1
20240306,0,2178,11
20240306,0,2179,6
20240306,0,2185,17
20240306,0,2186,5
20240306,0,2191,11
20240306,0,2198,7
20240306,0,2199,2
20240306,0,3310,16
20240306,0,3311,0
20240306,0,3802,0
20240306,1,2111,1
20240306,1,2112,4
20240306,1,2116,4
20240306,1,2122,5
20240306,1,2128,2
20240306,1,2129,0
20240306,1,2130,0
20240306,1,2139,12
20240306,1,2143,5
20240306,1,2148,4
20240306,1,2159,0
20240306,1,2171,0
20240306,1,2172,0
20240306,1,2178,11
20240306,1,2179,7
20240306,1,2185,17
20240306,1,2186,4
20240306,1,2191,12
20240306,1,2198,7
20240306,1,2199,2
20240306,1,3310,16
20240306,1,3311,1
20240306,1,3802,0
20240306,2,2111,1
20240306,2,2112,4
20240306,2,2116,4
20240306,2,2122,5
20240306,2,2128,0
20240306,2,2129,0
20240306,2,2130,0
20240306,2,2139,13
20240306,2,2143,6
20240306,2,2148,4
20240306,2,2159,0
20240306,2,2171,1
20240306,2,2172,0
20240306,2,2178,10
20240306,2,2179,7
20240306,2,2185,17
20240306,2,2186,4
20240306,2,2191,12
20240306,2,2198,6
20240306,2,2199,2
20240306,2,3310,17
20240306,2,3311,1
20240306,2,3802,0
20240306,3,2111,1
20240306,3,2112,4
20240306,3,2116,4
20240306,3,2122,6
20240306,3,2128,0
20240306,3,2129,0
20240306,3,2130,0
20240306,3,2139,13
20240306,3,2143,6
20240306,3,2148,3
20240306,3,2159,0
20240306,3,2171,0
20240306,3,2172,0
20240306,3,2178,9
20240306,3,2179,7
20240306,3,2185,18
20240306,3,2186,4
20240306,3,2191,12
20240306,3,2198,7
20240306,3,2199,1
20240306,3,3310,17
20240306,3,3311,0
20240306,3,3802,0
20240306,4,2111,1
20240306,4,2112,3
20240306,4,2116,3
20240306,4,2122,6
20240306,4,2128,1
20240306,4,2129,0
20240306,4,2130,0
20240306,4,2139,13
20240306,4,2143,6
20240306,4,2148,3
20240306,4,2159,0
20240306,4,2171,0
20240306,4,2172,0
20240306,4,2178,9
20240306,4,2179,8
20240306,4,2185,18
20240306,4,2186,5
20240306,4,2191,11
20240306,4,2198,6
20240306,4,2199,1
20240306,4,3310,16
20240306,4,3311,0
20240306,4,3802,0
20240306,6,2111,2
20240306,6,2112,3
20240306,6,2116,3
20240306,6,2122,4
20240306,6,2128,1
20240306,6,2129,0
20240306,6,2130,0
20240306,6,2139,12
20240306,6,2143,6
20240306,6,2148,2
20240306,6,2159,0
20240306,6,2171,0
20240306,6,2172,0
20240306,6,2178,9
20240306,6,2179,9
20240306,6,2185,17
20240306,6,2186,5
20240306,6,2191,11
20240306,6,2198,6
20240306,6,2199,1
20240306,6,3310,16
20240306,6,3311,0
20240306,6,3802,4
20240306,7,2111,1
20240306,7,2112,4
20240306,7,2116,3
20240306,7,2122,3
20240306,7,2128,0
20240306,7,2129,0
20240306,7,2130,0
20240306,7,2139,12
20240306,7,2143,6
20240306,7,2148,1
20240306,7,2159,0
20240306,7,2171,1
20240306,7,2172,0
20240306,7,2178,9
20240306,7,2179,10
20240306,7,2185,17
20240306,7,2186,5
20240306,7,2191,10
20240306,7,2198,4
20240306,7,2199,1
20240306,7,3310,15
20240306,7,3311,1
20240306,7,3802,9
20240306,8,2111,2
20240306,8,2112,3
20240306,8,2116,4
20240306,8,2122,2
20240306,8,2128,0
20240306,8,2129,0
20240306,8,2130,0
20240306,8,2139,12
20240306,8,2143,4
20240306,8,2148,0
20240306,8,2159,0
20240306,8,2171,1
20240306,8,2172,0
20240306,8,2178,9
20240306,8,2179,7
20240306,8,2185,18
20240306,8,2186,4
20240306,8,2191,9
20240306,8,2198,4
20240306,8,2199,1
20240306,8,3310,14
20240306,8,3311,1
20240306,8,3802,7
20240306,9,2111,2
20240306,9,2112,22
20240306,9,2116,3
20240306,9,2122,2
20240306,9,2128,3
20240306,9,2129,2
20240306,9,2130,1
20240306,9,2139,6
20240306,9,2143,3
20240306,9,2148,1
20240306,9,2159,0
20240306,9,2171,8
20240306,9,2172,2
20240306,9,2178,15
20240306,9,2179,3
20240306,9,2185,12
20240306,9,2186,5
20240306,9,2191,3
20240306,9,2198,2
20240306,9,2199,4
20240306,9,3310,12
20240306,9,3311,6
20240306,9,3802,5
20240306,10,2111,2
20240306,10,2112,26
20240306,10,2116,4
20240306,10,2122,2
20240306,10,2128,2
20240306,10,2129,1
20240306,10,2130,1
20240306,10,2139,7
20240306,10,2143,3
20240306,10,2148,0
20240306,10,2159,0
20240306,10,2171,11
20240306,10,2172,2
20240306,10,2178,20
20240306,10,2179,5
20240306,10,2185,9
20240306,10,2186,2
20240306,10,2191,2
20240306,10,2198,1
20240306,10,2199,4
20240306,10,3310,12
20240306,10,3311,7
20240306,10,3802,3
20240306,11,2111,2
20240306,11,2112,25
20240306,11,2116,5
20240306,11,2122,1
20240306,11,2128,3
20240306,11,2129,2
20240306,11,2130,1
20240306,11,2139,6
20240306,11,2143,3
20240306,11,2148,0
20240306,11,2159,0
20240306,11,2171,11
20240306,11,2172,1
20240306,11,2178,20
20240306,11,2179,4
20240306,11,2185,11
20240306,11,2186,2
20240306,11,2191,2
20240306,11,2198,1
20240306,11,2199,4
20240306,11,3310,8
20240306,11,3311,3
20240306,11,3802,3
20240306,12,2111,2
20240306,12,2112,28
20240306,12,2116,6
20240306,12,2122,1
20240306,12,2128,2
20240306,12,2129,2
20240306,12,2130,1
20240306,12,2139,4
20240306,12,2143,2
20240306,12,2148,0
20240306,12,2159,0
20240306,12,2171,12
20240306,12,2172,2
20240306,12,2178,19
20240306,12,2179,4
20240306,12,2185,11
20240306,12,2186,2
20240306,12,2191,3
20240306,12,2198,2
20240306,12,2199,3
20240306,12,3310,8
20240306,12,3311,3
20240306,12,3802,3
20240306,13,2111,3
20240306,13,2112,27
20240306,13,2116,6
20240306,13,2122,0
20240306,13,2128,2
20240306,13,2129,1
20240306,13,2130,1
20240306,13,2139,3
20240306,13,2143,2
20240306,13,2148,0
20240306,13,2159,1
20240306,13,2171,14
20240306,13,2172,1
20240306,13,2178,20
20240306,13,2179,5
20240306,13,2185,9
20240306,13,2186,3
20240306,13,2191,1
20240306,13,2198,1
20240306,13,2199,4
20240306,13,3310,8
20240306,13,3311,3
20240306,13,3802,3
20240306,14,2111,6
20240306,14,2112,26
20240306,14,2116,6
20240306,14,2122,1
20240306,14,2128,3
20240306,14,2129,2
20240306,14,2130,1
20240306,14,2139,1
20240306,14,2143,2
20240306,14,2148,2
20240306,14,2159,1
20240306,14,2171,14
20240306,14,2172,2
20240306,14,2178,20
20240306,14,2179,4
20240306,14,2185,7
20240306,14,2186,3
20240306,14,2191,1
20240306,14,2198,3
20240306,14,2199,4
20240306,14,3310,8
20240306,14,3311,6
20240306,14,3802,2
20240306,15,2111,2
20240306,15,2112,25
20240306,15,2116,6
20240306,15,2122,3
20240306,15,2128,3
20240306,15,2129,1
20240306,15,2130,1
20240306,15,2139,1
20240306,15,2143,3
20240306,15,2148,1
20240306,15,2159,1
20240306,15,2171,12
20240306,15,2172,1
20240306,15,2178,18
20240306,15,2179,9
20240306,15,2185,7
20240306,15,2186,3
20240306,15,2191,2
20240306,15,2198,3
20240306,15,2199,4
20240306,15,3310,8
20240306,15,3311,3
20240306,15,3802,2
20240306,16,2111,4
20240306,16,2112,24
20240306,16,2116,6
20240306,16,2122,4
20240306,16,2128,2
20240306,16,2129,0
20240306,16,2130,0
20240306,16,2139,0
20240306,16,2143,3
20240306,16,2148,1
20240306,16,2159,1
20240306,16,2171,11
20240306,16,2172,1
20240306,16,2178,15
20240306,16,2179,9
20240306,16,2185,8
20240306,16,2186,2
20240306,16,2191,4
20240306,16,2198,2
20240306,16,2199,4
20240306,16,3310,7
20240306,16,3311,2
20240306,16,3802,3
20240306,17,2111,1
20240306,17,2112,21
20240306,17,2116,7
20240306,17,2122,3
20240306,17,2128,2
20240306,17,2129,0
20240306,17,2130,0
20240306,17,2139,4
20240306,17,2143,3
20240306,17,2148,0
20240306,17,2159,1
20240306,17,2171,12
20240306,17,2172,2
20240306,17,2178,13
20240306,17,2179,7
20240306,17,2185,10
20240306,17,2186,2
20240306,17,2191,4
20240306,17,2198,0
20240306,17,2199,3
20240306,17,3310,7
20240306,17,3311,4
20240306,17,3802,1
20240306,18,2111,0
20240306,18,2112,23
20240306,18,2116,6
20240306,18,2122,1
20240306,18,2128,0
20240306,18,2129,0
20240306,18,2130,0
20240306,18,2139,5
20240306,18,2143,3
20240306,18,2148,0
20240306,18,2159,0
20240306,18,2171,11
20240306,18,2172,2
20240306,18,2178,13
20240306,18,2179,9
20240306,18,2185,10
20240306,18,2186,2
20240306,18,2191,2
20240306,18,2198,4
20240306,18,2199,3
20240306,18,3310,8
20240306,18,3311,7
20240306,18,3802,1
20240306,19,2111,0
20240306,19,2112,22
20240306,19,2116,7
20240306,19,2122,1
20240306,19,2128,2
20240306,19,2129,0
20240306,19,2130,0
20240306,19,2139,6
20240306,19,2143,3
20240306,19,2148,1
20240306,19,2159,0
20240306,19,2171,7
20240306,19,2172,1
20240306,19,2178,9
20240306,19,2179,11
20240306,19,2185,11
20240306,19,2186,2
20240306,19,2191,2
20240306,19,2198,2
20240306,19,2199,0
20240306,19,3310,8
20240306,19,3311,2
20240306,19,3802,1
20240306,20,2111,0
20240306,20,2112,21
20240306,20,2116,10
20240306,20,2122,0
20240306,20,2128,1
20240306,20,2129,0
20240306,20,2130,0
20240306,20,2139,4
20240306,20,2143,4
20240306,20,2148,1
20240306,20,2159,0
20240306,20,2171,4
20240306,20,2172,0
20240306,20,2178,6
20240306,20,2179,12
20240306,20,2185,16
20240306,20,2186,2
20240306,20,2191,1
20240306,20,2198,1
20240306,20,2199,0
20240306,20,3310,8
20240306,20,3311,1
20240306,20,3802,0
20240306,21,2111,0
20240306,21,2112,19
20240306,21,2116,11
20240306,21,2122,2
20240306,21,2128,1
20240306,21,2129,1
20240306,21,2130,0
20240306,21,2139,5
20240306,21,2143,4
20240306,21,2148,0
20240306,21,2159,0
20240306,21,2171,2
20240306,21,2172,0
20240306,21,2178,4
20240306,21,2179,12
20240306,21,2185,17
20240306,21,2186,2
20240306,21,2191,5
20240306,21,2198,3
20240306,21,2199,0
20240306,21,3310,7
20240306,21,3311,0
20240306,21,3802,0
20240306,22,2111,3
20240306,22,2112,17
20240306,22,2116,9
20240306,22,2122,0
20240306,22,2128,1
20240306,22,2129,1
20240306,22,2130,0
20240306,22,2139,5
20240306,22,2143,4
20240306,22,2148,0
20240306,22,2159,0
20240306,22,2171,3
20240306,22,2172,0
20240306,22,2178,3
20240306,22,2179,10
20240306,22,2185,15
20240306,22,2186,2
20240306,22,2191,6
20240306,22,2198,2
20240306,22,2199,0
20240306,22,3310,6
20240306,22,3311,2
20240306,22,3802,0
20240306,23,2111,1
20240306,23,2112,14
20240306,23,2116,6
20240306,23,2122,0
20240306,23,2128,1
20240306,23,2129,1
20240306,23,2130,0
20240306,23,2139,3
20240306,23,2143,4
20240306,23,2148,1
20240306,23,2159,0
20240306,23,2171,3
20240306,23,2172,0
20240306,23,2178,2
20240306,23,2179,6
20240306,23,2185,16
20240306,23,2186,3
20240306,23,2191,7
20240306,23,2198,4
20240306,23,2199,0
20240306,23,3310,6
20240306,23,3311,0
20240306,23,3802,0
20240307,0,2111,0
20240307,0,2112,12
20240307,0,2116,6
20240307,0,2122,0
20240307,0,2128,0
20240307,0,2129,1
20240307,0,2130,0
20240307,0,2139,4
20240307,0,2143,4
20240307,0,2148,4
20240307,0,2159,0
20240307,0,2171,2
20240307,0,2172,0
20240307,0,2178,2
20240307,0,2179,2
20240307,0,2185,18
20240307,0,2186,4
20240307,0,2191,8
20240307,0,2198,1
20240307,0,2199,0
20240307,0,3310,6
20240307,0,3311,1
20240307,0,3802,0
20240307,1,2111,0
20240307,1,2112,11
20240307,1,2116,5
20240307,1,2122,1
20240307,1,2128,0
20240307,1,2129,1
20240307,1,2130,0
20240307,1,2139,5
20240307,1,2143,5
20240307,1,2148,3
20240307,1,2159,0
20240307,1,2171,1
20240307,1,2172,1
20240307,1,2178,2
20240307,1,2179,3
20240307,1,2185,18
20240307,1,2186,3
20240307,1,2191,9
20240307,1,2198,3
20240307,1,2199,0
20240307,1,3310,6
20240307,1,3311,1
20240307,1,3802,0
20240307,2,2111,0
20240307,2,2112,10
20240307,2,2116,5
20240307,2,2122,0
20240307,2,2128,0
20240307,2,2129,1
20240307,2,2130,0
20240307,2,2139,5
20240307,2,2143,5
20240307,2,2148,2
20240307,2,2159,0
20240307,2,2171,0
20240307,2,2172,1
20240307,2,2178,2
20240307,2,2179,3
20240307,2,2185,18
20240307,2,2186,3
20240307,2,2191,9
20240307,2,2198,1
20240307,2,2199,0
20240307,2,3310,7
20240307,2,3311,0
20240307,2,3802,0
20240307,3,2111,0
20240307,3,2112,9
20240307,3,2116,3
20240307,3,2122,0
20240307,3,2128,0
20240307,3,2129,1
20240307,3,2130,0
20240307,3,2139,4
20240307,3,2143,5
20240307,3,2148,2
20240307,3,2159,0
20240307,3,2171,0
20240307,3,2172,1
20240307,3,2178,2
20240307,3,2179,5
20240307,3,2185,19
20240307,3,2186,3
20240307,3,2191,11
20240307,3,2198,1
20240307,3,2199,0
20240307,3,3310,7
20240307,3,3311,0
20240307,3,3802,0
20240307,4,2111,0
20240307,4,2112,10
20240307,4,2116,2
20240307,4,2122,0
20240307,4,2128,0
20240307,4,2129,1
20240307,4,2130,0
20240307,4,2139,3
20240307,4,2143,5
20240307,4,2148,2
20240307,4,2159,0
20240307,4,2171,0
20240307,4,2172,1
20240307,4,2178,3
20240307,4,2179,4
20240307,4,2185,18
20240307,4,2186,2
20240307,4,2191,11
20240307,4,2198,1
20240307,4,2199,0
20240307,4,3310,6
20240307,4,3311,0
20240307,4,3802,0
20240307,5,2111,0
20240307,5,2112,10
20240307,5,2116,2
20240307,5,2122,0
20240307,5,2128,0
20240307,5,2129,1
20240307,5,2130,0
20240307,5,2139,3
20240307,5,2143,5
20240307,5,2148,2
20240307,5,2159,0
20240307,5,2171,0
20240307,5,2172,1
20240307,5,2178,3
20240307,5,2179,5
20240307,5,2185,18
20240307,5,2186,2
20240307,5,2191,8
20240307,5,2198,1
20240307,5,2199,0
20240307,5,3310,6
20240307,5,3311,0
20240307,5,3802,0
20240307,6,2111,0
20240307,6,2112,10
20240307,6,2116,2
20240307,6,2122,0
20240307,6,2128,0
20240307,6,2129,1
20240307,6,2130,0
20240307,6,2139,3
20240307,6,2143,5
20240307,6,2148,1
20240307,6,2159,0
20240307,6,2171,0
20240307,6,2172,1
20240307,6,2178,3
20240307,6,2179,5
20240307,6,2185,19
20240307,6,2186,1
20240307,6,2191,9
20240307,6,2198,1
20240307,6,2199,0
20240307,6,3310,6
20240307,6,3311,0
20240307,6,3802,3
20240307,7,2111,0
20240307,7,2112,10
20240307,7,2116,2
20240307,7,2122,0
20240307,7,2128,0
20240307,7,2129,1
20240307,7,2130,0
20240307,7,2139,2
20240307,7,2143,5
20240307,7,2148,2
20240307,7,2159,0
20240307,7,2171,0
20240307,7,2172,1
20240307,7,2178,3
20240307,7,2179,7
20240307,7,2185,19
20240307,7,2186,1
20240307,7,2191,10
20240307,7,2198,1
20240307,7,2199,0
20240307,7,3310,5
20240307,7,3311,1
20240307,7,3802,2
20240307,8,2111,0
20240307,8,2112,10
20240307,8,2116,2
20240307,8,2122,0
20240307,8,2128,0
20240307,8,2129,1
20240307,8,2130,0
20240307,8,2139,2
20240307,8,2143,5
20240307,8,2148,8
20240307,8,2159,0
20240307,8,2171,2
20240307,8,2172,1
20240307,8,2178,3
20240307,8,2179,5
20240307,8,2185,16
20240307,8,2186,1
20240307,8,2191,11
20240307,8,2198,1
20240307,8,2199,0
20240307,8,3310,3
20240307,8,3311,1
20240307,8,3802,2
20240307,9,2111,2
20240307,9,2112,11
20240307,9,2116,4
20240307,9,2122,1
20240307,9,2128,2
20240307,9,2129,1
20240307,9,2130,1
20240307,9,2139,0
20240307,9,2143,4
20240307,9,2148,11
20240307,9,2159,1
20240307,9,2171,8
20240307,9,2172,0
20240307,9,2178,9
20240307,9,2179,4
20240307,9,2185,11
20240307,9,2186,1
20240307,9,2191,9
20240307,9,2198,0
20240307,9,2199,2
20240307,9,3310,0
20240307,9,3311,7
20240307,9,3802,0
20240307,10,2111,1
20240307,10,2112,11
20240307,10,2116,6
20240307,10,2122,2
20240307,10,2128,1
20240307,10,2129,12
20240307,10,2130,1
20240307,10,2139,2
20240307,10,2143,3
20240307,10,2148,10
20240307,10,2159,6
20240307,10,2171,8
20240307,10,2172,3
20240307,10,2178,28
20240307,10,2179,3
20240307,10,2185,10
20240307,10,2186,1
20240307,10,2191,4
20240307,10,2198,0
20240307,10,2199,1
20240307,10,3310,0
20240307,10,3311,7
20240307,10,3802,1
20240307,11,2111,1
20240307,11,2112,12
20240307,11,2116,7
20240307,11,2122,1
20240307,11,2128,3
20240307,11,2129,11
20240307,11,2130,1
20240307,11,2139,2
20240307,11,2143,4
20240307,11,2148,10
20240307,11,2159,5
20240307,11,2171,5
20240307,11,2172,3
20240307,11,2178,28
20240307,11,2179,4
20240307,11,2185,10
20240307,11,2186,1
20240307,11,2191,3
20240307,11,2198,0
20240307,11,2199,1
20240307,11,3310,0
20240307,11,3311,8
20240307,11,3802,1
20240307,12,2111,1
20240307,12,2112,11
20240307,12,2116,7
20240307,12,2122,1
20240307,12,2128,3
20240307,12,2129,11
20240307,12,2130,1
20240307,12,2139,2
20240307,12,2143,4
20240307,12,2148,12
20240307,12,2159,4
20240307,12,2171,5
20240307,12,2172,2
20240307,12,2178,28
20240307,12,2179,5
20240307,12,2185,10
20240307,12,2186,1
20240307,12,2191,5
20240307,12,2198,0
20240307,12,2199,1
20240307,12,3310,0
20240307,12,3311,8
20240307,12,3802,0
20240307,13,2111,0
20240307,13,2112,13
20240307,13,2116,9
20240307,13,2122,2
20240307,13,2128,2
20240307,13,2129,10
20240307,13,2130,0
20240307,13,2139,1
20240307,13,2143,4
20240307,13,2148,11
20240307,13,2159,4
20240307,13,2171,5
20240307,13,2172,2
20240307,13,2178,27
20240307,13,2179,7
20240307,13,2185,12
20240307,13,2186,1
20240307,13,2191,3
20240307,13,2198,1
20240307,13,2199,1
20240307,13,3310,0
20240307,13,3311,9
20240307,13,3802,0
20240307,14,2111,1
20240307,14,2112,15
20240307,14,2116,10
20240307,14,2122,2
20240307,14,2128,1
20240307,14,2129,9
20240307,14,2130,0
20240307,14,2139,0
20240307,14,2143,2
20240307,14,2148,10
20240307,14,2159,5
20240307,14,2171,2
20240307,14,2172,1
20240307,14,2178,30
20240307,14,2179,9
20240307,14,2185,11
20240307,14,2186,1
20240307,14,2191,1
20240307,14,2198,0
20240307,14,2199,1
20240307,14,3310,0
20240307,14,3311,6
20240307,14,3802,1
20240307,15,2111,2
20240307,15,2112,13
20240307,15,2116,6
20240307,15,2122,1
20240307,15,2128,1
20240307,15,2129,7
20240307,15,2130,14
20240307,15,2139,0
20240307,15,2143,2
20240307,15,2148,9
20240307,15,2159,6
20240307,15,2171,2
20240307,15,2172,1
20240307,15,2178,30
20240307,15,2179,9
20240307,15,2185,12
20240307,15,2186,2
20240307,15,2191,2
20240307,15,2198,2
20240307,15,2199,4
20240307,15,3310,0
20240307,15,3311,6
20240307,15,3802,1
20240307,16,2111,3
20240307,16,2112,13
20240307,16,2116,5
20240307,16,2122,2
20240307,16,2128,2
20240307,16,2129,5
20240307,16,2130,14
20240307,16,2139,0
20240307,16,2143,2
20240307,16,2148,8
20240307,16,2159,5
20240307,16,2171,4
20240307,16,2172,3
20240307,16,2178,29
20240307,16,2179,6
20240307,16,2185,11
20240307,16,2186,2
20240307,16,2191,2
20240307,16,2198,2
20240307,16,2199,3
20240307,16,3310,0
20240307,16,3311,7
20240307,16,3802,2
20240307,17,2111,1
20240307,17,2112,14
20240307,17,2116,5
20240307,17,2122,3
20240307,17,2128,4
20240307,17,2129,3
20240307,17,2130,14
20240307,17,2139,1
20240307,17,2143,2
20240307,17,2148,3
20240307,17,2159,5
20240307,17,2171,7
20240307,17,2172,3
20240307,17,2178,27
20240307,17,2179,7
20240307,17,2185,7
20240307,17,2186,3
20240307,17,2191,4
20240307,17,2198,0
20240307,17,2199,4
20240307,17,3310,0
20240307,17,3311,9
20240307,17,3802,2
20240307,18,2111,4
20240307,18,2112,10
20240307,18,2116,5
20240307,18,2122,4
20240307,18,2128,1
20240307,18,2129,0
20240307,18,2130,14
20240307,18,2139,3
20240307,18,2143,4
20240307,18,2148,0
20240307,18,2159,4
20240307,18,2171,9
20240307,18,2172,1
20240307,18,2178,20
20240307,18,2179,7
20240307,18,2185,8
20240307,18,2186,3
20240307,18,2191,3
20240307,18,2198,1
20240307,18,2199,4
20240307,18,3310,0
20240307,18,3311,7
20240307,18,3802,3
20240307,19,2111,5
20240307,19,2112,11
20240307,19,2116,5
20240307,19,2122,5
20240307,19,2128,3
20240307,19,2129,0
20240307,19,2130,12
20240307,19,2139,6
20240307,19,2143,4
20240307,19,2148,2
20240307,19,2159,4
20240307,19,2171,5
20240307,19,2172,1
20240307,19,2178,16
20240307,19,2179,7
20240307,19,2185,10
20240307,19,2186,3
20240307,19,2191,4
20240307,19,2198,1
20240307,19,2199,2
20240307,19,3310,0
20240307,19,3311,4
20240307,19,3802,4
20240307,20,2111,5
20240307,20,2112,7
20240307,20,2116,3
20240307,20,2122,7
20240307,20,2128,1
20240307,20,2129,0
20240307,20,2130,10
20240307,20,2139,7
20240307,20,2143,5
20240307,20,2148,3
20240307,20,2159,5
20240307,20,2171,3
20240307,20,2172,1
20240307,20,2178,12
20240307,20,2179,10
20240307,20,2185,11
20240307,20,2186,4
20240307,20,2191,6
20240307,20,2198,1
20240307,20,2199,3
20240307,20,3310,0
20240307,20,3311,3
20240307,20,3802,3
20240307,21,2111,2
20240307,21,2112,5
20240307,21,2116,2
20240307,21,2122,7
20240307,21,2128,2
20240307,21,2129,0
20240307,21,2130,9
20240307,21,2139,8
20240307,21,2143,5
20240307,21,2148,2
20240307,21,2159,5
20240307,21,2171,1
20240307,21,2172,1
20240307,21,2178,11
20240307,21,2179,9
20240307,21,2185,10
20240307,21,2186,5
20240307,21,2191,4
20240307,21,2198,2
20240307,21,2199,5
20240307,21,3310,0
20240307,21,3311,0
20240307,21,3802,3
20240307,22,2111,3
20240307,22,2112,3
20240307,22,2116,2
20240307,22,2122,4
20240307,22,2128,3
20240307,22,2129,0
20240307,22,2130,9
20240307,22,2139,8
20240307,22,2143,5
20240307,22,2148,2
20240307,22,2159,5
20240307,22,2171,1
20240307,22,2172,1
20240307,22,2178,10
20240307,22,2179,7
20240307,22,2185,10
20240307,22,2186,6
20240307,22,2191,5
20240307,22,2198,1
20240307,22,2199,3
20240307,22,3310,0
20240307,22,3311,0
20240307,22,3802,0
20240307,23,2111,3
20240307,23,2112,3
20240307,23,2116,2
20240307,23,2122,4
20240307,23,2128,4
20240307,23,2129,0
20240307,23,2130,9
20240307,23,2139,10
20240307,23,2143,5
20240307,23,2148,3
20240307,23,2159,5
20240307,23,2171,2
20240307,23,2172,2
20240307,23,2178,10
20240307,23,2179,6
20240307,23,2185,11
20240307,23,2186,6
20240307,23,2191,9
20240307,23,2198,3
20240307,23,2199,2
20240307,23,3310,0
20240307,23,3311,0
20240307,23,3802,0
20240308,1,2111,1
20240308,1,2112,3
20240308,1,2116,2
20240308,1,2122,7
20240308,1,2128,2
20240308,1,2129,0
20240308,1,2130,9
20240308,1,2139,8
20240308,1,2143,5
20240308,1,2148,1
20240308,1,2159,5
20240308,1,2171,0
20240308,1,2172,2
20240308,1,2178,10
20240308,1,2179,7
20240308,1,2185,11
20240308,1,2186,5
20240308,1,2191,10
20240308,1,2198,2
20240308,1,2199,2
20240308,1,3310,0
20240308,1,3311,0
20240308,1,3802,0
20240308,2,2111,0
20240308,2,2112,3
20240308,2,2116,2
20240308,2,2122,6
20240308,2,2128,2
20240308,2,2129,1
20240308,2,2130,9
20240308,2,2139,8
20240308,2,2143,4
20240308,2,2148,1
20240308,2,2159,4
20240308,2,2171,1
20240308,2,2172,1
20240308,2,2178,10
20240308,2,2179,7
20240308,2,2185,11
20240308,2,2186,5
20240308,2,2191,10
20240308,2,2198,3
20240308,2,2199,2
20240308,2,3310,0
20240308,2,3311,0
20240308,2,3802,1
20240308,3,2111,0
20240308,3,2112,2
20240308,3,2116,2
20240308,3,2122,6
20240308,3,2128,1
20240308,3,2129,1
20240308,3,2130,9
20240308,3,2139,9
20240308,3,2143,4
20240308,3,2148,1
20240308,3,2159,3
20240308,3,2171,1
20240308,3,2172,1
20240308,3,2178,10
20240308,3,2179,9
20240308,3,2185,11
20240308,3,2186,5
20240308,3,2191,13
20240308,3,2198,3
20240308,3,2199,4
20240308,3,3310,0
20240308,3,3311,0
20240308,3,3802,1
20240308,4,2111,1
20240308,4,2112,2
20240308,4,2116,2
20240308,4,2122,7
20240308,4,2128,1
20240308,4,2129,0
20240308,4,2130,9
20240308,4,2139,9
20240308,4,2143,4
20240308,4,2148,1
20240308,4,2159,4
20240308,4,2171,1
20240308,4,2172,1
20240308,4,2178,10
20240308,4,2179,9
20240308,4,2185,11
20240308,4,2186,4
20240308,4,2191,13
20240308,4,2198,3
20240308,4,2199,3
20240308,4,3310,0
20240308,4,3311,0
20240308,4,3802,1
20240308,6,2111,1
20240308,6,2112,2
20240308,6,2116,2
20240308,6,2122,6
20240308,6,2128,1
20240308,6,2129,0
20240308,6,2130,9
20240308,6,2139,9
20240308,6,2143,4
20240308,6,2148,1
20240308,6,2159,4
20240308,6,2171,0
20240308,6,2172,1
20240308,6,2178,10
20240308,6,2179,7
20240308,6,2185,12
20240308,6,2186,3
20240308,6,2191,15
20240308,6,2198,3
20240308,6,2199,3
20240308,6,3310,0
20240308,6,3311,0
20240308,6,3802,4
20240308,7,2111,0
20240308,7,2112,2
20240308,7,2116,2
20240308,7,2122,5
20240308,7,2128,1
20240308,7,2129,1
20240308,7,2130,9
20240308,7,2139,9
20240308,7,2143,4
20240308,7,2148,0
20240308,7,2159,4
20240308,7,2171,0
20240308,7,2172,1
20240308,7,2178,10
20240308,7,2179,8
20240308,7,2185,12
20240308,7,2186,3
20240308,7,2191,15
20240308,7,2198,1
20240308,7,2199,4
20240308,7,3310,0
20240308,7,3311,0
20240308,7,3802,7
20240308,8,2111,0
20240308,8,2112,2
20240308,8,2116,2
20240308,8,2122,5
20240308,8,2128,0
20240308,8,2129,0
20240308,8,2130,9
20240308,8,2139,8
20240308,8,2143,3
20240308,8,2148,2
20240308,8,2159,4
20240308,8,2171,2
20240308,8,2172,1
20240308,8,2178,10
20240308,8,2179,9
20240308,8,2185,10
20240308,8,2186,3
20240308,8,2191,14
20240308,8,2198,1
20240308,8,2199,4
20240308,8,3310,0
20240308,8,3311,0
20240308,8,3802,0
20240308,9,2111,1
20240308,9,2112,5
20240308,9,2116,3
20240308,9,2122,4
20240308,9,2128,3
20240308,9,2129,1
20240308,9,2130,9
20240308,9,2139,3
20240308,9,2143,4
20240308,9,2148,4
20240308,9,2159,3
20240308,9,2171,5
20240308,9,2172,2
20240308,9,2178,12
20240308,9,2179,6
20240308,9,2185,9
20240308,9,2186,3
20240308,9,2191,11
20240308,9,2198,0
20240308,9,2199,5
20240308,9,3310,0
20240308,9,3311,5
20240308,9,3802,1
20240308,10,2111,2
20240308,10,2112,6
20240308,10,2116,5
20240308,10,2122,4
20240308,10,2128,3
20240308,10,2129,1
20240308,10,2130,9
20240308,10,2139,2
20240308,10,2143,3
20240308,10,2148,4
20240308,10,2159,3
20240308,10,2171,3
20240308,10,2172,1
20240308,10,2178,14
20240308,10,2179,7
20240308,10,2185,8
20240308,10,2186,2
20240308,10,2191,8
20240308,10,2198,0
20240308,10,2199,5
20240308,10,3310,0
20240308,10,3311,5
20240308,10,3802,0
20240308,11,2111,0
20240308,11,2112,7
20240308,11,2116,7
20240308,11,2122,5
20240308,11,2128,4
20240308,11,2129,1
20240308,11,2130,8
20240308,11,2139,2
20240308,11,2143,3
20240308,11,2148,4
20240308,11,2159,3
20240308,11,2171,1
20240308,11,2172,1
20240308,11,2178,14
20240308,11,2179,7
20240308,11,2185,6
20240308,11,2186,2
20240308,11,2191,8
20240308,11,2198,2
20240308,11,2199,5
20240308,11,3310,0
20240308,11,3311,5
20240308,11,3802,0
20240308,12,2111,0
20240308,12,2112,9
20240308,12,2116,7
20240308,12,2122,6
20240308,12,2128,3
20240308,12,2129,1
20240308,12,2130,9
20240308,12,2139,3
20240308,12,2143,3
20240308,12,2148,6
20240308,12,2159,3
20240308,12,2171,1
20240308,12,2172,0
20240308,12,2178,15
20240308,12,2179,7
20240308,12,2185,7
20240308,12,2186,2
20240308,12,2191,5
20240308,12,2198,1
20240308,12,2199,5
20240308,12,3310,0
20240308,12,3311,7
20240308,12,3802,2
20240308,13,2111,1
20240308,13,2112,11
20240308,13,2116,8
20240308,13,2122,5
20240308,13,2128,1
20240308,13,2129,0
20240308,13,2130,9
20240308,13,2139,0
20240308,13,2143,4
20240308,13,2148,5
20240308,13,2159,4
20240308,13,2171,2
20240308,13,2172,2
20240308,13,2178,14
20240308,13,2179,6
20240308,13,2185,5
20240308,13,2186,2
20240308,13,2191,5
20240308,13,2198,1
20240308,13,2199,5
20240308,13,3310,0
20240308,13,3311,8
20240308,13,3802,0
20240308,14,2111,1
20240308,14,2112,12
20240308,14,2116,8
20240308,14,2122,5
20240308,14,2128,0
20240308,14,2129,1
20240308,14,2130,7
20240308,14,2139,0
20240308,14,2143,4
20240308,14,2148,5
20240308,14,2159,5
20240308,14,2171,0
20240308,14,2172,2
20240308,14,2178,17
20240308,14,2179,6
20240308,14,2185,7
20240308,14,2186,3
20240308,14,2191,4
20240308,14,2198,0
20240308,14,2199,5
20240308,14,3310,0
20240308,14,3311,6
20240308,14,3802,1
20240308,15,2111,0
20240308,15,2112,10
20240308,15,2116,9
20240308,15,2122,5
20240308,15,2128,0
20240308,15,2129,0
20240308,15,2130,7
20240308,15,2139,0
20240308,15,2143,4
20240308,15,2148,3
20240308,15,2159,5
20240308,15,2171,1
20240308,15,2172,4
20240308,15,2178,18
20240308,15,2179,5
20240308,15,2185,5
20240308,15,2186,4
20240308,15,2191,3
20240308,15,2198,0
20240308,15,2199,2
20240308,15,3310,0
20240308,15,3311,5
20240308,15,3802,1
20240308,16,2111,0
20240308,16,2112,12
20240308,16,2116,11
20240308,16,2122,5
20240308,16,2128,0
20240308,16,2129,0
20240308,16,2130,7
20240308,16,2139,1
20240308,16,2143,4
20240308,16,2148,0
20240308,16,2159,4
20240308,16,2171,0
20240308,16,2172,4
20240308,16,2178,17
20240308,16,2179,5
20240308,16,2185,5
20240308,16,2186,3
20240308,16,2191,2
20240308,16,2198,1
20240308,16,2199,2
20240308,16,3310,0
20240308,16,3311,6
20240308,16,3802,1
20240308,17,2111,2
20240308,17,2112,10
20240308,17,2116,9
20240308,17,2122,6
20240308,17,2128,1
20240308,17,2129,0
20240308,17,2130,5
20240308,17,2139,2
20240308,17,2143,4
20240308,17,2148,0
20240308,17,2159,2
20240308,17,2171,5
20240308,17,2172,4
20240308,17,2178,21
20240308,17,2179,6
20240308,17,2185,5
20240308,17,2186,3
20240308,17,2191,1
20240308,17,2198,0
20240308,17,2199,2
20240308,17,3310,0
20240308,17,3311,3
20240308,17,3802,1
20240308,18,2111,3
20240308,18,2112,8
20240308,18,2116,10
20240308,18,2122,2
20240308,18,2128,1
20240308,18,2129,0
20240308,18,2130,5
20240308,18,2139,1
20240308,18,2143,4
20240308,18,2148,2
20240308,18,2159,3
20240308,18,2171,2
20240308,18,2172,4
20240308,18,2178,20
20240308,18,2179,6
20240308,18,2185,5
20240308,18,2186,4
20240308,18,2191,1
20240308,18,2198,2
20240308,18,2199,4
20240308,18,3310,0
20240308,18,3311,4
20240308,18,3802,2
20240308,19,2111,0
20240308,19,2112,9
20240308,19,2116,14
20240308,19,2122,5
20240308,19,2128,1
20240308,19,2129,0
20240308,19,2130,4
20240308,19,2139,6
20240308,19,2143,3
20240308,19,2148,4
20240308,19,2159,3
20240308,19,2171,2
20240308,19,2172,3
20240308,19,2178,19
20240308,19,2179,7
20240308,19,2185,4
20240308,19,2186,4
20240308,19,2191,3
20240308,19,2198,4
20240308,19,2199,2
20240308,19,3310,0
20240308,19,3311,6
20240308,19,3802,2
20240308,20,2111,0
20240308,20,2112,9
20240308,20,2116,17
20240308,20,2122,5
20240308,20,2128,3
20240308,20,2129,0
20240308,20,2130,5
20240308,20,2139,5
20240308,20,2143,4
20240308,20,2148,0
20240308,20,2159,2
20240308,20,2171,2
20240308,20,2172,1
20240308,20,2178,18
20240308,20,2179,8
20240308,20,2185,6
20240308,20,2186,4
20240308,20,2191,4
20240308,20,2198,3
20240308,20,2199,4
20240308,20,3310,0
20240308,20,3311,7
20240308,20,3802,2
20240308,21,2111,0
20240308,21,2112,8
20240308,21,2116,17
20240308,21,2122,5
20240308,21,2128,3
20240308,21,2129,1
20240308,21,2130,5
20240308,21,2139,5
20240308,21,2143,4
20240308,21,2148,2
20240308,21,2159,3
20240308,21,2171,1
20240308,21,2172,1
20240308,21,2178,18
20240308,21,2179,7
20240308,21,2185,6
20240308,21,2186,3
20240308,21,2191,3
20240308,21,2198,2
20240308,21,2199,5
20240308,21,3310,0
20240308,21,3311,4
20240308,21,3802,2
20240308,22,2111,1
20240308,22,2112,6
20240308,22,2116,17
20240308,22,2122,6
20240308,22,2128,3
20240308,22,2129,0
20240308,22,2130,5
20240308,22,2139,5
20240308,22,2143,4
20240308,22,2148,5
20240308,22,2159,3
20240308,22,2171,3
20240308,22,2172,1
20240308,22,2178,18
20240308,22,2179,6
20240308,22,2185,7
20240308,22,2186,4
20240308,22,2191,5
20240308,22,2198,3
20240308,22,2199,2
20240308,22,3310,0
20240308,22,3311,4
20240308,22,3802,0
20240308,23,2111,0
20240308,23,2112,6
20240308,23,2116,16
20240308,23,2122,6
20240308,23,2128,2
20240308,23,2129,0
20240308,23,2130,5
20240308,23,2139,9
20240308,23,2143,4
20240308,23,2148,4
20240308,23,2159,3
20240308,23,2171,4
20240308,23,2172,1
20240308,23,2178,18
20240308,23,2179,6
20240308,23,2185,7
20240308,23,2186,5
20240308,23,2191,6
20240308,23,2198,4
20240308,23,2199,3
20240308,23,3310,0
20240308,23,3311,4
20240308,23,3802,0
20240309,1,2111,0
20240309,1,2112,5
20240309,1,2116,14
20240309,1,2122,6
20240309,1,2128,2
20240309,1,2129,0
20240309,1,2130,5
20240309,1,2139,11
20240309,1,2143,4
20240309,1,2148,4
20240309,1,2159,3
20240309,1,2171,3
20240309,1,2172,1
20240309,1,2178,17
20240309,1,2179,11
20240309,1,2185,8
20240309,1,2186,5
20240309,1,2191,6
20240309,1,2198,3
20240309,1,2199,3
20240309,1,3310,1
20240309,1,3311,2
20240309,1,3802,0
20240309,2,2111,0
20240309,2,2112,4
20240309,2,2116,14
20240309,2,2122,6
20240309,2,2128,1
20240309,2,2129,0
20240309,2,2130,5
20240309,2,2139,11
20240309,2,2143,4
20240309,2,2148,4
20240309,2,2159,3
20240309,2,2171,2
20240309,2,2172,1
20240309,2,2178,17
20240309,2,2179,13
20240309,2,2185,8
20240309,2,2186,5
20240309,2,2191,6
20240309,2,2198,2
20240309,2,2199,3
20240309,2,3310,1
20240309,2,3311,1
20240309,2,3802,0
20240309,3,2111,2
20240309,3,2112,3
20240309,3,2116,12
20240309,3,2122,7
20240309,3,2128,1
20240309,3,2129,0
20240309,3,2130,5
20240309,3,2139,12
20240309,3,2143,4
20240309,3,2148,4
20240309,3,2159,2
20240309,3,2171,1
20240309,3,2172,1
20240309,3,2178,16
20240309,3,2179,11
20240309,3,2185,9
20240309,3,2186,5
20240309,3,2191,6
20240309,3,2198,1
20240309,3,2199,3
20240309,3,3310,1
20240309,3,3311,0
20240309,3,3802,0
20240309,4,2111,2
20240309,4,2112,2
20240309,4,2116,12
20240309,4,2122,7
20240309,4,2128,0
20240309,4,2129,0
20240309,4,2130,5
20240309,4,2139,11
20240309,4,2143,4
20240309,4,2148,4
20240309,4,2159,2
20240309,4,2171,1
20240309,4,2172,1
20240309,4,2178,16
20240309,4,2179,11
20240309,4,2185,9
20240309,4,2186,6
20240309,4,2191,6
20240309,4,2198,1
20240309,4,2199,3
20240309,4,3310,1
20240309,4,3311,0
20240309,4,3802,0
20240309,6,2111,2
20240309,6,2112,3
20240309,6,2116,12
20240309,6,2122,6
20240309,6,2128,0
20240309,6,2129,0
20240309,6,2130,5
20240309,6,2139,11
20240309,6,2143,4
20240309,6,2148,2
20240309,6,2159,3
20240309,6,2171,2
20240309,6,2172,1
20240309,6,2178,19
20240309,6,2179,11
20240309,6,2185,8
20240309,6,2186,4
20240309,6,2191,6
20240309,6,2198,1
20240309,6,2199,3
20240309,6,3310,1
20240309,6,3311,0
20240309,6,3802,1
20240309,7,2111,2
20240309,7,2112,3
20240309,7,2116,12
20240309,7,2122,6
20240309,7,2128,0
20240309,7,2129,0
20240309,7,2130,5
20240309,7,2139,11
20240309,7,2143,4
20240309,7,2148,2
20240309,7,2159,3
20240309,7,2171,2
20240309,7,2172,1
20240309,7,2178,19
20240309,7,2179,11
20240309,7,2185,8
20240309,7,2186,5
20240309,7,2191,7
20240309,7,2198,1
20240309,7,2199,2
20240309,7,3310,1
20240309,7,3311,0
20240309,7,3802,1
20240309,8,2111,2
20240309,8,2112,3
20240309,8,2116,12
20240309,8,2122,6
20240309,8,2128,0
20240309,8,2129,0
20240309,8,2130,5
20240309,8,2139,11
20240309,8,2143,5
20240309,8,2148,2
20240309,8,2159,3
20240309,8,2171,4
20240309,8,2172,1
20240309,8,2178,19
20240309,8,2179,11
20240309,8,2185,7
20240309,8,2186,5
20240309,8,2191,6
20240309,8,2198,1
20240309,8,2199,3
20240309,8,3310,2
20240309,8,3311,1
20240309,8,3802,1
20240309,9,2111,3
20240309,9,2112,3
20240309,9,2116,12
20240309,9,2122,7
20240309,9,2128,1
20240309,9,2129,0
20240309,9,2130,5
20240309,9,2139,11
20240309,9,2143,4
20240309,9,2148,2
20240309,9,2159,2
20240309,9,2171,8
20240309,9,2172,1
20240309,9,2178,20
20240309,9,2179,11
20240309,9,2185,6
20240309,9,2186,4
20240309,9,2191,4
20240309,9,2198,1
20240309,9,2199,3
20240309,9,3310,0
20240309,9,3311,0
20240309,9,3802,2
20240309,10,2111,3
20240309,10,2112,4
20240309,10,2116,12
20240309,10,2122,5
20240309,10,2128,0
20240309,10,2129,0
20240309,10,2130,5
20240309,10,2139,10
20240309,10,2143,4
20240309,10,2148,2
20240309,10,2159,3
20240309,10,2171,9
20240309,10,2172,4
20240309,10,2178,17
20240309,10,2179,11
20240309,10,2185,6
20240309,10,2186,4
20240309,10,2191,4
20240309,10,2198,0
20240309,10,2199,3
20240309,10,3310,0
20240309,10,3311,0
20240309,10,3802,5
20240309,11,2111,5
20240309,11,2112,4
20240309,11,2116,12
20240309,11,2122,4
20240309,11,2128,2
20240309,11,2129,0
20240309,11,2130,4
20240309,11,2139,9
20240309,11,2143,4
20240309,11,2148,1
20240309,11,2159,3
20240309,11,2171,10
20240309,11,2172,5
20240309,11,2178,17
20240309,11,2179,12
20240309,11,2185,5
20240309,11,2186,4
20240309,11,2191,4
20240309,11,2198,0
20240309,11,2199,3
20240309,11,3310,0
20240309,11,3311,0
20240309,11,3802,3
20240309,12,2111,9
20240309,12,2112,6
20240309,12,2116,13
20240309,12,2122,3
20240309,12,2128,3
20240309,12,2129,0
20240309,12,2130,4
20240309,12,2139,8
20240309,12,2143,5
20240309,12,2148,1
20240309,12,2159,3
20240309,12,2171,11
20240309,12,2172,5
20240309,12,2178,16
20240309,12,2179,13
20240309,12,2185,4
20240309,12,2186,4
20240309,12,2191,5
20240309,12,2198,2
20240309,12,2199,3
20240309,12,3310,0
20240309,12,3311,0
20240309,12,3802,0
20240309,13,2111,11
20240309,13,2112,6
20240309,13,2116,12
20240309,13,2122,2
20240309,13,2128,0
20240309,13,2129,0
20240309,13,2130,4
20240309,13,2139,7
20240309,13,2143,5
20240309,13,2148,0
20240309,13,2159,2
20240309,13,2171,9
20240309,13,2172,5
20240309,13,2178,17
20240309,13,2179,14
20240309,13,2185,4
20240309,13,2186,4
20240309,13,2191,5
20240309,13,2198,1
20240309,13,2199,5
20240309,13,3310,0
20240309,13,3311,1
20240309,13,3802,1
20240309,14,2111,9
20240309,14,2112,5
20240309,14,2116,13
20240309,14,2122,3
20240309,14,2128,0
20240309,14,2129,0
20240309,14,2130,4
20240309,14,2139,7
20240309,14,2143,6
20240309,14,2148,0
20240309,14,2159,2
20240309,14,2171,9
20240309,14,2172,6
20240309,14,2178,17
20240309,14,2179,12
20240309,14,2185,4
20240309,14,2186,4
20240309,14,2191,2
20240309,14,2198,3
20240309,14,2199,5
20240309,14,3310,0
20240309,14,3311,3
20240309,14,3802,0
20240309,15,2111,6
20240309,15,2112,4
20240309,15,2116,14
20240309,15,2122,5
20240309,15,2128,0
20240309,15,2129,0
20240309,15,2130,4
20240309,15,2139,6
20240309,15,2143,6
20240309,15,2148,0
20240309,15,2159,3
20240309,15,2171,11
20240309,15,2172,7
20240309,15,2178,18
20240309,15,2179,9
20240309,15,2185,5
20240309,15,2186,5
20240309,15,2191,2
20240309,15,2198,3
20240309,15,2199,6
20240309,15,3310,0
20240309,15,3311,2
20240309,15,3802,0
20240309,16,2111,10
20240309,16,2112,3
20240309,16,2116,15
20240309,16,2122,3
20240309,16,2128,0
20240309,16,2129,0
20240309,16,2130,2
20240309,16,2139,6
20240309,16,2143,6
20240309,16,2148,0
20240309,16,2159,1
20240309,16,2171,8
20240309,16,2172,5
20240309,16,2178,18
20240309,16,2179,9
20240309,16,2185,5
20240309,16,2186,5
20240309,16,2191,1
20240309,16,2198,4
20240309,16,2199,6
20240309,16,3310,0
20240309,16,3311,2
20240309,16,3802,0
20240309,17,2111,13
20240309,17,2112,5
20240309,17,2116,17
20240309,17,2122,1
20240309,17,2128,3
20240309,17,2129,0
20240309,17,2130,1
20240309,17,2139,5
20240309,17,2143,4
20240309,17,2148,1
20240309,17,2159,2
20240309,17,2171,7
20240309,17,2172,5
20240309,17,2178,14
20240309,17,2179,8
20240309,17,2185,6
20240309,17,2186,3
20240309,17,2191,4
20240309,17,2198,4
20240309,17,2199,4
20240309,17,3310,0
20240309,17,3311,2
20240309,17,3802,0
20240309,18,2111,18
20240309,18,2112,4
20240309,18,2116,18
20240309,18,2122,0
20240309,18,2128,3
20240309,18,2129,0
20240309,18,2130,1
20240309,18,2139,4
20240309,18,2143,4
20240309,18,2148,1
20240309,18,2159,2
20240309,18,2171,9
20240309,18,2172,5
20240309,18,2178,15
20240309,18,2179,5
20240309,18,2185,5
20240309,18,2186,2
20240309,18,2191,3
20240309,18,2198,4
20240309,18,2199,2
20240309,18,3310,0
20240309,18,3311,1
20240309,18,3802,0
20240309,19,2111,18
20240309,19,2112,3
20240309,19,2116,19
20240309,19,2122,0
20240309,19,2128,5
20240309,19,2129,1
20240309,19,2130,1
20240309,19,2139,5
20240309,19,2143,4
20240309,19,2148,0
20240309,19,2159,2
20240309,19,2171,7
20240309,19,2172,5
20240309,19,2178,15
20240309,19,2179,5
20240309,19,2185,5
20240309,19,2186,2
20240309,19,2191,1
20240309,19,2198,2
20240309,19,2199,1
20240309,19,3310,0
20240309,19,3311,1
20240309,19,3802,1
20240309,20,2111,20
20240309,20,2112,2
20240309,20,2116,16
20240309,20,2122,0
20240309,20,2128,4
20240309,20,2129,2
20240309,20,2130,1
20240309,20,2139,5
20240309,20,2143,5
20240309,20,2148,0
20240309,20,2159,2
20240309,20,2171,5
20240309,20,2172,6
20240309,20,2178,15
20240309,20,2179,5
20240309,20,2185,6
20240309,20,2186,2
20240309,20,2191,1
20240309,20,2198,2
20240309,20,2199,1
20240309,20,3310,0
20240309,20,3311,2
20240309,20,3802,1
20240309,21,2111,18
20240309,21,2112,3
20240309,21,2116,14
20240309,21,2122,14
20240309,21,2128,4
20240309,21,2129,1
20240309,21,2130,0
20240309,21,2139,5
20240309,21,2143,5
20240309,21,2148,1
20240309,21,2159,1
20240309,21,2171,4
20240309,21,2172,7
20240309,21,2178,16
20240309,21,2179,4
20240309,21,2185,5
20240309,21,2186,2
20240309,21,2191,1
20240309,21,2198,2
20240309,21,2199,0
20240309,21,3310,0
20240309,21,3311,1
20240309,21,3802,1
20240309,22,2111,18
20240309,22,2112,0
20240309,22,2116,16
20240309,22,2122,14
20240309,22,2128,2
20240309,22,2129,1
20240309,22,2130,0
20240309,22,2139,8
20240309,22,2143,5
20240309,22,2148,2
20240309,22,2159,1
20240309,22,2171,11
20240309,22,2172,7
20240309,22,2178,14
20240309,22,2179,4
20240309,22,2185,5
20240309,22,2186,2
20240309,22,2191,4
20240309,22,2198,2
20240309,22,2199,1
20240309,22,3310,0
20240309,22,3311,1
20240309,22,3802,1
20240309,23,2111,17
20240309,23,2112,0
20240309,23,2116,17
20240309,23,2122,15
20240309,23,2128,3
20240309,23,2129,1
20240309,23,2130,0
20240309,23,2139,9
20240309,23,2143,6
20240309,23,2148,2
20240309,23,2159,1
20240309,23,2171,9
20240309,23,2172,7
20240309,23,2178,12
20240309,23,2179,4
20240309,23,2185,5
20240309,23,2186,2
20240309,23,2191,4
20240309,23,2198,5
20240309,23,2199,1
20240309,23,3310,0
20240309,23,3311,1
20240309,23,3802,1
20240310,0,2111,15
20240310,0,2112,0
20240310,0,2116,18
20240310,0,2122,15
20240310,0,2128,2
20240310,0,2129,1
20240310,0,2130,0
20240310,0,2139,8
20240310,0,2143,6
20240310,0,2148,2
20240310,0,2159,1
20240310,0,2171,7
20240310,0,2172,7
20240310,0,2178,12
20240310,0,2179,7
20240310,0,2185,6
20240310,0,2186,2
20240310,0,2191,7
20240310,0,2198,7
20240310,0,2199,1
20240310,0,3310,0
20240310,0,3311,1
20240310,0,3802,1
20240310,1,2111,14
20240310,1,2112,2
20240310,1,2116,17
20240310,1,2122,16
20240310,1,2128,1
20240310,1,2129,1
20240310,1,2130,0
20240310,1,2139,8
20240310,1,2143,6
20240310,1,2148,1
20240310,1,2159,1
20240310,1,2171,8
20240310,1,2172,7
20240310,1,2178,11
20240310,1,2179,8
20240310,1,2185,7
20240310,1,2186,3
20240310,1,2191,8
20240310,1,2198,5
20240310,1,2199,1
20240310,1,3310,0
20240310,1,3311,2
20240310,1,3802,0
20240310,2,2111,12
20240310,2,2112,2
20240310,2,2116,17
20240310,2,2122,15
20240310,2,2128,2
20240310,2,2129,1
20240310,2,2130,0
20240310,2,2139,8
20240310,2,2143,6
20240310,2,2148,0
20240310,2,2159,1
20240310,2,2171,9
20240310,2,2172,7
20240310,2,2178,11
20240310,2,2179,7
20240310,2,2185,6
20240310,2,2186,3
20240310,2,2191,9
20240310,2,2198,4
20240310,2,2199,1
20240310,2,3310,1
20240310,2,3311,2
20240310,2,3802,0
20240310,3,2111,13
20240310,3,2112,2
20240310,3,2116,17
20240310,3,2122,15
20240310,3,2128,1
20240310,3,2129,1
20240310,3,2130,0
20240310,3,2139,9
20240310,3,2143,6
20240310,3,2148,0
20240310,3,2159,0
20240310,3,2171,8
20240310,3,2172,7
20240310,3,2178,11
20240310,3,2179,8
20240310,3,2185,6
20240310,3,2186,3
20240310,3,2191,9
20240310,3,2198,4
20240310,3,2199,1
20240310,3,3310,1
20240310,3,3311,3
20240310,3,3802,0
20240310,4,2111,14
20240310,4,2112,2
20240310,4,2116,17
20240310,4,2122,16
20240310,4,2128,1
20240310,4,2129,1
20240310,4,2130,0
20240310,4,2139,10
20240310,4,2143,6
20240310,4,2148,0
20240310,4,2159,0
20240310,4,2171,6
20240310,4,2172,7
20240310,4,2178,12
20240310,4,2179,8
20240310,4,2185,6
20240310,4,2186,4
20240310,4,2191,9
20240310,4,2198,4
20240310,4,2199,1
20240310,4,3310,1
20240310,4,3311,3
20240310,4,3802,0
20240310,6,2111,14
20240310,6,2112,3
20240310,6,2116,17
20240310,6,2122,16
20240310,6,2128,1
20240310,6,2129,1
20240310,6,2130,0
20240310,6,2139,13
20240310,6,2143,8
20240310,6,2148,0
20240310,6,2159,0
20240310,6,2171,7
20240310,6,2172,7
20240310,6,2178,11
20240310,6,2179,9
20240310,6,2185,7
20240310,6,2186,4
20240310,6,2191,8
20240310,6,2198,4
20240310,6,2199,1
20240310,6,3310,1
20240310,6,3311,3
20240310,6,3802,0
20240310,7,2111,14
20240310,7,2112,3
20240310,7,2116,17
20240310,7,2122,16
20240310,7,2128,1
20240310,7,2129,1
20240310,7,2130,0
20240310,7,2139,12
20240310,7,2143,8
20240310,7,2148,0
20240310,7,2159,0
20240310,7,2171,7
20240310,7,2172,7
20240310,7,2178,11
20240310,7,2179,10
20240310,7,2185,6
20240310,7,2186,4
20240310,7,2191,8
20240310,7,2198,4
20240310,7,2199,0
20240310,7,3310,1
20240310,7,3311,3
20240310,7,3802,0
20240310,8,2111,14
20240310,8,2112,3
20240310,8,2116,16
20240310,8,2122,17
20240310,8,2128,1
20240310,8,2129,1
20240310,8,2130,0
20240310,8,2139,12
20240310,8,2143,8
20240310,8,2148,0
20240310,8,2159,0
20240310,8,2171,6
20240310,8,2172,7
20240310,8,2178,11
20240310,8,2179,9
20240310,8,2185,5
20240310,8,2186,4
20240310,8,2191,8
20240310,8,2198,4
20240310,8,2199,1
20240310,8,3310,1
20240310,8,3311,3
20240310,8,3802,0
20240310,9,2111,14
20240310,9,2112,2
20240310,9,2116,18
20240310,9,2122,16
20240310,9,2128,2
20240310,9,2129,1
20240310,9,2130,0
20240310,9,2139,11
20240310,9,2143,7
20240310,9,2148,0
20240310,9,2159,0
20240310,9,2171,4
20240310,9,2172,6
20240310,9,2178,12
20240310,9,2179,9
20240310,9,2185,4
20240310,9,2186,4
20240310,9,2191,8
20240310,9,2198,4
20240310,9,2199,1
20240310,9,3310,1
20240310,9,3311,4
20240310,9,3802,0
20240310,10,2111,17
20240310,10,2112,2
20240310,10,2116,17
20240310,10,2122,14
20240310,10,2128,2
20240310,10,2129,0
20240310,10,2130,0
20240310,10,2139,10
20240310,10,2143,7
20240310,10,2148,0
20240310,10,2159,0
20240310,10,2171,5
20240310,10,2172,9
20240310,10,2178,12
20240310,10,2179,8
20240310,10,2185,5
20240310,10,2186,3
20240310,10,2191,10
20240310,10,2198,3
20240310,10,2199,0
20240310,10,3310,1
20240310,10,3311,3
20240310,10,3802,0
20240310,11,2111,18
20240310,11,2112,2
20240310,11,2116,17
20240310,11,2122,13
20240310,11,2128,2
20240310,11,2129,0
20240310,11,2130,0
20240310,11,2139,7
20240310,11,2143,7
20240310,11,2148,0
20240310,11,2159,0
20240310,11,2171,4
20240310,11,2172,10
20240310,11,2178,13
20240310,11,2179,10
20240310,11,2185,4
20240310,11,2186,3
20240310,11,2191,8
20240310,11,2198,5
20240310,11,2199,1
20240310,11,3310,1
20240310,11,3311,5
20240310,11,3802,0
20240310,12,2111,18
20240310,12,2112,3
20240310,12,2116,18
20240310,12,2122,12
20240310,12,2128,1
20240310,12,2129,0
20240310,12,2130,0
20240310,12,2139,6
20240310,12,2143,7
20240310,12,2148,0
20240310,12,2159,0
20240310,12,2171,3
20240310,12,2172,12
20240310,12,2178,14
20240310,12,2179,5
20240310,12,2185,3
20240310,12,2186,3
20240310,12,2191,8
20240310,12,2198,4
20240310,12,2199,1
20240310,12,3310,1
20240310,12,3311,5
20240310,12,3802,0
20240310,13,2111,17
20240310,13,2112,2
20240310,13,2116,21
20240310,13,2122,12
20240310,13,2128,1
20240310,13,2129,0
20240310,13,2130,0
20240310,13,2139,3
20240310,13,2143,8
20240310,13,2148,0
20240310,13,2159,0
20240310,13,2171,4
20240310,13,2172,10
20240310,13,2178,17
20240310,13,2179,8
20240310,13,2185,3
20240310,13,2186,3
20240310,13,2191,6
20240310,13,2198,6
20240310,13,2199,1
20240310,13,3310,1
20240310,13,3311,6
20240310,13,3802,0
20240310,14,2111,13
20240310,14,2112,2
20240310,14,2116,17
20240310,14,2122,9
20240310,14,2128,2
20240310,14,2129,0
20240310,14,2130,0
20240310,14,2139,1
20240310,14,2143,8
20240310,14,2148,0
20240310,14,2159,2
20240310,14,2171,3
20240310,14,2172,11
20240310,14,2178,19
20240310,14,2179,5
20240310,14,2185,3
20240310,14,2186,3
20240310,14,2191,4
20240310,14,2198,7
20240310,14,2199,1
20240310,14,3310,0
20240310,14,3311,7
20240310,14,3802,0
20240310,15,2111,10
20240310,15,2112,2
20240310,15,2116,18
20240310,15,2122,8
20240310,15,2128,2
20240310,15,2129,12
20240310,15,2130,0
20240310,15,2139,0
20240310,15,2143,10
20240310,15,2148,1
20240310,15,2159,2
20240310,15,2171,3
20240310,15,2172,9
20240310,15,2178,17
20240310,15,2179,7
20240310,15,2185,4
20240310,15,2186,1
20240310,15,2191,7
20240310,15,2198,6
20240310,15,2199,2
20240310,15,3310,0
20240310,15,3311,8
20240310,15,3802,2
20240310,16,2111,6
20240310,16,2112,2
20240310,16,2116,19
20240310,16,2122,4
20240310,16,2128,3
20240310,16,2129,13
20240310,16,2130,0
20240310,16,2139,2
20240310,16,2143,11
20240310,16,2148,0
20240310,16,2159,1
20240310,16,2171,3
20240310,16,2172,6
20240310,16,2178,15
20240310,16,2179,6
20240310,16,2185,3
20240310,16,2186,3
20240310,16,2191,4
20240310,16,2198,5
20240310,16,2199,2
20240310,16,3310,0
20240310,16,3311,4
20240310,16,3802,6
20240310,17,2111,6
20240310,17,2112,4
20240310,17,2116,17
20240310,17,2122,3
20240310,17,2128,0
20240310,17,2129,12
20240310,17,2130,0
20240310,17,2139,1
20240310,17,2143,9
20240310,17,2148,0
20240310,17,2159,1
20240310,17,2171,9
20240310,17,2172,6
20240310,17,2178,14
20240310,17,2179,7
20240310,17,2185,4
20240310,17,2186,1
20240310,17,2191,3
20240310,17,2198,4
20240310,17,2199,1
20240310,17,3310,0
20240310,17,3311,7
20240310,17,3802,3
20240310,18,2111,9
20240310,18,2112,6
20240310,18,2116,18
20240310,18,2122,4
20240310,18,2128,3
20240310,18,2129,9
20240310,18,2130,0
20240310,18,2139,2
20240310,18,2143,9
20240310,18,2148,2
20240310,18,2159,1
20240310,18,2171,11
20240310,18,2172,7
20240310,18,2178,12
20240310,18,2179,4
20240310,18,2185,5
20240310,18,2186,2
20240310,18,2191,3
20240310,18,2198,5
20240310,18,2199,1
20240310,18,3310,0
20240310,18,3311,7
20240310,18,3802,4
20240310,19,2111,9
20240310,19,2112,8
20240310,19,2116,17
20240310,19,2122,5
20240310,19,2128,4
20240310,19,2129,7
20240310,19,2130,0
20240310,19,2139,2
20240310,19,2143,9
20240310,19,2148,3
20240310,19,2159,1
20240310,19,2171,9
20240310,19,2172,7
20240310,19,2178,11
20240310,19,2179,4
20240310,19,2185,3
20240310,19,2186,1
20240310,19,2191,3
20240310,19,2198,11
20240310,19,2199,1
20240310,19,3310,0
20240310,19,3311,6
20240310,19,3802,5
20240310,20,2111,8
20240310,20,2112,7
20240310,20,2116,18
20240310,20,2122,5
20240310,20,2128,6
20240310,20,2129,6
20240310,20,2130,0
20240310,20,2139,3
20240310,20,2143,9
20240310,20,2148,3
20240310,20,2159,1
20240310,20,2171,8
20240310,20,2172,11
20240310,20,2178,10
20240310,20,2179,5
20240310,20,2185,4
20240310,20,2186,1
20240310,20,2191,4
20240310,20,2198,12
20240310,20,2199,0
20240310,20,3310,0
20240310,20,3311,7
20240310,20,3802,5
20240310,21,2111,8
20240310,21,2112,10
20240310,21,2116,18
20240310,21,2122,3
20240310,21,2128,6
20240310,21,2129,5
20240310,21,2130,0
20240310,21,2139,3
20240310,21,2143,9
20240310,21,2148,3
20240310,21,2159,2
20240310,21,2171,9
20240310,21,2172,10
20240310,21,2178,10
20240310,21,2179,8
20240310,21,2185,5
20240310,21,2186,1
20240310,21,2191,5
20240310,21,2198,12
20240310,21,2199,0
20240310,21,3310,0
20240310,21,3311,8
20240310,21,3802,5
20240310,22,2111,8
20240310,22,2112,9
20240310,22,2116,17
20240310,22,2122,1
20240310,22,2128,7
20240310,22,2129,6
20240310,22,2130,0
20240310,22,2139,4
20240310,22,2143,9
20240310,22,2148,4
20240310,22,2159,3
20240310,22,2171,7
20240310,22,2172,9
20240310,22,2178,10
20240310,22,2179,9
20240310,22,2185,4
20240310,22,2186,1
20240310,22,2191,4
20240310,22,2198,14
20240310,22,2199,0
20240310,22,3310,1
20240310,22,3311,7
20240310,22,3802,5
20240310,23,2111,7
20240310,23,2112,9
20240310,23,2116,18
20240310,23,2122,1
20240310,23,2128,8
20240310,23,2129,7
20240310,23,2130,0
20240310,23,2139,8
20240310,23,2143,9
20240310,23,2148,2
20240310,23,2159,3
20240310,23,2171,6
20240310,23,2172,9
20240310,23,2178,10
20240310,23,2179,10
20240310,23,2185,4
20240310,23,2186,1
20240310,23,2191,3
20240310,23,2198,16
20240310,23,2199,0
20240310,23,3310,2
20240310,23,3311,6
20240310,23,3802,5
20240311,0,2111,6
20240311,0,2112,10
20240311,0,2116,18
20240311,0,2122,2
20240311,0,2128,9
20240311,0,2129,7
20240311,0,2130,0
20240311,0,2139,8
20240311,0,2143,8
20240311,0,2148,4
20240311,0,2159,3
20240311,0,2171,5
20240311,0,2172,9
20240311,0,2178,11
20240311,0,2179,10
20240311,0,2185,5
20240311,0,2186,1
20240311,0,2191,5
20240311,0,2198,14
20240311,0,2199,0
20240311,0,3310,2
20240311,0,3311,4
20240311,0,3802,5
20240311,1,2111,5
20240311,1,2112,10
20240311,1,2116,18
20240311,1,2122,3
20240311,1,2128,8
20240311,1,2129,7
20240311,1,2130,0
20240311,1,2139,8
20240311,1,2143,9
20240311,1,2148,2
20240311,1,2159,3
20240311,1,2171,5
20240311,1,2172,7
20240311,1,2178,10
20240311,1,2179,13
20240311,1,2185,4
20240311,1,2186,1
20240311,1,2191,6
20240311,1,2198,13
20240311,1,2199,0
20240311,1,3310,2
20240311,1,3311,5
20240311,1,3802,5
20240311,2,2111,4
20240311,2,2112,10
20240311,2,2116,18
20240311,2,2122,3
20240311,2,2128,8
20240311,2,2129,7
20240311,2,2130,0
20240311,2,2139,8
20240311,2,2143,11
20240311,2,2148,1
20240311,2,2159,3
20240311,2,2171,5
20240311,2,2172,7
20240311,2,2178,9
20240311,2,2179,14
20240311,2,2185,4
20240311,2,2186,1
20240311,2,2191,6
20240311,2,2198,12
20240311,2,2199,0
20240311,2,3310,2
20240311,2,3311,5
20240311,2,3802,5
20240311,3,2111,4
20240311,3,2112,9
20240311,3,2116,20
20240311,3,2122,2
20240311,3,2128,7
20240311,3,2129,7
20240311,3,2130,0
20240311,3,2139,8
20240311,3,2143,11
20240311,3,2148,1
20240311,3,2159,3
20240311,3,2171,4
20240311,3,2172,7
20240311,3,2178,9
20240311,3,2179,13
20240311,3,2185,4
20240311,3,2186,1
20240311,3,2191,7
20240311,3,2198,12
20240311,3,2199,0
20240311,3,3310,2
20240311,3,3311,5
20240311,3,3802,5
20240311,4,2111,5
20240311,4,2112,9
20240311,4,2116,21
20240311,4,2122,2
20240311,4,2128,7
20240311,4,2129,7
20240311,4,2130,0
20240311,4,2139,9
20240311,4,2143,11
20240311,4,2148,0
20240311,4,2159,3
20240311,4,2171,4
20240311,4,2172,7
20240311,4,2178,8
20240311,4,2179,12
20240311,4,2185,5
20240311,4,2186,1
20240311,4,2191,7
20240311,4,2198,12
20240311,4,2199,0
20240311,4,3310,2
20240311,4,3311,5
20240311,4,3802,5
20240311,6,2111,4
20240311,6,2112,10
20240311,6,2116,20
20240311,6,2122,1
20240311,6,2128,7
20240311,6,2129,7
20240311,6,2130,0
20240311,6,2139,8
20240311,6,2143,11
20240311,6,2148,0
20240311,6,2159,3
20240311,6,2171,4
20240311,6,2172,7
20240311,6,2178,8
20240311,6,2179,12
20240311,6,2185,6
20240311,6,2186,1
20240311,6,2191,6
20240311,6,2198,12
20240311,6,2199,0
20240311,6,3310,2
20240311,6,3311,4
20240311,6,3802,8
20240311,7,2111,4
20240311,7,2112,8
20240311,7,2116,21
20240311,7,2122,1
20240311,7,2128,7
20240311,7,2129,6
20240311,7,2130,0
20240311,7,2139,7
20240311,7,2143,11
20240311,7,2148,0
20240311,7,2159,3
20240311,7,2171,4
20240311,7,2172,7
20240311,7,2178,8
20240311,7,2179,12
20240311,7,2185,6
20240311,7,2186,1
20240311,7,2191,5
20240311,7,2198,11
20240311,7,2199,0
20240311,7,3310,1
20240311,7,3311,4
20240311,7,3802,10
20240311,8,2111,5
20240311,8,2112,6
20240311,8,2116,20
20240311,8,2122,0
20240311,8,2128,7
20240311,8,2129,6
20240311,8,2130,0
20240311,8,2139,6
20240311,8,2143,10
20240311,8,2148,0
20240311,8,2159,2
20240311,8,2171,5
20240311,8,2172,8
20240311,8,2178,8
20240311,8,2179,11
20240311,8,2185,5
20240311,8,2186,0
20240311,8,2191,4
20240311,8,2198,11
20240311,8,2199,0
20240311,8,3310,0
20240311,8,3311,8
20240311,8,3802,8
20240311,9,2111,5
20240311,9,2112,8
20240311,9,2116,21
20240311,9,2122,1
20240311,9,2128,7
20240311,9,2129,5
20240311,9,2130,1
20240311,9,2139,1
20240311,9,2143,9
20240311,9,2148,0
20240311,9,2159,2
20240311,9,2171,8
20240311,9,2172,8
20240311,9,2178,10
20240311,9,2179,9
20240311,9,2185,1
20240311,9,2186,0
20240311,9,2191,1
20240311,9,2198,9
20240311,9,2199,3
20240311,9,3310,0
20240311,9,3311,9
20240311,9,3802,8
20240311,10,2111,4
20240311,10,2112,10
20240311,10,2116,21
20240311,10,2122,2
20240311,10,2128,6
20240311,10,2129,4
20240311,10,2130,1
20240311,10,2139,0
20240311,10,2143,7
20240311,10,2148,0
20240311,10,2159,3
20240311,10,2171,8
20240311,10,2172,8
20240311,10,2178,14
20240311,10,2179,6
20240311,10,2185,1
20240311,10,2186,0
20240311,10,2191,2
20240311,10,2198,8
20240311,10,2199,1
20240311,10,3310,0
20240311,10,3311,11
20240311,10,3802,6
20240311,11,2111,2
20240311,11,2112,10
20240311,11,2116,21
20240311,11,2122,0
20240311,11,2128,8
20240311,11,2129,5
20240311,11,2130,1
20240311,11,2139,0
20240311,11,2143,7
20240311,11,2148,0
20240311,11,2159,3
20240311,11,2171,9
20240311,11,2172,8
20240311,11,2178,16
20240311,11,2179,8
20240311,11,2185,1
20240311,11,2186,0
20240311,11,2191,3
20240311,11,2198,6
20240311,11,2199,2
20240311,11,3310,0
20240311,11,3311,10
20240311,11,3802,4
20240311,12,2111,2
20240311,12,2112,8
20240311,12,2116,24
20240311,12,2122,0
20240311,12,2128,6
20240311,12,2129,6
20240311,12,2130,1
20240311,12,2139,0
20240311,12,2143,7
20240311,12,2148,0
20240311,12,2159,3
20240311,12,2171,8
20240311,12,2172,8
20240311,12,2178,17
20240311,12,2179,10
20240311,12,2185,4
20240311,12,2186,1
20240311,12,2191,2
20240311,12,2198,5
20240311,12,2199,2
20240311,12,3310,0
20240311,12,3311,10
20240311,12,3802,5
20240311,13,2111,4
20240311,13,2112,10
20240311,13,2116,24
20240311,13,2122,0
20240311,13,2128,5
20240311,13,2129,7
20240311,13,2130,0
20240311,13,2139,1
20240311,13,2143,7
20240311,13,2148,1
20240311,13,2159,2
20240311,13,2171,10
20240311,13,2172,8
20240311,13,2178,18
20240311,13,2179,10
20240311,13,2185,4
20240311,13,2186,1
20240311,13,2191,2
20240311,13,2198,6
20240311,13,2199,1
20240311,13,3310,0
20240311,13,3311,11
20240311,13,3802,1
20240311,14,2111,5
20240311,14,2112,9
20240311,14,2116,25
20240311,14,2122,2
20240311,14,2128,3
20240311,14,2129,7
20240311,14,2130,2
20240311,14,2139,1
20240311,14,2143,8
20240311,14,2148,1
20240311,14,2159,2
20240311,14,2171,12
20240311,14,2172,9
20240311,14,2178,15
20240311,14,2179,9
20240311,14,2185,4
20240311,14,2186,1
20240311,14,2191,1
20240311,14,2198,6
20240311,14,2199,1
20240311,14,3310,0
20240311,14,3311,10
20240311,14,3802,1
20240311,15,2111,5
20240311,15,2112,13
20240311,15,2116,24
20240311,15,2122,2
20240311,15,2128,3
20240311,15,2129,6
20240311,15,2130,2
20240311,15,2139,1
20240311,15,2143,8
20240311,15,2148,0
20240311,15,2159,2
20240311,15,2171,10
20240311,15,2172,6
20240311,15,2178,16
20240311,15,2179,6
20240311,15,2185,2
20240311,15,2186,2
20240311,15,2191,3
20240311,15,2198,6
20240311,15,2199,1
20240311,15,3310,0
20240311,15,3311,12
20240311,15,3802,3
20240311,16,2111,5
20240311,16,2112,13
20240311,16,2116,24
20240311,16,2122,2
20240311,16,2128,4
20240311,16,2129,4
20240311,16,2130,2
20240311,16,2139,1
20240311,16,2143,9
20240311,16,2148,0
20240311,16,2159,2
20240311,16,2171,12
20240311,16,2172,3
20240311,16,2178,15
20240311,16,2179,6
20240311,16,2185,3
20240311,16,2186,2
20240311,16,2191,5
20240311,16,2198,7
20240311,16,2199,2
20240311,16,3310,0
20240311,16,3311,8
20240311,16,3802,1
20240311,17,2111,5
20240311,17,2112,13
20240311,17,2116,24
20240311,17,2122,0
20240311,17,2128,8
20240311,17,2129,2
20240311,17,2130,2
20240311,17,2139,0
20240311,17,2143,10
20240311,17,2148,0
20240311,17,2159,1
20240311,17,2171,14
20240311,17,2172,3
20240311,17,2178,13
20240311,17,2179,9
20240311,17,2185,3
20240311,17,2186,2
20240311,17,2191,3
20240311,17,2198,6
20240311,17,2199,1
20240311,17,3310,20
20240311,17,3311,8
20240311,17,3802,1
20240311,18,2111,5
20240311,18,2112,12
20240311,18,2116,22
20240311,18,2122,1
20240311,18,2128,7
20240311,18,2129,1
20240311,18,2130,1
20240311,18,2139,0
20240311,18,2143,10
20240311,18,2148,5
20240311,18,2159,1
20240311,18,2171,14
20240311,18,2172,3
20240311,18,2178,11
20240311,18,2179,14
20240311,18,2185,4
20240311,18,2186,2
20240311,18,2191,3
20240311,18,2198,6
20240311,18,2199,1
20240311,18,3310,18
20240311,18,3311,11
20240311,18,3802,3
20240311,19,2111,6
20240311,19,2112,12
20240311,19,2116,23
20240311,19,2122,1
20240311,19,2128,4
20240311,19,2129,0
20240311,19,2130,1
20240311,19,2139,2
20240311,19,2143,9
20240311,19,2148,3
20240311,19,2159,1
20240311,19,2171,13
20240311,19,2172,2
20240311,19,2178,9
20240311,19,2179,12
20240311,19,2185,4
20240311,19,2186,2
20240311,19,2191,4
20240311,19,2198,8
20240311,19,2199,2
20240311,19,3310,19
20240311,19,3311,16
20240311,19,3802,4
20240311,20,2111,5
20240311,20,2112,13
20240311,20,2116,22
20240311,20,2122,0
20240311,20,2128,3
20240311,20,2129,0
20240311,20,2130,1
20240311,20,2139,3
20240311,20,2143,10
20240311,20,2148,3
20240311,20,2159,1
20240311,20,2171,13
20240311,20,2172,2
20240311,20,2178,6
20240311,20,2179,13
20240311,20,2185,5
20240311,20,2186,4
20240311,20,2191,4
20240311,20,2198,12
20240311,20,2199,2
20240311,20,3310,19
20240311,20,3311,16
20240311,20,3802,4
20240311,21,2111,8
20240311,21,2112,12
20240311,21,2116,22
20240311,21,2122,1
20240311,21,2128,2
20240311,21,2129,1
20240311,21,2130,0
20240311,21,2139,3
20240311,21,2143,13
20240311,21,2148,1
20240311,21,2159,2
20240311,21,2171,7
20240311,21,2172,3
20240311,21,2178,5
20240311,21,2179,13
20240311,21,2185,6
20240311,21,2186,5
20240311,21,2191,4
20240311,21,2198,10
20240311,21,2199,0
20240311,21,3310,18
20240311,21,3311,9
20240311,21,3802,3
20240311,22,2111,7
20240311,22,2112,11
20240311,22,2116,19
20240311,22,2122,1
20240311,22,2128,1
20240311,22,2129,0
20240311,22,2130,0
20240311,22,2139,3
20240311,22,2143,12
20240311,22,2148,1
20240311,22,2159,2
20240311,22,2171,8
20240311,22,2172,2
20240311,22,2178,3
20240311,22,2179,16
20240311,22,2185,7
20240311,22,2186,3
20240311,22,2191,6
20240311,22,2198,11
20240311,22,2199,0
20240311,22,3310,18
20240311,22,3311,8
20240311,22,3802,1
20240311,23,2111,5
20240311,23,2112,15
20240311,23,2116,15
20240311,23,2122,0
20240311,23,2128,3
20240311,23,2129,1
20240311,23,2130,0
20240311,23,2139,5
20240311,23,2143,13
20240311,23,2148,1
20240311,23,2159,2
20240311,23,2171,9
20240311,23,2172,2
20240311,23,2178,3
20240311,23,2179,15
20240311,23,2185,7
20240311,23,2186,3
20240311,23,2191,5
20240311,23,2198,11
20240311,23,2199,0
20240311,23,3310,18
20240311,23,3311,7
20240311,23,3802,0
20240312,0,2111,2
20240312,0,2112,13
20240312,0,2116,15
20240312,0,2122,1
20240312,0,2128,2
20240312,0,2129,1
20240312,0,2130,0
20240312,0,2139,7
20240312,0,2143,13
20240312,0,2148,1
20240312,0,2159,2
20240312,0,2171,7
20240312,0,2172,2
20240312,0,2178,2
20240312,0,2179,14
20240312,0,2185,7
20240312,0,2186,4
20240312,0,2191,9
20240312,0,2198,12
20240312,0,2199,0
20240312,0,3310,18
20240312,0,3311,5
20240312,0,3802,0
20240312,1,2111,3
20240312,1,2112,14
20240312,1,2116,15
20240312,1,2122,0
20240312,1,2128,0
20240312,1,2129,0
20240312,1,2130,0
20240312,1,2139,8
20240312,1,2143,14
20240312,1,2148,1
20240312,1,2159,2
20240312,1,2171,7
20240312,1,2172,2
20240312,1,2178,2
20240312,1,2179,12
20240312,1,2185,6
20240312,1,2186,5
20240312,1,2191,11
20240312,1,2198,8
20240312,1,2199,0
20240312,1,3310,17
20240312,1,3311,5
20240312,1,3802,0
20240312,2,2111,1
20240312,2,2112,14
20240312,2,2116,14
20240312,2,2122,0
20240312,2,2128,0
20240312,2,2129,0
20240312,2,2130,0
20240312,2,2139,7
20240312,2,2143,15
20240312,2,2148,1
20240312,2,2159,2
20240312,2,2171,7
20240312,2,2172,2
20240312,2,2178,2
20240312,2,2179,13
20240312,2,2185,6
20240312,2,2186,5
20240312,2,2191,11
20240312,2,2198,8
20240312,2,2199,0
20240312,2,3310,18
20240312,2,3311,3
20240312,2,3802,0
20240312,3,2111,1
20240312,3,2112,13
20240312,3,2116,17
20240312,3,2122,0
20240312,3,2128,0
20240312,3,2129,0
20240312,3,2130,0
20240312,3,2139,7
20240312,3,2143,15
20240312,3,2148,1
20240312,3,2159,2
20240312,3,2171,4
20240312,3,2172,2
20240312,3,2178,2
20240312,3,2179,13
20240312,3,2185,6
20240312,3,2186,4
20240312,3,2191,14
20240312,3,2198,8
20240312,3,2199,0
20240312,3,3310,18
20240312,3,3311,1
20240312,3,3802,0
20240312,4,2111,1
20240312,4,2112,13
20240312,4,2116,16
20240312,4,2122,0
20240312,4,2128,0
20240312,4,2129,0
20240312,4,2130,0
20240312,4,2139,7
20240312,4,2143,15
20240312,4,2148,1
20240312,4,2159,2
20240312,4,2171,3
20240312,4,2172,2
20240312,4,2178,1
20240312,4,2179,14
20240312,4,2185,6
20240312,4,2186,4
20240312,4,2191,13
20240312,4,2198,8
20240312,4,2199,0
20240312,4,3310,17
20240312,4,3311,1
20240312,4,3802,0
20240312,6,2111,1
20240312,6,2112,13
20240312,6,2116,16
20240312,6,2122,0
20240312,6,2128,0
20240312,6,2129,0
20240312,6,2130,0
20240312,6,2139,7
20240312,6,2143,15
20240312,6,2148,0
20240312,6,2159,1
20240312,6,2171,3
20240312,6,2172,2
20240312,6,2178,1
20240312,6,2179,14
20240312,6,2185,5
20240312,6,2186,4
20240312,6,2191,11
20240312,6,2198,6
20240312,6,2199,0
20240312,6,3310,17
20240312,6,3311,1
20240312,6,3802,2
20240312,7,2111,1
20240312,7,2112,11
20240312,7,2116,16
20240312,7,2122,1
20240312,7,2128,0
20240312,7,2129,0
20240312,7,2130,0
20240312,7,2139,6
20240312,7,2143,15
20240312,7,2148,1
20240312,7,2159,0
20240312,7,2171,3
20240312,7,2172,2
20240312,7,2178,1
20240312,7,2179,14
20240312,7,2185,5
20240312,7,2186,3
20240312,7,2191,10
20240312,7,2198,6
20240312,7,2199,0
20240312,7,3310,16
20240312,7,3311,3
20240312,7,3802,2
20240312,8,2111,2
20240312,8,2112,10
20240312,8,2116,17
20240312,8,2122,1
20240312,8,2128,0
20240312,8,2129,0
20240312,8,2130,0
20240312,8,2139,5
20240312,8,2143,15
20240312,8,2148,0
20240312,8,2159,0
20240312,8,2171,4
20240312,8,2172,2
20240312,8,2178,1
20240312,8,2179,14
20240312,8,2185,4
20240312,8,2186,3
20240312,8,2191,10
20240312,8,2198,6
20240312,8,2199,0
20240312,8,3310,15
20240312,8,3311,4
20240312,8,3802,3
20240312,9,2111,3
20240312,9,2112,11
20240312,9,2116,16
20240312,9,2122,0
20240312,9,2128,1
20240312,9,2129,13
20240312,9,2130,0
20240312,9,2139,4
20240312,9,2143,14
20240312,9,2148,1
20240312,9,2159,0
20240312,9,2171,4
20240312,9,2172,2
20240312,9,2178,2
20240312,9,2179,15
20240312,9,2185,4
20240312,9,2186,3
20240312,9,2191,10
20240312,9,2198,6
20240312,9,2199,0
20240312,9,3310,15
20240312,9,3311,6
20240312,9,3802,2
20240312,10,2111,3
20240312,10,2112,11
20240312,10,2116,17
20240312,10,2122,0
20240312,10,2128,1
20240312,10,2129,13
20240312,10,2130,0
20240312,10,2139,19
20240312,10,2143,14
20240312,10,2148,1
20240312,10,2159,0
20240312,10,2171,4
20240312,10,2172,2
20240312,10,2178,4
20240312,10,2179,14
20240312,10,2185,3
20240312,10,2186,2
20240312,10,2191,9
20240312,10,2198,6
20240312,10,2199,0
20240312,10,3310,13
20240312,10,3311,7
20240312,10,3802,2
20240312,11,2111,3
20240312,11,2112,8
20240312,11,2116,19
20240312,11,2122,1
20240312,11,2128,1
20240312,11,2129,13
20240312,11,2130,0
20240312,11,2139,18
20240312,11,2143,14
20240312,11,2148,1
20240312,11,2159,0
20240312,11,2171,4
20240312,11,2172,2
20240312,11,2178,4
20240312,11,2179,14
20240312,11,2185,3
20240312,11,2186,2
20240312,11,2191,8
20240312,11,2198,6
20240312,11,2199,0
20240312,11,3310,13
20240312,11,3311,9
20240312,11,3802,4
20240312,12,2111,4
20240312,12,2112,6
20240312,12,2116,19
20240312,12,2122,1
20240312,12,2128,0
20240312,12,2129,12
20240312,12,2130,0
20240312,12,2139,19
20240312,12,2143,13
20240312,12,2148,1
20240312,12,2159,0
20240312,12,2171,7
20240312,12,2172,2
20240312,12,2178,4
20240312,12,2179,14
20240312,12,2185,3
20240312,12,2186,2
20240312,12,2191,8
20240312,12,2198,6
20240312,12,2199,0
20240312,12,3310,12
20240312,12,3311,9
20240312,12,3802,3
20240312,13,2111,6
20240312,13,2112,6
20240312,13,2116,18
20240312,13,2122,0
20240312,13,2128,0
20240312,13,2129,12
20240312,13,2130,0
20240312,13,2139,19
20240312,13,2143,13
20240312,13,2148,0
20240312,13,2159,0
20240312,13,2171,7
20240312,13,2172,2
20240312,13,2178,3
20240312,13,2179,14
20240312,13,2185,4
20240312,13,2186,2
20240312,13,2191,9
20240312,13,2198,7
20240312,13,2199,0
20240312,13,3310,12
20240312,13,3311,12
20240312,13,3802,0
20240312,14,2111,7
20240312,14,2112,7
20240312,14,2116,16
20240312,14,2122,1
20240312,14,2128,0
20240312,14,2129,12
20240312,14,2130,0
20240312,14,2139,19
20240312,14,2143,13
20240312,14,2148,0
20240312,14,2159,1
20240312,14,2171,5
20240312,14,2172,4
20240312,14,2178,2
20240312,14,2179,14
20240312,14,2185,5
20240312,14,2186,2
20240312,14,2191,8
20240312,14,2198,6
20240312,14,2199,0
20240312,14,3310,12
20240312,14,3311,13
20240312,14,3802,0
20240312,15,2111,6
20240312,15,2112,6
20240312,15,2116,19
20240312,15,2122,3
20240312,15,2128,0
20240312,15,2129,10
20240312,15,2130,0
20240312,15,2139,20
20240312,15,2143,14
20240312,15,2148,1
20240312,15,2159,1
20240312,15,2171,8
20240312,15,2172,3
20240312,15,2178,2
20240312,15,2179,15
20240312,15,2185,7
20240312,15,2186,2
20240312,15,2191,6
20240312,15,2198,7
20240312,15,2199,0
20240312,15,3310,12
20240312,15,3311,13
20240312,15,3802,0
20240312,16,2111,4
20240312,16,2112,8
20240312,16,2116,20
20240312,16,2122,2
20240312,16,2128,4
20240312,16,2129,7
20240312,16,2130,0
20240312,16,2139,18
20240312,16,2143,11
20240312,16,2148,2
20240312,16,2159,0
20240312,16,2171,5
20240312,16,2172,3
20240312,16,2178,1
20240312,16,2179,13
20240312,16,2185,6
20240312,16,2186,2
20240312,16,2191,8
20240312,16,2198,7
20240312,16,2199,0
20240312,16,3310,11
20240312,16,3311,14
20240312,16,3802,0
20240312,17,2111,3
20240312,17,2112,7
20240312,17,2116,23
20240312,17,2122,2
20240312,17,2128,6
20240312,17,2129,8
20240312,17,2130,0
20240312,17,2139,20
20240312,17,2143,10
20240312,17,2148,3
20240312,17,2159,0
20240312,17,2171,5
20240312,17,2172,3
20240312,17,2178,1
20240312,17,2179,13
20240312,17,2185,5
20240312,17,2186,2
20240312,17,2191,9
20240312,17,2198,7
20240312,17,2199,0
20240312,17,3310,9
20240312,17,3311,14
20240312,17,3802,0
20240312,18,2111,3
20240312,18,2112,7
20240312,18,2116,23
20240312,18,2122,2
20240312,18,2128,5
20240312,18,2129,7
20240312,18,2130,0
20240312,18,2139,22
20240312,18,2143,11
20240312,18,2148,3
20240312,18,2159,0
20240312,18,2171,5
20240312,18,2172,3
20240312,18,2178,0
20240312,18,2179,13
20240312,18,2185,5
20240312,18,2186,2
20240312,18,2191,9
20240312,18,2198,8
20240312,18,2199,0
20240312,18,3310,9
20240312,18,3311,14
20240312,18,3802,0
20240312,19,2111,1
20240312,19,2112,8
20240312,19,2116,23
20240312,19,2122,3
20240312,19,2128,3
20240312,19,2129,4
20240312,19,2130,0
20240312,19,2139,24
20240312,19,2143,10
20240312,19,2148,3
20240312,19,2159,0
20240312,19,2171,4
20240312,19,2172,2
20240312,19,2178,0
20240312,19,2179,13
20240312,19,2185,4
20240312,19,2186,2
20240312,19,2191,9
20240312,19,2198,9
20240312,19,2199,0
20240312,19,3310,8
20240312,19,3311,14
20240312,19,3802,0
20240312,20,2111,0
20240312,20,2112,6
20240312,20,2116,23
20240312,20,2122,4
20240312,20,2128,3
20240312,20,2129,4
20240312,20,2130,0
20240312,20,2139,23
20240312,20,2143,9
20240312,20,2148,2
20240312,20,2159,0
20240312,20,2171,3
20240312,20,2172,2
20240312,20,2178,0
20240312,20,2179,12
20240312,20,2185,4
20240312,20,2186,3
20240312,20,2191,8
20240312,20,2198,9
20240312,20,2199,0
20240312,20,3310,8
20240312,20,3311,11
20240312,20,3802,0
20240312,21,2111,3
20240312,21,2112,6
20240312,21,2116,26
20240312,21,2122,2
20240312,21,2128,1
20240312,21,2129,5
20240312,21,2130,0
20240312,21,2139,23
20240312,21,2143,9
20240312,21,2148,1
20240312,21,2159,0
20240312,21,2171,5
20240312,21,2172,3
20240312,21,2178,0
20240312,21,2179,11
20240312,21,2185,4
20240312,21,2186,19
20240312,21,2191,9
20240312,21,2198,8
20240312,21,2199,0
20240312,21,3310,7
20240312,21,3311,11
20240312,21,3802,3
20240312,22,2111,6
20240312,22,2112,6
20240312,22,2116,24
20240312,22,2122,1
20240312,22,2128,1
20240312,22,2129,2
20240312,22,2130,0
20240312,22,2139,24
20240312,22,2143,8
20240312,22,2148,1
20240312,22,2159,2
20240312,22,2171,3
20240312,22,2172,3
20240312,22,2178,1
20240312,22,2179,10
20240312,22,2185,3
20240312,22,2186,19
20240312,22,2191,10
20240312,22,2198,7
20240312,22,2199,0
20240312,22,3310,6
20240312,22,3311,11
20240312,22,3802,0
20240312,23,2111,3
20240312,23,2112,8
20240312,23,2116,22
20240312,23,2122,0
20240312,23,2128,1
20240312,23,2129,2
20240312,23,2130,0
20240312,23,2139,26
20240312,23,2143,7
20240312,23,2148,3
20240312,23,2159,2
20240312,23,2171,6
20240312,23,2172,3
20240312,23,2178,1
20240312,23,2179,12
20240312,23,2185,5
20240312,23,2186,15
20240312,23,2191,12
20240312,23,2198,7
20240312,23,2199,0
20240312,23,3310,6
20240312,23,3311,9
20240312,23,3802,0
20240313,0,2111,1
20240313,0,2112,6
20240313,0,2116,22
20240313,0,2122,1
20240313,0,2128,1
20240313,0,2129,2
20240313,0,2130,0
20240313,0,2139,26
20240313,0,2143,7
20240313,0,2148,2
20240313,0,2159,2
20240313,0,2171,6
20240313,0,2172,3
20240313,0,2178,1
20240313,0,2179,12
20240313,0,2185,6
20240313,0,2186,14
20240313,0,2191,12
20240313,0,2198,7
20240313,0,2199,0
20240313,0,3310,6
20240313,0,3311,8
20240313,0,3802,1
20240313,1,2111,1
20240313,1,2112,6
20240313,1,2116,22
20240313,1,2122,0
20240313,1,2128,2
20240313,1,2129,3
20240313,1,2130,0
20240313,1,2139,26
20240313,1,2143,7
20240313,1,2148,0
20240313,1,2159,2
20240313,1,2171,6
20240313,1,2172,3
20240313,1,2178,2
20240313,1,2179,9
20240313,1,2185,5
20240313,1,2186,12
20240313,1,2191,12
20240313,1,2198,9
20240313,1,2199,1
20240313,1,3310,7
20240313,1,3311,7
20240313,1,3802,1
20240313,2,2111,2
20240313,2,2112,8
20240313,2,2116,22
20240313,2,2122,0
20240313,2,2128,1
20240313,2,2129,4
20240313,2,2130,0
20240313,2,2139,28
20240313,2,2143,7
20240313,2,2148,0
20240313,2,2159,2
20240313,2,2171,5
20240313,2,2172,3
20240313,2,2178,1
20240313,2,2179,9
20240313,2,2185,5
20240313,2,2186,12
20240313,2,2191,14
20240313,2,2198,10
20240313,2,2199,0
20240313,2,3310,7
20240313,2,3311,7
20240313,2,3802,1
20240313,3,2111,2
20240313,3,2112,8
20240313,3,2116,22
20240313,3,2122,0
20240313,3,2128,1
20240313,3,2129,4
20240313,3,2130,0
20240313,3,2139,28
20240313,3,2143,7
20240313,3,2148,0
20240313,3,2159,1
20240313,3,2171,3
20240313,3,2172,3
20240313,3,2178,0
20240313,3,2179,7
20240313,3,2185,5
20240313,3,2186,11
20240313,3,2191,15
20240313,3,2198,9
20240313,3,2199,1
20240313,3,3310,7
20240313,3,3311,5
20240313,3,3802,1
20240313,4,2111,2
20240313,4,2112,8
20240313,4,2116,23
20240313,4,2122,0
20240313,4,2128,1
20240313,4,2129,4
20240313,4,2130,0
20240313,4,2139,27
20240313,4,2143,7
20240313,4,2148,0
20240313,4,2159,1
20240313,4,2171,3
20240313,4,2172,3
20240313,4,2178,1
20240313,4,2179,7
20240313,4,2185,5
20240313,4,2186,12
20240313,4,2191,15
20240313,4,2198,9
20240313,4,2199,0
20240313,4,3310,6
20240313,4,3311,4
20240313,4,3802,1
20240313,6,2111,3
20240313,6,2112,7
20240313,6,2116,23
20240313,6,2122,0
20240313,6,2128,1
20240313,6,2129,4
20240313,6,2130,0
20240313,6,2139,27
20240313,6,2143,7
20240313,6,2148,0
20240313,6,2159,1
20240313,6,2171,3
20240313,6,2172,3
20240313,6,2178,1
20240313,6,2179,7
20240313,6,2185,5
20240313,6,2186,11
20240313,6,2191,14
20240313,6,2198,8
20240313,6,2199,0
20240313,6,3310,6
20240313,6,3311,4
20240313,6,3802,2
20240313,7,2111,1
20240313,7,2112,7
20240313,7,2116,23
20240313,7,2122,0
20240313,7,2128,1
20240313,7,2129,4
20240313,7,2130,0
20240313,7,2139,26
20240313,7,2143,7
20240313,7,2148,1
20240313,7,2159,0
20240313,7,2171,3
20240313,7,2172,3
20240313,7,2178,1
20240313,7,2179,8
20240313,7,2185,5
20240313,7,2186,11
20240313,7,2191,13
20240313,7,2198,7
20240313,7,2199,0
20240313,7,3310,6
20240313,7,3311,5
20240313,7,3802,5
20240313,8,2111,2
20240313,8,2112,7
20240313,8,2116,23
20240313,8,2122,0
20240313,8,2128,0
20240313,8,2129,3
20240313,8,2130,0
20240313,8,2139,24
20240313,8,2143,7
20240313,8,2148,0
20240313,8,2159,1
20240313,8,2171,7
20240313,8,2172,3
20240313,8,2178,1
20240313,8,2179,9
20240313,8,2185,2
20240313,8,2186,10
20240313,8,2191,13
20240313,8,2198,7
20240313,8,2199,0
20240313,8,3310,4
20240313,8,3311,9
20240313,8,3802,1
20240313,9,2111,2
20240313,9,2112,9
20240313,9,2116,23
20240313,9,2122,1
20240313,9,2128,4
20240313,9,2129,4
20240313,9,2130,1
20240313,9,2139,19
20240313,9,2143,6
20240313,9,2148,0
20240313,9,2159,1
20240313,9,2171,10
20240313,9,2172,7
20240313,9,2178,3
20240313,9,2179,8
20240313,9,2185,2
20240313,9,2186,10
20240313,9,2191,9
20240313,9,2198,7
20240313,9,2199,3
20240313,9,3310,1
20240313,9,3311,14
20240313,9,3802,4
20240313,10,2111,1
20240313,10,2112,10
20240313,10,2116,26
20240313,10,2122,1
20240313,10,2128,2
20240313,10,2129,2
20240313,10,2130,1
20240313,10,2139,19
20240313,10,2143,5
20240313,10,2148,2
20240313,10,2159,0
20240313,10,2171,9
20240313,10,2172,6
20240313,10,2178,8
20240313,10,2179,10
20240313,10,2185,1
20240313,10,2186,6
20240313,10,2191,9
20240313,10,2198,7
20240313,10,2199,3
20240313,10,3310,0
20240313,10,3311,13
20240313,10,3802,3
20240313,11,2111,1
20240313,11,2112,11
20240313,11,2116,28
20240313,11,2122,2
20240313,11,2128,1
20240313,11,2129,2
20240313,11,2130,1
20240313,11,2139,16
20240313,11,2143,2
20240313,11,2148,1
20240313,11,2159,1
20240313,11,2171,10
20240313,11,2172,9
20240313,11,2178,19
20240313,11,2179,11
20240313,11,2185,1
20240313,11,2186,6
20240313,11,2191,9
20240313,11,2198,8
20240313,11,2199,3
20240313,11,3310,0
20240313,11,3311,16
20240313,11,3802,0
20240313,12,2111,1
20240313,12,2112,9
20240313,12,2116,30
20240313,12,2122,2
20240313,12,2128,1
20240313,12,2129,1
20240313,12,2130,1
20240313,12,2139,15
20240313,12,2143,2
20240313,12,2148,1
20240313,12,2159,2
20240313,12,2171,10
20240313,12,2172,11
20240313,12,2178,19
20240313,12,2179,11
20240313,12,2185,2
20240313,12,2186,6
20240313,12,2191,6
20240313,12,2198,9
20240313,12,2199,3
20240313,12,3310,0
20240313,12,3311,20
20240313,12,3802,0
20240313,13,2111,4
20240313,13,2112,12
20240313,13,2116,28
20240313,13,2122,1
20240313,13,2128,2
20240313,13,2129,1
20240313,13,2130,1
20240313,13,2139,13
20240313,13,2143,4
20240313,13,2148,2
20240313,13,2159,1
20240313,13,2171,11
20240313,13,2172,11
20240313,13,2178,19
20240313,13,2179,12
20240313,13,2185,3
20240313,13,2186,6
20240313,13,2191,5
20240313,13,2198,8
20240313,13,2199,3
20240313,13,3310,0
20240313,13,3311,20
20240313,13,3802,0
20240313,14,2111,4
20240313,14,2112,12
20240313,14,2116,29
20240313,14,2122,4
20240313,14,2128,0
20240313,14,2129,0
20240313,14,2130,1
20240313,14,2139,13
20240313,14,2143,3
20240313,14,2148,1
20240313,14,2159,1
20240313,14,2171,8
20240313,14,2172,11
20240313,14,2178,19
20240313,14,2179,13
20240313,14,2185,1
20240313,14,2186,5
20240313,14,2191,6
20240313,14,2198,6
20240313,14,2199,2
20240313,14,3310,0
20240313,14,3311,22
20240313,14,3802,0
20240313,15,2111,3
20240313,15,2112,13
20240313,15,2116,27
20240313,15,2122,5
20240313,15,2128,0
20240313,15,2129,0
20240313,15,2130,0
20240313,15,2139,12
20240313,15,2143,3
20240313,15,2148,1
20240313,15,2159,1
20240313,15,2171,9
20240313,15,2172,10
20240313,15,2178,17
20240313,15,2179,14
20240313,15,2185,2
20240313,15,2186,7
20240313,15,2191,5
20240313,15,2198,5
20240313,15,2199,2
20240313,15,3310,0
20240313,15,3311,18
20240313,15,3802,0
20240313,17,2111,1
20240313,17,2112,12
20240313,17,2116,25
20240313,17,2122,1
20240313,17,2128,8
20240313,17,2129,0
20240313,17,2130,0
20240313,17,2139,13
20240313,17,2143,1
20240313,17,2148,1
20240313,17,2159,0
20240313,17,2171,12
20240313,17,2172,9
20240313,17,2178,8
20240313,17,2179,11
20240313,17,2185,3
20240313,17,2186,4
20240313,17,2191,7
20240313,17,2198,3
20240313,17,2199,3
20240313,17,3310,0
20240313,17,3311,18
20240313,17,3802,0
20240313,18,2111,1
20240313,18,2112,12
20240313,18,2116,25
20240313,18,2122,1
20240313,18,2128,6
20240313,18,2129,0
20240313,18,2130,0
20240313,18,2139,13
20240313,18,2143,1
20240313,18,2148,0
20240313,18,2159,0
20240313,18,2171,14
20240313,18,2172,9
20240313,18,2178,7
20240313,18,2179,13
20240313,18,2185,6
20240313,18,2186,4
20240313,18,2191,9
20240313,18,2198,2
20240313,18,2199,1
20240313,18,3310,0
20240313,18,3311,17
20240313,18,3802,1
20240313,19,2111,4
20240313,19,2112,13
20240313,19,2116,26
20240313,19,2122,0
20240313,19,2128,7
20240313,19,2129,0
20240313,19,2130,0
20240313,19,2139,15
20240313,19,2143,1
20240313,19,2148,2
20240313,19,2159,0
20240313,19,2171,13
20240313,19,2172,8
20240313,19,2178,4
20240313,19,2179,13
20240313,19,2185,6
20240313,19,2186,3
20240313,19,2191,11
20240313,19,2198,1
20240313,19,2199,0
20240313,19,3310,1
20240313,19,3311,17
20240313,19,3802,1
20240313,20,2111,4
20240313,20,2112,16
20240313,20,2116,28
20240313,20,2122,1
20240313,20,2128,9
20240313,20,2129,0
20240313,20,2130,0
20240313,20,2139,14
20240313,20,2143,1
20240313,20,2148,0
20240313,20,2159,0
20240313,20,2171,7
20240313,20,2172,7
20240313,20,2178,3
20240313,20,2179,16
20240313,20,2185,5
20240313,20,2186,0
20240313,20,2191,11
20240313,20,2198,2
20240313,20,2199,0
20240313,20,3310,1
20240313,20,3311,12
20240313,20,3802,0
20240313,21,2111,5
20240313,21,2112,15
20240313,21,2116,26
20240313,21,2122,0
20240313,21,2128,7
20240313,21,2129,0
20240313,21,2130,0
20240313,21,2139,16
20240313,21,2143,1
20240313,21,2148,0
20240313,21,2159,0
20240313,21,2171,5
20240313,21,2172,8
20240313,21,2178,3
20240313,21,2179,19
20240313,21,2185,5
20240313,21,2186,1
20240313,21,2191,12
20240313,21,2198,2
20240313,21,2199,0
20240313,21,3310,0
20240313,21,3311,11
20240313,21,3802,0
20240313,22,2111,7
20240313,22,2112,15
20240313,22,2116,28
20240313,22,2122,0
20240313,22,2128,7
20240313,22,2129,0
20240313,22,2130,0
20240313,22,2139,17
20240313,22,2143,2
20240313,22,2148,0
20240313,22,2159,0
20240313,22,2171,5
20240313,22,2172,7
20240313,22,2178,4
20240313,22,2179,18
20240313,22,2185,6
20240313,22,2186,0
20240313,22,2191,14
20240313,22,2198,1
20240313,22,2199,1
20240313,22,3310,0
20240313,22,3311,13
20240313,22,3802,0
20240313,23,2111,6
20240313,23,2112,14
20240313,23,2116,26
20240313,23,2122,0
20240313,23,2128,6
20240313,23,2129,0
20240313,23,2130,0
20240313,23,2139,19
20240313,23,2143,2
20240313,23,2148,0
20240313,23,2159,1
20240313,23,2171,5
20240313,23,2172,6
20240313,23,2178,4
20240313,23,2179,17
20240313,23,2185,4
20240313,23,2186,0
20240313,23,2191,19
20240313,23,2198,2
20240313,23,2199,1
20240313,23,3310,0
20240313,23,3311,11
20240313,23,3802,1
20240314,1,2111,2
20240314,1,2112,15
20240314,1,2116,26
20240314,1,2122,1
20240314,1,2128,3
20240314,1,2129,0
20240314,1,2130,0
20240314,1,2139,18
20240314,1,2143,3
20240314,1,2148,0
20240314,1,2159,0
20240314,1,2171,3
20240314,1,2172,5
20240314,1,2178,4
20240314,1,2179,18
20240314,1,2185,3
20240314,1,2186,0
20240314,1,2191,20
20240314,1,2198,3
20240314,1,2199,1
20240314,1,3310,2
20240314,1,3311,6
20240314,1,3802,1
20240314,2,2111,2
20240314,2,2112,15
20240314,2,2116,26
20240314,2,2122,1
20240314,2,2128,4
20240314,2,2129,0
20240314,2,2130,0
20240314,2,2139,19
20240314,2,2143,3
20240314,2,2148,0
20240314,2,2159,0
20240314,2,2171,3
20240314,2,2172,4
20240314,2,2178,4
20240314,2,2179,20
20240314,2,2185,4
20240314,2,2186,0
20240314,2,2191,21
20240314,2,2198,1
20240314,2,2199,1
20240314,2,3310,2
20240314,2,3311,8
20240314,2,3802,1
20240314,3,2111,2
20240314,3,2112,15
20240314,3,2116,26
20240314,3,2122,1
20240314,3,2128,3
20240314,3,2129,0
20240314,3,2130,0
20240314,3,2139,20
20240314,3,2143,2
20240314,3,2148,1
20240314,3,2159,0
20240314,3,2171,3
20240314,3,2172,4
20240314,3,2178,4
20240314,3,2179,19
20240314,3,2185,4
20240314,3,2186,0
20240314,3,2191,25
20240314,3,2198,1
20240314,3,2199,1
20240314,3,3310,2
20240314,3,3311,5
20240314,3,3802,1
20240314,4,2111,2
20240314,4,2112,15
20240314,4,2116,27
20240314,4,2122,1
20240314,4,2128,3
20240314,4,2129,0
20240314,4,2130,0
20240314,4,2139,20
20240314,4,2143,2
20240314,4,2148,1
20240314,4,2159,0
20240314,4,2171,3
20240314,4,2172,4
20240314,4,2178,5
20240314,4,2179,20
20240314,4,2185,4
20240314,4,2186,0
20240314,4,2191,25
20240314,4,2198,1
20240314,4,2199,1
20240314,4,3310,2
20240314,4,3311,5
20240314,4,3802,1
20240314,6,2111,2
20240314,6,2112,15
20240314,6,2116,26
20240314,6,2122,0
20240314,6,2128,3
20240314,6,2129,0
20240314,6,2130,0
20240314,6,2139,18
20240314,6,2143,2
20240314,6,2148,0
20240314,6,2159,0
20240314,6,2171,3
20240314,6,2172,4
20240314,6,2178,5
20240314,6,2179,20
20240314,6,2185,3
20240314,6,2186,0
20240314,6,2191,27
20240314,6,2198,1
20240314,6,2199,0
20240314,6,3310,2
20240314,6,3311,4
20240314,6,3802,3
20240314,7,2111,2
20240314,7,2112,15
20240314,7,2116,24
20240314,7,2122,0
20240314,7,2128,3
20240314,7,2129,0
20240314,7,2130,0
20240314,7,2139,19
20240314,7,2143,2
20240314,7,2148,1
20240314,7,2159,0
20240314,7,2171,4
20240314,7,2172,4
20240314,7,2178,5
20240314,7,2179,21
20240314,7,2185,3
20240314,7,2186,0
20240314,7,2191,25
20240314,7,2198,0
20240314,7,2199,0
20240314,7,3310,2
20240314,7,3311,5
20240314,7,3802,6
20240314,8,2111,2
20240314,8,2112,12
20240314,8,2116,23
20240314,8,2122,0
20240314,8,2128,2
20240314,8,2129,0
20240314,8,2130,0
20240314,8,2139,17
20240314,8,2143,2
20240314,8,2148,0
20240314,8,2159,1
20240314,8,2171,6
20240314,8,2172,4
20240314,8,2178,5
20240314,8,2179,22
20240314,8,2185,4
20240314,8,2186,0
20240314,8,2191,23
20240314,8,2198,0
20240314,8,2199,0
20240314,8,3310,0
20240314,8,3311,8
20240314,8,3802,5
20240314,9,2111,2
20240314,9,2112,14
20240314,9,2116,24
20240314,9,2122,1
20240314,9,2128,4
20240314,9,2129,0
20240314,9,2130,15
20240314,9,2139,11
20240314,9,2143,1
20240314,9,2148,3
20240314,9,2159,0
20240314,9,2171,9
20240314,9,2172,4
20240314,9,2178,11
20240314,9,2179,19
20240314,9,2185,4
20240314,9,2186,0
20240314,9,2191,17
20240314,9,2198,0
20240314,9,2199,2
20240314,9,3310,0
20240314,9,3311,15
20240314,9,3802,2
20240314,10,2111,2
20240314,10,2112,14
20240314,10,2116,24
20240314,10,2122,2
20240314,10,2128,6
20240314,10,2129,0
20240314,10,2130,15
20240314,10,2139,11
20240314,10,2143,1
20240314,10,2148,3
20240314,10,2159,0
20240314,10,2171,8
20240314,10,2172,4
20240314,10,2178,11
20240314,10,2179,20
20240314,10,2185,4
20240314,10,2186,0
20240314,10,2191,16
20240314,10,2198,0
20240314,10,2199,2
20240314,10,3310,0
20240314,10,3311,13
20240314,10,3802,3
20240314,11,2111,2
20240314,11,2112,15
20240314,11,2116,27
20240314,11,2122,3
20240314,11,2128,2
20240314,11,2129,2
20240314,11,2130,13
20240314,11,2139,11
20240314,11,2143,9
20240314,11,2148,2
20240314,11,2159,0
20240314,11,2171,10
20240314,11,2172,13
20240314,11,2178,14
20240314,11,2179,16
20240314,11,2185,2
20240314,11,2186,0
20240314,11,2191,15
20240314,11,2198,0
20240314,11,2199,1
20240314,11,3310,0
20240314,11,3311,15
20240314,11,3802,1
20240314,12,2111,4
20240314,12,2112,15
20240314,12,2116,28
20240314,12,2122,5
20240314,12,2128,2
20240314,12,2129,1
20240314,12,2130,10
20240314,12,2139,9
20240314,12,2143,9
20240314,12,2148,2
20240314,12,2159,0
20240314,12,2171,9
20240314,12,2172,13
20240314,12,2178,14
20240314,12,2179,16
20240314,12,2185,2
20240314,12,2186,0
20240314,12,2191,15
20240314,12,2198,4
20240314,12,2199,1
20240314,12,3310,0
20240314,12,3311,15
20240314,12,3802,0
20240314,13,2111,3
20240314,13,2112,15
20240314,13,2116,27
20240314,13,2122,3
20240314,13,2128,2
20240314,13,2129,1
20240314,13,2130,10
20240314,13,2139,9
20240314,13,2143,9
20240314,13,2148,1
20240314,13,2159,0
20240314,13,2171,10
20240314,13,2172,13
20240314,13,2178,14
20240314,13,2179,12
20240314,13,2185,4
20240314,13,2186,0
20240314,13,2191,15
20240314,13,2198,3
20240314,13,2199,1
20240314,13,3310,0
20240314,13,3311,16
20240314,13,3802,0
20240314,14,2111,3
20240314,14,2112,14
20240314,14,2116,27
20240314,14,2122,4
20240314,14,2128,4
20240314,14,2129,0
20240314,14,2130,9
20240314,14,2139,8
20240314,14,2143,9
20240314,14,2148,2
20240314,14,2159,2
20240314,14,2171,10
20240314,14,2172,14
20240314,14,2178,14
20240314,14,2179,16
20240314,14,2185,3
20240314,14,2186,0
20240314,14,2191,11
20240314,14,2198,1
20240314,14,2199,1
20240314,14,3310,0
20240314,14,3311,20
20240314,14,3802,1
20240314,15,2111,1
20240314,15,2112,13
20240314,15,2116,25
20240314,15,2122,19
20240314,15,2128,3
20240314,15,2129,0
20240314,15,2130,9
20240314,15,2139,8
20240314,15,2143,9
20240314,15,2148,2
20240314,15,2159,2
20240314,15,2171,8
20240314,15,2172,13
20240314,15,2178,13
20240314,15,2179,17
20240314,15,2185,2
20240314,15,2186,0
20240314,15,2191,10
20240314,15,2198,0
20240314,15,2199,0
20240314,15,3310,0
20240314,15,3311,18
20240314,15,3802,2
20240314,16,2111,2
20240314,16,2112,14
20240314,16,2116,24
20240314,16,2122,20
20240314,16,2128,3
20240314,16,2129,0
20240314,16,2130,8
20240314,16,2139,7
20240314,16,2143,8
20240314,16,2148,4
20240314,16,2159,1
20240314,16,2171,8
20240314,16,2172,13
20240314,16,2178,12
20240314,16,2179,14
20240314,16,2185,4
20240314,16,2186,0
20240314,16,2191,10
20240314,16,2198,1
20240314,16,2199,0
20240314,16,3310,0
20240314,16,3311,19
20240314,16,3802,1
20240314,17,2111,2
20240314,17,2112,13
20240314,17,2116,24
20240314,17,2122,18
20240314,17,2128,2
20240314,17,2129,0
20240314,17,2130,8
20240314,17,2139,6
20240314,17,2143,10
20240314,17,2148,4
20240314,17,2159,2
20240314,17,2171,10
20240314,17,2172,12
20240314,17,2178,9
20240314,17,2179,15
20240314,17,2185,4
20240314,17,2186,0
20240314,17,2191,9
20240314,17,2198,2
20240314,17,2199,0
20240314,17,3310,0
20240314,17,3311,19
20240314,17,3802,1
20240314,18,2111,10
20240314,18,2112,14
20240314,18,2116,28
20240314,18,2122,18
20240314,18,2128,2
20240314,18,2129,0
20240314,18,2130,5
20240314,18,2139,6
20240314,18,2143,10
20240314,18,2148,6
20240314,18,2159,1
20240314,18,2171,17
20240314,18,2172,11
20240314,18,2178,2
20240314,18,2179,16
20240314,18,2185,7
20240314,18,2186,0
20240314,18,2191,12
20240314,18,2198,1
20240314,18,2199,0
20240314,18,3310,0
20240314,18,3311,20
20240314,18,3802,0
20240314,19,2111,11
20240314,19,2112,13
20240314,19,2116,26
20240314,19,2122,17
20240314,19,2128,0
20240314,19,2129,0
20240314,19,2130,5
20240314,19,2139,9
20240314,19,2143,11
20240314,19,2148,6
20240314,19,2159,1
20240314,19,2171,14
20240314,19,2172,9
20240314,19,2178,1
20240314,19,2179,13
20240314,19,2185,8
20240314,19,2186,2
20240314,19,2191,18
20240314,19,2198,2
20240314,19,2199,0
20240314,19,3310,1
20240314,19,3311,16
20240314,19,3802,1
20240314,20,2111,11
20240314,20,2112,16
20240314,20,2116,26
20240314,20,2122,18
20240314,20,2128,2
20240314,20,2129,0
20240314,20,2130,3
20240314,20,2139,9
20240314,20,2143,12
20240314,20,2148,3
20240314,20,2159,0
20240314,20,2171,17
20240314,20,2172,5
20240314,20,2178,1
20240314,20,2179,10
20240314,20,2185,10
20240314,20,2186,3
20240314,20,2191,19
20240314,20,2198,2
20240314,20,2199,1
20240314,20,3310,3
20240314,20,3311,13
20240314,20,3802,0
20240314,21,2111,11
20240314,21,2112,13
20240314,21,2116,26
20240314,21,2122,18
20240314,21,2128,2
20240314,21,2129,0
20240314,21,2130,1
20240314,21,2139,9
20240314,21,2143,12
20240314,21,2148,4
20240314,21,2159,1
20240314,21,2171,19
20240314,21,2172,5
20240314,21,2178,1
20240314,21,2179,8
20240314,21,2185,10
20240314,21,2186,4
20240314,21,2191,19
20240314,21,2198,4
20240314,21,2199,1
20240314,21,3310,1
20240314,21,3311,12
20240314,21,3802,1
20240314,22,2111,13
20240314,22,2112,10
20240314,22,2116,25
20240314,22,2122,14
20240314,22,2128,2
20240314,22,2129,0
20240314,22,2130,1
20240314,22,2139,9
20240314,22,2143,11
20240314,22,2148,4
20240314,22,2159,1
20240314,22,2171,21
20240314,22,2172,5
20240314,22,2178,1
20240314,22,2179,10
20240314,22,2185,10
20240314,22,2186,3
20240314,22,2191,16
20240314,22,2198,3
20240314,22,2199,1
20240314,22,3310,0
20240314,22,3311,10
20240314,22,3802,0
20240314,23,2111,14
20240314,23,2112,9
20240314,23,2116,22
20240314,23,2122,12
20240314,23,2128,1
20240314,23,2129,0
20240314,23,2130,1
20240314,23,2139,11
20240314,23,2143,11
20240314,23,2148,4
20240314,23,2159,1
20240314,23,2171,24
20240314,23,2172,5
20240314,23,2178,1
20240314,23,2179,9
20240314,23,2185,13
20240314,23,2186,0
20240314,23,2191,17
20240314,23,2198,8
20240314,23,2199,1
20240314,23,3310,0
20240314,23,3311,8
20240314,23,3802,0
20240315,0,2111,13
20240315,0,2112,9
20240315,0,2116,22
20240315,0,2122,12
20240315,0,2128,1
20240315,0,2129,0
20240315,0,2130,1
20240315,0,2139,11
20240315,0,2143,11
20240315,0,2148,5
20240315,0,2159,1
20240315,0,2171,24
20240315,0,2172,5
20240315,0,2178,0
20240315,0,2179,11
20240315,0,2185,14
20240315,0,2186,0
20240315,0,2191,19
20240315,0,2198,7
20240315,0,2199,1
20240315,0,3310,0
20240315,0,3311,7
20240315,0,3802,0
20240315,1,2111,10
20240315,1,2112,9
20240315,1,2116,22
20240315,1,2122,12
20240315,1,2128,2
20240315,1,2129,0
20240315,1,2130,1
20240315,1,2139,12
20240315,1,2143,11
20240315,1,2148,3
20240315,1,2159,1
20240315,1,2171,22
20240315,1,2172,3
20240315,1,2178,0
20240315,1,2179,10
20240315,1,2185,14
20240315,1,2186,0
20240315,1,2191,19
20240315,1,2198,6
20240315,1,2199,0
20240315,1,3310,0
20240315,1,3311,6
20240315,1,3802,0
20240315,2,2111,7
20240315,2,2112,9
20240315,2,2116,21
20240315,2,2122,12
20240315,2,2128,2
20240315,2,2129,0
20240315,2,2130,0
20240315,2,2139,12
20240315,2,2143,11
20240315,2,2148,3
20240315,2,2159,1
20240315,2,2171,22
20240315,2,2172,3
20240315,2,2178,0
20240315,2,2179,11
20240315,2,2185,15
20240315,2,2186,0
20240315,2,2191,20
20240315,2,2198,6
20240315,2,2199,1
20240315,2,3310,0
20240315,2,3311,6
20240315,2,3802,1
20240315,3,2111,7
20240315,3,2112,9
20240315,3,2116,21
20240315,3,2122,12
20240315,3,2128,1
20240315,3,2129,0
20240315,3,2130,0
20240315,3,2139,12
20240315,3,2143,11
20240315,3,2148,2
20240315,3,2159,0
20240315,3,2171,22
20240315,3,2172,3
20240315,3,2178,0
20240315,3,2179,12
20240315,3,2185,18
20240315,3,2186,0
20240315,3,2191,21
20240315,3,2198,5
20240315,3,2199,1
20240315,3,3310,0
20240315,3,3311,6
20240315,3,3802,1
20240315,4,2111,6
20240315,4,2112,10
20240315,4,2116,21
20240315,4,2122,12
20240315,4,2128,1
20240315,4,2129,0
20240315,4,2130,0
20240315,4,2139,12
20240315,4,2143,11
20240315,4,2148,2
20240315,4,2159,0
20240315,4,2171,22
20240315,4,2172,3
20240315,4,2178,0
20240315,4,2179,11
20240315,4,2185,17
20240315,4,2186,0
20240315,4,2191,23
20240315,4,2198,5
20240315,4,2199,1
20240315,4,3310,0
20240315,4,3311,6
20240315,4,3802,1
20240315,6,2111,6
20240315,6,2112,9
20240315,6,2116,23
20240315,6,2122,10
20240315,6,2128,1
20240315,6,2129,0
20240315,6,2130,0
20240315,6,2139,15
20240315,6,2143,11
20240315,6,2148,2
20240315,6,2159,0
20240315,6,2171,21
20240315,6,2172,3
20240315,6,2178,0
20240315,6,2179,12
20240315,6,2185,17
20240315,6,2186,0
20240315,6,2191,20
20240315,6,2198,6
20240315,6,2199,1
20240315,6,3310,0
20240315,6,3311,7
20240315,6,3802,5
20240315,7,2111,6
20240315,7,2112,8
20240315,7,2116,22
20240315,7,2122,9
20240315,7,2128,0
20240315,7,2129,0
20240315,7,2130,0
20240315,7,2139,13
20240315,7,2143,11
20240315,7,2148,3
20240315,7,2159,0
20240315,7,2171,22
20240315,7,2172,3
20240315,7,2178,0
20240315,7,2179,11
20240315,7,2185,17
20240315,7,2186,0
20240315,7,2191,21
20240315,7,2198,6
20240315,7,2199,0
20240315,7,3310,0
20240315,7,3311,6
20240315,7,3802,7
20240315,8,2111,6
20240315,8,2112,8
20240315,8,2116,22
20240315,8,2122,7
20240315,8,2128,0
20240315,8,2129,0
20240315,8,2130,0
20240315,8,2139,11
20240315,8,2143,12
20240315,8,2148,3
20240315,8,2159,1
20240315,8,2171,25
20240315,8,2172,3
20240315,8,2178,1
20240315,8,2179,12
20240315,8,2185,15
20240315,8,2186,1
20240315,8,2191,20
20240315,8,2198,5
20240315,8,2199,1
20240315,8,3310,1
20240315,8,3311,6
20240315,8,3802,5
20240315,9,2111,6
20240315,9,2112,8
20240315,9,2116,24
20240315,9,2122,8
20240315,9,2128,1
20240315,9,2129,1
20240315,9,2130,0
20240315,9,2139,4
20240315,9,2143,14
20240315,9,2148,2
20240315,9,2159,0
20240315,9,2171,26
20240315,9,2172,4
20240315,9,2178,3
20240315,9,2179,10
20240315,9,2185,15
20240315,9,2186,3
20240315,9,2191,13
20240315,9,2198,4
20240315,9,2199,1
20240315,9,3310,0
20240315,9,3311,12
20240315,9,3802,5
20240315,10,2111,7
20240315,10,2112,7
20240315,10,2116,22
20240315,10,2122,8
20240315,10,2128,0
20240315,10,2129,2
20240315,10,2130,0
20240315,10,2139,3
20240315,10,2143,14
20240315,10,2148,3
20240315,10,2159,0
20240315,10,2171,24
20240315,10,2172,5
20240315,10,2178,7
20240315,10,2179,9
20240315,10,2185,14
20240315,10,2186,2
20240315,10,2191,11
20240315,10,2198,1
20240315,10,2199,0
20240315,10,3310,0
20240315,10,3311,12
20240315,10,3802,4
20240315,11,2111,7
20240315,11,2112,5
20240315,11,2116,23
20240315,11,2122,9
20240315,11,2128,2
20240315,11,2129,3
20240315,11,2130,13
20240315,11,2139,4
20240315,11,2143,14
20240315,11,2148,2
20240315,11,2159,0
20240315,11,2171,21
20240315,11,2172,5
20240315,11,2178,6
20240315,11,2179,13
20240315,11,2185,13
20240315,11,2186,2
20240315,11,2191,11
20240315,11,2198,1
20240315,11,2199,1
20240315,11,3310,0
20240315,11,3311,16
20240315,11,3802,4
20240315,12,2111,10
20240315,12,2112,7
20240315,12,2116,24
20240315,12,2122,9
20240315,12,2128,1
20240315,12,2129,2
20240315,12,2130,12
20240315,12,2139,2
20240315,12,2143,15
20240315,12,2148,4
20240315,12,2159,0
20240315,12,2171,21
20240315,12,2172,6
20240315,12,2178,3
20240315,12,2179,14
20240315,12,2185,11
20240315,12,2186,2
20240315,12,2191,11
20240315,12,2198,2
20240315,12,2199,1
20240315,12,3310,0
20240315,12,3311,16
20240315,12,3802,5
20240315,13,2111,9
20240315,13,2112,8
20240315,13,2116,24
20240315,13,2122,7
20240315,13,2128,0
20240315,13,2129,1
20240315,13,2130,12
20240315,13,2139,3
20240315,13,2143,15
20240315,13,2148,3
20240315,13,2159,0
20240315,13,2171,22
20240315,13,2172,6
20240315,13,2178,4
20240315,13,2179,12
20240315,13,2185,10
20240315,13,2186,2
20240315,13,2191,11
20240315,13,2198,1
20240315,13,2199,1
20240315,13,3310,0
20240315,13,3311,17
20240315,13,3802,4
20240315,14,2111,9
20240315,14,2112,8
20240315,14,2116,24
20240315,14,2122,8
20240315,14,2128,0
20240315,14,2129,0
20240315,14,2130,12
20240315,14,2139,1
20240315,14,2143,15
20240315,14,2148,0
20240315,14,2159,2
20240315,14,2171,22
20240315,14,2172,8
20240315,14,2178,2
20240315,14,2179,12
20240315,14,2185,11
20240315,14,2186,2
20240315,14,2191,10
20240315,14,2198,3
20240315,14,2199,2
20240315,14,3310,0
20240315,14,3311,18
20240315,14,3802,3
20240315,15,2111,7
20240315,15,2112,10
20240315,15,2116,25
20240315,15,2122,6
20240315,15,2128,4
20240315,15,2129,0
20240315,15,2130,10
20240315,15,2139,1
20240315,15,2143,15
20240315,15,2148,1
20240315,15,2159,3
20240315,15,2171,27
20240315,15,2172,7
20240315,15,2178,1
20240315,15,2179,10
20240315,15,2185,11
20240315,15,2186,0
20240315,15,2191,10
20240315,15,2198,1
20240315,15,2199,2
20240315,15,3310,0
20240315,15,3311,17
20240315,15,3802,2
20240315,16,2111,5
20240315,16,2112,11
20240315,16,2116,24
20240315,16,2122,3
20240315,16,2128,3
20240315,16,2129,0
20240315,16,2130,8
20240315,16,2139,0
20240315,16,2143,15
20240315,16,2148,0
20240315,16,2159,2
20240315,16,2171,28
20240315,16,2172,7
20240315,16,2178,1
20240315,16,2179,10
20240315,16,2185,7
20240315,16,2186,1
20240315,16,2191,10
20240315,16,2198,0
20240315,16,2199,2
20240315,16,3310,0
20240315,16,3311,12
20240315,16,3802,2
20240315,17,2111,4
20240315,17,2112,12
20240315,17,2116,27
20240315,17,2122,7
20240315,17,2128,1
20240315,17,2129,0
20240315,17,2130,7
20240315,17,2139,3
20240315,17,2143,14
20240315,17,2148,3
20240315,17,2159,3
20240315,17,2171,30
20240315,17,2172,4
20240315,17,2178,0
20240315,17,2179,8
20240315,17,2185,8
20240315,17,2186,0
20240315,17,2191,12
20240315,17,2198,0
20240315,17,2199,1
20240315,17,3310,0
20240315,17,3311,8
20240315,17,3802,2
20240315,18,2111,3
20240315,18,2112,13
20240315,18,2116,27
20240315,18,2122,8
20240315,18,2128,3
20240315,18,2129,0
20240315,18,2130,5
20240315,18,2139,2
20240315,18,2143,12
20240315,18,2148,1
20240315,18,2159,3
20240315,18,2171,32
20240315,18,2172,4
20240315,18,2178,0
20240315,18,2179,13
20240315,18,2185,9
20240315,18,2186,0
20240315,18,2191,10
20240315,18,2198,1
20240315,18,2199,1
20240315,18,3310,0
20240315,18,3311,8
20240315,18,3802,2
20240315,19,2111,3
20240315,19,2112,12
20240315,19,2116,26
20240315,19,2122,6
20240315,19,2128,3
20240315,19,2129,1
20240315,19,2130,0
20240315,19,2139,5
20240315,19,2143,12
20240315,19,2148,3
20240315,19,2159,2
20240315,19,2171,26
20240315,19,2172,1
20240315,19,2178,0
20240315,19,2179,14
20240315,19,2185,9
20240315,19,2186,0
20240315,19,2191,16
20240315,19,2198,4
20240315,19,2199,1
20240315,19,3310,0
20240315,19,3311,4
20240315,19,3802,1
20240315,20,2111,8
20240315,20,2112,11
20240315,20,2116,25
20240315,20,2122,5
20240315,20,2128,5
20240315,20,2129,0
20240315,20,2130,0
20240315,20,2139,4
20240315,20,2143,13
20240315,20,2148,2
20240315,20,2159,1
20240315,20,2171,25
20240315,20,2172,0
20240315,20,2178,0
20240315,20,2179,13
20240315,20,2185,10
20240315,20,2186,1
20240315,20,2191,12
20240315,20,2198,6
20240315,20,2199,2
20240315,20,3310,0
20240315,20,3311,6
20240315,20,3802,0
20240315,21,2111,4
20240315,21,2112,12
20240315,21,2116,26
20240315,21,2122,5
20240315,21,2128,4
20240315,21,2129,1
20240315,21,2130,0
20240315,21,2139,3
20240315,21,2143,13
20240315,21,2148,2
20240315,21,2159,2
20240315,21,2171,29
20240315,21,2172,1
20240315,21,2178,0
20240315,21,2179,11
20240315,21,2185,10
20240315,21,2186,2
20240315,21,2191,14
20240315,21,2198,5
20240315,21,2199,3
20240315,21,3310,0
20240315,21,3311,4
20240315,21,3802,1
20240315,22,2111,3
20240315,22,2112,14
20240315,22,2116,24
20240315,22,2122,4
20240315,22,2128,2
20240315,22,2129,0
20240315,22,2130,0
20240315,22,2139,3
20240315,22,2143,13
20240315,22,2148,3
20240315,22,2159,1
20240315,22,2171,31
20240315,22,2172,0
20240315,22,2178,0
20240315,22,2179,11
20240315,22,2185,10
20240315,22,2186,3
20240315,22,2191,14
20240315,22,2198,6
20240315,22,2199,2
20240315,22,3310,0
20240315,22,3311,1
20240315,22,3802,0
20240315,23,2111,2
20240315,23,2112,13
20240315,23,2116,23
20240315,23,2122,4
20240315,23,2128,2
20240315,23,2129,0
20240315,23,2130,0
20240315,23,2139,5
20240315,23,2143,11
20240315,23,2148,2
20240315,23,2159,1
20240315,23,2171,25
20240315,23,2172,0
20240315,23,2178,0
20240315,23,2179,13
20240315,23,2185,10
20240315,23,2186,4
20240315,23,2191,15
20240315,23,2198,9
20240315,23,2199,2
20240315,23,3310,0
20240315,23,3311,1
20240315,23,3802,0
20240316,0,2111,2
20240316,0,2112,11
20240316,0,2116,25
20240316,0,2122,5
20240316,0,2128,2
20240316,0,2129,0
20240316,0,2130,0
20240316,0,2139,8
20240316,0,2143,12
20240316,0,2148,5
20240316,0,2159,0
20240316,0,2171,19
20240316,0,2172,3
20240316,0,2178,0
20240316,0,2179,14
20240316,0,2185,8
20240316,0,2186,5
20240316,0,2191,15
20240316,0,2198,5
20240316,0,2199,2
20240316,0,3310,0
20240316,0,3311,2
20240316,0,3802,0
20240316,1,2111,0
20240316,1,2112,11
20240316,1,2116,23
20240316,1,2122,2
20240316,1,2128,2
20240316,1,2129,0
20240316,1,2130,0
20240316,1,2139,9
20240316,1,2143,12
20240316,1,2148,3
20240316,1,2159,1
20240316,1,2171,13
20240316,1,2172,2
20240316,1,2178,0
20240316,1,2179,14
20240316,1,2185,8
20240316,1,2186,6
20240316,1,2191,17
20240316,1,2198,7
20240316,1,2199,2
20240316,1,3310,1
20240316,1,3311,1
20240316,1,3802,1
20240316,2,2111,1
20240316,2,2112,12
20240316,2,2116,23
20240316,2,2122,2
20240316,2,2128,0
20240316,2,2129,0
20240316,2,2130,0
20240316,2,2139,10
20240316,2,2143,12
20240316,2,2148,4
20240316,2,2159,0
20240316,2,2171,13
20240316,2,2172,2
20240316,2,2178,0
20240316,2,2179,15
20240316,2,2185,8
20240316,2,2186,5
20240316,2,2191,19
20240316,2,2198,10
20240316,2,2199,2
20240316,2,3310,1
20240316,2,3311,1
20240316,2,3802,1
20240316,3,2111,0
20240316,3,2112,10
20240316,3,2116,25
20240316,3,2122,2
20240316,3,2128,0
20240316,3,2129,0
20240316,3,2130,0
20240316,3,2139,10
20240316,3,2143,12
20240316,3,2148,0
20240316,3,2159,0
20240316,3,2171,13
20240316,3,2172,1
20240316,3,2178,0
20240316,3,2179,15
20240316,3,2185,9
20240316,3,2186,2
20240316,3,2191,22
20240316,3,2198,9
20240316,3,2199,2
20240316,3,3310,1
20240316,3,3311,1
20240316,3,3802,1
20240316,4,2111,0
20240316,4,2112,9
20240316,4,2116,24
20240316,4,2122,2
20240316,4,2128,0
20240316,4,2129,0
20240316,4,2130,0
20240316,4,2139,10
20240316,4,2143,12
20240316,4,2148,0
20240316,4,2159,0
20240316,4,2171,12
20240316,4,2172,1
20240316,4,2178,0
20240316,4,2179,16
20240316,4,2185,9
20240316,4,2186,3
20240316,4,2191,21
20240316,4,2198,9
20240316,4,2199,2
20240316,4,3310,1
20240316,4,3311,0
20240316,4,3802,1
20240316,6,2111,0
20240316,6,2112,10
20240316,6,2116,24
20240316,6,2122,2
20240316,6,2128,0
20240316,6,2129,0
20240316,6,2130,0
20240316,6,2139,10
20240316,6,2143,12
20240316,6,2148,0
20240316,6,2159,1
20240316,6,2171,10
20240316,6,2172,1
20240316,6,2178,0
20240316,6,2179,16
20240316,6,2185,10
20240316,6,2186,2
20240316,6,2191,22
20240316,6,2198,9
20240316,6,2199,2
20240316,6,3310,1
20240316,6,3311,0
20240316,6,3802,1
20240316,7,2111,0
20240316,7,2112,10
20240316,7,2116,24
20240316,7,2122,2
20240316,7,2128,0
20240316,7,2129,0
20240316,7,2130,0
20240316,7,2139,8
20240316,7,2143,12
20240316,7,2148,0
20240316,7,2159,1
20240316,7,2171,10
20240316,7,2172,1
20240316,7,2178,0
20240316,7,2179,16
20240316,7,2185,9
20240316,7,2186,2
20240316,7,2191,22
20240316,7,2198,9
20240316,7,2199,2
20240316,7,3310,1
20240316,7,3311,0
20240316,7,3802,1
20240316,8,2111,0
20240316,8,2112,9
20240316,8,2116,26
20240316,8,2122,2
20240316,8,2128,0
20240316,8,2129,0
20240316,8,2130,0
20240316,8,2139,8
20240316,8,2143,12
20240316,8,2148,1
20240316,8,2159,1
20240316,8,2171,10
20240316,8,2172,1
20240316,8,2178,1
20240316,8,2179,16
20240316,8,2185,9
20240316,8,2186,1
20240316,8,2191,23
20240316,8,2198,8
20240316,8,2199,2
20240316,8,3310,3
20240316,8,3311,0
20240316,8,3802,1
20240316,10,2111,3
20240316,10,2112,11
20240316,10,2116,27
20240316,10,2122,2
20240316,10,2128,0
20240316,10,2129,0
20240316,10,2130,0
20240316,10,2139,4
20240316,10,2143,9
20240316,10,2148,0
20240316,10,2159,1
20240316,10,2171,9
20240316,10,2172,4
20240316,10,2178,3
20240316,10,2179,13
20240316,10,2185,8
20240316,10,2186,2
20240316,10,2191,25
20240316,10,2198,6
20240316,10,2199,1
20240316,10,3310,2
20240316,10,3311,8
20240316,10,3802,5
20240316,11,2111,6
20240316,11,2112,13
20240316,11,2116,27
20240316,11,2122,1
20240316,11,2128,1
20240316,11,2129,0
20240316,11,2130,0
20240316,11,2139,3
20240316,11,2143,7
20240316,11,2148,2
20240316,11,2159,0
20240316,11,2171,8
20240316,11,2172,11
20240316,11,2178,4
20240316,11,2179,13
20240316,11,2185,9
20240316,11,2186,0
20240316,11,2191,25
20240316,11,2198,5
20240316,11,2199,1
20240316,11,3310,0
20240316,11,3311,12
20240316,11,3802,0
20240316,12,2111,4
20240316,12,2112,13
20240316,12,2116,25
20240316,12,2122,2
20240316,12,2128,0
20240316,12,2129,0
20240316,12,2130,0
20240316,12,2139,0
20240316,12,2143,7
20240316,12,2148,1
20240316,12,2159,0
20240316,12,2171,9
20240316,12,2172,13
20240316,12,2178,4
20240316,12,2179,10
20240316,12,2185,8
20240316,12,2186,0
20240316,12,2191,27
20240316,12,2198,4
20240316,12,2199,1
20240316,12,3310,0
20240316,12,3311,12
20240316,12,3802,1
20240316,13,2111,2
20240316,13,2112,19
20240316,13,2116,27
20240316,13,2122,2
20240316,13,2128,0
20240316,13,2129,0
20240316,13,2130,0
20240316,13,2139,0
20240316,13,2143,6
20240316,13,2148,1
20240316,13,2159,3
20240316,13,2171,8
20240316,13,2172,10
20240316,13,2178,4
20240316,13,2179,5
20240316,13,2185,8
20240316,13,2186,1
20240316,13,2191,27
20240316,13,2198,3
20240316,13,2199,0
20240316,13,3310,0
20240316,13,3311,15
20240316,13,3802,0
20240316,14,2111,1
20240316,14,2112,19
20240316,14,2116,22
20240316,14,2122,0
20240316,14,2128,1
20240316,14,2129,0
20240316,14,2130,0
20240316,14,2139,0
20240316,14,2143,5
20240316,14,2148,1
20240316,14,2159,2
20240316,14,2171,8
20240316,14,2172,5
20240316,14,2178,4
20240316,14,2179,7
20240316,14,2185,8
20240316,14,2186,1
20240316,14,2191,23
20240316,14,2198,4
20240316,14,2199,0
20240316,14,3310,0
20240316,14,3311,17
20240316,14,3802,0
20240316,15,2111,2
20240316,15,2112,17
20240316,15,2116,18
20240316,15,2122,16
20240316,15,2128,0
20240316,15,2129,13
20240316,15,2130,0
20240316,15,2139,0
20240316,15,2143,4
20240316,15,2148,1
20240316,15,2159,0
20240316,15,2171,6
20240316,15,2172,3
20240316,15,2178,4
20240316,15,2179,9
20240316,15,2185,7
20240316,15,2186,0
20240316,15,2191,25
20240316,15,2198,4
20240316,15,2199,0
20240316,15,3310,3
20240316,15,3311,14
20240316,15,3802,1
20240316,16,2111,6
20240316,16,2112,16
20240316,16,2116,10
20240316,16,2122,13
20240316,16,2128,0
20240316,16,2129,10
20240316,16,2130,0
20240316,16,2139,18
20240316,16,2143,3
20240316,16,2148,1
20240316,16,2159,2
20240316,16,2171,9
20240316,16,2172,4
20240316,16,2178,3
20240316,16,2179,10
20240316,16,2185,8
20240316,16,2186,1
20240316,16,2191,24
20240316,16,2198,3
20240316,16,2199,0
20240316,16,3310,3
20240316,16,3311,18
20240316,16,3802,1
20240316,17,2111,4
20240316,17,2112,19
20240316,17,2116,13
20240316,17,2122,7
20240316,17,2128,0
20240316,17,2129,9
20240316,17,2130,0
20240316,17,2139,19
20240316,17,2143,2
20240316,17,2148,2
20240316,17,2159,3
20240316,17,2171,11
20240316,17,2172,5
20240316,17,2178,7
20240316,17,2179,11
20240316,17,2185,6
20240316,17,2186,3
20240316,17,2191,24
20240316,17,2198,4
20240316,17,2199,0
20240316,17,3310,0
20240316,17,3311,21
20240316,17,3802,2
20240316,18,2111,5
20240316,18,2112,21
20240316,18,2116,13
20240316,18,2122,10
20240316,18,2128,0
20240316,18,2129,4
20240316,18,2130,0
20240316,18,2139,19
20240316,18,2143,3
20240316,18,2148,4
20240316,18,2159,4
20240316,18,2171,5
20240316,18,2172,4
20240316,18,2178,9
20240316,18,2179,11
20240316,18,2185,5
20240316,18,2186,1
20240316,18,2191,23
20240316,18,2198,4
20240316,18,2199,0
20240316,18,3310,0
20240316,18,3311,28
20240316,18,3802,0
20240316,19,2111,4
20240316,19,2112,20
20240316,19,2116,14
20240316,19,2122,12
20240316,19,2128,1
20240316,19,2129,1
20240316,19,2130,0
20240316,19,2139,21
20240316,19,2143,2
20240316,19,2148,2
20240316,19,2159,2
20240316,19,2171,10
20240316,19,2172,5
20240316,19,2178,9
20240316,19,2179,12
20240316,19,2185,6
20240316,19,2186,2
20240316,19,2191,22
20240316,19,2198,6
20240316,19,2199,0
20240316,19,3310,0
20240316,19,3311,25
20240316,19,3802,2
20240316,20,2111,2
20240316,20,2112,14
20240316,20,2116,11
20240316,20,2122,11
20240316,20,2128,0
20240316,20,2129,2
20240316,20,2130,0
20240316,20,2139,22
20240316,20,2143,2
20240316,20,2148,1
20240316,20,2159,0
20240316,20,2171,8
20240316,20,2172,4
20240316,20,2178,10
20240316,20,2179,13
20240316,20,2185,6
20240316,20,2186,0
20240316,20,2191,19
20240316,20,2198,7
20240316,20,2199,0
20240316,20,3310,1
20240316,20,3311,23
20240316,20,3802,1
20240316,21,2111,3
20240316,21,2112,12
20240316,21,2116,6
20240316,21,2122,9
20240316,21,2128,0
20240316,21,2129,0
20240316,21,2130,0
20240316,21,2139,20
20240316,21,2143,1
20240316,21,2148,0
20240316,21,2159,2
20240316,21,2171,5
20240316,21,2172,4
20240316,21,2178,10
20240316,21,2179,17
20240316,21,2185,8
20240316,21,2186,2
20240316,21,2191,18
20240316,21,2198,8
20240316,21,2199,0
20240316,21,3310,0
20240316,21,3311,23
20240316,21,3802,1
20240316,22,2111,0
20240316,22,2112,10
20240316,22,2116,6
20240316,22,2122,9
20240316,22,2128,0
20240316,22,2129,1
20240316,22,2130,0
20240316,22,2139,20
20240316,22,2143,2
20240316,22,2148,0
20240316,22,2159,2
20240316,22,2171,6
20240316,22,2172,4
20240316,22,2178,9
20240316,22,2179,14
20240316,22,2185,8
20240316,22,2186,2
20240316,22,2191,20
20240316,22,2198,8
20240316,22,2199,0
20240316,22,3310,0
20240316,22,3311,20
20240316,22,3802,1
20240316,23,2111,3
20240316,23,2112,8
20240316,23,2116,9
20240316,23,2122,10
20240316,23,2128,0
20240316,23,2129,0
20240316,23,2130,0
20240316,23,2139,23
20240316,23,2143,4
20240316,23,2148,0
20240316,23,2159,4
20240316,23,2171,8
20240316,23,2172,4
20240316,23,2178,8
20240316,23,2179,16
20240316,23,2185,8
20240316,23,2186,2
20240316,23,2191,21
20240316,23,2198,10
20240316,23,2199,0
20240316,23,3310,0
20240316,23,3311,18
20240316,23,3802,1
20240317,0,2111,3
20240317,0,2112,11
20240317,0,2116,8
20240317,0,2122,10
20240317,0,2128,0
20240317,0,2129,0
20240317,0,2130,0
20240317,0,2139,25
20240317,0,2143,4
20240317,0,2148,1
20240317,0,2159,2
20240317,0,2171,4
20240317,0,2172,4
20240317,0,2178,8
20240317,0,2179,17
20240317,0,2185,11
20240317,0,2186,2
20240317,0,2191,22
20240317,0,2198,6
20240317,0,2199,0
20240317,0,3310,0
20240317,0,3311,14
20240317,0,3802,1
20240317,1,2111,4
20240317,1,2112,13
20240317,1,2116,7
20240317,1,2122,10
20240317,1,2128,1
20240317,1,2129,0
20240317,1,2130,0
20240317,1,2139,24
20240317,1,2143,3
20240317,1,2148,0
20240317,1,2159,2
20240317,1,2171,4
20240317,1,2172,3
20240317,1,2178,7
20240317,1,2179,16
20240317,1,2185,12
20240317,1,2186,1
20240317,1,2191,24
20240317,1,2198,4
20240317,1,2199,0
20240317,1,3310,0
20240317,1,3311,11
20240317,1,3802,0
20240317,2,2111,4
20240317,2,2112,15
20240317,2,2116,6
20240317,2,2122,5
20240317,2,2128,0
20240317,2,2129,0
20240317,2,2130,0
20240317,2,2139,26
20240317,2,2143,5
20240317,2,2148,0
20240317,2,2159,2
20240317,2,2171,6
20240317,2,2172,2
20240317,2,2178,7
20240317,2,2179,18
20240317,2,2185,11
20240317,2,2186,1
20240317,2,2191,23
20240317,2,2198,5
20240317,2,2199,0
20240317,2,3310,0
20240317,2,3311,11
20240317,2,3802,0
20240317,3,2111,2
20240317,3,2112,16
20240317,3,2116,6
20240317,3,2122,5
20240317,3,2128,0
20240317,3,2129,1
20240317,3,2130,0
20240317,3,2139,26
20240317,3,2143,6
20240317,3,2148,1
20240317,3,2159,2
20240317,3,2171,6
20240317,3,2172,2
20240317,3,2178,7
20240317,3,2179,18
20240317,3,2185,12
20240317,3,2186,1
20240317,3,2191,23
20240317,3,2198,5
20240317,3,2199,0
20240317,3,3310,1
20240317,3,3311,10
20240317,3,3802,0
20240317,4,2111,2
20240317,4,2112,16
20240317,4,2116,6
20240317,4,2122,4
20240317,4,2128,0
20240317,4,2129,1
20240317,4,2130,0
20240317,4,2139,27
20240317,4,2143,6
20240317,4,2148,1
20240317,4,2159,3
20240317,4,2171,4
20240317,4,2172,2
20240317,4,2178,8
20240317,4,2179,16
20240317,4,2185,12
20240317,4,2186,1
20240317,4,2191,22
20240317,4,2198,5
20240317,4,2199,0
20240317,4,3310,0
20240317,4,3311,10
20240317,4,3802,0
20240317,6,2111,2
20240317,6,2112,15
20240317,6,2116,6
20240317,6,2122,4
20240317,6,2128,0
20240317,6,2129,1
20240317,6,2130,0
20240317,6,2139,28
20240317,6,2143,6
20240317,6,2148,1
20240317,6,2159,3
20240317,6,2171,3
20240317,6,2172,3
20240317,6,2178,9
20240317,6,2179,14
20240317,6,2185,12
20240317,6,2186,2
20240317,6,2191,21
20240317,6,2198,5
20240317,6,2199,0
20240317,6,3310,0
20240317,6,3311,10
20240317,6,3802,0
20240317,7,2111,2
20240317,7,2112,14
20240317,7,2116,7
20240317,7,2122,4
20240317,7,2128,0
20240317,7,2129,0
20240317,7,2130,0
20240317,7,2139,27
20240317,7,2143,6
20240317,7,2148,2
20240317,7,2159,3
20240317,7,2171,3
20240317,7,2172,3
20240317,7,2178,8
20240317,7,2179,15
20240317,7,2185,11
20240317,7,2186,2
20240317,7,2191,21
20240317,7,2198,5
20240317,7,2199,0
20240317,7,3310,0
20240317,7,3311,10
20240317,7,3802,0
20240317,8,2111,2
20240317,8,2112,14
20240317,8,2116,7
20240317,8,2122,4
20240317,8,2128,0
20240317,8,2129,0
20240317,8,2130,0
20240317,8,2139,26
20240317,8,2143,7
20240317,8,2148,2
20240317,8,2159,3
20240317,8,2171,4
20240317,8,2172,3
20240317,8,2178,7
20240317,8,2179,14
20240317,8,2185,11
20240317,8,2186,2
20240317,8,2191,21
20240317,8,2198,5
20240317,8,2199,0
20240317,8,3310,0
20240317,8,3311,10
20240317,8,3802,0
20240317,9,2111,2
20240317,9,2112,16
20240317,9,2116,6
20240317,9,2122,3
20240317,9,2128,0
20240317,9,2129,0
20240317,9,2130,0
20240317,9,2139,25
20240317,9,2143,7
20240317,9,2148,2
20240317,9,2159,3
20240317,9,2171,6
20240317,9,2172,3
20240317,9,2178,7
20240317,9,2179,13
20240317,9,2185,10
20240317,9,2186,2
20240317,9,2191,20
20240317,9,2198,5
20240317,9,2199,0
20240317,9,3310,0
20240317,9,3311,10
20240317,9,3802,1
20240317,10,2111,3
20240317,10,2112,16
20240317,10,2116,7
20240317,10,2122,3
20240317,10,2128,0
20240317,10,2129,0
20240317,10,2130,0
20240317,10,2139,24
20240317,10,2143,7
20240317,10,2148,2
20240317,10,2159,2
20240317,10,2171,5
20240317,10,2172,3
20240317,10,2178,7
20240317,10,2179,14
20240317,10,2185,9
20240317,10,2186,2
20240317,10,2191,19
20240317,10,2198,5
20240317,10,2199,0
20240317,10,3310,0
20240317,10,3311,10
20240317,10,3802,3
20240317,11,2111,3
20240317,11,2112,17
20240317,11,2116,6
20240317,11,2122,3
20240317,11,2128,0
20240317,11,2129,0
20240317,11,2130,0
20240317,11,2139,24
20240317,11,2143,7
20240317,11,2148,2
20240317,11,2159,2
20240317,11,2171,5
20240317,11,2172,3
20240317,11,2178,7
20240317,11,2179,13
20240317,11,2185,10
20240317,11,2186,1
20240317,11,2191,17
20240317,11,2198,6
20240317,11,2199,0
20240317,11,3310,0
20240317,11,3311,10
20240317,11,3802,2
20240317,12,2111,1
20240317,12,2112,16
20240317,12,2116,5
20240317,12,2122,3
20240317,12,2128,0
20240317,12,2129,0
20240317,12,2130,0
20240317,12,2139,23
20240317,12,2143,8
20240317,12,2148,2
20240317,12,2159,2
20240317,12,2171,4
20240317,12,2172,5
20240317,12,2178,9
20240317,12,2179,13
20240317,12,2185,7
20240317,12,2186,1
20240317,12,2191,17
20240317,12,2198,9
20240317,12,2199,1
20240317,12,3310,0
20240317,12,3311,11
20240317,12,3802,1
20240317,13,2111,6
20240317,13,2112,17
20240317,13,2116,4
20240317,13,2122,2
20240317,13,2128,0
20240317,13,2129,0
20240317,13,2130,0
20240317,13,2139,21
20240317,13,2143,8
20240317,13,2148,0
20240317,13,2159,2
20240317,13,2171,6
20240317,13,2172,3
20240317,13,2178,10
20240317,13,2179,12
20240317,13,2185,8
20240317,13,2186,1
20240317,13,2191,18
20240317,13,2198,9
20240317,13,2199,1
20240317,13,3310,0
20240317,13,3311,9
20240317,13,3802,2
20240317,14,2111,6
20240317,14,2112,18
20240317,14,2116,4
20240317,14,2122,2
20240317,14,2128,0
20240317,14,2129,0
20240317,14,2130,0
20240317,14,2139,23
20240317,14,2143,8
20240317,14,2148,0
20240317,14,2159,0
20240317,14,2171,10
20240317,14,2172,4
20240317,14,2178,10
20240317,14,2179,12
20240317,14,2185,5
20240317,14,2186,2
20240317,14,2191,15
20240317,14,2198,9
20240317,14,2199,3
20240317,14,3310,0
20240317,14,3311,9
20240317,14,3802,1
20240317,15,2111,4
20240317,15,2112,18
20240317,15,2116,4
20240317,15,2122,2
20240317,15,2128,0
20240317,15,2129,0
20240317,15,2130,0
20240317,15,2139,23
20240317,15,2143,8
20240317,15,2148,1
20240317,15,2159,0
20240317,15,2171,13
20240317,15,2172,2
20240317,15,2178,10
20240317,15,2179,11
20240317,15,2185,5
20240317,15,2186,1
20240317,15,2191,16
20240317,15,2198,7
20240317,15,2199,3
20240317,15,3310,0
20240317,15,3311,9
20240317,15,3802,4
20240317,16,2111,2
20240317,16,2112,16
20240317,16,2116,7
20240317,16,2122,2
20240317,16,2128,0
20240317,16,2129,0
20240317,16,2130,0
20240317,16,2139,21
20240317,16,2143,8
20240317,16,2148,1
20240317,16,2159,1
20240317,16,2171,10
20240317,16,2172,3
20240317,16,2178,11
20240317,16,2179,7
20240317,16,2185,5
20240317,16,2186,2
20240317,16,2191,14
20240317,16,2198,5
20240317,16,2199,3
20240317,16,3310,17
20240317,16,3311,8
20240317,16,3802,4
20240317,17,2111,4
20240317,17,2112,15
20240317,17,2116,6
20240317,17,2122,1
20240317,17,2128,0
20240317,17,2129,0
20240317,17,2130,0
20240317,17,2139,21
20240317,17,2143,7
20240317,17,2148,1
20240317,17,2159,2
20240317,17,2171,9
20240317,17,2172,3
20240317,17,2178,11
20240317,17,2179,7
20240317,17,2185,6
20240317,17,2186,1
20240317,17,2191,15
20240317,17,2198,7
20240317,17,2199,3
20240317,17,3310,16
20240317,17,3311,12
20240317,17,3802,2
20240317,18,2111,8
20240317,18,2112,15
20240317,18,2116,7
20240317,18,2122,2
20240317,18,2128,2
20240317,18,2129,1
20240317,18,2130,0
20240317,18,2139,19
20240317,18,2143,7
20240317,18,2148,1
20240317,18,2159,0
20240317,18,2171,10
20240317,18,2172,1
20240317,18,2178,11
20240317,18,2179,4
20240317,18,2185,6
20240317,18,2186,1
20240317,18,2191,17
20240317,18,2198,7
20240317,18,2199,3
20240317,18,3310,14
20240317,18,3311,12
20240317,18,3802,2
20240317,19,2111,11
20240317,19,2112,14
20240317,19,2116,9
20240317,19,2122,1
20240317,19,2128,2
20240317,19,2129,0
20240317,19,2130,0
20240317,19,2139,21
20240317,19,2143,6
20240317,19,2148,0
20240317,19,2159,2
20240317,19,2171,12
20240317,19,2172,2
20240317,19,2178,11
20240317,19,2179,5
20240317,19,2185,8
20240317,19,2186,1
20240317,19,2191,18
20240317,19,2198,7
20240317,19,2199,3
20240317,19,3310,14
20240317,19,3311,7
20240317,19,3802,1
20240317,20,2111,10
20240317,20,2112,11
20240317,20,2116,10
20240317,20,2122,0
20240317,20,2128,2
20240317,20,2129,0
20240317,20,2130,0
20240317,20,2139,19
20240317,20,2143,5
20240317,20,2148,0
20240317,20,2159,2
20240317,20,2171,8
20240317,20,2172,2
20240317,20,2178,14
20240317,20,2179,4
20240317,20,2185,5
20240317,20,2186,4
20240317,20,2191,18
20240317,20,2198,6
20240317,20,2199,3
20240317,20,3310,14
20240317,20,3311,9
20240317,20,3802,1
20240317,21,2111,11
20240317,21,2112,12
20240317,21,2116,11
20240317,21,2122,1
20240317,21,2128,3
20240317,21,2129,0
20240317,21,2130,0
20240317,21,2139,19
20240317,21,2143,5
20240317,21,2148,0
20240317,21,2159,2
20240317,21,2171,7
20240317,21,2172,2
20240317,21,2178,13
20240317,21,2179,3
20240317,21,2185,6
20240317,21,2186,2
20240317,21,2191,18
20240317,21,2198,6
20240317,21,2199,3
20240317,21,3310,14
20240317,21,3311,8
20240317,21,3802,0
20240317,22,2111,10
20240317,22,2112,13
20240317,22,2116,13
20240317,22,2122,1
20240317,22,2128,3
20240317,22,2129,0
20240317,22,2130,0
20240317,22,2139,19
20240317,22,2143,5
20240317,22,2148,0
20240317,22,2159,2
20240317,22,2171,7
20240317,22,2172,3
20240317,22,2178,13
20240317,22,2179,3
20240317,22,2185,7
20240317,22,2186,2
20240317,22,2191,16
20240317,22,2198,7
20240317,22,2199,3
20240317,22,3310,13
20240317,22,3311,8
20240317,22,3802,0
20240317,23,2111,8
20240317,23,2112,13
20240317,23,2116,12
20240317,23,2122,0
20240317,23,2128,1
20240317,23,2129,0
20240317,23,2130,0
20240317,23,2139,21
20240317,23,2143,5
20240317,23,2148,0
20240317,23,2159,2
20240317,23,2171,7
20240317,23,2172,3
20240317,23,2178,11
20240317,23,2179,3
20240317,23,2185,8
20240317,23,2186,2
20240317,23,2191,18
20240317,23,2198,6
20240317,23,2199,2
20240317,23,3310,13
20240317,23,3311,7
20240317,23,3802,0
20240318,0,2111,6
20240318,0,2112,13
20240318,0,2116,11
20240318,0,2122,0
20240318,0,2128,2
20240318,0,2129,0
20240318,0,2130,0
20240318,0,2139,22
20240318,0,2143,6
20240318,0,2148,0
20240318,0,2159,3
20240318,0,2171,6
20240318,0,2172,3
20240318,0,2178,10
20240318,0,2179,1
20240318,0,2185,8
20240318,0,2186,2
20240318,0,2191,19
20240318,0,2198,6
20240318,0,2199,2
20240318,0,3310,13
20240318,0,3311,7
20240318,0,3802,0
20240318,1,2111,7
20240318,1,2112,12
20240318,1,2116,11
20240318,1,2122,0
20240318,1,2128,1
20240318,1,2129,0
20240318,1,2130,0
20240318,1,2139,23
20240318,1,2143,6
20240318,1,2148,0
20240318,1,2159,3
20240318,1,2171,6
20240318,1,2172,3
20240318,1,2178,10
20240318,1,2179,1
20240318,1,2185,6
20240318,1,2186,2
20240318,1,2191,19
20240318,1,2198,8
20240318,1,2199,1
20240318,1,3310,13
20240318,1,3311,6
20240318,1,3802,1
20240318,2,2111,5
20240318,2,2112,11
20240318,2,2116,12
20240318,2,2122,1
20240318,2,2128,1
20240318,2,2129,0
20240318,2,2130,0
20240318,2,2139,24
20240318,2,2143,6
20240318,2,2148,0
20240318,2,2159,2
20240318,2,2171,6
20240318,2,2172,3
20240318,2,2178,10
20240318,2,2179,1
20240318,2,2185,7
20240318,2,2186,3
20240318,2,2191,20
20240318,2,2198,8
20240318,2,2199,1
20240318,2,3310,13
20240318,2,3311,6
20240318,2,3802,1
20240318,3,2111,5
20240318,3,2112,11
20240318,3,2116,12
20240318,3,2122,0
20240318,3,2128,0
20240318,3,2129,0
20240318,3,2130,0
20240318,3,2139,23
20240318,3,2143,7
20240318,3,2148,0
20240318,3,2159,2
20240318,3,2171,7
20240318,3,2172,3
20240318,3,2178,9
20240318,3,2179,1
20240318,3,2185,7
20240318,3,2186,2
20240318,3,2191,23
20240318,3,2198,9
20240318,3,2199,0
20240318,3,3310,12
20240318,3,3311,7
20240318,3,3802,1
20240318,4,2111,5
20240318,4,2112,10
20240318,4,2116,13
20240318,4,2122,0
20240318,4,2128,0
20240318,4,2129,0
20240318,4,2130,0
20240318,4,2139,24
20240318,4,2143,7
20240318,4,2148,0
20240318,4,2159,2
20240318,4,2171,6
20240318,4,2172,3
20240318,4,2178,9
20240318,4,2179,1
20240318,4,2185,7
20240318,4,2186,4
20240318,4,2191,24
20240318,4,2198,9
20240318,4,2199,0
20240318,4,3310,11
20240318,4,3311,8
20240318,4,3802,1
20240318,6,2111,6
20240318,6,2112,11
20240318,6,2116,11
20240318,6,2122,0
20240318,6,2128,0
20240318,6,2129,0
20240318,6,2130,0
20240318,6,2139,24
20240318,6,2143,7
20240318,6,2148,0
20240318,6,2159,2
20240318,6,2171,7
20240318,6,2172,2
20240318,6,2178,9
20240318,6,2179,2
20240318,6,2185,7
20240318,6,2186,4
20240318,6,2191,22
20240318,6,2198,6
20240318,6,2199,0
20240318,6,3310,11
20240318,6,3311,7
20240318,6,3802,4
20240318,7,2111,8
20240318,7,2112,11
20240318,7,2116,11
20240318,7,2122,1
20240318,7,2128,0
20240318,7,2129,0
20240318,7,2130,0
20240318,7,2139,24
20240318,7,2143,7
20240318,7,2148,1
20240318,7,2159,1
20240318,7,2171,7
20240318,7,2172,3
20240318,7,2178,9
20240318,7,2179,2
20240318,7,2185,8
20240318,7,2186,4
20240318,7,2191,22
20240318,7,2198,5
20240318,7,2199,0
20240318,7,3310,11
20240318,7,3311,7
20240318,7,3802,7
20240318,8,2111,10
20240318,8,2112,9
20240318,8,2116,11
20240318,8,2122,1
20240318,8,2128,0
20240318,8,2129,0
20240318,8,2130,0
20240318,8,2139,22
20240318,8,2143,6
20240318,8,2148,0
20240318,8,2159,1
20240318,8,2171,7
20240318,8,2172,3
20240318,8,2178,10
20240318,8,2179,1
20240318,8,2185,7
20240318,8,2186,3
20240318,8,2191,21
20240318,8,2198,6
20240318,8,2199,0
20240318,8,3310,8
20240318,8,3311,7
20240318,8,3802,3
20240318,9,2111,10
20240318,9,2112,10
20240318,9,2116,11
20240318,9,2122,2
20240318,9,2128,3
20240318,9,2129,0
20240318,9,2130,0
20240318,9,2139,18
20240318,9,2143,3
20240318,9,2148,1
20240318,9,2159,0
20240318,9,2171,8
20240318,9,2172,5
20240318,9,2178,13
20240318,9,2179,1
20240318,9,2185,3
20240318,9,2186,1
20240318,9,2191,21
20240318,9,2198,6
20240318,9,2199,1
20240318,9,3310,8
20240318,9,3311,9
20240318,9,3802,6
20240318,10,2111,11
20240318,10,2112,10
20240318,10,2116,12
20240318,10,2122,2
20240318,10,2128,2
20240318,10,2129,0
20240318,10,2130,0
20240318,10,2139,17
20240318,10,2143,2
20240318,10,2148,1
20240318,10,2159,0
20240318,10,2171,4
20240318,10,2172,5
20240318,10,2178,17
20240318,10,2179,2
20240318,10,2185,8
20240318,10,2186,1
20240318,10,2191,18
20240318,10,2198,3
20240318,10,2199,1
20240318,10,3310,6
20240318,10,3311,10
20240318,10,3802,4
20240318,11,2111,11
20240318,11,2112,10
20240318,11,2116,12
20240318,11,2122,0
20240318,11,2128,2
20240318,11,2129,1
20240318,11,2130,0
20240318,11,2139,16
20240318,11,2143,3
20240318,11,2148,1
20240318,11,2159,0
20240318,11,2171,4
20240318,11,2172,15
20240318,11,2178,20
20240318,11,2179,2
20240318,11,2185,8
20240318,11,2186,0
20240318,11,2191,15
20240318,11,2198,5
20240318,11,2199,1
20240318,11,3310,4
20240318,11,3311,9
20240318,11,3802,4
20240318,12,2111,11
20240318,12,2112,11
20240318,12,2116,12
20240318,12,2122,1
20240318,12,2128,1
20240318,12,2129,1
20240318,12,2130,0
20240318,12,2139,17
20240318,12,2143,2
20240318,12,2148,0
20240318,12,2159,0
20240318,12,2171,7
20240318,12,2172,13
20240318,12,2178,20
20240318,12,2179,3
20240318,12,2185,9
20240318,12,2186,0
20240318,12,2191,15
20240318,12,2198,8
20240318,12,2199,1
20240318,12,3310,3
20240318,12,3311,8
20240318,12,3802,5
20240318,13,2111,11
20240318,13,2112,11
20240318,13,2116,16
20240318,13,2122,1
20240318,13,2128,1
20240318,13,2129,2
20240318,13,2130,0
20240318,13,2139,18
20240318,13,2143,3
20240318,13,2148,0
20240318,13,2159,0
20240318,13,2171,8
20240318,13,2172,13
20240318,13,2178,22
20240318,13,2179,4
20240318,13,2185,9
20240318,13,2186,0
20240318,13,2191,13
20240318,13,2198,8
20240318,13,2199,1
20240318,13,3310,2
20240318,13,3311,8
20240318,13,3802,3
20240318,14,2111,11
20240318,14,2112,11
20240318,14,2116,17
20240318,14,2122,2
20240318,14,2128,2
20240318,14,2129,0
20240318,14,2130,0
20240318,14,2139,18
20240318,14,2143,3
20240318,14,2148,0
20240318,14,2159,1
20240318,14,2171,10
20240318,14,2172,14
20240318,14,2178,22
20240318,14,2179,2
20240318,14,2185,8
20240318,14,2186,0
20240318,14,2191,13
20240318,14,2198,7
20240318,14,2199,1
20240318,14,3310,2
20240318,14,3311,9
20240318,14,3802,3
20240318,15,2111,11
20240318,15,2112,13
20240318,15,2116,14
20240318,15,2122,2
20240318,15,2128,4
20240318,15,2129,0
20240318,15,2130,0
20240318,15,2139,18
20240318,15,2143,3
20240318,15,2148,0
20240318,15,2159,0
20240318,15,2171,8
20240318,15,2172,14
20240318,15,2178,20
20240318,15,2179,2
20240318,15,2185,9
20240318,15,2186,1
20240318,15,2191,15
20240318,15,2198,7
20240318,15,2199,1
20240318,15,3310,2
20240318,15,3311,8
20240318,15,3802,2
20240318,16,2111,12
20240318,16,2112,14
20240318,16,2116,16
20240318,16,2122,1
20240318,16,2128,5
20240318,16,2129,0
20240318,16,2130,0
20240318,16,2139,18
20240318,16,2143,3
20240318,16,2148,2
20240318,16,2159,1
20240318,16,2171,4
20240318,16,2172,13
20240318,16,2178,20
20240318,16,2179,0
20240318,16,2185,8
20240318,16,2186,0
20240318,16,2191,13
20240318,16,2198,5
20240318,16,2199,1
20240318,16,3310,1
20240318,16,3311,9
20240318,16,3802,2
20240318,17,2111,12
20240318,17,2112,13
20240318,17,2116,13
20240318,17,2122,2
20240318,17,2128,6
20240318,17,2129,0
20240318,17,2130,0
20240318,17,2139,19
20240318,17,2143,4
20240318,17,2148,5
20240318,17,2159,0
20240318,17,2171,2
20240318,17,2172,14
20240318,17,2178,20
20240318,17,2179,1
20240318,17,2185,7
20240318,17,2186,2
20240318,17,2191,12
20240318,17,2198,5
20240318,17,2199,1
20240318,17,3310,0
20240318,17,3311,10
20240318,17,3802,1
20240318,18,2111,16
20240318,18,2112,17
20240318,18,2116,14
20240318,18,2122,5
20240318,18,2128,0
20240318,18,2129,0
20240318,18,2130,0
20240318,18,2139,20
20240318,18,2143,4
20240318,18,2148,4
20240318,18,2159,0
20240318,18,2171,5
20240318,18,2172,13
20240318,18,2178,16
20240318,18,2179,1
20240318,18,2185,8
20240318,18,2186,2
20240318,18,2191,15
20240318,18,2198,3
20240318,18,2199,1
20240318,18,3310,0
20240318,18,3311,8
20240318,18,3802,2
20240318,19,2111,10
20240318,19,2112,19
20240318,19,2116,17
20240318,19,2122,2
20240318,19,2128,1
20240318,19,2129,0
20240318,19,2130,0
20240318,19,2139,23
20240318,19,2143,4
20240318,19,2148,3
20240318,19,2159,0
20240318,19,2171,5
20240318,19,2172,13
20240318,19,2178,13
20240318,19,2179,4
20240318,19,2185,10
20240318,19,2186,1
20240318,19,2191,18
20240318,19,2198,4
20240318,19,2199,1
20240318,19,3310,0
20240318,19,3311,6
20240318,19,3802,2
20240318,20,2111,9
20240318,20,2112,21
20240318,20,2116,16
20240318,20,2122,4
20240318,20,2128,0
20240318,20,2129,0
20240318,20,2130,0
20240318,20,2139,22
20240318,20,2143,5
20240318,20,2148,4
20240318,20,2159,0
20240318,20,2171,2
20240318,20,2172,13
20240318,20,2178,10
20240318,20,2179,3
20240318,20,2185,10
20240318,20,2186,2
20240318,20,2191,20
20240318,20,2198,5
20240318,20,2199,1
20240318,20,3310,0
20240318,20,3311,6
20240318,20,3802,1
20240318,21,2111,4
20240318,21,2112,17
20240318,21,2116,12
20240318,21,2122,2
20240318,21,2128,2
20240318,21,2129,8
20240318,21,2130,0
20240318,21,2139,23
20240318,21,2143,6
20240318,21,2148,4
20240318,21,2159,1
20240318,21,2171,3
20240318,21,2172,14
20240318,21,2178,10
20240318,21,2179,1
20240318,21,2185,8
20240318,21,2186,1
20240318,21,2191,22
20240318,21,2198,4
20240318,21,2199,1
20240318,21,3310,1
20240318,21,3311,6
20240318,21,3802,1
20240318,22,2111,4
20240318,22,2112,17
20240318,22,2116,11
20240318,22,2122,2
20240318,22,2128,3
20240318,22,2129,6
20240318,22,2130,15
20240318,22,2139,23
20240318,22,2143,6
20240318,22,2148,5
20240318,22,2159,0
20240318,22,2171,3
20240318,22,2172,13
20240318,22,2178,10
20240318,22,2179,0
20240318,22,2185,7
20240318,22,2186,3
20240318,22,2191,26
20240318,22,2198,3
20240318,22,2199,0
20240318,22,3310,1
20240318,22,3311,4
20240318,22,3802,0
20240318,23,2111,6
20240318,23,2112,17
20240318,23,2116,11
20240318,23,2122,1
20240318,23,2128,4
20240318,23,2129,6
20240318,23,2130,14
20240318,23,2139,24
20240318,23,2143,7
20240318,23,2148,3
20240318,23,2159,2
20240318,23,2171,2
20240318,23,2172,12
20240318,23,2178,9
20240318,23,2179,1
20240318,23,2185,5
20240318,23,2186,2
20240318,23,2191,27
20240318,23,2198,7
20240318,23,2199,0
20240318,23,3310,0
20240318,23,3311,4
20240318,23,3802,0
20240319,0,2111,5
20240319,0,2112,12
20240319,0,2116,11
20240319,0,2122,2
20240319,0,2128,3
20240319,0,2129,6
20240319,0,2130,14
20240319,0,2139,25
20240319,0,2143,7
20240319,0,2148,3
20240319,0,2159,2
20240319,0,2171,3
20240319,0,2172,12
20240319,0,2178,9
20240319,0,2179,0
20240319,0,2185,8
20240319,0,2186,2
20240319,0,2191,27
20240319,0,2198,7
20240319,0,2199,1
20240319,0,3310,0
20240319,0,3311,1
20240319,0,3802,0
20240319,1,2111,2
20240319,1,2112,9
20240319,1,2116,9
20240319,1,2122,2
20240319,1,2128,1
20240319,1,2129,7
20240319,1,2130,14
20240319,1,2139,25
20240319,1,2143,7
20240319,1,2148,2
20240319,1,2159,2
20240319,1,2171,3
20240319,1,2172,12
20240319,1,2178,4
20240319,1,2179,1
20240319,1,2185,14
20240319,1,2186,3
20240319,1,2191,28
20240319,1,2198,9
20240319,1,2199,2
20240319,1,3310,1
20240319,1,3311,1
20240319,1,3802,0
20240319,2,2111,2
20240319,2,2112,10
20240319,2,2116,9
20240319,2,2122,2
20240319,2,2128,1
20240319,2,2129,5
20240319,2,2130,13
20240319,2,2139,25
20240319,2,2143,7
20240319,2,2148,2
20240319,2,2159,2
20240319,2,2171,4
20240319,2,2172,12
20240319,2,2178,4
20240319,2,2179,2
20240319,2,2185,14
20240319,2,2186,3
20240319,2,2191,28
20240319,2,2198,8
20240319,2,2199,1
20240319,2,3310,1
20240319,2,3311,1
20240319,2,3802,0
20240319,3,2111,2
20240319,3,2112,8
20240319,3,2116,9
20240319,3,2122,2
20240319,3,2128,1
20240319,3,2129,6
20240319,3,2130,14
20240319,3,2139,25
20240319,3,2143,7
20240319,3,2148,2
20240319,3,2159,2
20240319,3,2171,5
20240319,3,2172,12
20240319,3,2178,5
20240319,3,2179,2
20240319,3,2185,13
20240319,3,2186,3
20240319,3,2191,31
20240319,3,2198,7
20240319,3,2199,4
20240319,3,3310,1
20240319,3,3311,1
20240319,3,3802,0
20240319,4,2111,2
20240319,4,2112,9
20240319,4,2116,8
20240319,4,2122,2
20240319,4,2128,1
20240319,4,2129,6
20240319,4,2130,14
20240319,4,2139,24
20240319,4,2143,7
20240319,4,2148,2
20240319,4,2159,2
20240319,4,2171,3
20240319,4,2172,11
20240319,4,2178,5
20240319,4,2179,2
20240319,4,2185,11
20240319,4,2186,3
20240319,4,2191,32
20240319,4,2198,7
20240319,4,2199,3
20240319,4,3310,1
20240319,4,3311,1
20240319,4,3802,0
20240319,6,2111,4
20240319,6,2112,10
20240319,6,2116,7
20240319,6,2122,0
20240319,6,2128,1
20240319,6,2129,6
20240319,6,2130,14
20240319,6,2139,24
20240319,6,2143,7
20240319,6,2148,2
20240319,6,2159,2
20240319,6,2171,3
20240319,6,2172,11
20240319,6,2178,5
20240319,6,2179,2
20240319,6,2185,12
20240319,6,2186,2
20240319,6,2191,29
20240319,6,2198,7
20240319,6,2199,1
20240319,6,3310,1
20240319,6,3311,1
20240319,6,3802,2
20240319,7,2111,3
20240319,7,2112,9
20240319,7,2116,7
20240319,7,2122,0
20240319,7,2128,1
20240319,7,2129,6
20240319,7,2130,14
20240319,7,2139,23
20240319,7,2143,7
20240319,7,2148,2
20240319,7,2159,1
20240319,7,2171,4
20240319,7,2172,11
20240319,7,2178,5
20240319,7,2179,2
20240319,7,2185,13
20240319,7,2186,2
20240319,7,2191,28
20240319,7,2198,6
20240319,7,2199,2
20240319,7,3310,1
20240319,7,3311,1
20240319,7,3802,2
20240319,8,2111,2
20240319,8,2112,10
20240319,8,2116,7
20240319,8,2122,1
20240319,8,2128,1
20240319,8,2129,6
20240319,8,2130,14
20240319,8,2139,23
20240319,8,2143,6
20240319,8,2148,2
20240319,8,2159,1
20240319,8,2171,5
20240319,8,2172,11
20240319,8,2178,6
20240319,8,2179,2
20240319,8,2185,13
20240319,8,2186,2
20240319,8,2191,27
20240319,8,2198,6
20240319,8,2199,2
20240319,8,3310,0
20240319,8,3311,4
20240319,8,3802,0
20240319,9,2111,2
20240319,9,2112,15
20240319,9,2116,18
20240319,9,2122,1
20240319,9,2128,3
20240319,9,2129,6
20240319,9,2130,15
20240319,9,2139,18
20240319,9,2143,6
20240319,9,2148,4
20240319,9,2159,0
20240319,9,2171,7
20240319,9,2172,14
20240319,9,2178,8
20240319,9,2179,1
20240319,9,2185,7
20240319,9,2186,3
20240319,9,2191,24
20240319,9,2198,4
20240319,9,2199,4
20240319,9,3310,0
20240319,9,3311,8
20240319,9,3802,2
20240319,10,2111,2
20240319,10,2112,18
20240319,10,2116,20
20240319,10,2122,0
20240319,10,2128,1
20240319,10,2129,6
20240319,10,2130,15
20240319,10,2139,17
20240319,10,2143,6
20240319,10,2148,2
20240319,10,2159,0
20240319,10,2171,6
20240319,10,2172,15
20240319,10,2178,10
20240319,10,2179,2
20240319,10,2185,6
20240319,10,2186,0
20240319,10,2191,25
20240319,10,2198,4
20240319,10,2199,4
20240319,10,3310,0
20240319,10,3311,6
20240319,10,3802,6
20240319,11,2111,3
20240319,11,2112,19
20240319,11,2116,21
20240319,11,2122,1
20240319,11,2128,1
20240319,11,2129,7
20240319,11,2130,15
20240319,11,2139,18
20240319,11,2143,6
20240319,11,2148,0
20240319,11,2159,2
20240319,11,2171,6
20240319,11,2172,16
20240319,11,2178,11
20240319,11,2179,4
20240319,11,2185,4
20240319,11,2186,0
20240319,11,2191,24
20240319,11,2198,4
20240319,11,2199,4
20240319,11,3310,19
20240319,11,3311,6
20240319,11,3802,3
20240319,12,2111,4
20240319,12,2112,19
20240319,12,2116,21
20240319,12,2122,1
20240319,12,2128,1
20240319,12,2129,8
20240319,12,2130,15
20240319,12,2139,18
20240319,12,2143,7
20240319,12,2148,0
20240319,12,2159,2
20240319,12,2171,6
20240319,12,2172,15
20240319,12,2178,10
20240319,12,2179,3
20240319,12,2185,4
20240319,12,2186,0
20240319,12,2191,24
20240319,12,2198,4
20240319,12,2199,4
20240319,12,3310,19
20240319,12,3311,7
20240319,12,3802,0
20240319,13,2111,4
20240319,13,2112,21
20240319,13,2116,20
20240319,13,2122,0
20240319,13,2128,1
20240319,13,2129,8
20240319,13,2130,15
20240319,13,2139,18
20240319,13,2143,6
20240319,13,2148,0
20240319,13,2159,2
20240319,13,2171,7
20240319,13,2172,12
20240319,13,2178,10
20240319,13,2179,2
20240319,13,2185,5
20240319,13,2186,0
20240319,13,2191,23
20240319,13,2198,5
20240319,13,2199,3
20240319,13,3310,18
20240319,13,3311,6
20240319,13,3802,0
20240319,14,2111,2
20240319,14,2112,21
20240319,14,2116,19
20240319,14,2122,1
20240319,14,2128,3
20240319,14,2129,7
20240319,14,2130,14
20240319,14,2139,18
20240319,14,2143,6
20240319,14,2148,2
20240319,14,2159,2
20240319,14,2171,6
20240319,14,2172,13
20240319,14,2178,8
20240319,14,2179,1
20240319,14,2185,4
20240319,14,2186,1
20240319,14,2191,24
20240319,14,2198,4
20240319,14,2199,3
20240319,14,3310,18
20240319,14,3311,8
20240319,14,3802,1
20240319,15,2111,2
20240319,15,2112,20
20240319,15,2116,19
20240319,15,2122,1
20240319,15,2128,3
20240319,15,2129,6
20240319,15,2130,14
20240319,15,2139,19
20240319,15,2143,7
20240319,15,2148,1
20240319,15,2159,2
20240319,15,2171,6
20240319,15,2172,15
20240319,15,2178,7
20240319,15,2179,2
20240319,15,2185,4
20240319,15,2186,1
20240319,15,2191,25
20240319,15,2198,4
20240319,15,2199,3
20240319,15,3310,18
20240319,15,3311,7
20240319,15,3802,1
20240319,16,2111,3
20240319,16,2112,19
20240319,16,2116,19
20240319,16,2122,1
20240319,16,2128,4
20240319,16,2129,2
20240319,16,2130,14
20240319,16,2139,18
20240319,16,2143,7
20240319,16,2148,0
20240319,16,2159,1
20240319,16,2171,5
20240319,16,2172,14
20240319,16,2178,6
20240319,16,2179,1
20240319,16,2185,3
20240319,16,2186,0
20240319,16,2191,26
20240319,16,2198,4
20240319,16,2199,2
20240319,16,3310,16
20240319,16,3311,5
20240319,16,3802,0
20240319,17,2111,3
20240319,17,2112,15
20240319,17,2116,20
20240319,17,2122,1
20240319,17,2128,4
20240319,17,2129,1
20240319,17,2130,14
20240319,17,2139,18
20240319,17,2143,7
20240319,17,2148,2
20240319,17,2159,1
20240319,17,2171,6
20240319,17,2172,13
20240319,17,2178,6
20240319,17,2179,3
20240319,17,2185,4
20240319,17,2186,0
20240319,17,2191,26
20240319,17,2198,5
20240319,17,2199,2
20240319,17,3310,13
20240319,17,3311,5
20240319,17,3802,0
20240319,18,2111,4
20240319,18,2112,15
20240319,18,2116,20
20240319,18,2122,1
20240319,18,2128,3
20240319,18,2129,0
20240319,18,2130,14
20240319,18,2139,18
20240319,18,2143,6
20240319,18,2148,3
20240319,18,2159,1
20240319,18,2171,6
20240319,18,2172,13
20240319,18,2178,4
20240319,18,2179,4
20240319,18,2185,6
20240319,18,2186,2
20240319,18,2191,27
20240319,18,2198,6
20240319,18,2199,2
20240319,18,3310,12
20240319,18,3311,4
20240319,18,3802,0
20240319,19,2111,7
20240319,19,2112,17
20240319,19,2116,21
20240319,19,2122,2
20240319,19,2128,5
20240319,19,2129,0
20240319,19,2130,11
20240319,19,2139,22
20240319,19,2143,7
20240319,19,2148,4
20240319,19,2159,1
20240319,19,2171,3
20240319,19,2172,14
20240319,19,2178,1
20240319,19,2179,5
20240319,19,2185,4
20240319,19,2186,1
20240319,19,2191,29
20240319,19,2198,8
20240319,19,2199,2
20240319,19,3310,13
20240319,19,3311,3
20240319,19,3802,1
20240319,20,2111,6
20240319,20,2112,17
20240319,20,2116,20
20240319,20,2122,2
20240319,20,2128,4
20240319,20,2129,0
20240319,20,2130,10
20240319,20,2139,23
20240319,20,2143,9
20240319,20,2148,3
20240319,20,2159,2
20240319,20,2171,2
20240319,20,2172,12
20240319,20,2178,1
20240319,20,2179,7
20240319,20,2185,3
20240319,20,2186,15
20240319,20,2191,28
20240319,20,2198,7
20240319,20,2199,1
20240319,20,3310,11
20240319,20,3311,2
20240319,20,3802,2
20240319,21,2111,6
20240319,21,2112,14
20240319,21,2116,18
20240319,21,2122,2
20240319,21,2128,4
20240319,21,2129,0
20240319,21,2130,10
20240319,21,2139,23
20240319,21,2143,8
20240319,21,2148,1
20240319,21,2159,3
20240319,21,2171,3
20240319,21,2172,11
20240319,21,2178,0
20240319,21,2179,9
20240319,21,2185,3
20240319,21,2186,17
20240319,21,2191,31
20240319,21,2198,6
20240319,21,2199,2
20240319,21,3310,10
20240319,21,3311,2
20240319,21,3802,1
20240319,22,2111,8
20240319,22,2112,12
20240319,22,2116,19
20240319,22,2122,0
20240319,22,2128,3
20240319,22,2129,0
20240319,22,2130,10
20240319,22,2139,27
20240319,22,2143,8
20240319,22,2148,0
20240319,22,2159,0
20240319,22,2171,3
20240319,22,2172,12
20240319,22,2178,0
20240319,22,2179,9
20240319,22,2185,4
20240319,22,2186,17
20240319,22,2191,29
20240319,22,2198,7
20240319,22,2199,2
20240319,22,3310,10
20240319,22,3311,2
20240319,22,3802,0
20240319,23,2111,8
20240319,23,2112,9
20240319,23,2116,15
20240319,23,2122,0
20240319,23,2128,3
20240319,23,2129,0
20240319,23,2130,10
20240319,23,2139,29
20240319,23,2143,9
20240319,23,2148,0
20240319,23,2159,0
20240319,23,2171,6
20240319,23,2172,12
20240319,23,2178,0
20240319,23,2179,8
20240319,23,2185,3
20240319,23,2186,12
20240319,23,2191,31
20240319,23,2198,7
20240319,23,2199,2
20240319,23,3310,10
20240319,23,3311,0
20240319,23,3802,0
20240320,0,2111,6
20240320,0,2112,9
20240320,0,2116,17
20240320,0,2122,1
20240320,0,2128,1
20240320,0,2129,0
20240320,0,2130,10
20240320,0,2139,29
20240320,0,2143,9
20240320,0,2148,1
20240320,0,2159,0
20240320,0,2171,4
20240320,0,2172,12
20240320,0,2178,0
20240320,0,2179,8
20240320,0,2185,4
20240320,0,2186,10
20240320,0,2191,29
20240320,0,2198,10
20240320,0,2199,2
20240320,0,3310,10
20240320,0,3311,0
20240320,0,3802,0
20240320,1,2111,3
20240320,1,2112,8
20240320,1,2116,17
20240320,1,2122,1
20240320,1,2128,2
20240320,1,2129,0
20240320,1,2130,10
20240320,1,2139,29
20240320,1,2143,9
20240320,1,2148,1
20240320,1,2159,0
20240320,1,2171,4
20240320,1,2172,7
20240320,1,2178,0
20240320,1,2179,7
20240320,1,2185,4
20240320,1,2186,11
20240320,1,2191,27
20240320,1,2198,8
20240320,1,2199,3
20240320,1,3310,11
20240320,1,3311,0
20240320,1,3802,0
20240320,2,2111,3
20240320,2,2112,7
20240320,2,2116,18
20240320,2,2122,1
20240320,2,2128,0
20240320,2,2129,0
20240320,2,2130,10
20240320,2,2139,30
20240320,2,2143,9
20240320,2,2148,1
20240320,2,2159,0
20240320,2,2171,4
20240320,2,2172,10
20240320,2,2178,0
20240320,2,2179,8
20240320,2,2185,5
20240320,2,2186,11
20240320,2,2191,29
20240320,2,2198,9
20240320,2,2199,3
20240320,2,3310,11
20240320,2,3311,0
20240320,2,3802,0
20240320,3,2111,3
20240320,3,2112,7
20240320,3,2116,18
20240320,3,2122,0
20240320,3,2128,0
20240320,3,2129,0
20240320,3,2130,10
20240320,3,2139,30
20240320,3,2143,9
20240320,3,2148,0
20240320,3,2159,0
20240320,3,2171,4
20240320,3,2172,10
20240320,3,2178,0
20240320,3,2179,7
20240320,3,2185,5
20240320,3,2186,11
20240320,3,2191,30
20240320,3,2198,9
20240320,3,2199,3
20240320,3,3310,11
20240320,3,3311,0
20240320,3,3802,0
20240320,4,2111,3
20240320,4,2112,8
20240320,4,2116,18
20240320,4,2122,0
20240320,4,2128,0
20240320,4,2129,0
20240320,4,2130,10
20240320,4,2139,30
20240320,4,2143,9
20240320,4,2148,1
20240320,4,2159,0
20240320,4,2171,3
20240320,4,2172,10
20240320,4,2178,0
20240320,4,2179,6
20240320,4,2185,4
20240320,4,2186,11
20240320,4,2191,29
20240320,4,2198,10
20240320,4,2199,3
20240320,4,3310,11
20240320,4,3311,0
20240320,4,3802,0
20240320,6,2111,3
20240320,6,2112,8
20240320,6,2116,18
20240320,6,2122,0
20240320,6,2128,0
20240320,6,2129,1
20240320,6,2130,10
20240320,6,2139,31
20240320,6,2143,9
20240320,6,2148,0
20240320,6,2159,0
20240320,6,2171,3
20240320,6,2172,10
20240320,6,2178,0
20240320,6,2179,8
20240320,6,2185,5
20240320,6,2186,10
20240320,6,2191,29
20240320,6,2198,9
20240320,6,2199,3
20240320,6,3310,9
20240320,6,3311,0
20240320,6,3802,3
20240320,7,2111,2
20240320,7,2112,7
20240320,7,2116,18
20240320,7,2122,0
20240320,7,2128,0
20240320,7,2129,1
20240320,7,2130,10
20240320,7,2139,30
20240320,7,2143,9
20240320,7,2148,2
20240320,7,2159,0
20240320,7,2171,3
20240320,7,2172,10
20240320,7,2178,0
20240320,7,2179,8
20240320,7,2185,4
20240320,7,2186,10
20240320,7,2191,29
20240320,7,2198,6
20240320,7,2199,3
20240320,7,3310,9
20240320,7,3311,0
20240320,7,3802,5
20240320,8,2111,2
20240320,8,2112,9
20240320,8,2116,19
20240320,8,2122,0
20240320,8,2128,0
20240320,8,2129,1
20240320,8,2130,10
20240320,8,2139,27
20240320,8,2143,8
20240320,8,2148,2
20240320,8,2159,0
20240320,8,2171,3
20240320,8,2172,10
20240320,8,2178,1
20240320,8,2179,9
20240320,8,2185,3
20240320,8,2186,9
20240320,8,2191,29
20240320,8,2198,6
20240320,8,2199,3
20240320,8,3310,8
20240320,8,3311,4
20240320,8,3802,3
20240320,9,2111,2
20240320,9,2112,10
20240320,9,2116,18
20240320,9,2122,2
20240320,9,2128,2
20240320,9,2129,3
20240320,9,2130,11
20240320,9,2139,24
20240320,9,2143,5
20240320,9,2148,0
20240320,9,2159,0
20240320,9,2171,5
20240320,9,2172,13
20240320,9,2178,8
20240320,9,2179,8
20240320,9,2185,1
20240320,9,2186,9
20240320,9,2191,24
20240320,9,2198,7
20240320,9,2199,5
20240320,9,3310,6
20240320,9,3311,7
20240320,9,3802,3
20240320,10,2111,2
20240320,10,2112,10
20240320,10,2116,19
20240320,10,2122,0
20240320,10,2128,0
20240320,10,2129,4
20240320,10,2130,11
20240320,10,2139,23
20240320,10,2143,5
20240320,10,2148,0
20240320,10,2159,0
20240320,10,2171,6
20240320,10,2172,11
20240320,10,2178,13
20240320,10,2179,8
20240320,10,2185,3
20240320,10,2186,7
20240320,10,2191,18
20240320,10,2198,6
20240320,10,2199,4
20240320,10,3310,4
20240320,10,3311,7
20240320,10,3802,3
20240320,11,2111,3
20240320,11,2112,9
20240320,11,2116,7
20240320,11,2122,0
20240320,11,2128,0
20240320,11,2129,3
20240320,11,2130,11
20240320,11,2139,23
20240320,11,2143,5
20240320,11,2148,0
20240320,11,2159,1
20240320,11,2171,9
20240320,11,2172,11
20240320,11,2178,27
20240320,11,2179,10
20240320,11,2185,5
20240320,11,2186,4
20240320,11,2191,6
20240320,11,2198,6
20240320,11,2199,6
20240320,11,3310,3
20240320,11,3311,10
20240320,11,3802,3
20240320,12,2111,5
20240320,12,2112,10
20240320,12,2116,7
20240320,12,2122,0
20240320,12,2128,1
20240320,12,2129,3
20240320,12,2130,9
20240320,12,2139,20
20240320,12,2143,4
20240320,12,2148,1
20240320,12,2159,2
20240320,12,2171,9
20240320,12,2172,12
20240320,12,2178,28
20240320,12,2179,8
20240320,12,2185,3
20240320,12,2186,3
20240320,12,2191,4
20240320,12,2198,7
20240320,12,2199,6
20240320,12,3310,3
20240320,12,3311,10
20240320,12,3802,3
20240320,13,2111,4
20240320,13,2112,11
20240320,13,2116,7
20240320,13,2122,2
20240320,13,2128,2
20240320,13,2129,2
20240320,13,2130,9
20240320,13,2139,17
20240320,13,2143,3
20240320,13,2148,0
20240320,13,2159,3
20240320,13,2171,10
20240320,13,2172,13
20240320,13,2178,29
20240320,13,2179,10
20240320,13,2185,3
20240320,13,2186,2
20240320,13,2191,3
20240320,13,2198,6
20240320,13,2199,4
20240320,13,3310,3
20240320,13,3311,9
20240320,13,3802,3
20240320,14,2111,6
20240320,14,2112,11
20240320,14,2116,6
20240320,14,2122,2
20240320,14,2128,3
20240320,14,2129,1
20240320,14,2130,10
20240320,14,2139,16
20240320,14,2143,4
20240320,14,2148,0
20240320,14,2159,4
20240320,14,2171,11
20240320,14,2172,15
20240320,14,2178,29
20240320,14,2179,11
20240320,14,2185,3
20240320,14,2186,2
20240320,14,2191,5
20240320,14,2198,6
20240320,14,2199,4
20240320,14,3310,3
20240320,14,3311,9
20240320,14,3802,2
20240320,15,2111,7
20240320,15,2112,11
20240320,15,2116,5
20240320,15,2122,3
20240320,15,2128,3
20240320,15,2129,9
20240320,15,2130,9
20240320,15,2139,16
20240320,15,2143,3
20240320,15,2148,0
20240320,15,2159,4
20240320,15,2171,9
20240320,15,2172,14
20240320,15,2178,29
20240320,15,2179,13
20240320,15,2185,3
20240320,15,2186,2
20240320,15,2191,8
20240320,15,2198,7
20240320,15,2199,4
20240320,15,3310,21
20240320,15,3311,8
20240320,15,3802,2
20240320,16,2111,7
20240320,16,2112,10
20240320,16,2116,7
20240320,16,2122,2
20240320,16,2128,1
20240320,16,2129,7
20240320,16,2130,9
20240320,16,2139,15
20240320,16,2143,3
20240320,16,2148,1
20240320,16,2159,3
20240320,16,2171,12
20240320,16,2172,13
20240320,16,2178,27
20240320,16,2179,12
20240320,16,2185,3
20240320,16,2186,2
20240320,16,2191,5
20240320,16,2198,7
20240320,16,2199,4
20240320,16,3310,18
20240320,16,3311,8
20240320,16,3802,2
20240320,17,2111,5
20240320,17,2112,10
20240320,17,2116,7
20240320,17,2122,2
20240320,17,2128,2
20240320,17,2129,6
20240320,17,2130,9
20240320,17,2139,17
20240320,17,2143,5
20240320,17,2148,2
20240320,17,2159,3
20240320,17,2171,17
20240320,17,2172,12
20240320,17,2178,23
20240320,17,2179,12
20240320,17,2185,6
20240320,17,2186,3
20240320,17,2191,6
20240320,17,2198,7
20240320,17,2199,4
20240320,17,3310,14
20240320,17,3311,10
20240320,17,3802,3
20240320,18,2111,6
20240320,18,2112,9
20240320,18,2116,7
20240320,18,2122,2
20240320,18,2128,1
20240320,18,2129,4
20240320,18,2130,9
20240320,18,2139,17
20240320,18,2143,6
20240320,18,2148,1
20240320,18,2159,3
20240320,18,2171,14
20240320,18,2172,13
20240320,18,2178,20
20240320,18,2179,13
20240320,18,2185,6
20240320,18,2186,0
20240320,18,2191,5
20240320,18,2198,7
20240320,18,2199,3
20240320,18,3310,12
20240320,18,3311,7
20240320,18,3802,4
20240320,19,2111,3
20240320,19,2112,7
20240320,19,2116,9
20240320,19,2122,1
20240320,19,2128,1
20240320,19,2129,1
20240320,19,2130,9
20240320,19,2139,21
20240320,19,2143,7
20240320,19,2148,0
20240320,19,2159,4
20240320,19,2171,15
20240320,19,2172,12
20240320,19,2178,15
20240320,19,2179,14
20240320,19,2185,8
20240320,19,2186,3
20240320,19,2191,6
20240320,19,2198,10
20240320,19,2199,2
20240320,19,3310,13
20240320,19,3311,6
20240320,19,3802,5
20240320,20,2111,6
20240320,20,2112,7
20240320,20,2116,8
20240320,20,2122,1
20240320,20,2128,0
20240320,20,2129,1
20240320,20,2130,9
20240320,20,2139,21
20240320,20,2143,7
20240320,20,2148,1
20240320,20,2159,3
20240320,20,2171,15
20240320,20,2172,11
20240320,20,2178,16
20240320,20,2179,12
20240320,20,2185,8
20240320,20,2186,2
20240320,20,2191,9
20240320,20,2198,10
20240320,20,2199,2
20240320,20,3310,13
20240320,20,3311,5
20240320,20,3802,0
20240320,21,2111,6
20240320,21,2112,7
20240320,21,2116,10
20240320,21,2122,4
20240320,21,2128,0
20240320,21,2129,2
20240320,21,2130,9
20240320,21,2139,21
20240320,21,2143,7
20240320,21,2148,3
20240320,21,2159,1
20240320,21,2171,14
20240320,21,2172,11
20240320,21,2178,15
20240320,21,2179,11
20240320,21,2185,7
20240320,21,2186,2
20240320,21,2191,11
20240320,21,2198,10
20240320,21,2199,2
20240320,21,3310,12
20240320,21,3311,2
20240320,21,3802,1
20240320,22,2111,5
20240320,22,2112,11
20240320,22,2116,9
20240320,22,2122,3
20240320,22,2128,1
20240320,22,2129,1
20240320,22,2130,9
20240320,22,2139,23
20240320,22,2143,7
20240320,22,2148,4
20240320,22,2159,0
20240320,22,2171,14
20240320,22,2172,12
20240320,22,2178,15
20240320,22,2179,11
20240320,22,2185,6
20240320,22,2186,0
20240320,22,2191,12
20240320,22,2198,12
20240320,22,2199,2
20240320,22,3310,12
20240320,22,3311,3
20240320,22,3802,0
20240320,23,2111,7
20240320,23,2112,11
20240320,23,2116,7
20240320,23,2122,2
20240320,23,2128,0
20240320,23,2129,1
20240320,23,2130,8
20240320,23,2139,24
20240320,23,2143,7
20240320,23,2148,4
20240320,23,2159,0
20240320,23,2171,13
20240320,23,2172,11
20240320,23,2178,15
20240320,23,2179,6
20240320,23,2185,6
20240320,23,2186,2
20240320,23,2191,12
20240320,23,2198,12
20240320,23,2199,2
20240320,23,3310,12
20240320,23,3311,1
20240320,23,3802,0
20240321,0,2111,4
20240321,0,2112,8
20240321,0,2116,6
20240321,0,2122,1
20240321,0,2128,0
20240321,0,2129,2
20240321,0,2130,8
20240321,0,2139,27
20240321,0,2143,7
20240321,0,2148,5
20240321,0,2159,0
20240321,0,2171,15
20240321,0,2172,12
20240321,0,2178,15
20240321,0,2179,5
20240321,0,2185,6
20240321,0,2186,2
20240321,0,2191,13
20240321,0,2198,12
20240321,0,2199,2
20240321,0,3310,12
20240321,0,3311,0
20240321,0,3802,0
20240321,1,2111,3
20240321,1,2112,7
20240321,1,2116,6
20240321,1,2122,1
20240321,1,2128,0
20240321,1,2129,1
20240321,1,2130,8
20240321,1,2139,27
20240321,1,2143,7
20240321,1,2148,4
20240321,1,2159,0
20240321,1,2171,13
20240321,1,2172,13
20240321,1,2178,15
20240321,1,2179,5
20240321,1,2185,8
20240321,1,2186,5
20240321,1,2191,13
20240321,1,2198,12
20240321,1,2199,2
20240321,1,3310,13
20240321,1,3311,0
20240321,1,3802,0
20240321,2,2111,1
20240321,2,2112,7
20240321,2,2116,6
20240321,2,2122,1
20240321,2,2128,0
20240321,2,2129,2
20240321,2,2130,8
20240321,2,2139,27
20240321,2,2143,7
20240321,2,2148,4
20240321,2,2159,0
20240321,2,2171,13
20240321,2,2172,13
20240321,2,2178,15
20240321,2,2179,5
20240321,2,2185,8
20240321,2,2186,5
20240321,2,2191,14
20240321,2,2198,13
20240321,2,2199,2
20240321,2,3310,13
20240321,2,3311,0
20240321,2,3802,0
20240321,3,2111,1
20240321,3,2112,8
20240321,3,2116,6
20240321,3,2122,3
20240321,3,2128,0
20240321,3,2129,2
20240321,3,2130,8
20240321,3,2139,28
20240321,3,2143,7
20240321,3,2148,4
20240321,3,2159,0
20240321,3,2171,12
20240321,3,2172,13
20240321,3,2178,14
20240321,3,2179,5
20240321,3,2185,8
20240321,3,2186,5
20240321,3,2191,16
20240321,3,2198,13
20240321,3,2199,2
20240321,3,3310,13
20240321,3,3311,0
20240321,3,3802,0
20240321,4,2111,1
20240321,4,2112,9
20240321,4,2116,6
20240321,4,2122,2
20240321,4,2128,0
20240321,4,2129,2
20240321,4,2130,8
20240321,4,2139,28
20240321,4,2143,7
20240321,4,2148,4
20240321,4,2159,0
20240321,4,2171,13
20240321,4,2172,13
20240321,4,2178,15
20240321,4,2179,3
20240321,4,2185,8
20240321,4,2186,4
20240321,4,2191,17
20240321,4,2198,13
20240321,4,2199,2
20240321,4,3310,13
20240321,4,3311,0
20240321,4,3802,0
20240321,6,2111,0
20240321,6,2112,8
20240321,6,2116,6
20240321,6,2122,1
20240321,6,2128,0
20240321,6,2129,1
20240321,6,2130,8
20240321,6,2139,28
20240321,6,2143,7
20240321,6,2148,2
20240321,6,2159,2
20240321,6,2171,13
20240321,6,2172,13
20240321,6,2178,15
20240321,6,2179,2
20240321,6,2185,9
20240321,6,2186,4
20240321,6,2191,17
20240321,6,2198,11
20240321,6,2199,2
20240321,6,3310,13
20240321,6,3311,0
20240321,6,3802,3
20240321,7,2111,0
20240321,7,2112,7
20240321,7,2116,6
20240321,7,2122,1
20240321,7,2128,0
20240321,7,2129,2
20240321,7,2130,8
20240321,7,2139,28
20240321,7,2143,7
20240321,7,2148,4
20240321,7,2159,1
20240321,7,2171,12
20240321,7,2172,13
20240321,7,2178,15
20240321,7,2179,3
20240321,7,2185,9
20240321,7,2186,4
20240321,7,2191,16
20240321,7,2198,10
20240321,7,2199,1
20240321,7,3310,12
20240321,7,3311,3
20240321,7,3802,4
20240321,8,2111,1
20240321,8,2112,8
20240321,8,2116,6
20240321,8,2122,2
20240321,8,2128,0
20240321,8,2129,2
20240321,8,2130,8
20240321,8,2139,26
20240321,8,2143,7
20240321,8,2148,3
20240321,8,2159,2
20240321,8,2171,13
20240321,8,2172,14
20240321,8,2178,15
20240321,8,2179,4
20240321,8,2185,9
20240321,8,2186,4
20240321,8,2191,14
20240321,8,2198,8
20240321,8,2199,1
20240321,8,3310,8
20240321,8,3311,3
20240321,8,3802,1
20240321,9,2111,3
20240321,9,2112,12
20240321,9,2116,7
20240321,9,2122,0
20240321,9,2128,4
20240321,9,2129,3
20240321,9,2130,8
20240321,9,2139,20
20240321,9,2143,8
20240321,9,2148,1
20240321,9,2159,0
20240321,9,2171,16
20240321,9,2172,12
20240321,9,2178,17
20240321,9,2179,5
20240321,9,2185,10
20240321,9,2186,5
20240321,9,2191,11
20240321,9,2198,4
20240321,9,2199,2
20240321,9,3310,7
20240321,9,3311,6
20240321,9,3802,1
20240321,10,2111,4
20240321,10,2112,13
20240321,10,2116,9
20240321,10,2122,0
20240321,10,2128,1
20240321,10,2129,3
20240321,10,2130,9
20240321,10,2139,21
20240321,10,2143,7
20240321,10,2148,1
20240321,10,2159,0
20240321,10,2171,14
20240321,10,2172,14
20240321,10,2178,20
20240321,10,2179,6
20240321,10,2185,8
20240321,10,2186,5
20240321,10,2191,9
20240321,10,2198,3
20240321,10,2199,2
20240321,10,3310,6
20240321,10,3311,10
20240321,10,3802,2
20240321,12,2111,3
20240321,12,2112,13
20240321,12,2116,11
20240321,12,2122,3
20240321,12,2128,0
20240321,12,2129,1
20240321,12,2130,8
20240321,12,2139,18
20240321,12,2143,7
20240321,12,2148,1
20240321,12,2159,15
20240321,12,2171,19
20240321,12,2172,16
20240321,12,2178,22
20240321,12,2179,10
20240321,12,2185,6
20240321,12,2186,3
20240321,12,2191,7
20240321,12,2198,7
20240321,12,2199,2
20240321,12,3310,5
20240321,12,3311,12
20240321,12,3802,0
20240321,13,2111,2
20240321,13,2112,15
20240321,13,2116,9
20240321,13,2122,2
20240321,13,2128,0
20240321,13,2129,0
20240321,13,2130,7
20240321,13,2139,16
20240321,13,2143,7
20240321,13,2148,0
20240321,13,2159,15
20240321,13,2171,19
20240321,13,2172,13
20240321,13,2178,22
20240321,13,2179,9
20240321,13,2185,6
20240321,13,2186,3
20240321,13,2191,7
20240321,13,2198,5
20240321,13,2199,3
20240321,13,3310,5
20240321,13,3311,12
20240321,13,3802,0
20240321,14,2111,2
20240321,14,2112,13
20240321,14,2116,9
20240321,14,2122,2
20240321,14,2128,0
20240321,14,2129,1
20240321,14,2130,7
20240321,14,2139,16
20240321,14,2143,7
20240321,14,2148,0
20240321,14,2159,14
20240321,14,2171,19
20240321,14,2172,13
20240321,14,2178,23
20240321,14,2179,13
20240321,14,2185,8
20240321,14,2186,1
20240321,14,2191,7
20240321,14,2198,3
20240321,14,2199,3
20240321,14,3310,4
20240321,14,3311,11
20240321,14,3802,0
20240321,15,2111,1
20240321,15,2112,13
20240321,15,2116,8
20240321,15,2122,3
20240321,15,2128,2
20240321,15,2129,0
20240321,15,2130,6
20240321,15,2139,16
20240321,15,2143,7
20240321,15,2148,2
20240321,15,2159,15
20240321,15,2171,17
20240321,15,2172,12
20240321,15,2178,20
20240321,15,2179,15
20240321,15,2185,10
20240321,15,2186,2
20240321,15,2191,7
20240321,15,2198,1
20240321,15,2199,3
20240321,15,3310,4
20240321,15,3311,11
20240321,15,3802,1
20240321,16,2111,1
20240321,16,2112,13
20240321,16,2116,10
20240321,16,2122,1
20240321,16,2128,1
20240321,16,2129,0
20240321,16,2130,6
20240321,16,2139,16
20240321,16,2143,6
20240321,16,2148,2
20240321,16,2159,15
20240321,16,2171,18
20240321,16,2172,10
20240321,16,2178,19
20240321,16,2179,15
20240321,16,2185,9
20240321,16,2186,0
20240321,16,2191,9
20240321,16,2198,2
20240321,16,2199,3
20240321,16,3310,3
20240321,16,3311,9
20240321,16,3802,1
20240321,17,2111,2
20240321,17,2112,13
20240321,17,2116,10
20240321,17,2122,0
20240321,17,2128,0
20240321,17,2129,0
20240321,17,2130,6
20240321,17,2139,16
20240321,17,2143,5
20240321,17,2148,1
20240321,17,2159,15
20240321,17,2171,18
20240321,17,2172,12
20240321,17,2178,18
20240321,17,2179,16
20240321,17,2185,8
20240321,17,2186,0
20240321,17,2191,9
20240321,17,2198,2
20240321,17,2199,3
20240321,17,3310,2
20240321,17,3311,9
20240321,17,3802,1
20240321,18,2111,1
20240321,18,2112,10
20240321,18,2116,10
20240321,18,2122,2
20240321,18,2128,0
20240321,18,2129,0
20240321,18,2130,6
20240321,18,2139,18
20240321,18,2143,5
20240321,18,2148,3
20240321,18,2159,13
20240321,18,2171,20
20240321,18,2172,12
20240321,18,2178,16
20240321,18,2179,15
20240321,18,2185,9
20240321,18,2186,0
20240321,18,2191,10
20240321,18,2198,3
20240321,18,2199,0
20240321,18,3310,2
20240321,18,3311,7
20240321,18,3802,0
20240321,19,2111,0
20240321,19,2112,13
20240321,19,2116,13
20240321,19,2122,0
20240321,19,2128,3
20240321,19,2129,0
20240321,19,2130,4
20240321,19,2139,17
20240321,19,2143,4
20240321,19,2148,2
20240321,19,2159,13
20240321,19,2171,21
20240321,19,2172,11
20240321,19,2178,16
20240321,19,2179,14
20240321,19,2185,10
20240321,19,2186,0
20240321,19,2191,11
20240321,19,2198,3
20240321,19,2199,0
20240321,19,3310,2
20240321,19,3311,5
20240321,19,3802,1
20240321,20,2111,1
20240321,20,2112,10
20240321,20,2116,10
20240321,20,2122,1
20240321,20,2128,3
20240321,20,2129,1
20240321,20,2130,3
20240321,20,2139,17
20240321,20,2143,4
20240321,20,2148,1
20240321,20,2159,13
20240321,20,2171,19
20240321,20,2172,11
20240321,20,2178,14
20240321,20,2179,14
20240321,20,2185,10
20240321,20,2186,0
20240321,20,2191,10
20240321,20,2198,2
20240321,20,2199,1
20240321,20,3310,2
20240321,20,3311,3
20240321,20,3802,1
20240321,21,2111,4
20240321,21,2112,10
20240321,21,2116,10
20240321,21,2122,1
20240321,21,2128,4
20240321,21,2129,0
20240321,21,2130,3
20240321,21,2139,17
20240321,21,2143,5
20240321,21,2148,0
20240321,21,2159,13
20240321,21,2171,17
20240321,21,2172,11
20240321,21,2178,13
20240321,21,2179,14
20240321,21,2185,12
20240321,21,2186,1
20240321,21,2191,7
20240321,21,2198,2
20240321,21,2199,0
20240321,21,3310,2
20240321,21,3311,4
20240321,21,3802,0
20240321,22,2111,6
20240321,22,2112,8
20240321,22,2116,9
20240321,22,2122,1
20240321,22,2128,4
20240321,22,2129,0
20240321,22,2130,0
20240321,22,2139,17
20240321,22,2143,5
20240321,22,2148,2
20240321,22,2159,10
20240321,22,2171,18
20240321,22,2172,9
20240321,22,2178,13
20240321,22,2179,14
20240321,22,2185,14
20240321,22,2186,2
20240321,22,2191,11
20240321,22,2198,3
20240321,22,2199,0
20240321,22,3310,2
20240321,22,3311,4
20240321,22,3802,0
20240321,23,2111,3
20240321,23,2112,10
20240321,23,2116,8
20240321,23,2122,2
20240321,23,2128,4
20240321,23,2129,0
20240321,23,2130,0
20240321,23,2139,19
20240321,23,2143,6
20240321,23,2148,1
20240321,23,2159,10
20240321,23,2171,18
20240321,23,2172,9
20240321,23,2178,12
20240321,23,2179,13
20240321,23,2185,14
20240321,23,2186,4
20240321,23,2191,11
20240321,23,2198,3
20240321,23,2199,0
20240321,23,3310,2
20240321,23,3311,3
20240321,23,3802,0
20240322,0,2111,4
20240322,0,2112,6
20240322,0,2116,8
20240322,0,2122,2
20240322,0,2128,5
20240322,0,2129,0
20240322,0,2130,0
20240322,0,2139,20
20240322,0,2143,7
20240322,0,2148,1
20240322,0,2159,9
20240322,0,2171,16
20240322,0,2172,9
20240322,0,2178,12
20240322,0,2179,14
20240322,0,2185,15
20240322,0,2186,5
20240322,0,2191,11
20240322,0,2198,5
20240322,0,2199,0
20240322,0,3310,2
20240322,0,3311,3
20240322,0,3802,1
20240322,1,2111,3
20240322,1,2112,6
20240322,1,2116,9
20240322,1,2122,0
20240322,1,2128,5
20240322,1,2129,0
20240322,1,2130,0
20240322,1,2139,21
20240322,1,2143,7
20240322,1,2148,0
20240322,1,2159,9
20240322,1,2171,17
20240322,1,2172,9
20240322,1,2178,12
20240322,1,2179,13
20240322,1,2185,16
20240322,1,2186,7
20240322,1,2191,11
20240322,1,2198,3
20240322,1,2199,0
20240322,1,3310,3
20240322,1,3311,3
20240322,1,3802,1
20240322,2,2111,3
20240322,2,2112,7
20240322,2,2116,11
20240322,2,2122,0
20240322,2,2128,3
20240322,2,2129,0
20240322,2,2130,0
20240322,2,2139,22
20240322,2,2143,8
20240322,2,2148,1
20240322,2,2159,10
20240322,2,2171,17
20240322,2,2172,9
20240322,2,2178,11
20240322,2,2179,12
20240322,2,2185,16
20240322,2,2186,5
20240322,2,2191,14
20240322,2,2198,3
20240322,2,2199,0
20240322,2,3310,3
20240322,2,3311,3
20240322,2,3802,1
20240322,3,2111,3
20240322,3,2112,6
20240322,3,2116,9
20240322,3,2122,0
20240322,3,2128,1
20240322,3,2129,0
20240322,3,2130,0
20240322,3,2139,23
20240322,3,2143,8
20240322,3,2148,1
20240322,3,2159,9
20240322,3,2171,18
20240322,3,2172,9
20240322,3,2178,11
20240322,3,2179,14
20240322,3,2185,16
20240322,3,2186,5
20240322,3,2191,17
20240322,3,2198,3
20240322,3,2199,0
20240322,3,3310,3
20240322,3,3311,2
20240322,3,3802,1
20240322,4,2111,4
20240322,4,2112,6
20240322,4,2116,9
20240322,4,2122,0
20240322,4,2128,1
20240322,4,2129,0
20240322,4,2130,0
20240322,4,2139,24
20240322,4,2143,8
20240322,4,2148,1
20240322,4,2159,8
20240322,4,2171,19
20240322,4,2172,9
20240322,4,2178,11
20240322,4,2179,14
20240322,4,2185,15
20240322,4,2186,5
20240322,4,2191,17
20240322,4,2198,3
20240322,4,2199,0
20240322,4,3310,3
20240322,4,3311,2
20240322,4,3802,1
20240322,6,2111,4
20240322,6,2112,6
20240322,6,2116,9
20240322,6,2122,0
20240322,6,2128,0
20240322,6,2129,1
20240322,6,2130,0
20240322,6,2139,26
20240322,6,2143,8
20240322,6,2148,1
20240322,6,2159,8
20240322,6,2171,17
20240322,6,2172,9
20240322,6,2178,11
20240322,6,2179,15
20240322,6,2185,16
20240322,6,2186,4
20240322,6,2191,17
20240322,6,2198,3
20240322,6,2199,0
20240322,6,3310,3
20240322,6,3311,2
20240322,6,3802,3
20240322,7,2111,4
20240322,7,2112,6
20240322,7,2116,7
20240322,7,2122,0
20240322,7,2128,0
20240322,7,2129,0
20240322,7,2130,0
20240322,7,2139,25
20240322,7,2143,7
20240322,7,2148,1
20240322,7,2159,8
20240322,7,2171,19
20240322,7,2172,10
20240322,7,2178,11
20240322,7,2179,15
20240322,7,2185,16
20240322,7,2186,3
20240322,7,2191,17
20240322,7,2198,2
20240322,7,2199,1
20240322,7,3310,3
20240322,7,3311,2
20240322,7,3802,3
20240322,8,2111,5
20240322,8,2112,7
20240322,8,2116,9
20240322,8,2122,0
20240322,8,2128,0
20240322,8,2129,0
20240322,8,2130,0
20240322,8,2139,23
20240322,8,2143,8
20240322,8,2148,1
20240322,8,2159,8
20240322,8,2171,18
20240322,8,2172,9
20240322,8,2178,11
20240322,8,2179,17
20240322,8,2185,17
20240322,8,2186,3
20240322,8,2191,16
20240322,8,2198,3
20240322,8,2199,0
20240322,8,3310,1
20240322,8,3311,4
20240322,8,3802,1
20240322,9,2111,9
20240322,9,2112,8
20240322,9,2116,9
20240322,9,2122,1
20240322,9,2128,3
20240322,9,2129,1
20240322,9,2130,0
20240322,9,2139,19
20240322,9,2143,8
20240322,9,2148,2
20240322,9,2159,6
20240322,9,2171,21
20240322,9,2172,9
20240322,9,2178,14
20240322,9,2179,15
20240322,9,2185,12
20240322,9,2186,3
20240322,9,2191,13
20240322,9,2198,2
20240322,9,2199,0
20240322,9,3310,1
20240322,9,3311,12
20240322,9,3802,1
20240322,10,2111,8
20240322,10,2112,9
20240322,10,2116,11
20240322,10,2122,1
20240322,10,2128,3
20240322,10,2129,0
20240322,10,2130,0
20240322,10,2139,15
20240322,10,2143,8
20240322,10,2148,4
20240322,10,2159,5
20240322,10,2171,23
20240322,10,2172,10
20240322,10,2178,14
20240322,10,2179,15
20240322,10,2185,11
20240322,10,2186,2
20240322,10,2191,13
20240322,10,2198,1
20240322,10,2199,1
20240322,10,3310,1
20240322,10,3311,12
20240322,10,3802,1
20240322,11,2111,10
20240322,11,2112,10
20240322,11,2116,11
20240322,11,2122,3
20240322,11,2128,3
20240322,11,2129,0
20240322,11,2130,5
20240322,11,2139,17
20240322,11,2143,9
20240322,11,2148,0
20240322,11,2159,5
20240322,11,2171,26
20240322,11,2172,10
20240322,11,2178,14
20240322,11,2179,16
20240322,11,2185,12
20240322,11,2186,0
20240322,11,2191,12
20240322,11,2198,1
20240322,11,2199,1
20240322,11,3310,1
20240322,11,3311,14
20240322,11,3802,2
20240322,12,2111,12
20240322,12,2112,10
20240322,12,2116,10
20240322,12,2122,3
20240322,12,2128,1
20240322,12,2129,0
20240322,12,2130,4
20240322,12,2139,17
20240322,12,2143,9
20240322,12,2148,1
20240322,12,2159,3
20240322,12,2171,27
20240322,12,2172,10
20240322,12,2178,14
20240322,12,2179,16
20240322,12,2185,12
20240322,12,2186,0
20240322,12,2191,12
20240322,12,2198,3
20240322,12,2199,0
20240322,12,3310,1
20240322,12,3311,16
20240322,12,3802,1
20240322,13,2111,9
20240322,13,2112,14
20240322,13,2116,9
20240322,13,2122,0
20240322,13,2128,1
20240322,13,2129,2
20240322,13,2130,4
20240322,13,2139,16
20240322,13,2143,9
20240322,13,2148,0
20240322,13,2159,0
20240322,13,2171,27
20240322,13,2172,8
20240322,13,2178,14
20240322,13,2179,20
20240322,13,2185,13
20240322,13,2186,0
20240322,13,2191,11
20240322,13,2198,2
20240322,13,2199,0
20240322,13,3310,1
20240322,13,3311,18
20240322,13,3802,0
20240322,14,2111,8
20240322,14,2112,12
20240322,14,2116,11
20240322,14,2122,2
20240322,14,2128,0
20240322,14,2129,0
20240322,14,2130,3
20240322,14,2139,17
20240322,14,2143,8
20240322,14,2148,0
20240322,14,2159,1
20240322,14,2171,29
20240322,14,2172,8
20240322,14,2178,15
20240322,14,2179,18
20240322,14,2185,14
20240322,14,2186,0
20240322,14,2191,11
20240322,14,2198,1
20240322,14,2199,0
20240322,14,3310,0
20240322,14,3311,18
20240322,14,3802,0
20240322,15,2111,6
20240322,15,2112,15
20240322,15,2116,13
20240322,15,2122,3
20240322,15,2128,1
20240322,15,2129,0
20240322,15,2130,2
20240322,15,2139,17
20240322,15,2143,8
20240322,15,2148,0
20240322,15,2159,0
20240322,15,2171,27
20240322,15,2172,10
20240322,15,2178,12
20240322,15,2179,21
20240322,15,2185,14
20240322,15,2186,0
20240322,15,2191,9
20240322,15,2198,3
20240322,15,2199,1
20240322,15,3310,13
20240322,15,3311,17
20240322,15,3802,0
20240322,16,2111,9
20240322,16,2112,15
20240322,16,2116,14
20240322,16,2122,0
20240322,16,2128,2
20240322,16,2129,0
20240322,16,2130,2
20240322,16,2139,15
20240322,16,2143,8
20240322,16,2148,1
20240322,16,2159,1
20240322,16,2171,28
20240322,16,2172,10
20240322,16,2178,11
20240322,16,2179,22
20240322,16,2185,14
20240322,16,2186,0
20240322,16,2191,10
20240322,16,2198,1
20240322,16,2199,0
20240322,16,3310,11
20240322,16,3311,15
20240322,16,3802,0
20240322,17,2111,8
20240322,17,2112,15
20240322,17,2116,15
20240322,17,2122,1
20240322,17,2128,3
20240322,17,2129,0
20240322,17,2130,1
20240322,17,2139,15
20240322,17,2143,8
20240322,17,2148,1
20240322,17,2159,1
20240322,17,2171,28
20240322,17,2172,10
20240322,17,2178,9
20240322,17,2179,21
20240322,17,2185,14
20240322,17,2186,0
20240322,17,2191,11
20240322,17,2198,1
20240322,17,2199,0
20240322,17,3310,10
20240322,17,3311,14
20240322,17,3802,0
20240322,18,2111,9
20240322,18,2112,15
20240322,18,2116,16
20240322,18,2122,3
20240322,18,2128,3
20240322,18,2129,0
20240322,18,2130,1
20240322,18,2139,16
20240322,18,2143,8
20240322,18,2148,1
20240322,18,2159,1
20240322,18,2171,29
20240322,18,2172,10
20240322,18,2178,9
20240322,18,2179,20
20240322,18,2185,14
20240322,18,2186,0
20240322,18,2191,13
20240322,18,2198,2
20240322,18,2199,0
20240322,18,3310,10
20240322,18,3311,11
20240322,18,3802,0
20240322,19,2111,10
20240322,19,2112,15
20240322,19,2116,16
20240322,19,2122,3
20240322,19,2128,3
20240322,19,2129,0
20240322,19,2130,1
20240322,19,2139,18
20240322,19,2143,8
20240322,19,2148,0
20240322,19,2159,1
20240322,19,2171,30
20240322,19,2172,10
20240322,19,2178,8
20240322,19,2179,21
20240322,19,2185,15
20240322,19,2186,1
20240322,19,2191,14
20240322,19,2198,1
20240322,19,2199,0
20240322,19,3310,10
20240322,19,3311,10
20240322,19,3802,0
20240322,20,2111,10
20240322,20,2112,15
20240322,20,2116,16
20240322,20,2122,3
20240322,20,2128,3
20240322,20,2129,0
20240322,20,2130,1
20240322,20,2139,18
20240322,20,2143,8
20240322,20,2148,0
20240322,20,2159,1
20240322,20,2171,30
20240322,20,2172,10
20240322,20,2178,8
20240322,20,2179,21
20240322,20,2185,15
20240322,20,2186,1
20240322,20,2191,14
20240322,20,2198,1
20240322,20,2199,0
20240322,20,3310,10
20240322,20,3311,10
20240322,20,3802,0
20240322,21,2111,9
20240322,21,2112,15
20240322,21,2116,16
20240322,21,2122,4
20240322,21,2128,3
20240322,21,2129,0
20240322,21,2130,1
20240322,21,2139,18
20240322,21,2143,8
20240322,21,2148,0
20240322,21,2159,1
20240322,21,2171,30
20240322,21,2172,10
20240322,21,2178,8
20240322,21,2179,21
20240322,21,2185,15
20240322,21,2186,1
20240322,21,2191,14
20240322,21,2198,1
20240322,21,2199,0
20240322,21,3310,10
20240322,21,3311,10
20240322,21,3802,0
20240322,22,2111,9
20240322,22,2112,13
20240322,22,2116,16
20240322,22,2122,4
20240322,22,2128,3
20240322,22,2129,0
20240322,22,2130,1
20240322,22,2139,19
20240322,22,2143,8
20240322,22,2148,0
20240322,22,2159,1
20240322,22,2171,30
20240322,22,2172,10
20240322,22,2178,7
20240322,22,2179,21
20240322,22,2185,16
20240322,22,2186,1
20240322,22,2191,12
20240322,22,2198,1
20240322,22,2199,0
20240322,22,3310,10
20240322,22,3311,10
20240322,22,3802,0
20240322,23,2111,9
20240322,23,2112,15
20240322,23,2116,16
20240322,23,2122,3
20240322,23,2128,2
20240322,23,2129,0
20240322,23,2130,1
20240322,23,2139,19
20240322,23,2143,9
20240322,23,2148,1
20240322,23,2159,1
20240322,23,2171,31
20240322,23,2172,10
20240322,23,2178,6
20240322,23,2179,20
20240322,23,2185,15
20240322,23,2186,1
20240322,23,2191,15
20240322,23,2198,3
20240322,23,2199,0
20240322,23,3310,10
20240322,23,3311,9
20240322,23,3802,0
20240323,0,2111,9
20240323,0,2112,15
20240323,0,2116,16
20240323,0,2122,3
20240323,0,2128,2
20240323,0,2129,0
20240323,0,2130,1
20240323,0,2139,19
20240323,0,2143,9
20240323,0,2148,1
20240323,0,2159,1
20240323,0,2171,31
20240323,0,2172,10
20240323,0,2178,6
20240323,0,2179,20
20240323,0,2185,16
20240323,0,2186,1
20240323,0,2191,16
20240323,0,2198,2
20240323,0,2199,0
20240323,0,3310,10
20240323,0,3311,9
20240323,0,3802,0
20240323,1,2111,9
20240323,1,2112,16
20240323,1,2116,15
20240323,1,2122,3
20240323,1,2128,1
20240323,1,2129,0
20240323,1,2130,1
20240323,1,2139,19
20240323,1,2143,9
20240323,1,2148,1
20240323,1,2159,1
20240323,1,2171,31
20240323,1,2172,10
20240323,1,2178,6
20240323,1,2179,20
20240323,1,2185,16
20240323,1,2186,1
20240323,1,2191,16
20240323,1,2198,1
20240323,1,2199,0
20240323,1,3310,10
20240323,1,3311,8
20240323,1,3802,0
20240323,2,2111,6
20240323,2,2112,14
20240323,2,2116,16
20240323,2,2122,2
20240323,2,2128,1
20240323,2,2129,0
20240323,2,2130,1
20240323,2,2139,18
20240323,2,2143,9
20240323,2,2148,0
20240323,2,2159,1
20240323,2,2171,31
20240323,2,2172,9
20240323,2,2178,5
20240323,2,2179,21
20240323,2,2185,17
20240323,2,2186,1
20240323,2,2191,17
20240323,2,2198,1
20240323,2,2199,0
20240323,2,3310,10
20240323,2,3311,9
20240323,2,3802,0
20240323,3,2111,5
20240323,3,2112,15
20240323,3,2116,15
20240323,3,2122,1
20240323,3,2128,0
20240323,3,2129,0
20240323,3,2130,1
20240323,3,2139,20
20240323,3,2143,9
20240323,3,2148,0
20240323,3,2159,1
20240323,3,2171,31
20240323,3,2172,9
20240323,3,2178,5
20240323,3,2179,21
20240323,3,2185,17
20240323,3,2186,1
20240323,3,2191,17
20240323,3,2198,1
20240323,3,2199,0
20240323,3,3310,9
20240323,3,3311,5
20240323,3,3802,0
20240323,4,2111,6
20240323,4,2112,13
20240323,4,2116,16
20240323,4,2122,1
20240323,4,2128,0
20240323,4,2129,0
20240323,4,2130,1
20240323,4,2139,20
20240323,4,2143,9
20240323,4,2148,0
20240323,4,2159,2
20240323,4,2171,30
20240323,4,2172,9
20240323,4,2178,5
20240323,4,2179,21
20240323,4,2185,17
20240323,4,2186,0
20240323,4,2191,17
20240323,4,2198,1
20240323,4,2199,0
20240323,4,3310,9
20240323,4,3311,6
20240323,4,3802,0
20240323,6,2111,7
20240323,6,2112,13
20240323,6,2116,16
20240323,6,2122,1
20240323,6,2128,1
20240323,6,2129,0
20240323,6,2130,1
20240323,6,2139,20
20240323,6,2143,9
20240323,6,2148,0
20240323,6,2159,2
20240323,6,2171,31
20240323,6,2172,9
20240323,6,2178,6
20240323,6,2179,21
20240323,6,2185,17
20240323,6,2186,1
20240323,6,2191,17
20240323,6,2198,1
20240323,6,2199,0
20240323,6,3310,8
20240323,6,3311,6
20240323,6,3802,0
20240323,7,2111,7
20240323,7,2112,14
20240323,7,2116,16
20240323,7,2122,1
20240323,7,2128,1
20240323,7,2129,0
20240323,7,2130,1
20240323,7,2139,20
20240323,7,2143,9
20240323,7,2148,0
20240323,7,2159,2
20240323,7,2171,31
20240323,7,2172,9
20240323,7,2178,5
20240323,7,2179,21
20240323,7,2185,16
20240323,7,2186,1
20240323,7,2191,17
20240323,7,2198,1
20240323,7,2199,0
20240323,7,3310,8
20240323,7,3311,5
20240323,7,3802,0
20240323,8,2111,7
20240323,8,2112,15
20240323,8,2116,16
20240323,8,2122,1
20240323,8,2128,1
20240323,8,2129,0
20240323,8,2130,1
20240323,8,2139,20
20240323,8,2143,9
20240323,8,2148,0
20240323,8,2159,2
20240323,8,2171,31
20240323,8,2172,9
20240323,8,2178,6
20240323,8,2179,21
20240323,8,2185,15
20240323,8,2186,0
20240323,8,2191,19
20240323,8,2198,1
20240323,8,2199,0
20240323,8,3310,8
20240323,8,3311,4
20240323,8,3802,0
20240323,9,2111,6
20240323,9,2112,15
20240323,9,2116,17
20240323,9,2122,1
20240323,9,2128,2
20240323,9,2129,15
20240323,9,2130,2
20240323,9,2139,20
20240323,9,2143,9
20240323,9,2148,0
20240323,9,2159,1
20240323,9,2171,34
20240323,9,2172,10
20240323,9,2178,6
20240323,9,2179,23
20240323,9,2185,15
20240323,9,2186,0
20240323,9,2191,20
20240323,9,2198,1
20240323,9,2199,0
20240323,9,3310,7
20240323,9,3311,3
20240323,9,3802,1
20240323,10,2111,7
20240323,10,2112,13
20240323,10,2116,17
20240323,10,2122,1
20240323,10,2128,3
20240323,10,2129,15
20240323,10,2130,2
20240323,10,2139,17
20240323,10,2143,10
20240323,10,2148,0
20240323,10,2159,1
20240323,10,2171,36
20240323,10,2172,11
20240323,10,2178,22
20240323,10,2179,23
20240323,10,2185,15
20240323,10,2186,0
20240323,10,2191,19
20240323,10,2198,1
20240323,10,2199,0
20240323,10,3310,6
20240323,10,3311,3
20240323,10,3802,2
20240323,11,2111,8
20240323,11,2112,13
20240323,11,2116,17
20240323,11,2122,0
20240323,11,2128,3
20240323,11,2129,15
20240323,11,2130,1
20240323,11,2139,14
20240323,11,2143,10
20240323,11,2148,1
20240323,11,2159,1
20240323,11,2171,36
20240323,11,2172,12
20240323,11,2178,21
20240323,11,2179,24
20240323,11,2185,13
20240323,11,2186,0
20240323,11,2191,18
20240323,11,2198,0
20240323,11,2199,0
20240323,11,3310,19
20240323,11,3311,3
20240323,11,3802,1
20240323,12,2111,10
20240323,12,2112,12
20240323,12,2116,17
20240323,12,2122,0
20240323,12,2128,1
20240323,12,2129,9
20240323,12,2130,0
20240323,12,2139,13
20240323,12,2143,9
20240323,12,2148,3
20240323,12,2159,2
20240323,12,2171,32
20240323,12,2172,12
20240323,12,2178,24
20240323,12,2179,21
20240323,12,2185,15
20240323,12,2186,0
20240323,12,2191,16
20240323,12,2198,1
20240323,12,2199,1
20240323,12,3310,19
20240323,12,3311,5
20240323,12,3802,0
20240323,13,2111,8
20240323,13,2112,15
20240323,13,2116,15
20240323,13,2122,2
20240323,13,2128,1
20240323,13,2129,10
20240323,13,2130,0
20240323,13,2139,9
20240323,13,2143,9
20240323,13,2148,1
20240323,13,2159,0
20240323,13,2171,35
20240323,13,2172,13
20240323,13,2178,25
20240323,13,2179,25
20240323,13,2185,13
20240323,13,2186,1
20240323,13,2191,14
20240323,13,2198,1
20240323,13,2199,0
20240323,13,3310,18
20240323,13,3311,2
20240323,13,3802,0
20240323,14,2111,11
20240323,14,2112,12
20240323,14,2116,12
20240323,14,2122,0
20240323,14,2128,0
20240323,14,2129,9
20240323,14,2130,0
20240323,14,2139,7
20240323,14,2143,8
20240323,14,2148,2
20240323,14,2159,0
20240323,14,2171,30
20240323,14,2172,12
20240323,14,2178,26
20240323,14,2179,27
20240323,14,2185,13
20240323,14,2186,0
20240323,14,2191,14
20240323,14,2198,3
20240323,14,2199,0
20240323,14,3310,18
20240323,14,3311,3
20240323,14,3802,0
20240323,15,2111,8
20240323,15,2112,14
20240323,15,2116,14
20240323,15,2122,1
20240323,15,2128,1
20240323,15,2129,5
20240323,15,2130,0
20240323,15,2139,8
20240323,15,2143,7
20240323,15,2148,2
20240323,15,2159,0
20240323,15,2171,31
20240323,15,2172,15
20240323,15,2178,26
20240323,15,2179,25
20240323,15,2185,12
20240323,15,2186,1
20240323,15,2191,11
20240323,15,2198,2
20240323,15,2199,1
20240323,15,3310,19
20240323,15,3311,3
20240323,15,3802,1
20240323,16,2111,8
20240323,16,2112,14
20240323,16,2116,13
20240323,16,2122,0
20240323,16,2128,1
20240323,16,2129,3
20240323,16,2130,0
20240323,16,2139,6
20240323,16,2143,10
20240323,16,2148,0
20240323,16,2159,1
20240323,16,2171,25
20240323,16,2172,15
20240323,16,2178,26
20240323,16,2179,23
20240323,16,2185,13
20240323,16,2186,0
20240323,16,2191,10
20240323,16,2198,2
20240323,16,2199,1
20240323,16,3310,18
20240323,16,3311,3
20240323,16,3802,1
20240323,17,2111,9
20240323,17,2112,12
20240323,17,2116,13
20240323,17,2122,0
20240323,17,2128,1
20240323,17,2129,1
20240323,17,2130,1
20240323,17,2139,9
20240323,17,2143,7
20240323,17,2148,0
20240323,17,2159,0
20240323,17,2171,28
20240323,17,2172,15
20240323,17,2178,26
20240323,17,2179,22
20240323,17,2185,11
20240323,17,2186,0
20240323,17,2191,10
20240323,17,2198,2
20240323,17,2199,1
20240323,17,3310,17
20240323,17,3311,2
20240323,17,3802,2
20240323,18,2111,10
20240323,18,2112,10
20240323,18,2116,10
20240323,18,2122,2
20240323,18,2128,1
20240323,18,2129,0
20240323,18,2130,1
20240323,18,2139,12
20240323,18,2143,5
20240323,18,2148,0
20240323,18,2159,0
20240323,18,2171,30
20240323,18,2172,12
20240323,18,2178,24
20240323,18,2179,18
20240323,18,2185,12
20240323,18,2186,0
20240323,18,2191,11
20240323,18,2198,2
20240323,18,2199,0
20240323,18,3310,14
20240323,18,3311,3
20240323,18,3802,0
20240323,19,2111,13
20240323,19,2112,11
20240323,19,2116,8
20240323,19,2122,1
20240323,19,2128,1
20240323,19,2129,2
20240323,19,2130,0
20240323,19,2139,13
20240323,19,2143,9
20240323,19,2148,1
20240323,19,2159,0
20240323,19,2171,31
20240323,19,2172,13
20240323,19,2178,22
20240323,19,2179,16
20240323,19,2185,11
20240323,19,2186,0
20240323,19,2191,9
20240323,19,2198,4
20240323,19,2199,0
20240323,19,3310,14
20240323,19,3311,4
20240323,19,3802,1
20240323,20,2111,11
20240323,20,2112,14
20240323,20,2116,11
20240323,20,2122,6
20240323,20,2128,0
20240323,20,2129,1
20240323,20,2130,0
20240323,20,2139,11
20240323,20,2143,10
20240323,20,2148,1
20240323,20,2159,1
20240323,20,2171,33
20240323,20,2172,14
20240323,20,2178,19
20240323,20,2179,18
20240323,20,2185,13
20240323,20,2186,0
20240323,20,2191,8
20240323,20,2198,2
20240323,20,2199,0
20240323,20,3310,13
20240323,20,3311,1
20240323,20,3802,1
20240323,21,2111,10
20240323,21,2112,14
20240323,21,2116,11
20240323,21,2122,6
20240323,21,2128,0
20240323,21,2129,0
20240323,21,2130,0
20240323,21,2139,13
20240323,21,2143,10
20240323,21,2148,1
20240323,21,2159,1
20240323,21,2171,34
20240323,21,2172,14
20240323,21,2178,18
20240323,21,2179,15
20240323,21,2185,14
20240323,21,2186,0
20240323,21,2191,6
20240323,21,2198,0
20240323,21,2199,0
20240323,21,3310,12
20240323,21,3311,3
20240323,21,3802,0
20240323,22,2111,9
20240323,22,2112,16
20240323,22,2116,14
20240323,22,2122,3
20240323,22,2128,0
20240323,22,2129,0
20240323,22,2130,0
20240323,22,2139,14
20240323,22,2143,12
20240323,22,2148,1
20240323,22,2159,2
20240323,22,2171,31
20240323,22,2172,13
20240323,22,2178,17
20240323,22,2179,15
20240323,22,2185,16
20240323,22,2186,0
20240323,22,2191,5
20240323,22,2198,0
20240323,22,2199,0
20240323,22,3310,10
20240323,22,3311,0
20240323,22,3802,0
20240323,23,2111,12
20240323,23,2112,13
20240323,23,2116,14
20240323,23,2122,2
20240323,23,2128,0
20240323,23,2129,0
20240323,23,2130,1
20240323,23,2139,15
20240323,23,2143,12
20240323,23,2148,0
20240323,23,2159,2
20240323,23,2171,34
20240323,23,2172,12
20240323,23,2178,17
20240323,23,2179,16
20240323,23,2185,15
20240323,23,2186,3
20240323,23,2191,8
20240323,23,2198,4
20240323,23,2199,0
20240323,23,3310,10
20240323,23,3311,0
20240323,23,3802,1
20240324,0,2111,13
20240324,0,2112,13
20240324,0,2116,15
20240324,0,2122,3
20240324,0,2128,1
20240324,0,2129,0
20240324,0,2130,1
20240324,0,2139,13
20240324,0,2143,12
20240324,0,2148,0
20240324,0,2159,2
20240324,0,2171,26
20240324,0,2172,12
20240324,0,2178,17
20240324,0,2179,19
20240324,0,2185,17
20240324,0,2186,3
20240324,0,2191,8
20240324,0,2198,5
20240324,0,2199,0
20240324,0,3310,11
20240324,0,3311,0
20240324,0,3802,0
20240324,1,2111,13
20240324,1,2112,13
20240324,1,2116,15
20240324,1,2122,2
20240324,1,2128,2
20240324,1,2129,0
20240324,1,2130,1
20240324,1,2139,11
20240324,1,2143,11
20240324,1,2148,0
20240324,1,2159,1
20240324,1,2171,23
20240324,1,2172,13
20240324,1,2178,17
20240324,1,2179,20
20240324,1,2185,17
20240324,1,2186,1
20240324,1,2191,7
20240324,1,2198,3
20240324,1,2199,0
20240324,1,3310,11
20240324,1,3311,0
20240324,1,3802,1
20240324,2,2111,11
20240324,2,2112,13
20240324,2,2116,15
20240324,2,2122,3
20240324,2,2128,2
20240324,2,2129,0
20240324,2,2130,0
20240324,2,2139,11
20240324,2,2143,12
20240324,2,2148,0
20240324,2,2159,1
20240324,2,2171,23
20240324,2,2172,13
20240324,2,2178,17
20240324,2,2179,17
20240324,2,2185,18
20240324,2,2186,2
20240324,2,2191,7
20240324,2,2198,2
20240324,2,2199,0
20240324,2,3310,11
20240324,2,3311,0
20240324,2,3802,1
20240324,3,2111,12
20240324,3,2112,15
20240324,3,2116,16
20240324,3,2122,2
20240324,3,2128,2
20240324,3,2129,1
20240324,3,2130,0
20240324,3,2139,13
20240324,3,2143,12
20240324,3,2148,0
20240324,3,2159,1
20240324,3,2171,22
20240324,3,2172,12
20240324,3,2178,16
20240324,3,2179,14
20240324,3,2185,18
20240324,3,2186,2
20240324,3,2191,12
20240324,3,2198,2
20240324,3,2199,0
20240324,3,3310,11
20240324,3,3311,0
20240324,3,3802,1
20240324,4,2111,14
20240324,4,2112,16
20240324,4,2116,14
20240324,4,2122,2
20240324,4,2128,2
20240324,4,2129,1
20240324,4,2130,0
20240324,4,2139,14
20240324,4,2143,14
20240324,4,2148,0
20240324,4,2159,1
20240324,4,2171,22
20240324,4,2172,12
20240324,4,2178,15
20240324,4,2179,14
20240324,4,2185,18
20240324,4,2186,2
20240324,4,2191,11
20240324,4,2198,4
20240324,4,2199,0
20240324,4,3310,10
20240324,4,3311,0
20240324,4,3802,1
20240324,6,2111,14
20240324,6,2112,14
20240324,6,2116,15
20240324,6,2122,1
20240324,6,2128,2
20240324,6,2129,3
20240324,6,2130,0
20240324,6,2139,16
20240324,6,2143,14
20240324,6,2148,0
20240324,6,2159,1
20240324,6,2171,20
20240324,6,2172,13
20240324,6,2178,15
20240324,6,2179,15
20240324,6,2185,19
20240324,6,2186,1
20240324,6,2191,10
20240324,6,2198,3
20240324,6,2199,0
20240324,6,3310,9
20240324,6,3311,0
20240324,6,3802,1
20240324,7,2111,14
20240324,7,2112,13
20240324,7,2116,15
20240324,7,2122,1
20240324,7,2128,2
20240324,7,2129,3
20240324,7,2130,0
20240324,7,2139,16
20240324,7,2143,14
20240324,7,2148,0
20240324,7,2159,1
20240324,7,2171,20
20240324,7,2172,13
20240324,7,2178,15
20240324,7,2179,15
20240324,7,2185,18
20240324,7,2186,1
20240324,7,2191,10
20240324,7,2198,3
20240324,7,2199,0
20240324,7,3310,9
20240324,7,3311,1
20240324,7,3802,1
20240324,8,2111,14
20240324,8,2112,13
20240324,8,2116,15
20240324,8,2122,1
20240324,8,2128,2
20240324,8,2129,3
20240324,8,2130,0
20240324,8,2139,16
20240324,8,2143,14
20240324,8,2148,0
20240324,8,2159,1
20240324,8,2171,19
20240324,8,2172,12
20240324,8,2178,16
20240324,8,2179,15
20240324,8,2185,17
20240324,8,2186,3
20240324,8,2191,9
20240324,8,2198,3
20240324,8,2199,0
20240324,8,3310,9
20240324,8,3311,2
20240324,8,3802,1
20240324,10,2111,15
20240324,10,2112,15
20240324,10,2116,13
20240324,10,2122,1
20240324,10,2128,3
20240324,10,2129,1
20240324,10,2130,0
20240324,10,2139,15
20240324,10,2143,13
20240324,10,2148,0
20240324,10,2159,0
20240324,10,2171,21
20240324,10,2172,17
20240324,10,2178,18
20240324,10,2179,16
20240324,10,2185,16
20240324,10,2186,2
20240324,10,2191,7
20240324,10,2198,2
20240324,10,2199,0
20240324,10,3310,7
20240324,10,3311,5
20240324,10,3802,1
20240324,11,2111,13
20240324,11,2112,17
20240324,11,2116,11
20240324,11,2122,1
20240324,11,2128,3
20240324,11,2129,0
20240324,11,2130,0
20240324,11,2139,16
20240324,11,2143,13
20240324,11,2148,0
20240324,11,2159,0
20240324,11,2171,18
20240324,11,2172,17
20240324,11,2178,19
20240324,11,2179,14
20240324,11,2185,15
20240324,11,2186,0
20240324,11,2191,8
20240324,11,2198,0
20240324,11,2199,0
20240324,11,3310,6
20240324,11,3311,4
20240324,11,3802,1
20240324,12,2111,12
20240324,12,2112,16
20240324,12,2116,10
20240324,12,2122,0
20240324,12,2128,4
20240324,12,2129,0
20240324,12,2130,0
20240324,12,2139,13
20240324,12,2143,13
20240324,12,2148,0
20240324,12,2159,0
20240324,12,2171,17
20240324,12,2172,16
20240324,12,2178,19
20240324,12,2179,12
20240324,12,2185,15
20240324,12,2186,0
20240324,12,2191,8
20240324,12,2198,2
20240324,12,2199,1
20240324,12,3310,5
20240324,12,3311,6
20240324,12,3802,0
20240324,13,2111,19
20240324,13,2112,17
20240324,13,2116,13
20240324,13,2122,0
20240324,13,2128,3
20240324,13,2129,0
20240324,13,2130,0
20240324,13,2139,13
20240324,13,2143,11
20240324,13,2148,0
20240324,13,2159,0
20240324,13,2171,20
20240324,13,2172,19
20240324,13,2178,19
20240324,13,2179,16
20240324,13,2185,14
20240324,13,2186,4
20240324,13,2191,6
20240324,13,2198,1
20240324,13,2199,0
20240324,13,3310,6
20240324,13,3311,6
20240324,13,3802,1
20240324,14,2111,13
20240324,14,2112,18
20240324,14,2116,12
20240324,14,2122,0
20240324,14,2128,3
20240324,14,2129,0
20240324,14,2130,0
20240324,14,2139,10
20240324,14,2143,12
20240324,14,2148,0
20240324,14,2159,0
20240324,14,2171,17
20240324,14,2172,20
20240324,14,2178,19
20240324,14,2179,13
20240324,14,2185,15
20240324,14,2186,0
20240324,14,2191,4
20240324,14,2198,1
20240324,14,2199,0
20240324,14,3310,7
20240324,14,3311,9
20240324,14,3802,1
20240324,15,2111,13
20240324,15,2112,16
20240324,15,2116,10
20240324,15,2122,0
20240324,15,2128,3
20240324,15,2129,0
20240324,15,2130,0
20240324,15,2139,10
20240324,15,2143,11
20240324,15,2148,0
20240324,15,2159,0
20240324,15,2171,15
20240324,15,2172,18
20240324,15,2178,19
20240324,15,2179,8
20240324,15,2185,14
20240324,15,2186,0
20240324,15,2191,6
20240324,15,2198,0
20240324,15,2199,0
20240324,15,3310,5
20240324,15,3311,9
20240324,15,3802,1
20240324,16,2111,16
20240324,16,2112,12
20240324,16,2116,9
20240324,16,2122,0
20240324,16,2128,2
20240324,16,2129,0
20240324,16,2130,0
20240324,16,2139,12
20240324,16,2143,11
20240324,16,2148,1
20240324,16,2159,1
20240324,16,2171,7
20240324,16,2172,17
20240324,16,2178,18
20240324,16,2179,5
20240324,16,2185,11
20240324,16,2186,1
20240324,16,2191,6
20240324,16,2198,0
20240324,16,2199,0
20240324,16,3310,6
20240324,16,3311,4
20240324,16,3802,1
20240324,17,2111,15
20240324,17,2112,11
20240324,17,2116,8
20240324,17,2122,0
20240324,17,2128,2
20240324,17,2129,1
20240324,17,2130,0
20240324,17,2139,10
20240324,17,2143,10
20240324,17,2148,0
20240324,17,2159,1
20240324,17,2171,7
20240324,17,2172,16
20240324,17,2178,16
20240324,17,2179,8
20240324,17,2185,11
20240324,17,2186,0
20240324,17,2191,3
20240324,17,2198,0
20240324,17,2199,0
20240324,17,3310,4
20240324,17,3311,5
20240324,17,3802,0
20240324,18,2111,9
20240324,18,2112,12
20240324,18,2116,11
20240324,18,2122,0
20240324,18,2128,1
20240324,18,2129,0
20240324,18,2130,0
20240324,18,2139,12
20240324,18,2143,8
20240324,18,2148,1
20240324,18,2159,1
20240324,18,2171,11
20240324,18,2172,16
20240324,18,2178,14
20240324,18,2179,7
20240324,18,2185,10
20240324,18,2186,0
20240324,18,2191,1
20240324,18,2198,0
20240324,18,2199,0
20240324,18,3310,2
20240324,18,3311,3
20240324,18,3802,1
20240324,19,2111,7
20240324,19,2112,13
20240324,19,2116,12
20240324,19,2122,1
20240324,19,2128,0
20240324,19,2129,0
20240324,19,2130,0
20240324,19,2139,14
20240324,19,2143,3
20240324,19,2148,2
20240324,19,2159,0
20240324,19,2171,8
20240324,19,2172,15
20240324,19,2178,13
20240324,19,2179,6
20240324,19,2185,9
20240324,19,2186,0
20240324,19,2191,5
20240324,19,2198,2
20240324,19,2199,0
20240324,19,3310,2
20240324,19,3311,0
20240324,19,3802,1
20240324,20,2111,8
20240324,20,2112,8
20240324,20,2116,12
20240324,20,2122,0
20240324,20,2128,2
20240324,20,2129,0
20240324,20,2130,0
20240324,20,2139,14
20240324,20,2143,5
20240324,20,2148,2
20240324,20,2159,0
20240324,20,2171,8
20240324,20,2172,15
20240324,20,2178,13
20240324,20,2179,7
20240324,20,2185,10
20240324,20,2186,0
20240324,20,2191,7
20240324,20,2198,1
20240324,20,2199,0
20240324,20,3310,1
20240324,20,3311,0
20240324,20,3802,3
20240324,21,2111,7
20240324,21,2112,7
20240324,21,2116,7
20240324,21,2122,0
20240324,21,2128,2
20240324,21,2129,0
20240324,21,2130,0
20240324,21,2139,12
20240324,21,2143,5
20240324,21,2148,2
20240324,21,2159,0
20240324,21,2171,6
20240324,21,2172,15
20240324,21,2178,12
20240324,21,2179,5
20240324,21,2185,10
20240324,21,2186,1
20240324,21,2191,8
20240324,21,2198,4
20240324,21,2199,0
20240324,21,3310,0
20240324,21,3311,0
20240324,21,3802,3
20240324,22,2111,7
20240324,22,2112,6
20240324,22,2116,8
20240324,22,2122,1
20240324,22,2128,3
20240324,22,2129,0
20240324,22,2130,0
20240324,22,2139,12
20240324,22,2143,6
20240324,22,2148,2
20240324,22,2159,0
20240324,22,2171,8
20240324,22,2172,14
20240324,22,2178,11
20240324,22,2179,4
20240324,22,2185,14
20240324,22,2186,0
20240324,22,2191,8
20240324,22,2198,5
20240324,22,2199,1
20240324,22,3310,0
20240324,22,3311,0
20240324,22,3802,2
20240324,23,2111,7
20240324,23,2112,10
20240324,23,2116,9
20240324,23,2122,4
20240324,23,2128,1
20240324,23,2129,0
20240324,23,2130,0
20240324,23,2139,14
20240324,23,2143,8
20240324,23,2148,1
20240324,23,2159,0
20240324,23,2171,6
20240324,23,2172,15
20240324,23,2178,8
20240324,23,2179,6
20240324,23,2185,16
20240324,23,2186,2
20240324,23,2191,11
20240324,23,2198,8
20240324,23,2199,0
20240324,23,3310,0
20240324,23,3311,0
20240324,23,3802,2
20240325,0,2111,8
20240325,0,2112,9
20240325,0,2116,6
20240325,0,2122,4
20240325,0,2128,0
20240325,0,2129,0
20240325,0,2130,0
20240325,0,2139,14
20240325,0,2143,9
20240325,0,2148,1
20240325,0,2159,0
20240325,0,2171,6
20240325,0,2172,15
20240325,0,2178,8
20240325,0,2179,6
20240325,0,2185,17
20240325,0,2186,3
20240325,0,2191,13
20240325,0,2198,10
20240325,0,2199,0
20240325,0,3310,1
20240325,0,3311,0
20240325,0,3802,2
20240325,1,2111,5
20240325,1,2112,10
20240325,1,2116,8
20240325,1,2122,3
20240325,1,2128,0
20240325,1,2129,0
20240325,1,2130,0
20240325,1,2139,14
20240325,1,2143,10
20240325,1,2148,2
20240325,1,2159,0
20240325,1,2171,6
20240325,1,2172,15
20240325,1,2178,8
20240325,1,2179,5
20240325,1,2185,15
20240325,1,2186,3
20240325,1,2191,14
20240325,1,2198,10
20240325,1,2199,1
20240325,1,3310,1
20240325,1,3311,0
20240325,1,3802,0
20240325,2,2111,5
20240325,2,2112,10
20240325,2,2116,6
20240325,2,2122,3
20240325,2,2128,0
20240325,2,2129,0
20240325,2,2130,0
20240325,2,2139,14
20240325,2,2143,10
20240325,2,2148,3
20240325,2,2159,0
20240325,2,2171,7
20240325,2,2172,15
20240325,2,2178,8
20240325,2,2179,5
20240325,2,2185,15
20240325,2,2186,6
20240325,2,2191,15
20240325,2,2198,10
20240325,2,2199,1
20240325,2,3310,1
20240325,2,3311,0
20240325,2,3802,0
20240325,3,2111,5
20240325,3,2112,10
20240325,3,2116,6
20240325,3,2122,3
20240325,3,2128,0
20240325,3,2129,0
20240325,3,2130,0
20240325,3,2139,14
20240325,3,2143,12
20240325,3,2148,3
20240325,3,2159,0
20240325,3,2171,7
20240325,3,2172,15
20240325,3,2178,6
20240325,3,2179,4
20240325,3,2185,17
20240325,3,2186,6
20240325,3,2191,16
20240325,3,2198,9
20240325,3,2199,1
20240325,3,3310,1
20240325,3,3311,0
20240325,3,3802,0
20240325,4,2111,5
20240325,4,2112,9
20240325,4,2116,6
20240325,4,2122,3
20240325,4,2128,0
20240325,4,2129,0
20240325,4,2130,0
20240325,4,2139,16
20240325,4,2143,12
20240325,4,2148,3
20240325,4,2159,0
20240325,4,2171,6
20240325,4,2172,15
20240325,4,2178,6
20240325,4,2179,4
20240325,4,2185,18
20240325,4,2186,5
20240325,4,2191,16
20240325,4,2198,8
20240325,4,2199,1
20240325,4,3310,1
20240325,4,3311,0
20240325,4,3802,0
20240325,6,2111,2
20240325,6,2112,8
20240325,6,2116,6
20240325,6,2122,2
20240325,6,2128,0
20240325,6,2129,0
20240325,6,2130,0
20240325,6,2139,16
20240325,6,2143,12
20240325,6,2148,2
20240325,6,2159,0
20240325,6,2171,6
20240325,6,2172,16
20240325,6,2178,6
20240325,6,2179,4
20240325,6,2185,18
20240325,6,2186,4
20240325,6,2191,16
20240325,6,2198,8
20240325,6,2199,1
20240325,6,3310,0
20240325,6,3311,0
20240325,6,3802,2
20240325,7,2111,2
20240325,7,2112,8
20240325,7,2116,6
20240325,7,2122,2
20240325,7,2128,0
20240325,7,2129,0
20240325,7,2130,0
20240325,7,2139,16
20240325,7,2143,12
20240325,7,2148,2
20240325,7,2159,0
20240325,7,2171,7
20240325,7,2172,16
20240325,7,2178,6
20240325,7,2179,3
20240325,7,2185,18
20240325,7,2186,4
20240325,7,2191,16
20240325,7,2198,7
20240325,7,2199,1
20240325,7,3310,0
20240325,7,3311,1
20240325,7,3802,3
20240325,8,2111,2
20240325,8,2112,7
20240325,8,2116,7
20240325,8,2122,3
20240325,8,2128,0
20240325,8,2129,0
20240325,8,2130,0
20240325,8,2139,15
20240325,8,2143,11
20240325,8,2148,2
20240325,8,2159,0
20240325,8,2171,9
20240325,8,2172,16
20240325,8,2178,8
20240325,8,2179,4
20240325,8,2185,16
20240325,8,2186,2
20240325,8,2191,16
20240325,8,2198,8
20240325,8,2199,1
20240325,8,3310,0
20240325,8,3311,3
20240325,8,3802,0
20240325,9,2111,3
20240325,9,2112,7
20240325,9,2116,6
20240325,9,2122,2
20240325,9,2128,4
20240325,9,2129,1
20240325,9,2130,1
20240325,9,2139,11
20240325,9,2143,9
20240325,9,2148,0
20240325,9,2159,0
20240325,9,2171,15
20240325,9,2172,16
20240325,9,2178,12
20240325,9,2179,6
20240325,9,2185,15
20240325,9,2186,1
20240325,9,2191,10
20240325,9,2198,8
20240325,9,2199,3
20240325,9,3310,0
20240325,9,3311,4
20240325,9,3802,1
20240325,10,2111,4
20240325,10,2112,8
20240325,10,2116,9
20240325,10,2122,2
20240325,10,2128,2
20240325,10,2129,1
20240325,10,2130,1
20240325,10,2139,10
20240325,10,2143,10
20240325,10,2148,0
20240325,10,2159,0
20240325,10,2171,15
20240325,10,2172,17
20240325,10,2178,15
20240325,10,2179,5
20240325,10,2185,15
20240325,10,2186,0
20240325,10,2191,10
20240325,10,2198,5
20240325,10,2199,2
20240325,10,3310,0
20240325,10,3311,8
20240325,10,3802,0
20240325,11,2111,4
20240325,11,2112,6
20240325,11,2116,10
20240325,11,2122,2
20240325,11,2128,0
20240325,11,2129,1
20240325,11,2130,3
20240325,11,2139,9
20240325,11,2143,10
20240325,11,2148,2
20240325,11,2159,0
20240325,11,2171,21
20240325,11,2172,17
20240325,11,2178,15
20240325,11,2179,5
20240325,11,2185,14
20240325,11,2186,1
20240325,11,2191,10
20240325,11,2198,2
20240325,11,2199,2
20240325,11,3310,0
20240325,11,3311,9
20240325,11,3802,0
20240325,12,2111,5
20240325,12,2112,6
20240325,12,2116,12
20240325,12,2122,0
20240325,12,2128,0
20240325,12,2129,1
20240325,12,2130,0
20240325,12,2139,9
20240325,12,2143,12
20240325,12,2148,2
20240325,12,2159,1
20240325,12,2171,22
20240325,12,2172,16
20240325,12,2178,14
20240325,12,2179,5
20240325,12,2185,13
20240325,12,2186,0
20240325,12,2191,9
20240325,12,2198,2
20240325,12,2199,1
20240325,12,3310,0
20240325,12,3311,7
20240325,12,3802,1
20240325,13,2111,5
20240325,13,2112,7
20240325,13,2116,13
20240325,13,2122,0
20240325,13,2128,1
20240325,13,2129,0
20240325,13,2130,0
20240325,13,2139,9
20240325,13,2143,11
20240325,13,2148,1
20240325,13,2159,0
20240325,13,2171,21
20240325,13,2172,17
20240325,13,2178,14
20240325,13,2179,3
20240325,13,2185,13
20240325,13,2186,1
20240325,13,2191,9
20240325,13,2198,2
20240325,13,2199,1
20240325,13,3310,0
20240325,13,3311,7
20240325,13,3802,0
20240325,14,2111,7
20240325,14,2112,10
20240325,14,2116,13
20240325,14,2122,0
20240325,14,2128,1
20240325,14,2129,1
20240325,14,2130,0
20240325,14,2139,10
20240325,14,2143,11
20240325,14,2148,2
20240325,14,2159,0
20240325,14,2171,21
20240325,14,2172,17
20240325,14,2178,14
20240325,14,2179,3
20240325,14,2185,15
20240325,14,2186,0
20240325,14,2191,10
20240325,14,2198,2
20240325,14,2199,1
20240325,14,3310,0
20240325,14,3311,8
20240325,14,3802,0
20240325,15,2111,7
20240325,15,2112,10
20240325,15,2116,13
20240325,15,2122,0
20240325,15,2128,1
20240325,15,2129,1
20240325,15,2130,0
20240325,15,2139,10
20240325,15,2143,11
20240325,15,2148,2
20240325,15,2159,0
20240325,15,2171,21
20240325,15,2172,17
20240325,15,2178,14
20240325,15,2179,3
20240325,15,2185,15
20240325,15,2186,0
20240325,15,2191,11
20240325,15,2198,2
20240325,15,2199,1
20240325,15,3310,0
20240325,15,3311,8
20240325,15,3802,0
20240325,16,2111,7
20240325,16,2112,10
20240325,16,2116,13
20240325,16,2122,0
20240325,16,2128,1
20240325,16,2129,1
20240325,16,2130,0
20240325,16,2139,10
20240325,16,2143,11
20240325,16,2148,2
20240325,16,2159,0
20240325,16,2171,21
20240325,16,2172,17
20240325,16,2178,14
20240325,16,2179,3
20240325,16,2185,15
20240325,16,2186,0
20240325,16,2191,11
20240325,16,2198,2
20240325,16,2199,1
20240325,16,3310,0
20240325,16,3311,8
20240325,16,3802,0
20240325,17,2111,6
20240325,17,2112,10
20240325,17,2116,12
20240325,17,2122,0
20240325,17,2128,1
20240325,17,2129,1
20240325,17,2130,0
20240325,17,2139,10
20240325,17,2143,11
20240325,17,2148,2
20240325,17,2159,0
20240325,17,2171,21
20240325,17,2172,17
20240325,17,2178,14
20240325,17,2179,3
20240325,17,2185,15
20240325,17,2186,0
20240325,17,2191,11
20240325,17,2198,2
20240325,17,2199,1
20240325,17,3310,0
20240325,17,3311,8
20240325,17,3802,0
20240325,18,2111,6
20240325,18,2112,12
20240325,18,2116,11
20240325,18,2122,0
20240325,18,2128,1
20240325,18,2129,0
20240325,18,2130,0
20240325,18,2139,10
20240325,18,2143,11
20240325,18,2148,3
20240325,18,2159,0
20240325,18,2171,21
20240325,18,2172,17
20240325,18,2178,14
20240325,18,2179,3
20240325,18,2185,15
20240325,18,2186,0
20240325,18,2191,11
20240325,18,2198,2
20240325,18,2199,1
20240325,18,3310,0
20240325,18,3311,8
20240325,18,3802,0
20240325,19,2111,5
20240325,19,2112,11
20240325,19,2116,12
20240325,19,2122,0
20240325,19,2128,1
20240325,19,2129,0
20240325,19,2130,0
20240325,19,2139,10
20240325,19,2143,11
20240325,19,2148,4
20240325,19,2159,0
20240325,19,2171,21
20240325,19,2172,17
20240325,19,2178,14
20240325,19,2179,3
20240325,19,2185,15
20240325,19,2186,0
20240325,19,2191,11
20240325,19,2198,2
20240325,19,2199,1
20240325,19,3310,0
20240325,19,3311,8
20240325,19,3802,0
20240325,20,2111,5
20240325,20,2112,11
20240325,20,2116,12
20240325,20,2122,0
20240325,20,2128,1
20240325,20,2129,0
20240325,20,2130,0
20240325,20,2139,10
20240325,20,2143,11
20240325,20,2148,4
20240325,20,2159,0
20240325,20,2171,21
20240325,20,2172,17
20240325,20,2178,13
20240325,20,2179,3
20240325,20,2185,15
20240325,20,2186,0
20240325,20,2191,12
20240325,20,2198,2
20240325,20,2199,1
20240325,20,3310,0
20240325,20,3311,8
20240325,20,3802,0
20240325,21,2111,5
20240325,21,2112,11
20240325,21,2116,12
20240325,21,2122,0
20240325,21,2128,1
20240325,21,2129,0
20240325,21,2130,0
20240325,21,2139,10
20240325,21,2143,11
20240325,21,2148,3
20240325,21,2159,0
20240325,21,2171,20
20240325,21,2172,17
20240325,21,2178,13
20240325,21,2179,3
20240325,21,2185,15
20240325,21,2186,0
20240325,21,2191,12
20240325,21,2198,2
20240325,21,2199,1
20240325,21,3310,0
20240325,21,3311,8
20240325,21,3802,1
20240325,22,2111,5
20240325,22,2112,11
20240325,22,2116,12
20240325,22,2122,0
20240325,22,2128,1
20240325,22,2129,0
20240325,22,2130,0
20240325,22,2139,10
20240325,22,2143,11
20240325,22,2148,3
20240325,22,2159,0
20240325,22,2171,20
20240325,22,2172,17
20240325,22,2178,13
20240325,22,2179,3
20240325,22,2185,15
20240325,22,2186,0
20240325,22,2191,12
20240325,22,2198,2
20240325,22,2199,1
20240325,22,3310,0
20240325,22,3311,8
20240325,22,3802,1
20240325,23,2111,5
20240325,23,2112,11
20240325,23,2116,12
20240325,23,2122,0
20240325,23,2128,1
20240325,23,2129,0
20240325,23,2130,0
20240325,23,2139,10
20240325,23,2143,11
20240325,23,2148,3
20240325,23,2159,0
20240325,23,2171,20
20240325,23,2172,17
20240325,23,2178,13
20240325,23,2179,3
20240325,23,2185,15
20240325,23,2186,0
20240325,23,2191,11
20240325,23,2198,2
20240325,23,2199,1
20240325,23,3310,0
20240325,23,3311,8
20240325,23,3802,1
20240326,0,2111,4
20240326,0,2112,11
20240326,0,2116,12
20240326,0,2122,1
20240326,0,2128,1
20240326,0,2129,0
20240326,0,2130,0
20240326,0,2139,10
20240326,0,2143,11
20240326,0,2148,2
20240326,0,2159,0
20240326,0,2171,20
20240326,0,2172,17
20240326,0,2178,13
20240326,0,2179,4
20240326,0,2185,15
20240326,0,2186,1
20240326,0,2191,11
20240326,0,2198,2
20240326,0,2199,1
20240326,0,3310,0
20240326,0,3311,8
20240326,0,3802,1
20240326,1,2111,3
20240326,1,2112,11
20240326,1,2116,11
20240326,1,2122,1
20240326,1,2128,1
20240326,1,2129,0
20240326,1,2130,0
20240326,1,2139,10
20240326,1,2143,11
20240326,1,2148,2
20240326,1,2159,0
20240326,1,2171,20
20240326,1,2172,17
20240326,1,2178,13
20240326,1,2179,4
20240326,1,2185,15
20240326,1,2186,1
20240326,1,2191,11
20240326,1,2198,3
20240326,1,2199,1
20240326,1,3310,0
20240326,1,3311,8
20240326,1,3802,0
20240326,2,2111,3
20240326,2,2112,11
20240326,2,2116,10
20240326,2,2122,1
20240326,2,2128,1
20240326,2,2129,0
20240326,2,2130,0
20240326,2,2139,10
20240326,2,2143,11
20240326,2,2148,2
20240326,2,2159,0
20240326,2,2171,20
20240326,2,2172,17
20240326,2,2178,13
20240326,2,2179,4
20240326,2,2185,15
20240326,2,2186,1
20240326,2,2191,11
20240326,2,2198,3
20240326,2,2199,1
20240326,2,3310,0
20240326,2,3311,8
20240326,2,3802,0
20240326,3,2111,3
20240326,3,2112,12
20240326,3,2116,9
20240326,3,2122,1
20240326,3,2128,1
20240326,3,2129,0
20240326,3,2130,0
20240326,3,2139,10
20240326,3,2143,11
20240326,3,2148,2
20240326,3,2159,0
20240326,3,2171,20
20240326,3,2172,17
20240326,3,2178,13
20240326,3,2179,4
20240326,3,2185,15
20240326,3,2186,1
20240326,3,2191,11
20240326,3,2198,3
20240326,3,2199,2
20240326,3,3310,0
20240326,3,3311,8
20240326,3,3802,0
20240326,4,2111,3
20240326,4,2112,12
20240326,4,2116,9
20240326,4,2122,1
20240326,4,2128,1
20240326,4,2129,0
20240326,4,2130,0
20240326,4,2139,10
20240326,4,2143,11
20240326,4,2148,2
20240326,4,2159,0
20240326,4,2171,20
20240326,4,2172,17
20240326,4,2178,13
20240326,4,2179,4
20240326,4,2185,15
20240326,4,2186,1
20240326,4,2191,11
20240326,4,2198,3
20240326,4,2199,1
20240326,4,3310,0
20240326,4,3311,8
20240326,4,3802,0
20240326,6,2111,3
20240326,6,2112,11
20240326,6,2116,10
20240326,6,2122,1
20240326,6,2128,1
20240326,6,2129,0
20240326,6,2130,0
20240326,6,2139,10
20240326,6,2143,11
20240326,6,2148,2
20240326,6,2159,0
20240326,6,2171,20
20240326,6,2172,17
20240326,6,2178,13
20240326,6,2179,4
20240326,6,2185,15
20240326,6,2186,1
20240326,6,2191,11
20240326,6,2198,3
20240326,6,2199,3
20240326,6,3310,0
20240326,6,3311,8
20240326,6,3802,0
20240326,7,2111,3
20240326,7,2112,11
20240326,7,2116,10
20240326,7,2122,1
20240326,7,2128,1
20240326,7,2129,0
20240326,7,2130,0
20240326,7,2139,10
20240326,7,2143,11
20240326,7,2148,2
20240326,7,2159,0
20240326,7,2171,20
20240326,7,2172,17
20240326,7,2178,13
20240326,7,2179,4
20240326,7,2185,15
20240326,7,2186,1
20240326,7,2191,11
20240326,7,2198,3
20240326,7,2199,1
20240326,7,3310,0
20240326,7,3311,8
20240326,7,3802,0
20240326,8,2111,3
20240326,8,2112,11
20240326,8,2116,10
20240326,8,2122,1
20240326,8,2128,1
20240326,8,2129,0
20240326,8,2130,0
20240326,8,2139,10
20240326,8,2143,11
20240326,8,2148,2
20240326,8,2159,0
20240326,8,2171,20
20240326,8,2172,17
20240326,8,2178,13
20240326,8,2179,4
20240326,8,2185,15
20240326,8,2186,1
20240326,8,2191,11
20240326,8,2198,3
20240326,8,2199,1
20240326,8,3310,0
20240326,8,3311,8
20240326,8,3802,0
20240326,9,2111,3
20240326,9,2112,11
20240326,9,2116,10
20240326,9,2122,1
20240326,9,2128,1
20240326,9,2129,0
20240326,9,2130,0
20240326,9,2139,7
20240326,9,2143,11
20240326,9,2148,2
20240326,9,2159,0
20240326,9,2171,20
20240326,9,2172,17
20240326,9,2178,14
20240326,9,2179,4
20240326,9,2185,15
20240326,9,2186,1
20240326,9,2191,10
20240326,9,2198,2
20240326,9,2199,1
20240326,9,3310,0
20240326,9,3311,8
20240326,9,3802,0
20240326,10,2111,3
20240326,10,2112,8
20240326,10,2116,10
20240326,10,2122,1
20240326,10,2128,1
20240326,10,2129,0
20240326,10,2130,0
20240326,10,2139,7
20240326,10,2143,11
20240326,10,2148,2
20240326,10,2159,0
20240326,10,2171,20
20240326,10,2172,17
20240326,10,2178,14
20240326,10,2179,4
20240326,10,2185,15
20240326,10,2186,0
20240326,10,2191,11
20240326,10,2198,2
20240326,10,2199,1
20240326,10,3310,0
20240326,10,3311,10
20240326,10,3802,2
20240326,11,2111,3
20240326,11,2112,8
20240326,11,2116,10
20240326,11,2122,2
20240326,11,2128,1
20240326,11,2129,0
20240326,11,2130,0
20240326,11,2139,7
20240326,11,2143,11
20240326,11,2148,0
20240326,11,2159,0
20240326,11,2171,20
20240326,11,2172,16
20240326,11,2178,15
20240326,11,2179,5
20240326,11,2185,16
20240326,11,2186,0
20240326,11,2191,9
20240326,11,2198,2
20240326,11,2199,2
20240326,11,3310,0
20240326,11,3311,10
20240326,11,3802,0
20240326,12,2111,4
20240326,12,2112,8
20240326,12,2116,10
20240326,12,2122,2
20240326,12,2128,2
20240326,12,2129,0
20240326,12,2130,0
20240326,12,2139,7
20240326,12,2143,11
20240326,12,2148,0
20240326,12,2159,0
20240326,12,2171,19
20240326,12,2172,16
20240326,12,2178,14
20240326,12,2179,4
20240326,12,2185,14
20240326,12,2186,0
20240326,12,2191,9
20240326,12,2198,2
20240326,12,2199,1
20240326,12,3310,0
20240326,12,3311,11
20240326,12,3802,0
20240326,13,2111,3
20240326,13,2112,10
20240326,13,2116,8
20240326,13,2122,1
20240326,13,2128,4
20240326,13,2129,0
20240326,13,2130,0
20240326,13,2139,6
20240326,13,2143,10
20240326,13,2148,1
20240326,13,2159,0
20240326,13,2171,17
20240326,13,2172,17
20240326,13,2178,13
20240326,13,2179,3
20240326,13,2185,16
20240326,13,2186,0
20240326,13,2191,8
20240326,13,2198,3
20240326,13,2199,1
20240326,13,3310,0
20240326,13,3311,10
20240326,13,3802,0
20240326,14,2111,4
20240326,14,2112,8
20240326,14,2116,8
20240326,14,2122,0
20240326,14,2128,1
20240326,14,2129,0
20240326,14,2130,0
20240326,14,2139,5
20240326,14,2143,8
20240326,14,2148,0
20240326,14,2159,0
20240326,14,2171,17
20240326,14,2172,18
20240326,14,2178,15
20240326,14,2179,6
20240326,14,2185,18
20240326,14,2186,16
20240326,14,2191,11
20240326,14,2198,2
20240326,14,2199,1
20240326,14,3310,0
20240326,14,3311,14
20240326,14,3802,0
20240326,15,2111,5
20240326,15,2112,10
20240326,15,2116,7
20240326,15,2122,0
20240326,15,2128,1
20240326,15,2129,1
20240326,15,2130,0
20240326,15,2139,6
20240326,15,2143,6
20240326,15,2148,0
20240326,15,2159,1
20240326,15,2171,18
20240326,15,2172,18
20240326,15,2178,12
20240326,15,2179,5
20240326,15,2185,18
20240326,15,2186,15
20240326,15,2191,14
20240326,15,2198,4
20240326,15,2199,1
20240326,15,3310,0
20240326,15,3311,13
20240326,15,3802,0
20240326,16,2111,4
20240326,16,2112,8
20240326,16,2116,9
20240326,16,2122,1
20240326,16,2128,2
20240326,16,2129,1
20240326,16,2130,0
20240326,16,2139,6
20240326,16,2143,7
20240326,16,2148,0
20240326,16,2159,1
20240326,16,2171,15
20240326,16,2172,19
20240326,16,2178,10
20240326,16,2179,6
20240326,16,2185,19
20240326,16,2186,11
20240326,16,2191,13
20240326,16,2198,2
20240326,16,2199,0
20240326,16,3310,0
20240326,16,3311,14
20240326,16,3802,0
20240326,17,2111,3
20240326,17,2112,10
20240326,17,2116,8
20240326,17,2122,1
20240326,17,2128,2
20240326,17,2129,0
20240326,17,2130,0
20240326,17,2139,6
20240326,17,2143,8
20240326,17,2148,0
20240326,17,2159,0
20240326,17,2171,12
20240326,17,2172,17
20240326,17,2178,7
20240326,17,2179,9
20240326,17,2185,19
20240326,17,2186,9
20240326,17,2191,15
20240326,17,2198,4
20240326,17,2199,0
20240326,17,3310,0
20240326,17,3311,14
20240326,17,3802,0
20240326,18,2111,3
20240326,18,2112,11
20240326,18,2116,10
20240326,18,2122,0
20240326,18,2128,3
20240326,18,2129,0
20240326,18,2130,0
20240326,18,2139,5
20240326,18,2143,8
20240326,18,2148,1
20240326,18,2159,0
20240326,18,2171,16
20240326,18,2172,16
20240326,18,2178,5
20240326,18,2179,8
20240326,18,2185,19
20240326,18,2186,8
20240326,18,2191,15
20240326,18,2198,4
20240326,18,2199,0
20240326,18,3310,0
20240326,18,3311,16
20240326,18,3802,0
20240326,19,2111,3
20240326,19,2112,16
20240326,19,2116,13
20240326,19,2122,0
20240326,19,2128,1
20240326,19,2129,0
20240326,19,2130,0
20240326,19,2139,7
20240326,19,2143,9
20240326,19,2148,0
20240326,19,2159,0
20240326,19,2171,16
20240326,19,2172,16
20240326,19,2178,2
20240326,19,2179,10
20240326,19,2185,18
20240326,19,2186,0
20240326,19,2191,16
20240326,19,2198,6
20240326,19,2199,1
20240326,19,3310,0
20240326,19,3311,13
20240326,19,3802,3
20240326,20,2111,3
20240326,20,2112,16
20240326,20,2116,12
20240326,20,2122,2
20240326,20,2128,1
20240326,20,2129,0
20240326,20,2130,1
20240326,20,2139,8
20240326,20,2143,9
20240326,20,2148,3
20240326,20,2159,0
20240326,20,2171,11
20240326,20,2172,15
20240326,20,2178,2
20240326,20,2179,6
20240326,20,2185,19
20240326,20,2186,3
20240326,20,2191,19
20240326,20,2198,4
20240326,20,2199,0
20240326,20,3310,15
20240326,20,3311,11
20240326,20,3802,1
20240326,21,2111,1
20240326,21,2112,15
20240326,21,2116,9
20240326,21,2122,2
20240326,21,2128,0
20240326,21,2129,0
20240326,21,2130,0
20240326,21,2139,8
20240326,21,2143,10
20240326,21,2148,1
20240326,21,2159,1
20240326,21,2171,13
20240326,21,2172,16
20240326,21,2178,2
20240326,21,2179,3
20240326,21,2185,18
20240326,21,2186,3
20240326,21,2191,14
20240326,21,2198,4
20240326,21,2199,3
20240326,21,3310,13
20240326,21,3311,8
20240326,21,3802,2
20240326,22,2111,6
20240326,22,2112,13
20240326,22,2116,10
20240326,22,2122,1
20240326,22,2128,0
20240326,22,2129,0
20240326,22,2130,0
20240326,22,2139,9
20240326,22,2143,12
20240326,22,2148,1
20240326,22,2159,0
20240326,22,2171,11
20240326,22,2172,13
20240326,22,2178,1
20240326,22,2179,3
20240326,22,2185,20
20240326,22,2186,3
20240326,22,2191,16
20240326,22,2198,5
20240326,22,2199,3
20240326,22,3310,13
20240326,22,3311,5
20240326,22,3802,0
20240326,23,2111,3
20240326,23,2112,10
20240326,23,2116,9
20240326,23,2122,0
20240326,23,2128,0
20240326,23,2129,1
20240326,23,2130,0
20240326,23,2139,11
20240326,23,2143,12
20240326,23,2148,2
20240326,23,2159,0
20240326,23,2171,11
20240326,23,2172,12
20240326,23,2178,1
20240326,23,2179,3
20240326,23,2185,20
20240326,23,2186,0
20240326,23,2191,18
20240326,23,2198,11
20240326,23,2199,2
20240326,23,3310,13
20240326,23,3311,5
20240326,23,3802,0
20240327,0,2111,1
20240327,0,2112,8
20240327,0,2116,9
20240327,0,2122,1
20240327,0,2128,1
20240327,0,2129,0
20240327,0,2130,0
20240327,0,2139,14
20240327,0,2143,13
20240327,0,2148,2
20240327,0,2159,0
20240327,0,2171,8
20240327,0,2172,14
20240327,0,2178,1
20240327,0,2179,3
20240327,0,2185,19
20240327,0,2186,1
20240327,0,2191,18
20240327,0,2198,12
20240327,0,2199,2
20240327,0,3310,13
20240327,0,3311,2
20240327,0,3802,0
20240327,1,2111,2
20240327,1,2112,9
20240327,1,2116,10
20240327,1,2122,1
20240327,1,2128,0
20240327,1,2129,1
20240327,1,2130,0
20240327,1,2139,14
20240327,1,2143,14
20240327,1,2148,0
20240327,1,2159,0
20240327,1,2171,9
20240327,1,2172,14
20240327,1,2178,1
20240327,1,2179,5
20240327,1,2185,20
20240327,1,2186,2
20240327,1,2191,19
20240327,1,2198,12
20240327,1,2199,2
20240327,1,3310,13
20240327,1,3311,2
20240327,1,3802,0
20240327,2,2111,1
20240327,2,2112,7
20240327,2,2116,11
20240327,2,2122,0
20240327,2,2128,0
20240327,2,2129,1
20240327,2,2130,0
20240327,2,2139,16
20240327,2,2143,14
20240327,2,2148,0
20240327,2,2159,0
20240327,2,2171,8
20240327,2,2172,12
20240327,2,2178,1
20240327,2,2179,4
20240327,2,2185,19
20240327,2,2186,3
20240327,2,2191,19
20240327,2,2198,12
20240327,2,2199,2
20240327,2,3310,13
20240327,2,3311,1
20240327,2,3802,0
20240327,3,2111,0
20240327,3,2112,9
20240327,3,2116,11
20240327,3,2122,0
20240327,3,2128,0
20240327,3,2129,1
20240327,3,2130,0
20240327,3,2139,16
20240327,3,2143,16
20240327,3,2148,0
20240327,3,2159,0
20240327,3,2171,8
20240327,3,2172,12
20240327,3,2178,0
20240327,3,2179,5
20240327,3,2185,19
20240327,3,2186,4
20240327,3,2191,19
20240327,3,2198,12
20240327,3,2199,1
20240327,3,3310,13
20240327,3,3311,1
20240327,3,3802,0
20240327,4,2111,0
20240327,4,2112,8
20240327,4,2116,13
20240327,4,2122,0
20240327,4,2128,0
20240327,4,2129,1
20240327,4,2130,0
20240327,4,2139,16
20240327,4,2143,16
20240327,4,2148,0
20240327,4,2159,0
20240327,4,2171,9
20240327,4,2172,13
20240327,4,2178,0
20240327,4,2179,5
20240327,4,2185,20
20240327,4,2186,2
20240327,4,2191,19
20240327,4,2198,12
20240327,4,2199,1
20240327,4,3310,13
20240327,4,3311,1
20240327,4,3802,0
20240327,6,2111,0
20240327,6,2112,10
20240327,6,2116,9
20240327,6,2122,0
20240327,6,2128,0
20240327,6,2129,1
20240327,6,2130,0
20240327,6,2139,15
20240327,6,2143,16
20240327,6,2148,0
20240327,6,2159,0
20240327,6,2171,9
20240327,6,2172,13
20240327,6,2178,0
20240327,6,2179,4
20240327,6,2185,19
20240327,6,2186,2
20240327,6,2191,19
20240327,6,2198,10
20240327,6,2199,1
20240327,6,3310,13
20240327,6,3311,1
20240327,6,3802,2
20240327,7,2111,0
20240327,7,2112,10
20240327,7,2116,9
20240327,7,2122,0
20240327,7,2128,0
20240327,7,2129,1
20240327,7,2130,0
20240327,7,2139,16
20240327,7,2143,16
20240327,7,2148,0
20240327,7,2159,0
20240327,7,2171,11
20240327,7,2172,13
20240327,7,2178,0
20240327,7,2179,4
20240327,7,2185,19
20240327,7,2186,1
20240327,7,2191,17
20240327,7,2198,10
20240327,7,2199,2
20240327,7,3310,13
20240327,7,3311,1
20240327,7,3802,3
20240327,8,2111,0
20240327,8,2112,9
20240327,8,2116,10
20240327,8,2122,0
20240327,8,2128,0
20240327,8,2129,1
20240327,8,2130,0
20240327,8,2139,15
20240327,8,2143,16
20240327,8,2148,0
20240327,8,2159,0
20240327,8,2171,13
20240327,8,2172,13
20240327,8,2178,0
20240327,8,2179,6
20240327,8,2185,18
20240327,8,2186,1
20240327,8,2191,16
20240327,8,2198,10
20240327,8,2199,1
20240327,8,3310,10
20240327,8,3311,4
20240327,8,3802,0
20240327,9,2111,0
20240327,9,2112,10
20240327,9,2116,10
20240327,9,2122,0
20240327,9,2128,0
20240327,9,2129,2
20240327,9,2130,13
20240327,9,2139,11
20240327,9,2143,13
20240327,9,2148,2
20240327,9,2159,0
20240327,9,2171,13
20240327,9,2172,13
20240327,9,2178,25
20240327,9,2179,7
20240327,9,2185,17
20240327,9,2186,0
20240327,9,2191,13
20240327,9,2198,9
20240327,9,2199,4
20240327,9,3310,9
20240327,9,3311,10
20240327,9,3802,1
20240327,10,2111,0
20240327,10,2112,11
20240327,10,2116,9
20240327,10,2122,0
20240327,10,2128,0
20240327,10,2129,2
20240327,10,2130,13
20240327,10,2139,11
20240327,10,2143,15
20240327,10,2148,1
20240327,10,2159,0
20240327,10,2171,12
20240327,10,2172,15
20240327,10,2178,28
20240327,10,2179,6
20240327,10,2185,15
20240327,10,2186,0
20240327,10,2191,13
20240327,10,2198,7
20240327,10,2199,3
20240327,10,3310,8
20240327,10,3311,10
20240327,10,3802,1
20240327,11,2111,2
20240327,11,2112,13
20240327,11,2116,10
20240327,11,2122,2
20240327,11,2128,1
20240327,11,2129,1
20240327,11,2130,13
20240327,11,2139,11
20240327,11,2143,15
20240327,11,2148,0
20240327,11,2159,0
20240327,11,2171,10
20240327,11,2172,15
20240327,11,2178,27
20240327,11,2179,6
20240327,11,2185,14
20240327,11,2186,0
20240327,11,2191,13
20240327,11,2198,6
20240327,11,2199,2
20240327,11,3310,7
20240327,11,3311,7
20240327,11,3802,0
20240327,12,2111,4
20240327,12,2112,13
20240327,12,2116,10
20240327,12,2122,1
20240327,12,2128,1
20240327,12,2129,1
20240327,12,2130,11
20240327,12,2139,9
20240327,12,2143,14
20240327,12,2148,0
20240327,12,2159,0
20240327,12,2171,10
20240327,12,2172,14
20240327,12,2178,29
20240327,12,2179,6
20240327,12,2185,14
20240327,12,2186,0
20240327,12,2191,10
20240327,12,2198,7
20240327,12,2199,1
20240327,12,3310,7
20240327,12,3311,7
20240327,12,3802,2
20240327,13,2111,1
20240327,13,2112,14
20240327,13,2116,6
20240327,13,2122,0
20240327,13,2128,1
20240327,13,2129,1
20240327,13,2130,11
20240327,13,2139,9
20240327,13,2143,14
20240327,13,2148,1
20240327,13,2159,0
20240327,13,2171,11
20240327,13,2172,14
20240327,13,2178,31
20240327,13,2179,7
20240327,13,2185,14
20240327,13,2186,0
20240327,13,2191,11
20240327,13,2198,5
20240327,13,2199,1
20240327,13,3310,7
20240327,13,3311,8
20240327,13,3802,2
20240327,14,2111,2
20240327,14,2112,14
20240327,14,2116,10
20240327,14,2122,3
20240327,14,2128,1
20240327,14,2129,0
20240327,14,2130,10
20240327,14,2139,7
20240327,14,2143,13
20240327,14,2148,1
20240327,14,2159,0
20240327,14,2171,10
20240327,14,2172,12
20240327,14,2178,32
20240327,14,2179,5
20240327,14,2185,14
20240327,14,2186,0
20240327,14,2191,13
20240327,14,2198,6
20240327,14,2199,0
20240327,14,3310,2
20240327,14,3311,7
20240327,14,3802,1
20240327,15,2111,3
20240327,15,2112,15
20240327,15,2116,11
20240327,15,2122,4
20240327,15,2128,1
20240327,15,2129,0
20240327,15,2130,10
20240327,15,2139,7
20240327,15,2143,14
20240327,15,2148,0
20240327,15,2159,0
20240327,15,2171,8
20240327,15,2172,15
20240327,15,2178,31
20240327,15,2179,9
20240327,15,2185,12
20240327,15,2186,0
20240327,15,2191,13
20240327,15,2198,6
20240327,15,2199,0
20240327,15,3310,2
20240327,15,3311,5
20240327,15,3802,1
20240327,16,2111,1
20240327,16,2112,11
20240327,16,2116,14
20240327,16,2122,2
20240327,16,2128,1
20240327,16,2129,0
20240327,16,2130,9
20240327,16,2139,7
20240327,16,2143,13
20240327,16,2148,0
20240327,16,2159,0
20240327,16,2171,7
20240327,16,2172,13
20240327,16,2178,29
20240327,16,2179,9
20240327,16,2185,13
20240327,16,2186,0
20240327,16,2191,13
20240327,16,2198,7
20240327,16,2199,0
20240327,16,3310,2
20240327,16,3311,6
20240327,16,3802,1
20240327,17,2111,2
20240327,17,2112,12
20240327,17,2116,13
20240327,17,2122,1
20240327,17,2128,2
20240327,17,2129,0
20240327,17,2130,8
20240327,17,2139,8
20240327,17,2143,11
20240327,17,2148,1
20240327,17,2159,0
20240327,17,2171,8
20240327,17,2172,13
20240327,17,2178,24
20240327,17,2179,6
20240327,17,2185,14
20240327,17,2186,0
20240327,17,2191,13
20240327,17,2198,3
20240327,17,2199,0
20240327,17,3310,2
20240327,17,3311,9
20240327,17,3802,1
20240327,18,2111,1
20240327,18,2112,16
20240327,18,2116,14
20240327,18,2122,2
20240327,18,2128,2
20240327,18,2129,0
20240327,18,2130,8
20240327,18,2139,5
20240327,18,2143,11
20240327,18,2148,0
20240327,18,2159,2
20240327,18,2171,8
20240327,18,2172,9
20240327,18,2178,24
20240327,18,2179,5
20240327,18,2185,14
20240327,18,2186,2
20240327,18,2191,14
20240327,18,2198,3
20240327,18,2199,0
20240327,18,3310,0
20240327,18,3311,9
20240327,18,3802,2
20240327,19,2111,2
20240327,19,2112,21
20240327,19,2116,9
20240327,19,2122,2
20240327,19,2128,2
20240327,19,2129,0
20240327,19,2130,5
20240327,19,2139,8
20240327,19,2143,11
20240327,19,2148,0
20240327,19,2159,1
20240327,19,2171,7
20240327,19,2172,7
20240327,19,2178,22
20240327,19,2179,6
20240327,19,2185,12
20240327,19,2186,0
20240327,19,2191,15
20240327,19,2198,8
20240327,19,2199,5
20240327,19,3310,0
20240327,19,3311,7
20240327,19,3802,4
20240327,20,2111,2
20240327,20,2112,20
20240327,20,2116,9
20240327,20,2122,5
20240327,20,2128,3
20240327,20,2129,0
20240327,20,2130,3
20240327,20,2139,9
20240327,20,2143,11
20240327,20,2148,0
20240327,20,2159,3
20240327,20,2171,6
20240327,20,2172,6
20240327,20,2178,22
20240327,20,2179,11
20240327,20,2185,13
20240327,20,2186,1
20240327,20,2191,18
20240327,20,2198,8
20240327,20,2199,5
20240327,20,3310,14
20240327,20,3311,3
20240327,20,3802,2
20240327,21,2111,3
20240327,21,2112,13
20240327,21,2116,8
20240327,21,2122,1
20240327,21,2128,3
20240327,21,2129,0
20240327,21,2130,0
20240327,21,2139,8
20240327,21,2143,10
20240327,21,2148,0
20240327,21,2159,5
20240327,21,2171,6
20240327,21,2172,7
20240327,21,2178,22
20240327,21,2179,11
20240327,21,2185,12
20240327,21,2186,0
20240327,21,2191,17
20240327,21,2198,11
20240327,21,2199,3
20240327,21,3310,13
20240327,21,3311,3
20240327,21,3802,2
20240327,22,2111,5
20240327,22,2112,10
20240327,22,2116,5
20240327,22,2122,0
20240327,22,2128,2
20240327,22,2129,0
20240327,22,2130,0
20240327,22,2139,8
20240327,22,2143,11
20240327,22,2148,0
20240327,22,2159,0
20240327,22,2171,5
20240327,22,2172,7
20240327,22,2178,22
20240327,22,2179,6
20240327,22,2185,10
20240327,22,2186,2
20240327,22,2191,16
20240327,22,2198,12
20240327,22,2199,4
20240327,22,3310,13
20240327,22,3311,3
20240327,22,3802,0
20240327,23,2111,1
20240327,23,2112,4
20240327,23,2116,11
20240327,23,2122,3
20240327,23,2128,1
20240327,23,2129,0
20240327,23,2130,0
20240327,23,2139,9
20240327,23,2143,12
20240327,23,2148,0
20240327,23,2159,0
20240327,23,2171,7
20240327,23,2172,7
20240327,23,2178,18
20240327,23,2179,7
20240327,23,2185,12
20240327,23,2186,5
20240327,23,2191,16
20240327,23,2198,11
20240327,23,2199,2
20240327,23,3310,12
20240327,23,3311,2
20240327,23,3802,0
20240328,0,2111,1
20240328,0,2112,2
20240328,0,2116,11
20240328,0,2122,2
20240328,0,2128,0
20240328,0,2129,0
20240328,0,2130,0
20240328,0,2139,10
20240328,0,2143,13
20240328,0,2148,1
20240328,0,2159,0
20240328,0,2171,6
20240328,0,2172,7
20240328,0,2178,17
20240328,0,2179,7
20240328,0,2185,15
20240328,0,2186,5
20240328,0,2191,17
20240328,0,2198,11
20240328,0,2199,2
20240328,0,3310,12
20240328,0,3311,2
20240328,0,3802,0
20240328,1,2111,1
20240328,1,2112,2
20240328,1,2116,9
20240328,1,2122,0
20240328,1,2128,0
20240328,1,2129,0
20240328,1,2130,0
20240328,1,2139,8
20240328,1,2143,13
20240328,1,2148,0
20240328,1,2159,0
20240328,1,2171,3
20240328,1,2172,7
20240328,1,2178,15
20240328,1,2179,7
20240328,1,2185,15
20240328,1,2186,6
20240328,1,2191,16
20240328,1,2198,8
20240328,1,2199,2
20240328,1,3310,12
20240328,1,3311,2
20240328,1,3802,0
20240328,2,2111,0
20240328,2,2112,4
20240328,2,2116,8
20240328,2,2122,0
20240328,2,2128,0
20240328,2,2129,1
20240328,2,2130,0
20240328,2,2139,9
20240328,2,2143,14
20240328,2,2148,1
20240328,2,2159,1
20240328,2,2171,3
20240328,2,2172,7
20240328,2,2178,15
20240328,2,2179,9
20240328,2,2185,15
20240328,2,2186,6
20240328,2,2191,17
20240328,2,2198,8
20240328,2,2199,2
20240328,2,3310,12
20240328,2,3311,1
20240328,2,3802,0
20240328,3,2111,0
20240328,3,2112,3
20240328,3,2116,9
20240328,3,2122,1
20240328,3,2128,0
20240328,3,2129,1
20240328,3,2130,0
20240328,3,2139,9
20240328,3,2143,15
20240328,3,2148,0
20240328,3,2159,1
20240328,3,2171,3
20240328,3,2172,7
20240328,3,2178,14
20240328,3,2179,9
20240328,3,2185,16
20240328,3,2186,5
20240328,3,2191,20
20240328,3,2198,8
20240328,3,2199,2
20240328,3,3310,12
20240328,3,3311,1
20240328,3,3802,0
20240328,4,2111,0
20240328,4,2112,4
20240328,4,2116,7
20240328,4,2122,1
20240328,4,2128,0
20240328,4,2129,1
20240328,4,2130,0
20240328,4,2139,9
20240328,4,2143,15
20240328,4,2148,0
20240328,4,2159,1
20240328,4,2171,2
20240328,4,2172,7
20240328,4,2178,14
20240328,4,2179,9
20240328,4,2185,17
20240328,4,2186,5
20240328,4,2191,19
20240328,4,2198,8
20240328,4,2199,2
20240328,4,3310,12
20240328,4,3311,1
20240328,4,3802,0
20240328,6,2111,0
20240328,6,2112,7
20240328,6,2116,5
20240328,6,2122,1
20240328,6,2128,0
20240328,6,2129,1
20240328,6,2130,0
20240328,6,2139,10
20240328,6,2143,15
20240328,6,2148,0
20240328,6,2159,1
20240328,6,2171,2
20240328,6,2172,7
20240328,6,2178,14
20240328,6,2179,9
20240328,6,2185,18
20240328,6,2186,5
20240328,6,2191,18
20240328,6,2198,8
20240328,6,2199,2
20240328,6,3310,11
20240328,6,3311,1
20240328,6,3802,0
20240328,7,2111,0
20240328,7,2112,5
20240328,7,2116,6
20240328,7,2122,2
20240328,7,2128,1
20240328,7,2129,1
20240328,7,2130,0
20240328,7,2139,10
20240328,7,2143,14
20240328,7,2148,0
20240328,7,2159,1
20240328,7,2171,3
20240328,7,2172,9
20240328,7,2178,14
20240328,7,2179,9
20240328,7,2185,18
20240328,7,2186,5
20240328,7,2191,16
20240328,7,2198,7
20240328,7,2199,2
20240328,7,3310,11
20240328,7,3311,2
20240328,7,3802,0
20240328,8,2111,0
20240328,8,2112,4
20240328,8,2116,5
20240328,8,2122,2
20240328,8,2128,1
20240328,8,2129,1
20240328,8,2130,0
20240328,8,2139,10
20240328,8,2143,14
20240328,8,2148,1
20240328,8,2159,0
20240328,8,2171,4
20240328,8,2172,9
20240328,8,2178,16
20240328,8,2179,10
20240328,8,2185,17
20240328,8,2186,4
20240328,8,2191,18
20240328,8,2198,8
20240328,8,2199,2
20240328,8,3310,9
20240328,8,3311,4
20240328,8,3802,2
20240328,9,2111,0
20240328,9,2112,4
20240328,9,2116,5
20240328,9,2122,2
20240328,9,2128,4
20240328,9,2129,1
20240328,9,2130,0
20240328,9,2139,8
20240328,9,2143,10
20240328,9,2148,2
20240328,9,2159,0
20240328,9,2171,6
20240328,9,2172,10
20240328,9,2178,19
20240328,9,2179,10
20240328,9,2185,17
20240328,9,2186,4
20240328,9,2191,17
20240328,9,2198,7
20240328,9,2199,2
20240328,9,3310,9
20240328,9,3311,4
20240328,9,3802,2
20240328,10,2111,2
20240328,10,2112,3
20240328,10,2116,7
20240328,10,2122,2
20240328,10,2128,3
20240328,10,2129,1
20240328,10,2130,0
20240328,10,2139,6
20240328,10,2143,4
20240328,10,2148,3
20240328,10,2159,0
20240328,10,2171,9
20240328,10,2172,10
20240328,10,2178,24
20240328,10,2179,12
20240328,10,2185,17
20240328,10,2186,2
20240328,10,2191,21
20240328,10,2198,7
20240328,10,2199,1
20240328,10,3310,9
20240328,10,3311,5
20240328,10,3802,4
20240328,11,2111,0
20240328,11,2112,3
20240328,11,2116,7
20240328,11,2122,1
20240328,11,2128,3
20240328,11,2129,1
20240328,11,2130,0
20240328,11,2139,4
20240328,11,2143,3
20240328,11,2148,5
20240328,11,2159,1
20240328,11,2171,11
20240328,11,2172,13
20240328,11,2178,27
20240328,11,2179,11
20240328,11,2185,14
20240328,11,2186,0
20240328,11,2191,17
20240328,11,2198,9
20240328,11,2199,1
20240328,11,3310,9
20240328,11,3311,6
20240328,11,3802,5
20240328,12,2111,1
20240328,12,2112,5
20240328,12,2116,9
20240328,12,2122,0
20240328,12,2128,2
20240328,12,2129,1
20240328,12,2130,0
20240328,12,2139,4
20240328,12,2143,3
20240328,12,2148,7
20240328,12,2159,2
20240328,12,2171,10
20240328,12,2172,14
20240328,12,2178,29
20240328,12,2179,12
20240328,12,2185,16
20240328,12,2186,0
20240328,12,2191,16
20240328,12,2198,7
20240328,12,2199,1
20240328,12,3310,9
20240328,12,3311,7
20240328,12,3802,1
20240328,14,2111,2
20240328,14,2112,3
20240328,14,2116,11
20240328,14,2122,0
20240328,14,2128,3
20240328,14,2129,2
20240328,14,2130,0
20240328,14,2139,1
20240328,14,2143,3
20240328,14,2148,7
20240328,14,2159,0
20240328,14,2171,15
20240328,14,2172,17
20240328,14,2178,31
20240328,14,2179,10
20240328,14,2185,13
20240328,14,2186,1
20240328,14,2191,12
20240328,14,2198,6
20240328,14,2199,1
20240328,14,3310,8
20240328,14,3311,11
20240328,14,3802,1
20240328,15,2111,2
20240328,15,2112,2
20240328,15,2116,11
20240328,15,2122,1
20240328,15,2128,2
20240328,15,2129,1
20240328,15,2130,1
20240328,15,2139,2
20240328,15,2143,4
20240328,15,2148,3
20240328,15,2159,0
20240328,15,2171,12
20240328,15,2172,15
20240328,15,2178,33
20240328,15,2179,10
20240328,15,2185,13
20240328,15,2186,1
20240328,15,2191,11
20240328,15,2198,7
20240328,15,2199,1
20240328,15,3310,8
20240328,15,3311,11
20240328,15,3802,1
20240328,16,2111,0
20240328,16,2112,5
20240328,16,2116,13
20240328,16,2122,2
20240328,16,2128,2
20240328,16,2129,1
20240328,16,2130,1
20240328,16,2139,0
20240328,16,2143,4
20240328,16,2148,1
20240328,16,2159,0
20240328,16,2171,12
20240328,16,2172,16
20240328,16,2178,31
20240328,16,2179,7
20240328,16,2185,12
20240328,16,2186,0
20240328,16,2191,12
20240328,16,2198,3
20240328,16,2199,0
20240328,16,3310,8
20240328,16,3311,11
20240328,16,3802,1
20240328,17,2111,3
20240328,17,2112,9
20240328,17,2116,13
20240328,17,2122,0
20240328,17,2128,5
20240328,17,2129,1
20240328,17,2130,1
20240328,17,2139,0
20240328,17,2143,5
20240328,17,2148,2
20240328,17,2159,0
20240328,17,2171,10
20240328,17,2172,13
20240328,17,2178,30
20240328,17,2179,7
20240328,17,2185,13
20240328,17,2186,1
20240328,17,2191,9
20240328,17,2198,3
20240328,17,2199,0
20240328,17,3310,8
20240328,17,3311,9
20240328,17,3802,1
20240328,18,2111,1
20240328,18,2112,9
20240328,18,2116,14
20240328,18,2122,0
20240328,18,2128,2
20240328,18,2129,0
20240328,18,2130,1
20240328,18,2139,0
20240328,18,2143,7
20240328,18,2148,1
20240328,18,2159,0
20240328,18,2171,9
20240328,18,2172,12
20240328,18,2178,29
20240328,18,2179,6
20240328,18,2185,16
20240328,18,2186,0
20240328,18,2191,10
20240328,18,2198,4
20240328,18,2199,0
20240328,18,3310,8
20240328,18,3311,10
20240328,18,3802,1
20240328,19,2111,1
20240328,19,2112,8
20240328,19,2116,18
20240328,19,2122,0
20240328,19,2128,3
20240328,19,2129,0
20240328,19,2130,0
20240328,19,2139,2
20240328,19,2143,8
20240328,19,2148,3
20240328,19,2159,0
20240328,19,2171,10
20240328,19,2172,10
20240328,19,2178,28
20240328,19,2179,11
20240328,19,2185,14
20240328,19,2186,0
20240328,19,2191,14
20240328,19,2198,3
20240328,19,2199,1
20240328,19,3310,9
20240328,19,3311,9
20240328,19,3802,1
20240328,20,2111,3
20240328,20,2112,9
20240328,20,2116,18
20240328,20,2122,1
20240328,20,2128,2
20240328,20,2129,0
20240328,20,2130,0
20240328,20,2139,2
20240328,20,2143,7
20240328,20,2148,2
20240328,20,2159,0
20240328,20,2171,13
20240328,20,2172,10
20240328,20,2178,29
20240328,20,2179,10
20240328,20,2185,16
20240328,20,2186,2
20240328,20,2191,15
20240328,20,2198,4
20240328,20,2199,2
20240328,20,3310,9
20240328,20,3311,10
20240328,20,3802,0
20240328,21,2111,1
20240328,21,2112,10
20240328,21,2116,18
20240328,21,2122,2
20240328,21,2128,2
20240328,21,2129,0
20240328,21,2130,0
20240328,21,2139,2
20240328,21,2143,7
20240328,21,2148,3
20240328,21,2159,0
20240328,21,2171,12
20240328,21,2172,9
20240328,21,2178,28
20240328,21,2179,11
20240328,21,2185,17
20240328,21,2186,3
20240328,21,2191,15
20240328,21,2198,5
20240328,21,2199,2
20240328,21,3310,9
20240328,21,3311,9
20240328,21,3802,1
20240328,22,2111,2
20240328,22,2112,11
20240328,22,2116,19
20240328,22,2122,0
20240328,22,2128,3
20240328,22,2129,0
20240328,22,2130,0
20240328,22,2139,4
20240328,22,2143,8
20240328,22,2148,3
20240328,22,2159,0
20240328,22,2171,11
20240328,22,2172,10
20240328,22,2178,28
20240328,22,2179,10
20240328,22,2185,17
20240328,22,2186,3
20240328,22,2191,12
20240328,22,2198,5
20240328,22,2199,3
20240328,22,3310,9
20240328,22,3311,8
20240328,22,3802,0
20240328,23,2111,2
20240328,23,2112,11
20240328,23,2116,18
20240328,23,2122,0
20240328,23,2128,4
20240328,23,2129,1
20240328,23,2130,0
20240328,23,2139,3
20240328,23,2143,9
20240328,23,2148,1
20240328,23,2159,1
20240328,23,2171,10
20240328,23,2172,8
20240328,23,2178,27
20240328,23,2179,11
20240328,23,2185,16
20240328,23,2186,1
20240328,23,2191,15
20240328,23,2198,6
20240328,23,2199,2
20240328,23,3310,8
20240328,23,3311,4
20240328,23,3802,0
20240329,0,2111,2
20240329,0,2112,12
20240329,0,2116,14
20240329,0,2122,1
20240329,0,2128,4
20240329,0,2129,1
20240329,0,2130,0
20240329,0,2139,2
20240329,0,2143,10
20240329,0,2148,3
20240329,0,2159,1
20240329,0,2171,10
20240329,0,2172,8
20240329,0,2178,26
20240329,0,2179,12
20240329,0,2185,16
20240329,0,2186,2
20240329,0,2191,16
20240329,0,2198,7
20240329,0,2199,2
20240329,0,3310,6
20240329,0,3311,3
20240329,0,3802,0
20240329,1,2111,0
20240329,1,2112,10
20240329,1,2116,14
20240329,1,2122,0
20240329,1,2128,3
20240329,1,2129,1
20240329,1,2130,0
20240329,1,2139,2
20240329,1,2143,11
20240329,1,2148,2
20240329,1,2159,1
20240329,1,2171,4
20240329,1,2172,6
20240329,1,2178,25
20240329,1,2179,14
20240329,1,2185,17
20240329,1,2186,0
20240329,1,2191,16
20240329,1,2198,6
20240329,1,2199,2
20240329,1,3310,7
20240329,1,3311,4
20240329,1,3802,0
20240329,2,2111,0
20240329,2,2112,10
20240329,2,2116,13
20240329,2,2122,0
20240329,2,2128,3
20240329,2,2129,2
20240329,2,2130,0
20240329,2,2139,2
20240329,2,2143,11
20240329,2,2148,2
20240329,2,2159,1
20240329,2,2171,2
20240329,2,2172,6
20240329,2,2178,24
20240329,2,2179,15
20240329,2,2185,17
20240329,2,2186,0
20240329,2,2191,18
20240329,2,2198,5
20240329,2,2199,2
20240329,2,3310,7
20240329,2,3311,2
20240329,2,3802,0
20240329,3,2111,0
20240329,3,2112,7
20240329,3,2116,14
20240329,3,2122,0
20240329,3,2128,3
20240329,3,2129,2
20240329,3,2130,0
20240329,3,2139,2
20240329,3,2143,11
20240329,3,2148,2
20240329,3,2159,0
20240329,3,2171,1
20240329,3,2172,6
20240329,3,2178,24
20240329,3,2179,15
20240329,3,2185,17
20240329,3,2186,0
20240329,3,2191,19
20240329,3,2198,5
20240329,3,2199,3
20240329,3,3310,7
20240329,3,3311,2
20240329,3,3802,0
20240329,4,2111,0
20240329,4,2112,7
20240329,4,2116,14
20240329,4,2122,0
20240329,4,2128,3
20240329,4,2129,2
20240329,4,2130,0
20240329,4,2139,2
20240329,4,2143,11
20240329,4,2148,2
20240329,4,2159,0
20240329,4,2171,2
20240329,4,2172,6
20240329,4,2178,24
20240329,4,2179,15
20240329,4,2185,17
20240329,4,2186,0
20240329,4,2191,19
20240329,4,2198,5
20240329,4,2199,2
20240329,4,3310,7
20240329,4,3311,2
20240329,4,3802,0
20240329,6,2111,1
20240329,6,2112,7
20240329,6,2116,14
20240329,6,2122,0
20240329,6,2128,3
20240329,6,2129,2
20240329,6,2130,0
20240329,6,2139,1
20240329,6,2143,11
20240329,6,2148,2
20240329,6,2159,0
20240329,6,2171,2
20240329,6,2172,6
20240329,6,2178,24
20240329,6,2179,14
20240329,6,2185,17
20240329,6,2186,0
20240329,6,2191,19
20240329,6,2198,4
20240329,6,2199,2
20240329,6,3310,6
20240329,6,3311,1
20240329,6,3802,1
20240329,7,2111,1
20240329,7,2112,7
20240329,7,2116,12
20240329,7,2122,0
20240329,7,2128,2
20240329,7,2129,2
20240329,7,2130,0
20240329,7,2139,2
20240329,7,2143,11
20240329,7,2148,2
20240329,7,2159,0
20240329,7,2171,3
20240329,7,2172,6
20240329,7,2178,24
20240329,7,2179,14
20240329,7,2185,16
20240329,7,2186,0
20240329,7,2191,20
20240329,7,2198,3
20240329,7,2199,1
20240329,7,3310,6
20240329,7,3311,2
20240329,7,3802,3
20240329,8,2111,3
20240329,8,2112,9
20240329,8,2116,15
20240329,8,2122,0
20240329,8,2128,3
20240329,8,2129,3
20240329,8,2130,0
20240329,8,2139,0
20240329,8,2143,11
20240329,8,2148,1
20240329,8,2159,0
20240329,8,2171,6
20240329,8,2172,6
20240329,8,2178,24
20240329,8,2179,14
20240329,8,2185,16
20240329,8,2186,0
20240329,8,2191,20
20240329,8,2198,3
20240329,8,2199,1
20240329,8,3310,2
20240329,8,3311,2
20240329,8,3802,0
20240329,9,2111,3
20240329,9,2112,9
20240329,9,2116,14
20240329,9,2122,0
20240329,9,2128,6
20240329,9,2129,4
20240329,9,2130,15
20240329,9,2139,0
20240329,9,2143,9
20240329,9,2148,6
20240329,9,2159,0
20240329,9,2171,2
20240329,9,2172,6
20240329,9,2178,30
20240329,9,2179,15
20240329,9,2185,13
20240329,9,2186,0
20240329,9,2191,12
20240329,9,2198,3
20240329,9,2199,2
20240329,9,3310,0
20240329,9,3311,10
20240329,9,3802,0
20240329,10,2111,3
20240329,10,2112,10
20240329,10,2116,15
20240329,10,2122,0
20240329,10,2128,6
20240329,10,2129,4
20240329,10,2130,15
20240329,10,2139,0
20240329,10,2143,9
20240329,10,2148,6
20240329,10,2159,0
20240329,10,2171,3
20240329,10,2172,4
20240329,10,2178,31
20240329,10,2179,15
20240329,10,2185,13
20240329,10,2186,1
20240329,10,2191,13
20240329,10,2198,3
20240329,10,2199,3
20240329,10,3310,0
20240329,10,3311,9
20240329,10,3802,0
20240329,11,2111,3
20240329,11,2112,13
20240329,11,2116,15
20240329,11,2122,0
20240329,11,2128,6
20240329,11,2129,4
20240329,11,2130,15
20240329,11,2139,0
20240329,11,2143,9
20240329,11,2148,6
20240329,11,2159,0
20240329,11,2171,2
20240329,11,2172,4
20240329,11,2178,31
20240329,11,2179,15
20240329,11,2185,13
20240329,11,2186,1
20240329,11,2191,13
20240329,11,2198,3
20240329,11,2199,3
20240329,11,3310,0
20240329,11,3311,9
20240329,11,3802,0
20240329,12,2111,2
20240329,12,2112,13
20240329,12,2116,15
20240329,12,2122,0
20240329,12,2128,7
20240329,12,2129,4
20240329,12,2130,15
20240329,12,2139,0
20240329,12,2143,9
20240329,12,2148,5
20240329,12,2159,0
20240329,12,2171,3
20240329,12,2172,4
20240329,12,2178,31
20240329,12,2179,15
20240329,12,2185,12
20240329,12,2186,1
20240329,12,2191,13
20240329,12,2198,3
20240329,12,2199,3
20240329,12,3310,0
20240329,12,3311,9
20240329,12,3802,0
20240329,13,2111,4
20240329,13,2112,13
20240329,13,2116,15
20240329,13,2122,0
20240329,13,2128,7
20240329,13,2129,5
20240329,13,2130,15
20240329,13,2139,0
20240329,13,2143,9
20240329,13,2148,5
20240329,13,2159,0
20240329,13,2171,3
20240329,13,2172,5
20240329,13,2178,31
20240329,13,2179,15
20240329,13,2185,13
20240329,13,2186,1
20240329,13,2191,13
20240329,13,2198,3
20240329,13,2199,2
20240329,13,3310,0
20240329,13,3311,8
20240329,13,3802,0
20240329,14,2111,5
20240329,14,2112,13
20240329,14,2116,14
20240329,14,2122,1
20240329,14,2128,7
20240329,14,2129,4
20240329,14,2130,15
20240329,14,2139,0
20240329,14,2143,8
20240329,14,2148,6
20240329,14,2159,1
20240329,14,2171,3
20240329,14,2172,6
20240329,14,2178,31
20240329,14,2179,13
20240329,14,2185,13
20240329,14,2186,1
20240329,14,2191,13
20240329,14,2198,3
20240329,14,2199,2
20240329,14,3310,0
20240329,14,3311,8
20240329,14,3802,0
20240329,15,2111,3
20240329,15,2112,12
20240329,15,2116,15
20240329,15,2122,2
20240329,15,2128,6
20240329,15,2129,12
20240329,15,2130,15
20240329,15,2139,0
20240329,15,2143,8
20240329,15,2148,4
20240329,15,2159,7
20240329,15,2171,3
20240329,15,2172,6
20240329,15,2178,31
20240329,15,2179,15
20240329,15,2185,13
20240329,15,2186,1
20240329,15,2191,13
20240329,15,2198,3
20240329,15,2199,1
20240329,15,3310,15
20240329,15,3311,9
20240329,15,3802,0
20240329,16,2111,2
20240329,16,2112,12
20240329,16,2116,16
20240329,16,2122,1
20240329,16,2128,5
20240329,16,2129,11
20240329,16,2130,15
20240329,16,2139,0
20240329,16,2143,9
20240329,16,2148,4
20240329,16,2159,6
20240329,16,2171,3
20240329,16,2172,27
20240329,16,2178,31
20240329,16,2179,16
20240329,16,2185,15
20240329,16,2186,0
20240329,16,2191,15
20240329,16,2198,4
20240329,16,2199,2
20240329,16,3310,13
20240329,16,3311,14
20240329,16,3802,0
20240329,17,2111,4
20240329,17,2112,12
20240329,17,2116,18
20240329,17,2122,0
20240329,17,2128,7
20240329,17,2129,10
20240329,17,2130,15
20240329,17,2139,1
20240329,17,2143,7
20240329,17,2148,4
20240329,17,2159,5
20240329,17,2171,4
20240329,17,2172,26
20240329,17,2178,29
20240329,17,2179,12
20240329,17,2185,15
20240329,17,2186,0
20240329,17,2191,15
20240329,17,2198,3
20240329,17,2199,2
20240329,17,3310,13
20240329,17,3311,13
20240329,17,3802,0
20240329,18,2111,2
20240329,18,2112,15
20240329,18,2116,18
20240329,18,2122,0
20240329,18,2128,6
20240329,18,2129,10
20240329,18,2130,15
20240329,18,2139,1
20240329,18,2143,9
20240329,18,2148,3
20240329,18,2159,6
20240329,18,2171,5
20240329,18,2172,25
20240329,18,2178,27
20240329,18,2179,12
20240329,18,2185,14
20240329,18,2186,0
20240329,18,2191,14
20240329,18,2198,5
20240329,18,2199,1
20240329,18,3310,13
20240329,18,3311,13
20240329,18,3802,1
20240329,19,2111,2
20240329,19,2112,15
20240329,19,2116,21
20240329,19,2122,1
20240329,19,2128,4
20240329,19,2129,4
20240329,19,2130,15
20240329,19,2139,4
20240329,19,2143,10
20240329,19,2148,3
20240329,19,2159,5
20240329,19,2171,8
20240329,19,2172,26
20240329,19,2178,24
20240329,19,2179,11
20240329,19,2185,14
20240329,19,2186,0
20240329,19,2191,13
20240329,19,2198,4
20240329,19,2199,0
20240329,19,3310,11
20240329,19,3311,15
20240329,19,3802,2
20240329,20,2111,2
20240329,20,2112,17
20240329,20,2116,24
20240329,20,2122,1
20240329,20,2128,7
20240329,20,2129,5
20240329,20,2130,15
20240329,20,2139,6
20240329,20,2143,10
20240329,20,2148,1
20240329,20,2159,7
20240329,20,2171,7
20240329,20,2172,25
20240329,20,2178,23
20240329,20,2179,10
20240329,20,2185,15
20240329,20,2186,0
20240329,20,2191,13
20240329,20,2198,4
20240329,20,2199,0
20240329,20,3310,10
20240329,20,3311,16
20240329,20,3802,2
20240329,21,2111,1
20240329,21,2112,16
20240329,21,2116,23
20240329,21,2122,2
20240329,21,2128,6
20240329,21,2129,7
20240329,21,2130,16
20240329,21,2139,6
20240329,21,2143,11
20240329,21,2148,0
20240329,21,2159,7
20240329,21,2171,5
20240329,21,2172,25
20240329,21,2178,22
20240329,21,2179,9
20240329,21,2185,18
20240329,21,2186,1
20240329,21,2191,13
20240329,21,2198,7
20240329,21,2199,0
20240329,21,3310,9
20240329,21,3311,15
20240329,21,3802,1
20240329,22,2111,0
20240329,22,2112,14
20240329,22,2116,20
20240329,22,2122,1
20240329,22,2128,4
20240329,22,2129,8
20240329,22,2130,16
20240329,22,2139,6
20240329,22,2143,11
20240329,22,2148,1
20240329,22,2159,7
20240329,22,2171,7
20240329,22,2172,24
20240329,22,2178,22
20240329,22,2179,8
20240329,22,2185,20
20240329,22,2186,0
20240329,22,2191,15
20240329,22,2198,6
20240329,22,2199,1
20240329,22,3310,8
20240329,22,3311,15
20240329,22,3802,0
20240329,23,2111,0
20240329,23,2112,14
20240329,23,2116,20
20240329,23,2122,1
20240329,23,2128,5
20240329,23,2129,8
20240329,23,2130,14
20240329,23,2139,7
20240329,23,2143,11
20240329,23,2148,0
20240329,23,2159,7
20240329,23,2171,5
20240329,23,2172,24
20240329,23,2178,22
20240329,23,2179,8
20240329,23,2185,19
20240329,23,2186,0
20240329,23,2191,15
20240329,23,2198,6
20240329,23,2199,0
20240329,23,3310,7
20240329,23,3311,12
20240329,23,3802,0
