RENT_DATE,RENT_TIME,RENT_ID,CNT
20220101,0,02111,1
20220101,0,02128,1
20220101,0,02171,1
20220101,0,02179,1
20220101,0,02186,1
20220101,1,02116,1
20220101,1,02122,1
20220101,1,02171,1
20220101,1,02185,1
20220101,1,03310,1
20220101,10,02128,1
20220101,10,02148,1
20220101,10,02171,1
20220101,10,02186,2
20220101,11,02129,1
20220101,11,02139,1
20220101,12,02139,2
20220101,12,02143,1
20220101,12,02159,1
20220101,12,02172,2
20220101,12,02178,1
20220101,12,02179,1
20220101,13,02112,1
20220101,13,02116,2
20220101,13,02128,1
20220101,13,02143,1
20220101,13,02171,1
20220101,13,02172,1
20220101,13,02179,1
20220101,13,02191,2
20220101,13,02198,1
20220101,13,03310,1
20220101,13,03311,1
20220101,13,03802,1
20220101,14,02116,1
20220101,14,02122,3
20220101,14,02129,1
20220101,14,02130,3
20220101,14,02139,2
20220101,14,02159,1
20220101,14,02172,2
20220101,14,02179,1
20220101,14,02186,1
20220101,14,02191,1
20220101,15,02111,2
20220101,15,02112,2
20220101,15,02116,1
20220101,15,02128,2
20220101,15,02129,1
20220101,15,02172,2
20220101,15,02179,5
20220101,15,02186,1
20220101,15,03311,1
20220101,16,02111,2
20220101,16,02112,1
20220101,16,02122,1
20220101,16,02128,2
20220101,16,02129,1
20220101,16,02130,1
20220101,16,02139,1
20220101,16,02148,1
20220101,16,02171,4
20220101,16,02172,2
20220101,16,02179,2
20220101,17,02111,3
20220101,17,02112,7
20220101,17,02116,1
20220101,17,02130,1
20220101,17,02139,1
20220101,17,02171,2
20220101,17,02172,2
20220101,17,02186,1
20220101,17,03311,2
20220101,18,02111,4
20220101,18,02116,1
20220101,18,02139,1
20220101,18,02159,1
20220101,18,02171,1
20220101,18,02191,1
20220101,18,02198,1
20220101,19,02143,1
20220101,19,02171,5
20220101,19,02179,2
20220101,19,02198,1
20220101,2,02139,1
20220101,2,02186,1
20220101,20,02112,1
20220101,20,02128,1
20220101,20,02148,1
20220101,20,02171,3
20220101,20,02186,2
20220101,20,02198,1
20220101,20,03802,2
20220101,21,02111,1
20220101,21,02116,2
20220101,21,02128,1
20220101,21,02148,2
20220101,21,02171,3
20220101,21,02178,2
20220101,21,02179,1
20220101,21,02185,1
20220101,21,02198,2
20220101,21,03310,1
20220101,22,02111,2
20220101,22,02128,1
20220101,22,02143,1
20220101,22,02148,1
20220101,22,02178,2
20220101,22,02179,1
20220101,22,02198,2
20220101,22,03311,1
20220101,23,02111,1
20220101,23,02112,1
20220101,23,02143,1
20220101,23,02171,2
20220101,23,02179,1
20220101,23,02185,2
20220101,23,02186,1
20220101,23,02191,2
20220101,23,02198,3
20220101,3,02148,1
20220101,3,02179,1
20220101,4,02143,1
20220101,5,02185,1
20220101,5,02191,2
20220101,6,02172,1
20220101,7,02186,1
20220101,9,02139,2
20220101,9,02171,2
20220101,9,02172,7
20220101,9,02178,1
20220102,0,02171,1
20220102,0,02179,1
20220102,0,02186,1
20220102,0,02198,1
20220102,1,02185,1
20220102,10,02112,1
20220102,10,02148,1
20220102,10,02172,2
20220102,10,02186,1
20220102,10,02198,1
20220102,11,02112,2
20220102,11,02148,1
20220102,11,02171,2
20220102,11,02172,1
20220102,11,02178,1
20220102,11,02179,1
20220102,11,02198,1
20220102,12,02112,2
20220102,12,02122,1
20220102,12,02139,1
20220102,12,02159,1
20220102,12,02171,4
20220102,12,02172,1
20220102,12,02179,1
20220102,12,02186,1
20220102,12,02191,1
20220102,13,02112,1
20220102,13,02139,1
20220102,13,02148,1
20220102,13,02172,2
20220102,13,02178,1
20220102,13,03311,1
20220102,14,02112,1
20220102,14,02116,1
20220102,14,02122,1
20220102,14,02129,1
20220102,14,02130,1
20220102,14,02139,1
20220102,14,02143,1
20220102,14,02148,1
20220102,14,02159,1
20220102,14,02171,3
20220102,14,02172,1
20220102,14,02186,2
20220102,14,03802,1
20220102,15,02111,4
20220102,15,02112,3
20220102,15,02116,2
20220102,15,02122,2
20220102,15,02129,1
20220102,15,02171,1
20220102,15,02172,2
20220102,15,02179,3
20220102,15,02186,1
20220102,15,02191,2
20220102,15,03311,2
20220102,16,02111,2
20220102,16,02112,1
20220102,16,02122,1
20220102,16,02128,2
20220102,16,02143,1
20220102,16,02148,1
20220102,16,02171,2
20220102,16,02172,1
20220102,16,02179,3
20220102,16,02191,4
20220102,16,02199,1
20220102,17,02111,1
20220102,17,02112,2
20220102,17,02116,1
20220102,17,02128,1
20220102,17,02139,1
20220102,17,02148,1
20220102,17,02171,3
20220102,17,02172,1
20220102,17,02179,2
20220102,17,02191,1
20220102,17,02198,1
20220102,18,02111,1
20220102,18,02112,1
20220102,18,02129,1
20220102,18,02148,1
20220102,18,02179,3
20220102,18,02185,1
20220102,18,02186,3
20220102,18,02198,1
20220102,18,03310,1
20220102,19,02111,1
20220102,19,02112,1
20220102,19,02128,1
20220102,19,02139,1
20220102,19,02171,2
20220102,19,02179,1
20220102,19,02185,1
20220102,19,02186,1
20220102,19,02198,1
20220102,19,03311,1
20220102,2,02111,1
20220102,2,02148,1
20220102,2,02171,1
20220102,20,02112,1
20220102,20,02116,1
20220102,20,02122,1
20220102,20,02128,2
20220102,20,02129,1
20220102,20,02171,1
20220102,20,02178,1
20220102,20,02179,1
20220102,20,02186,1
20220102,20,03311,1
20220102,21,02111,3
20220102,21,02112,1
20220102,21,02122,2
20220102,21,02139,1
20220102,21,02171,1
20220102,21,02178,1
20220102,21,02186,1
20220102,21,02198,1
20220102,21,03311,1
20220102,22,02111,1
20220102,22,02122,1
20220102,22,02143,1
20220102,22,02159,1
20220102,22,02171,3
20220102,22,02179,1
20220102,22,02186,1
20220102,22,02198,2
20220102,23,02112,1
20220102,23,02185,1
20220102,23,02199,1
20220102,4,02148,1
20220102,5,02128,1
20220102,7,02171,1
20220102,9,02128,1
20220102,9,02179,1
20220102,9,02186,1
20220103,0,02111,2
20220103,0,02112,1
20220103,0,02122,1
20220103,0,02171,2
20220103,0,02178,1
20220103,0,02185,1
20220103,0,02199,1
20220103,0,03311,1
20220103,1,02186,1
20220103,1,02198,2
20220103,10,02116,1
20220103,10,02148,1
20220103,10,02171,2
20220103,10,02179,2
20220103,10,02186,1
20220103,10,02191,1
20220103,10,02198,1
20220103,10,03311,3
20220103,11,02111,3
20220103,11,02112,1
20220103,11,02116,1
20220103,11,02139,1
20220103,11,02171,3
20220103,11,02178,1
20220103,11,02186,2
20220103,12,02111,1
20220103,12,02116,2
20220103,12,02139,2
20220103,12,02143,1
20220103,12,02171,2
20220103,12,02178,1
20220103,13,02116,4
20220103,13,02128,1
20220103,13,02129,1
20220103,13,02139,1
20220103,13,02148,1
20220103,13,02159,1
20220103,13,02172,2
20220103,13,02179,1
20220103,13,02191,1
20220103,14,02111,2
20220103,14,02112,1
20220103,14,02139,1
20220103,14,02179,2
20220103,14,02185,1
20220103,14,02186,2
20220103,14,02198,1
20220103,14,03311,2
20220103,15,02112,1
20220103,15,02116,2
20220103,15,02128,1
20220103,15,02139,1
20220103,15,02143,2
20220103,15,02148,2
20220103,15,02171,2
20220103,15,02172,2
20220103,15,02185,1
20220103,15,02186,1
20220103,15,03311,1
20220103,16,02128,1
20220103,16,02148,1
20220103,16,02171,1
20220103,16,02178,1
20220103,16,02185,1
20220103,16,02186,2
20220103,16,02191,1
20220103,17,02111,1
20220103,17,02128,3
20220103,17,02129,3
20220103,17,02139,1
20220103,17,02148,1
20220103,17,02171,3
20220103,17,02191,1
20220103,17,03310,1
20220103,17,03311,3
20220103,18,02128,2
20220103,18,02148,2
20220103,18,02171,1
20220103,18,02178,3
20220103,18,02179,1
20220103,18,02191,2
20220103,18,02198,1
20220103,18,03311,2
20220103,19,02111,7
20220103,19,02112,2
20220103,19,02128,1
20220103,19,02129,1
20220103,19,02143,1
20220103,19,02148,1
20220103,19,02171,3
20220103,19,02172,1
20220103,19,02179,2
20220103,19,02185,1
20220103,19,02186,3
20220103,19,03311,2
20220103,2,02111,1
20220103,20,02111,2
20220103,20,02112,1
20220103,20,02116,1
20220103,20,02128,1
20220103,20,02143,1
20220103,20,02171,1
20220103,20,02178,1
20220103,20,02179,2
20220103,20,02185,1
20220103,20,02186,2
20220103,20,02198,1
20220103,21,02112,1
20220103,21,02116,2
20220103,21,02139,1
20220103,21,02171,2
20220103,21,02178,1
20220103,21,02179,2
20220103,21,02185,1
20220103,21,02186,1
20220103,21,02198,1
20220103,22,02111,3
20220103,22,02112,1
20220103,22,02128,1
20220103,22,02139,1
20220103,22,02143,1
20220103,22,02159,2
20220103,22,02178,1
20220103,22,02179,1
20220103,22,02191,1
20220103,22,03311,1
20220103,23,02111,2
20220103,23,02116,1
20220103,23,02171,1
20220103,23,02179,3
20220103,23,02185,2
20220103,4,02112,1
20220103,4,02148,1
20220103,4,02191,1
20220103,5,02185,1
20220103,5,02198,1
20220103,6,02111,1
20220103,6,02130,1
20220103,6,02179,1
20220103,6,02186,1
20220103,7,02112,1
20220103,7,02139,2
20220103,7,02171,1
20220103,7,02191,1
20220103,8,02116,2
20220103,8,02143,1
20220103,8,02148,2
20220103,8,02171,1
20220103,8,02179,2
20220103,8,02186,1
20220103,9,02111,1
20220103,9,02112,1
20220103,9,02129,2
20220103,9,02143,2
20220103,9,02148,2
20220103,9,02171,2
20220103,9,02172,1
20220103,9,02191,1
20220103,9,03311,1
20220104,0,02112,1
20220104,0,02139,1
20220104,0,02148,1
20220104,0,02179,1
20220104,0,02186,1
20220104,0,03310,1
20220104,0,03311,1
20220104,1,02112,2
20220104,1,02186,1
20220104,10,02111,1
20220104,10,02112,2
20220104,10,02148,2
20220104,10,02171,4
20220104,10,02178,1
20220104,10,02191,1
20220104,10,02198,1
20220104,10,03311,1
20220104,10,03802,1
20220104,11,02111,3
20220104,11,02116,2
20220104,11,02128,1
20220104,11,02129,1
20220104,11,02139,1
20220104,11,02148,1
20220104,11,02159,1
20220104,11,02171,2
20220104,11,02172,1
20220104,12,02111,1
20220104,12,02128,2
20220104,12,02129,1
20220104,12,02139,2
20220104,12,02179,3
20220104,12,02191,3
20220104,12,02198,2
20220104,12,03311,2
20220104,13,02111,3
20220104,13,02116,1
20220104,13,02122,1
20220104,13,02148,1
20220104,13,02159,1
20220104,13,02171,1
20220104,13,02172,1
20220104,13,02179,2
20220104,13,02185,1
20220104,13,02186,1
20220104,13,02198,1
20220104,13,03311,1
20220104,14,02116,2
20220104,14,02122,2
20220104,14,02139,1
20220104,14,02143,1
20220104,14,02148,1
20220104,14,02159,1
20220104,14,02171,3
20220104,14,02172,1
20220104,14,02179,1
20220104,14,02185,1
20220104,14,02186,1
20220104,14,02198,2
20220104,14,03311,3
20220104,15,02112,2
20220104,15,02122,2
20220104,15,02128,1
20220104,15,02191,4
20220104,15,02198,1
20220104,15,02199,1
20220104,15,03310,1
20220104,16,02111,1
20220104,16,02122,1
20220104,16,02139,1
20220104,16,02148,1
20220104,16,02171,1
20220104,16,02172,2
20220104,16,02178,2
20220104,16,02186,1
20220104,16,03311,3
20220104,16,03802,1
20220104,17,02111,3
20220104,17,02112,2
20220104,17,02116,2
20220104,17,02128,2
20220104,17,02171,1
20220104,17,02172,1
20220104,17,02179,1
20220104,17,03311,1
20220104,18,02111,1
20220104,18,02116,1
20220104,18,02128,1
20220104,18,02139,1
20220104,18,02148,2
20220104,18,02171,5
20220104,18,02178,3
20220104,18,02179,2
20220104,18,03311,1
20220104,19,02111,1
20220104,19,02159,1
20220104,19,02171,3
20220104,19,02178,1
20220104,19,02185,1
20220104,19,02186,1
20220104,19,02191,2
20220104,19,02198,1
20220104,19,03311,3
20220104,19,03802,2
20220104,20,02111,1
20220104,20,02112,4
20220104,20,02116,5
20220104,20,02128,1
20220104,20,02139,1
20220104,20,02171,5
20220104,20,02179,2
20220104,20,02191,1
20220104,20,02198,1
20220104,20,03311,1
20220104,21,02111,5
20220104,21,02112,1
20220104,21,02116,2
20220104,21,02122,1
20220104,21,02143,4
20220104,21,02171,3
20220104,21,02178,1
20220104,21,02179,1
20220104,21,02185,2
20220104,21,02186,1
20220104,21,02191,1
20220104,21,02198,1
20220104,21,03311,3
20220104,22,02111,1
20220104,22,02116,2
20220104,22,02129,1
20220104,22,02139,1
20220104,22,02159,1
20220104,22,02179,1
20220104,22,02191,2
20220104,22,03310,1
20220104,22,03802,1
20220104,23,02112,1
20220104,23,02122,1
20220104,23,02143,2
20220104,23,02148,1
20220104,23,02171,1
20220104,23,02178,1
20220104,23,02179,2
20220104,23,02186,1
20220104,23,02198,1
20220104,23,03311,1
20220104,4,02148,3
20220104,4,02186,1
20220104,5,02111,1
20220104,5,02172,1
20220104,6,02112,1
20220104,6,02186,1
20220104,6,02191,1
20220104,6,02198,1
20220104,7,02128,1
20220104,7,02129,1
20220104,7,02159,1
20220104,7,02171,2
20220104,7,02179,1
20220104,7,02191,3
20220104,8,02111,1
20220104,8,02112,2
20220104,8,02116,2
20220104,8,02148,1
20220104,8,02171,1
20220104,8,02179,4
20220104,8,02186,3
20220104,8,02191,5
20220104,8,02198,1
20220104,8,03310,1
20220104,9,02128,1
20220104,9,02129,1
20220104,9,02171,4
20220104,9,02179,1
20220104,9,03311,1
20220105,0,02111,1
20220105,0,02112,1
20220105,0,02159,1
20220105,0,02179,1
20220105,0,02186,3
20220105,0,03310,1
20220105,0,03311,1
20220105,1,02128,1
20220105,1,02139,1
20220105,1,02171,1
20220105,1,02185,1
20220105,10,02111,1
20220105,10,02143,1
20220105,10,02171,2
20220105,10,02172,1
20220105,10,02178,1
20220105,10,03310,3
20220105,11,02111,1
20220105,11,02112,1
20220105,11,02116,1
20220105,11,02129,2
20220105,11,02130,2
20220105,11,02148,1
20220105,11,02171,1
20220105,11,02172,1
20220105,11,02199,1
20220105,11,03310,1
20220105,11,03311,1
20220105,12,02111,3
20220105,12,02112,1
20220105,12,02128,2
20220105,12,02139,1
20220105,12,02143,1
20220105,12,02179,1
20220105,12,02198,1
20220105,13,02111,1
20220105,13,02116,3
20220105,13,02122,1
20220105,13,02129,2
20220105,13,02139,1
20220105,13,02148,1
20220105,13,02171,1
20220105,13,02172,2
20220105,13,02178,1
20220105,13,02179,1
20220105,13,02198,1
20220105,13,02199,2
20220105,13,03311,4
20220105,14,02111,2
20220105,14,02122,1
20220105,14,02128,2
20220105,14,02143,1
20220105,14,02171,1
20220105,14,02178,1
20220105,14,02191,2
20220105,14,03311,2
20220105,14,03802,1
20220105,15,02112,1
20220105,15,02128,1
20220105,15,02171,4
20220105,15,02178,1
20220105,15,02186,1
20220105,15,02198,1
20220105,15,03310,1
20220105,16,02111,1
20220105,16,02112,1
20220105,16,02116,1
20220105,16,02122,1
20220105,16,02129,1
20220105,16,02139,1
20220105,16,02171,1
20220105,16,02172,2
20220105,16,02179,1
20220105,16,02186,1
20220105,16,02191,1
20220105,16,02198,1
20220105,16,03311,1
20220105,17,02111,2
20220105,17,02112,1
20220105,17,02122,1
20220105,17,02129,4
20220105,17,02130,1
20220105,17,02143,1
20220105,17,02171,3
20220105,17,02178,5
20220105,17,02179,2
20220105,17,02185,3
20220105,17,02186,2
20220105,17,02191,1
20220105,17,02198,1
20220105,17,02199,1
20220105,17,03310,1
20220105,17,03311,1
20220105,18,02111,3
20220105,18,02112,4
20220105,18,02116,1
20220105,18,02122,1
20220105,18,02129,1
20220105,18,02148,2
20220105,18,02171,7
20220105,18,02178,4
20220105,18,02179,3
20220105,18,02186,2
20220105,18,03310,1
20220105,19,02111,2
20220105,19,02112,1
20220105,19,02116,5
20220105,19,02122,2
20220105,19,02130,1
20220105,19,02139,2
20220105,19,02171,1
20220105,19,02179,4
20220105,19,02185,1
20220105,19,02191,2
20220105,19,02198,1
20220105,2,02116,1
20220105,2,02198,1
20220105,20,02116,5
20220105,20,02128,1
20220105,20,02129,1
20220105,20,02130,1
20220105,20,02148,1
20220105,20,02159,1
20220105,20,02171,3
20220105,20,02172,1
20220105,20,02178,1
20220105,20,02179,3
20220105,20,02185,1
20220105,20,02186,1
20220105,20,02191,1
20220105,20,02198,1
20220105,21,02111,4
20220105,21,02112,4
20220105,21,02116,5
20220105,21,02128,1
20220105,21,02159,1
20220105,21,02172,1
20220105,21,02179,2
20220105,21,02185,2
20220105,21,02191,2
20220105,21,02198,2
20220105,21,02199,1
20220105,22,02112,1
20220105,22,02122,1
20220105,22,02129,1
20220105,22,02130,1
20220105,22,02139,3
20220105,22,02159,1
20220105,22,02171,1
20220105,22,02179,3
20220105,22,02185,1
20220105,22,02186,1
20220105,22,02198,1
20220105,22,03311,1
20220105,23,02111,1
20220105,23,02116,1
20220105,23,02139,1
20220105,23,02143,1
20220105,23,02171,2
20220105,23,02185,1
20220105,23,02186,1
20220105,3,02186,1
20220105,4,02111,1
20220105,4,02116,1
20220105,5,02171,1
20220105,5,02172,1
20220105,5,02185,1
20220105,6,02112,1
20220105,6,02198,1
20220105,6,03310,1
20220105,7,02129,1
20220105,7,02148,1
20220105,7,02171,3
20220105,7,02172,1
20220105,7,02179,1
20220105,7,02186,1
20220105,7,02191,2
20220105,7,03310,1
20220105,8,02116,2
20220105,8,02122,1
20220105,8,02128,1
20220105,8,02148,1
20220105,8,02159,1
20220105,8,02171,1
20220105,8,02179,2
20220105,8,02186,2
20220105,8,02191,3
20220105,8,02198,1
20220105,8,03310,4
20220105,9,02111,2
20220105,9,02122,1
20220105,9,02139,1
20220105,9,02143,1
20220105,9,02148,2
20220105,9,02171,4
20220105,9,02198,1
20220105,9,03310,2
20220106,0,02111,2
20220106,0,02112,1
20220106,0,02148,1
20220106,0,02171,1
20220106,0,02172,1
20220106,0,02185,1
20220106,0,02198,1
20220106,1,02112,1
20220106,1,02128,1
20220106,1,02159,1
20220106,1,02171,1
20220106,1,02198,1
20220106,10,02111,2
20220106,10,02129,1
20220106,10,02130,1
20220106,10,02143,1
20220106,10,02148,2
20220106,10,02159,1
20220106,10,02171,1
20220106,10,02179,2
20220106,10,02198,1
20220106,10,02199,1
20220106,10,03311,1
20220106,11,02111,1
20220106,11,02112,1
20220106,11,02129,2
20220106,11,02139,1
20220106,11,02148,1
20220106,11,02159,1
20220106,11,02171,2
20220106,11,02178,1
20220106,11,02179,2
20220106,11,02191,2
20220106,11,02198,1
20220106,11,03310,1
20220106,11,03311,2
20220106,11,03802,2
20220106,12,02111,1
20220106,12,02112,1
20220106,12,02116,1
20220106,12,02128,2
20220106,12,02129,2
20220106,12,02139,2
20220106,12,02148,1
20220106,12,02171,2
20220106,12,02179,1
20220106,12,02186,1
20220106,12,03310,2
20220106,13,02111,2
20220106,13,02112,1
20220106,13,02116,1
20220106,13,02128,1
20220106,13,02129,1
20220106,13,02130,1
20220106,13,02139,1
20220106,13,02148,1
20220106,13,02171,1
20220106,13,02179,2
20220106,13,02191,1
20220106,13,03310,1
20220106,13,03311,2
20220106,14,02111,2
20220106,14,02112,1
20220106,14,02116,2
20220106,14,02122,1
20220106,14,02128,1
20220106,14,02129,1
20220106,14,02148,3
20220106,14,02171,3
20220106,14,02178,1
20220106,14,02179,1
20220106,14,02191,1
20220106,14,02198,2
20220106,14,03310,2
20220106,14,03802,1
20220106,15,02116,2
20220106,15,02128,1
20220106,15,02148,1
20220106,15,02159,1
20220106,15,02171,1
20220106,15,02179,2
20220106,15,03310,1
20220106,15,03311,2
20220106,16,02111,1
20220106,16,02112,1
20220106,16,02116,2
20220106,16,02122,1
20220106,16,02128,2
20220106,16,02148,1
20220106,16,02159,1
20220106,16,02171,2
20220106,16,02172,1
20220106,16,02178,1
20220106,16,02179,1
20220106,16,02186,2
20220106,16,02198,1
20220106,16,03310,2
20220106,16,03311,2
20220106,17,02111,1
20220106,17,02116,1
20220106,17,02122,1
20220106,17,02128,1
20220106,17,02143,2
20220106,17,02148,3
20220106,17,02171,3
20220106,17,02172,3
20220106,17,02178,3
20220106,17,02179,4
20220106,17,02186,1
20220106,17,02191,1
20220106,17,02198,1
20220106,17,03310,1
20220106,17,03311,6
20220106,18,02112,2
20220106,18,02116,1
20220106,18,02130,2
20220106,18,02143,1
20220106,18,02148,1
20220106,18,02171,2
20220106,18,02172,2
20220106,18,02185,2
20220106,18,02186,2
20220106,18,02198,3
20220106,18,03310,2
20220106,18,03311,1
20220106,19,02112,1
20220106,19,02116,2
20220106,19,02128,1
20220106,19,02143,1
20220106,19,02148,2
20220106,19,02171,3
20220106,19,02178,1
20220106,19,02179,1
20220106,19,02186,2
20220106,19,02191,2
20220106,19,02198,4
20220106,19,03310,1
20220106,19,03311,2
20220106,2,02111,1
20220106,2,02116,1
20220106,2,02122,1
20220106,2,02171,1
20220106,20,02111,2
20220106,20,02112,1
20220106,20,02116,4
20220106,20,02129,1
20220106,20,02148,1
20220106,20,02159,1
20220106,20,02171,2
20220106,20,02179,3
20220106,20,02191,1
20220106,20,02198,1
20220106,20,03311,4
20220106,20,03802,2
20220106,21,02111,2
20220106,21,02112,4
20220106,21,02116,4
20220106,21,02122,2
20220106,21,02128,4
20220106,21,02171,2
20220106,21,02179,4
20220106,21,02185,2
20220106,21,02186,2
20220106,21,02191,3
20220106,21,02198,1
20220106,21,03311,2
20220106,22,02129,2
20220106,22,02139,2
20220106,22,02159,1
20220106,22,02171,1
20220106,22,02198,2
20220106,22,03311,1
20220106,23,02111,3
20220106,23,02112,1
20220106,23,02139,1
20220106,23,02143,1
20220106,23,02171,1
20220106,23,02179,1
20220106,23,02198,1
20220106,23,03311,1
20220106,3,02112,1
20220106,3,02139,1
20220106,3,02171,3
20220106,4,02112,1
20220106,4,02143,1
20220106,4,02185,1
20220106,4,02198,1
20220106,6,02112,1
20220106,6,02159,1
20220106,6,02186,1
20220106,7,02112,1
20220106,7,02139,1
20220106,7,02159,1
20220106,7,02171,1
20220106,7,02179,1
20220106,7,02186,2
20220106,7,02191,1
20220106,7,03310,1
20220106,8,02112,1
20220106,8,02116,1
20220106,8,02129,1
20220106,8,02139,1
20220106,8,02143,1
20220106,8,02148,2
20220106,8,02159,1
20220106,8,02171,4
20220106,8,02172,1
20220106,8,02186,3
20220106,8,02191,3
20220106,8,02198,1
20220106,8,03310,1
20220106,8,03311,2
20220106,9,02111,1
20220106,9,02171,3
20220106,9,02172,1
20220107,0,02112,1
20220107,0,02116,1
20220107,0,02171,2
20220107,0,02185,1
20220107,0,02198,1
20220107,0,03311,2
20220107,1,02128,1
20220107,1,02171,1
20220107,1,02191,1
20220107,1,02198,1
20220107,10,02112,2
20220107,10,02148,1
20220107,10,02171,1
20220107,10,02178,1
20220107,10,02179,1
20220107,10,02186,1
20220107,10,02191,1
20220107,10,02199,1
20220107,10,03311,1
20220107,11,02128,3
20220107,11,02130,1
20220107,11,02139,1
20220107,11,02171,2
20220107,11,02179,2
20220107,11,02186,1
20220107,12,02111,2
20220107,12,02128,1
20220107,12,02130,4
20220107,12,02148,1
20220107,12,02171,2
20220107,12,02179,2
20220107,12,02191,2
20220107,13,02111,2
20220107,13,02116,2
20220107,13,02122,1
20220107,13,02129,1
20220107,13,02139,1
20220107,13,02148,5
20220107,13,02171,1
20220107,13,02172,1
20220107,13,02179,2
20220107,13,02198,1
20220107,13,03311,1
20220107,14,02111,3
20220107,14,02159,1
20220107,14,02171,3
20220107,14,02172,1
20220107,14,02179,1
20220107,14,02191,1
20220107,14,03311,3
20220107,15,02116,1
20220107,15,02122,1
20220107,15,02130,1
20220107,15,02148,2
20220107,15,02171,5
20220107,15,02179,1
20220107,15,02185,1
20220107,15,02198,1
20220107,15,03311,2
20220107,16,02112,2
20220107,16,02116,1
20220107,16,02122,3
20220107,16,02159,1
20220107,16,02179,3
20220107,16,02185,2
20220107,16,02191,3
20220107,16,02198,3
20220107,16,03311,2
20220107,17,02111,1
20220107,17,02112,1
20220107,17,02122,5
20220107,17,02128,2
20220107,17,02129,2
20220107,17,02159,2
20220107,17,02171,2
20220107,17,02172,1
20220107,17,02178,1
20220107,17,02185,1
20220107,17,02186,2
20220107,17,02198,1
20220107,18,02111,1
20220107,18,02112,2
20220107,18,02116,2
20220107,18,02122,1
20220107,18,02128,1
20220107,18,02129,1
20220107,18,02139,1
20220107,18,02143,1
20220107,18,02148,2
20220107,18,02159,1
20220107,18,02179,1
20220107,18,02185,2
20220107,18,02198,1
20220107,18,03310,1
20220107,18,03311,2
20220107,19,02111,3
20220107,19,02112,1
20220107,19,02116,2
20220107,19,02128,1
20220107,19,02129,1
20220107,19,02148,2
20220107,19,02159,1
20220107,19,02171,2
20220107,19,02179,2
20220107,19,02198,3
20220107,19,03310,1
20220107,19,03311,1
20220107,2,02111,1
20220107,2,02179,1
20220107,2,02186,1
20220107,20,02111,4
20220107,20,02116,1
20220107,20,02128,1
20220107,20,02171,1
20220107,20,02172,1
20220107,20,02179,3
20220107,20,02191,1
20220107,20,02198,2
20220107,20,03311,1
20220107,21,02111,3
20220107,21,02112,2
20220107,21,02116,5
20220107,21,02128,2
20220107,21,02148,1
20220107,21,02171,2
20220107,21,02179,1
20220107,21,02186,1
20220107,21,02191,5
20220107,21,02198,1
20220107,21,03311,1
20220107,22,02111,2
20220107,22,02112,4
20220107,22,02116,2
20220107,22,02139,1
20220107,22,02148,1
20220107,22,02159,1
20220107,22,02178,1
20220107,22,02179,3
20220107,23,02111,2
20220107,23,02128,1
20220107,23,02171,1
20220107,23,02185,1
20220107,23,02198,1
20220107,23,03311,2
20220107,4,02112,1
20220107,4,02198,1
20220107,5,02159,1
20220107,5,02172,1
20220107,5,02185,1
20220107,5,02186,1
20220107,6,02116,1
20220107,6,02143,1
20220107,6,02159,1
20220107,6,02186,1
20220107,6,03310,2
20220107,7,02122,1
20220107,7,02139,1
20220107,7,02171,1
20220107,7,02186,1
20220107,7,02191,1
20220107,7,03310,1
20220107,8,02112,1
20220107,8,02130,1
20220107,8,02171,4
20220107,8,02179,2
20220107,8,02186,1
20220107,8,02191,2
20220107,8,02198,1
20220107,8,02199,1
20220107,9,02111,1
20220107,9,02112,2
20220107,9,02116,1
20220107,9,02122,1
20220107,9,02129,2
20220107,9,02148,2
20220107,9,02179,1
20220107,9,02191,1
20220107,9,03310,1
20220107,9,03311,1
20220108,0,02111,2
20220108,0,02128,1
20220108,0,02143,1
20220108,0,02179,3
20220108,0,02185,2
20220108,0,03311,1
20220108,1,02116,1
20220108,1,02122,1
20220108,1,02139,1
20220108,1,02178,1
20220108,1,03311,1
20220108,10,02111,2
20220108,10,02122,1
20220108,10,02148,3
20220108,10,02179,1
20220108,10,02191,1
20220108,10,02198,1
20220108,10,03311,1
20220108,11,02111,1
20220108,11,02112,1
20220108,11,02122,2
20220108,11,02129,1
20220108,11,02130,1
20220108,11,02159,4
20220108,11,02171,1
20220108,11,02172,1
20220108,11,02186,1
20220108,11,03311,1
20220108,12,02111,1
20220108,12,02112,2
20220108,12,02122,3
20220108,12,02128,1
20220108,12,02139,1
20220108,12,02148,1
20220108,12,02159,1
20220108,12,02171,3
20220108,12,02172,2
20220108,12,02178,1
20220108,12,02179,4
20220108,12,02191,3
20220108,12,02199,1
20220108,13,02111,2
20220108,13,02112,1
20220108,13,02122,1
20220108,13,02139,2
20220108,13,02159,6
20220108,13,02171,1
20220108,13,02179,1
20220108,13,02185,1
20220108,13,02186,2
20220108,13,02198,3
20220108,13,03311,1
20220108,13,03802,1
20220108,14,02111,3
20220108,14,02112,1
20220108,14,02128,1
20220108,14,02130,1
20220108,14,02139,1
20220108,14,02171,2
20220108,14,02172,3
20220108,14,02179,4
20220108,14,02185,2
20220108,14,02186,2
20220108,14,02199,1
20220108,15,02111,1
20220108,15,02112,1
20220108,15,02122,2
20220108,15,02128,3
20220108,15,02129,1
20220108,15,02130,3
20220108,15,02139,2
20220108,15,02171,2
20220108,15,02172,2
20220108,15,02178,2
20220108,15,02179,1
20220108,15,02186,1
20220108,15,02191,1
20220108,15,02199,1
20220108,15,03311,1
20220108,16,02112,3
20220108,16,02128,1
20220108,16,02129,2
20220108,16,02139,3
20220108,16,02159,1
20220108,16,02171,1
20220108,16,02172,3
20220108,16,02178,2
20220108,16,02185,1
20220108,16,03311,2
20220108,17,02111,1
20220108,17,02112,4
20220108,17,02122,1
20220108,17,02128,3
20220108,17,02198,1
20220108,17,02199,1
20220108,17,03310,1
20220108,17,03311,2
20220108,17,03802,1
20220108,18,02111,1
20220108,18,02112,7
20220108,18,02116,2
20220108,18,02129,1
20220108,18,02139,2
20220108,18,02148,1
20220108,18,02159,1
20220108,18,02171,6
20220108,18,02179,1
20220108,18,02185,1
20220108,18,02198,2
20220108,18,03311,3
20220108,18,03802,1
20220108,19,02112,1
20220108,19,02148,1
20220108,19,02171,2
20220108,19,02172,1
20220108,19,02191,1
20220108,19,02199,1
20220108,19,03310,1
20220108,2,02122,1
20220108,20,02111,2
20220108,20,02112,2
20220108,20,02128,1
20220108,20,02129,1
20220108,20,02139,1
20220108,20,02143,1
20220108,20,02159,1
20220108,20,02171,2
20220108,20,02178,1
20220108,20,02179,2
20220108,20,02186,1
20220108,20,02191,1
20220108,20,02198,1
20220108,20,03802,1
20220108,21,02111,3
20220108,21,02112,4
20220108,21,02116,3
20220108,21,02159,2
20220108,21,02171,2
20220108,21,02186,3
20220108,21,02191,1
20220108,21,02198,2
20220108,21,03311,1
20220108,22,02111,4
20220108,22,02129,1
20220108,22,02139,1
20220108,22,02171,2
20220108,22,02178,1
20220108,22,02179,5
20220108,22,02186,1
20220108,22,02198,1
20220108,23,02111,1
20220108,23,02116,1
20220108,23,02148,1
20220108,23,02171,2
20220108,23,02186,1
20220108,23,02198,1
20220108,23,03311,1
20220108,3,02128,1
20220108,3,02159,1
20220108,3,02186,1
20220108,4,02139,1
20220108,4,02172,1
20220108,5,02143,1
20220108,6,02191,1
20220108,7,02112,1
20220108,7,02171,1
20220108,8,02116,1
20220108,8,02139,1
20220108,8,02148,1
20220108,8,02171,2
20220108,8,02179,1
20220108,8,02186,1
20220108,9,02111,1
20220108,9,02128,1
20220108,9,02129,1
20220108,9,02171,1
20220108,9,02191,1
20220108,9,03311,1
20220109,0,02111,1
20220109,0,02112,1
20220109,0,02122,1
20220109,0,02179,1
20220109,0,02186,1
20220109,0,02191,2
20220109,0,02198,1
20220109,1,02128,1
20220109,1,02171,2
20220109,10,02111,2
20220109,10,02112,1
20220109,10,02122,2
20220109,10,02159,1
20220109,11,02111,1
20220109,11,02112,2
20220109,11,02116,2
20220109,11,02122,2
20220109,11,02143,1
20220109,11,02171,3
20220109,11,02172,1
20220109,11,02179,1
20220109,11,02191,2
20220109,12,02112,1
20220109,12,02122,1
20220109,12,02128,1
20220109,12,02139,1
20220109,12,02143,1
20220109,12,02171,1
20220109,12,02179,7
20220109,12,02185,1
20220109,12,02186,1
20220109,12,02191,1
20220109,12,02198,3
20220109,13,02112,2
20220109,13,02116,1
20220109,13,02128,1
20220109,13,02139,1
20220109,13,02143,2
20220109,13,02159,1
20220109,13,02171,6
20220109,13,02178,1
20220109,13,02185,1
20220109,13,02186,3
20220109,13,03311,1
20220109,14,02111,2
20220109,14,02116,1
20220109,14,02122,2
20220109,14,02128,1
20220109,14,02129,1
20220109,14,02139,1
20220109,14,02148,1
20220109,14,02171,2
20220109,14,02172,2
20220109,14,02178,2
20220109,14,02179,4
20220109,14,02185,1
20220109,14,02191,2
20220109,14,02198,1
20220109,14,03311,2
20220109,15,02111,2
20220109,15,02112,1
20220109,15,02116,1
20220109,15,02122,2
20220109,15,02128,1
20220109,15,02139,2
20220109,15,02148,1
20220109,15,02159,1
20220109,15,02171,4
20220109,15,02178,1
20220109,15,02198,1
20220109,15,03311,3
20220109,16,02112,2
20220109,16,02116,2
20220109,16,02122,3
20220109,16,02172,1
20220109,16,02178,3
20220109,16,02179,2
20220109,16,02185,1
20220109,16,02191,2
20220109,16,03311,3
20220109,17,02111,3
20220109,17,02112,3
20220109,17,02122,2
20220109,17,02128,4
20220109,17,02139,2
20220109,17,02143,1
20220109,17,02148,3
20220109,17,02179,1
20220109,17,02185,1
20220109,17,02186,1
20220109,17,02191,2
20220109,17,02198,2
20220109,18,02111,2
20220109,18,02112,3
20220109,18,02128,1
20220109,18,02129,1
20220109,18,02171,3
20220109,18,02179,1
20220109,18,02186,1
20220109,18,02191,1
20220109,18,02198,1
20220109,18,03311,1
20220109,19,02111,4
20220109,19,02112,4
20220109,19,02116,2
20220109,19,02122,1
20220109,19,02129,1
20220109,19,02139,4
20220109,19,02148,1
20220109,19,02171,3
20220109,19,02178,1
20220109,19,02179,1
20220109,19,02185,2
20220109,19,02198,1
20220109,2,02111,1
20220109,2,02186,1
20220109,20,02111,2
20220109,20,02116,3
20220109,20,02122,1
20220109,20,02171,4
20220109,20,02178,1
20220109,20,02179,2
20220109,20,02191,1
20220109,21,02111,2
20220109,21,02128,2
20220109,21,02171,1
20220109,21,02179,1
20220109,21,02186,2
20220109,21,02191,1
20220109,21,02198,1
20220109,21,02199,2
20220109,21,03311,3
20220109,22,02111,1
20220109,22,02112,2
20220109,22,02116,2
20220109,22,02148,1
20220109,22,02159,1
20220109,22,02171,2
20220109,22,02179,1
20220109,23,02111,1
20220109,23,02112,1
20220109,23,02116,2
20220109,23,02148,1
20220109,23,02171,1
20220109,23,02178,2
20220109,23,02198,1
20220109,23,02199,1
20220109,23,03311,1
20220109,3,02198,1
20220109,6,02185,1
20220109,7,03802,1
20220109,8,02129,1
20220109,8,02171,1
20220109,8,02185,1
20220109,8,03310,1
20220109,9,02111,1
20220109,9,02128,1
20220109,9,02139,1
20220109,9,02186,1
20220109,9,02198,1
20220109,9,03310,1
20220110,0,02171,1
20220110,0,02185,1
20220110,0,02191,1
20220110,0,02199,1
20220110,0,03311,1
20220110,1,02111,1
20220110,1,02116,1
20220110,1,02171,1
20220110,1,02178,1
20220110,10,02111,1
20220110,10,02112,1
20220110,10,02122,2
20220110,10,02139,1
20220110,10,02171,2
20220110,10,02172,1
20220110,10,02185,1
20220110,10,02186,1
20220110,11,02111,1
20220110,11,02122,1
20220110,11,02128,1
20220110,11,02129,1
20220110,11,02139,2
20220110,11,02148,1
20220110,11,02171,2
20220110,11,02172,1
20220110,11,02179,2
20220110,11,02185,1
20220110,11,03311,1
20220110,12,02111,2
20220110,12,02112,2
20220110,12,02116,2
20220110,12,02122,2
20220110,12,02139,1
20220110,12,02159,1
20220110,12,02171,1
20220110,12,02179,1
20220110,12,02186,2
20220110,12,02191,2
20220110,12,02198,3
20220110,12,03311,2
20220110,13,02111,2
20220110,13,02112,4
20220110,13,02116,2
20220110,13,02139,1
20220110,13,02171,2
20220110,13,02178,1
20220110,13,02191,2
20220110,13,02198,1
20220110,13,03311,1
20220110,14,02111,1
20220110,14,02122,1
20220110,14,02139,2
20220110,14,02171,4
20220110,14,02178,1
20220110,14,02179,1
20220110,14,02186,2
20220110,15,02112,2
20220110,15,02116,4
20220110,15,02122,2
20220110,15,02128,4
20220110,15,02148,1
20220110,15,02159,1
20220110,15,02178,1
20220110,15,02185,1
20220110,15,02198,1
20220110,15,02199,1
20220110,15,03311,1
20220110,16,02116,1
20220110,16,02130,1
20220110,16,02139,2
20220110,16,02143,1
20220110,16,02171,1
20220110,16,02178,4
20220110,16,02179,3
20220110,16,02198,1
20220110,16,03311,2
20220110,17,02111,3
20220110,17,02112,1
20220110,17,02116,1
20220110,17,02128,1
20220110,17,02129,1
20220110,17,02148,2
20220110,17,02178,2
20220110,17,02179,2
20220110,17,02185,2
20220110,17,02191,2
20220110,17,02198,1
20220110,17,03311,3
20220110,17,03802,1
20220110,18,02111,1
20220110,18,02122,1
20220110,18,02128,1
20220110,18,02129,1
20220110,18,02139,1
20220110,18,02171,3
20220110,18,02178,1
20220110,18,02179,6
20220110,18,02186,1
20220110,18,02198,1
20220110,18,02199,1
20220110,18,03311,2
20220110,19,02112,1
20220110,19,02116,3
20220110,19,02143,1
20220110,19,02148,2
20220110,19,02159,1
20220110,19,02171,4
20220110,19,02179,2
20220110,19,02186,2
20220110,19,02191,4
20220110,19,03311,4
20220110,2,02111,1
20220110,2,02171,1
20220110,20,02111,1
20220110,20,02112,5
20220110,20,02116,2
20220110,20,02130,1
20220110,20,02139,1
20220110,20,02171,1
20220110,20,02178,1
20220110,20,02179,4
20220110,20,02185,2
20220110,20,02186,2
20220110,20,02191,1
20220110,20,03802,1
20220110,21,02111,3
20220110,21,02112,4
20220110,21,02116,4
20220110,21,02128,4
20220110,21,02130,2
20220110,21,02139,3
20220110,21,02143,1
20220110,21,02178,1
20220110,21,02179,1
20220110,21,02185,2
20220110,21,02191,2
20220110,21,02198,1
20220110,21,03311,3
20220110,21,03802,1
20220110,22,02112,1
20220110,22,02116,1
20220110,22,02148,1
20220110,22,02178,1
20220110,22,02179,2
20220110,22,02191,3
20220110,22,03311,1
20220110,23,03311,1
20220110,3,02139,1
20220110,3,02179,1
20220110,3,03311,1
20220110,4,02112,1
20220110,5,02171,1
20220110,5,02172,1
20220110,5,02186,1
20220110,5,02191,1
20220110,6,02111,1
20220110,6,02112,2
20220110,6,02179,1
20220110,6,02186,1
20220110,6,02198,1
20220110,7,02128,1
20220110,7,02185,1
20220110,7,02186,1
20220110,7,02191,1
20220110,8,02116,2
20220110,8,02122,1
20220110,8,02139,1
20220110,8,02148,2
20220110,8,02159,1
20220110,8,02171,2
20220110,8,02179,2
20220110,8,02186,2
20220110,8,02191,2
20220110,8,03802,1
20220110,9,02111,2
20220110,9,02128,1
20220110,9,02139,1
20220110,9,02143,1
20220110,9,02171,1
20220110,9,02179,1
20220110,9,02185,1
20220110,9,02191,1
20220110,9,02198,1
20220111,0,02122,1
20220111,0,02185,1
20220111,1,02116,1
20220111,1,02186,1
20220111,1,03311,1
20220111,10,02111,1
20220111,10,02122,1
20220111,10,02172,1
20220111,11,02112,1
20220111,11,02116,1
20220111,11,02139,1
20220111,11,02143,1
20220111,11,02179,1
20220111,12,02112,2
20220111,12,02116,1
20220111,12,02128,1
20220111,12,02139,1
20220111,12,02191,1
20220111,12,03311,2
20220111,12,03802,1
20220111,13,02111,2
20220111,13,02112,1
20220111,13,02129,1
20220111,13,02143,1
20220111,13,02171,1
20220111,13,02179,1
20220111,13,02186,1
20220111,13,02191,2
20220111,13,03311,1
20220111,14,02111,2
20220111,14,02112,1
20220111,14,02116,1
20220111,14,02128,1
20220111,14,02130,1
20220111,14,02143,1
20220111,14,02171,1
20220111,14,02178,3
20220111,14,02185,1
20220111,14,02198,1
20220111,15,02112,1
20220111,15,02139,1
20220111,15,02143,1
20220111,15,02148,1
20220111,15,02171,1
20220111,15,02185,1
20220111,15,02191,1
20220111,15,02198,1
20220111,15,03310,1
20220111,16,02111,1
20220111,16,02112,1
20220111,16,02143,1
20220111,16,02191,1
20220111,16,03311,1
20220111,17,02111,1
20220111,17,02112,2
20220111,17,02122,1
20220111,17,02128,1
20220111,17,02139,2
20220111,17,02148,1
20220111,17,02191,1
20220111,18,02128,1
20220111,18,02171,1
20220111,18,02179,1
20220111,18,02186,1
20220111,18,02191,1
20220111,18,03310,2
20220111,18,03311,2
20220111,19,02111,1
20220111,19,02112,2
20220111,19,02148,1
20220111,19,02171,2
20220111,19,02172,1
20220111,19,02178,1
20220111,19,02179,1
20220111,19,02198,1
20220111,19,03310,1
20220111,19,03311,3
20220111,2,02116,1
20220111,2,02171,1
20220111,20,02112,3
20220111,20,02122,1
20220111,20,02148,2
20220111,20,02171,1
20220111,20,02186,1
20220111,21,02111,4
20220111,21,02112,1
20220111,21,02116,3
20220111,21,02128,1
20220111,21,02139,1
20220111,21,02171,1
20220111,21,02179,1
20220111,21,02185,1
20220111,21,02191,2
20220111,21,03311,1
20220111,22,02111,2
20220111,22,02112,3
20220111,22,02139,1
20220111,22,02143,1
20220111,22,02171,1
20220111,22,02178,2
20220111,22,02179,2
20220111,22,03311,1
20220111,23,02116,1
20220111,23,02171,2
20220111,23,02186,1
20220111,23,02198,1
20220111,3,02129,1
20220111,3,02186,1
20220111,5,02172,1
20220111,5,02179,1
20220111,5,02185,1
20220111,6,02186,1
20220111,6,02198,1
20220111,7,02112,2
20220111,7,02171,1
20220111,7,02179,1
20220111,7,02191,2
20220111,8,02116,1
20220111,8,02148,1
20220111,8,02171,1
20220111,8,02179,1
20220111,8,02186,2
20220111,9,02111,1
20220111,9,02128,1
20220111,9,02143,1
20220111,9,02171,3
20220111,9,02179,1
20220112,0,02111,1
20220112,0,02112,1
20220112,0,02116,1
20220112,0,02148,1
20220112,1,02112,1
20220112,1,02122,1
20220112,1,02171,1
20220112,1,02178,1
20220112,1,02186,1
20220112,1,02198,1
20220112,1,02199,1
20220112,10,02111,2
20220112,10,02112,1
20220112,10,02116,1
20220112,10,02122,1
20220112,10,02129,1
20220112,10,02143,1
20220112,10,02148,1
20220112,10,02171,1
20220112,10,02172,1
20220112,10,02178,1
20220112,10,02185,1
20220112,10,02191,1
20220112,10,03310,2
20220112,10,03311,1
20220112,11,02116,1
20220112,11,02122,1
20220112,11,02178,2
20220112,11,02179,1
20220112,11,02191,1
20220112,11,02199,1
20220112,12,02111,1
20220112,12,02112,1
20220112,12,02128,1
20220112,12,02139,2
20220112,12,02171,1
20220112,12,02179,1
20220112,12,02185,2
20220112,12,02198,1
20220112,12,03310,1
20220112,12,03311,1
20220112,13,02111,3
20220112,13,02112,1
20220112,13,02139,1
20220112,13,02143,1
20220112,13,02179,1
20220112,13,02185,2
20220112,13,03310,3
20220112,14,02116,1
20220112,14,02128,1
20220112,14,02129,1
20220112,14,02198,1
20220112,14,03311,2
20220112,14,03802,1
20220112,15,02112,1
20220112,15,02116,2
20220112,15,02122,1
20220112,15,02171,2
20220112,15,02172,1
20220112,15,02186,2
20220112,15,02198,1
20220112,16,02111,1
20220112,16,02122,1
20220112,16,02128,1
20220112,16,02139,1
20220112,16,02171,2
20220112,16,02179,1
20220112,16,02191,1
20220112,16,02198,2
20220112,17,02111,4
20220112,17,02112,3
20220112,17,02129,2
20220112,17,02139,1
20220112,17,02148,1
20220112,17,02171,2
20220112,17,02178,1
20220112,17,02179,1
20220112,17,02186,1
20220112,17,02198,2
20220112,17,03311,1
20220112,18,02112,1
20220112,18,02116,1
20220112,18,02122,1
20220112,18,02129,2
20220112,18,02148,1
20220112,18,02179,5
20220112,18,02185,1
20220112,18,02191,2
20220112,18,02198,1
20220112,18,03311,1
20220112,18,03802,1
20220112,19,02112,1
20220112,19,02116,2
20220112,19,02129,1
20220112,19,02139,2
20220112,19,02143,1
20220112,19,02148,2
20220112,19,02171,3
20220112,19,02172,1
20220112,19,02198,3
20220112,19,03311,2
20220112,2,02111,1
20220112,2,02171,1
20220112,2,02185,1
20220112,2,02191,1
20220112,20,02112,1
20220112,20,02116,2
20220112,20,02128,1
20220112,20,02148,1
20220112,20,02178,1
20220112,20,02179,4
20220112,20,02191,1
20220112,21,02111,1
20220112,21,02112,1
20220112,21,02116,1
20220112,21,02122,2
20220112,21,02128,1
20220112,21,02129,1
20220112,21,02139,1
20220112,21,02148,1
20220112,21,02171,2
20220112,21,02178,1
20220112,21,02179,1
20220112,21,02185,1
20220112,21,02191,1
20220112,22,02111,1
20220112,22,02112,1
20220112,22,02128,1
20220112,22,02130,1
20220112,22,02139,1
20220112,22,02143,2
20220112,22,02148,1
20220112,22,02171,1
20220112,22,02178,1
20220112,22,02179,3
20220112,22,02191,1
20220112,22,03310,1
20220112,23,02111,1
20220112,23,02116,1
20220112,23,02171,1
20220112,23,02172,1
20220112,23,02179,2
20220112,4,02128,1
20220112,5,02172,1
20220112,5,02185,1
20220112,5,02191,1
20220112,6,02186,2
20220112,7,02112,1
20220112,7,02143,1
20220112,7,02159,1
20220112,7,02171,1
20220112,7,02178,1
20220112,7,02191,2
20220112,7,03310,3
20220112,8,02112,2
20220112,8,02116,1
20220112,8,02129,1
20220112,8,02130,1
20220112,8,02171,1
20220112,8,02179,3
20220112,8,02186,2
20220112,8,02198,1
20220112,8,03310,4
20220112,9,02111,1
20220112,9,02130,1
20220112,9,02148,1
20220112,9,02171,2
20220112,9,02172,2
20220112,9,02191,1
20220112,9,03311,1
20220113,0,02111,2
20220113,0,02122,2
20220113,0,02139,1
20220113,0,02171,1
20220113,0,02179,2
20220113,0,02185,1
20220113,0,02198,1
20220113,1,02139,1
20220113,1,02159,1
20220113,1,02171,2
20220113,1,03311,1
20220113,10,02112,1
20220113,10,02122,1
20220113,10,02129,1
20220113,10,02139,1
20220113,10,02171,1
20220113,10,02191,1
20220113,11,02111,2
20220113,11,02128,1
20220113,11,02139,1
20220113,11,02171,1
20220113,11,02191,1
20220113,11,02198,1
20220113,11,03802,2
20220113,12,02122,1
20220113,12,02139,1
20220113,12,02148,1
20220113,12,02171,1
20220113,12,02179,3
20220113,12,02186,2
20220113,12,02191,1
20220113,12,02198,1
20220113,12,03802,1
20220113,13,02112,1
20220113,13,02122,2
20220113,13,02171,1
20220113,13,02179,3
20220113,13,02191,2
20220113,13,02199,1
20220113,13,03311,1
20220113,14,02111,1
20220113,14,02112,1
20220113,14,02128,1
20220113,14,02171,3
20220113,14,02179,2
20220113,14,02191,1
20220113,14,03311,2
20220113,15,02111,1
20220113,15,02129,1
20220113,15,02171,2
20220113,15,02179,1
20220113,15,02186,1
20220113,15,02198,1
20220113,15,03311,1
20220113,16,02122,1
20220113,16,02128,1
20220113,16,02129,2
20220113,16,02130,1
20220113,16,02148,1
20220113,16,02171,3
20220113,16,02179,1
20220113,16,02185,1
20220113,16,02186,1
20220113,17,02112,1
20220113,17,02171,2
20220113,17,02178,1
20220113,17,02179,3
20220113,17,02191,1
20220113,17,03311,3
20220113,18,02112,1
20220113,18,02129,1
20220113,18,02171,2
20220113,18,02172,1
20220113,18,02178,1
20220113,18,02179,1
20220113,18,02186,1
20220113,18,02191,1
20220113,18,02198,1
20220113,19,02111,2
20220113,19,02139,1
20220113,19,02148,2
20220113,19,02171,1
20220113,19,02179,2
20220113,19,02198,1
20220113,19,03311,3
20220113,2,02122,1
20220113,2,02171,1
20220113,2,02179,1
20220113,2,02198,1
20220113,20,02111,1
20220113,20,02112,1
20220113,20,02116,2
20220113,20,02128,2
20220113,20,02130,1
20220113,20,02143,1
20220113,20,02171,3
20220113,20,02178,1
20220113,20,02179,1
20220113,20,02191,1
20220113,20,03311,1
20220113,21,02111,2
20220113,21,02130,1
20220113,21,02139,1
20220113,21,02143,1
20220113,21,02148,2
20220113,21,02171,4
20220113,21,02191,1
20220113,21,03311,1
20220113,22,02111,3
20220113,22,02122,1
20220113,22,02129,1
20220113,22,02178,1
20220113,22,02179,2
20220113,22,02186,1
20220113,22,02191,1
20220113,22,02198,1
20220113,22,03311,1
20220113,22,03802,1
20220113,23,02122,2
20220113,23,02178,1
20220113,23,02186,1
20220113,3,02112,1
20220113,3,02186,1
20220113,4,02178,1
20220113,4,02186,1
20220113,5,02159,1
20220113,5,02172,1
20220113,5,02185,1
20220113,6,02112,1
20220113,7,02159,1
20220113,7,02171,1
20220113,7,02185,2
20220113,7,02186,1
20220113,7,02191,1
20220113,7,02198,1
20220113,8,02112,3
20220113,8,02116,1
20220113,8,02122,1
20220113,8,02128,1
20220113,8,02129,1
20220113,8,02143,1
20220113,8,02148,2
20220113,8,02159,2
20220113,8,02171,2
20220113,8,02179,1
20220113,8,02185,1
20220113,8,02186,1
20220113,8,02191,2
20220113,8,02198,1
20220113,8,03311,1
20220113,9,02111,1
20220113,9,02112,1
20220113,9,02129,1
20220113,9,02171,3
20220113,9,02185,1
20220113,9,02198,1
20220113,9,03310,1
20220114,0,02111,1
20220114,0,02112,1
20220114,0,02129,1
20220114,0,02148,1
20220114,0,02171,1
20220114,0,02179,1
20220114,0,02198,1
20220114,0,03310,1
20220114,0,03311,1
20220114,1,02171,3
20220114,1,02191,1
20220114,1,03311,1
20220114,10,02111,1
20220114,10,02112,1
20220114,10,02129,1
20220114,10,02139,1
20220114,10,02148,2
20220114,10,02172,1
20220114,10,02185,1
20220114,10,02191,1
20220114,10,03311,1
20220114,11,02111,1
20220114,11,02112,1
20220114,11,02130,1
20220114,11,02143,1
20220114,11,02159,1
20220114,11,02171,4
20220114,11,02185,1
20220114,11,02198,1
20220114,11,03311,1
20220114,11,03802,1
20220114,12,02112,1
20220114,12,02116,3
20220114,12,02122,1
20220114,12,02129,1
20220114,12,02148,2
20220114,12,02178,2
20220114,12,02191,1
20220114,12,02199,1
20220114,13,02111,2
20220114,13,02128,1
20220114,13,02139,1
20220114,13,02148,1
20220114,13,02159,1
20220114,13,02171,1
20220114,13,02199,1
20220114,13,03311,1
20220114,14,02111,2
20220114,14,02116,1
20220114,14,02128,1
20220114,14,02143,2
20220114,14,02171,1
20220114,14,02185,1
20220114,14,02199,1
20220114,14,03311,1
20220114,15,02111,1
20220114,15,02116,2
20220114,15,02143,1
20220114,15,02179,1
20220114,15,02186,1
20220114,15,02191,3
20220114,15,03311,1
20220114,16,02111,2
20220114,16,02112,1
20220114,16,02116,1
20220114,16,02122,1
20220114,16,02128,1
20220114,16,02139,1
20220114,16,02143,1
20220114,16,02159,1
20220114,16,02171,1
20220114,16,02178,1
20220114,16,02185,2
20220114,16,03311,1
20220114,17,02111,1
20220114,17,02112,1
20220114,17,02122,1
20220114,17,02128,1
20220114,17,02148,1
20220114,17,02171,2
20220114,17,02179,3
20220114,17,02191,1
20220114,17,02198,3
20220114,17,03311,1
20220114,18,02111,1
20220114,18,02112,1
20220114,18,02116,1
20220114,18,02129,2
20220114,18,02148,2
20220114,18,02171,1
20220114,18,02178,2
20220114,18,02186,1
20220114,18,02198,3
20220114,18,03311,2
20220114,19,02111,1
20220114,19,02112,1
20220114,19,02122,1
20220114,19,02128,2
20220114,19,02129,1
20220114,19,02148,1
20220114,19,02171,2
20220114,19,02178,1
20220114,19,02185,1
20220114,19,02191,3
20220114,19,02198,1
20220114,19,03311,1
20220114,2,02186,1
20220114,2,02198,1
20220114,20,02112,1
20220114,20,02116,1
20220114,20,02130,2
20220114,20,02171,2
20220114,20,02178,2
20220114,20,02179,2
20220114,20,02191,2
20220114,21,02111,1
20220114,21,02112,3
20220114,21,02116,1
20220114,21,02128,2
20220114,21,02143,1
20220114,21,02171,3
20220114,21,02172,1
20220114,21,02179,2
20220114,21,02185,1
20220114,21,02191,1
20220114,21,03311,4
20220114,22,02111,1
20220114,22,02112,1
20220114,22,02116,1
20220114,22,02128,2
20220114,22,02129,2
20220114,22,02143,2
20220114,22,02171,2
20220114,22,02172,1
20220114,22,02178,1
20220114,22,02185,1
20220114,22,03311,1
20220114,23,02111,1
20220114,23,02112,1
20220114,23,02122,1
20220114,23,02179,1
20220114,23,02185,1
20220114,3,02112,1
20220114,3,02186,1
20220114,3,02191,1
20220114,4,02148,1
20220114,5,02139,1
20220114,5,02159,1
20220114,5,02172,1
20220114,6,02171,1
20220114,6,02185,1
20220114,6,02186,1
20220114,7,02112,1
20220114,7,02122,1
20220114,7,02159,1
20220114,7,02185,1
20220114,7,02191,1
20220114,8,02112,1
20220114,8,02116,1
20220114,8,02171,2
20220114,8,02179,2
20220114,8,02186,1
20220114,8,02198,1
20220114,9,02111,1
20220114,9,02143,1
20220114,9,02171,2
20220114,9,02179,1
20220115,0,02112,1
20220115,0,02128,1
20220115,0,02171,2
20220115,0,02179,1
20220115,0,02185,1
20220115,0,02186,2
20220115,1,02112,1
20220115,1,02159,1
20220115,1,02171,2
20220115,1,02191,1
20220115,1,02198,2
20220115,10,02111,2
20220115,10,02112,1
20220115,10,02128,1
20220115,10,02130,1
20220115,10,02172,1
20220115,10,02179,1
20220115,10,02191,1
20220115,10,02198,1
20220115,11,02112,1
20220115,11,02122,2
20220115,11,02128,1
20220115,11,02129,1
20220115,11,02148,1
20220115,11,02172,1
20220115,11,02191,1
20220115,11,02198,1
20220115,11,03311,1
20220115,12,02112,1
20220115,12,02116,1
20220115,12,02122,1
20220115,12,02128,1
20220115,12,02129,1
20220115,12,02139,4
20220115,12,02148,1
20220115,12,02159,1
20220115,12,02171,2
20220115,12,02179,2
20220115,12,02191,2
20220115,12,02198,1
20220115,12,03311,1
20220115,13,02111,1
20220115,13,02129,1
20220115,13,02130,3
20220115,13,02139,1
20220115,13,02148,4
20220115,13,02159,2
20220115,13,02171,4
20220115,13,02172,1
20220115,13,02178,1
20220115,13,02185,1
20220115,13,02191,1
20220115,13,03311,1
20220115,13,03802,1
20220115,14,02111,5
20220115,14,02112,2
20220115,14,02116,2
20220115,14,02122,3
20220115,14,02128,1
20220115,14,02129,1
20220115,14,02143,1
20220115,14,02148,2
20220115,14,02159,1
20220115,14,02171,2
20220115,14,02179,2
20220115,14,02185,1
20220115,14,02191,2
20220115,14,02198,1
20220115,14,03311,3
20220115,15,02111,2
20220115,15,02112,1
20220115,15,02128,3
20220115,15,02139,1
20220115,15,02171,1
20220115,15,02172,4
20220115,15,02178,1
20220115,15,02179,1
20220115,15,02186,2
20220115,15,02198,2
20220115,15,03311,1
20220115,16,02112,2
20220115,16,02116,1
20220115,16,02122,1
20220115,16,02128,1
20220115,16,02129,3
20220115,16,02139,1
20220115,16,02143,2
20220115,16,02171,3
20220115,16,02178,1
20220115,16,02179,4
20220115,16,02186,1
20220115,16,02191,2
20220115,16,02198,1
20220115,16,03311,1
20220115,17,02111,1
20220115,17,02112,1
20220115,17,02116,3
20220115,17,02128,1
20220115,17,02143,1
20220115,17,02148,1
20220115,17,02171,5
20220115,17,02172,1
20220115,17,02179,3
20220115,17,02186,1
20220115,17,02191,2
20220115,17,02198,1
20220115,17,03311,3
20220115,18,02112,2
20220115,18,02116,2
20220115,18,02128,2
20220115,18,02139,1
20220115,18,02171,1
20220115,18,02172,2
20220115,18,02178,1
20220115,18,02179,1
20220115,18,02185,1
20220115,18,02186,2
20220115,18,02198,1
20220115,19,02112,1
20220115,19,02116,1
20220115,19,02128,1
20220115,19,02129,2
20220115,19,02148,1
20220115,19,02171,3
20220115,19,02186,2
20220115,19,02191,2
20220115,19,02198,2
20220115,19,03311,1
20220115,2,02122,1
20220115,2,02179,1
20220115,20,02112,1
20220115,20,02116,1
20220115,20,02122,1
20220115,20,02128,1
20220115,20,02139,1
20220115,20,02159,1
20220115,20,02171,4
20220115,20,02179,1
20220115,20,02185,2
20220115,20,02191,2
20220115,21,02111,3
20220115,21,02112,2
20220115,21,02116,1
20220115,21,02128,2
20220115,21,02130,1
20220115,21,02139,1
20220115,21,02143,1
20220115,21,02148,1
20220115,21,02171,1
20220115,21,02186,1
20220115,21,02191,2
20220115,21,02198,1
20220115,22,02111,1
20220115,22,02129,1
20220115,22,02148,2
20220115,22,02171,1
20220115,22,02185,2
20220115,22,02191,2
20220115,22,03311,2
20220115,23,02111,1
20220115,23,02112,2
20220115,23,02171,1
20220115,3,02111,2
20220115,3,02116,1
20220115,4,02112,1
20220115,4,02148,1
20220115,4,02179,1
20220115,5,02111,1
20220115,5,02172,1
20220115,5,02186,1
20220115,5,02198,1
20220115,6,02129,1
20220115,6,02191,1
20220115,7,02111,1
20220115,7,02122,1
20220115,7,02139,1
20220115,7,02159,1
20220115,7,02191,1
20220115,8,02143,1
20220115,8,02148,2
20220115,8,02171,1
20220115,8,02179,1
20220115,9,02111,1
20220115,9,02122,1
20220115,9,02129,1
20220115,9,02143,1
20220115,9,02148,2
20220115,9,02171,1
20220115,9,02179,1
20220115,9,02185,2
20220115,9,02198,1
20220115,9,03311,2
20220116,0,02112,3
20220116,0,02171,1
20220116,0,02198,1
20220116,0,03310,1
20220116,0,03311,2
20220116,1,02116,1
20220116,1,02171,2
20220116,1,02198,1
20220116,10,02112,1
20220116,10,02171,1
20220116,10,02179,1
20220116,11,02139,1
20220116,11,02179,1
20220116,11,02191,2
20220116,11,03311,1
20220116,12,02111,5
20220116,12,02112,3
20220116,12,02116,2
20220116,12,02122,1
20220116,12,02128,1
20220116,12,02129,1
20220116,12,02139,1
20220116,12,02148,1
20220116,12,02159,1
20220116,12,02171,3
20220116,12,02178,1
20220116,12,02179,3
20220116,12,02185,1
20220116,12,02191,1
20220116,12,02198,1
20220116,12,03311,1
20220116,12,03802,1
20220116,13,02111,3
20220116,13,02112,1
20220116,13,02122,1
20220116,13,02128,3
20220116,13,02129,3
20220116,13,02130,1
20220116,13,02171,2
20220116,13,02178,1
20220116,13,02179,1
20220116,13,02185,1
20220116,14,02111,3
20220116,14,02112,2
20220116,14,02116,1
20220116,14,02122,1
20220116,14,02128,2
20220116,14,02159,1
20220116,14,02171,3
20220116,14,02172,1
20220116,14,02179,2
20220116,14,02185,3
20220116,14,03311,1
20220116,15,02111,1
20220116,15,02112,1
20220116,15,02116,1
20220116,15,02122,2
20220116,15,02129,1
20220116,15,02143,1
20220116,15,02148,1
20220116,15,02171,1
20220116,15,02185,3
20220116,15,02191,1
20220116,15,02198,1
20220116,15,03311,2
20220116,16,02116,1
20220116,16,02122,2
20220116,16,02128,2
20220116,16,02143,1
20220116,16,02171,3
20220116,16,02172,2
20220116,16,02178,1
20220116,16,02179,1
20220116,16,02198,1
20220116,16,03311,2
20220116,17,02111,3
20220116,17,02112,1
20220116,17,02148,1
20220116,17,02178,3
20220116,17,02179,2
20220116,17,02185,1
20220116,17,02191,2
20220116,17,02198,1
20220116,18,02111,5
20220116,18,02112,1
20220116,18,02129,1
20220116,18,02159,1
20220116,18,02171,2
20220116,18,02179,2
20220116,18,02191,1
20220116,18,03311,1
20220116,19,02112,2
20220116,19,02129,1
20220116,19,02143,1
20220116,19,02148,1
20220116,19,02171,2
20220116,19,02179,1
20220116,19,03311,1
20220116,2,02112,1
20220116,2,02171,1
20220116,2,02185,1
20220116,20,02111,3
20220116,20,02112,2
20220116,20,02116,1
20220116,20,02143,1
20220116,20,02171,2
20220116,20,02178,1
20220116,21,02111,1
20220116,21,02112,1
20220116,21,02143,1
20220116,21,02171,2
20220116,21,02178,2
20220116,21,02185,1
20220116,21,02191,2
20220116,21,02198,1
20220116,21,03311,1
20220116,22,02112,2
20220116,22,02116,1
20220116,22,02171,1
20220116,22,02178,1
20220116,23,02111,1
20220116,23,02112,1
20220116,23,02122,1
20220116,23,02179,2
20220116,3,02171,1
20220116,4,02111,1
20220116,4,02112,1
20220116,4,02139,1
20220116,4,02148,1
20220116,4,02198,1
20220116,5,02139,1
20220116,5,02186,1
20220116,5,03311,1
20220116,6,02171,1
20220116,6,02191,1
20220116,7,02159,1
20220116,7,02191,1
20220116,8,02111,1
20220116,8,02143,1
20220116,8,02185,1
20220116,8,02191,1
20220116,9,02191,1
20220117,0,02112,3
20220117,0,02129,1
20220117,0,02171,2
20220117,0,02198,1
20220117,1,02179,1
20220117,10,02122,1
20220117,10,02128,1
20220117,10,02129,1
20220117,10,02139,2
20220117,10,02171,2
20220117,10,02178,1
20220117,10,02185,1
20220117,10,03311,1
20220117,11,02111,2
20220117,11,02116,1
20220117,11,02143,1
20220117,11,02171,2
20220117,11,03311,1
20220117,12,02112,1
20220117,12,02129,1
20220117,12,02171,1
20220117,12,02172,1
20220117,12,02179,4
20220117,12,02186,2
20220117,13,02111,2
20220117,13,02112,1
20220117,13,02116,1
20220117,13,02129,1
20220117,13,02148,1
20220117,13,02171,3
20220117,13,02179,2
20220117,13,02185,1
20220117,13,02191,3
20220117,13,02198,2
20220117,13,02199,1
20220117,14,02112,1
20220117,14,02128,1
20220117,14,02148,1
20220117,14,02191,1
20220117,14,03311,1
20220117,15,02122,1
20220117,15,02139,1
20220117,15,02148,1
20220117,15,02172,1
20220117,15,02179,2
20220117,15,03802,2
20220117,16,02112,2
20220117,16,02116,1
20220117,16,02128,1
20220117,16,02139,3
20220117,16,02159,1
20220117,16,02171,1
20220117,16,02185,1
20220117,16,02191,1
20220117,16,02198,1
20220117,17,02111,1
20220117,17,02122,1
20220117,17,02128,1
20220117,17,02130,1
20220117,17,02139,1
20220117,17,02148,1
20220117,17,02171,3
20220117,17,02179,1
20220117,17,02185,2
20220117,17,02186,1
20220117,17,02191,1
20220117,17,03311,3
20220117,19,02112,1
20220117,19,02143,1
20220117,19,02159,1
20220117,19,02185,1
20220117,19,02186,1
20220117,19,02199,1
20220117,19,03311,1
20220117,2,02112,2
20220117,2,02122,1
20220117,2,02198,1
20220117,20,02116,1
20220117,20,02179,1
20220117,21,02111,1
20220117,21,02112,2
20220117,21,02122,2
20220117,21,02171,3
20220117,21,02178,1
20220117,21,02179,2
20220117,21,02198,2
20220117,21,02199,1
20220117,22,02111,2
20220117,22,02128,1
20220117,22,02139,1
20220117,22,02179,1
20220117,22,02191,3
20220117,22,03311,2
20220117,23,02111,1
20220117,23,02112,1
20220117,23,02179,1
20220117,23,02185,1
20220117,23,02199,2
20220117,5,02172,1
20220117,5,02185,1
20220117,6,02143,1
20220117,6,02159,1
20220117,6,02171,1
20220117,6,02198,1
20220117,6,03310,1
20220117,7,02112,1
20220117,7,02129,1
20220117,7,02143,1
20220117,7,02159,2
20220117,7,02191,2
20220117,7,03802,1
20220117,8,02112,1
20220117,8,02116,3
20220117,8,02122,1
20220117,8,02128,1
20220117,8,02148,2
20220117,8,02171,2
20220117,8,02179,2
20220117,8,02191,1
20220117,9,02111,1
20220117,9,02112,2
20220117,9,02159,1
20220117,9,02171,1
20220117,9,02185,1
20220118,0,02112,2
20220118,0,02139,1
20220118,0,02159,1
20220118,0,02171,1
20220118,0,02178,1
20220118,0,02179,1
20220118,0,02185,1
20220118,0,02198,2
20220118,0,03311,4
20220118,1,02171,1
20220118,10,02111,2
20220118,10,02112,2
20220118,10,02139,1
20220118,10,02148,1
20220118,10,02159,1
20220118,10,02171,1
20220118,10,02172,1
20220118,10,02178,1
20220118,10,02179,1
20220118,10,02191,2
20220118,10,02198,1
20220118,10,03310,1
20220118,11,02111,1
20220118,11,02112,1
20220118,11,02116,1
20220118,11,02128,1
20220118,11,02139,1
20220118,11,02148,1
20220118,11,02171,1
20220118,11,03310,1
20220118,11,03802,1
20220118,12,02112,2
20220118,12,02116,1
20220118,12,02139,2
20220118,12,02171,1
20220118,12,02172,1
20220118,12,02178,1
20220118,12,02186,1
20220118,12,02191,1
20220118,12,02198,1
20220118,12,03802,1
20220118,13,02111,1
20220118,13,02112,1
20220118,13,02122,1
20220118,13,02128,1
20220118,13,02171,2
20220118,13,02178,1
20220118,13,02179,1
20220118,13,03310,2
20220118,13,03311,1
20220118,14,02111,1
20220118,14,02112,1
20220118,14,02116,1
20220118,14,02139,1
20220118,14,02148,1
20220118,14,02172,1
20220118,14,02186,1
20220118,14,02199,1
20220118,14,03310,1
20220118,14,03311,1
20220118,15,02112,3
20220118,15,02116,4
20220118,15,02128,1
20220118,15,02129,1
20220118,15,02143,2
20220118,15,02171,1
20220118,15,02172,2
20220118,15,02185,1
20220118,15,03310,3
20220118,15,03311,1
20220118,16,02128,2
20220118,16,02139,1
20220118,16,02148,2
20220118,16,02159,2
20220118,16,02191,2
20220118,16,02198,2
20220118,16,03310,1
20220118,17,02111,2
20220118,17,02112,1
20220118,17,02116,2
20220118,17,02143,2
20220118,17,02148,1
20220118,17,02179,6
20220118,17,02191,2
20220118,17,03311,2
20220118,18,02111,1
20220118,18,02116,1
20220118,18,02129,2
20220118,18,02148,2
20220118,18,02171,3
20220118,18,02178,2
20220118,18,02179,1
20220118,18,02185,1
20220118,18,03310,3
20220118,19,02111,3
20220118,19,02112,1
20220118,19,02116,1
20220118,19,02122,1
20220118,19,02128,1
20220118,19,02129,2
20220118,19,02171,3
20220118,19,02172,1
20220118,19,02178,1
20220118,19,02179,1
20220118,19,02186,1
20220118,19,02198,2
20220118,19,03311,3
20220118,2,02111,1
20220118,2,02198,1
20220118,20,02111,1
20220118,20,02112,2
20220118,20,02122,1
20220118,20,02143,2
20220118,20,02171,4
20220118,20,02178,2
20220118,20,02179,1
20220118,20,02191,2
20220118,21,02111,4
20220118,21,02112,3
20220118,21,02116,6
20220118,21,02122,1
20220118,21,02143,1
20220118,21,02148,1
20220118,21,02159,3
20220118,21,02171,5
20220118,21,02179,1
20220118,21,02186,1
20220118,21,02191,2
20220118,21,02198,1
20220118,21,03311,2
20220118,22,02112,2
20220118,22,02129,1
20220118,22,02139,3
20220118,22,02178,1
20220118,22,02179,2
20220118,22,02191,2
20220118,22,03310,1
20220118,22,03311,2
20220118,23,02112,2
20220118,23,02122,1
20220118,23,02171,1
20220118,23,02172,1
20220118,23,02178,1
20220118,23,02179,2
20220118,23,02185,1
20220118,23,02186,1
20220118,23,02198,1
20220118,23,03311,1
20220118,3,02122,1
20220118,3,02148,1
20220118,3,02186,1
20220118,4,02116,1
20220118,4,02198,2
20220118,5,02159,1
20220118,5,02172,1
20220118,5,02185,1
20220118,6,02112,1
20220118,6,02159,1
20220118,6,02186,1
20220118,6,03310,1
20220118,7,02116,1
20220118,7,02159,1
20220118,7,02185,1
20220118,8,02112,1
20220118,8,02116,1
20220118,8,02143,1
20220118,8,02148,1
20220118,8,02159,1
20220118,8,02179,2
20220118,8,02186,1
20220118,8,02191,2
20220118,9,02128,1
20220118,9,02139,1
20220118,9,02143,1
20220118,9,02171,1
20220118,9,03310,2
20220119,0,02111,1
20220119,0,02112,1
20220119,0,02116,3
20220119,0,02129,1
20220119,0,02178,1
20220119,0,02185,1
20220119,0,02186,1
20220119,0,02198,1
20220119,0,03311,1
20220119,1,02112,1
20220119,1,02191,1
20220119,10,02112,1
20220119,11,02171,1
20220119,11,02198,1
20220119,12,02139,2
20220119,13,02112,1
20220119,13,02116,1
20220119,13,02185,1
20220119,14,02116,1
20220119,14,02172,1
20220119,14,02185,1
20220119,14,02191,1
20220119,15,02111,1
20220119,15,02116,1
20220119,15,02139,1
20220119,15,02171,1
20220119,15,02191,1
20220119,15,03311,2
20220119,16,02139,1
20220119,17,02128,1
20220119,17,02139,1
20220119,17,02178,2
20220119,17,02191,2
20220119,18,02111,3
20220119,18,02116,1
20220119,18,02129,4
20220119,18,02171,1
20220119,18,02185,1
20220119,18,02186,1
20220119,18,02198,1
20220119,19,02112,1
20220119,19,02116,1
20220119,19,02122,1
20220119,19,02143,1
20220119,19,02171,1
20220119,19,02172,1
20220119,19,02185,1
20220119,19,02186,1
20220119,19,02198,1
20220119,2,02116,1
20220119,2,02139,1
20220119,20,02111,1
20220119,20,02148,1
20220119,20,02179,2
20220119,20,02186,1
20220119,20,02191,1
20220119,20,02198,1
20220119,20,03311,1
20220119,21,02111,1
20220119,21,02116,3
20220119,21,02128,1
20220119,21,02171,1
20220119,21,02178,2
20220119,21,03311,2
20220119,22,02111,1
20220119,22,02112,1
20220119,22,02116,1
20220119,22,02128,2
20220119,22,02139,1
20220119,22,02143,1
20220119,22,02191,2
20220119,23,02111,1
20220119,23,02112,1
20220119,23,02116,1
20220119,23,02179,2
20220119,23,02185,1
20220119,23,03310,1
20220119,4,02186,1
20220119,5,02172,1
20220119,5,02185,1
20220119,6,02171,1
20220119,6,02186,2
20220119,6,03310,1
20220119,7,02112,1
20220119,7,02139,1
20220119,7,02191,2
20220119,7,03802,1
20220119,8,02112,1
20220119,8,02116,2
20220119,8,02128,1
20220119,8,02148,1
20220119,8,02171,1
20220119,8,02179,1
20220119,8,02198,2
20220119,9,02122,1
20220119,9,02143,1
20220119,9,02159,1
20220119,9,02171,1
20220119,9,03310,1
20220119,9,03311,1
20220120,0,02116,1
20220120,0,02122,1
20220120,0,02148,1
20220120,0,02171,1
20220120,0,02199,1
20220120,0,03311,2
20220120,10,02111,2
20220120,10,02122,1
20220120,10,02143,1
20220120,10,02171,1
20220120,10,02199,1
20220120,10,03311,1
20220120,11,02116,1
20220120,11,02128,1
20220120,11,02139,1
20220120,11,02171,1
20220120,12,02111,1
20220120,12,02112,1
20220120,12,02139,1
20220120,12,02171,2
20220120,12,02172,1
20220120,12,02191,1
20220120,12,02198,1
20220120,12,03311,1
20220120,13,02111,2
20220120,13,02128,1
20220120,13,02129,1
20220120,13,02139,1
20220120,13,02171,2
20220120,13,02179,3
20220120,13,02191,1
20220120,13,03311,2
20220120,14,02112,2
20220120,14,02116,1
20220120,14,02128,1
20220120,14,02139,1
20220120,14,02148,1
20220120,14,02171,1
20220120,14,02191,1
20220120,14,02198,1
20220120,15,02111,1
20220120,15,02112,1
20220120,15,02116,2
20220120,15,02148,2
20220120,15,02159,3
20220120,15,02171,1
20220120,15,02178,1
20220120,15,02179,1
20220120,15,02186,1
20220120,15,02198,1
20220120,16,02111,1
20220120,16,02112,1
20220120,16,02122,1
20220120,16,02171,2
20220120,16,02178,1
20220120,16,02179,1
20220120,16,02185,1
20220120,17,02111,3
20220120,17,02112,1
20220120,17,02128,1
20220120,17,02129,2
20220120,17,02143,1
20220120,17,02171,3
20220120,17,03311,2
20220120,18,02111,1
20220120,18,02112,1
20220120,18,02116,1
20220120,18,02122,2
20220120,18,02128,1
20220120,18,02129,1
20220120,18,02130,1
20220120,18,02143,1
20220120,18,02171,2
20220120,18,02172,2
20220120,18,02179,3
20220120,18,02185,1
20220120,18,02186,1
20220120,18,02191,1
20220120,18,03311,3
20220120,19,02111,2
20220120,19,02112,4
20220120,19,02116,1
20220120,19,02128,1
20220120,19,02129,1
20220120,19,02171,1
20220120,19,02179,1
20220120,19,02185,2
20220120,19,02186,2
20220120,19,02199,1
20220120,19,03311,2
20220120,2,02129,1
20220120,2,02179,1
20220120,20,02111,1
20220120,20,02116,1
20220120,20,02129,2
20220120,20,02148,1
20220120,20,02159,1
20220120,20,02179,1
20220120,20,02185,1
20220120,20,02186,1
20220120,20,02191,1
20220120,20,03311,1
20220120,21,02111,3
20220120,21,02112,1
20220120,21,02116,4
20220120,21,02122,1
20220120,21,02128,1
20220120,21,02129,2
20220120,21,02171,7
20220120,21,02191,1
20220120,21,02198,2
20220120,21,03311,3
20220120,22,02111,1
20220120,22,02116,2
20220120,22,02139,1
20220120,22,02171,3
20220120,22,02179,2
20220120,22,02185,1
20220120,22,02186,1
20220120,22,02191,2
20220120,22,03310,1
20220120,22,03311,1
20220120,23,02111,1
20220120,23,02128,2
20220120,23,02139,2
20220120,23,02179,1
20220120,23,03310,1
20220120,3,02111,1
20220120,3,02179,1
20220120,4,02198,1
20220120,5,02159,1
20220120,6,02112,1
20220120,6,02159,1
20220120,6,02171,1
20220120,6,02185,1
20220120,7,02116,1
20220120,7,02159,1
20220120,7,02186,1
20220120,7,02191,1
20220120,7,03310,1
20220120,8,02112,1
20220120,8,02128,1
20220120,8,02139,1
20220120,8,02171,1
20220120,8,02179,2
20220120,8,02186,2
20220120,8,02198,1
20220120,9,02111,1
20220120,9,02139,1
20220120,9,02171,1
20220120,9,03311,1
20220121,0,02112,1
20220121,0,02116,2
20220121,0,02171,1
20220121,0,02179,1
20220121,0,03311,1
20220121,1,02112,1
20220121,1,02116,1
20220121,1,02129,1
20220121,1,02148,1
20220121,1,02199,1
20220121,10,02116,1
20220121,10,02128,1
20220121,10,02139,1
20220121,10,02143,1
20220121,10,02159,1
20220121,10,02171,1
20220121,10,02185,1
20220121,10,02191,1
20220121,11,02111,1
20220121,11,02112,2
20220121,11,02116,1
20220121,11,02128,1
20220121,11,02129,1
20220121,11,02139,1
20220121,11,02171,3
20220121,11,02172,1
20220121,11,02179,2
20220121,11,02191,2
20220121,11,02198,1
20220121,12,02111,1
20220121,12,02112,1
20220121,12,02122,1
20220121,12,02129,1
20220121,12,02130,1
20220121,12,02171,1
20220121,12,02199,1
20220121,12,03311,1
20220121,13,02111,2
20220121,13,02116,1
20220121,13,02139,1
20220121,13,02159,3
20220121,13,02179,2
20220121,13,02186,2
20220121,13,02191,1
20220121,13,02198,1
20220121,13,03311,1
20220121,14,02111,3
20220121,14,02116,3
20220121,14,02128,2
20220121,14,02148,1
20220121,14,02185,1
20220121,14,02186,1
20220121,14,03311,2
20220121,15,02111,2
20220121,15,02129,1
20220121,15,02148,3
20220121,15,02171,4
20220121,15,02178,2
20220121,15,02186,1
20220121,15,02191,1
20220121,15,02198,1
20220121,15,02199,1
20220121,15,03311,3
20220121,16,02111,3
20220121,16,02112,2
20220121,16,02116,3
20220121,16,02128,1
20220121,16,02129,1
20220121,16,02139,1
20220121,16,02159,2
20220121,16,02178,1
20220121,16,02179,3
20220121,16,02186,1
20220121,16,02191,1
20220121,16,02198,2
20220121,16,03311,1
20220121,17,02116,1
20220121,17,02122,1
20220121,17,02129,2
20220121,17,02148,1
20220121,17,02159,1
20220121,17,02171,1
20220121,17,02178,1
20220121,17,02198,2
20220121,17,03311,2
20220121,17,03802,1
20220121,18,02111,2
20220121,18,02112,1
20220121,18,02116,1
20220121,18,02129,3
20220121,18,02139,1
20220121,18,02148,4
20220121,18,02171,3
20220121,18,02172,1
20220121,18,02178,5
20220121,18,02179,2
20220121,18,02191,1
20220121,18,02198,2
20220121,18,03310,3
20220121,18,03311,3
20220121,19,02111,2
20220121,19,02116,1
20220121,19,02122,1
20220121,19,02128,1
20220121,19,02143,2
20220121,19,02148,1
20220121,19,02159,1
20220121,19,02171,4
20220121,19,02179,4
20220121,19,02191,2
20220121,19,03310,1
20220121,19,03311,2
20220121,2,02112,1
20220121,2,02139,1
20220121,2,02159,1
20220121,2,03311,1
20220121,20,02111,3
20220121,20,02112,2
20220121,20,02116,2
20220121,20,02171,2
20220121,20,02178,1
20220121,20,02179,2
20220121,20,02186,1
20220121,20,02191,1
20220121,20,03310,1
20220121,21,02112,5
20220121,21,02116,2
20220121,21,02128,1
20220121,21,02129,1
20220121,21,02143,1
20220121,21,02159,1
20220121,21,02171,3
20220121,21,02178,1
20220121,21,02179,1
20220121,21,02185,2
20220121,21,02191,1
20220121,21,03311,4
20220121,22,02111,1
20220121,22,02122,2
20220121,22,02129,1
20220121,22,02139,1
20220121,22,02178,1
20220121,22,02186,1
20220121,22,02191,1
20220121,22,02198,2
20220121,22,03311,2
20220121,23,02111,1
20220121,23,02139,1
20220121,23,02178,1
20220121,23,02179,1
20220121,23,02185,1
20220121,23,02186,1
20220121,4,02148,1
20220121,4,02198,3
20220121,5,02159,1
20220121,5,02171,1
20220121,5,02172,1
20220121,5,02185,1
20220121,6,02112,1
20220121,6,02116,1
20220121,6,02179,1
20220121,6,02186,1
20220121,7,02172,1
20220121,7,02191,1
20220121,7,03311,1
20220121,8,02116,3
20220121,8,02122,1
20220121,8,02128,1
20220121,8,02143,1
20220121,8,02148,2
20220121,8,02159,1
20220121,8,02171,1
20220121,8,02179,1
20220121,8,02191,1
20220121,8,03310,1
20220121,9,02111,1
20220121,9,02112,1
20220121,9,02129,1
20220121,9,02171,1
20220121,9,02191,1
20220121,9,03310,1
20220122,0,02111,1
20220122,0,02112,3
20220122,0,02116,2
20220122,0,02171,3
20220122,0,02179,1
20220122,0,02186,1
20220122,0,02198,2
20220122,1,02112,1
20220122,1,02139,1
20220122,1,02171,1
20220122,1,02179,1
20220122,1,02186,2
20220122,10,02111,1
20220122,10,02112,1
20220122,10,02116,1
20220122,10,02148,1
20220122,10,02171,1
20220122,10,02179,1
20220122,10,02186,1
20220122,10,02198,1
20220122,10,03310,1
20220122,11,02111,1
20220122,11,02112,1
20220122,11,02122,1
20220122,11,02128,1
20220122,11,02139,1
20220122,11,02148,1
20220122,11,02159,1
20220122,11,02171,2
20220122,11,02179,4
20220122,11,02191,2
20220122,11,02198,1
20220122,11,03310,2
20220122,11,03802,1
20220122,12,02111,1
20220122,12,02112,1
20220122,12,02122,1
20220122,12,02129,1
20220122,12,02143,1
20220122,12,02148,2
20220122,12,02159,1
20220122,12,02171,2
20220122,12,02172,1
20220122,12,02179,1
20220122,12,02185,1
20220122,12,02191,3
20220122,12,03310,1
20220122,12,03311,1
20220122,13,02111,3
20220122,13,02112,1
20220122,13,02122,1
20220122,13,02139,1
20220122,13,02159,1
20220122,13,02171,3
20220122,13,02172,5
20220122,13,02178,2
20220122,13,02179,2
20220122,13,02185,3
20220122,13,02186,1
20220122,13,02198,1
20220122,13,03310,2
20220122,13,03311,2
20220122,14,02111,1
20220122,14,02116,5
20220122,14,02148,4
20220122,14,02171,2
20220122,14,02179,2
20220122,14,02185,2
20220122,14,02186,1
20220122,14,02191,1
20220122,14,02198,3
20220122,14,03310,2
20220122,15,02111,3
20220122,15,02112,7
20220122,15,02116,1
20220122,15,02128,4
20220122,15,02130,2
20220122,15,02148,1
20220122,15,02172,2
20220122,15,02178,1
20220122,15,02179,1
20220122,15,02185,3
20220122,15,02191,2
20220122,15,03310,1
20220122,15,03802,1
20220122,16,02112,2
20220122,16,02116,3
20220122,16,02122,1
20220122,16,02128,2
20220122,16,02129,1
20220122,16,02130,1
20220122,16,02148,3
20220122,16,02172,1
20220122,16,02179,1
20220122,16,02186,1
20220122,16,02191,4
20220122,16,02198,1
20220122,16,03311,2
20220122,17,02112,2
20220122,17,02122,4
20220122,17,02128,3
20220122,17,02129,1
20220122,17,02130,1
20220122,17,02139,1
20220122,17,02143,1
20220122,17,02148,1
20220122,17,02159,1
20220122,17,02171,2
20220122,17,02172,1
20220122,17,02179,1
20220122,17,02185,1
20220122,17,02191,3
20220122,17,02198,1
20220122,17,03311,2
20220122,18,02128,2
20220122,18,02129,1
20220122,18,02143,1
20220122,18,02159,2
20220122,18,02171,2
20220122,18,02172,2
20220122,18,02178,2
20220122,18,03311,1
20220122,19,02116,2
20220122,19,02148,1
20220122,19,02159,1
20220122,19,02186,1
20220122,19,02191,1
20220122,19,03310,1
20220122,2,02111,1
20220122,2,02178,1
20220122,2,02191,1
20220122,2,03310,1
20220122,20,02112,1
20220122,20,02116,1
20220122,20,02128,4
20220122,20,02129,1
20220122,20,02143,1
20220122,20,02148,2
20220122,20,02171,2
20220122,20,02179,2
20220122,20,02185,1
20220122,20,02191,2
20220122,20,03311,2
20220122,21,02111,2
20220122,21,02112,1
20220122,21,02122,2
20220122,21,02143,1
20220122,21,02179,1
20220122,21,02185,1
20220122,21,02186,1
20220122,21,02191,1
20220122,21,02198,1
20220122,21,03311,1
20220122,22,02111,3
20220122,22,02128,1
20220122,22,02129,2
20220122,22,02143,1
20220122,22,02172,1
20220122,22,02178,2
20220122,22,02179,3
20220122,22,02185,1
20220122,22,02186,1
20220122,22,02191,2
20220122,22,02198,1
20220122,23,02111,2
20220122,23,02112,1
20220122,23,02148,1
20220122,23,02185,3
20220122,23,02198,2
20220122,5,02172,1
20220122,7,02139,1
20220122,8,02112,1
20220122,8,02143,1
20220122,8,02148,1
20220122,8,02179,1
20220122,8,02185,3
20220122,8,02191,1
20220122,8,02198,1
20220122,9,02111,1
20220122,9,02128,1
20220122,9,02139,1
20220122,9,02171,3
20220122,9,02172,1
20220122,9,02185,2
20220122,9,02191,1
20220122,9,03310,2
20220122,9,03311,1
20220123,0,02112,2
20220123,0,02116,2
20220123,0,02139,1
20220123,0,02171,3
20220123,0,02178,1
20220123,0,02185,1
20220123,1,02171,2
20220123,1,02186,1
20220123,1,02198,1
20220123,10,02128,2
20220123,10,02139,1
20220123,10,02179,1
20220123,10,02185,1
20220123,10,03311,1
20220123,11,02112,1
20220123,11,02130,1
20220123,11,02171,1
20220123,11,02172,1
20220123,11,02185,1
20220123,11,02186,1
20220123,11,02191,1
20220123,12,02111,1
20220123,12,02122,2
20220123,12,02128,2
20220123,12,02129,1
20220123,12,02130,4
20220123,12,02139,1
20220123,12,02143,1
20220123,12,02159,4
20220123,12,02171,2
20220123,12,02178,2
20220123,12,02179,1
20220123,12,02185,1
20220123,12,02186,1
20220123,12,02191,1
20220123,12,03310,4
20220123,12,03311,1
20220123,13,02116,1
20220123,13,02130,2
20220123,13,02139,2
20220123,13,02159,2
20220123,13,02171,5
20220123,13,02172,2
20220123,13,02179,9
20220123,13,02185,1
20220123,13,02186,1
20220123,13,02191,4
20220123,13,03802,1
20220123,14,02111,2
20220123,14,02112,3
20220123,14,02116,4
20220123,14,02122,2
20220123,14,02129,1
20220123,14,02139,1
20220123,14,02143,1
20220123,14,02171,5
20220123,14,02172,1
20220123,14,02178,1
20220123,14,02179,1
20220123,14,02185,1
20220123,14,02191,1
20220123,14,02198,1
20220123,15,02112,2
20220123,15,02116,3
20220123,15,02122,4
20220123,15,02128,2
20220123,15,02129,1
20220123,15,02139,2
20220123,15,02159,2
20220123,15,02171,3
20220123,15,02178,2
20220123,15,02179,2
20220123,15,02191,4
20220123,15,03310,4
20220123,15,03311,1
20220123,16,02111,3
20220123,16,02112,3
20220123,16,02116,1
20220123,16,02122,4
20220123,16,02128,2
20220123,16,02139,3
20220123,16,02148,1
20220123,16,02159,1
20220123,16,02172,6
20220123,16,02179,1
20220123,16,02185,1
20220123,16,02186,1
20220123,16,02191,2
20220123,16,02198,1
20220123,16,03310,2
20220123,16,03311,1
20220123,17,02111,2
20220123,17,02112,4
20220123,17,02116,2
20220123,17,02122,2
20220123,17,02139,1
20220123,17,02143,1
20220123,17,02148,1
20220123,17,02171,3
20220123,17,02172,2
20220123,17,02178,1
20220123,17,02185,1
20220123,17,02198,3
20220123,17,03310,1
20220123,18,02111,4
20220123,18,02112,2
20220123,18,02116,2
20220123,18,02122,1
20220123,18,02128,1
20220123,18,02129,1
20220123,18,02130,1
20220123,18,02139,4
20220123,18,02143,1
20220123,18,02148,1
20220123,18,02172,1
20220123,18,02178,2
20220123,18,02179,1
20220123,18,02185,2
20220123,18,02186,1
20220123,18,02198,2
20220123,19,02111,2
20220123,19,02112,3
20220123,19,02116,2
20220123,19,02122,2
20220123,19,02148,1
20220123,19,02171,1
20220123,19,02191,1
20220123,19,02198,2
20220123,2,02112,1
20220123,2,02129,1
20220123,2,02171,2
20220123,2,02185,1
20220123,2,03311,1
20220123,20,02111,1
20220123,20,02112,1
20220123,20,02116,3
20220123,20,02122,2
20220123,20,02128,1
20220123,20,02129,1
20220123,20,02148,1
20220123,20,02178,1
20220123,20,02191,1
20220123,20,02198,1
20220123,20,03310,1
20220123,20,03311,3
20220123,21,02111,1
20220123,21,02112,1
20220123,21,02122,1
20220123,21,02171,2
20220123,21,02179,1
20220123,21,02185,1
20220123,21,02191,1
20220123,21,02198,1
20220123,21,03310,2
20220123,21,03311,2
20220123,22,02111,3
20220123,22,02112,3
20220123,22,02128,1
20220123,22,02159,1
20220123,22,02178,2
20220123,22,02179,1
20220123,22,02198,3
20220123,22,03311,3
20220123,22,03802,1
20220123,23,02112,1
20220123,23,02122,1
20220123,23,02139,1
20220123,23,02148,1
20220123,23,02171,1
20220123,23,02178,1
20220123,23,02186,1
20220123,23,03311,1
20220123,4,02116,1
20220123,4,02122,1
20220123,4,02128,1
20220123,4,02198,1
20220123,5,02116,1
20220123,5,02185,1
20220123,5,02198,1
20220123,6,02186,1
20220123,7,02159,1
20220123,8,02128,1
20220123,8,02143,1
20220123,8,02186,1
20220123,8,02191,1
20220123,9,02111,2
20220123,9,02171,1
20220123,9,02179,1
20220124,0,02112,1
20220124,0,02129,1
20220124,0,02171,2
20220124,0,02191,1
20220124,0,02198,1
20220124,0,03311,1
20220124,1,02111,1
20220124,1,02112,2
20220124,1,02139,1
20220124,10,02111,3
20220124,10,02112,1
20220124,10,02139,1
20220124,10,02143,1
20220124,10,02171,1
20220124,10,02172,1
20220124,10,02178,1
20220124,10,02186,1
20220124,10,03311,3
20220124,11,02111,1
20220124,11,02112,2
20220124,11,02116,1
20220124,11,02129,2
20220124,11,02148,1
20220124,11,02171,2
20220124,11,02185,1
20220124,11,02186,1
20220124,11,03311,1
20220124,12,02112,2
20220124,12,02128,1
20220124,12,02139,2
20220124,12,02143,1
20220124,12,02148,2
20220124,12,02159,1
20220124,12,02171,3
20220124,12,02172,2
20220124,12,02178,1
20220124,12,02186,1
20220124,12,02191,1
20220124,12,03311,1
20220124,13,02111,1
20220124,13,02116,1
20220124,13,02122,2
20220124,13,02139,3
20220124,13,02143,1
20220124,13,02148,1
20220124,13,02171,3
20220124,13,02172,1
20220124,13,02178,2
20220124,13,02179,3
20220124,13,02185,1
20220124,13,03311,2
20220124,13,03802,1
20220124,14,02111,3
20220124,14,02112,2
20220124,14,02116,3
20220124,14,02128,1
20220124,14,02148,2
20220124,14,02159,1
20220124,14,02171,2
20220124,14,02178,1
20220124,15,02112,1
20220124,15,02116,4
20220124,15,02122,1
20220124,15,02130,1
20220124,15,02139,3
20220124,15,02148,1
20220124,15,02159,1
20220124,15,02171,3
20220124,15,02178,1
20220124,15,02179,1
20220124,15,02186,1
20220124,15,02191,1
20220124,15,02198,1
20220124,15,03802,1
20220124,16,02112,1
20220124,16,02116,1
20220124,16,02122,1
20220124,16,02128,2
20220124,16,02139,2
20220124,16,02148,2
20220124,16,02171,2
20220124,16,02172,1
20220124,16,02178,1
20220124,16,02185,1
20220124,16,02191,1
20220124,16,03311,2
20220124,16,03802,2
20220124,17,02111,3
20220124,17,02112,3
20220124,17,02116,1
20220124,17,02122,1
20220124,17,02128,1
20220124,17,02130,2
20220124,17,02143,2
20220124,17,02171,5
20220124,17,02172,1
20220124,17,02178,1
20220124,17,02179,2
20220124,17,02185,2
20220124,17,02191,1
20220124,17,02198,2
20220124,17,03311,6
20220124,18,02111,3
20220124,18,02112,2
20220124,18,02143,1
20220124,18,02148,5
20220124,18,02171,4
20220124,18,02179,5
20220124,18,02185,1
20220124,18,02186,3
20220124,18,02191,2
20220124,18,03311,1
20220124,19,02111,3
20220124,19,02112,4
20220124,19,02116,1
20220124,19,02128,1
20220124,19,02129,1
20220124,19,02130,1
20220124,19,02148,1
20220124,19,02171,2
20220124,19,02172,1
20220124,19,02179,3
20220124,19,02186,2
20220124,19,02191,2
20220124,19,03311,2
20220124,2,02111,1
20220124,2,02178,1
20220124,2,02185,1
20220124,20,02111,2
20220124,20,02112,2
20220124,20,02129,1
20220124,20,02139,2
20220124,20,02143,1
20220124,20,02148,1
20220124,20,02159,1
20220124,20,02171,2
20220124,20,02185,1
20220124,20,02191,3
20220124,20,02198,1
20220124,21,02111,2
20220124,21,02112,1
20220124,21,02116,4
20220124,21,02128,1
20220124,21,02143,1
20220124,21,02148,2
20220124,21,02171,4
20220124,21,02178,1
20220124,21,02179,3
20220124,21,02185,1
20220124,21,02186,1
20220124,21,02191,1
20220124,21,02198,2
20220124,22,02111,2
20220124,22,02112,1
20220124,22,02116,2
20220124,22,02128,1
20220124,22,02139,1
20220124,22,02143,3
20220124,22,02148,2
20220124,22,02171,3
20220124,22,02178,1
20220124,22,02179,4
20220124,22,02185,2
20220124,22,02186,1
20220124,22,02191,2
20220124,22,02198,1
20220124,22,03311,2
20220124,23,02112,1
20220124,23,02116,1
20220124,23,02122,1
20220124,23,02179,1
20220124,23,02186,1
20220124,23,02198,1
20220124,3,02122,1
20220124,3,02191,1
20220124,4,02122,1
20220124,4,02148,1
20220124,5,02122,1
20220124,5,02171,1
20220124,5,02185,1
20220124,5,02191,1
20220124,5,02198,1
20220124,6,02111,1
20220124,6,02112,1
20220124,6,02116,1
20220124,6,02172,1
20220124,6,02179,1
20220124,6,02186,1
20220124,6,02198,1
20220124,7,02116,1
20220124,7,02128,1
20220124,7,02171,1
20220124,7,02179,1
20220124,7,02185,2
20220124,7,02191,2
20220124,7,03311,1
20220124,7,03802,2
20220124,8,02139,1
20220124,8,02148,1
20220124,8,02171,1
20220124,8,02179,2
20220124,8,02185,1
20220124,8,02191,2
20220124,8,02198,1
20220124,9,02112,1
20220124,9,02128,2
20220124,9,02129,1
20220124,9,02139,1
20220124,9,02148,1
20220124,9,02171,3
20220125,0,02111,3
20220125,0,02112,1
20220125,0,02171,1
20220125,0,02178,1
20220125,0,02179,2
20220125,0,02186,1
20220125,0,02198,1
20220125,10,02111,2
20220125,10,02112,1
20220125,10,02128,1
20220125,10,02129,1
20220125,10,02148,1
20220125,10,02179,1
20220125,10,03802,1
20220125,11,02111,1
20220125,11,02129,1
20220125,11,02139,1
20220125,11,02143,1
20220125,11,02148,1
20220125,11,02198,2
20220125,11,03311,1
20220125,11,03802,1
20220125,12,02111,1
20220125,12,02148,1
20220125,12,02171,1
20220125,12,02172,1
20220125,13,02129,1
20220125,13,02130,1
20220125,13,02143,1
20220125,13,02159,1
20220125,13,02171,2
20220125,13,02172,1
20220125,13,02185,2
20220125,13,02198,2
20220125,13,03311,1
20220125,14,02111,1
20220125,14,02112,1
20220125,14,02128,1
20220125,14,02143,3
20220125,14,02171,1
20220125,14,02185,1
20220125,14,03310,1
20220125,14,03311,2
20220125,15,02112,3
20220125,15,02122,1
20220125,15,02139,1
20220125,15,02143,2
20220125,15,02148,1
20220125,15,02159,1
20220125,15,02171,1
20220125,15,03310,4
20220125,15,03311,1
20220125,16,02111,2
20220125,16,02112,1
20220125,16,02122,1
20220125,16,02128,2
20220125,16,02143,2
20220125,16,02171,1
20220125,16,02178,1
20220125,16,02179,2
20220125,16,02185,1
20220125,16,02191,1
20220125,16,02198,1
20220125,16,03310,1
20220125,16,03802,1
20220125,17,02111,1
20220125,17,02116,1
20220125,17,02122,1
20220125,17,02128,2
20220125,17,02129,1
20220125,17,02139,1
20220125,17,02148,2
20220125,17,02171,2
20220125,17,02172,1
20220125,17,02178,2
20220125,17,02179,2
20220125,17,02185,1
20220125,17,02186,1
20220125,17,02191,1
20220125,17,02198,1
20220125,17,03310,2
20220125,17,03311,2
20220125,17,03802,1
20220125,18,02111,3
20220125,18,02112,1
20220125,18,02122,1
20220125,18,02129,4
20220125,18,02130,2
20220125,18,02143,1
20220125,18,02159,1
20220125,18,02171,9
20220125,18,02172,1
20220125,18,02178,1
20220125,18,02179,2
20220125,18,02191,1
20220125,18,02198,1
20220125,18,03311,5
20220125,19,02111,2
20220125,19,02112,4
20220125,19,02116,3
20220125,19,02128,1
20220125,19,02129,2
20220125,19,02130,2
20220125,19,02143,2
20220125,19,02148,2
20220125,19,02171,4
20220125,19,02172,1
20220125,19,02179,2
20220125,19,02186,1
20220125,19,02191,1
20220125,19,02198,1
20220125,19,03310,1
20220125,19,03311,2
20220125,2,02111,1
20220125,2,02112,1
20220125,2,02171,1
20220125,20,02111,2
20220125,20,02112,1
20220125,20,02116,3
20220125,20,02122,1
20220125,20,02128,2
20220125,20,02139,1
20220125,20,02148,1
20220125,20,02179,1
20220125,20,02185,1
20220125,20,02186,2
20220125,20,02191,1
20220125,20,03310,2
20220125,20,03311,3
20220125,21,02111,2
20220125,21,02112,2
20220125,21,02116,1
20220125,21,02130,1
20220125,21,02143,5
20220125,21,02178,1
20220125,21,02179,1
20220125,21,02185,1
20220125,21,02191,6
20220125,21,02198,2
20220125,21,03311,1
20220125,21,03802,1
20220125,22,02112,2
20220125,22,02122,2
20220125,22,02129,1
20220125,22,02139,2
20220125,22,02148,1
20220125,22,02159,1
20220125,22,02179,2
20220125,22,02185,1
20220125,22,02191,2
20220125,22,02198,3
20220125,22,03311,1
20220125,23,02111,1
20220125,23,02116,1
20220125,23,02122,1
20220125,23,02129,1
20220125,23,02148,1
20220125,23,02171,2
20220125,23,03310,1
20220125,3,02159,1
20220125,4,02179,1
20220125,5,02139,1
20220125,5,02171,1
20220125,5,02185,1
20220125,6,02139,1
20220125,7,02112,1
20220125,7,02116,1
20220125,7,02128,1
20220125,7,02179,2
20220125,7,02185,2
20220125,7,02191,3
20220125,7,03310,1
20220125,8,02116,1
20220125,8,02130,1
20220125,8,02179,2
20220125,8,02191,1
20220125,8,02198,1
20220125,8,03310,1
20220125,9,02112,1
20220125,9,02128,1
20220125,9,02130,1
20220125,9,02139,1
20220125,9,02143,1
20220125,9,02159,1
20220125,9,02171,2
20220126,0,02112,2
20220126,0,02116,2
20220126,0,02186,1
20220126,0,02191,1
20220126,0,02198,2
20220126,1,02186,1
20220126,1,02191,1
20220126,1,03310,1
20220126,10,02122,1
20220126,10,02128,1
20220126,10,02143,1
20220126,10,02148,1
20220126,10,02171,1
20220126,10,02172,1
20220126,10,02178,1
20220126,10,03310,1
20220126,10,03311,2
20220126,10,03802,1
20220126,11,02111,1
20220126,11,02122,2
20220126,11,02128,1
20220126,11,02139,1
20220126,11,02143,2
20220126,11,02148,1
20220126,11,02171,2
20220126,11,02179,2
20220126,11,02185,2
20220126,12,02111,3
20220126,12,02128,1
20220126,12,02139,2
20220126,12,02143,1
20220126,12,02148,2
20220126,12,02171,3
20220126,12,02179,1
20220126,12,02191,1
20220126,12,02198,1
20220126,12,03311,1
20220126,13,02111,1
20220126,13,02112,3
20220126,13,02116,1
20220126,13,02128,2
20220126,13,02139,5
20220126,13,02143,2
20220126,13,02171,1
20220126,13,02178,1
20220126,13,02179,1
20220126,13,03311,1
20220126,14,02111,2
20220126,14,02112,1
20220126,14,02122,1
20220126,14,02130,2
20220126,14,02139,1
20220126,14,02171,1
20220126,14,02179,1
20220126,14,02186,1
20220126,14,02191,1
20220126,14,03311,1
20220126,15,02111,1
20220126,15,02112,2
20220126,15,02128,2
20220126,15,02139,3
20220126,15,02148,2
20220126,15,02171,4
20220126,15,02179,1
20220126,15,02185,1
20220126,15,02191,1
20220126,15,03311,2
20220126,16,02111,2
20220126,16,02112,4
20220126,16,02122,2
20220126,16,02139,1
20220126,16,02171,2
20220126,16,02178,1
20220126,16,02191,1
20220126,16,02198,1
20220126,16,03311,2
20220126,17,02111,1
20220126,17,02112,1
20220126,17,02116,3
20220126,17,02122,1
20220126,17,02148,2
20220126,17,02171,2
20220126,17,02172,1
20220126,17,02178,1
20220126,17,02179,2
20220126,17,02186,1
20220126,17,02191,1
20220126,18,02111,1
20220126,18,02116,1
20220126,18,02128,3
20220126,18,02129,5
20220126,18,02139,2
20220126,18,02148,2
20220126,18,02159,1
20220126,18,02171,4
20220126,18,02178,3
20220126,18,02179,3
20220126,18,02185,2
20220126,18,02191,1
20220126,18,02198,2
20220126,18,03310,1
20220126,19,02111,2
20220126,19,02112,2
20220126,19,02116,3
20220126,19,02122,2
20220126,19,02128,3
20220126,19,02129,1
20220126,19,02143,1
20220126,19,02148,1
20220126,19,02159,2
20220126,19,02171,6
20220126,19,02172,1
20220126,19,02179,1
20220126,19,02185,1
20220126,19,02198,4
20220126,19,03311,2
20220126,19,03802,1
20220126,2,02111,1
20220126,2,02179,1
20220126,20,02111,4
20220126,20,02112,4
20220126,20,02122,1
20220126,20,02130,1
20220126,20,02148,1
20220126,20,02171,5
20220126,20,02179,5
20220126,20,02186,2
20220126,20,02191,1
20220126,21,02111,3
20220126,21,02112,4
20220126,21,02116,8
20220126,21,02143,1
20220126,21,02171,3
20220126,21,02185,1
20220126,21,02186,1
20220126,21,02191,1
20220126,22,02111,1
20220126,22,02112,2
20220126,22,02129,1
20220126,22,02139,2
20220126,22,02171,1
20220126,22,02179,3
20220126,22,02185,1
20220126,22,02186,2
20220126,22,02191,2
20220126,23,02116,1
20220126,23,02139,1
20220126,23,02143,1
20220126,23,02148,2
20220126,23,02171,1
20220126,23,02179,2
20220126,23,03311,1
20220126,3,02159,1
20220126,4,02122,1
20220126,5,02172,1
20220126,5,02191,1
20220126,6,02159,1
20220126,6,02171,1
20220126,6,02185,1
20220126,6,02186,1
20220126,6,03310,1
20220126,7,02112,1
20220126,7,02159,1
20220126,7,02179,1
20220126,7,02185,1
20220126,7,02191,5
20220126,7,03310,1
20220126,7,03802,1
20220126,8,02112,1
20220126,8,02116,1
20220126,8,02122,1
20220126,8,02139,2
20220126,8,02171,2
20220126,8,02179,1
20220126,8,02185,1
20220126,8,02191,1
20220126,8,02198,1
20220126,8,03310,4
20220126,9,02111,2
20220126,9,02139,2
20220126,9,02143,2
20220126,9,02159,2
20220126,9,02171,2
20220126,9,02179,4
20220126,9,03311,1
20220127,0,02111,2
20220127,0,02112,1
20220127,0,02116,4
20220127,0,02122,1
20220127,0,02129,1
20220127,0,02171,1
20220127,0,02179,1
20220127,0,02191,1
20220127,1,02139,1
20220127,1,02143,1
20220127,1,02172,1
20220127,1,02191,1
20220127,1,02198,1
20220127,10,02111,2
20220127,10,02122,1
20220127,10,02139,1
20220127,10,02143,1
20220127,10,02172,1
20220127,10,02179,2
20220127,10,02186,1
20220127,11,02111,2
20220127,11,02112,1
20220127,11,02122,1
20220127,11,02128,1
20220127,11,02130,1
20220127,11,02139,1
20220127,11,02148,4
20220127,11,02159,2
20220127,11,02171,2
20220127,11,02172,2
20220127,12,02111,1
20220127,12,02112,2
20220127,12,02116,2
20220127,12,02122,1
20220127,12,02129,1
20220127,12,02143,1
20220127,12,02148,1
20220127,12,02171,4
20220127,12,02185,1
20220127,12,02191,2
20220127,12,02198,1
20220127,13,02111,2
20220127,13,02122,1
20220127,13,02128,5
20220127,13,02139,1
20220127,13,02148,1
20220127,13,02159,2
20220127,13,02171,4
20220127,13,02172,1
20220127,13,02179,1
20220127,13,02191,1
20220127,13,02198,1
20220127,14,02112,1
20220127,14,02128,1
20220127,14,02129,2
20220127,14,02148,1
20220127,14,02171,1
20220127,14,02178,1
20220127,14,02179,1
20220127,14,02186,3
20220127,15,02111,2
20220127,15,02112,1
20220127,15,02122,3
20220127,15,02128,1
20220127,15,02139,1
20220127,15,02148,2
20220127,15,02159,1
20220127,15,02172,1
20220127,15,02179,1
20220127,15,02185,1
20220127,15,02191,2
20220127,16,02116,1
20220127,16,02122,1
20220127,16,02128,1
20220127,16,02148,2
20220127,16,02159,2
20220127,16,02171,1
20220127,16,02172,1
20220127,16,02178,1
20220127,16,02179,1
20220127,16,02186,1
20220127,16,02198,1
20220127,16,03311,2
20220127,17,02111,2
20220127,17,02122,2
20220127,17,02129,2
20220127,17,02139,3
20220127,17,02148,2
20220127,17,02159,1
20220127,17,02171,3
20220127,17,02178,2
20220127,17,02179,1
20220127,17,02185,1
20220127,17,02186,2
20220127,17,02198,2
20220127,17,03311,1
20220127,18,02111,2
20220127,18,02128,1
20220127,18,02129,2
20220127,18,02143,1
20220127,18,02148,2
20220127,18,02171,2
20220127,18,02172,4
20220127,18,02178,2
20220127,18,02179,2
20220127,18,02185,1
20220127,18,02186,1
20220127,18,02198,2
20220127,18,03311,4
20220127,19,02112,1
20220127,19,02116,1
20220127,19,02128,2
20220127,19,02143,1
20220127,19,02148,1
20220127,19,02159,1
20220127,19,02171,3
20220127,19,02179,1
20220127,19,02185,3
20220127,19,02191,2
20220127,19,02198,3
20220127,19,03311,2
20220127,2,02122,1
20220127,2,02128,1
20220127,2,02185,1
20220127,2,02191,1
20220127,20,02111,3
20220127,20,02112,2
20220127,20,02139,1
20220127,20,02171,1
20220127,20,02179,2
20220127,20,02185,1
20220127,20,02186,1
20220127,20,02191,2
20220127,21,02111,2
20220127,21,02112,1
20220127,21,02116,2
20220127,21,02122,2
20220127,21,02128,1
20220127,21,02129,1
20220127,21,02139,1
20220127,21,02171,6
20220127,21,02179,2
20220127,21,02185,1
20220127,21,02186,2
20220127,21,02191,1
20220127,21,03311,1
20220127,22,02111,4
20220127,22,02122,1
20220127,22,02130,1
20220127,22,02139,1
20220127,22,02159,1
20220127,22,02171,1
20220127,22,02178,1
20220127,22,02179,3
20220127,22,02198,1
20220127,23,02111,2
20220127,23,02112,1
20220127,23,02172,1
20220127,23,02179,1
20220127,23,02185,1
20220127,23,02186,1
20220127,23,03310,1
20220127,23,03311,2
20220127,3,02112,1
20220127,3,02122,1
20220127,4,02143,1
20220127,4,02179,1
20220127,5,02159,1
20220127,5,02185,1
20220127,5,02191,1
20220127,6,02179,1
20220127,6,02186,1
20220127,6,03310,1
20220127,7,02112,1
20220127,7,02130,1
20220127,7,02185,2
20220127,7,02191,1
20220127,8,02112,2
20220127,8,02116,2
20220127,8,02122,1
20220127,8,02129,2
20220127,8,02139,2
20220127,8,02143,2
20220127,8,02171,1
20220127,8,02179,2
20220127,8,02185,1
20220127,8,02191,2
20220127,8,03311,1
20220127,9,02111,1
20220127,9,02112,1
20220127,9,02122,1
20220127,9,02139,3
20220127,9,02159,1
20220127,9,02171,4
20220127,9,02179,2
20220127,9,02186,1
20220127,9,03311,1
20220128,0,02111,1
20220128,0,02112,1
20220128,0,02116,1
20220128,0,02139,1
20220128,0,02171,3
20220128,0,02172,1
20220128,0,02178,2
20220128,0,02186,1
20220128,0,02191,1
20220128,1,02148,1
20220128,1,02171,1
20220128,1,02179,1
20220128,1,02198,2
20220128,10,02111,1
20220128,10,02112,2
20220128,10,02159,1
20220128,10,02172,1
20220128,10,02178,1
20220128,10,02179,1
20220128,10,02198,1
20220128,10,03310,3
20220128,11,02111,1
20220128,11,02129,1
20220128,11,02139,3
20220128,11,02171,2
20220128,11,02178,1
20220128,11,02185,2
20220128,11,02186,1
20220128,11,03310,1
20220128,11,03311,1
20220128,12,02111,2
20220128,12,02116,1
20220128,12,02128,2
20220128,12,02139,1
20220128,12,02143,1
20220128,12,02148,1
20220128,12,02179,1
20220128,12,02186,1
20220128,12,02191,1
20220128,12,03310,1
20220128,12,03311,1
20220128,13,02111,1
20220128,13,02122,1
20220128,13,02128,1
20220128,13,02129,1
20220128,13,02159,1
20220128,13,02171,3
20220128,13,02172,1
20220128,13,02179,1
20220128,13,02185,1
20220128,13,02186,1
20220128,13,03310,2
20220128,14,02116,1
20220128,14,02128,3
20220128,14,02129,1
20220128,14,02143,3
20220128,14,02171,2
20220128,14,02178,1
20220128,14,02179,1
20220128,14,02186,1
20220128,14,02198,2
20220128,14,03310,1
20220128,14,03311,3
20220128,15,02111,3
20220128,15,02128,1
20220128,15,02129,1
20220128,15,02139,2
20220128,15,02148,1
20220128,15,02171,1
20220128,15,02178,1
20220128,15,02185,2
20220128,15,02191,2
20220128,15,02198,1
20220128,15,03310,1
20220128,16,02111,1
20220128,16,02112,1
20220128,16,02148,1
20220128,16,02171,2
20220128,16,02185,1
20220128,16,02186,1
20220128,16,02191,2
20220128,16,03310,1
20220128,17,02112,1
20220128,17,02116,1
20220128,17,02139,1
20220128,17,02148,1
20220128,17,02159,1
20220128,17,02171,6
20220128,17,02172,3
20220128,17,02178,3
20220128,17,02186,1
20220128,17,02198,2
20220128,17,03310,3
20220128,17,03311,2
20220128,18,02111,3
20220128,18,02112,1
20220128,18,02128,1
20220128,18,02129,1
20220128,18,02130,3
20220128,18,02143,2
20220128,18,02148,1
20220128,18,02171,4
20220128,18,02178,2
20220128,18,02179,2
20220128,18,02185,1
20220128,18,02191,2
20220128,18,03310,1
20220128,18,03311,1
20220128,19,02111,1
20220128,19,02116,6
20220128,19,02128,1
20220128,19,02129,1
20220128,19,02171,1
20220128,19,02179,2
20220128,19,03310,1
20220128,19,03311,5
20220128,2,02116,1
20220128,2,02129,1
20220128,2,02148,1
20220128,2,02179,1
20220128,20,02111,1
20220128,20,02112,1
20220128,20,02116,1
20220128,20,02122,2
20220128,20,02143,1
20220128,20,02148,1
20220128,20,02171,1
20220128,20,02179,3
20220128,20,02185,1
20220128,20,02186,1
20220128,21,02111,2
20220128,21,02112,3
20220128,21,02116,1
20220128,21,02130,1
20220128,21,02171,2
20220128,21,02178,1
20220128,21,02179,2
20220128,21,03311,2
20220128,22,02112,2
20220128,22,02116,2
20220128,22,02139,1
20220128,22,02178,2
20220128,22,02191,1
20220128,22,02198,1
20220128,23,02111,1
20220128,23,02112,1
20220128,23,02116,1
20220128,23,02128,1
20220128,23,02139,1
20220128,23,02143,2
20220128,23,02186,1
20220128,23,02198,2
20220128,23,03311,1
20220128,3,02171,1
20220128,3,02191,1
20220128,4,02112,1
20220128,4,02116,1
20220128,4,02148,1
20220128,5,02159,1
20220128,5,02171,1
20220128,5,02191,2
20220128,6,02116,1
20220128,6,02172,1
20220128,7,02139,1
20220128,7,02185,2
20220128,7,02191,1
20220128,8,02116,4
20220128,8,02139,2
20220128,8,02171,1
20220128,8,02179,2
20220128,8,02185,1
20220128,8,02191,1
20220128,8,03311,1
20220128,9,02111,2
20220128,9,02112,1
20220128,9,02148,1
20220128,9,02171,1
20220128,9,02178,1
20220129,0,02112,1
20220129,0,02116,3
20220129,0,02148,1
20220129,0,02171,1
20220129,1,02111,1
20220129,1,02139,1
20220129,1,02186,1
20220129,1,02191,1
20220129,10,02111,1
20220129,10,02129,2
20220129,10,02139,2
20220129,10,02143,1
20220129,10,02148,2
20220129,10,02159,1
20220129,10,02171,1
20220129,10,02179,1
20220129,10,02185,1
20220129,10,02186,2
20220129,10,02198,1
20220129,10,03310,1
20220129,10,03311,1
20220129,11,02112,1
20220129,11,02122,1
20220129,11,02129,1
20220129,11,02143,2
20220129,11,02148,1
20220129,11,02159,1
20220129,11,02171,2
20220129,11,02172,1
20220129,11,02179,2
20220129,11,02186,1
20220129,12,02111,4
20220129,12,02122,1
20220129,12,02128,1
20220129,12,02129,1
20220129,12,02139,2
20220129,12,02143,2
20220129,12,02171,2
20220129,12,02179,2
20220129,12,02185,1
20220129,12,02191,1
20220129,13,02112,2
20220129,13,02128,1
20220129,13,02130,1
20220129,13,02139,1
20220129,13,02148,3
20220129,13,02171,2
20220129,13,02178,1
20220129,13,02179,2
20220129,13,02191,1
20220129,13,02198,2
20220129,14,02112,1
20220129,14,02129,1
20220129,14,02130,1
20220129,14,02139,1
20220129,14,02143,1
20220129,14,02171,1
20220129,14,02178,2
20220129,14,02185,1
20220129,14,02191,1
20220129,14,02198,1
20220129,15,02112,1
20220129,15,02143,1
20220129,15,02148,1
20220129,15,02172,1
20220129,15,02179,1
20220129,15,02185,1
20220129,15,03311,3
20220129,16,02112,1
20220129,16,02116,2
20220129,16,02128,2
20220129,16,02129,1
20220129,16,02143,1
20220129,16,02148,2
20220129,16,02171,1
20220129,16,02172,1
20220129,16,02178,3
20220129,16,02179,1
20220129,16,02186,1
20220129,16,03310,1
20220129,17,02112,1
20220129,17,02122,2
20220129,17,02128,2
20220129,17,02159,1
20220129,17,02171,3
20220129,17,02172,1
20220129,17,02178,1
20220129,17,02179,1
20220129,17,02186,1
20220129,17,03311,1
20220129,17,03802,1
20220129,18,02111,2
20220129,18,02128,1
20220129,18,02139,1
20220129,18,02148,4
20220129,18,02159,1
20220129,18,02172,3
20220129,18,02185,1
20220129,18,02191,1
20220129,18,02198,1
20220129,18,03310,1
20220129,19,02111,2
20220129,19,02116,1
20220129,19,02129,1
20220129,19,02139,1
20220129,19,02143,1
20220129,19,02148,1
20220129,19,02171,2
20220129,19,02172,1
20220129,19,02178,1
20220129,19,02186,1
20220129,2,02116,1
20220129,2,02179,1
20220129,20,02111,2
20220129,20,02116,1
20220129,20,02128,1
20220129,20,02139,1
20220129,20,02148,1
20220129,20,02171,2
20220129,20,02191,3
20220129,20,02198,2
20220129,20,03311,1
20220129,21,02111,1
20220129,21,02112,1
20220129,21,02116,1
20220129,21,02122,1
20220129,21,02171,2
20220129,21,02179,2
20220129,21,02186,2
20220129,21,02191,2
20220129,21,02198,3
20220129,21,03311,3
20220129,22,02128,1
20220129,22,02139,1
20220129,22,02191,1
20220129,22,03311,1
20220129,23,02112,1
20220129,23,02148,1
20220129,23,02171,1
20220129,23,02179,2
20220129,3,02198,1
20220129,4,02112,1
20220129,5,02129,1
20220129,5,02186,1
20220129,7,02112,1
20220129,8,02148,1
20220129,8,02179,1
20220129,8,02185,1
20220129,8,02186,1
20220129,8,02191,1
20220129,9,02122,2
20220129,9,02128,1
20220129,9,02129,1
20220129,9,02148,1
20220129,9,02171,1
20220129,9,02179,1
20220129,9,02185,1
20220129,9,02198,1
20220130,0,02111,3
20220130,0,02112,1
20220130,0,02148,1
20220130,0,02186,2
20220130,0,03310,1
20220130,1,02178,1
20220130,1,02186,1
20220130,10,02129,1
20220130,10,02139,1
20220130,10,02179,1
20220130,10,03310,1
20220130,11,02111,1
20220130,11,02178,1
20220130,11,02179,1
20220130,11,02198,1
20220130,11,03310,1
20220130,12,02128,1
20220130,12,02130,1
20220130,12,02139,2
20220130,12,02143,1
20220130,12,02148,1
20220130,12,02171,1
20220130,12,02179,1
20220130,12,03310,2
20220130,13,02112,2
20220130,13,02143,2
20220130,13,02171,3
20220130,13,02179,2
20220130,13,02191,2
20220130,13,03310,2
20220130,13,03311,1
20220130,14,02116,1
20220130,14,02128,1
20220130,14,02129,1
20220130,14,02139,1
20220130,14,02148,1
20220130,14,02171,1
20220130,14,02172,1
20220130,14,02178,4
20220130,14,02186,1
20220130,14,02198,2
20220130,15,02111,1
20220130,15,02116,1
20220130,15,02128,1
20220130,15,02129,1
20220130,15,02139,1
20220130,15,02172,3
20220130,15,02179,2
20220130,15,03310,2
20220130,16,02112,1
20220130,16,02159,1
20220130,16,02171,1
20220130,16,02178,1
20220130,16,02179,4
20220130,16,02186,1
20220130,16,02191,2
20220130,16,03310,3
20220130,16,03311,1
20220130,17,02112,1
20220130,17,02128,1
20220130,17,02143,1
20220130,17,02148,1
20220130,17,02159,1
20220130,17,02171,5
20220130,17,02179,1
20220130,17,02191,2
20220130,18,02116,1
20220130,18,02129,1
20220130,18,02179,2
20220130,18,03311,2
20220130,19,02111,1
20220130,19,02122,1
20220130,19,02128,1
20220130,19,02129,1
20220130,19,02143,1
20220130,19,02171,1
20220130,19,02179,2
20220130,19,02185,1
20220130,19,02191,2
20220130,2,02111,1
20220130,2,02159,1
20220130,20,02178,1
20220130,20,02179,1
20220130,20,02186,1
20220130,20,03311,1
20220130,21,02111,1
20220130,21,02122,1
20220130,21,02128,1
20220130,21,02159,2
20220130,21,02171,2
20220130,21,02178,1
20220130,21,03311,1
20220130,22,02111,1
20220130,22,02112,1
20220130,22,02128,1
20220130,22,02148,1
20220130,22,02171,1
20220130,22,02178,2
20220130,22,02185,1
20220130,22,02191,1
20220130,23,02111,1
20220130,23,02112,1
20220130,23,02171,2
20220130,23,02191,1
20220130,23,03310,1
20220130,3,02128,1
20220130,4,02198,1
20220130,4,03310,1
20220130,6,02111,1
20220130,7,02159,1
20220130,8,02128,1
20220130,8,02148,1
20220130,8,03310,1
20220130,9,02112,1
20220130,9,02148,1
20220130,9,02171,1
20220130,9,02185,1
20220131,0,02111,3
20220131,0,02122,1
20220131,0,02129,1
20220131,0,02171,1
20220131,0,02178,1
20220131,0,02185,1
20220131,1,02112,1
20220131,1,02179,1
20220131,10,02143,1
20220131,10,02148,1
20220131,10,02178,1
20220131,10,02186,1
20220131,10,02198,1
20220131,10,03310,1
20220131,11,02143,1
20220131,11,02148,1
20220131,11,02171,1
20220131,11,02178,1
20220131,11,02179,3
20220131,11,02186,1
20220131,11,03310,2
20220131,12,02122,1
20220131,12,02128,1
20220131,12,02130,1
20220131,12,02143,2
20220131,12,02159,1
20220131,12,02171,1
20220131,12,02172,3
20220131,12,02179,1
20220131,12,02191,1
20220131,12,02198,2
20220131,13,02111,1
20220131,13,02112,2
20220131,13,02116,2
20220131,13,02128,1
20220131,13,02129,1
20220131,13,02130,1
20220131,13,02143,1
20220131,13,02148,2
20220131,13,02159,2
20220131,13,02171,1
20220131,13,02179,2
20220131,13,02185,4
20220131,13,02191,3
20220131,13,03310,1
20220131,14,02111,3
20220131,14,02112,2
20220131,14,02116,1
20220131,14,02129,1
20220131,14,02130,1
20220131,14,02143,2
20220131,14,02159,2
20220131,14,02171,1
20220131,14,02172,1
20220131,14,02191,1
20220131,15,02111,2
20220131,15,02112,2
20220131,15,02116,2
20220131,15,02128,1
20220131,15,02130,3
20220131,15,02139,2
20220131,15,02148,1
20220131,15,02171,3
20220131,15,02172,2
20220131,15,02178,3
20220131,15,02179,1
20220131,15,02185,1
20220131,15,02198,2
20220131,15,03310,1
20220131,15,03311,2
20220131,16,02116,1
20220131,16,02129,1
20220131,16,02130,1
20220131,16,02143,1
20220131,16,02159,1
20220131,16,02172,3
20220131,16,02198,1
20220131,16,03310,1
20220131,17,02112,2
20220131,17,02130,1
20220131,17,02178,1
20220131,17,02179,1
20220131,17,02186,1
20220131,17,02198,2
20220131,17,03311,1
20220131,18,02122,1
20220131,18,02128,1
20220131,18,02143,2
20220131,18,02171,1
20220131,18,02172,1
20220131,18,02178,1
20220131,18,02179,1
20220131,18,03311,1
20220131,19,02111,2
20220131,19,02112,1
20220131,19,02128,1
20220131,19,02171,1
20220131,19,02185,1
20220131,19,02191,1
20220131,2,02111,3
20220131,20,02112,1
20220131,20,02171,1
20220131,20,02179,2
20220131,20,02191,1
20220131,20,02198,1
20220131,21,02112,1
20220131,21,02116,1
20220131,21,02139,2
20220131,21,02171,5
20220131,22,02111,2
20220131,22,02178,1
20220131,22,03311,1
20220131,23,02186,1
20220131,3,02139,1
20220131,4,02116,1
20220131,4,02171,1
20220131,4,02186,1
20220131,5,02112,1
20220131,5,02159,1
20220131,6,02129,1
20220131,7,02148,1
20220131,7,02159,1
20220131,7,02185,1
20220131,7,02191,2
20220131,8,02129,1
20220131,9,02143,1
20220131,9,02171,1
20220131,9,03311,1
