RENT_DATE,RENT_TIME,RENT_ID,CNT
20220801,0,02111,2
20220801,0,02112,1
20220801,0,02148,1
20220801,0,02171,2
20220801,0,03311,1
20220801,1,02111,1
20220801,1,02139,1
20220801,1,02143,1
20220801,1,02171,1
20220801,1,02179,2
20220801,1,02185,2
20220801,1,03311,2
20220801,10,02122,1
20220801,10,02128,2
20220801,10,02139,1
20220801,10,02159,1
20220801,10,02179,1
20220801,10,02191,2
20220801,10,02198,2
20220801,10,03310,3
20220801,10,03311,1
20220801,11,02112,1
20220801,11,02116,3
20220801,11,02122,2
20220801,11,02139,1
20220801,11,02143,1
20220801,11,02148,4
20220801,11,02171,3
20220801,11,02178,1
20220801,11,02186,1
20220801,11,02191,4
20220801,11,02198,1
20220801,11,02199,1
20220801,11,03310,2
20220801,11,03311,2
20220801,11,03802,1
20220801,12,02111,2
20220801,12,02112,1
20220801,12,02116,3
20220801,12,02128,4
20220801,12,02129,3
20220801,12,02143,1
20220801,12,02148,2
20220801,12,02159,1
20220801,12,02171,1
20220801,12,02179,2
20220801,12,02185,1
20220801,12,02186,2
20220801,12,02198,1
20220801,12,03310,2
20220801,12,03311,2
20220801,12,03802,2
20220801,13,02111,3
20220801,13,02116,1
20220801,13,02128,3
20220801,13,02139,1
20220801,13,02148,1
20220801,13,02159,1
20220801,13,02171,2
20220801,13,02179,3
20220801,13,02185,1
20220801,13,02186,1
20220801,13,02191,2
20220801,13,02199,1
20220801,13,03311,2
20220801,14,02111,4
20220801,14,02116,1
20220801,14,02122,1
20220801,14,02128,1
20220801,14,02139,1
20220801,14,02148,1
20220801,14,02178,2
20220801,14,02179,1
20220801,14,02191,2
20220801,14,03311,2
20220801,14,03802,3
20220801,15,02111,2
20220801,15,02112,2
20220801,15,02122,1
20220801,15,02129,1
20220801,15,02139,1
20220801,15,02148,3
20220801,15,02171,1
20220801,15,02179,2
20220801,15,02185,1
20220801,15,02186,5
20220801,15,02191,2
20220801,15,03310,2
20220801,15,03311,2
20220801,16,02111,1
20220801,16,02112,5
20220801,16,02116,4
20220801,16,02122,3
20220801,16,02128,2
20220801,16,02129,3
20220801,16,02130,2
20220801,16,02143,1
20220801,16,02148,1
20220801,16,02159,2
20220801,16,02171,5
20220801,16,02172,1
20220801,16,02178,5
20220801,16,02179,2
20220801,16,02186,1
20220801,16,02191,2
20220801,16,02198,4
20220801,16,02199,1
20220801,16,03310,2
20220801,16,03311,4
20220801,16,03802,1
20220801,17,02111,7
20220801,17,02112,3
20220801,17,02116,1
20220801,17,02122,1
20220801,17,02128,3
20220801,17,02129,3
20220801,17,02139,2
20220801,17,02148,4
20220801,17,02171,3
20220801,17,02172,1
20220801,17,02178,5
20220801,17,02179,4
20220801,17,02185,3
20220801,17,02186,1
20220801,17,02191,6
20220801,17,02198,1
20220801,17,03311,1
20220801,17,03802,2
20220801,18,02111,9
20220801,18,02112,5
20220801,18,02116,4
20220801,18,02128,3
20220801,18,02129,8
20220801,18,02130,1
20220801,18,02143,2
20220801,18,02148,9
20220801,18,02159,2
20220801,18,02171,3
20220801,18,02172,1
20220801,18,02178,3
20220801,18,02179,5
20220801,18,02185,5
20220801,18,02186,1
20220801,18,02191,4
20220801,18,02198,2
20220801,18,02199,1
20220801,18,03311,5
20220801,18,03802,1
20220801,19,02111,4
20220801,19,02112,6
20220801,19,02116,6
20220801,19,02122,6
20220801,19,02128,6
20220801,19,02148,2
20220801,19,02172,1
20220801,19,02178,7
20220801,19,02179,5
20220801,19,02185,3
20220801,19,02186,2
20220801,19,02198,1
20220801,19,02199,1
20220801,19,03311,6
20220801,19,03802,1
20220801,2,02111,1
20220801,2,02139,3
20220801,2,02198,1
20220801,20,02111,5
20220801,20,02112,5
20220801,20,02116,2
20220801,20,02122,7
20220801,20,02128,5
20220801,20,02129,2
20220801,20,02130,2
20220801,20,02139,5
20220801,20,02143,2
20220801,20,02148,1
20220801,20,02159,1
20220801,20,02171,10
20220801,20,02172,1
20220801,20,02178,3
20220801,20,02179,5
20220801,20,02191,3
20220801,20,02198,3
20220801,20,03311,8
20220801,20,03802,3
20220801,21,02111,4
20220801,21,02112,2
20220801,21,02116,4
20220801,21,02122,3
20220801,21,02129,3
20220801,21,02130,1
20220801,21,02143,2
20220801,21,02148,3
20220801,21,02159,4
20220801,21,02171,3
20220801,21,02172,2
20220801,21,02178,2
20220801,21,02179,2
20220801,21,02191,4
20220801,21,02198,4
20220801,21,03310,2
20220801,21,03311,2
20220801,21,03802,2
20220801,22,02111,1
20220801,22,02112,2
20220801,22,02116,3
20220801,22,02129,1
20220801,22,02139,1
20220801,22,02148,5
20220801,22,02171,5
20220801,22,02178,4
20220801,22,02179,1
20220801,22,02185,1
20220801,22,02186,1
20220801,22,02191,5
20220801,22,02198,2
20220801,22,03310,1
20220801,23,02112,1
20220801,23,02171,1
20220801,3,02186,1
20220801,6,03310,1
20220801,7,03310,1
20220801,7,03802,1
20220801,8,02111,1
20220801,8,02122,1
20220801,8,02139,1
20220801,8,02148,1
20220801,8,02159,2
20220801,8,02179,1
20220801,8,02185,1
20220801,8,03310,2
20220801,9,02111,3
20220801,9,02112,1
20220801,9,02122,1
20220801,9,02129,3
20220801,9,02139,1
20220801,9,02143,2
20220801,9,02148,1
20220801,9,02159,1
20220801,9,02171,1
20220801,9,02179,2
20220801,9,02186,2
20220801,9,02191,1
20220801,9,03310,1
20220801,9,03311,1
20220801,9,03802,1
20220802,0,02112,1
20220802,0,02171,1
20220802,0,02172,1
20220802,0,02178,1
20220802,0,02186,1
20220802,0,03311,1
20220802,1,02171,1
20220802,1,02179,2
20220802,10,02111,1
20220802,10,02116,1
20220802,10,02122,1
20220802,10,02128,1
20220802,10,02129,1
20220802,10,02130,2
20220802,10,02139,3
20220802,10,02148,1
20220802,10,02159,3
20220802,10,02178,2
20220802,10,02179,1
20220802,10,02185,2
20220802,10,03310,2
20220802,10,03311,1
20220802,11,02112,1
20220802,11,02116,1
20220802,11,02122,4
20220802,11,02128,1
20220802,11,02129,1
20220802,11,02148,3
20220802,11,02171,1
20220802,11,02178,1
20220802,11,02185,2
20220802,11,02198,2
20220802,11,03310,4
20220802,11,03311,1
20220802,11,03802,1
20220802,12,02111,1
20220802,12,02112,1
20220802,12,02122,1
20220802,12,02130,2
20220802,12,02143,1
20220802,12,02148,1
20220802,12,02171,1
20220802,12,02172,1
20220802,12,02179,3
20220802,12,03310,3
20220802,12,03311,2
20220802,13,02112,1
20220802,13,02116,2
20220802,13,02122,1
20220802,13,02128,2
20220802,13,02129,2
20220802,13,02139,1
20220802,13,02143,1
20220802,13,02172,1
20220802,13,02185,1
20220802,13,02191,1
20220802,13,02198,1
20220802,13,03310,2
20220802,14,02112,1
20220802,14,02129,1
20220802,14,02159,1
20220802,14,02172,2
20220802,14,02186,1
20220802,14,02191,2
20220802,14,03802,1
20220802,15,02172,1
20220802,15,02191,1
20220802,15,03310,1
20220802,16,02111,1
20220802,16,02112,2
20220802,16,02130,1
20220802,16,02139,1
20220802,16,02171,1
20220802,16,02179,1
20220802,16,03311,2
20220802,17,02129,1
20220802,17,02171,1
20220802,17,02178,1
20220802,17,02185,1
20220802,17,02191,1
20220802,17,03311,1
20220802,18,02112,2
20220802,18,02122,1
20220802,18,02128,2
20220802,18,02129,1
20220802,18,02139,1
20220802,18,02143,1
20220802,18,02148,1
20220802,18,02171,1
20220802,18,02179,1
20220802,18,02185,1
20220802,18,02191,1
20220802,18,03311,3
20220802,18,03802,2
20220802,19,02111,4
20220802,19,02112,3
20220802,19,02116,2
20220802,19,02122,2
20220802,19,02139,1
20220802,19,02171,7
20220802,19,02172,2
20220802,19,02178,1
20220802,19,02179,2
20220802,19,02191,1
20220802,19,02198,1
20220802,19,02199,1
20220802,19,03311,3
20220802,19,03802,2
20220802,20,02111,3
20220802,20,02112,4
20220802,20,02116,5
20220802,20,02122,5
20220802,20,02128,5
20220802,20,02129,2
20220802,20,02139,2
20220802,20,02143,1
20220802,20,02148,1
20220802,20,02159,2
20220802,20,02171,3
20220802,20,02178,4
20220802,20,02179,2
20220802,20,02186,1
20220802,20,02191,2
20220802,20,02198,4
20220802,20,02199,1
20220802,20,03310,2
20220802,20,03311,3
20220802,20,03802,5
20220802,21,02116,1
20220802,21,02122,2
20220802,21,02128,2
20220802,21,02129,1
20220802,21,02130,1
20220802,21,02139,1
20220802,21,02171,3
20220802,21,02178,1
20220802,21,02191,1
20220802,21,03310,1
20220802,21,03311,3
20220802,21,03802,2
20220802,22,02112,1
20220802,22,02122,1
20220802,23,03310,1
20220802,3,02178,1
20220802,4,02122,1
20220802,5,02122,1
20220802,5,02139,1
20220802,5,02159,1
20220802,6,02111,1
20220802,6,02112,1
20220802,6,02116,1
20220802,6,02129,1
20220802,6,02148,1
20220802,6,02171,1
20220802,6,02178,1
20220802,6,02179,2
20220802,6,02198,1
20220802,7,02111,1
20220802,7,02112,2
20220802,7,02122,1
20220802,7,02128,1
20220802,7,02139,1
20220802,7,02159,2
20220802,7,02171,1
20220802,7,02179,2
20220802,7,02185,3
20220802,7,02186,1
20220802,7,02191,2
20220802,7,03310,2
20220802,7,03311,1
20220802,7,03802,2
20220802,8,02111,2
20220802,8,02116,1
20220802,8,02129,1
20220802,8,02130,1
20220802,8,02139,3
20220802,8,02143,1
20220802,8,02159,1
20220802,8,02171,1
20220802,8,02172,1
20220802,8,02179,1
20220802,8,02185,1
20220802,8,02186,1
20220802,8,02191,3
20220802,8,02198,1
20220802,8,03311,1
20220802,8,03802,6
20220802,9,02111,1
20220802,9,02112,2
20220802,9,02116,1
20220802,9,02122,1
20220802,9,02128,1
20220802,9,02129,1
20220802,9,02139,1
20220802,9,02143,1
20220802,9,02159,1
20220802,9,02171,1
20220802,9,02178,1
20220802,9,02179,1
20220802,9,02185,2
20220802,9,02186,2
20220802,9,02191,3
20220802,9,02198,2
20220802,9,03311,1
20220802,9,03802,7
20220803,0,02139,1
20220803,0,02171,2
20220803,0,02185,1
20220803,10,02128,1
20220803,10,02143,2
20220803,10,02148,1
20220803,10,02159,2
20220803,10,02172,1
20220803,10,02186,1
20220803,10,02191,1
20220803,10,02198,1
20220803,10,03311,1
20220803,10,03802,1
20220803,11,02112,3
20220803,11,02116,1
20220803,11,02122,4
20220803,11,02128,1
20220803,11,02143,2
20220803,11,02148,3
20220803,11,02159,1
20220803,11,02171,1
20220803,11,02179,2
20220803,11,02185,1
20220803,11,02198,1
20220803,11,03311,2
20220803,12,02111,2
20220803,12,02112,3
20220803,12,02122,4
20220803,12,02128,1
20220803,12,02129,2
20220803,12,02143,1
20220803,12,02159,1
20220803,12,02179,1
20220803,12,02185,1
20220803,12,02191,4
20220803,12,03310,1
20220803,12,03802,3
20220803,13,02111,2
20220803,13,02112,4
20220803,13,02122,3
20220803,13,02128,2
20220803,13,02129,3
20220803,13,02139,2
20220803,13,02143,3
20220803,13,02171,3
20220803,13,02172,3
20220803,13,02178,1
20220803,13,02179,2
20220803,13,02186,1
20220803,13,02191,1
20220803,13,02198,1
20220803,13,03311,1
20220803,14,02111,2
20220803,14,02112,1
20220803,14,02116,4
20220803,14,02122,3
20220803,14,02128,3
20220803,14,02143,1
20220803,14,02171,6
20220803,14,02172,2
20220803,14,02179,1
20220803,14,02185,1
20220803,14,02186,1
20220803,14,02198,1
20220803,14,03311,4
20220803,14,03802,3
20220803,15,02111,5
20220803,15,02112,2
20220803,15,02116,1
20220803,15,02122,1
20220803,15,02128,1
20220803,15,02129,1
20220803,15,02139,1
20220803,15,02143,2
20220803,15,02148,2
20220803,15,02159,1
20220803,15,02171,2
20220803,15,02172,4
20220803,15,02178,1
20220803,15,02179,1
20220803,15,02186,1
20220803,15,02191,4
20220803,15,03310,1
20220803,15,03311,1
20220803,16,02111,5
20220803,16,02112,3
20220803,16,02116,3
20220803,16,02122,2
20220803,16,02128,1
20220803,16,02129,1
20220803,16,02130,1
20220803,16,02139,2
20220803,16,02143,2
20220803,16,02171,5
20220803,16,02172,2
20220803,16,02178,2
20220803,16,02179,4
20220803,16,02185,2
20220803,16,02186,3
20220803,16,02198,1
20220803,16,03311,3
20220803,16,03802,1
20220803,17,02112,2
20220803,17,02116,4
20220803,17,02122,1
20220803,17,02128,3
20220803,17,02129,5
20220803,17,02139,2
20220803,17,02143,1
20220803,17,02148,1
20220803,17,02159,2
20220803,17,02171,2
20220803,17,02172,2
20220803,17,02178,2
20220803,17,02179,3
20220803,17,02185,3
20220803,17,02186,1
20220803,17,02191,4
20220803,17,02198,1
20220803,17,03310,1
20220803,17,03311,4
20220803,17,03802,1
20220803,18,02111,9
20220803,18,02112,3
20220803,18,02116,3
20220803,18,02122,6
20220803,18,02128,5
20220803,18,02129,1
20220803,18,02139,2
20220803,18,02143,3
20220803,18,02148,5
20220803,18,02159,1
20220803,18,02171,9
20220803,18,02172,2
20220803,18,02178,3
20220803,18,02179,2
20220803,18,02185,3
20220803,18,02186,4
20220803,18,02191,5
20220803,18,02198,8
20220803,18,02199,1
20220803,18,03311,8
20220803,19,02111,8
20220803,19,02112,6
20220803,19,02116,6
20220803,19,02122,3
20220803,19,02128,2
20220803,19,02129,1
20220803,19,02139,2
20220803,19,02143,1
20220803,19,02148,6
20220803,19,02159,1
20220803,19,02171,5
20220803,19,02172,1
20220803,19,02178,1
20220803,19,02179,6
20220803,19,02185,2
20220803,19,02186,3
20220803,19,02191,4
20220803,19,02198,5
20220803,19,02199,2
20220803,19,03311,4
20220803,19,03802,1
20220803,2,02171,1
20220803,20,02111,9
20220803,20,02112,5
20220803,20,02116,6
20220803,20,02122,6
20220803,20,02128,1
20220803,20,02129,5
20220803,20,02139,2
20220803,20,02148,1
20220803,20,02159,2
20220803,20,02171,8
20220803,20,02178,4
20220803,20,02179,6
20220803,20,02185,2
20220803,20,02186,3
20220803,20,02191,2
20220803,20,02198,2
20220803,20,03311,3
20220803,20,03802,4
20220803,21,02111,5
20220803,21,02112,5
20220803,21,02116,1
20220803,21,02122,4
20220803,21,02129,1
20220803,21,02139,1
20220803,21,02148,3
20220803,21,02159,3
20220803,21,02171,7
20220803,21,02172,2
20220803,21,02179,5
20220803,21,02185,3
20220803,21,02186,4
20220803,21,02191,4
20220803,21,02198,2
20220803,21,03311,5
20220803,21,03802,7
20220803,22,02111,8
20220803,22,02112,4
20220803,22,02116,8
20220803,22,02122,3
20220803,22,02128,1
20220803,22,02129,3
20220803,22,02139,4
20220803,22,02143,3
20220803,22,02148,1
20220803,22,02178,1
20220803,22,02179,7
20220803,22,02185,8
20220803,22,02186,1
20220803,22,02191,5
20220803,22,02198,5
20220803,22,02199,1
20220803,22,03311,3
20220803,23,02111,5
20220803,23,02112,3
20220803,23,02116,5
20220803,23,02122,1
20220803,23,02128,2
20220803,23,02129,1
20220803,23,02139,1
20220803,23,02143,1
20220803,23,02171,3
20220803,23,02179,8
20220803,23,02185,1
20220803,23,02186,6
20220803,23,02191,3
20220803,23,03311,1
20220803,6,02198,1
20220803,7,02112,1
20220803,7,03802,2
20220803,8,02139,2
20220803,8,02159,1
20220803,8,03310,1
20220803,8,03802,1
20220803,9,02111,1
20220803,9,02116,1
20220803,9,02122,1
20220803,9,02139,1
20220803,9,02143,1
20220803,9,02172,1
20220803,9,02185,1
20220803,9,02186,1
20220803,9,02198,1
20220803,9,03310,1
20220803,9,03802,1
20220804,0,02111,5
20220804,0,02112,4
20220804,0,02116,2
20220804,0,02122,1
20220804,0,02128,1
20220804,0,02129,1
20220804,0,02139,2
20220804,0,02143,1
20220804,0,02148,3
20220804,0,02171,1
20220804,0,02179,1
20220804,0,02185,1
20220804,0,02186,1
20220804,0,02191,2
20220804,0,02198,4
20220804,1,02111,2
20220804,1,02112,1
20220804,1,02116,4
20220804,1,02122,2
20220804,1,02128,1
20220804,1,02143,2
20220804,1,02171,1
20220804,1,02178,2
20220804,1,02185,1
20220804,1,02198,1
20220804,10,02112,1
20220804,10,02116,1
20220804,10,02128,1
20220804,10,02129,2
20220804,10,02139,1
20220804,10,02159,2
20220804,10,02171,2
20220804,10,02172,1
20220804,10,02179,1
20220804,10,02186,1
20220804,10,02191,2
20220804,10,03310,3
20220804,10,03311,2
20220804,10,03802,1
20220804,11,02111,7
20220804,11,02122,3
20220804,11,02139,1
20220804,11,02143,2
20220804,11,02148,4
20220804,11,02171,5
20220804,11,02172,3
20220804,11,02178,2
20220804,11,02179,1
20220804,11,02185,3
20220804,11,02191,2
20220804,11,02198,4
20220804,11,02199,2
20220804,11,03310,4
20220804,11,03802,2
20220804,12,02111,2
20220804,12,02112,1
20220804,12,02116,2
20220804,12,02122,3
20220804,12,02128,1
20220804,12,02129,4
20220804,12,02139,3
20220804,12,02148,3
20220804,12,02171,2
20220804,12,02172,2
20220804,12,02179,3
20220804,12,02185,1
20220804,12,02186,1
20220804,12,02191,1
20220804,12,02198,2
20220804,12,03310,1
20220804,12,03802,1
20220804,13,02111,2
20220804,13,02112,2
20220804,13,02116,1
20220804,13,02122,1
20220804,13,02128,2
20220804,13,02139,1
20220804,13,02148,4
20220804,13,02159,1
20220804,13,02171,2
20220804,13,02172,3
20220804,13,02178,1
20220804,13,02179,3
20220804,13,02185,2
20220804,13,02191,1
20220804,13,03802,1
20220804,14,02111,2
20220804,14,02122,3
20220804,14,02128,1
20220804,14,02143,1
20220804,14,02148,2
20220804,14,02171,3
20220804,14,02172,2
20220804,14,02179,4
20220804,14,02185,1
20220804,14,02198,2
20220804,14,03310,2
20220804,14,03311,1
20220804,15,02111,2
20220804,15,02112,3
20220804,15,02116,1
20220804,15,02122,1
20220804,15,02129,1
20220804,15,02139,2
20220804,15,02143,1
20220804,15,02159,1
20220804,15,02171,2
20220804,15,02178,3
20220804,15,02179,2
20220804,15,02191,1
20220804,15,02198,1
20220804,15,03311,3
20220804,15,03802,2
20220804,16,02112,1
20220804,16,02116,2
20220804,16,02122,2
20220804,16,02128,1
20220804,16,02129,3
20220804,16,02139,2
20220804,16,02143,1
20220804,16,02148,1
20220804,16,02159,1
20220804,16,02171,5
20220804,16,02172,5
20220804,16,02178,2
20220804,16,02179,1
20220804,16,02185,1
20220804,16,02191,1
20220804,16,02198,1
20220804,16,03310,2
20220804,16,03311,3
20220804,16,03802,3
20220804,17,02111,4
20220804,17,02116,3
20220804,17,02122,1
20220804,17,02128,2
20220804,17,02129,5
20220804,17,02130,1
20220804,17,02139,1
20220804,17,02143,1
20220804,17,02148,3
20220804,17,02159,3
20220804,17,02171,3
20220804,17,02172,2
20220804,17,02178,6
20220804,17,02179,3
20220804,17,02185,3
20220804,17,02186,2
20220804,17,02198,1
20220804,17,02199,1
20220804,17,03311,4
20220804,17,03802,1
20220804,18,02111,2
20220804,18,02112,5
20220804,18,02116,4
20220804,18,02122,4
20220804,18,02128,5
20220804,18,02129,7
20220804,18,02139,1
20220804,18,02143,1
20220804,18,02148,11
20220804,18,02159,4
20220804,18,02171,8
20220804,18,02172,2
20220804,18,02178,3
20220804,18,02179,6
20220804,18,02185,5
20220804,18,02186,2
20220804,18,02191,4
20220804,18,02198,3
20220804,18,03311,3
20220804,19,02111,12
20220804,19,02112,4
20220804,19,02116,5
20220804,19,02122,3
20220804,19,02128,1
20220804,19,02129,1
20220804,19,02130,3
20220804,19,02139,1
20220804,19,02143,3
20220804,19,02148,8
20220804,19,02159,1
20220804,19,02171,13
20220804,19,02172,1
20220804,19,02178,6
20220804,19,02179,7
20220804,19,02185,3
20220804,19,02186,2
20220804,19,02191,3
20220804,19,02198,2
20220804,19,02199,1
20220804,19,03310,1
20220804,19,03311,6
20220804,19,03802,3
20220804,2,02111,5
20220804,2,02112,1
20220804,2,02128,1
20220804,2,02159,1
20220804,2,02171,1
20220804,2,02178,1
20220804,2,02179,2
20220804,2,02186,1
20220804,2,02191,1
20220804,2,02198,4
20220804,20,02111,10
20220804,20,02112,6
20220804,20,02116,9
20220804,20,02128,2
20220804,20,02129,1
20220804,20,02130,4
20220804,20,02139,3
20220804,20,02148,4
20220804,20,02159,1
20220804,20,02171,5
20220804,20,02172,2
20220804,20,02178,7
20220804,20,02179,4
20220804,20,02186,2
20220804,20,02191,5
20220804,20,02198,2
20220804,20,02199,2
20220804,20,03802,5
20220804,21,02111,6
20220804,21,02112,5
20220804,21,02116,3
20220804,21,02122,5
20220804,21,02129,2
20220804,21,02139,1
20220804,21,02143,3
20220804,21,02148,4
20220804,21,02159,3
20220804,21,02171,1
20220804,21,02172,3
20220804,21,02179,1
20220804,21,02185,3
20220804,21,02186,2
20220804,21,02191,7
20220804,21,02198,1
20220804,21,03311,4
20220804,21,03802,3
20220804,22,02111,11
20220804,22,02112,2
20220804,22,02116,9
20220804,22,02122,5
20220804,22,02129,1
20220804,22,02130,1
20220804,22,02139,3
20220804,22,02143,4
20220804,22,02148,1
20220804,22,02171,7
20220804,22,02178,1
20220804,22,02179,1
20220804,22,02185,3
20220804,22,02186,4
20220804,22,02191,3
20220804,22,02198,2
20220804,22,02199,1
20220804,22,03310,1
20220804,22,03311,2
20220804,22,03802,2
20220804,23,02111,2
20220804,23,02112,2
20220804,23,02116,3
20220804,23,02122,2
20220804,23,02128,1
20220804,23,02139,1
20220804,23,02148,1
20220804,23,02159,1
20220804,23,02171,7
20220804,23,02172,1
20220804,23,02179,5
20220804,23,02185,1
20220804,23,02186,1
20220804,23,02191,2
20220804,23,02198,1
20220804,23,03311,3
20220804,3,02111,1
20220804,3,02112,1
20220804,3,02116,1
20220804,3,02122,1
20220804,3,02159,1
20220804,3,02185,1
20220804,3,02186,1
20220804,3,02191,2
20220804,3,02198,1
20220804,3,03311,1
20220804,4,02122,2
20220804,4,02128,1
20220804,4,02185,1
20220804,4,02198,2
20220804,5,02122,2
20220804,5,02128,1
20220804,5,02129,1
20220804,5,02179,1
20220804,5,02186,1
20220804,5,02191,1
20220804,6,02111,1
20220804,6,02112,1
20220804,6,02116,1
20220804,6,02128,1
20220804,6,02129,1
20220804,6,02139,3
20220804,6,02148,2
20220804,6,02171,2
20220804,6,02185,2
20220804,6,02186,2
20220804,6,02191,3
20220804,6,02198,2
20220804,6,03311,1
20220804,7,02112,2
20220804,7,02122,1
20220804,7,02128,2
20220804,7,02129,1
20220804,7,02139,1
20220804,7,02148,2
20220804,7,02159,3
20220804,7,02171,2
20220804,7,02172,1
20220804,7,02179,2
20220804,7,02185,4
20220804,7,02186,4
20220804,7,02191,4
20220804,7,02198,1
20220804,7,03802,5
20220804,8,02111,2
20220804,8,02112,3
20220804,8,02116,3
20220804,8,02128,2
20220804,8,02130,1
20220804,8,02139,7
20220804,8,02148,3
20220804,8,02159,4
20220804,8,02171,2
20220804,8,02178,1
20220804,8,02179,3
20220804,8,02185,2
20220804,8,02191,1
20220804,8,02198,2
20220804,8,03310,1
20220804,8,03311,1
20220804,8,03802,7
20220804,9,02111,4
20220804,9,02112,2
20220804,9,02128,1
20220804,9,02139,2
20220804,9,02159,1
20220804,9,02171,2
20220804,9,02172,1
20220804,9,02178,1
20220804,9,02179,3
20220804,9,02185,1
20220804,9,02186,1
20220804,9,02191,4
20220804,9,03311,3
20220804,9,03802,6
20220805,0,02111,2
20220805,0,02112,3
20220805,0,02116,3
20220805,0,02122,2
20220805,0,02129,1
20220805,0,02139,2
20220805,0,02148,2
20220805,0,02171,4
20220805,0,02179,4
20220805,0,02185,1
20220805,0,02186,1
20220805,0,02191,3
20220805,0,02198,7
20220805,0,03310,1
20220805,0,03311,1
20220805,1,02111,3
20220805,1,02116,7
20220805,1,02122,1
20220805,1,02128,1
20220805,1,02129,2
20220805,1,02143,2
20220805,1,02171,2
20220805,1,02179,2
20220805,1,02185,1
20220805,1,02186,1
20220805,1,02191,1
20220805,1,02198,1
20220805,1,02199,1
20220805,10,02111,1
20220805,10,02116,1
20220805,10,02128,2
20220805,10,02129,1
20220805,10,02139,1
20220805,10,02143,1
20220805,10,02148,1
20220805,10,02159,2
20220805,10,02171,2
20220805,10,02172,1
20220805,10,02179,1
20220805,10,02186,2
20220805,10,02191,1
20220805,10,02198,1
20220805,10,03310,1
20220805,10,03802,2
20220805,11,02111,4
20220805,11,02112,1
20220805,11,02116,1
20220805,11,02122,2
20220805,11,02128,3
20220805,11,02139,2
20220805,11,02148,2
20220805,11,02171,1
20220805,11,02172,1
20220805,11,02179,3
20220805,11,02185,1
20220805,11,02186,2
20220805,11,02191,3
20220805,11,02198,1
20220805,11,03310,4
20220805,11,03311,1
20220805,12,02111,5
20220805,12,02112,1
20220805,12,02116,1
20220805,12,02122,2
20220805,12,02129,1
20220805,12,02139,1
20220805,12,02148,1
20220805,12,02171,3
20220805,12,02172,1
20220805,12,02179,2
20220805,12,02198,1
20220805,12,03310,3
20220805,12,03311,2
20220805,12,03802,2
20220805,13,02111,2
20220805,13,02112,1
20220805,13,02116,5
20220805,13,02122,4
20220805,13,02139,1
20220805,13,02148,2
20220805,13,02159,1
20220805,13,02171,2
20220805,13,02178,2
20220805,13,02179,1
20220805,13,02185,1
20220805,13,02186,1
20220805,13,02191,2
20220805,13,02198,1
20220805,13,03310,2
20220805,13,03802,2
20220805,14,02111,7
20220805,14,02112,1
20220805,14,02122,3
20220805,14,02130,1
20220805,14,02148,1
20220805,14,02171,2
20220805,14,02172,1
20220805,14,02178,1
20220805,14,02179,4
20220805,14,02185,1
20220805,14,02191,1
20220805,14,02198,1
20220805,14,03310,2
20220805,14,03311,3
20220805,14,03802,1
20220805,15,02111,1
20220805,15,02112,1
20220805,15,02116,1
20220805,15,02122,1
20220805,15,02128,1
20220805,15,02129,1
20220805,15,02143,1
20220805,15,02148,1
20220805,15,02172,1
20220805,15,02178,2
20220805,15,02179,2
20220805,15,02185,1
20220805,15,02186,3
20220805,15,02191,3
20220805,15,03310,1
20220805,15,03311,3
20220805,16,02111,1
20220805,16,02112,1
20220805,16,02116,1
20220805,16,02122,3
20220805,16,02128,3
20220805,16,02129,3
20220805,16,02139,3
20220805,16,02148,3
20220805,16,02159,3
20220805,16,02171,5
20220805,16,02178,6
20220805,16,02179,3
20220805,16,02185,2
20220805,16,02191,3
20220805,16,02198,1
20220805,16,02199,1
20220805,16,03310,1
20220805,16,03311,2
20220805,16,03802,2
20220805,17,02111,4
20220805,17,02116,1
20220805,17,02122,1
20220805,17,02128,1
20220805,17,02129,4
20220805,17,02139,2
20220805,17,02143,2
20220805,17,02148,5
20220805,17,02171,4
20220805,17,02172,2
20220805,17,02178,4
20220805,17,02179,4
20220805,17,02186,6
20220805,17,02191,1
20220805,17,02198,5
20220805,17,03310,4
20220805,17,03311,3
20220805,17,03802,2
20220805,18,02111,6
20220805,18,02112,4
20220805,18,02116,4
20220805,18,02122,8
20220805,18,02128,6
20220805,18,02129,5
20220805,18,02139,2
20220805,18,02143,1
20220805,18,02148,6
20220805,18,02159,1
20220805,18,02171,7
20220805,18,02172,3
20220805,18,02178,5
20220805,18,02179,2
20220805,18,02185,2
20220805,18,02186,4
20220805,18,02191,4
20220805,18,02198,3
20220805,18,03311,9
20220805,18,03802,1
20220805,19,02111,6
20220805,19,02112,3
20220805,19,02116,3
20220805,19,02122,7
20220805,19,02129,2
20220805,19,02139,2
20220805,19,02143,4
20220805,19,02148,3
20220805,19,02171,10
20220805,19,02178,5
20220805,19,02179,6
20220805,19,02185,2
20220805,19,02186,4
20220805,19,02191,2
20220805,19,02198,4
20220805,19,02199,1
20220805,19,03311,5
20220805,19,03802,2
20220805,2,02111,1
20220805,2,02116,2
20220805,2,02122,2
20220805,2,02159,1
20220805,2,02171,1
20220805,2,02186,1
20220805,2,02198,1
20220805,20,02111,6
20220805,20,02112,2
20220805,20,02116,5
20220805,20,02128,3
20220805,20,02129,1
20220805,20,02139,3
20220805,20,02148,2
20220805,20,02159,1
20220805,20,02171,9
20220805,20,02172,4
20220805,20,02178,1
20220805,20,02179,7
20220805,20,02186,1
20220805,20,02191,1
20220805,20,02198,3
20220805,20,03311,7
20220805,20,03802,2
20220805,21,02111,5
20220805,21,02112,12
20220805,21,02116,6
20220805,21,02122,7
20220805,21,02128,3
20220805,21,02129,2
20220805,21,02130,2
20220805,21,02139,4
20220805,21,02143,2
20220805,21,02159,1
20220805,21,02171,7
20220805,21,02172,4
20220805,21,02178,1
20220805,21,02179,8
20220805,21,02185,2
20220805,21,02186,4
20220805,21,02191,2
20220805,21,02198,5
20220805,21,03310,1
20220805,21,03311,3
20220805,21,03802,9
20220805,22,02111,3
20220805,22,02112,2
20220805,22,02116,4
20220805,22,02122,4
20220805,22,02139,6
20220805,22,02143,3
20220805,22,02148,5
20220805,22,02171,4
20220805,22,02172,3
20220805,22,02179,3
20220805,22,02186,3
20220805,22,02191,3
20220805,22,02198,4
20220805,22,03311,3
20220805,23,02111,3
20220805,23,02112,2
20220805,23,02116,6
20220805,23,02129,1
20220805,23,02139,3
20220805,23,02148,1
20220805,23,02171,4
20220805,23,02172,2
20220805,23,02178,1
20220805,23,02179,4
20220805,23,02185,3
20220805,23,02186,3
20220805,23,02191,1
20220805,23,02198,3
20220805,3,02112,1
20220805,3,02116,1
20220805,3,02139,1
20220805,3,02148,1
20220805,3,02179,2
20220805,3,02185,1
20220805,3,02199,2
20220805,4,02148,2
20220805,4,02179,1
20220805,4,02185,1
20220805,5,02122,2
20220805,5,02139,1
20220805,5,02179,1
20220805,6,02112,1
20220805,6,02116,2
20220805,6,02139,1
20220805,6,02148,2
20220805,6,02179,2
20220805,6,02185,2
20220805,6,02186,2
20220805,6,02191,1
20220805,6,02198,2
20220805,6,03802,2
20220805,7,02111,3
20220805,7,02112,2
20220805,7,02122,5
20220805,7,02128,1
20220805,7,02129,2
20220805,7,02139,2
20220805,7,02148,1
20220805,7,02171,1
20220805,7,02179,2
20220805,7,02185,2
20220805,7,02186,2
20220805,7,02191,2
20220805,7,03310,1
20220805,7,03311,1
20220805,7,03802,4
20220805,8,02111,3
20220805,8,02112,2
20220805,8,02129,1
20220805,8,02139,3
20220805,8,02143,1
20220805,8,02148,2
20220805,8,02159,1
20220805,8,02171,3
20220805,8,02179,2
20220805,8,02185,2
20220805,8,02186,3
20220805,8,02191,5
20220805,8,03311,1
20220805,8,03802,6
20220805,9,02111,2
20220805,9,02112,2
20220805,9,02116,1
20220805,9,02128,2
20220805,9,02130,1
20220805,9,02139,1
20220805,9,02143,1
20220805,9,02148,1
20220805,9,02159,2
20220805,9,02171,1
20220805,9,02172,2
20220805,9,02185,1
20220805,9,02186,1
20220805,9,02198,1
20220805,9,03311,1
20220805,9,03802,6
20220806,0,02111,4
20220806,0,02112,3
20220806,0,02116,1
20220806,0,02122,1
20220806,0,02139,1
20220806,0,02148,4
20220806,0,02171,6
20220806,0,02172,1
20220806,0,02179,3
20220806,0,02185,1
20220806,0,02186,2
20220806,0,02191,3
20220806,0,02198,5
20220806,0,03311,1
20220806,1,02111,2
20220806,1,02112,3
20220806,1,02116,2
20220806,1,02130,1
20220806,1,02148,1
20220806,1,02171,9
20220806,1,02179,4
20220806,1,02186,1
20220806,1,02198,4
20220806,1,03311,3
20220806,10,02111,2
20220806,10,02112,2
20220806,10,02116,2
20220806,10,02122,3
20220806,10,02129,2
20220806,10,02130,1
20220806,10,02139,2
20220806,10,02159,2
20220806,10,02171,3
20220806,10,02172,2
20220806,10,02179,4
20220806,10,02185,2
20220806,10,02186,1
20220806,10,02198,3
20220806,10,03310,4
20220806,10,03311,2
20220806,10,03802,1
20220806,11,02111,3
20220806,11,02116,1
20220806,11,02139,1
20220806,11,02143,2
20220806,11,02148,1
20220806,11,02171,1
20220806,11,02172,2
20220806,11,02178,2
20220806,11,02179,2
20220806,11,02185,2
20220806,11,02186,1
20220806,11,02191,2
20220806,11,03310,1
20220806,11,03311,1
20220806,11,03802,1
20220806,12,02112,2
20220806,12,02129,1
20220806,12,02139,2
20220806,12,02143,1
20220806,12,02148,1
20220806,12,02159,1
20220806,12,02171,3
20220806,12,02172,4
20220806,12,02178,2
20220806,12,02179,1
20220806,12,02185,2
20220806,12,02186,1
20220806,12,02198,1
20220806,12,03310,5
20220806,13,02112,3
20220806,13,02116,1
20220806,13,02122,2
20220806,13,02128,4
20220806,13,02130,1
20220806,13,02139,5
20220806,13,02148,3
20220806,13,02159,1
20220806,13,02171,3
20220806,13,02178,1
20220806,13,02179,4
20220806,13,02186,1
20220806,13,02191,3
20220806,13,02198,1
20220806,13,03310,2
20220806,13,03311,3
20220806,14,02111,2
20220806,14,02112,3
20220806,14,02116,2
20220806,14,02122,4
20220806,14,02128,3
20220806,14,02129,1
20220806,14,02130,2
20220806,14,02139,2
20220806,14,02148,1
20220806,14,02159,2
20220806,14,02171,10
20220806,14,02172,6
20220806,14,02179,3
20220806,14,02185,1
20220806,14,02186,3
20220806,14,02191,2
20220806,14,02198,4
20220806,14,03310,3
20220806,14,03311,2
20220806,15,02111,4
20220806,15,02112,2
20220806,15,02128,1
20220806,15,02129,1
20220806,15,02148,1
20220806,15,02171,6
20220806,15,02172,5
20220806,15,02178,2
20220806,15,02186,1
20220806,15,02191,2
20220806,15,02198,2
20220806,15,03310,1
20220806,15,03311,1
20220806,15,03802,1
20220806,16,02111,3
20220806,16,02112,1
20220806,16,02122,1
20220806,16,02128,1
20220806,16,02129,1
20220806,16,02143,1
20220806,16,02148,3
20220806,16,02171,4
20220806,16,02172,5
20220806,16,02179,1
20220806,16,02186,1
20220806,16,02191,1
20220806,16,02198,2
20220806,16,02199,1
20220806,16,03311,1
20220806,16,03802,1
20220806,17,02111,6
20220806,17,02112,2
20220806,17,02116,3
20220806,17,02122,5
20220806,17,02128,2
20220806,17,02129,3
20220806,17,02130,5
20220806,17,02139,3
20220806,17,02143,1
20220806,17,02148,2
20220806,17,02171,4
20220806,17,02172,5
20220806,17,02178,1
20220806,17,02179,2
20220806,17,02185,1
20220806,17,02186,3
20220806,17,02191,2
20220806,17,02198,1
20220806,17,03802,3
20220806,18,02111,7
20220806,18,02112,2
20220806,18,02116,2
20220806,18,02122,7
20220806,18,02128,3
20220806,18,02129,3
20220806,18,02130,2
20220806,18,02139,2
20220806,18,02148,2
20220806,18,02159,1
20220806,18,02171,4
20220806,18,02172,1
20220806,18,02178,2
20220806,18,02179,4
20220806,18,02185,2
20220806,18,02186,2
20220806,18,02191,1
20220806,18,02198,1
20220806,18,03311,4
20220806,19,02111,4
20220806,19,02112,2
20220806,19,02116,3
20220806,19,02122,1
20220806,19,02128,2
20220806,19,02129,4
20220806,19,02130,1
20220806,19,02139,3
20220806,19,02148,2
20220806,19,02159,5
20220806,19,02171,9
20220806,19,02172,1
20220806,19,02178,2
20220806,19,02179,3
20220806,19,02185,1
20220806,19,02186,4
20220806,19,02191,5
20220806,19,02198,4
20220806,19,02199,1
20220806,19,03310,1
20220806,19,03311,2
20220806,2,02111,3
20220806,2,02112,2
20220806,2,02116,1
20220806,2,02122,1
20220806,2,02148,1
20220806,2,02159,1
20220806,2,02179,1
20220806,2,02186,1
20220806,2,02191,2
20220806,2,02199,1
20220806,20,02111,2
20220806,20,02112,6
20220806,20,02116,1
20220806,20,02122,1
20220806,20,02128,7
20220806,20,02129,3
20220806,20,02130,2
20220806,20,02139,2
20220806,20,02148,3
20220806,20,02159,3
20220806,20,02171,5
20220806,20,02178,2
20220806,20,02179,2
20220806,20,02185,4
20220806,20,02186,3
20220806,20,02191,1
20220806,20,03311,1
20220806,20,03802,1
20220806,21,02111,1
20220806,21,02112,1
20220806,21,02116,2
20220806,21,02122,8
20220806,21,02129,1
20220806,21,02130,3
20220806,21,02143,1
20220806,21,02159,1
20220806,21,02171,3
20220806,21,02172,1
20220806,21,02179,3
20220806,21,02186,3
20220806,22,02111,2
20220806,22,02112,2
20220806,22,02129,2
20220806,22,02171,3
20220806,22,02172,1
20220806,22,02178,1
20220806,22,02179,1
20220806,22,02186,2
20220806,22,02198,1
20220806,23,02111,1
20220806,23,02112,2
20220806,23,02139,1
20220806,23,02172,1
20220806,23,02179,2
20220806,23,02198,1
20220806,23,02199,1
20220806,3,02112,3
20220806,3,02122,1
20220806,3,02128,1
20220806,3,02129,1
20220806,3,02139,1
20220806,3,02148,1
20220806,3,02172,1
20220806,3,02185,1
20220806,3,02198,2
20220806,4,02111,1
20220806,4,02112,1
20220806,4,02148,1
20220806,4,02171,1
20220806,4,02185,1
20220806,4,02191,2
20220806,4,02198,2
20220806,5,02122,2
20220806,5,02172,1
20220806,5,02185,1
20220806,5,02186,2
20220806,5,02198,1
20220806,6,02111,1
20220806,6,02179,2
20220806,6,02185,1
20220806,6,02191,1
20220806,6,02198,1
20220806,6,02199,1
20220806,6,03311,2
20220806,7,02111,1
20220806,7,02112,2
20220806,7,02122,1
20220806,7,02129,1
20220806,7,02139,1
20220806,7,02143,1
20220806,7,02148,1
20220806,7,02198,2
20220806,7,02199,2
20220806,7,03310,1
20220806,8,02112,1
20220806,8,02122,3
20220806,8,02128,1
20220806,8,02129,2
20220806,8,02139,1
20220806,8,02148,4
20220806,8,02159,3
20220806,8,02171,1
20220806,8,02179,2
20220806,8,02186,1
20220806,8,02191,1
20220806,8,02198,3
20220806,8,03310,2
20220806,8,03802,1
20220806,9,02111,6
20220806,9,02112,2
20220806,9,02122,4
20220806,9,02128,2
20220806,9,02159,1
20220806,9,02171,2
20220806,9,02179,3
20220806,9,02186,1
20220806,9,03310,1
20220806,9,03802,2
20220807,0,02111,4
20220807,0,02112,5
20220807,0,02116,6
20220807,0,02128,1
20220807,0,02148,2
20220807,0,02171,3
20220807,0,02172,1
20220807,0,02179,2
20220807,0,02185,2
20220807,0,02186,1
20220807,0,02191,1
20220807,0,02199,1
20220807,0,03311,3
20220807,1,02111,3
20220807,1,02112,2
20220807,1,02116,2
20220807,1,02171,2
20220807,1,02172,1
20220807,1,02186,1
20220807,1,02198,1
20220807,1,02199,1
20220807,1,03311,2
20220807,10,02111,2
20220807,10,02128,2
20220807,10,02143,1
20220807,10,02148,1
20220807,10,02159,2
20220807,10,02172,1
20220807,10,02178,4
20220807,10,02179,3
20220807,10,02185,2
20220807,10,02186,1
20220807,10,02199,1
20220807,10,03310,3
20220807,10,03802,1
20220807,11,02112,1
20220807,11,02116,1
20220807,11,02122,3
20220807,11,02128,1
20220807,11,02129,4
20220807,11,02130,2
20220807,11,02139,3
20220807,11,02143,1
20220807,11,02148,1
20220807,11,02171,3
20220807,11,02172,2
20220807,11,02178,1
20220807,11,02179,7
20220807,11,02186,2
20220807,11,02191,1
20220807,11,02198,1
20220807,11,03310,2
20220807,12,02111,3
20220807,12,02116,2
20220807,12,02122,1
20220807,12,02139,2
20220807,12,02143,1
20220807,12,02148,1
20220807,12,02159,1
20220807,12,02171,1
20220807,12,02172,3
20220807,12,02179,5
20220807,12,02185,2
20220807,12,02186,2
20220807,12,02198,1
20220807,12,03310,2
20220807,12,03311,1
20220807,13,02111,2
20220807,13,02112,3
20220807,13,02116,1
20220807,13,02122,2
20220807,13,02128,1
20220807,13,02129,1
20220807,13,02143,1
20220807,13,02148,2
20220807,13,02159,1
20220807,13,02171,3
20220807,13,02172,2
20220807,13,02185,1
20220807,13,02186,2
20220807,13,02191,1
20220807,13,02198,1
20220807,13,03310,5
20220807,13,03311,3
20220807,14,02111,3
20220807,14,02116,3
20220807,14,02128,5
20220807,14,02139,3
20220807,14,02148,1
20220807,14,02159,1
20220807,14,02171,6
20220807,14,02172,1
20220807,14,02178,4
20220807,14,02179,4
20220807,14,02185,2
20220807,14,02186,1
20220807,14,02191,2
20220807,14,02198,2
20220807,14,03310,4
20220807,14,03311,2
20220807,15,02111,1
20220807,15,02112,2
20220807,15,02116,1
20220807,15,02122,4
20220807,15,02128,5
20220807,15,02129,3
20220807,15,02130,2
20220807,15,02139,2
20220807,15,02148,2
20220807,15,02159,2
20220807,15,02171,2
20220807,15,02172,2
20220807,15,02178,4
20220807,15,02179,1
20220807,15,02185,3
20220807,15,02186,3
20220807,15,02191,1
20220807,15,02198,1
20220807,15,03310,2
20220807,15,03311,3
20220807,15,03802,1
20220807,16,02111,1
20220807,16,02112,3
20220807,16,02122,7
20220807,16,02128,5
20220807,16,02129,1
20220807,16,02139,2
20220807,16,02143,1
20220807,16,02148,1
20220807,16,02159,3
20220807,16,02171,6
20220807,16,02172,1
20220807,16,02178,4
20220807,16,02179,3
20220807,16,02185,2
20220807,16,02191,1
20220807,16,02198,4
20220807,16,03310,2
20220807,16,03311,2
20220807,17,02111,1
20220807,17,02112,8
20220807,17,02116,1
20220807,17,02122,1
20220807,17,02128,1
20220807,17,02129,2
20220807,17,02130,1
20220807,17,02139,2
20220807,17,02143,2
20220807,17,02148,1
20220807,17,02171,2
20220807,17,02172,7
20220807,17,02178,1
20220807,17,02179,5
20220807,17,02185,3
20220807,17,02186,1
20220807,17,02191,1
20220807,17,02198,1
20220807,17,02199,3
20220807,17,03311,2
20220807,18,02111,6
20220807,18,02112,4
20220807,18,02116,2
20220807,18,02122,2
20220807,18,02128,2
20220807,18,02129,2
20220807,18,02139,1
20220807,18,02143,2
20220807,18,02148,3
20220807,18,02159,2
20220807,18,02171,3
20220807,18,02172,5
20220807,18,02178,3
20220807,18,02179,4
20220807,18,02186,1
20220807,18,02191,3
20220807,18,02198,4
20220807,18,02199,2
20220807,18,03310,2
20220807,18,03802,1
20220807,19,02111,2
20220807,19,02112,3
20220807,19,02116,3
20220807,19,02122,5
20220807,19,02128,4
20220807,19,02139,4
20220807,19,02143,2
20220807,19,02159,4
20220807,19,02171,2
20220807,19,02172,3
20220807,19,02178,2
20220807,19,02179,4
20220807,19,02185,4
20220807,19,02186,2
20220807,19,02191,3
20220807,19,02198,2
20220807,19,02199,3
20220807,19,03310,1
20220807,19,03311,2
20220807,2,02111,1
20220807,2,02112,3
20220807,2,02122,1
20220807,2,02159,1
20220807,2,02191,1
20220807,2,02198,1
20220807,20,02112,6
20220807,20,02116,4
20220807,20,02128,5
20220807,20,02129,3
20220807,20,02130,1
20220807,20,02139,2
20220807,20,02143,1
20220807,20,02148,1
20220807,20,02159,4
20220807,20,02171,3
20220807,20,02172,2
20220807,20,02178,1
20220807,20,02179,9
20220807,20,02185,4
20220807,20,02186,1
20220807,20,02191,5
20220807,20,02198,4
20220807,20,03311,2
20220807,21,02111,5
20220807,21,02112,7
20220807,21,02116,3
20220807,21,02122,3
20220807,21,02128,4
20220807,21,02139,1
20220807,21,02171,2
20220807,21,02172,3
20220807,21,02178,1
20220807,21,02179,4
20220807,21,02185,2
20220807,21,02186,2
20220807,21,02191,2
20220807,21,02198,2
20220807,21,02199,1
20220807,22,02111,3
20220807,22,02112,2
20220807,22,02116,1
20220807,22,02122,2
20220807,22,02139,1
20220807,22,02148,1
20220807,22,02159,1
20220807,22,02171,1
20220807,22,02172,3
20220807,22,02178,1
20220807,22,02179,1
20220807,22,02185,1
20220807,22,02186,1
20220807,22,02198,1
20220807,22,03311,1
20220807,23,02111,5
20220807,23,02112,2
20220807,23,02171,1
20220807,23,02179,2
20220807,23,02191,1
20220807,23,03310,1
20220807,3,02111,1
20220807,3,02139,1
20220807,3,02198,1
20220807,4,02116,1
20220807,4,02172,1
20220807,4,02191,1
20220807,5,02111,1
20220807,6,02122,1
20220807,6,02139,2
20220807,6,02143,1
20220807,6,02185,1
20220807,6,02186,1
20220807,7,02112,1
20220807,7,02148,1
20220807,7,02159,1
20220807,7,02186,1
20220807,8,02122,1
20220807,8,02139,1
20220807,8,02143,1
20220807,8,02148,1
20220807,8,02172,2
20220807,8,02179,1
20220807,8,02185,3
20220807,8,02186,1
20220807,8,02198,1
20220807,8,03311,1
20220807,9,02111,1
20220807,9,02112,1
20220807,9,02128,1
20220807,9,02129,2
20220807,9,02139,1
20220807,9,02148,3
20220807,9,02159,1
20220807,9,02171,1
20220807,9,02172,2
20220807,9,02179,2
20220807,9,02185,1
20220807,9,02186,1
20220807,9,02191,3
20220807,9,02198,1
20220807,9,03802,3
20220808,0,02111,2
20220808,0,02116,4
20220808,0,02122,1
20220808,0,02139,1
20220808,0,02171,3
20220808,0,02179,1
20220808,0,02185,2
20220808,0,02186,1
20220808,0,02191,2
20220808,0,02198,2
20220808,0,03311,2
20220808,1,02111,1
20220808,1,02112,2
20220808,1,02116,2
20220808,1,02122,1
20220808,1,02128,2
20220808,1,02129,1
20220808,1,02148,2
20220808,1,02159,1
20220808,1,02179,2
20220808,1,02185,1
20220808,1,02186,1
20220808,1,02191,1
20220808,1,02198,1
20220808,1,02199,1
20220808,1,03311,1
20220808,10,02111,3
20220808,10,02128,2
20220808,10,02171,1
20220808,10,02172,1
20220808,10,02185,3
20220808,10,02186,1
20220808,10,02198,1
20220808,10,02199,1
20220808,10,03802,2
20220808,11,02111,2
20220808,11,02171,2
20220808,11,02179,2
20220808,12,02172,1
20220808,12,02186,1
20220808,13,02116,1
20220808,13,02171,1
20220808,13,02172,1
20220808,13,03311,1
20220808,15,02122,1
20220808,15,02172,1
20220808,15,02178,1
20220808,15,02179,2
20220808,16,02122,1
20220808,16,02159,1
20220808,16,02172,2
20220808,16,02179,2
20220808,16,02186,1
20220808,16,03802,1
20220808,17,02122,1
20220808,17,02139,1
20220808,17,02172,1
20220808,17,02179,1
20220808,17,02185,1
20220808,17,02186,1
20220808,17,02191,1
20220808,17,02198,1
20220808,17,03802,2
20220808,19,02111,1
20220808,19,02171,1
20220808,2,02112,1
20220808,2,02122,1
20220808,2,02128,1
20220808,2,02179,1
20220808,21,02128,1
20220808,21,03311,1
20220808,23,02111,1
20220808,23,02129,1
20220808,23,02139,1
20220808,23,02159,1
20220808,23,02191,1
20220808,3,02128,1
20220808,3,03311,1
20220808,4,02122,1
20220808,4,02185,1
20220808,5,02112,1
20220808,5,02179,1
20220808,6,02116,1
20220808,6,02179,1
20220808,6,02198,2
20220808,7,02112,1
20220808,7,02122,2
20220808,7,02139,1
20220808,7,02148,2
20220808,7,02171,1
20220808,7,02185,1
20220808,7,03311,1
20220808,7,03802,2
20220808,8,02111,2
20220808,8,02128,1
20220808,8,02129,1
20220808,8,02139,1
20220808,8,02179,3
20220808,8,02191,1
20220808,8,02198,1
20220808,8,03802,2
20220808,9,02122,2
20220808,9,02129,1
20220808,9,02143,2
20220808,9,02148,1
20220808,9,02172,1
20220808,9,02179,1
20220808,9,02185,1
20220808,9,02186,2
20220808,9,03311,2
20220808,9,03802,6
20220809,0,02116,1
20220809,0,02129,1
20220810,10,02128,4
20220810,10,02139,1
20220810,10,02143,2
20220810,10,02159,1
20220810,10,02171,1
20220810,10,02179,2
20220810,10,02191,2
20220810,10,02198,1
20220810,11,02111,1
20220810,11,02112,1
20220810,11,02128,1
20220810,11,02129,2
20220810,11,02139,1
20220810,11,02148,1
20220810,11,02159,2
20220810,11,02171,3
20220810,11,02172,2
20220810,11,02179,2
20220810,11,02185,2
20220810,11,02198,3
20220810,12,02111,1
20220810,12,02112,2
20220810,12,02116,1
20220810,12,02122,1
20220810,12,02128,2
20220810,12,02129,1
20220810,12,02139,2
20220810,12,02148,1
20220810,12,02159,1
20220810,12,02171,3
20220810,12,02178,1
20220810,12,02179,3
20220810,12,02185,1
20220810,12,02186,1
20220810,12,02191,1
20220810,12,02198,5
20220810,12,03311,1
20220810,12,03802,1
20220810,13,02111,4
20220810,13,02112,1
20220810,13,02116,2
20220810,13,02128,3
20220810,13,02129,3
20220810,13,02143,1
20220810,13,02171,1
20220810,13,02172,7
20220810,13,02179,3
20220810,13,02186,1
20220810,13,02191,3
20220810,13,02198,1
20220810,13,03311,3
20220810,14,02111,4
20220810,14,02116,1
20220810,14,02122,2
20220810,14,02128,1
20220810,14,02129,1
20220810,14,02143,1
20220810,14,02178,1
20220810,14,02179,5
20220810,14,02186,1
20220810,14,02191,2
20220810,14,03310,4
20220810,14,03311,3
20220810,15,02111,1
20220810,15,02112,2
20220810,15,02116,2
20220810,15,02122,1
20220810,15,02128,1
20220810,15,02129,3
20220810,15,02148,1
20220810,15,02171,2
20220810,15,02172,1
20220810,15,02179,1
20220810,15,02185,1
20220810,15,02186,1
20220810,15,02191,1
20220810,15,03311,3
20220810,16,02111,3
20220810,16,02116,1
20220810,16,02128,2
20220810,16,02129,1
20220810,16,02148,2
20220810,16,02159,1
20220810,16,02171,1
20220810,16,02172,1
20220810,16,02178,4
20220810,16,02179,2
20220810,16,02191,2
20220810,16,02198,3
20220810,16,03310,1
20220810,16,03311,2
20220810,17,02111,4
20220810,17,02112,1
20220810,17,02116,2
20220810,17,02129,7
20220810,17,02139,1
20220810,17,02143,1
20220810,17,02148,5
20220810,17,02159,1
20220810,17,02171,6
20220810,17,02172,4
20220810,17,02178,2
20220810,17,02179,2
20220810,17,02185,3
20220810,17,02191,4
20220810,17,02198,2
20220810,17,02199,1
20220810,17,03310,3
20220810,17,03311,4
20220810,18,02111,6
20220810,18,02112,7
20220810,18,02116,3
20220810,18,02128,4
20220810,18,02129,4
20220810,18,02130,1
20220810,18,02143,1
20220810,18,02148,5
20220810,18,02159,1
20220810,18,02171,7
20220810,18,02172,2
20220810,18,02178,5
20220810,18,02179,4
20220810,18,02191,1
20220810,18,02198,3
20220810,18,02199,1
20220810,18,03310,2
20220810,18,03311,1
20220810,19,02111,4
20220810,19,02112,2
20220810,19,02116,5
20220810,19,02122,2
20220810,19,02128,3
20220810,19,02129,1
20220810,19,02139,1
20220810,19,02143,1
20220810,19,02148,2
20220810,19,02159,1
20220810,19,02171,2
20220810,19,02172,1
20220810,19,02179,1
20220810,19,02186,1
20220810,19,02198,1
20220810,19,02199,1
20220810,19,03310,1
20220810,19,03311,3
20220810,20,02111,3
20220810,20,02112,1
20220810,20,02116,4
20220810,20,02122,2
20220810,20,02128,4
20220810,20,02130,2
20220810,20,02139,2
20220810,20,02148,4
20220810,20,02159,3
20220810,20,02171,1
20220810,20,02172,1
20220810,20,02178,3
20220810,20,02179,7
20220810,20,02186,2
20220810,20,02191,5
20220810,20,02198,3
20220810,20,03310,1
20220810,20,03311,7
20220810,20,03802,2
20220810,21,02111,2
20220810,21,02128,2
20220810,21,02143,1
20220810,21,02148,2
20220810,21,02178,1
20220810,21,02186,1
20220810,21,02191,1
20220810,21,02198,1
20220810,22,02111,1
20220810,22,02116,2
20220810,22,02186,1
20220810,23,02116,1
20220810,6,02148,1
20220810,6,03311,1
20220810,7,02128,1
20220810,7,02139,1
20220810,7,02159,2
20220810,7,02185,1
20220810,7,02186,1
20220810,8,02111,2
20220810,8,02112,3
20220810,8,02116,5
20220810,8,02128,2
20220810,8,02139,1
20220810,8,02148,1
20220810,8,02172,1
20220810,8,02179,3
20220810,8,02185,1
20220810,8,02191,2
20220810,8,02198,1
20220810,8,03311,1
20220810,9,02111,3
20220810,9,02116,1
20220810,9,02128,1
20220810,9,02129,2
20220810,9,02143,1
20220810,9,02148,4
20220810,9,02171,1
20220810,9,02172,2
20220810,9,02178,1
20220810,9,02179,2
20220810,9,02186,1
20220810,9,02191,1
20220810,9,02198,2
20220810,9,03311,1
20220811,0,02159,1
20220811,0,02171,1
20220811,0,02179,1
20220811,0,02185,1
20220811,0,03311,1
20220811,1,02129,1
20220811,1,02171,2
20220811,1,02198,1
20220811,10,02111,1
20220811,10,02112,1
20220811,10,02116,1
20220811,10,02128,1
20220811,10,02129,1
20220811,10,02143,2
20220811,10,02171,1
20220811,10,02178,1
20220811,10,02179,2
20220811,10,02191,1
20220811,10,02198,1
20220811,10,03310,1
20220811,10,03802,2
20220811,11,02116,1
20220811,11,02128,1
20220811,11,02129,1
20220811,11,02143,1
20220811,11,02171,3
20220811,11,02179,1
20220811,11,02198,1
20220811,11,03310,1
20220811,11,03802,1
20220811,12,02111,1
20220811,12,02122,1
20220811,12,02128,1
20220811,12,02129,1
20220811,12,02143,2
20220811,12,02159,1
20220811,12,02178,1
20220811,12,02179,3
20220811,13,02112,1
20220811,13,02116,1
20220811,13,02128,1
20220811,13,02129,2
20220811,13,02148,2
20220811,13,02159,2
20220811,13,02172,2
20220811,13,02179,2
20220811,13,02185,1
20220811,14,02111,1
20220811,14,02112,1
20220811,14,02139,1
20220811,14,02148,5
20220811,14,02159,3
20220811,14,02171,2
20220811,14,02172,1
20220811,14,02179,2
20220811,14,02186,1
20220811,14,03310,1
20220811,14,03311,1
20220811,14,03802,3
20220811,15,02111,3
20220811,15,02128,2
20220811,15,02129,1
20220811,15,02139,1
20220811,15,02143,1
20220811,15,02148,5
20220811,15,02159,1
20220811,15,02171,1
20220811,15,02172,2
20220811,15,02178,1
20220811,15,02185,4
20220811,15,02186,1
20220811,15,02191,1
20220811,15,02198,1
20220811,15,03310,3
20220811,15,03311,5
20220811,16,02111,4
20220811,16,02116,2
20220811,16,02128,3
20220811,16,02129,1
20220811,16,02139,2
20220811,16,02148,1
20220811,16,02159,1
20220811,16,02171,2
20220811,16,02172,1
20220811,16,02178,2
20220811,16,02179,1
20220811,16,02186,3
20220811,16,02191,2
20220811,16,02198,2
20220811,16,03310,3
20220811,16,03311,1
20220811,16,03802,1
20220811,17,02111,2
20220811,17,02112,1
20220811,17,02116,1
20220811,17,02122,1
20220811,17,02128,1
20220811,17,02129,3
20220811,17,02130,2
20220811,17,02143,2
20220811,17,02148,1
20220811,17,02171,4
20220811,17,02172,2
20220811,17,02178,1
20220811,17,02179,4
20220811,17,02185,3
20220811,17,02186,2
20220811,17,02198,5
20220811,17,03310,2
20220811,17,03311,5
20220811,17,03802,1
20220811,18,02111,4
20220811,18,02112,3
20220811,18,02116,4
20220811,18,02122,2
20220811,18,02128,4
20220811,18,02129,7
20220811,18,02139,3
20220811,18,02148,4
20220811,18,02171,5
20220811,18,02179,3
20220811,18,02186,1
20220811,18,02191,2
20220811,18,02198,1
20220811,18,03310,1
20220811,18,03311,2
20220811,18,03802,3
20220811,19,02111,4
20220811,19,02112,5
20220811,19,02116,4
20220811,19,02122,2
20220811,19,02128,7
20220811,19,02129,1
20220811,19,02139,1
20220811,19,02143,3
20220811,19,02148,7
20220811,19,02159,1
20220811,19,02171,8
20220811,19,02172,1
20220811,19,02179,2
20220811,19,02185,2
20220811,19,02186,1
20220811,19,02191,1
20220811,19,02198,2
20220811,19,02199,1
20220811,19,03311,7
20220811,19,03802,4
20220811,2,02111,1
20220811,2,02129,1
20220811,2,02171,1
20220811,20,02111,8
20220811,20,02112,1
20220811,20,02116,7
20220811,20,02122,5
20220811,20,02128,4
20220811,20,02129,5
20220811,20,02130,1
20220811,20,02139,2
20220811,20,02143,1
20220811,20,02148,2
20220811,20,02159,1
20220811,20,02171,6
20220811,20,02178,1
20220811,20,02179,3
20220811,20,02185,2
20220811,20,02186,2
20220811,20,02191,3
20220811,20,02198,4
20220811,20,03311,2
20220811,20,03802,6
20220811,21,02111,2
20220811,21,02112,4
20220811,21,02116,3
20220811,21,02122,4
20220811,21,02128,4
20220811,21,02139,2
20220811,21,02159,1
20220811,21,02171,4
20220811,21,02172,1
20220811,21,02178,1
20220811,21,02179,4
20220811,21,02185,1
20220811,21,02186,4
20220811,21,02191,1
20220811,21,02198,3
20220811,21,03310,1
20220811,21,03311,5
20220811,21,03802,5
20220811,22,02111,6
20220811,22,02112,3
20220811,22,02116,9
20220811,22,02122,2
20220811,22,02128,4
20220811,22,02139,1
20220811,22,02148,2
20220811,22,02159,6
20220811,22,02171,5
20220811,22,02172,1
20220811,22,02178,1
20220811,22,02185,1
20220811,22,02186,5
20220811,22,02198,2
20220811,22,02199,2
20220811,22,03310,1
20220811,22,03311,3
20220811,22,03802,2
20220811,23,02111,3
20220811,23,02112,4
20220811,23,02116,1
20220811,23,02122,3
20220811,23,02128,1
20220811,23,02143,1
20220811,23,02171,3
20220811,23,02172,1
20220811,23,02179,4
20220811,23,02185,1
20220811,23,02186,2
20220811,23,02198,1
20220811,23,02199,2
20220811,23,03310,1
20220811,23,03311,2
20220811,3,02172,1
20220811,6,02112,1
20220811,6,02198,1
20220811,6,03310,1
20220811,7,02111,2
20220811,7,02128,2
20220811,7,02139,1
20220811,7,02148,1
20220811,7,02159,2
20220811,7,02179,2
20220811,7,02186,1
20220811,7,03310,2
20220811,7,03802,1
20220811,8,02111,1
20220811,8,02116,1
20220811,8,02179,1
20220811,8,02198,1
20220811,8,03802,2
20220811,9,02111,1
20220811,9,02112,2
20220811,9,02116,1
20220811,9,02129,1
20220811,9,02139,1
20220811,9,02143,1
20220811,9,02171,1
20220811,9,02172,1
20220811,9,02179,2
20220811,9,02186,2
20220811,9,02191,1
20220811,9,03310,2
20220811,9,03311,1
20220811,9,03802,8
20220812,0,02111,3
20220812,0,02112,1
20220812,0,02122,5
20220812,0,02128,3
20220812,0,02139,1
20220812,0,02171,4
20220812,0,02172,1
20220812,0,02178,1
20220812,0,02179,1
20220812,0,02185,1
20220812,0,02191,3
20220812,0,02199,1
20220812,0,03310,1
20220812,0,03311,2
20220812,1,02111,8
20220812,1,02112,1
20220812,1,02116,1
20220812,1,02122,1
20220812,1,02128,1
20220812,1,02139,1
20220812,1,02143,2
20220812,1,02171,2
20220812,1,02179,2
20220812,1,02185,2
20220812,1,02191,2
20220812,1,02198,2
20220812,1,03311,2
20220812,10,02112,2
20220812,10,02116,1
20220812,10,02122,1
20220812,10,02128,2
20220812,10,02139,2
20220812,10,02143,1
20220812,10,02148,2
20220812,10,02171,1
20220812,10,02172,1
20220812,10,02179,1
20220812,10,02191,2
20220812,10,03310,1
20220812,10,03311,1
20220812,11,02111,1
20220812,11,02112,1
20220812,11,02122,2
20220812,11,02129,4
20220812,11,02130,2
20220812,11,02139,1
20220812,11,02148,6
20220812,11,02159,4
20220812,11,02171,2
20220812,11,02179,1
20220812,11,02185,1
20220812,11,02186,1
20220812,11,02191,1
20220812,11,02198,2
20220812,11,03311,1
20220812,11,03802,3
20220812,12,02111,4
20220812,12,02112,7
20220812,12,02116,1
20220812,12,02122,2
20220812,12,02129,2
20220812,12,02139,2
20220812,12,02143,1
20220812,12,02148,4
20220812,12,02159,1
20220812,12,02171,1
20220812,12,02172,1
20220812,12,02179,3
20220812,12,02186,2
20220812,12,02198,3
20220812,12,03311,3
20220812,12,03802,2
20220812,13,02111,8
20220812,13,02112,2
20220812,13,02122,2
20220812,13,02128,1
20220812,13,02129,1
20220812,13,02139,3
20220812,13,02143,2
20220812,13,02148,1
20220812,13,02171,5
20220812,13,02172,5
20220812,13,02179,4
20220812,13,02185,1
20220812,13,02191,4
20220812,13,03311,8
20220812,13,03802,1
20220812,14,02111,5
20220812,14,02116,2
20220812,14,02122,1
20220812,14,02128,2
20220812,14,02130,1
20220812,14,02148,1
20220812,14,02171,2
20220812,14,02179,2
20220812,14,02185,1
20220812,14,02186,1
20220812,14,02191,3
20220812,14,02198,1
20220812,14,03311,2
20220812,15,02111,2
20220812,15,02112,1
20220812,15,02116,1
20220812,15,02122,1
20220812,15,02128,3
20220812,15,02129,2
20220812,15,02139,1
20220812,15,02143,1
20220812,15,02148,3
20220812,15,02159,1
20220812,15,02171,2
20220812,15,02172,6
20220812,15,02178,1
20220812,15,02179,1
20220812,15,02185,1
20220812,15,02198,2
20220812,15,03311,6
20220812,16,02111,1
20220812,16,02116,1
20220812,16,02122,5
20220812,16,02128,1
20220812,16,02129,4
20220812,16,02139,2
20220812,16,02143,1
20220812,16,02148,2
20220812,16,02171,2
20220812,16,02172,1
20220812,16,02178,1
20220812,16,02179,4
20220812,16,02185,2
20220812,16,02191,1
20220812,16,02198,2
20220812,16,03311,5
20220812,17,02111,4
20220812,17,02112,2
20220812,17,02122,3
20220812,17,02128,4
20220812,17,02129,5
20220812,17,02130,1
20220812,17,02139,2
20220812,17,02143,1
20220812,17,02148,5
20220812,17,02171,6
20220812,17,02178,2
20220812,17,02179,2
20220812,17,02185,5
20220812,17,02191,2
20220812,17,02198,2
20220812,17,03310,1
20220812,17,03311,3
20220812,17,03802,1
20220812,18,02111,4
20220812,18,02112,5
20220812,18,02116,3
20220812,18,02122,3
20220812,18,02128,6
20220812,18,02129,7
20220812,18,02130,1
20220812,18,02139,1
20220812,18,02148,6
20220812,18,02159,2
20220812,18,02171,4
20220812,18,02172,1
20220812,18,02178,6
20220812,18,02179,5
20220812,18,02185,1
20220812,18,02186,2
20220812,18,02191,2
20220812,18,02198,3
20220812,18,03311,7
20220812,18,03802,1
20220812,19,02111,8
20220812,19,02112,3
20220812,19,02116,5
20220812,19,02122,5
20220812,19,02128,4
20220812,19,02129,1
20220812,19,02143,2
20220812,19,02148,4
20220812,19,02171,10
20220812,19,02172,1
20220812,19,02178,2
20220812,19,02179,5
20220812,19,02185,1
20220812,19,02186,1
20220812,19,02198,3
20220812,19,02199,2
20220812,19,03311,3
20220812,2,02111,2
20220812,2,02159,1
20220812,2,02171,6
20220812,2,02179,1
20220812,2,02191,2
20220812,2,02198,1
20220812,2,03311,1
20220812,20,02111,6
20220812,20,02112,2
20220812,20,02116,2
20220812,20,02122,2
20220812,20,02128,2
20220812,20,02139,2
20220812,20,02148,4
20220812,20,02159,1
20220812,20,02171,4
20220812,20,02172,1
20220812,20,02178,1
20220812,20,02179,2
20220812,20,02185,1
20220812,20,02186,2
20220812,20,02198,2
20220812,20,03311,1
20220812,20,03802,7
20220812,21,02111,10
20220812,21,02112,6
20220812,21,02116,9
20220812,21,02122,8
20220812,21,02128,8
20220812,21,02143,1
20220812,21,02148,1
20220812,21,02159,5
20220812,21,02171,2
20220812,21,02179,7
20220812,21,02185,3
20220812,21,02186,3
20220812,21,02191,3
20220812,21,02199,1
20220812,21,03311,11
20220812,21,03802,9
20220812,22,02111,7
20220812,22,02112,6
20220812,22,02116,3
20220812,22,02122,5
20220812,22,02139,1
20220812,22,02148,5
20220812,22,02171,8
20220812,22,02178,3
20220812,22,02179,3
20220812,22,02185,2
20220812,22,02186,3
20220812,22,02191,4
20220812,22,02198,2
20220812,22,02199,1
20220812,22,03311,2
20220812,23,02111,6
20220812,23,02112,3
20220812,23,02116,3
20220812,23,02122,1
20220812,23,02128,1
20220812,23,02129,2
20220812,23,02139,2
20220812,23,02143,1
20220812,23,02148,1
20220812,23,02171,2
20220812,23,02178,1
20220812,23,02179,6
20220812,23,02185,1
20220812,23,02186,1
20220812,23,02191,2
20220812,23,02198,8
20220812,23,03311,2
20220812,3,02111,1
20220812,3,02116,2
20220812,3,02122,1
20220812,3,02171,2
20220812,3,02172,1
20220812,3,02198,1
20220812,4,02139,1
20220812,5,02116,1
20220812,5,02122,3
20220812,5,02171,1
20220812,5,02186,1
20220812,6,02112,1
20220812,6,02116,2
20220812,6,02122,1
20220812,6,02129,1
20220812,6,02139,1
20220812,6,02159,2
20220812,6,02179,1
20220812,6,02186,1
20220812,6,02198,1
20220812,6,03802,1
20220812,7,02112,3
20220812,7,02116,1
20220812,7,02122,4
20220812,7,02128,3
20220812,7,02148,1
20220812,7,02159,1
20220812,7,02171,1
20220812,7,02172,1
20220812,7,02179,2
20220812,7,02185,1
20220812,7,03310,4
20220812,7,03802,4
20220812,8,02111,4
20220812,8,02116,1
20220812,8,02128,2
20220812,8,02129,2
20220812,8,02139,1
20220812,8,02143,1
20220812,8,02148,3
20220812,8,02159,2
20220812,8,02171,5
20220812,8,02172,1
20220812,8,02179,6
20220812,8,02185,3
20220812,8,02186,1
20220812,8,02191,2
20220812,8,02198,2
20220812,8,03310,1
20220812,8,03311,3
20220812,8,03802,1
20220812,9,02111,2
20220812,9,02112,2
20220812,9,02128,1
20220812,9,02129,2
20220812,9,02139,1
20220812,9,02148,1
20220812,9,02159,1
20220812,9,02179,3
20220812,9,02198,3
20220812,9,03310,1
20220812,9,03311,1
20220812,9,03802,8
20220813,0,02111,3
20220813,0,02112,1
20220813,0,02128,3
20220813,0,02139,1
20220813,0,02148,2
20220813,0,02171,1
20220813,0,02178,1
20220813,0,02179,3
20220813,0,02185,1
20220813,0,02186,1
20220813,0,02191,3
20220813,0,02198,2
20220813,0,03311,5
20220813,1,02111,3
20220813,1,02112,12
20220813,1,02116,1
20220813,1,02128,2
20220813,1,02139,1
20220813,1,02148,4
20220813,1,02171,1
20220813,1,02179,2
20220813,1,02186,1
20220813,1,02198,1
20220813,1,03311,1
20220813,10,02111,1
20220813,10,02116,1
20220813,10,02129,1
20220813,10,02148,1
20220813,10,02171,1
20220813,10,02172,4
20220813,10,02178,1
20220813,10,02179,4
20220813,10,02185,1
20220813,10,02198,1
20220813,10,03311,1
20220813,10,03802,1
20220813,11,02111,1
20220813,11,02129,1
20220813,11,02143,2
20220813,11,02171,1
20220813,11,02172,2
20220813,11,02178,2
20220813,11,02179,1
20220813,11,02198,1
20220813,12,02116,1
20220813,12,02128,1
20220813,13,02171,1
20220813,14,02159,1
20220813,14,02178,1
20220813,14,02179,1
20220813,14,02198,1
20220813,14,03802,2
20220813,15,02112,1
20220813,15,02116,1
20220813,15,02122,1
20220813,15,02171,2
20220813,15,02172,1
20220813,15,02198,2
20220813,15,03311,2
20220813,15,03802,1
20220813,16,02112,1
20220813,16,02122,6
20220813,16,02128,2
20220813,16,02139,3
20220813,16,02148,1
20220813,16,02171,5
20220813,16,02172,3
20220813,16,02179,1
20220813,16,02186,1
20220813,16,03311,3
20220813,16,03802,2
20220813,17,02111,3
20220813,17,02112,1
20220813,17,02122,3
20220813,17,02129,1
20220813,17,02130,1
20220813,17,02143,1
20220813,17,02148,1
20220813,17,02159,1
20220813,17,02171,6
20220813,17,02178,2
20220813,17,02179,4
20220813,17,02186,1
20220813,17,02191,2
20220813,17,02198,2
20220813,17,03311,2
20220813,17,03802,2
20220813,18,02111,6
20220813,18,02112,2
20220813,18,02116,1
20220813,18,02122,6
20220813,18,02128,1
20220813,18,02139,2
20220813,18,02143,2
20220813,18,02148,1
20220813,18,02159,1
20220813,18,02171,5
20220813,18,02172,2
20220813,18,02178,1
20220813,18,02179,1
20220813,18,02185,1
20220813,18,02186,3
20220813,18,02191,1
20220813,18,02198,2
20220813,18,03311,1
20220813,18,03802,1
20220813,19,02111,7
20220813,19,02112,5
20220813,19,02116,4
20220813,19,02122,2
20220813,19,02130,2
20220813,19,02139,2
20220813,19,02148,1
20220813,19,02159,2
20220813,19,02171,6
20220813,19,02178,1
20220813,19,02179,4
20220813,19,02186,2
20220813,19,02198,3
20220813,19,03311,3
20220813,2,02111,1
20220813,2,02112,2
20220813,2,02116,1
20220813,2,02129,1
20220813,2,02139,1
20220813,2,02148,1
20220813,2,02159,1
20220813,2,02171,3
20220813,2,02178,1
20220813,2,02179,4
20220813,2,02186,1
20220813,2,02191,1
20220813,2,02198,1
20220813,20,02111,1
20220813,20,02112,3
20220813,20,02116,6
20220813,20,02122,1
20220813,20,02128,1
20220813,20,02129,2
20220813,20,02130,1
20220813,20,02159,4
20220813,20,02171,4
20220813,20,02172,1
20220813,20,02178,1
20220813,20,02179,4
20220813,20,02186,4
20220813,20,02191,2
20220813,20,02198,2
20220813,20,03311,1
20220813,20,03802,1
20220813,21,02112,1
20220813,21,02116,2
20220813,21,02122,3
20220813,21,02129,2
20220813,21,02139,1
20220813,21,02143,3
20220813,21,02159,1
20220813,21,02171,3
20220813,21,02178,1
20220813,21,02179,1
20220813,21,02185,1
20220813,21,02186,1
20220813,21,02191,2
20220813,21,02198,2
20220813,21,03311,1
20220813,22,02111,7
20220813,22,02112,1
20220813,22,02116,1
20220813,22,02122,1
20220813,22,02129,1
20220813,22,02139,1
20220813,22,02148,4
20220813,22,02159,1
20220813,22,02178,3
20220813,22,02179,3
20220813,22,02185,1
20220813,22,02186,4
20220813,22,02198,4
20220813,22,02199,1
20220813,23,02111,1
20220813,23,02112,1
20220813,23,02116,6
20220813,23,02139,1
20220813,23,02159,2
20220813,23,02171,3
20220813,23,02179,2
20220813,23,02186,4
20220813,23,02198,2
20220813,23,03311,1
20220813,3,02112,2
20220813,3,02128,1
20220813,3,02139,1
20220813,3,02185,1
20220813,3,02198,2
20220813,4,02112,1
20220813,4,02116,1
20220813,4,02122,1
20220813,4,02139,1
20220813,4,02148,1
20220813,4,02171,2
20220813,4,02179,1
20220813,4,02185,1
20220813,4,02198,1
20220813,5,02112,2
20220813,5,02122,1
20220813,5,02191,1
20220813,6,02111,1
20220813,6,02130,1
20220813,6,02139,1
20220813,6,02171,1
20220813,6,02185,1
20220813,6,02191,1
20220813,6,02198,1
20220813,7,02111,1
20220813,7,02112,1
20220813,7,02128,1
20220813,7,02148,2
20220813,7,02185,1
20220813,7,02186,1
20220813,7,02198,1
20220813,7,03311,1
20220813,8,02111,1
20220813,8,02112,1
20220813,8,02129,1
20220813,8,02139,1
20220813,8,02159,1
20220813,8,02171,3
20220813,8,02179,4
20220813,8,02186,1
20220813,8,02191,1
20220813,8,02198,2
20220813,8,03310,2
20220813,8,03311,1
20220813,8,03802,2
20220813,9,02111,4
20220813,9,02112,1
20220813,9,02122,4
20220813,9,02143,1
20220813,9,02148,1
20220813,9,02159,3
20220813,9,02171,2
20220813,9,02185,2
20220813,9,02186,1
20220813,9,02191,1
20220813,9,02198,1
20220813,9,03802,1
20220814,0,02111,2
20220814,0,02112,5
20220814,0,02116,3
20220814,0,02148,1
20220814,0,02171,7
20220814,0,02179,3
20220814,0,02191,1
20220814,0,03311,2
20220814,1,02111,3
20220814,1,02112,1
20220814,1,02116,1
20220814,1,02122,1
20220814,1,02128,1
20220814,1,02148,1
20220814,1,02171,1
20220814,1,02178,1
20220814,1,02179,2
20220814,1,02191,2
20220814,10,02111,2
20220814,10,02112,1
20220814,10,02116,2
20220814,10,02129,1
20220814,10,02139,1
20220814,10,02143,1
20220814,10,02148,1
20220814,10,02159,1
20220814,10,02171,5
20220814,10,02172,1
20220814,10,02179,2
20220814,10,02191,1
20220814,10,02198,1
20220814,10,03311,1
20220814,10,03802,3
20220814,11,02111,2
20220814,11,02112,4
20220814,11,02116,1
20220814,11,02122,1
20220814,11,02128,1
20220814,11,02129,3
20220814,11,02139,1
20220814,11,02143,2
20220814,11,02148,3
20220814,11,02159,2
20220814,11,02172,1
20220814,11,02179,4
20220814,11,02185,1
20220814,11,02186,3
20220814,11,02191,1
20220814,11,02198,3
20220814,11,03311,1
20220814,11,03802,2
20220814,12,02111,1
20220814,12,02122,7
20220814,12,02128,1
20220814,12,02148,2
20220814,12,02159,2
20220814,12,02171,1
20220814,12,02179,3
20220814,12,02186,3
20220814,12,03311,1
20220814,13,02111,1
20220814,13,02112,1
20220814,13,02116,1
20220814,13,02128,1
20220814,13,02129,1
20220814,13,02139,1
20220814,13,02148,2
20220814,13,02159,2
20220814,13,02171,2
20220814,13,02178,1
20220814,13,02179,4
20220814,13,02185,3
20220814,13,02191,1
20220814,13,02198,2
20220814,13,03311,1
20220814,13,03802,3
20220814,14,02111,4
20220814,14,02112,4
20220814,14,02116,1
20220814,14,02122,2
20220814,14,02128,3
20220814,14,02129,1
20220814,14,02139,2
20220814,14,02148,4
20220814,14,02159,1
20220814,14,02171,5
20220814,14,02172,4
20220814,14,02179,1
20220814,14,02185,3
20220814,14,02186,1
20220814,14,02191,1
20220814,14,02198,2
20220814,14,03311,3
20220814,14,03802,1
20220814,15,02111,3
20220814,15,02112,6
20220814,15,02116,3
20220814,15,02122,2
20220814,15,02128,2
20220814,15,02129,2
20220814,15,02139,1
20220814,15,02172,6
20220814,15,02185,1
20220814,15,02186,1
20220814,15,02191,2
20220814,15,02198,2
20220814,15,03802,1
20220814,16,02111,3
20220814,16,02112,2
20220814,16,02116,2
20220814,16,02122,3
20220814,16,02129,1
20220814,16,02148,2
20220814,16,02171,1
20220814,16,02172,2
20220814,16,02178,4
20220814,16,02179,5
20220814,16,02186,1
20220814,16,02191,4
20220814,16,02198,2
20220814,16,03311,1
20220814,16,03802,1
20220814,17,02111,2
20220814,17,02112,1
20220814,17,02116,1
20220814,17,02122,1
20220814,17,02129,1
20220814,17,02148,2
20220814,17,02159,1
20220814,17,02171,2
20220814,17,02172,2
20220814,17,02178,2
20220814,17,02185,2
20220814,17,02186,1
20220814,17,02191,1
20220814,17,02198,1
20220814,17,02199,1
20220814,17,03310,2
20220814,18,02111,3
20220814,18,02112,6
20220814,18,02116,2
20220814,18,02122,1
20220814,18,02128,2
20220814,18,02130,2
20220814,18,02148,1
20220814,18,02159,4
20220814,18,02171,5
20220814,18,02172,2
20220814,18,02178,2
20220814,18,02179,7
20220814,18,02185,2
20220814,18,02186,3
20220814,18,02191,1
20220814,18,03310,1
20220814,18,03311,1
20220814,19,02111,5
20220814,19,02122,2
20220814,19,02128,2
20220814,19,02139,2
20220814,19,02148,2
20220814,19,02171,3
20220814,19,02172,2
20220814,19,02178,1
20220814,19,02179,5
20220814,19,02186,1
20220814,19,02191,2
20220814,19,02198,4
20220814,19,03310,6
20220814,19,03311,1
20220814,2,02112,4
20220814,2,02116,1
20220814,2,02129,1
20220814,2,02171,1
20220814,2,02185,2
20220814,2,02191,1
20220814,20,02112,1
20220814,20,02116,3
20220814,20,02122,2
20220814,20,02128,2
20220814,20,02129,1
20220814,20,02130,3
20220814,20,02139,1
20220814,20,02148,2
20220814,20,02159,3
20220814,20,02171,7
20220814,20,02178,2
20220814,20,02179,4
20220814,20,02185,1
20220814,20,02186,5
20220814,20,02191,1
20220814,20,02198,1
20220814,20,02199,1
20220814,20,03310,2
20220814,20,03311,4
20220814,21,02111,8
20220814,21,02112,1
20220814,21,02116,4
20220814,21,02122,2
20220814,21,02128,1
20220814,21,02129,2
20220814,21,02130,1
20220814,21,02148,1
20220814,21,02171,2
20220814,21,02172,2
20220814,21,02179,2
20220814,21,02186,1
20220814,21,02191,1
20220814,21,02198,3
20220814,21,03310,1
20220814,21,03311,1
20220814,22,02111,3
20220814,22,02112,2
20220814,22,02116,1
20220814,22,02128,1
20220814,22,02129,2
20220814,22,02139,1
20220814,22,02148,1
20220814,22,02172,1
20220814,22,02178,2
20220814,22,02179,1
20220814,22,02185,1
20220814,22,02186,4
20220814,22,02191,1
20220814,22,02198,2
20220814,22,03311,3
20220814,23,02111,1
20220814,23,02112,3
20220814,23,02116,1
20220814,23,02122,3
20220814,23,02128,1
20220814,23,02129,3
20220814,23,02139,2
20220814,23,02171,1
20220814,23,02178,1
20220814,23,02179,1
20220814,23,02191,1
20220814,23,02198,3
20220814,23,03311,2
20220814,3,02112,1
20220814,3,02122,1
20220814,3,02171,1
20220814,3,02185,1
20220814,3,02198,1
20220814,3,03311,1
20220814,4,02111,1
20220814,4,02116,1
20220814,4,02171,1
20220814,4,02179,1
20220814,5,02111,1
20220814,5,02139,1
20220814,5,02171,1
20220814,5,02186,2
20220814,5,02198,1
20220814,6,02148,2
20220814,6,02185,2
20220814,6,02186,1
20220814,6,03311,1
20220814,7,02112,1
20220814,7,02143,1
20220814,7,02159,1
20220814,7,02198,1
20220814,8,02111,1
20220814,8,02112,1
20220814,8,02122,1
20220814,8,02129,2
20220814,8,02171,2
20220814,8,02179,2
20220814,8,02186,1
20220814,8,02191,1
20220814,8,02198,2
20220814,9,02112,1
20220814,9,02128,1
20220814,9,02139,2
20220814,9,02143,1
20220814,9,02148,1
20220814,9,02172,1
20220814,9,02179,1
20220814,9,02185,1
20220814,9,02186,1
20220814,9,02191,1
20220814,9,02198,1
20220814,9,03802,1
20220815,0,02111,3
20220815,0,02116,1
20220815,0,02122,3
20220815,0,02128,6
20220815,0,02130,2
20220815,0,02139,2
20220815,0,02159,1
20220815,0,02171,7
20220815,0,02172,1
20220815,0,02178,1
20220815,0,02179,7
20220815,0,02185,2
20220815,0,02186,4
20220815,0,02191,2
20220815,0,02198,4
20220815,0,03311,1
20220815,1,02111,2
20220815,1,02112,2
20220815,1,02116,3
20220815,1,02122,4
20220815,1,02139,2
20220815,1,02148,1
20220815,1,02171,1
20220815,1,02172,1
20220815,1,02179,2
20220815,1,02185,1
20220815,1,02186,1
20220815,1,02198,1
20220815,10,02116,1
20220815,10,02143,1
20220815,10,02148,2
20220815,10,02159,1
20220815,10,02172,2
20220815,10,02179,1
20220815,10,02185,1
20220815,10,03310,3
20220815,11,02111,2
20220815,11,02112,2
20220815,11,02122,1
20220815,11,02129,1
20220815,11,02130,1
20220815,11,02139,2
20220815,11,02148,2
20220815,11,02159,1
20220815,11,02171,5
20220815,11,02172,1
20220815,11,02178,2
20220815,11,02179,3
20220815,11,02185,2
20220815,11,02186,1
20220815,11,03310,2
20220815,12,02111,3
20220815,12,02112,5
20220815,12,02116,1
20220815,12,02122,2
20220815,12,02128,2
20220815,12,02129,3
20220815,12,02139,1
20220815,12,02143,2
20220815,12,02148,1
20220815,12,02159,2
20220815,12,02171,4
20220815,12,02172,1
20220815,12,02179,1
20220815,12,02186,2
20220815,12,02191,3
20220815,12,02198,4
20220815,12,02199,1
20220815,12,03310,3
20220815,12,03311,1
20220815,12,03802,1
20220815,13,02111,6
20220815,13,02112,1
20220815,13,02116,7
20220815,13,02122,4
20220815,13,02128,1
20220815,13,02129,1
20220815,13,02130,1
20220815,13,02139,2
20220815,13,02159,3
20220815,13,02171,2
20220815,13,02172,1
20220815,13,02179,7
20220815,13,02185,1
20220815,13,02191,3
20220815,13,02198,3
20220815,13,03310,3
20220815,13,03802,1
20220815,14,02111,3
20220815,14,02112,1
20220815,14,02116,5
20220815,14,02122,1
20220815,14,02128,2
20220815,14,02148,2
20220815,14,02159,1
20220815,14,02171,2
20220815,14,02178,3
20220815,14,02179,2
20220815,14,02185,2
20220815,14,02186,1
20220815,14,02191,1
20220815,14,02198,4
20220815,14,03310,3
20220815,14,03311,2
20220815,15,02111,5
20220815,15,02112,2
20220815,15,02116,4
20220815,15,02122,5
20220815,15,02128,2
20220815,15,02129,2
20220815,15,02139,1
20220815,15,02148,3
20220815,15,02159,2
20220815,15,02171,4
20220815,15,02172,3
20220815,15,02178,2
20220815,15,02179,4
20220815,15,02186,1
20220815,15,02191,1
20220815,15,02198,2
20220815,15,03310,1
20220815,15,03311,4
20220815,16,02111,7
20220815,16,02116,3
20220815,16,02122,4
20220815,16,02128,3
20220815,16,02129,1
20220815,16,02139,2
20220815,16,02143,1
20220815,16,02148,5
20220815,16,02159,1
20220815,16,02171,2
20220815,16,02172,2
20220815,16,02179,2
20220815,16,02185,1
20220815,16,02186,2
20220815,16,02191,1
20220815,16,02198,3
20220815,16,03310,3
20220815,16,03311,1
20220815,16,03802,2
20220815,17,02111,6
20220815,17,02112,1
20220815,17,02116,2
20220815,17,02122,3
20220815,17,02129,2
20220815,17,02130,1
20220815,17,02139,1
20220815,17,02143,1
20220815,17,02148,1
20220815,17,02159,1
20220815,17,02171,2
20220815,17,02172,4
20220815,17,02178,1
20220815,17,02179,2
20220815,17,02185,1
20220815,17,02186,4
20220815,17,02191,4
20220815,17,02198,1
20220815,17,03310,1
20220815,18,02111,1
20220815,18,02112,1
20220815,18,02116,1
20220815,18,02171,2
20220815,18,02178,1
20220815,18,02179,2
20220815,18,02198,2
20220815,18,03311,1
20220815,19,02116,2
20220815,19,02128,1
20220815,2,02112,2
20220815,2,02128,2
20220815,2,02139,1
20220815,2,02159,1
20220815,2,02171,2
20220815,2,02185,2
20220815,2,02191,1
20220815,2,02198,4
20220815,20,02112,1
20220815,20,02116,1
20220815,20,02122,1
20220815,20,02159,1
20220815,20,02171,1
20220815,20,02179,1
20220815,20,02198,1
20220815,20,03802,1
20220815,21,02111,1
20220815,21,02116,3
20220815,21,02148,1
20220815,21,02178,1
20220815,21,02179,3
20220815,21,02185,1
20220815,21,02191,1
20220815,21,02198,1
20220815,21,03311,1
20220815,22,02111,1
20220815,22,02116,1
20220815,22,02122,1
20220815,22,02129,1
20220815,22,02172,1
20220815,22,02178,1
20220815,22,02179,2
20220815,22,02185,2
20220815,22,02191,1
20220815,22,02198,3
20220815,23,02111,1
20220815,23,02112,2
20220815,23,02122,1
20220815,23,02139,1
20220815,23,02171,1
20220815,23,02179,2
20220815,23,02185,2
20220815,23,02186,1
20220815,23,02198,1
20220815,23,03311,2
20220815,3,02111,1
20220815,3,02112,1
20220815,3,02116,1
20220815,3,02122,1
20220815,3,02171,1
20220815,3,03311,1
20220815,4,02112,2
20220815,4,02122,1
20220815,4,02139,1
20220815,4,02185,1
20220815,4,02191,1
20220815,5,02198,1
20220815,6,02128,1
20220815,6,02139,1
20220815,6,02179,1
20220815,6,02198,1
20220815,6,03311,1
20220815,7,02112,2
20220815,7,02128,1
20220815,7,02159,1
20220815,7,02172,1
20220815,7,03310,1
20220815,8,02112,2
20220815,8,02116,1
20220815,8,02148,1
20220815,8,02159,1
20220815,8,02171,3
20220815,8,02185,3
20220815,8,02186,1
20220815,8,02191,1
20220815,8,02198,1
20220815,8,03310,1
20220815,9,02111,1
20220815,9,02122,2
20220815,9,02128,1
20220815,9,02129,1
20220815,9,02148,2
20220815,9,02171,1
20220815,9,02179,1
20220815,9,02186,1
20220816,0,02116,1
20220816,0,02128,2
20220816,0,02172,1
20220816,0,02178,1
20220816,0,02186,2
20220816,0,03311,4
20220816,1,02111,1
20220816,1,02116,1
20220816,1,02122,2
20220816,1,02159,1
20220816,1,02179,1
20220816,1,03311,2
20220816,10,02111,2
20220816,10,02128,1
20220816,10,02129,1
20220816,10,02130,1
20220816,10,02148,2
20220816,10,02171,2
20220816,10,02179,1
20220816,10,02191,1
20220816,10,02198,1
20220816,10,03802,2
20220816,11,02111,1
20220816,11,02122,1
20220816,11,02148,4
20220816,11,02172,1
20220816,11,02179,2
20220816,11,02186,4
20220816,11,02191,3
20220816,11,02198,1
20220816,11,03310,3
20220816,11,03802,2
20220816,12,02111,4
20220816,12,02112,1
20220816,12,02116,2
20220816,12,02122,6
20220816,12,02128,1
20220816,12,02130,1
20220816,12,02148,3
20220816,12,02159,1
20220816,12,02171,1
20220816,12,02172,1
20220816,12,02178,1
20220816,12,02179,6
20220816,12,02185,3
20220816,12,02186,2
20220816,12,02191,2
20220816,12,03310,1
20220816,12,03311,1
20220816,13,02111,2
20220816,13,02112,2
20220816,13,02116,1
20220816,13,02122,1
20220816,13,02128,2
20220816,13,02139,3
20220816,13,02148,1
20220816,13,02171,1
20220816,13,02178,1
20220816,13,02179,1
20220816,13,02185,2
20220816,13,02191,3
20220816,13,02198,1
20220816,13,02199,1
20220816,13,03310,1
20220816,13,03311,3
20220816,13,03802,2
20220816,14,02111,3
20220816,14,02112,1
20220816,14,02122,1
20220816,14,02128,1
20220816,14,02171,6
20220816,14,02178,2
20220816,14,02179,2
20220816,14,02186,1
20220816,14,02198,1
20220816,14,03310,2
20220816,14,03311,4
20220816,14,03802,1
20220816,15,02111,1
20220816,15,02112,1
20220816,15,02122,1
20220816,15,02139,1
20220816,15,02143,1
20220816,15,02148,3
20220816,15,02171,5
20220816,15,02172,2
20220816,15,02179,3
20220816,15,02185,3
20220816,15,02191,1
20220816,15,02198,2
20220816,15,03310,7
20220816,15,03311,1
20220816,15,03802,2
20220816,16,02111,1
20220816,16,02112,2
20220816,16,02116,1
20220816,16,02122,2
20220816,16,02128,1
20220816,16,02129,1
20220816,16,02139,1
20220816,16,02148,3
20220816,16,02159,1
20220816,16,02171,3
20220816,16,02172,2
20220816,16,02179,2
20220816,16,02185,2
20220816,16,02186,1
20220816,16,02191,2
20220816,16,02198,4
20220816,16,03310,6
20220816,16,03311,5
20220816,16,03802,3
20220816,17,02111,2
20220816,17,02116,2
20220816,17,02122,4
20220816,17,02128,4
20220816,17,02129,3
20220816,17,02130,1
20220816,17,02139,5
20220816,17,02148,3
20220816,17,02159,2
20220816,17,02171,5
20220816,17,02172,4
20220816,17,02178,2
20220816,17,02179,5
20220816,17,02198,2
20220816,17,02199,1
20220816,17,03311,4
20220816,17,03802,1
20220816,18,02111,8
20220816,18,02112,3
20220816,18,02116,4
20220816,18,02122,4
20220816,18,02128,4
20220816,18,02129,5
20220816,18,02130,2
20220816,18,02139,3
20220816,18,02148,8
20220816,18,02159,3
20220816,18,02171,7
20220816,18,02172,4
20220816,18,02178,5
20220816,18,02179,7
20220816,18,02185,2
20220816,18,02186,2
20220816,18,02191,4
20220816,18,02198,2
20220816,19,02111,5
20220816,19,02112,7
20220816,19,02116,5
20220816,19,02122,9
20220816,19,02128,5
20220816,19,02129,4
20220816,19,02130,2
20220816,19,02139,2
20220816,19,02148,1
20220816,19,02159,2
20220816,19,02171,17
20220816,19,02172,1
20220816,19,02178,2
20220816,19,02179,3
20220816,19,02186,8
20220816,19,02191,1
20220816,19,02198,2
20220816,19,02199,3
20220816,19,03311,5
20220816,19,03802,1
20220816,2,02111,2
20220816,2,02128,1
20220816,2,02148,1
20220816,2,02171,1
20220816,2,02179,1
20220816,2,03310,1
20220816,2,03311,1
20220816,20,02111,7
20220816,20,02112,7
20220816,20,02116,5
20220816,20,02122,1
20220816,20,02128,4
20220816,20,02129,2
20220816,20,02130,1
20220816,20,02143,1
20220816,20,02148,5
20220816,20,02159,3
20220816,20,02171,7
20220816,20,02172,5
20220816,20,02178,6
20220816,20,02179,1
20220816,20,02185,1
20220816,20,02186,5
20220816,20,02191,3
20220816,20,02198,1
20220816,20,02199,1
20220816,20,03311,3
20220816,20,03802,5
20220816,21,02111,10
20220816,21,02112,2
20220816,21,02116,15
20220816,21,02122,5
20220816,21,02128,2
20220816,21,02129,6
20220816,21,02139,1
20220816,21,02148,1
20220816,21,02159,2
20220816,21,02171,7
20220816,21,02172,3
20220816,21,02178,5
20220816,21,02179,6
20220816,21,02185,3
20220816,21,02186,6
20220816,21,02191,3
20220816,21,02198,5
20220816,21,02199,1
20220816,21,03310,2
20220816,21,03311,3
20220816,21,03802,3
20220816,22,02111,3
20220816,22,02112,2
20220816,22,02116,5
20220816,22,02122,1
20220816,22,02128,2
20220816,22,02129,1
20220816,22,02130,1
20220816,22,02139,2
20220816,22,02143,3
20220816,22,02148,2
20220816,22,02159,3
20220816,22,02171,5
20220816,22,02172,3
20220816,22,02178,7
20220816,22,02179,7
20220816,22,02186,3
20220816,22,02191,3
20220816,22,02198,7
20220816,22,02199,4
20220816,22,03310,4
20220816,22,03311,5
20220816,22,03802,4
20220816,23,02111,5
20220816,23,02112,2
20220816,23,02116,1
20220816,23,02122,4
20220816,23,02128,3
20220816,23,02139,2
20220816,23,02143,1
20220816,23,02171,3
20220816,23,02172,1
20220816,23,02178,2
20220816,23,02179,4
20220816,23,02185,2
20220816,23,02186,2
20220816,23,02191,3
20220816,23,02198,3
20220816,23,02199,1
20220816,23,03311,2
20220816,3,02122,1
20220816,3,02128,1
20220816,3,02129,1
20220816,3,02178,1
20220816,3,02179,1
20220816,4,02185,1
20220816,5,02179,1
20220816,6,02111,1
20220816,6,02112,1
20220816,6,02122,1
20220816,6,02129,1
20220816,6,02171,1
20220816,6,02172,1
20220816,6,02179,1
20220816,6,02186,2
20220816,6,02191,1
20220816,6,02198,3
20220816,6,03310,1
20220816,7,02111,1
20220816,7,02112,1
20220816,7,02128,2
20220816,7,02139,2
20220816,7,02148,3
20220816,7,02159,3
20220816,7,02179,1
20220816,7,02185,5
20220816,7,02186,1
20220816,7,02199,1
20220816,7,03311,3
20220816,7,03802,2
20220816,8,02111,2
20220816,8,02112,1
20220816,8,02116,2
20220816,8,02128,2
20220816,8,02130,1
20220816,8,02139,4
20220816,8,02148,3
20220816,8,02159,2
20220816,8,02171,4
20220816,8,02172,2
20220816,8,02179,4
20220816,8,02185,1
20220816,8,02186,1
20220816,8,02198,2
20220816,8,03802,8
20220816,9,02111,5
20220816,9,02112,3
20220816,9,02116,2
20220816,9,02128,1
20220816,9,02129,1
20220816,9,02130,2
20220816,9,02139,1
20220816,9,02159,1
20220816,9,02171,1
20220816,9,02178,1
20220816,9,02179,1
20220816,9,02185,1
20220816,9,02186,4
20220816,9,02191,1
20220816,9,03311,1
20220816,9,03802,4
20220817,0,02111,3
20220817,0,02112,2
20220817,0,02116,2
20220817,0,02122,2
20220817,0,02128,2
20220817,0,02129,2
20220817,0,02130,1
20220817,0,02139,1
20220817,0,02143,1
20220817,0,02148,1
20220817,0,02159,1
20220817,0,02171,1
20220817,0,02172,1
20220817,0,02178,1
20220817,0,02179,5
20220817,0,02185,2
20220817,0,02191,3
20220817,0,02198,2
20220817,0,02199,1
20220817,0,03310,1
20220817,1,02111,2
20220817,1,02112,2
20220817,1,02116,1
20220817,1,02128,2
20220817,1,02129,1
20220817,1,02148,4
20220817,1,02172,1
20220817,1,02178,1
20220817,1,02185,1
20220817,1,02186,1
20220817,1,02198,2
20220817,1,02199,2
20220817,1,03311,2
20220817,10,02111,2
20220817,10,02116,1
20220817,10,02122,2
20220817,10,02128,3
20220817,10,02129,1
20220817,10,02139,1
20220817,10,02148,3
20220817,10,02171,1
20220817,10,02172,1
20220817,10,02179,2
20220817,10,02191,3
20220817,10,03802,2
20220817,11,02111,4
20220817,11,02112,1
20220817,11,02122,1
20220817,11,02128,2
20220817,11,02148,1
20220817,11,02159,1
20220817,11,02171,5
20220817,11,02179,1
20220817,11,02186,3
20220817,11,02191,2
20220817,11,03311,2
20220817,11,03802,2
20220817,12,02111,3
20220817,12,02112,2
20220817,12,02116,1
20220817,12,02122,1
20220817,12,02128,1
20220817,12,02129,2
20220817,12,02139,1
20220817,12,02143,1
20220817,12,02148,1
20220817,12,02159,3
20220817,12,02171,1
20220817,12,02172,1
20220817,12,02179,4
20220817,12,02185,2
20220817,12,02186,1
20220817,12,02191,1
20220817,12,02198,1
20220817,12,02199,1
20220817,12,03311,2
20220817,12,03802,6
20220817,13,02112,5
20220817,13,02122,2
20220817,13,02129,1
20220817,13,02139,1
20220817,13,02143,2
20220817,13,02148,2
20220817,13,02171,3
20220817,13,02172,1
20220817,13,02178,2
20220817,13,02179,3
20220817,13,02185,2
20220817,13,02186,1
20220817,13,02191,1
20220817,13,02199,2
20220817,13,03311,3
20220817,14,02111,1
20220817,14,02112,1
20220817,14,02128,3
20220817,14,02130,2
20220817,14,02139,1
20220817,14,02143,1
20220817,14,02171,4
20220817,14,02172,5
20220817,14,02179,1
20220817,14,02185,1
20220817,14,02186,1
20220817,14,02191,2
20220817,14,02198,2
20220817,14,03311,2
20220817,15,02111,2
20220817,15,02112,3
20220817,15,02116,1
20220817,15,02122,1
20220817,15,02128,1
20220817,15,02129,1
20220817,15,02171,2
20220817,15,02178,2
20220817,15,02179,1
20220817,15,02185,3
20220817,15,02186,1
20220817,15,02191,4
20220817,15,03311,2
20220817,16,02111,3
20220817,16,02116,1
20220817,16,02122,2
20220817,16,02128,1
20220817,16,02129,1
20220817,16,02130,1
20220817,16,02143,2
20220817,16,02148,3
20220817,16,02159,2
20220817,16,02171,5
20220817,16,02172,3
20220817,16,02178,1
20220817,16,02179,1
20220817,16,02185,1
20220817,16,02186,2
20220817,16,02191,4
20220817,16,03311,4
20220817,16,03802,1
20220817,17,02111,5
20220817,17,02112,6
20220817,17,02116,5
20220817,17,02122,1
20220817,17,02128,4
20220817,17,02129,6
20220817,17,02130,1
20220817,17,02139,1
20220817,17,02143,1
20220817,17,02148,1
20220817,17,02159,3
20220817,17,02171,3
20220817,17,02172,3
20220817,17,02178,4
20220817,17,02179,3
20220817,17,02185,2
20220817,17,02186,1
20220817,17,02191,3
20220817,17,02198,2
20220817,17,03311,1
20220817,17,03802,3
20220817,18,02111,13
20220817,18,02112,4
20220817,18,02116,5
20220817,18,02122,1
20220817,18,02128,1
20220817,18,02129,10
20220817,18,02139,2
20220817,18,02148,6
20220817,18,02159,1
20220817,18,02171,11
20220817,18,02172,3
20220817,18,02178,6
20220817,18,02179,5
20220817,18,02185,3
20220817,18,02186,1
20220817,18,02191,6
20220817,18,02198,1
20220817,18,03311,3
20220817,18,03802,1
20220817,19,02111,4
20220817,19,02112,3
20220817,19,02116,7
20220817,19,02122,2
20220817,19,02128,5
20220817,19,02129,3
20220817,19,02130,1
20220817,19,02143,1
20220817,19,02148,6
20220817,19,02159,1
20220817,19,02171,7
20220817,19,02172,2
20220817,19,02178,10
20220817,19,02179,6
20220817,19,02185,5
20220817,19,02186,2
20220817,19,02198,2
20220817,19,03311,2
20220817,19,03802,2
20220817,2,02111,2
20220817,2,02112,1
20220817,2,02129,2
20220817,2,02143,1
20220817,2,02159,2
20220817,2,02172,1
20220817,2,02179,2
20220817,2,02185,1
20220817,2,02191,1
20220817,2,02198,1
20220817,2,02199,1
20220817,20,02111,8
20220817,20,02112,8
20220817,20,02116,4
20220817,20,02122,7
20220817,20,02128,3
20220817,20,02129,1
20220817,20,02130,1
20220817,20,02139,3
20220817,20,02143,1
20220817,20,02148,3
20220817,20,02159,2
20220817,20,02171,5
20220817,20,02172,5
20220817,20,02178,4
20220817,20,02179,5
20220817,20,02185,1
20220817,20,02186,3
20220817,20,02191,2
20220817,20,02198,3
20220817,20,03311,4
20220817,20,03802,6
20220817,21,02111,3
20220817,21,02112,3
20220817,21,02116,3
20220817,21,02122,5
20220817,21,02129,5
20220817,21,02130,3
20220817,21,02139,1
20220817,21,02143,2
20220817,21,02148,2
20220817,21,02159,6
20220817,21,02171,10
20220817,21,02172,3
20220817,21,02178,2
20220817,21,02179,8
20220817,21,02185,2
20220817,21,02191,4
20220817,21,02199,2
20220817,21,03311,2
20220817,21,03802,3
20220817,22,02111,4
20220817,22,02112,3
20220817,22,02116,2
20220817,22,02122,2
20220817,22,02128,4
20220817,22,02129,1
20220817,22,02130,1
20220817,22,02139,2
20220817,22,02148,1
20220817,22,02159,1
20220817,22,02171,3
20220817,22,02172,5
20220817,22,02178,2
20220817,22,02179,12
20220817,22,02185,2
20220817,22,02186,7
20220817,22,02191,2
20220817,22,02198,4
20220817,22,03311,4
20220817,23,02111,7
20220817,23,02112,4
20220817,23,02116,3
20220817,23,02122,3
20220817,23,02128,2
20220817,23,02130,3
20220817,23,02139,2
20220817,23,02143,2
20220817,23,02148,1
20220817,23,02159,1
20220817,23,02171,1
20220817,23,02178,1
20220817,23,02179,4
20220817,23,02185,2
20220817,23,02186,1
20220817,23,02191,1
20220817,23,02198,3
20220817,23,03311,1
20220817,23,03802,1
20220817,3,02122,1
20220817,3,02128,1
20220817,3,02139,1
20220817,3,02159,2
20220817,3,02171,1
20220817,3,02172,1
20220817,3,02178,1
20220817,3,02191,1
20220817,4,02128,1
20220817,4,02139,1
20220817,4,02185,2
20220817,4,03311,1
20220817,5,02185,1
20220817,5,02191,1
20220817,5,02198,1
20220817,5,03311,1
20220817,6,02122,1
20220817,6,02143,1
20220817,6,02172,1
20220817,6,02179,1
20220817,6,02186,2
20220817,6,02198,1
20220817,6,03310,1
20220817,6,03311,2
20220817,6,03802,1
20220817,7,02111,1
20220817,7,02116,1
20220817,7,02122,1
20220817,7,02128,2
20220817,7,02139,2
20220817,7,02148,2
20220817,7,02159,3
20220817,7,02171,2
20220817,7,02172,1
20220817,7,02185,2
20220817,7,02186,2
20220817,7,02191,1
20220817,7,02198,1
20220817,7,03310,5
20220817,7,03311,1
20220817,7,03802,4
20220817,8,02111,2
20220817,8,02116,5
20220817,8,02128,4
20220817,8,02129,1
20220817,8,02139,2
20220817,8,02143,1
20220817,8,02148,3
20220817,8,02159,3
20220817,8,02171,3
20220817,8,02179,2
20220817,8,02185,3
20220817,8,02191,1
20220817,8,02198,1
20220817,8,03310,1
20220817,8,03802,5
20220817,9,02111,3
20220817,9,02116,1
20220817,9,02128,1
20220817,9,02129,1
20220817,9,02139,1
20220817,9,02148,3
20220817,9,02159,2
20220817,9,02171,2
20220817,9,02172,3
20220817,9,02179,2
20220817,9,02185,1
20220817,9,02186,3
20220817,9,02191,1
20220817,9,02198,1
20220817,9,03802,4
20220818,0,02111,2
20220818,0,02112,2
20220818,0,02116,1
20220818,0,02128,2
20220818,0,02129,1
20220818,0,02139,1
20220818,0,02171,1
20220818,0,02172,3
20220818,0,02178,2
20220818,0,02179,1
20220818,0,02185,1
20220818,0,02186,1
20220818,0,02191,4
20220818,0,02198,5
20220818,0,03310,1
20220818,0,03311,1
20220818,1,02122,1
20220818,1,02139,1
20220818,1,02143,2
20220818,1,02171,3
20220818,1,02172,2
20220818,1,02178,1
20220818,1,02179,5
20220818,1,02185,1
20220818,1,02191,2
20220818,1,02199,1
20220818,10,02111,1
20220818,10,02112,1
20220818,10,02116,1
20220818,10,02122,2
20220818,10,02128,2
20220818,10,02129,1
20220818,10,02148,5
20220818,10,02159,2
20220818,10,02171,2
20220818,10,02172,2
20220818,10,02179,3
20220818,10,02185,2
20220818,10,02191,1
20220818,10,03802,2
20220818,11,02111,2
20220818,11,02112,1
20220818,11,02122,3
20220818,11,02129,2
20220818,11,02148,6
20220818,11,02159,1
20220818,11,02171,3
20220818,11,02172,2
20220818,11,02178,2
20220818,11,02179,7
20220818,11,02185,1
20220818,11,02186,2
20220818,11,02191,4
20220818,11,02198,3
20220818,11,02199,2
20220818,11,03311,3
20220818,12,02111,4
20220818,12,02112,2
20220818,12,02116,2
20220818,12,02122,1
20220818,12,02128,3
20220818,12,02129,2
20220818,12,02143,4
20220818,12,02148,2
20220818,12,02159,2
20220818,12,02172,2
20220818,12,02178,2
20220818,12,02179,3
20220818,12,02186,2
20220818,12,02191,2
20220818,12,03311,2
20220818,12,03802,1
20220818,13,02111,4
20220818,13,02112,1
20220818,13,02116,1
20220818,13,02128,2
20220818,13,02129,3
20220818,13,02139,2
20220818,13,02148,4
20220818,13,02171,12
20220818,13,02178,2
20220818,13,02179,3
20220818,13,02185,3
20220818,13,02186,2
20220818,13,02191,3
20220818,13,02198,1
20220818,13,03311,1
20220818,13,03802,1
20220818,14,02111,4
20220818,14,02112,3
20220818,14,02116,2
20220818,14,02122,1
20220818,14,02128,3
20220818,14,02129,1
20220818,14,02143,1
20220818,14,02148,5
20220818,14,02159,1
20220818,14,02171,2
20220818,14,02172,1
20220818,14,02178,3
20220818,14,02179,2
20220818,14,02185,1
20220818,14,02198,1
20220818,14,03802,1
20220818,15,02111,2
20220818,15,02112,3
20220818,15,02116,1
20220818,15,02122,2
20220818,15,02128,4
20220818,15,02148,5
20220818,15,02159,2
20220818,15,02171,5
20220818,15,02172,2
20220818,15,02178,2
20220818,15,02179,3
20220818,15,02186,1
20220818,15,02191,1
20220818,15,02198,2
20220818,15,02199,1
20220818,15,03311,1
20220818,15,03802,2
20220818,16,02111,7
20220818,16,02116,1
20220818,16,02122,1
20220818,16,02128,3
20220818,16,02139,1
20220818,16,02143,2
20220818,16,02148,4
20220818,16,02159,3
20220818,16,02171,3
20220818,16,02172,5
20220818,16,02178,4
20220818,16,02179,2
20220818,16,02185,3
20220818,16,02186,1
20220818,16,02191,2
20220818,16,02198,3
20220818,16,02199,1
20220818,16,03310,1
20220818,16,03311,2
20220818,16,03802,2
20220818,17,02111,6
20220818,17,02112,1
20220818,17,02122,2
20220818,17,02128,2
20220818,17,02129,5
20220818,17,02130,1
20220818,17,02139,4
20220818,17,02143,1
20220818,17,02148,6
20220818,17,02171,5
20220818,17,02172,8
20220818,17,02179,4
20220818,17,02185,1
20220818,17,02191,4
20220818,17,02198,3
20220818,17,02199,2
20220818,17,03311,1
20220818,18,02111,8
20220818,18,02112,4
20220818,18,02116,1
20220818,18,02122,10
20220818,18,02128,1
20220818,18,02129,8
20220818,18,02139,1
20220818,18,02143,1
20220818,18,02148,9
20220818,18,02159,1
20220818,18,02171,6
20220818,18,02172,10
20220818,18,02179,4
20220818,18,02186,4
20220818,18,02191,1
20220818,18,02198,2
20220818,18,02199,3
20220818,18,03310,1
20220818,18,03311,3
20220818,19,02111,4
20220818,19,02112,3
20220818,19,02116,2
20220818,19,02122,2
20220818,19,02139,1
20220818,19,02143,1
20220818,19,02148,5
20220818,19,02159,3
20220818,19,02171,6
20220818,19,02172,1
20220818,19,02178,2
20220818,19,02179,2
20220818,19,02185,2
20220818,19,02186,2
20220818,19,02191,3
20220818,19,02198,3
20220818,19,03311,4
20220818,19,03802,3
20220818,2,02111,1
20220818,2,02112,1
20220818,2,02116,1
20220818,2,02159,1
20220818,2,02171,1
20220818,2,02172,1
20220818,2,02186,2
20220818,20,02111,6
20220818,20,02112,2
20220818,20,02116,4
20220818,20,02122,1
20220818,20,02128,4
20220818,20,02129,2
20220818,20,02130,1
20220818,20,02139,2
20220818,20,02143,1
20220818,20,02148,7
20220818,20,02159,2
20220818,20,02171,9
20220818,20,02172,3
20220818,20,02178,1
20220818,20,02179,5
20220818,20,02185,6
20220818,20,02186,2
20220818,20,02191,1
20220818,20,02198,4
20220818,20,02199,1
20220818,20,03311,4
20220818,20,03802,7
20220818,21,02111,7
20220818,21,02112,1
20220818,21,02116,4
20220818,21,02122,2
20220818,21,02128,3
20220818,21,02129,5
20220818,21,02130,1
20220818,21,02139,2
20220818,21,02148,3
20220818,21,02159,2
20220818,21,02171,10
20220818,21,02172,4
20220818,21,02178,1
20220818,21,02179,7
20220818,21,02185,2
20220818,21,02186,1
20220818,21,02191,3
20220818,21,02198,2
20220818,21,03311,1
20220818,21,03802,3
20220818,22,02111,12
20220818,22,02112,1
20220818,22,02116,5
20220818,22,02122,1
20220818,22,02128,2
20220818,22,02129,1
20220818,22,02130,1
20220818,22,02139,1
20220818,22,02143,1
20220818,22,02148,4
20220818,22,02171,9
20220818,22,02172,2
20220818,22,02178,3
20220818,22,02179,3
20220818,22,02185,3
20220818,22,02186,2
20220818,22,02191,4
20220818,22,02198,5
20220818,22,03311,4
20220818,22,03802,2
20220818,23,02111,4
20220818,23,02112,4
20220818,23,02116,4
20220818,23,02128,3
20220818,23,02130,2
20220818,23,02139,2
20220818,23,02143,1
20220818,23,02148,4
20220818,23,02171,6
20220818,23,02178,1
20220818,23,02179,5
20220818,23,02185,1
20220818,23,02186,3
20220818,23,02191,2
20220818,23,02198,1
20220818,23,02199,1
20220818,23,03311,1
20220818,3,02122,1
20220818,3,02128,1
20220818,3,02159,2
20220818,3,02185,1
20220818,3,02186,1
20220818,3,02191,1
20220818,3,02198,1
20220818,4,02111,1
20220818,4,02116,1
20220818,4,02171,1
20220818,4,02185,1
20220818,4,02191,1
20220818,4,02198,1
20220818,5,02111,1
20220818,5,02112,1
20220818,5,02122,1
20220818,5,02143,1
20220818,5,02148,1
20220818,5,02172,1
20220818,5,02179,2
20220818,5,02185,1
20220818,5,02186,1
20220818,5,02198,1
20220818,5,02199,1
20220818,6,02111,1
20220818,6,02143,1
20220818,6,02186,2
20220818,6,02191,1
20220818,6,02198,3
20220818,6,03310,1
20220818,6,03311,1
20220818,7,02112,2
20220818,7,02122,1
20220818,7,02128,2
20220818,7,02129,3
20220818,7,02139,2
20220818,7,02143,1
20220818,7,02148,3
20220818,7,02171,3
20220818,7,02178,1
20220818,7,02185,3
20220818,7,02191,1
20220818,7,02198,1
20220818,7,03311,1
20220818,7,03802,3
20220818,8,02111,4
20220818,8,02112,1
20220818,8,02116,5
20220818,8,02128,2
20220818,8,02139,6
20220818,8,02143,1
20220818,8,02148,1
20220818,8,02159,1
20220818,8,02171,1
20220818,8,02178,1
20220818,8,02179,4
20220818,8,02185,3
20220818,8,02191,2
20220818,8,03311,1
20220818,8,03802,8
20220818,9,02111,3
20220818,9,02112,1
20220818,9,02122,2
20220818,9,02128,2
20220818,9,02129,2
20220818,9,02130,1
20220818,9,02139,2
20220818,9,02143,3
20220818,9,02148,1
20220818,9,02171,3
20220818,9,02172,4
20220818,9,02179,1
20220818,9,02185,2
20220818,9,02186,2
20220818,9,02191,1
20220818,9,02198,3
20220818,9,03311,3
20220818,9,03802,6
20220819,0,02111,2
20220819,0,02112,1
20220819,0,02116,2
20220819,0,02122,1
20220819,0,02139,1
20220819,0,02143,2
20220819,0,02171,5
20220819,0,02172,4
20220819,0,02178,1
20220819,0,02179,4
20220819,0,02185,2
20220819,0,02191,3
20220819,0,02198,3
20220819,0,02199,1
20220819,0,03311,2
20220819,1,02111,1
20220819,1,02112,2
20220819,1,02116,1
20220819,1,02122,1
20220819,1,02128,4
20220819,1,02139,1
20220819,1,02171,2
20220819,1,02172,1
20220819,1,02179,4
20220819,1,02185,1
20220819,1,02186,3
20220819,1,02191,1
20220819,1,02199,1
20220819,1,03311,1
20220819,10,02111,3
20220819,10,02116,1
20220819,10,02122,2
20220819,10,02128,1
20220819,10,02129,1
20220819,10,02130,1
20220819,10,02139,1
20220819,10,02143,1
20220819,10,02148,3
20220819,10,02159,1
20220819,10,02171,2
20220819,10,02172,3
20220819,10,02178,1
20220819,10,02179,1
20220819,10,02185,1
20220819,10,02191,2
20220819,10,02198,2
20220819,10,03310,3
20220819,10,03802,3
20220819,11,02111,3
20220819,11,02112,2
20220819,11,02122,2
20220819,11,02128,4
20220819,11,02130,2
20220819,11,02139,3
20220819,11,02148,6
20220819,11,02159,1
20220819,11,02171,5
20220819,11,02172,1
20220819,11,02179,4
20220819,11,02185,1
20220819,11,02191,3
20220819,11,02198,1
20220819,11,03310,2
20220819,11,03311,1
20220819,11,03802,1
20220819,12,02111,1
20220819,12,02112,1
20220819,12,02122,1
20220819,12,02128,3
20220819,12,02129,2
20220819,12,02130,1
20220819,12,02172,1
20220819,12,02179,3
20220819,12,02185,1
20220819,12,02191,1
20220819,12,02198,1
20220819,12,03802,3
20220819,13,02112,1
20220819,13,02116,1
20220819,13,02128,2
20220819,13,02148,1
20220819,13,02171,2
20220819,13,02178,1
20220819,13,02179,1
20220819,13,02185,1
20220819,13,02186,1
20220819,13,02191,1
20220819,13,02198,1
20220819,13,03310,1
20220819,13,03311,1
20220819,13,03802,1
20220819,14,02112,2
20220819,14,02122,5
20220819,14,02129,3
20220819,14,02139,1
20220819,14,02148,2
20220819,14,02171,1
20220819,14,02172,6
20220819,14,02178,1
20220819,14,02179,1
20220819,14,02185,1
20220819,14,02186,1
20220819,14,02191,1
20220819,14,02198,1
20220819,14,03310,3
20220819,14,03311,3
20220819,15,02116,1
20220819,15,02122,1
20220819,15,02128,2
20220819,15,02129,2
20220819,15,02148,2
20220819,15,02171,4
20220819,15,02172,1
20220819,15,02179,1
20220819,15,02185,2
20220819,15,02191,3
20220819,15,02198,2
20220819,15,02199,1
20220819,15,03310,2
20220819,15,03311,4
20220819,16,02172,1
20220819,16,02178,1
20220819,17,02112,1
20220819,17,02129,1
20220819,17,02143,1
20220819,17,02171,1
20220819,17,03311,1
20220819,18,02111,2
20220819,18,02122,3
20220819,18,02128,1
20220819,18,02129,1
20220819,18,02143,1
20220819,18,02171,2
20220819,18,02172,2
20220819,18,02178,1
20220819,18,02179,1
20220819,18,02191,1
20220819,18,03310,3
20220819,18,03311,1
20220819,19,02111,2
20220819,19,02128,1
20220819,19,02139,1
20220819,19,02143,1
20220819,19,02171,2
20220819,19,02178,2
20220819,19,02179,2
20220819,19,02185,1
20220819,19,02191,1
20220819,19,03311,3
20220819,2,02111,1
20220819,2,02112,2
20220819,2,02122,1
20220819,2,02129,1
20220819,2,02179,1
20220819,2,02186,1
20220819,2,02198,1
20220819,20,02112,2
20220819,20,02129,1
20220819,20,02130,1
20220819,20,02159,1
20220819,20,02171,1
20220819,20,02178,1
20220819,20,03802,2
20220819,21,02111,1
20220819,21,02116,1
20220819,21,02128,1
20220819,21,02179,3
20220819,21,02186,1
20220819,21,03311,2
20220819,22,02122,1
20220819,23,02111,3
20220819,23,02116,1
20220819,23,02148,1
20220819,23,02171,2
20220819,23,02172,1
20220819,23,02198,1
20220819,23,02199,2
20220819,3,02112,3
20220819,3,02116,1
20220819,3,02128,3
20220819,3,02148,1
20220819,3,02179,2
20220819,3,02191,1
20220819,3,02198,3
20220819,3,02199,1
20220819,4,02112,1
20220819,4,02148,1
20220819,4,02198,1
20220819,5,02122,3
20220819,5,02129,1
20220819,5,02148,1
20220819,5,02172,1
20220819,5,02185,2
20220819,6,02111,1
20220819,6,02139,1
20220819,6,02185,1
20220819,6,02186,1
20220819,6,02198,1
20220819,6,03311,1
20220819,6,03802,1
20220819,7,02112,2
20220819,7,02122,3
20220819,7,02128,1
20220819,7,02130,1
20220819,7,02139,1
20220819,7,02148,2
20220819,7,02159,1
20220819,7,02171,1
20220819,7,02185,3
20220819,7,02186,1
20220819,7,02198,2
20220819,7,03311,1
20220819,7,03802,4
20220819,8,02111,3
20220819,8,02112,2
20220819,8,02116,3
20220819,8,02122,2
20220819,8,02128,3
20220819,8,02139,1
20220819,8,02143,1
20220819,8,02148,2
20220819,8,02171,5
20220819,8,02178,1
20220819,8,02179,4
20220819,8,02185,4
20220819,8,02191,1
20220819,8,02198,1
20220819,8,03311,1
20220819,8,03802,2
20220819,9,02111,1
20220819,9,02116,1
20220819,9,02128,1
20220819,9,02129,2
20220819,9,02139,2
20220819,9,02148,5
20220819,9,02171,4
20220819,9,02172,1
20220819,9,02179,1
20220819,9,02186,1
20220819,9,02191,2
20220819,9,03310,2
20220819,9,03311,1
20220819,9,03802,2
20220820,0,02112,2
20220820,0,02116,1
20220820,0,02128,2
20220820,0,02129,2
20220820,0,02148,1
20220820,0,02178,1
20220820,0,02179,1
20220820,0,02185,1
20220820,0,02186,2
20220820,0,02191,1
20220820,0,02198,1
20220820,0,03311,1
20220820,1,02111,1
20220820,1,02116,1
20220820,1,02130,1
20220820,1,02139,1
20220820,1,02148,2
20220820,1,02171,2
20220820,1,02179,2
20220820,1,03311,2
20220820,10,02111,2
20220820,10,02112,1
20220820,10,02116,3
20220820,10,02122,4
20220820,10,02128,1
20220820,10,02129,1
20220820,10,02143,1
20220820,10,02148,1
20220820,10,02159,1
20220820,10,02172,1
20220820,10,02179,1
20220820,10,02185,1
20220820,10,02186,1
20220820,10,02198,1
20220820,10,03310,3
20220820,10,03311,1
20220820,11,02111,3
20220820,11,02122,2
20220820,11,02128,1
20220820,11,02129,1
20220820,11,02139,1
20220820,11,02143,2
20220820,11,02171,2
20220820,11,02172,2
20220820,11,02178,2
20220820,11,02179,2
20220820,11,02185,5
20220820,11,02191,2
20220820,11,03311,4
20220820,11,03802,1
20220820,12,02111,2
20220820,12,02112,2
20220820,12,02116,1
20220820,12,02122,1
20220820,12,02128,1
20220820,12,02129,1
20220820,12,02130,3
20220820,12,02139,1
20220820,12,02143,1
20220820,12,02148,3
20220820,12,02159,1
20220820,12,02171,5
20220820,12,02179,2
20220820,12,02185,2
20220820,12,02186,1
20220820,12,02191,3
20220820,12,02198,2
20220820,12,02199,1
20220820,12,03311,3
20220820,13,02111,4
20220820,13,02112,1
20220820,13,02116,3
20220820,13,02122,4
20220820,13,02128,4
20220820,13,02171,2
20220820,13,02172,3
20220820,13,02178,1
20220820,13,02179,4
20220820,13,02186,3
20220820,13,02191,2
20220820,13,02198,2
20220820,13,03311,2
20220820,14,02111,3
20220820,14,02112,2
20220820,14,02116,1
20220820,14,02128,4
20220820,14,02129,1
20220820,14,02148,1
20220820,14,02159,2
20220820,14,02171,3
20220820,14,02172,2
20220820,14,02185,3
20220820,14,02186,2
20220820,14,02198,2
20220820,14,03802,3
20220820,15,02111,6
20220820,15,02112,3
20220820,15,02116,2
20220820,15,02122,2
20220820,15,02128,2
20220820,15,02139,5
20220820,15,02143,1
20220820,15,02148,3
20220820,15,02159,1
20220820,15,02171,4
20220820,15,02178,2
20220820,15,02179,5
20220820,15,02185,4
20220820,15,02186,3
20220820,15,02191,2
20220820,15,02199,1
20220820,15,03310,2
20220820,15,03311,1
20220820,15,03802,2
20220820,16,02111,3
20220820,16,02112,4
20220820,16,02116,1
20220820,16,02122,3
20220820,16,02128,1
20220820,16,02129,1
20220820,16,02130,2
20220820,16,02148,2
20220820,16,02159,3
20220820,16,02171,6
20220820,16,02172,8
20220820,16,02179,4
20220820,16,02186,1
20220820,16,02191,2
20220820,16,02198,4
20220820,16,02199,2
20220820,16,03310,1
20220820,16,03311,3
20220820,16,03802,1
20220820,17,02111,7
20220820,17,02112,1
20220820,17,02116,4
20220820,17,02122,2
20220820,17,02128,1
20220820,17,02139,1
20220820,17,02143,1
20220820,17,02148,2
20220820,17,02159,3
20220820,17,02171,7
20220820,17,02172,6
20220820,17,02178,6
20220820,17,02179,5
20220820,17,02185,2
20220820,17,02186,3
20220820,17,02191,3
20220820,17,02198,1
20220820,17,02199,2
20220820,17,03310,4
20220820,17,03311,2
20220820,17,03802,1
20220820,18,02111,10
20220820,18,02112,7
20220820,18,02116,2
20220820,18,02122,1
20220820,18,02128,2
20220820,18,02129,1
20220820,18,02130,2
20220820,18,02139,3
20220820,18,02148,5
20220820,18,02171,5
20220820,18,02172,2
20220820,18,02178,6
20220820,18,02179,1
20220820,18,02185,2
20220820,18,02186,3
20220820,18,02191,4
20220820,18,02198,2
20220820,18,03310,1
20220820,18,03311,3
20220820,19,02111,4
20220820,19,02112,4
20220820,19,02116,3
20220820,19,02122,2
20220820,19,02128,2
20220820,19,02129,1
20220820,19,02171,17
20220820,19,02172,2
20220820,19,02178,4
20220820,19,02179,1
20220820,19,02185,1
20220820,19,02186,2
20220820,19,02191,5
20220820,19,02198,2
20220820,19,03310,1
20220820,19,03311,5
20220820,2,02111,1
20220820,2,02112,1
20220820,2,02128,1
20220820,2,02171,2
20220820,2,02179,1
20220820,2,02185,1
20220820,2,02186,1
20220820,2,02191,1
20220820,2,02198,1
20220820,2,03311,1
20220820,20,02111,5
20220820,20,02112,5
20220820,20,02116,6
20220820,20,02122,4
20220820,20,02128,2
20220820,20,02129,2
20220820,20,02130,2
20220820,20,02139,1
20220820,20,02148,1
20220820,20,02171,4
20220820,20,02172,1
20220820,20,02178,2
20220820,20,02179,1
20220820,20,02185,2
20220820,20,02186,4
20220820,20,02191,1
20220820,20,02198,4
20220820,20,02199,4
20220820,20,03311,5
20220820,21,02111,4
20220820,21,02112,7
20220820,21,02116,6
20220820,21,02128,2
20220820,21,02129,1
20220820,21,02130,1
20220820,21,02148,1
20220820,21,02171,3
20220820,21,02172,2
20220820,21,02178,1
20220820,21,02179,1
20220820,21,02185,5
20220820,21,02186,3
20220820,21,02198,4
20220820,21,02199,2
20220820,21,03311,4
20220820,22,02111,9
20220820,22,02112,1
20220820,22,02116,3
20220820,22,02122,1
20220820,22,02128,2
20220820,22,02129,4
20220820,22,02130,1
20220820,22,02139,1
20220820,22,02143,1
20220820,22,02148,1
20220820,22,02171,3
20220820,22,02172,2
20220820,22,02178,2
20220820,22,02179,2
20220820,22,02185,1
20220820,22,02186,1
20220820,22,02191,1
20220820,22,02198,3
20220820,22,03310,1
20220820,22,03311,3
20220820,23,02111,2
20220820,23,02112,5
20220820,23,02116,1
20220820,23,02122,1
20220820,23,02128,2
20220820,23,02129,1
20220820,23,02159,3
20220820,23,02171,4
20220820,23,02178,1
20220820,23,02179,1
20220820,23,02185,1
20220820,23,02191,1
20220820,23,02198,3
20220820,23,03310,2
20220820,23,03311,1
20220820,3,02111,2
20220820,3,02172,1
20220820,3,02185,1
20220820,3,02186,1
20220820,3,02198,2
20220820,4,02116,1
20220820,4,02148,1
20220820,4,02179,1
20220820,4,02198,2
20220820,4,03311,1
20220820,5,02111,1
20220820,5,02112,1
20220820,5,02148,1
20220820,5,02185,1
20220820,6,02111,1
20220820,6,02139,1
20220820,6,02185,1
20220820,7,02111,1
20220820,7,02112,1
20220820,7,02122,1
20220820,7,02129,1
20220820,7,02171,1
20220820,7,02178,1
20220820,7,02179,2
20220820,7,02185,2
20220820,8,02111,1
20220820,8,02112,2
20220820,8,02139,2
20220820,8,02143,1
20220820,8,02159,2
20220820,8,02171,1
20220820,8,02178,1
20220820,8,02179,2
20220820,8,02185,2
20220820,8,02186,1
20220820,8,02191,1
20220820,8,02198,1
20220820,8,03310,4
20220820,8,03311,1
20220820,8,03802,1
20220820,9,02111,5
20220820,9,02116,1
20220820,9,02128,1
20220820,9,02129,2
20220820,9,02148,1
20220820,9,02171,5
20220820,9,02172,1
20220820,9,02178,2
20220820,9,02179,1
20220820,9,02186,1
20220820,9,02198,2
20220821,0,02111,4
20220821,0,02112,6
20220821,0,02116,4
20220821,0,02122,2
20220821,0,02128,1
20220821,0,02139,3
20220821,0,02159,2
20220821,0,02171,5
20220821,0,02178,1
20220821,0,02179,2
20220821,0,02185,3
20220821,0,02186,2
20220821,0,02191,4
20220821,0,02198,3
20220821,0,03311,1
20220821,1,02111,1
20220821,1,02116,2
20220821,1,02122,1
20220821,1,02130,1
20220821,1,02148,2
20220821,1,02171,1
20220821,1,02178,1
20220821,1,02179,3
20220821,1,02186,2
20220821,1,02191,3
20220821,1,02198,2
20220821,10,02111,1
20220821,10,02122,1
20220821,10,02143,2
20220821,10,02159,1
20220821,10,02178,1
20220821,10,02179,5
20220821,10,02185,1
20220821,10,02186,1
20220821,10,02191,1
20220821,10,02198,3
20220821,10,03310,2
20220821,10,03802,3
20220821,11,02111,2
20220821,11,02112,5
20220821,11,02116,1
20220821,11,02122,1
20220821,11,02128,2
20220821,11,02139,2
20220821,11,02148,1
20220821,11,02159,2
20220821,11,02171,1
20220821,11,02172,2
20220821,11,02179,5
20220821,11,02185,3
20220821,11,02186,5
20220821,11,02198,1
20220821,11,03311,1
20220821,11,03802,1
20220821,12,02112,2
20220821,12,02116,2
20220821,12,02122,2
20220821,12,02128,2
20220821,12,02139,2
20220821,12,02159,2
20220821,12,02171,4
20220821,12,02172,3
20220821,12,02178,1
20220821,12,02179,4
20220821,12,02186,1
20220821,12,02191,1
20220821,12,02198,3
20220821,12,02199,1
20220821,12,03310,1
20220821,12,03311,3
20220821,13,02111,3
20220821,13,02112,3
20220821,13,02116,3
20220821,13,02122,2
20220821,13,02128,2
20220821,13,02130,1
20220821,13,02143,1
20220821,13,02148,1
20220821,13,02171,2
20220821,13,02172,1
20220821,13,02179,1
20220821,13,02185,2
20220821,13,02191,1
20220821,13,02198,2
20220821,13,03311,4
20220821,13,03802,2
20220821,14,02111,2
20220821,14,02112,1
20220821,14,02116,2
20220821,14,02122,3
20220821,14,02128,4
20220821,14,02139,1
20220821,14,02143,2
20220821,14,02171,7
20220821,14,02172,2
20220821,14,02178,1
20220821,14,02179,3
20220821,14,02185,2
20220821,14,02186,2
20220821,14,02198,1
20220821,14,03311,2
20220821,15,02111,7
20220821,15,02112,1
20220821,15,02116,1
20220821,15,02122,3
20220821,15,02128,2
20220821,15,02129,3
20220821,15,02148,2
20220821,15,02159,1
20220821,15,02171,10
20220821,15,02172,5
20220821,15,02178,3
20220821,15,02179,4
20220821,15,02185,4
20220821,15,02186,1
20220821,15,02191,3
20220821,16,02111,4
20220821,16,02116,2
20220821,16,02128,2
20220821,16,02129,3
20220821,16,02130,2
20220821,16,02139,3
20220821,16,02143,1
20220821,16,02171,7
20220821,16,02172,5
20220821,16,02178,1
20220821,16,02179,4
20220821,16,02185,1
20220821,16,02186,1
20220821,16,02191,2
20220821,16,03802,3
20220821,17,02111,8
20220821,17,02112,2
20220821,17,02116,2
20220821,17,02122,2
20220821,17,02128,1
20220821,17,02129,4
20220821,17,02139,1
20220821,17,02143,2
20220821,17,02148,1
20220821,17,02159,2
20220821,17,02171,7
20220821,17,02172,8
20220821,17,02178,1
20220821,17,02179,4
20220821,17,02185,2
20220821,17,02186,2
20220821,17,02191,4
20220821,17,03311,4
20220821,18,02111,5
20220821,18,02112,2
20220821,18,02116,4
20220821,18,02122,1
20220821,18,02128,2
20220821,18,02129,2
20220821,18,02130,4
20220821,18,02139,3
20220821,18,02143,1
20220821,18,02148,1
20220821,18,02171,7
20220821,18,02172,4
20220821,18,02178,1
20220821,18,02179,6
20220821,18,02185,1
20220821,18,02186,1
20220821,18,02191,2
20220821,18,02198,4
20220821,18,03311,2
20220821,18,03802,3
20220821,19,02111,5
20220821,19,02112,2
20220821,19,02116,1
20220821,19,02122,4
20220821,19,02128,2
20220821,19,02129,5
20220821,19,02143,3
20220821,19,02148,3
20220821,19,02159,1
20220821,19,02171,5
20220821,19,02178,2
20220821,19,02179,9
20220821,19,02185,2
20220821,19,02186,1
20220821,19,02198,2
20220821,19,02199,1
20220821,19,03311,3
20220821,2,02111,2
20220821,2,02112,1
20220821,2,02116,1
20220821,2,02122,1
20220821,2,02128,1
20220821,2,02159,1
20220821,2,02172,1
20220821,2,02198,1
20220821,2,03311,1
20220821,20,02111,4
20220821,20,02112,7
20220821,20,02116,5
20220821,20,02128,4
20220821,20,02129,1
20220821,20,02130,2
20220821,20,02139,1
20220821,20,02148,2
20220821,20,02159,2
20220821,20,02171,5
20220821,20,02178,5
20220821,20,02179,4
20220821,20,02185,1
20220821,20,02186,2
20220821,20,02191,1
20220821,20,02198,1
20220821,20,03311,1
20220821,21,02111,5
20220821,21,02112,3
20220821,21,02116,2
20220821,21,02122,1
20220821,21,02128,1
20220821,21,02129,3
20220821,21,02139,1
20220821,21,02148,2
20220821,21,02159,2
20220821,21,02171,5
20220821,21,02172,2
20220821,21,02178,1
20220821,21,02179,4
20220821,21,02185,1
20220821,21,02186,3
20220821,21,02191,3
20220821,21,02198,4
20220821,21,03311,1
20220821,22,02111,1
20220821,22,02112,2
20220821,22,02116,1
20220821,22,02122,2
20220821,22,02128,1
20220821,22,02129,1
20220821,22,02139,3
20220821,22,02143,2
20220821,22,02148,2
20220821,22,02171,4
20220821,22,02172,1
20220821,22,02178,3
20220821,22,02179,5
20220821,22,02186,4
20220821,22,02191,1
20220821,22,02198,1
20220821,23,02111,3
20220821,23,02116,1
20220821,23,02128,1
20220821,23,02129,1
20220821,23,02143,1
20220821,23,02171,5
20220821,23,02178,1
20220821,23,02179,2
20220821,23,02185,2
20220821,23,02186,1
20220821,23,02191,3
20220821,23,03311,2
20220821,3,02122,2
20220821,3,02139,1
20220821,3,02171,2
20220821,3,02179,1
20220821,3,02191,2
20220821,3,03311,1
20220821,4,02116,1
20220821,4,02122,1
20220821,4,02139,1
20220821,4,02148,1
20220821,4,02171,2
20220821,4,02172,1
20220821,4,02179,2
20220821,4,02185,2
20220821,4,03310,1
20220821,5,02111,1
20220821,5,02178,1
20220821,5,03310,1
20220821,6,02179,1
20220821,6,02185,1
20220821,6,02191,1
20220821,7,02111,1
20220821,7,02112,1
20220821,7,02128,1
20220821,7,02186,1
20220821,7,03311,1
20220821,7,03802,1
20220821,8,02111,3
20220821,8,02112,1
20220821,8,02116,1
20220821,8,02122,1
20220821,8,02129,1
20220821,8,02139,1
20220821,8,02148,3
20220821,8,02171,1
20220821,8,02179,1
20220821,8,02185,4
20220821,8,02186,2
20220821,8,02191,1
20220821,8,03311,1
20220821,9,02112,2
20220821,9,02122,1
20220821,9,02143,1
20220821,9,02171,1
20220821,9,02172,1
20220821,9,02178,1
20220821,9,02179,1
20220821,9,02185,1
20220821,9,02186,2
20220821,9,03310,1
20220822,0,02111,3
20220822,0,02112,2
20220822,0,02116,1
20220822,0,02122,1
20220822,0,02130,1
20220822,0,02139,2
20220822,0,02148,1
20220822,0,02172,1
20220822,0,02178,1
20220822,0,02179,5
20220822,0,02185,2
20220822,0,02191,4
20220822,0,02198,1
20220822,0,03311,1
20220822,1,02111,2
20220822,1,02122,2
20220822,1,02139,1
20220822,1,02171,1
20220822,1,02185,1
20220822,1,02198,1
20220822,1,03311,1
20220822,10,02111,3
20220822,10,02122,1
20220822,10,02129,4
20220822,10,02143,2
20220822,10,02171,1
20220822,10,02178,1
20220822,10,02186,1
20220822,10,02191,1
20220822,10,02199,1
20220822,10,03311,1
20220822,10,03802,4
20220822,11,02111,3
20220822,11,02112,6
20220822,11,02116,1
20220822,11,02122,4
20220822,11,02128,2
20220822,11,02143,1
20220822,11,02159,2
20220822,11,02171,2
20220822,11,02179,2
20220822,11,02186,1
20220822,11,02191,1
20220822,11,03311,1
20220822,12,02111,1
20220822,12,02112,2
20220822,12,02122,3
20220822,12,02128,3
20220822,12,02129,1
20220822,12,02130,2
20220822,12,02143,1
20220822,12,02148,2
20220822,12,02159,1
20220822,12,02171,3
20220822,12,02178,4
20220822,12,02179,3
20220822,12,02186,2
20220822,12,02191,2
20220822,12,02198,2
20220822,12,03802,1
20220822,13,02111,3
20220822,13,02112,1
20220822,13,02116,3
20220822,13,02122,1
20220822,13,02128,1
20220822,13,02129,2
20220822,13,02139,1
20220822,13,02148,4
20220822,13,02159,2
20220822,13,02171,5
20220822,13,02172,1
20220822,13,02178,1
20220822,13,02179,3
20220822,13,02185,3
20220822,13,02191,7
20220822,13,02198,4
20220822,13,03311,2
20220822,13,03802,1
20220822,14,02111,3
20220822,14,02112,1
20220822,14,02116,1
20220822,14,02122,1
20220822,14,02128,3
20220822,14,02129,1
20220822,14,02139,1
20220822,14,02143,3
20220822,14,02159,1
20220822,14,02171,2
20220822,14,02172,3
20220822,14,02178,3
20220822,14,02179,2
20220822,14,02185,2
20220822,14,02191,2
20220822,14,02199,1
20220822,14,03311,1
20220822,14,03802,1
20220822,15,02111,5
20220822,15,02112,1
20220822,15,02116,3
20220822,15,02122,2
20220822,15,02128,1
20220822,15,02143,1
20220822,15,02148,1
20220822,15,02171,1
20220822,15,02172,2
20220822,15,02178,1
20220822,15,02179,2
20220822,15,02185,1
20220822,15,02186,1
20220822,15,02191,4
20220822,15,02198,1
20220822,15,03311,1
20220822,16,02111,4
20220822,16,02112,2
20220822,16,02116,4
20220822,16,02122,4
20220822,16,02128,1
20220822,16,02129,1
20220822,16,02130,2
20220822,16,02139,1
20220822,16,02143,3
20220822,16,02148,4
20220822,16,02159,1
20220822,16,02171,6
20220822,16,02172,2
20220822,16,02178,2
20220822,16,02179,2
20220822,16,02185,4
20220822,16,02186,3
20220822,16,02191,3
20220822,16,02198,2
20220822,16,03311,6
20220822,16,03802,4
20220822,17,02111,6
20220822,17,02112,3
20220822,17,02116,1
20220822,17,02122,2
20220822,17,02128,2
20220822,17,02129,1
20220822,17,02130,2
20220822,17,02139,1
20220822,17,02143,2
20220822,17,02148,1
20220822,17,02171,5
20220822,17,02172,3
20220822,17,02178,2
20220822,17,02179,3
20220822,17,02185,1
20220822,17,02186,2
20220822,17,02191,5
20220822,17,02198,2
20220822,17,02199,1
20220822,17,03311,4
20220822,17,03802,1
20220822,18,02111,9
20220822,18,02112,4
20220822,18,02116,3
20220822,18,02122,4
20220822,18,02128,1
20220822,18,02129,2
20220822,18,02139,2
20220822,18,02143,4
20220822,18,02148,4
20220822,18,02159,3
20220822,18,02171,6
20220822,18,02172,4
20220822,18,02178,3
20220822,18,02179,4
20220822,18,02185,4
20220822,18,02186,3
20220822,18,02191,2
20220822,18,02198,7
20220822,18,02199,1
20220822,18,03311,2
20220822,19,02111,11
20220822,19,02112,3
20220822,19,02116,3
20220822,19,02122,4
20220822,19,02128,4
20220822,19,02129,1
20220822,19,02139,1
20220822,19,02148,1
20220822,19,02159,4
20220822,19,02171,10
20220822,19,02178,5
20220822,19,02179,6
20220822,19,02185,1
20220822,19,02186,2
20220822,19,02198,2
20220822,19,03311,5
20220822,2,02111,1
20220822,2,02112,3
20220822,2,02116,1
20220822,2,02129,1
20220822,2,02185,2
20220822,20,02111,6
20220822,20,02112,4
20220822,20,02116,6
20220822,20,02122,2
20220822,20,02129,1
20220822,20,02139,3
20220822,20,02143,1
20220822,20,02159,1
20220822,20,02171,5
20220822,20,02172,4
20220822,20,02178,8
20220822,20,02179,9
20220822,20,02185,1
20220822,20,02186,2
20220822,20,02198,5
20220822,20,02199,1
20220822,20,03310,1
20220822,20,03311,4
20220822,20,03802,5
20220822,21,02111,4
20220822,21,02112,2
20220822,21,02116,9
20220822,21,02122,2
20220822,21,02129,1
20220822,21,02130,3
20220822,21,02148,3
20220822,21,02159,2
20220822,21,02171,5
20220822,21,02172,1
20220822,21,02178,4
20220822,21,02179,4
20220822,21,02186,2
20220822,21,02191,1
20220822,21,02198,1
20220822,21,02199,1
20220822,21,03310,1
20220822,21,03311,1
20220822,21,03802,4
20220822,22,02112,2
20220822,22,02116,1
20220822,22,02139,2
20220822,22,02159,2
20220822,22,02171,1
20220822,22,02178,3
20220822,22,02179,2
20220822,22,02185,2
20220822,22,02191,2
20220822,22,03311,1
20220822,22,03802,1
20220822,23,02116,1
20220822,23,02128,3
20220822,23,02172,1
20220822,23,02178,1
20220822,23,02179,1
20220822,23,02198,1
20220822,3,02128,1
20220822,3,02148,1
20220822,3,02171,1
20220822,4,02111,1
20220822,4,02112,1
20220822,4,02116,1
20220822,4,02129,1
20220822,4,02139,1
20220822,4,02148,1
20220822,4,02171,2
20220822,4,02185,1
20220822,5,02111,1
20220822,5,02116,3
20220822,5,02122,4
20220822,5,02129,2
20220822,5,02148,2
20220822,5,02159,1
20220822,5,02172,1
20220822,5,02179,2
20220822,5,02185,1
20220822,5,02191,1
20220822,6,02112,2
20220822,6,02122,2
20220822,6,02171,3
20220822,6,02178,1
20220822,6,02179,2
20220822,6,02185,1
20220822,6,02186,3
20220822,6,02191,1
20220822,6,02198,2
20220822,6,03802,1
20220822,7,02111,1
20220822,7,02112,2
20220822,7,02116,1
20220822,7,02122,2
20220822,7,02128,1
20220822,7,02139,3
20220822,7,02143,1
20220822,7,02148,1
20220822,7,02159,1
20220822,7,02179,1
20220822,7,02185,3
20220822,7,02186,3
20220822,7,03311,1
20220822,7,03802,6
20220822,8,02111,2
20220822,8,02112,4
20220822,8,02116,1
20220822,8,02122,1
20220822,8,02129,2
20220822,8,02159,1
20220822,8,02171,3
20220822,8,02172,2
20220822,8,02179,3
20220822,8,02185,3
20220822,8,02191,4
20220822,8,02198,3
20220822,8,03802,1
20220822,9,02112,1
20220822,9,02116,1
20220822,9,02128,1
20220822,9,02129,3
20220822,9,02139,3
20220822,9,02143,1
20220822,9,02148,6
20220822,9,02171,4
20220822,9,02179,1
20220822,9,02185,2
20220822,9,02186,1
20220822,9,02198,1
20220822,9,03311,3
20220822,9,03802,5
20220823,0,02128,1
20220823,0,02171,1
20220823,0,02191,1
20220823,0,02198,3
20220823,0,03311,2
20220823,1,02111,1
20220823,1,02112,3
20220823,1,02116,2
20220823,1,02171,1
20220823,1,02179,1
20220823,1,02185,1
20220823,1,02198,1
20220823,10,02111,3
20220823,10,02116,1
20220823,10,02122,1
20220823,10,02128,5
20220823,10,02129,1
20220823,10,02148,1
20220823,10,02171,2
20220823,10,02172,1
20220823,10,02191,1
20220823,10,03310,2
20220823,10,03802,2
20220823,11,02111,2
20220823,11,02112,1
20220823,11,02116,1
20220823,11,02128,1
20220823,11,02129,2
20220823,11,02143,1
20220823,11,02159,6
20220823,11,02171,3
20220823,11,02172,2
20220823,11,02179,1
20220823,11,02185,2
20220823,11,02186,2
20220823,11,02191,1
20220823,11,02198,1
20220823,11,03310,1
20220823,11,03311,1
20220823,11,03802,2
20220823,12,02111,1
20220823,12,02128,1
20220823,12,02129,3
20220823,12,02130,1
20220823,12,02139,1
20220823,12,02148,5
20220823,12,02159,1
20220823,12,02171,3
20220823,12,02178,1
20220823,12,02179,6
20220823,12,02185,2
20220823,12,02186,2
20220823,12,02191,4
20220823,12,02198,2
20220823,12,03311,2
20220823,12,03802,1
20220823,13,02112,2
20220823,13,02116,2
20220823,13,02122,1
20220823,13,02128,1
20220823,13,02129,2
20220823,13,02139,1
20220823,13,02143,2
20220823,13,02148,6
20220823,13,02159,3
20220823,13,02171,4
20220823,13,02172,4
20220823,13,02178,2
20220823,13,02179,2
20220823,13,02185,3
20220823,13,02191,1
20220823,13,03311,2
20220823,14,02112,3
20220823,14,02122,3
20220823,14,02128,2
20220823,14,02129,2
20220823,14,02139,4
20220823,14,02148,3
20220823,14,02159,1
20220823,14,02171,4
20220823,14,02172,2
20220823,14,02178,1
20220823,14,02179,1
20220823,14,02185,1
20220823,14,02186,1
20220823,14,02191,3
20220823,14,02198,2
20220823,14,03310,1
20220823,14,03311,2
20220823,14,03802,2
20220823,15,02111,1
20220823,15,02112,4
20220823,15,02116,1
20220823,15,02122,3
20220823,15,02128,5
20220823,15,02139,4
20220823,15,02148,1
20220823,15,02171,2
20220823,15,02172,3
20220823,15,02185,1
20220823,15,02191,3
20220823,15,02198,2
20220823,15,03311,2
20220823,16,02111,5
20220823,16,02112,2
20220823,16,02116,3
20220823,16,02122,5
20220823,16,02129,2
20220823,16,02139,1
20220823,16,02143,2
20220823,16,02159,1
20220823,16,02171,2
20220823,16,02172,2
20220823,16,02178,1
20220823,16,02179,1
20220823,16,02185,2
20220823,16,02186,1
20220823,16,02191,3
20220823,16,02199,3
20220823,16,03311,4
20220823,16,03802,2
20220823,17,02111,4
20220823,17,02112,1
20220823,17,02116,3
20220823,17,02128,6
20220823,17,02129,3
20220823,17,02130,1
20220823,17,02139,1
20220823,17,02143,1
20220823,17,02148,2
20220823,17,02159,5
20220823,17,02171,7
20220823,17,02172,7
20220823,17,02178,2
20220823,17,02179,3
20220823,17,02185,3
20220823,17,02186,2
20220823,17,02191,3
20220823,17,02198,5
20220823,17,03310,2
20220823,17,03311,7
20220823,17,03802,2
20220823,18,02111,7
20220823,18,02112,3
20220823,18,02116,6
20220823,18,02122,3
20220823,18,02128,4
20220823,18,02129,3
20220823,18,02130,2
20220823,18,02139,1
20220823,18,02143,1
20220823,18,02148,4
20220823,18,02159,2
20220823,18,02171,11
20220823,18,02172,6
20220823,18,02178,5
20220823,18,02179,3
20220823,18,02185,4
20220823,18,02186,3
20220823,18,02191,3
20220823,18,02198,2
20220823,18,03310,3
20220823,18,03311,5
20220823,19,02111,9
20220823,19,02112,6
20220823,19,02116,8
20220823,19,02122,4
20220823,19,02128,3
20220823,19,02129,2
20220823,19,02139,2
20220823,19,02143,3
20220823,19,02148,3
20220823,19,02159,2
20220823,19,02171,10
20220823,19,02178,5
20220823,19,02179,7
20220823,19,02191,3
20220823,19,02198,5
20220823,19,03310,5
20220823,19,03311,5
20220823,19,03802,3
20220823,2,02171,2
20220823,2,02172,1
20220823,2,02178,1
20220823,2,02191,1
20220823,2,02198,1
20220823,20,02111,13
20220823,20,02112,7
20220823,20,02116,4
20220823,20,02122,4
20220823,20,02128,5
20220823,20,02129,1
20220823,20,02130,1
20220823,20,02139,2
20220823,20,02143,3
20220823,20,02148,3
20220823,20,02159,4
20220823,20,02171,4
20220823,20,02172,1
20220823,20,02178,1
20220823,20,02179,4
20220823,20,02185,2
20220823,20,02186,5
20220823,20,02191,3
20220823,20,02198,4
20220823,20,02199,1
20220823,20,03311,2
20220823,20,03802,3
20220823,21,02111,9
20220823,21,02112,3
20220823,21,02116,5
20220823,21,02128,4
20220823,21,02129,2
20220823,21,02139,1
20220823,21,02148,3
20220823,21,02159,1
20220823,21,02171,7
20220823,21,02178,1
20220823,21,02179,8
20220823,21,02185,4
20220823,21,02186,3
20220823,21,02191,1
20220823,21,02198,1
20220823,21,03310,2
20220823,21,03311,3
20220823,21,03802,3
20220823,22,02111,7
20220823,22,02112,3
20220823,22,02116,7
20220823,22,02122,4
20220823,22,02130,2
20220823,22,02139,2
20220823,22,02148,2
20220823,22,02159,3
20220823,22,02171,4
20220823,22,02172,2
20220823,22,02179,5
20220823,22,02185,6
20220823,22,02186,1
20220823,22,02191,5
20220823,22,02198,1
20220823,22,03310,2
20220823,22,03311,1
20220823,23,02111,5
20220823,23,02112,6
20220823,23,02116,4
20220823,23,02122,3
20220823,23,02128,3
20220823,23,02129,2
20220823,23,02139,1
20220823,23,02148,2
20220823,23,02171,2
20220823,23,02172,3
20220823,23,02178,1
20220823,23,02179,5
20220823,23,02185,3
20220823,23,02186,1
20220823,23,02191,2
20220823,23,02198,3
20220823,23,03311,2
20220823,3,02111,1
20220823,3,02179,1
20220823,5,02112,1
20220823,6,02198,2
20220823,7,02112,1
20220823,7,02116,1
20220823,7,02148,1
20220823,7,02159,1
20220823,7,02171,1
20220823,7,02179,2
20220823,7,02185,2
20220823,7,02186,1
20220823,7,03311,1
20220823,7,03802,1
20220823,8,02111,3
20220823,8,02112,1
20220823,8,02116,2
20220823,8,02122,1
20220823,8,02128,2
20220823,8,02139,1
20220823,8,02171,1
20220823,8,02172,1
20220823,8,02179,2
20220823,8,02185,2
20220823,8,02186,1
20220823,8,02191,1
20220823,8,02198,2
20220823,8,02199,1
20220823,8,03802,3
20220823,9,02111,3
20220823,9,02112,3
20220823,9,02116,2
20220823,9,02122,2
20220823,9,02129,3
20220823,9,02139,2
20220823,9,02148,3
20220823,9,02159,1
20220823,9,02171,1
20220823,9,02172,1
20220823,9,02178,1
20220823,9,02179,4
20220823,9,02185,2
20220823,9,02186,1
20220823,9,02191,1
20220823,9,03311,2
20220823,9,03802,5
20220824,0,02111,4
20220824,0,02112,6
20220824,0,02116,2
20220824,0,02128,2
20220824,0,02159,1
20220824,0,02172,4
20220824,0,02178,1
20220824,0,02179,2
20220824,0,02186,1
20220824,0,02191,2
20220824,0,02198,3
20220824,0,03310,1
20220824,0,03311,2
20220824,1,02111,3
20220824,1,02112,1
20220824,1,02130,2
20220824,1,02143,1
20220824,1,02171,3
20220824,1,02172,1
20220824,1,02179,3
20220824,1,02185,1
20220824,1,02198,2
20220824,10,02112,2
20220824,10,02116,1
20220824,10,02128,3
20220824,10,02129,2
20220824,10,02143,4
20220824,10,02148,4
20220824,10,02159,2
20220824,10,02171,1
20220824,10,02172,1
20220824,10,02178,1
20220824,10,02179,4
20220824,10,02185,1
20220824,10,02191,2
20220824,10,02198,1
20220824,10,03802,3
20220824,11,02111,2
20220824,11,02122,1
20220824,11,02128,1
20220824,11,02129,2
20220824,11,02148,5
20220824,11,02159,1
20220824,11,02171,1
20220824,11,02178,1
20220824,11,02179,4
20220824,11,02191,6
20220824,11,03311,5
20220824,11,03802,2
20220824,12,02111,8
20220824,12,02112,1
20220824,12,02122,1
20220824,12,02129,2
20220824,12,02130,1
20220824,12,02148,3
20220824,12,02171,1
20220824,12,02172,2
20220824,12,02179,4
20220824,12,02185,2
20220824,12,02186,1
20220824,12,02191,1
20220824,12,02199,1
20220824,12,03311,3
20220824,12,03802,3
20220824,13,02111,1
20220824,13,02112,2
20220824,13,02116,1
20220824,13,02122,2
20220824,13,02128,1
20220824,13,02129,1
20220824,13,02139,2
20220824,13,02143,2
20220824,13,02148,2
20220824,13,02159,1
20220824,13,02171,4
20220824,13,02172,1
20220824,13,02178,1
20220824,13,02185,1
20220824,13,02191,3
20220824,13,02198,1
20220824,13,03802,2
20220824,14,02111,3
20220824,14,02112,1
20220824,14,02116,2
20220824,14,02122,2
20220824,14,02128,1
20220824,14,02129,1
20220824,14,02139,1
20220824,14,02143,1
20220824,14,02171,2
20220824,14,02172,1
20220824,14,02178,2
20220824,14,02179,1
20220824,14,02186,1
20220824,14,02191,1
20220824,14,02198,1
20220824,14,03311,2
20220824,14,03802,3
20220824,15,02112,3
20220824,15,02122,1
20220824,15,02128,2
20220824,15,02148,1
20220824,15,02159,2
20220824,15,02171,6
20220824,15,02172,3
20220824,15,02178,3
20220824,15,02186,1
20220824,15,02191,3
20220824,15,02198,1
20220824,15,03311,2
20220824,15,03802,1
20220824,16,02111,1
20220824,16,02112,2
20220824,16,02116,4
20220824,16,02122,1
20220824,16,02128,2
20220824,16,02129,3
20220824,16,02139,2
20220824,16,02143,5
20220824,16,02148,4
20220824,16,02159,3
20220824,16,02171,4
20220824,16,02172,3
20220824,16,02178,2
20220824,16,02179,1
20220824,16,02185,2
20220824,16,02191,3
20220824,16,02198,1
20220824,16,03311,3
20220824,16,03802,2
20220824,17,02111,5
20220824,17,02112,4
20220824,17,02116,7
20220824,17,02122,5
20220824,17,02128,1
20220824,17,02129,4
20220824,17,02139,1
20220824,17,02143,4
20220824,17,02148,1
20220824,17,02171,4
20220824,17,02172,1
20220824,17,02178,4
20220824,17,02179,3
20220824,17,02185,3
20220824,17,02191,3
20220824,17,02198,2
20220824,17,02199,1
20220824,17,03311,4
20220824,17,03802,3
20220824,18,02111,8
20220824,18,02112,2
20220824,18,02116,8
20220824,18,02122,6
20220824,18,02128,5
20220824,18,02129,3
20220824,18,02139,1
20220824,18,02143,2
20220824,18,02148,4
20220824,18,02159,5
20220824,18,02171,5
20220824,18,02172,3
20220824,18,02179,7
20220824,18,02185,3
20220824,18,02186,7
20220824,18,02191,5
20220824,18,02198,4
20220824,18,03311,3
20220824,18,03802,1
20220824,19,02111,8
20220824,19,02116,7
20220824,19,02122,7
20220824,19,02128,3
20220824,19,02129,4
20220824,19,02139,3
20220824,19,02143,2
20220824,19,02148,4
20220824,19,02159,4
20220824,19,02171,5
20220824,19,02172,1
20220824,19,02178,1
20220824,19,02179,1
20220824,19,02185,1
20220824,19,02186,3
20220824,19,02191,1
20220824,19,02198,2
20220824,19,02199,3
20220824,19,03311,3
20220824,19,03802,3
20220824,2,02111,3
20220824,2,02112,1
20220824,2,02116,1
20220824,2,02128,3
20220824,2,02139,1
20220824,2,02159,1
20220824,2,02171,3
20220824,2,02178,1
20220824,2,02179,1
20220824,2,02198,2
20220824,2,03311,3
20220824,20,02111,4
20220824,20,02112,4
20220824,20,02116,6
20220824,20,02122,5
20220824,20,02128,8
20220824,20,02129,1
20220824,20,02139,1
20220824,20,02143,3
20220824,20,02148,3
20220824,20,02159,1
20220824,20,02171,4
20220824,20,02172,2
20220824,20,02178,1
20220824,20,02179,6
20220824,20,02185,1
20220824,20,02186,3
20220824,20,02191,3
20220824,20,02198,4
20220824,20,02199,1
20220824,20,03311,3
20220824,20,03802,6
20220824,21,02111,5
20220824,21,02112,6
20220824,21,02116,5
20220824,21,02122,3
20220824,21,02128,6
20220824,21,02129,1
20220824,21,02139,3
20220824,21,02143,1
20220824,21,02148,3
20220824,21,02159,1
20220824,21,02171,8
20220824,21,02178,3
20220824,21,02179,3
20220824,21,02185,1
20220824,21,02186,3
20220824,21,02191,1
20220824,21,02198,4
20220824,21,03310,1
20220824,21,03311,2
20220824,21,03802,1
20220824,22,02111,9
20220824,22,02112,4
20220824,22,02116,6
20220824,22,02122,4
20220824,22,02128,2
20220824,22,02129,1
20220824,22,02139,1
20220824,22,02143,4
20220824,22,02148,3
20220824,22,02159,1
20220824,22,02171,5
20220824,22,02172,1
20220824,22,02178,1
20220824,22,02179,6
20220824,22,02185,1
20220824,22,02186,3
20220824,22,02191,3
20220824,22,02198,4
20220824,22,02199,1
20220824,22,03311,2
20220824,23,02111,1
20220824,23,02112,3
20220824,23,02116,4
20220824,23,02128,3
20220824,23,02139,1
20220824,23,02148,4
20220824,23,02159,1
20220824,23,02171,4
20220824,23,02172,1
20220824,23,02178,2
20220824,23,02179,4
20220824,23,02185,2
20220824,23,02186,3
20220824,23,02191,6
20220824,23,02198,1
20220824,23,03310,1
20220824,23,03311,4
20220824,3,02112,1
20220824,3,02128,1
20220824,3,02148,1
20220824,3,02159,1
20220824,3,02198,2
20220824,4,02116,1
20220824,4,02129,1
20220824,4,02171,1
20220824,4,02179,1
20220824,4,02185,1
20220824,4,02191,3
20220824,4,03310,1
20220824,5,02111,1
20220824,5,02112,1
20220824,5,02122,3
20220824,5,02143,1
20220824,5,02148,1
20220824,5,02171,1
20220824,5,02172,1
20220824,5,02186,2
20220824,5,02191,1
20220824,6,02111,1
20220824,6,02116,1
20220824,6,02128,1
20220824,6,02129,2
20220824,6,02148,1
20220824,6,02171,3
20220824,6,02179,1
20220824,6,02185,1
20220824,6,02186,1
20220824,6,02191,1
20220824,6,02198,2
20220824,6,03802,2
20220824,7,02111,1
20220824,7,02112,1
20220824,7,02116,4
20220824,7,02122,3
20220824,7,02128,1
20220824,7,02129,1
20220824,7,02139,2
20220824,7,02148,2
20220824,7,02159,2
20220824,7,02172,1
20220824,7,02179,2
20220824,7,02185,6
20220824,7,02198,1
20220824,7,03311,1
20220824,7,03802,6
20220824,8,02111,4
20220824,8,02112,2
20220824,8,02116,1
20220824,8,02128,1
20220824,8,02130,1
20220824,8,02139,3
20220824,8,02148,3
20220824,8,02159,1
20220824,8,02171,3
20220824,8,02179,3
20220824,8,02185,2
20220824,8,02186,1
20220824,8,02191,1
20220824,8,02198,2
20220824,8,03311,5
20220824,8,03802,2
20220824,9,02111,5
20220824,9,02116,3
20220824,9,02122,1
20220824,9,02128,1
20220824,9,02129,4
20220824,9,02148,2
20220824,9,02159,1
20220824,9,02171,3
20220824,9,02172,1
20220824,9,02178,1
20220824,9,02179,3
20220824,9,02185,5
20220824,9,02186,1
20220824,9,02191,2
20220824,9,02198,3
20220824,9,03802,8
20220825,0,02111,5
20220825,0,02112,2
20220825,0,02122,1
20220825,0,02129,1
20220825,0,02171,2
20220825,0,02172,1
20220825,0,02178,2
20220825,0,02179,3
20220825,0,02185,2
20220825,0,02186,4
20220825,0,02191,2
20220825,0,02198,2
20220825,0,02199,1
20220825,0,03311,2
20220825,1,02111,1
20220825,1,02116,4
20220825,1,02122,1
20220825,1,02128,3
20220825,1,02139,1
20220825,1,02148,1
20220825,1,02171,1
20220825,1,02172,1
20220825,1,02179,1
20220825,1,02185,1
20220825,1,02186,1
20220825,1,02198,1
20220825,1,02199,1
20220825,10,02111,1
20220825,10,02116,2
20220825,10,02122,1
20220825,10,02128,1
20220825,10,02143,2
20220825,10,02148,2
20220825,10,02159,1
20220825,10,02171,2
20220825,10,02172,1
20220825,10,02178,1
20220825,10,02186,1
20220825,10,02198,1
20220825,10,03310,2
20220825,10,03802,1
20220825,11,02178,1
20220825,11,02179,1
20220825,11,02198,1
20220825,12,02129,1
20220825,12,02171,1
20220825,12,02178,1
20220825,12,02179,1
20220825,12,03311,1
20220825,13,02171,1
20220825,13,02179,2
20220825,13,02191,1
20220825,13,03802,1
20220825,14,02111,1
20220825,14,02112,1
20220825,14,02122,2
20220825,14,02129,1
20220825,14,02148,3
20220825,14,02159,1
20220825,14,02171,1
20220825,14,02172,4
20220825,14,02179,1
20220825,14,02185,1
20220825,14,02191,2
20220825,14,03311,1
20220825,14,03802,1
20220825,15,02111,2
20220825,15,02112,2
20220825,15,02116,1
20220825,15,02122,1
20220825,15,02128,3
20220825,15,02129,1
20220825,15,02130,1
20220825,15,02139,1
20220825,15,02143,1
20220825,15,02148,3
20220825,15,02159,1
20220825,15,02171,2
20220825,15,02185,1
20220825,15,02191,3
20220825,15,03310,2
20220825,15,03311,3
20220825,16,02111,3
20220825,16,02112,2
20220825,16,02116,3
20220825,16,02122,4
20220825,16,02128,2
20220825,16,02139,1
20220825,16,02143,1
20220825,16,02148,2
20220825,16,02171,2
20220825,16,02172,1
20220825,16,02178,1
20220825,16,02179,1
20220825,16,02185,1
20220825,16,02198,1
20220825,16,03310,1
20220825,16,03311,1
20220825,16,03802,3
20220825,17,02111,5
20220825,17,02112,1
20220825,17,02122,2
20220825,17,02128,2
20220825,17,02129,1
20220825,17,02130,2
20220825,17,02139,2
20220825,17,02143,3
20220825,17,02148,3
20220825,17,02159,3
20220825,17,02171,3
20220825,17,02172,3
20220825,17,02178,2
20220825,17,02179,2
20220825,17,02186,2
20220825,17,02191,3
20220825,17,03310,2
20220825,17,03311,2
20220825,17,03802,1
20220825,18,02111,5
20220825,18,02112,2
20220825,18,02116,2
20220825,18,02122,1
20220825,18,02139,1
20220825,18,02143,1
20220825,18,02148,3
20220825,18,02159,1
20220825,18,02171,2
20220825,18,02172,1
20220825,18,02178,2
20220825,18,02179,1
20220825,18,02185,1
20220825,18,02198,2
20220825,18,03310,1
20220825,18,03311,6
20220825,18,03802,1
20220825,19,02111,8
20220825,19,02112,2
20220825,19,02116,5
20220825,19,02122,6
20220825,19,02128,2
20220825,19,02129,1
20220825,19,02130,1
20220825,19,02139,1
20220825,19,02143,1
20220825,19,02171,8
20220825,19,02179,6
20220825,19,02185,1
20220825,19,02186,1
20220825,19,02191,2
20220825,19,02198,2
20220825,19,03310,2
20220825,19,03311,5
20220825,19,03802,1
20220825,2,02111,2
20220825,2,02122,1
20220825,2,02128,1
20220825,2,02148,1
20220825,2,02171,1
20220825,2,02179,1
20220825,2,02191,1
20220825,2,02198,1
20220825,2,03310,1
20220825,2,03802,1
20220825,20,02111,6
20220825,20,02112,5
20220825,20,02116,5
20220825,20,02122,3
20220825,20,02128,2
20220825,20,02129,2
20220825,20,02130,1
20220825,20,02139,1
20220825,20,02143,7
20220825,20,02148,3
20220825,20,02159,2
20220825,20,02171,5
20220825,20,02179,6
20220825,20,02186,2
20220825,20,02191,2
20220825,20,02198,5
20220825,20,02199,1
20220825,20,03310,2
20220825,20,03311,7
20220825,20,03802,4
20220825,21,02111,5
20220825,21,02112,7
20220825,21,02116,5
20220825,21,02122,3
20220825,21,02129,7
20220825,21,02148,2
20220825,21,02159,2
20220825,21,02171,6
20220825,21,02172,1
20220825,21,02178,1
20220825,21,02179,9
20220825,21,02185,3
20220825,21,02186,2
20220825,21,02191,3
20220825,21,02198,2
20220825,21,03311,4
20220825,21,03802,2
20220825,22,02111,3
20220825,22,02112,2
20220825,22,02116,5
20220825,22,02122,10
20220825,22,02128,2
20220825,22,02139,1
20220825,22,02148,3
20220825,22,02159,3
20220825,22,02171,5
20220825,22,02172,1
20220825,22,02178,1
20220825,22,02179,4
20220825,22,02185,2
20220825,22,02186,5
20220825,22,02191,3
20220825,22,02198,2
20220825,22,03310,2
20220825,22,03311,3
20220825,22,03802,2
20220825,23,02111,4
20220825,23,02112,1
20220825,23,02122,4
20220825,23,02128,1
20220825,23,02129,1
20220825,23,02130,2
20220825,23,02139,3
20220825,23,02143,1
20220825,23,02148,2
20220825,23,02171,4
20220825,23,02172,1
20220825,23,02179,7
20220825,23,02186,1
20220825,23,02191,1
20220825,23,02198,5
20220825,23,03311,2
20220825,3,02111,2
20220825,3,02122,1
20220825,3,02159,1
20220825,3,02171,2
20220825,3,02179,1
20220825,3,02198,2
20220825,4,02122,1
20220825,4,02139,1
20220825,4,02171,1
20220825,4,02185,2
20220825,4,02191,1
20220825,5,02122,2
20220825,5,02148,1
20220825,5,02172,2
20220825,5,02179,1
20220825,5,02185,1
20220825,5,02191,1
20220825,6,02111,3
20220825,6,02112,1
20220825,6,02129,2
20220825,6,02130,1
20220825,6,02148,1
20220825,6,02159,2
20220825,6,02171,2
20220825,6,02179,1
20220825,6,02185,1
20220825,6,02186,3
20220825,6,02191,1
20220825,6,02198,3
20220825,6,03802,1
20220825,7,02111,4
20220825,7,02112,2
20220825,7,02128,3
20220825,7,02130,1
20220825,7,02139,2
20220825,7,02148,4
20220825,7,02159,1
20220825,7,02171,2
20220825,7,02185,1
20220825,7,02186,2
20220825,7,02191,1
20220825,7,02198,2
20220825,7,03311,2
20220825,7,03802,3
20220825,8,02112,2
20220825,8,02116,1
20220825,8,02122,1
20220825,8,02139,2
20220825,8,02148,1
20220825,8,02159,1
20220825,8,02171,4
20220825,8,02179,4
20220825,8,02185,4
20220825,8,02186,2
20220825,8,02191,1
20220825,8,03311,4
20220825,8,03802,6
20220825,9,02111,1
20220825,9,02112,2
20220825,9,02116,1
20220825,9,02122,1
20220825,9,02128,1
20220825,9,02129,1
20220825,9,02130,1
20220825,9,02139,3
20220825,9,02143,2
20220825,9,02148,2
20220825,9,02172,1
20220825,9,02179,2
20220825,9,02186,2
20220825,9,02191,2
20220825,9,02198,2
20220825,9,03310,3
20220825,9,03311,1
20220825,9,03802,10
20220826,0,02111,7
20220826,0,02112,2
20220826,0,02116,2
20220826,0,02122,2
20220826,0,02128,1
20220826,0,02130,1
20220826,0,02143,1
20220826,0,02148,1
20220826,0,02171,4
20220826,0,02179,5
20220826,0,02185,1
20220826,0,02186,1
20220826,0,02191,4
20220826,0,02198,3
20220826,0,03310,1
20220826,1,02112,1
20220826,1,02122,1
20220826,1,02171,2
20220826,1,02185,1
20220826,1,03311,1
20220826,10,02111,3
20220826,10,02112,1
20220826,10,02116,3
20220826,10,02122,4
20220826,10,02128,1
20220826,10,02143,1
20220826,10,02148,2
20220826,10,02159,2
20220826,10,02171,3
20220826,10,02172,1
20220826,10,02178,1
20220826,10,02179,2
20220826,10,02185,1
20220826,10,02191,1
20220826,10,02198,1
20220826,10,03802,3
20220826,11,02111,4
20220826,11,02112,1
20220826,11,02116,1
20220826,11,02130,1
20220826,11,02139,1
20220826,11,02148,1
20220826,11,02159,2
20220826,11,02171,1
20220826,11,02178,1
20220826,11,02186,1
20220826,11,02191,4
20220826,11,02198,1
20220826,11,02199,1
20220826,11,03311,3
20220826,11,03802,1
20220826,12,02111,1
20220826,12,02112,3
20220826,12,02116,2
20220826,12,02122,2
20220826,12,02130,1
20220826,12,02143,1
20220826,12,02148,1
20220826,12,02159,4
20220826,12,02171,3
20220826,12,02178,1
20220826,12,02179,4
20220826,12,02186,3
20220826,12,02191,1
20220826,12,02198,4
20220826,12,03311,2
20220826,12,03802,2
20220826,13,02111,1
20220826,13,02112,3
20220826,13,02116,2
20220826,13,02122,2
20220826,13,02128,3
20220826,13,02129,2
20220826,13,02148,2
20220826,13,02171,4
20220826,13,02172,2
20220826,13,02178,2
20220826,13,02179,1
20220826,13,02185,1
20220826,13,02191,2
20220826,13,02198,3
20220826,13,03311,1
20220826,13,03802,1
20220826,14,02111,3
20220826,14,02112,1
20220826,14,02116,2
20220826,14,02122,3
20220826,14,02128,3
20220826,14,02148,2
20220826,14,02171,3
20220826,14,02179,1
20220826,14,02185,2
20220826,14,02186,1
20220826,14,02191,3
20220826,14,02198,1
20220826,14,03311,3
20220826,14,03802,2
20220826,15,02111,6
20220826,15,02112,4
20220826,15,02116,3
20220826,15,02122,2
20220826,15,02128,1
20220826,15,02129,1
20220826,15,02130,1
20220826,15,02139,1
20220826,15,02148,1
20220826,15,02159,3
20220826,15,02171,2
20220826,15,02172,2
20220826,15,02178,3
20220826,15,02179,2
20220826,15,02186,1
20220826,15,02191,2
20220826,15,02198,1
20220826,15,03802,1
20220826,16,02111,1
20220826,16,02112,6
20220826,16,02116,2
20220826,16,02128,2
20220826,16,02139,2
20220826,16,02143,2
20220826,16,02159,1
20220826,16,02171,9
20220826,16,02172,4
20220826,16,02178,3
20220826,16,02179,2
20220826,16,02185,3
20220826,16,02186,1
20220826,16,02191,1
20220826,16,02198,6
20220826,16,03310,1
20220826,16,03311,2
20220826,17,02111,2
20220826,17,02112,3
20220826,17,02116,3
20220826,17,02122,1
20220826,17,02139,1
20220826,17,02143,1
20220826,17,02148,1
20220826,17,02159,1
20220826,17,02171,6
20220826,17,02172,2
20220826,17,02178,4
20220826,17,02179,2
20220826,17,02185,2
20220826,17,02186,1
20220826,17,02191,2
20220826,17,02198,4
20220826,17,03311,2
20220826,18,02111,2
20220826,18,02112,4
20220826,18,02116,6
20220826,18,02122,1
20220826,18,02128,4
20220826,18,02143,4
20220826,18,02148,5
20220826,18,02159,2
20220826,18,02171,5
20220826,18,02172,1
20220826,18,02178,9
20220826,18,02179,5
20220826,18,02185,2
20220826,18,02186,2
20220826,18,02191,4
20220826,18,02198,4
20220826,18,03311,4
20220826,19,02111,7
20220826,19,02112,5
20220826,19,02116,4
20220826,19,02122,3
20220826,19,02128,2
20220826,19,02139,3
20220826,19,02143,3
20220826,19,02148,1
20220826,19,02159,1
20220826,19,02171,4
20220826,19,02172,2
20220826,19,02178,1
20220826,19,02179,2
20220826,19,02185,1
20220826,19,02186,2
20220826,19,02198,3
20220826,19,03310,1
20220826,19,03311,6
20220826,19,03802,1
20220826,2,02111,4
20220826,2,02112,2
20220826,2,02116,2
20220826,2,02122,5
20220826,2,02128,1
20220826,2,02159,1
20220826,2,02172,1
20220826,2,02179,1
20220826,2,02185,1
20220826,2,02186,1
20220826,2,02191,1
20220826,20,02111,8
20220826,20,02112,5
20220826,20,02116,6
20220826,20,02122,4
20220826,20,02143,1
20220826,20,02148,1
20220826,20,02159,2
20220826,20,02171,4
20220826,20,02179,1
20220826,20,02185,2
20220826,20,02198,1
20220826,20,03311,3
20220826,20,03802,1
20220826,21,02111,3
20220826,21,02112,3
20220826,21,02116,6
20220826,21,02122,4
20220826,21,02128,2
20220826,21,02139,1
20220826,21,02148,1
20220826,21,02159,3
20220826,21,02171,7
20220826,21,02172,3
20220826,21,02178,1
20220826,21,02179,6
20220826,21,02186,3
20220826,21,02191,1
20220826,21,02198,2
20220826,21,02199,1
20220826,21,03310,1
20220826,21,03311,4
20220826,21,03802,2
20220826,22,02111,3
20220826,22,02112,2
20220826,22,02116,1
20220826,22,02122,4
20220826,22,02128,3
20220826,22,02129,1
20220826,22,02130,1
20220826,22,02171,3
20220826,22,02179,8
20220826,22,02185,3
20220826,22,02186,3
20220826,22,02191,1
20220826,22,02198,1
20220826,22,03311,1
20220826,23,02111,2
20220826,23,02116,3
20220826,23,02143,2
20220826,23,02148,1
20220826,23,02171,2
20220826,23,02179,3
20220826,23,02185,1
20220826,23,02191,3
20220826,23,02198,3
20220826,3,02111,1
20220826,3,02128,1
20220826,3,02198,1
20220826,4,02111,1
20220826,4,02122,1
20220826,4,02185,1
20220826,5,02112,1
20220826,5,02122,1
20220826,5,02148,1
20220826,5,02172,1
20220826,5,02186,1
20220826,5,02191,1
20220826,6,02111,2
20220826,6,02122,1
20220826,6,02129,1
20220826,6,02171,2
20220826,6,02179,1
20220826,6,02185,1
20220826,6,02191,2
20220826,6,02198,2
20220826,6,03310,1
20220826,6,03802,1
20220826,7,02111,2
20220826,7,02112,1
20220826,7,02122,2
20220826,7,02129,3
20220826,7,02130,1
20220826,7,02139,1
20220826,7,02143,2
20220826,7,02171,1
20220826,7,02179,1
20220826,7,02185,1
20220826,7,02186,1
20220826,7,03310,2
20220826,7,03311,3
20220826,7,03802,5
20220826,8,02111,4
20220826,8,02112,3
20220826,8,02116,3
20220826,8,02128,2
20220826,8,02129,1
20220826,8,02143,1
20220826,8,02148,5
20220826,8,02159,2
20220826,8,02171,2
20220826,8,02172,1
20220826,8,02179,2
20220826,8,02185,3
20220826,8,02191,2
20220826,8,02198,1
20220826,8,03311,1
20220826,8,03802,4
20220826,9,02111,2
20220826,9,02116,1
20220826,9,02122,1
20220826,9,02128,1
20220826,9,02129,3
20220826,9,02139,2
20220826,9,02148,4
20220826,9,02159,2
20220826,9,02171,3
20220826,9,02179,1
20220826,9,02186,1
20220826,9,02191,6
20220826,9,02198,1
20220826,9,02199,1
20220826,9,03802,5
20220827,0,02111,2
20220827,0,02116,3
20220827,0,02128,3
20220827,0,02139,2
20220827,0,02171,1
20220827,0,02172,2
20220827,0,02179,3
20220827,0,02185,1
20220827,0,02186,2
20220827,0,02191,2
20220827,0,02198,4
20220827,0,03311,1
20220827,0,03802,1
20220827,1,02112,2
20220827,1,02116,1
20220827,1,02122,1
20220827,1,02128,1
20220827,1,02129,2
20220827,1,02148,3
20220827,1,02172,1
20220827,1,02179,1
20220827,1,02185,1
20220827,1,02186,1
20220827,1,02191,3
20220827,1,02198,3
20220827,10,02111,4
20220827,10,02112,3
20220827,10,02116,4
20220827,10,02122,1
20220827,10,02130,1
20220827,10,02143,3
20220827,10,02148,4
20220827,10,02159,2
20220827,10,02171,5
20220827,10,02172,2
20220827,10,02178,2
20220827,10,02179,4
20220827,10,02185,1
20220827,10,02186,2
20220827,10,02191,2
20220827,10,02198,1
20220827,10,02199,2
20220827,10,03310,1
20220827,10,03311,2
20220827,10,03802,1
20220827,11,02111,2
20220827,11,02112,5
20220827,11,02128,2
20220827,11,02130,1
20220827,11,02139,1
20220827,11,02148,3
20220827,11,02159,2
20220827,11,02171,5
20220827,11,02172,1
20220827,11,02178,2
20220827,11,02179,4
20220827,11,02185,3
20220827,11,02186,1
20220827,11,02191,2
20220827,11,02198,2
20220827,11,03802,1
20220827,12,02111,1
20220827,12,02112,5
20220827,12,02116,2
20220827,12,02122,2
20220827,12,02128,3
20220827,12,02129,3
20220827,12,02130,2
20220827,12,02139,1
20220827,12,02143,2
20220827,12,02148,3
20220827,12,02171,10
20220827,12,02172,4
20220827,12,02178,3
20220827,12,02179,4
20220827,12,02185,3
20220827,12,02186,2
20220827,12,02191,5
20220827,12,02198,2
20220827,12,03310,1
20220827,12,03311,4
20220827,13,02111,2
20220827,13,02112,6
20220827,13,02116,1
20220827,13,02128,6
20220827,13,02130,5
20220827,13,02139,1
20220827,13,02143,3
20220827,13,02171,6
20220827,13,02172,2
20220827,13,02179,2
20220827,13,02185,2
20220827,13,02186,1
20220827,13,02191,3
20220827,13,02198,3
20220827,13,03311,2
20220827,13,03802,1
20220827,14,02112,7
20220827,14,02116,4
20220827,14,02128,3
20220827,14,02139,2
20220827,14,02143,4
20220827,14,02148,1
20220827,14,02171,7
20220827,14,02178,1
20220827,14,02179,2
20220827,14,02185,1
20220827,14,02191,1
20220827,14,03310,1
20220827,14,03311,2
20220827,14,03802,1
20220827,15,02112,3
20220827,15,02116,3
20220827,15,02122,2
20220827,15,02128,2
20220827,15,02129,1
20220827,15,02139,3
20220827,15,02143,4
20220827,15,02148,4
20220827,15,02159,2
20220827,15,02171,3
20220827,15,02172,2
20220827,15,02178,4
20220827,15,02179,3
20220827,15,02191,3
20220827,15,02198,1
20220827,15,02199,1
20220827,15,03311,4
20220827,16,02111,5
20220827,16,02112,6
20220827,16,02116,2
20220827,16,02128,1
20220827,16,02129,1
20220827,16,02139,3
20220827,16,02143,1
20220827,16,02148,5
20220827,16,02159,2
20220827,16,02171,4
20220827,16,02172,6
20220827,16,02178,4
20220827,16,02185,2
20220827,16,02186,4
20220827,16,02191,5
20220827,16,02198,1
20220827,16,02199,1
20220827,16,03311,4
20220827,16,03802,2
20220827,17,02111,2
20220827,17,02112,2
20220827,17,02116,1
20220827,17,02122,2
20220827,17,02128,1
20220827,17,02129,1
20220827,17,02130,2
20220827,17,02143,3
20220827,17,02148,5
20220827,17,02159,5
20220827,17,02171,10
20220827,17,02172,8
20220827,17,02178,3
20220827,17,02179,2
20220827,17,02185,3
20220827,17,02186,1
20220827,17,02191,2
20220827,17,03311,5
20220827,17,03802,1
20220827,18,02111,7
20220827,18,02112,3
20220827,18,02116,2
20220827,18,02122,1
20220827,18,02128,2
20220827,18,02129,4
20220827,18,02139,2
20220827,18,02148,3
20220827,18,02159,5
20220827,18,02171,10
20220827,18,02172,7
20220827,18,02178,1
20220827,18,02179,7
20220827,18,02185,4
20220827,18,02186,1
20220827,18,02191,7
20220827,18,02198,3
20220827,19,02111,2
20220827,19,02112,2
20220827,19,02116,6
20220827,19,02122,4
20220827,19,02129,6
20220827,19,02139,2
20220827,19,02148,1
20220827,19,02171,5
20220827,19,02178,1
20220827,19,02179,2
20220827,19,02185,1
20220827,19,02186,1
20220827,19,02191,2
20220827,19,02198,5
20220827,19,03311,2
20220827,2,02112,1
20220827,2,02116,1
20220827,2,02122,1
20220827,2,02148,1
20220827,2,02159,2
20220827,2,02171,1
20220827,2,02185,1
20220827,20,02111,6
20220827,20,02112,2
20220827,20,02116,1
20220827,20,02122,2
20220827,20,02129,1
20220827,20,02139,1
20220827,20,02159,2
20220827,20,02171,12
20220827,20,02172,5
20220827,20,02179,1
20220827,20,02185,1
20220827,20,02186,1
20220827,20,02198,5
20220827,20,02199,1
20220827,20,03310,1
20220827,20,03311,2
20220827,21,02111,5
20220827,21,02112,3
20220827,21,02116,5
20220827,21,02122,5
20220827,21,02128,2
20220827,21,02129,1
20220827,21,02143,2
20220827,21,02159,3
20220827,21,02171,3
20220827,21,02172,1
20220827,21,02178,2
20220827,21,02179,7
20220827,21,02185,1
20220827,21,02186,1
20220827,21,02199,1
20220827,21,03802,2
20220827,22,02111,8
20220827,22,02112,1
20220827,22,02116,1
20220827,22,02122,2
20220827,22,02128,3
20220827,22,02129,1
20220827,22,02139,2
20220827,22,02148,2
20220827,22,02171,2
20220827,22,02172,1
20220827,22,02178,1
20220827,22,02179,1
20220827,22,02185,2
20220827,22,02186,2
20220827,22,02191,4
20220827,22,02198,2
20220827,23,02111,2
20220827,23,02112,3
20220827,23,02116,3
20220827,23,02122,4
20220827,23,02139,2
20220827,23,02148,1
20220827,23,02171,5
20220827,23,02172,1
20220827,23,02179,3
20220827,23,02186,2
20220827,23,02191,2
20220827,23,02198,1
20220827,23,03311,1
20220827,3,02185,1
20220827,3,02186,1
20220827,4,02116,3
20220827,4,02148,1
20220827,4,02171,2
20220827,4,02179,1
20220827,4,02198,2
20220827,5,02112,1
20220827,5,02191,1
20220827,6,02171,1
20220827,6,02178,1
20220827,6,02185,1
20220827,6,02191,1
20220827,7,02112,1
20220827,7,02128,1
20220827,7,02129,1
20220827,7,02171,2
20220827,7,02185,1
20220827,7,02191,1
20220827,8,02111,1
20220827,8,02112,2
20220827,8,02139,1
20220827,8,02148,1
20220827,8,02171,1
20220827,8,02185,3
20220827,8,02186,1
20220827,8,02191,2
20220827,8,02198,3
20220827,8,03310,1
20220827,8,03311,1
20220827,9,02111,1
20220827,9,02112,4
20220827,9,02128,1
20220827,9,02129,1
20220827,9,02130,1
20220827,9,02139,1
20220827,9,02172,3
20220827,9,02179,3
20220827,9,02185,1
20220827,9,02186,1
20220827,9,02191,2
20220827,9,03310,2
20220827,9,03311,2
20220828,0,02111,3
20220828,0,02112,5
20220828,0,02116,1
20220828,0,02122,2
20220828,0,02128,1
20220828,0,02139,3
20220828,0,02148,5
20220828,0,02171,2
20220828,0,02172,1
20220828,0,02178,1
20220828,0,02179,5
20220828,0,02185,2
20220828,0,02186,1
20220828,0,02191,1
20220828,0,02198,2
20220828,0,03310,1
20220828,0,03311,2
20220828,0,03802,1
20220828,1,02111,4
20220828,1,02112,2
20220828,1,02116,2
20220828,1,02139,1
20220828,1,02171,2
20220828,1,02172,1
20220828,1,02179,2
20220828,1,02185,2
20220828,1,02186,3
20220828,1,02191,2
20220828,1,02198,3
20220828,10,02111,1
20220828,10,02112,2
20220828,10,02116,1
20220828,10,02122,4
20220828,10,02128,1
20220828,10,02139,1
20220828,10,02143,4
20220828,10,02148,2
20220828,10,02159,1
20220828,10,02172,3
20220828,10,02179,1
20220828,10,02185,2
20220828,10,02186,1
20220828,10,02191,1
20220828,10,02198,2
20220828,10,03311,1
20220828,10,03802,3
20220828,11,02111,2
20220828,11,02112,4
20220828,11,02116,3
20220828,11,02122,2
20220828,11,02128,1
20220828,11,02129,1
20220828,11,02130,1
20220828,11,02148,2
20220828,11,02159,1
20220828,11,02171,2
20220828,11,02172,3
20220828,11,02179,2
20220828,11,02185,2
20220828,11,02191,2
20220828,11,02198,3
20220828,11,03310,1
20220828,11,03311,2
20220828,12,02111,1
20220828,12,02112,2
20220828,12,02116,2
20220828,12,02122,1
20220828,12,02128,2
20220828,12,02139,1
20220828,12,02143,2
20220828,12,02148,2
20220828,12,02159,3
20220828,12,02171,7
20220828,12,02172,6
20220828,12,02178,3
20220828,12,02179,2
20220828,12,02185,1
20220828,12,02186,1
20220828,12,02191,2
20220828,12,02198,4
20220828,12,03310,3
20220828,12,03311,1
20220828,13,02111,4
20220828,13,02112,1
20220828,13,02116,1
20220828,13,02122,7
20220828,13,02128,2
20220828,13,02130,2
20220828,13,02139,1
20220828,13,02143,2
20220828,13,02159,2
20220828,13,02171,2
20220828,13,02172,3
20220828,13,02178,1
20220828,13,02179,4
20220828,13,02185,1
20220828,13,02186,1
20220828,13,02191,1
20220828,13,02198,6
20220828,13,03310,1
20220828,13,03311,3
20220828,14,02111,4
20220828,14,02112,2
20220828,14,02116,1
20220828,14,02122,2
20220828,14,02128,1
20220828,14,02139,1
20220828,14,02143,2
20220828,14,02148,3
20220828,14,02159,3
20220828,14,02171,5
20220828,14,02172,5
20220828,14,02179,2
20220828,14,02185,1
20220828,14,02186,1
20220828,14,02191,2
20220828,14,03310,2
20220828,14,03311,4
20220828,14,03802,1
20220828,15,02111,3
20220828,15,02112,2
20220828,15,02116,1
20220828,15,02122,2
20220828,15,02128,3
20220828,15,02130,3
20220828,15,02139,1
20220828,15,02143,2
20220828,15,02148,4
20220828,15,02171,5
20220828,15,02172,2
20220828,15,02178,1
20220828,15,02179,1
20220828,15,02185,1
20220828,15,02191,1
20220828,15,02198,1
20220828,15,02199,1
20220828,15,03310,2
20220828,15,03311,2
20220828,15,03802,1
20220828,16,02111,3
20220828,16,02112,3
20220828,16,02116,2
20220828,16,02122,3
20220828,16,02128,3
20220828,16,02129,1
20220828,16,02130,1
20220828,16,02139,1
20220828,16,02148,3
20220828,16,02159,2
20220828,16,02171,5
20220828,16,02172,5
20220828,16,02178,4
20220828,16,02185,1
20220828,16,02186,1
20220828,16,02191,2
20220828,16,02198,1
20220828,16,03310,3
20220828,16,03311,6
20220828,16,03802,1
20220828,17,02111,4
20220828,17,02112,3
20220828,17,02116,1
20220828,17,02122,6
20220828,17,02128,1
20220828,17,02130,9
20220828,17,02139,2
20220828,17,02143,3
20220828,17,02148,6
20220828,17,02159,4
20220828,17,02171,4
20220828,17,02172,6
20220828,17,02179,6
20220828,17,02185,2
20220828,17,02186,3
20220828,17,02191,2
20220828,17,02198,2
20220828,17,02199,1
20220828,17,03310,2
20220828,17,03311,2
20220828,17,03802,6
20220828,18,02111,6
20220828,18,02112,4
20220828,18,02116,8
20220828,18,02122,4
20220828,18,02128,1
20220828,18,02129,2
20220828,18,02130,1
20220828,18,02139,3
20220828,18,02143,1
20220828,18,02148,5
20220828,18,02159,4
20220828,18,02171,4
20220828,18,02172,8
20220828,18,02179,6
20220828,18,02185,2
20220828,18,02191,6
20220828,18,03310,2
20220828,18,03311,2
20220828,19,02111,7
20220828,19,02112,10
20220828,19,02116,8
20220828,19,02122,3
20220828,19,02128,1
20220828,19,02129,3
20220828,19,02130,2
20220828,19,02139,1
20220828,19,02148,4
20220828,19,02159,4
20220828,19,02171,6
20220828,19,02172,3
20220828,19,02178,1
20220828,19,02179,4
20220828,19,02186,4
20220828,19,02191,2
20220828,19,02198,6
20220828,19,02199,1
20220828,19,03310,1
20220828,19,03311,1
20220828,19,03802,1
20220828,2,02112,1
20220828,2,02171,1
20220828,2,02179,1
20220828,2,02191,1
20220828,2,03311,1
20220828,20,02111,4
20220828,20,02112,5
20220828,20,02116,5
20220828,20,02122,3
20220828,20,02128,1
20220828,20,02129,1
20220828,20,02130,3
20220828,20,02139,2
20220828,20,02143,2
20220828,20,02148,3
20220828,20,02159,4
20220828,20,02171,5
20220828,20,02172,2
20220828,20,02178,3
20220828,20,02179,7
20220828,20,02186,3
20220828,20,02191,1
20220828,20,02198,3
20220828,20,03311,2
20220828,21,02111,5
20220828,21,02112,5
20220828,21,02116,2
20220828,21,02122,1
20220828,21,02130,1
20220828,21,02148,7
20220828,21,02159,3
20220828,21,02171,5
20220828,21,02172,1
20220828,21,02178,1
20220828,21,02179,3
20220828,21,02186,3
20220828,21,02191,2
20220828,21,02198,3
20220828,21,03310,2
20220828,22,02111,2
20220828,22,02112,4
20220828,22,02116,1
20220828,22,02122,2
20220828,22,02139,1
20220828,22,02148,1
20220828,22,02171,5
20220828,22,02172,2
20220828,22,02179,4
20220828,22,02185,2
20220828,22,02186,1
20220828,22,02191,5
20220828,22,02198,2
20220828,23,02111,1
20220828,23,02112,1
20220828,23,02116,2
20220828,23,02122,2
20220828,23,02128,2
20220828,23,02139,1
20220828,23,02143,1
20220828,23,02148,1
20220828,23,02159,1
20220828,23,02171,2
20220828,23,02172,1
20220828,23,02178,1
20220828,23,02179,1
20220828,23,02185,3
20220828,23,02186,2
20220828,23,02191,1
20220828,23,02198,4
20220828,23,02199,1
20220828,23,03311,1
20220828,3,02116,1
20220828,3,02159,2
20220828,3,02171,1
20220828,3,02172,1
20220828,4,02185,1
20220828,4,02191,1
20220828,5,02111,2
20220828,5,02129,1
20220828,5,02148,1
20220828,5,02171,1
20220828,6,02116,1
20220828,6,02148,1
20220828,6,02171,1
20220828,6,02179,1
20220828,6,02191,2
20220828,7,02111,1
20220828,7,02112,3
20220828,7,02139,1
20220828,7,02159,1
20220828,7,02171,1
20220828,7,02178,1
20220828,7,02185,1
20220828,7,02198,2
20220828,8,02111,1
20220828,8,02112,2
20220828,8,02116,1
20220828,8,02122,1
20220828,8,02129,1
20220828,8,02159,1
20220828,8,02171,3
20220828,8,02179,2
20220828,8,02185,3
20220828,8,02191,1
20220828,8,03802,1
20220828,9,02111,2
20220828,9,02112,3
20220828,9,02122,3
20220828,9,02130,1
20220828,9,02139,1
20220828,9,02148,1
20220828,9,02172,1
20220828,9,02179,2
20220828,9,02185,1
20220828,9,02186,1
20220828,9,02198,1
20220828,9,03802,3
20220829,0,02111,2
20220829,0,02112,1
20220829,0,02116,2
20220829,0,02122,1
20220829,0,02129,4
20220829,0,02139,1
20220829,0,02143,1
20220829,0,02148,1
20220829,0,02159,1
20220829,0,02171,1
20220829,0,02178,1
20220829,0,02179,2
20220829,0,02186,3
20220829,0,02191,2
20220829,0,02198,1
20220829,0,02199,1
20220829,0,03311,1
20220829,1,02111,2
20220829,1,02112,3
20220829,1,02116,2
20220829,1,02122,1
20220829,1,02129,1
20220829,1,02139,1
20220829,1,02159,1
20220829,1,02171,2
20220829,1,02185,1
20220829,1,03311,1
20220829,10,02122,1
20220829,10,02129,1
20220829,10,02139,1
20220829,10,02143,3
20220829,10,02172,1
20220829,10,02191,1
20220829,11,02129,1
20220829,11,02143,2
20220829,11,02171,1
20220829,11,03311,1
20220829,12,02122,1
20220829,12,02128,1
20220829,12,02129,1
20220829,12,02171,1
20220829,12,02178,1
20220829,12,02179,2
20220829,13,02112,2
20220829,13,02185,1
20220829,13,03311,1
20220829,13,03802,1
20220829,14,02111,3
20220829,14,02116,1
20220829,14,02122,1
20220829,14,02128,1
20220829,14,02129,1
20220829,14,02143,3
20220829,14,02171,2
20220829,14,02178,1
20220829,14,02179,1
20220829,14,02191,1
20220829,14,03311,1
20220829,15,02111,1
20220829,15,02122,1
20220829,15,02128,1
20220829,15,02129,2
20220829,15,02139,2
20220829,15,02159,1
20220829,15,02171,2
20220829,15,02172,1
20220829,15,02178,3
20220829,15,02185,1
20220829,15,02191,1
20220829,15,02198,2
20220829,15,03311,2
20220829,16,02112,1
20220829,16,02116,1
20220829,16,02122,4
20220829,16,02129,3
20220829,16,02130,1
20220829,16,02139,2
20220829,16,02143,2
20220829,16,02148,4
20220829,16,02171,4
20220829,16,02172,1
20220829,16,02178,6
20220829,16,02179,5
20220829,16,02185,3
20220829,16,02191,3
20220829,16,02198,3
20220829,16,03802,6
20220829,17,02111,6
20220829,17,02112,2
20220829,17,02116,1
20220829,17,02122,5
20220829,17,02128,1
20220829,17,02129,5
20220829,17,02139,2
20220829,17,02143,2
20220829,17,02148,5
20220829,17,02159,1
20220829,17,02171,6
20220829,17,02172,2
20220829,17,02178,4
20220829,17,02179,4
20220829,17,02185,5
20220829,17,02186,1
20220829,17,02191,3
20220829,17,02198,3
20220829,17,03311,3
20220829,17,03802,1
20220829,18,02111,7
20220829,18,02112,4
20220829,18,02116,4
20220829,18,02122,2
20220829,18,02128,1
20220829,18,02129,3
20220829,18,02130,1
20220829,18,02139,3
20220829,18,02143,1
20220829,18,02148,5
20220829,18,02159,2
20220829,18,02171,7
20220829,18,02179,5
20220829,18,02185,4
20220829,18,02191,2
20220829,18,02198,3
20220829,18,02199,1
20220829,18,03311,3
20220829,18,03802,2
20220829,19,02111,5
20220829,19,02112,7
20220829,19,02116,3
20220829,19,02122,2
20220829,19,02128,2
20220829,19,02139,3
20220829,19,02148,3
20220829,19,02159,3
20220829,19,02171,6
20220829,19,02172,1
20220829,19,02178,2
20220829,19,02179,5
20220829,19,02185,3
20220829,19,02186,2
20220829,19,02191,3
20220829,19,02198,3
20220829,19,03310,1
20220829,19,03311,6
20220829,2,02116,1
20220829,2,02122,1
20220829,2,02148,1
20220829,2,02171,1
20220829,2,02179,1
20220829,2,02186,2
20220829,2,02191,2
20220829,20,02111,4
20220829,20,02112,2
20220829,20,02116,2
20220829,20,02122,1
20220829,20,02128,2
20220829,20,02129,1
20220829,20,02139,2
20220829,20,02143,2
20220829,20,02148,2
20220829,20,02159,3
20220829,20,02171,5
20220829,20,02179,3
20220829,20,02186,3
20220829,20,02191,2
20220829,20,02198,5
20220829,20,02199,1
20220829,20,03311,4
20220829,20,03802,6
20220829,21,02111,3
20220829,21,02112,3
20220829,21,02116,11
20220829,21,02122,5
20220829,21,02128,3
20220829,21,02129,2
20220829,21,02130,2
20220829,21,02139,2
20220829,21,02143,1
20220829,21,02171,4
20220829,21,02179,7
20220829,21,02185,3
20220829,21,02186,3
20220829,21,02191,4
20220829,21,02198,3
20220829,21,03311,2
20220829,21,03802,10
20220829,22,02111,4
20220829,22,02112,2
20220829,22,02116,1
20220829,22,02128,1
20220829,22,02129,2
20220829,22,02143,1
20220829,22,02148,3
20220829,22,02159,2
20220829,22,02171,1
20220829,22,02178,1
20220829,22,02179,2
20220829,22,02185,2
20220829,22,02191,5
20220829,22,02198,1
20220829,22,02199,2
20220829,22,03311,2
20220829,23,02111,4
20220829,23,02112,3
20220829,23,02122,4
20220829,23,02128,2
20220829,23,02139,1
20220829,23,02148,4
20220829,23,02159,2
20220829,23,02171,3
20220829,23,02178,1
20220829,23,02179,2
20220829,23,02185,7
20220829,23,02186,4
20220829,23,02191,1
20220829,23,02198,3
20220829,23,03311,1
20220829,3,02112,1
20220829,3,02128,1
20220829,3,02171,1
20220829,3,02179,1
20220829,3,02186,1
20220829,3,02198,1
20220829,3,03311,1
20220829,4,02128,1
20220829,4,02129,1
20220829,4,02185,1
20220829,5,02111,1
20220829,5,02112,1
20220829,5,02122,3
20220829,5,02148,1
20220829,5,02186,1
20220829,6,02111,1
20220829,6,02122,1
20220829,6,02129,2
20220829,6,02171,1
20220829,6,02179,1
20220829,7,02148,1
20220829,7,03310,1
20220829,7,03802,2
20220829,8,02111,1
20220829,8,02128,1
20220829,8,02139,1
20220829,8,02148,1
20220829,8,02172,1
20220829,8,03802,1
20220829,9,02139,2
20220829,9,02179,1
20220829,9,02191,1
20220830,0,02111,4
20220830,0,02112,3
20220830,0,02122,4
20220830,0,02128,2
20220830,0,02171,1
20220830,0,02172,1
20220830,0,02178,4
20220830,0,02179,2
20220830,0,02186,4
20220830,0,02191,3
20220830,0,02198,3
20220830,0,03311,2
20220830,1,02111,1
20220830,1,02112,1
20220830,1,02148,1
20220830,1,02185,1
20220830,1,02191,1
20220830,1,03311,1
20220830,11,02179,1
20220830,12,02129,1
20220830,14,02129,1
20220830,14,02172,1
20220830,17,02191,1
20220830,18,02179,1
20220830,19,02122,1
20220830,19,02143,1
20220830,2,02129,1
20220830,20,02116,2
20220830,20,02128,1
20220830,20,02148,1
20220830,20,02179,1
20220830,20,03802,2
20220830,21,02111,1
20220830,21,02112,1
20220830,21,02116,1
20220830,21,02159,1
20220830,21,02171,1
20220830,21,02178,1
20220830,21,03311,2
20220830,22,02112,1
20220830,22,02122,1
20220830,22,02128,2
20220830,22,02129,2
20220830,22,02179,4
20220830,22,02186,1
20220830,22,02191,1
20220830,22,02198,1
20220830,22,03802,1
20220830,23,02128,2
20220830,23,02129,1
20220830,23,02139,1
20220830,23,02143,2
20220830,23,02179,3
20220830,23,02185,1
20220830,23,02191,3
20220830,23,02198,3
20220830,23,03311,1
20220830,6,02198,2
20220830,7,02148,1
20220830,8,02111,1
20220830,8,02128,1
20220830,8,02148,1
20220831,0,02128,1
20220831,0,02139,2
20220831,0,02159,1
20220831,0,02171,1
20220831,0,02179,2
20220831,0,02186,1
20220831,0,02191,1
20220831,0,02198,5
20220831,0,02199,1
20220831,0,03802,1
20220831,1,02111,1
20220831,1,02122,2
20220831,1,02171,2
20220831,1,02185,1
20220831,10,02111,3
20220831,10,02112,2
20220831,10,02116,3
20220831,10,02122,1
20220831,10,02128,1
20220831,10,02129,1
20220831,10,02143,1
20220831,10,02148,2
20220831,10,02159,1
20220831,10,02171,1
20220831,10,02178,3
20220831,10,02179,1
20220831,10,02185,1
20220831,10,02186,1
20220831,10,03310,3
20220831,10,03311,1
20220831,10,03802,2
20220831,11,02111,2
20220831,11,02112,1
20220831,11,02116,1
20220831,11,02122,2
20220831,11,02128,3
20220831,11,02129,2
20220831,11,02148,5
20220831,11,02159,1
20220831,11,02172,1
20220831,11,02178,2
20220831,11,02179,2
20220831,11,02185,1
20220831,11,02186,2
20220831,11,02191,2
20220831,11,02198,4
20220831,11,02199,1
20220831,11,03310,2
20220831,11,03311,2
20220831,12,02111,2
20220831,12,02116,4
20220831,12,02122,2
20220831,12,02129,1
20220831,12,02143,1
20220831,12,02148,5
20220831,12,02159,1
20220831,12,02171,2
20220831,12,02172,1
20220831,12,02179,2
20220831,12,02185,2
20220831,12,02191,3
20220831,12,02198,1
20220831,12,03310,1
20220831,12,03311,4
20220831,12,03802,1
20220831,13,02111,2
20220831,13,02116,2
20220831,13,02128,2
20220831,13,02129,2
20220831,13,02148,3
20220831,13,02159,2
20220831,13,02171,3
20220831,13,02172,1
20220831,13,02178,1
20220831,13,02179,1
20220831,13,02185,1
20220831,13,02186,2
20220831,13,02191,1
20220831,13,02198,2
20220831,13,02199,1
20220831,13,03310,2
20220831,13,03311,3
20220831,14,02111,4
20220831,14,02112,1
20220831,14,02116,3
20220831,14,02122,1
20220831,14,02128,1
20220831,14,02129,2
20220831,14,02130,1
20220831,14,02139,1
20220831,14,02148,3
20220831,14,02171,1
20220831,14,02172,1
20220831,14,02178,4
20220831,14,02179,1
20220831,14,02185,1
20220831,14,02191,3
20220831,14,03311,2
20220831,15,02111,2
20220831,15,02112,4
20220831,15,02122,1
20220831,15,02128,2
20220831,15,02130,2
20220831,15,02139,1
20220831,15,02148,1
20220831,15,02171,1
20220831,15,02172,2
20220831,15,02179,1
20220831,15,02191,5
20220831,15,03310,2
20220831,15,03311,1
20220831,16,02111,4
20220831,16,02112,2
20220831,16,02122,1
20220831,16,02128,2
20220831,16,02129,1
20220831,16,02143,3
20220831,16,02148,3
20220831,16,02159,1
20220831,16,02171,3
20220831,16,02172,3
20220831,16,02178,3
20220831,16,02185,5
20220831,16,02186,1
20220831,16,02191,3
20220831,16,03310,1
20220831,16,03311,3
20220831,16,03802,1
20220831,17,02111,4
20220831,17,02112,5
20220831,17,02116,4
20220831,17,02122,1
20220831,17,02129,3
20220831,17,02130,1
20220831,17,02139,3
20220831,17,02143,4
20220831,17,02148,6
20220831,17,02159,2
20220831,17,02171,7
20220831,17,02172,1
20220831,17,02178,3
20220831,17,02179,2
20220831,17,02185,5
20220831,17,02186,2
20220831,17,02191,5
20220831,17,02198,3
20220831,17,02199,2
20220831,17,03310,5
20220831,17,03311,3
20220831,18,02111,7
20220831,18,02112,2
20220831,18,02116,4
20220831,18,02122,4
20220831,18,02128,6
20220831,18,02129,9
20220831,18,02139,2
20220831,18,02148,3
20220831,18,02171,12
20220831,18,02178,4
20220831,18,02179,6
20220831,18,02185,7
20220831,18,02186,4
20220831,18,02191,2
20220831,18,02198,3
20220831,18,03310,2
20220831,18,03311,4
20220831,19,02111,3
20220831,19,02112,2
20220831,19,02116,5
20220831,19,02122,7
20220831,19,02128,4
20220831,19,02129,2
20220831,19,02130,2
20220831,19,02139,4
20220831,19,02148,3
20220831,19,02159,2
20220831,19,02171,8
20220831,19,02172,2
20220831,19,02178,1
20220831,19,02179,1
20220831,19,02185,1
20220831,19,02198,2
20220831,19,03311,5
20220831,19,03802,3
20220831,2,02112,3
20220831,2,02128,1
20220831,2,02148,1
20220831,2,02159,2
20220831,2,02171,3
20220831,2,02172,1
20220831,2,02185,1
20220831,2,02191,1
20220831,2,02198,1
20220831,20,02111,6
20220831,20,02112,5
20220831,20,02116,5
20220831,20,02122,5
20220831,20,02128,3
20220831,20,02130,2
20220831,20,02139,1
20220831,20,02143,4
20220831,20,02148,5
20220831,20,02159,1
20220831,20,02171,8
20220831,20,02172,2
20220831,20,02178,1
20220831,20,02179,10
20220831,20,02185,3
20220831,20,02186,7
20220831,20,02191,2
20220831,20,02198,5
20220831,20,02199,3
20220831,20,03311,5
20220831,20,03802,2
20220831,21,02111,4
20220831,21,02112,6
20220831,21,02116,4
20220831,21,02122,1
20220831,21,02128,2
20220831,21,02129,3
20220831,21,02130,2
20220831,21,02143,1
20220831,21,02148,3
20220831,21,02159,4
20220831,21,02171,4
20220831,21,02172,1
20220831,21,02179,7
20220831,21,02185,4
20220831,21,02186,2
20220831,21,02191,3
20220831,21,02198,3
20220831,21,03802,1
20220831,22,02111,3
20220831,22,02112,4
20220831,22,02116,2
20220831,22,02122,2
20220831,22,02128,2
20220831,22,02129,1
20220831,22,02130,1
20220831,22,02139,2
20220831,22,02148,4
20220831,22,02171,3
20220831,22,02172,1
20220831,22,02178,2
20220831,22,02179,6
20220831,22,02185,3
20220831,22,02191,4
20220831,22,02198,4
20220831,22,03310,1
20220831,22,03311,2
20220831,22,03802,1
20220831,23,02111,7
20220831,23,02116,3
20220831,23,02122,1
20220831,23,02128,2
20220831,23,02129,1
20220831,23,02139,3
20220831,23,02143,1
20220831,23,02159,1
20220831,23,02171,2
20220831,23,02178,1
20220831,23,02179,6
20220831,23,02186,4
20220831,23,02191,8
20220831,23,02198,3
20220831,3,02111,1
20220831,3,02171,1
20220831,3,02179,2
20220831,4,02111,1
20220831,4,02122,1
20220831,4,02185,2
20220831,4,02191,1
20220831,5,02111,1
20220831,5,02112,1
20220831,5,02116,1
20220831,5,02122,2
20220831,5,02128,1
20220831,5,02143,1
20220831,5,02191,1
20220831,5,03310,1
20220831,6,02129,1
20220831,6,02148,1
20220831,6,02171,1
20220831,6,02179,1
20220831,6,02185,1
20220831,6,02191,2
20220831,6,02198,1
20220831,6,03311,1
20220831,6,03802,1
20220831,7,02111,2
20220831,7,02112,1
20220831,7,02116,1
20220831,7,02122,2
20220831,7,02128,1
20220831,7,02129,1
20220831,7,02148,3
20220831,7,02159,1
20220831,7,02185,3
20220831,7,02191,2
20220831,7,02198,1
20220831,7,03310,1
20220831,7,03802,3
20220831,8,02111,2
20220831,8,02112,1
20220831,8,02116,1
20220831,8,02122,1
20220831,8,02128,1
20220831,8,02129,1
20220831,8,02148,2
20220831,8,02159,1
20220831,8,02171,1
20220831,8,02178,1
20220831,8,02179,2
20220831,8,02185,2
20220831,8,02191,5
20220831,8,03311,1
20220831,8,03802,2
20220831,9,02111,1
20220831,9,02112,1
20220831,9,02122,2
20220831,9,02128,2
20220831,9,02129,1
20220831,9,02139,2
20220831,9,02143,1
20220831,9,02148,1
20220831,9,02159,1
20220831,9,02171,3
20220831,9,02172,2
20220831,9,02179,2
20220831,9,02191,4
20220831,9,02199,1
20220831,9,03311,1
20220831,9,03802,4
