RENT_DATE,RENT_TIME,RENT_ID,CNT
20250301,0,02111,2
20250301,0,02122,1
20250301,0,02143,1
20250301,0,02171,4
20250301,0,02179,2
20250301,0,02199,1
20250301,0,03311,2
20250301,1,02111,3
20250301,1,02122,2
20250301,1,02128,2
20250301,1,02148,1
20250301,1,02171,3
20250301,1,02186,1
20250301,1,02199,1
20250301,1,03311,4
20250301,10,02111,4
20250301,10,02148,1
20250301,10,02171,2
20250301,10,02178,3
20250301,10,02185,2
20250301,10,02191,2
20250301,10,02198,3
20250301,10,02199,1
20250301,11,02112,1
20250301,11,02122,1
20250301,11,02128,2
20250301,11,02129,1
20250301,11,02143,3
20250301,11,02178,1
20250301,11,02179,1
20250301,11,02185,2
20250301,11,02191,2
20250301,11,03311,1
20250301,12,02111,1
20250301,12,02129,1
20250301,12,02159,1
20250301,12,02178,1
20250301,12,02179,3
20250301,12,02185,2
20250301,12,02191,1
20250301,12,02198,4
20250301,12,03310,1
20250301,13,02111,1
20250301,13,02122,1
20250301,13,02130,1
20250301,13,02139,3
20250301,13,02148,4
20250301,13,02159,2
20250301,13,02171,1
20250301,13,02179,2
20250301,13,02185,2
20250301,13,02198,1
20250301,13,03311,2
20250301,14,02111,2
20250301,14,02116,2
20250301,14,02129,2
20250301,14,02171,4
20250301,14,02172,1
20250301,14,02179,1
20250301,14,02185,4
20250301,14,02186,2
20250301,14,03311,1
20250301,15,02116,1
20250301,15,02185,2
20250301,16,02116,1
20250301,16,02148,1
20250301,16,02171,3
20250301,16,02178,1
20250301,16,02179,1
20250301,16,02191,1
20250301,16,02198,2
20250301,16,03310,2
20250301,16,03311,1
20250301,17,02111,1
20250301,17,02122,1
20250301,17,02171,1
20250301,17,02172,1
20250301,17,02178,2
20250301,17,02179,2
20250301,17,02198,1
20250301,17,03311,1
20250301,18,02111,2
20250301,18,02112,3
20250301,18,02116,2
20250301,18,02122,2
20250301,18,02139,1
20250301,18,02148,2
20250301,18,02171,2
20250301,18,02179,1
20250301,18,02185,1
20250301,18,02198,1
20250301,18,03311,2
20250301,19,02111,2
20250301,19,02116,2
20250301,19,02128,1
20250301,19,02129,1
20250301,19,02148,1
20250301,19,02178,1
20250301,19,02179,2
20250301,19,02185,1
20250301,19,02191,1
20250301,19,03311,1
20250301,19,03802,1
20250301,2,02171,1
20250301,2,02179,1
20250301,2,02198,2
20250301,20,02116,2
20250301,20,02128,1
20250301,20,02148,1
20250301,20,02179,2
20250301,20,02186,1
20250301,20,02198,1
20250301,21,02122,1
20250301,21,02130,1
20250301,21,02139,2
20250301,21,02171,1
20250301,21,02178,2
20250301,21,02185,2
20250301,21,02191,1
20250301,21,02198,1
20250301,21,03310,1
20250301,21,03311,4
20250301,22,02111,1
20250301,22,02122,1
20250301,22,02148,1
20250301,22,02171,6
20250301,22,02179,1
20250301,22,02186,3
20250301,22,02191,2
20250301,22,03311,2
20250301,23,02111,1
20250301,23,02112,2
20250301,23,02122,2
20250301,23,02128,2
20250301,23,02148,1
20250301,23,02198,1
20250301,3,02111,1
20250301,3,02116,1
20250301,3,02148,1
20250301,3,02171,1
20250301,3,02179,1
20250301,3,02186,1
20250301,4,02148,1
20250301,4,02185,1
20250301,4,02191,1
20250301,6,02185,1
20250301,7,02111,1
20250301,7,02148,1
20250301,7,02186,1
20250301,8,02148,1
20250301,8,02172,1
20250301,8,02179,1
20250301,8,02191,1
20250301,9,02122,1
20250301,9,02148,1
20250301,9,02159,1
20250301,9,02172,1
20250301,9,02179,1
20250301,9,02191,1
20250301,9,03802,1
20250302,0,02111,2
20250302,0,02112,2
20250302,0,02129,1
20250302,0,02171,2
20250302,0,02179,2
20250302,0,02186,1
20250302,0,02199,1
20250302,1,02111,1
20250302,1,02122,2
20250302,1,02128,2
20250302,1,02172,1
20250302,1,02179,2
20250302,1,02186,1
20250302,10,02111,1
20250302,10,02112,1
20250302,10,02171,1
20250302,10,02179,1
20250302,10,02185,1
20250302,10,02186,1
20250302,10,03802,1
20250302,11,02111,1
20250302,11,02112,1
20250302,11,02122,1
20250302,11,02129,1
20250302,11,02139,1
20250302,11,02143,1
20250302,11,02172,1
20250302,11,02185,1
20250302,12,02111,2
20250302,12,02112,1
20250302,12,02116,1
20250302,12,02122,1
20250302,12,02143,1
20250302,12,02148,1
20250302,12,02171,1
20250302,12,02172,3
20250302,12,02179,3
20250302,12,02198,1
20250302,12,02199,1
20250302,13,02112,1
20250302,13,02122,2
20250302,13,02129,1
20250302,13,02130,2
20250302,13,02143,1
20250302,13,02159,1
20250302,13,02171,2
20250302,13,02172,2
20250302,13,02179,4
20250302,13,02185,4
20250302,13,02191,2
20250302,13,02198,2
20250302,13,03311,1
20250302,13,03802,2
20250302,14,02111,1
20250302,14,02172,1
20250302,14,02178,3
20250302,14,02179,1
20250302,14,02198,2
20250302,14,02199,1
20250302,14,03802,1
20250302,15,02139,1
20250302,15,02186,1
20250302,19,02186,1
20250302,2,02111,1
20250302,2,02116,2
20250302,2,02171,1
20250302,2,02185,1
20250302,2,02186,1
20250302,2,02198,1
20250302,20,02185,1
20250302,21,02179,1
20250302,22,02171,1
20250302,3,02111,2
20250302,3,02143,1
20250302,3,02171,4
20250302,3,02191,1
20250302,3,02198,1
20250302,3,03310,1
20250302,4,02179,1
20250302,6,02185,1
20250302,7,02143,1
20250302,7,02191,1
20250302,8,02130,1
20250302,8,02148,1
20250302,8,02171,1
20250302,8,02191,1
20250302,9,02112,1
20250302,9,02185,2
20250302,9,02191,3
20250302,9,02199,1
20250302,9,03311,1
20250303,10,02148,1
20250303,10,02179,1
20250303,10,02185,2
20250303,10,02186,2
20250303,10,02198,3
20250303,10,03311,1
20250303,11,02111,1
20250303,11,02159,1
20250303,11,02171,2
20250303,11,02172,1
20250303,11,02185,2
20250303,11,02198,1
20250303,12,02112,1
20250303,12,02128,1
20250303,12,02129,1
20250303,12,02143,1
20250303,12,02159,1
20250303,12,02178,1
20250303,12,02179,1
20250303,12,02185,1
20250303,12,02186,1
20250303,12,02198,1
20250303,12,03311,1
20250303,13,02111,2
20250303,13,02116,1
20250303,13,02129,2
20250303,13,02148,1
20250303,13,02172,1
20250303,13,02178,1
20250303,13,02179,1
20250303,13,02185,2
20250303,13,02186,1
20250303,13,02191,2
20250303,13,02198,1
20250303,13,02199,2
20250303,13,03311,1
20250303,14,02112,1
20250303,14,02116,1
20250303,14,02122,1
20250303,14,02128,1
20250303,14,02129,1
20250303,14,02159,1
20250303,14,02171,5
20250303,14,02179,1
20250303,14,02185,1
20250303,14,02191,1
20250303,14,02198,1
20250303,14,03311,2
20250303,15,02111,2
20250303,15,02116,1
20250303,15,02128,1
20250303,15,02143,1
20250303,15,02148,1
20250303,15,02171,3
20250303,15,02178,4
20250303,15,02179,2
20250303,15,02191,1
20250303,15,02198,1
20250303,16,02116,1
20250303,16,02122,1
20250303,16,02128,1
20250303,16,02130,1
20250303,16,02139,1
20250303,16,02148,2
20250303,16,02159,2
20250303,16,02178,1
20250303,16,02186,3
20250303,16,02198,2
20250303,17,02122,2
20250303,17,02128,1
20250303,17,02139,1
20250303,17,02171,1
20250303,17,02172,2
20250303,17,02179,1
20250303,17,02186,1
20250303,17,02198,2
20250303,18,02111,3
20250303,18,02116,1
20250303,18,02128,1
20250303,18,02129,1
20250303,18,02171,1
20250303,18,02179,1
20250303,18,02185,3
20250303,18,02191,1
20250303,18,03311,1
20250303,19,02116,2
20250303,19,02122,2
20250303,19,02148,1
20250303,19,02186,2
20250303,19,02198,1
20250303,19,03311,1
20250303,20,02112,1
20250303,20,02171,2
20250303,20,02185,1
20250303,20,02186,1
20250303,20,02191,2
20250303,20,03311,2
20250303,21,02129,1
20250303,21,02143,1
20250303,21,02172,1
20250303,21,02178,1
20250303,22,02111,2
20250303,22,02122,1
20250303,22,02128,1
20250303,22,02148,1
20250303,22,02171,5
20250303,22,02178,1
20250303,22,02191,1
20250303,22,03311,2
20250303,23,02128,2
20250303,23,02179,1
20250303,23,02186,1
20250303,23,02199,1
20250303,8,02179,1
20250303,9,02129,1
20250303,9,02139,1
20250304,0,02111,1
20250304,0,02112,2
20250304,0,02116,2
20250304,0,02129,1
20250304,0,02179,1
20250304,0,02198,1
20250304,1,02171,1
20250304,1,02198,1
20250304,10,02111,1
20250304,11,02130,1
20250304,12,02111,1
20250304,12,02171,2
20250304,12,02178,1
20250304,13,02111,1
20250304,14,02148,1
20250304,14,02172,1
20250304,14,03311,2
20250304,16,02128,1
20250304,16,02171,2
20250304,16,02172,1
20250304,16,02191,1
20250304,16,03311,2
20250304,17,02111,1
20250304,17,02122,1
20250304,17,02128,1
20250304,17,02129,2
20250304,17,02171,1
20250304,17,02178,2
20250304,17,02185,1
20250304,17,02186,1
20250304,17,03311,1
20250304,18,02111,1
20250304,18,02122,1
20250304,18,02128,2
20250304,18,02129,2
20250304,18,02130,2
20250304,18,02139,1
20250304,18,02148,1
20250304,18,02171,2
20250304,18,02172,1
20250304,18,02178,1
20250304,18,02179,2
20250304,18,02185,1
20250304,18,02191,1
20250304,18,03311,1
20250304,19,02111,3
20250304,19,02116,1
20250304,19,02129,1
20250304,19,02139,2
20250304,19,02148,2
20250304,19,02172,1
20250304,19,02186,1
20250304,19,03311,2
20250304,19,03802,1
20250304,2,02129,1
20250304,2,02171,1
20250304,2,02185,1
20250304,20,02111,1
20250304,20,02112,1
20250304,20,02122,1
20250304,20,02171,3
20250304,20,02179,2
20250304,20,02185,1
20250304,20,02186,2
20250304,20,02199,1
20250304,20,03311,1
20250304,20,03802,2
20250304,21,02111,2
20250304,21,02122,1
20250304,21,02128,1
20250304,21,02130,1
20250304,21,02139,1
20250304,21,02148,1
20250304,21,02171,2
20250304,21,02178,1
20250304,21,02179,1
20250304,21,03802,3
20250304,22,02112,1
20250304,22,02128,1
20250304,22,02171,1
20250304,22,02178,1
20250304,22,02185,1
20250304,22,02186,2
20250304,22,03311,1
20250304,23,02116,1
20250304,23,02128,1
20250304,23,02129,1
20250304,23,02171,1
20250304,23,02178,1
20250304,23,02179,1
20250304,23,02198,1
20250304,23,03311,2
20250304,5,02112,1
20250304,5,02179,1
20250304,5,02186,2
20250304,6,02116,1
20250304,6,02122,1
20250304,6,02159,1
20250304,6,02198,1
20250304,6,03802,2
20250304,7,02112,1
20250304,7,02116,1
20250304,7,02139,1
20250304,7,02148,1
20250304,7,02159,1
20250304,7,02179,2
20250304,7,02185,3
20250304,7,02186,1
20250304,7,02191,1
20250304,7,03311,1
20250304,7,03802,2
20250304,8,02111,1
20250304,8,02122,1
20250304,8,02130,1
20250304,8,02139,2
20250304,8,02143,1
20250304,8,02179,3
20250304,8,02185,2
20250304,8,02186,1
20250304,8,02191,3
20250304,8,02198,1
20250304,8,03802,1
20250304,9,02111,1
20250304,9,02139,1
20250304,9,02185,1
20250304,9,02191,1
20250305,0,02128,1
20250305,0,02148,1
20250305,0,02171,1
20250305,0,02172,1
20250305,0,02198,1
20250305,1,02129,1
20250305,1,02178,2
20250305,1,02185,1
20250305,10,02111,2
20250305,10,02128,1
20250305,10,02148,1
20250305,10,02179,1
20250305,10,02185,1
20250305,10,02186,2
20250305,10,02191,2
20250305,10,02199,1
20250305,10,03311,1
20250305,10,03802,1
20250305,11,02111,2
20250305,11,02130,1
20250305,11,02148,1
20250305,11,02178,1
20250305,11,02179,1
20250305,11,02198,1
20250305,11,03802,4
20250305,12,02111,1
20250305,12,02112,1
20250305,12,02116,1
20250305,12,02122,1
20250305,12,02128,1
20250305,12,02143,1
20250305,12,02159,1
20250305,12,02171,2
20250305,12,02172,1
20250305,12,02179,1
20250305,12,02185,3
20250305,12,02186,1
20250305,12,02191,1
20250305,12,02199,1
20250305,12,03311,1
20250305,13,02111,2
20250305,13,02112,1
20250305,13,02116,1
20250305,13,02171,1
20250305,13,02172,1
20250305,13,02185,1
20250305,13,02186,1
20250305,13,03311,2
20250305,14,02111,1
20250305,14,02116,2
20250305,14,02122,1
20250305,14,02128,1
20250305,14,02148,2
20250305,14,02172,2
20250305,14,02191,2
20250305,14,03311,2
20250305,15,02111,3
20250305,15,02116,1
20250305,15,02122,1
20250305,15,02128,3
20250305,15,02129,2
20250305,15,02171,3
20250305,15,02179,1
20250305,16,02111,3
20250305,16,02112,1
20250305,16,02171,2
20250305,16,02172,1
20250305,16,02178,1
20250305,16,02179,2
20250305,16,02185,1
20250305,16,02191,1
20250305,16,02198,1
20250305,16,03311,1
20250305,16,03802,1
20250305,17,02111,1
20250305,17,02112,2
20250305,17,02129,4
20250305,17,02148,3
20250305,17,02159,1
20250305,17,02171,2
20250305,17,02178,2
20250305,17,02186,1
20250305,17,02191,3
20250305,17,02198,1
20250305,17,03311,2
20250305,18,02111,1
20250305,18,02112,3
20250305,18,02116,1
20250305,18,02128,1
20250305,18,02129,4
20250305,18,02139,1
20250305,18,02143,2
20250305,18,02148,1
20250305,18,02171,3
20250305,18,02178,1
20250305,18,02179,2
20250305,18,02185,2
20250305,18,02191,3
20250305,18,02199,3
20250305,18,03311,1
20250305,19,02111,2
20250305,19,02112,2
20250305,19,02116,1
20250305,19,02128,2
20250305,19,02129,1
20250305,19,02148,2
20250305,19,02171,2
20250305,19,02178,5
20250305,19,02179,2
20250305,19,02191,1
20250305,19,03311,2
20250305,19,03802,1
20250305,2,02112,1
20250305,2,02122,2
20250305,20,02111,2
20250305,20,02112,1
20250305,20,02122,1
20250305,20,02130,2
20250305,20,02148,3
20250305,20,02159,1
20250305,20,02171,1
20250305,20,02178,1
20250305,20,02179,3
20250305,20,02186,4
20250305,20,03311,1
20250305,20,03802,2
20250305,21,02111,1
20250305,21,02116,1
20250305,21,02122,2
20250305,21,02128,3
20250305,21,02178,3
20250305,21,02179,1
20250305,21,02185,1
20250305,21,02191,1
20250305,21,03311,2
20250305,22,02112,2
20250305,22,02122,1
20250305,22,02129,1
20250305,22,02130,4
20250305,22,02148,1
20250305,22,02172,1
20250305,22,02185,1
20250305,22,02198,2
20250305,23,02111,2
20250305,23,02122,1
20250305,23,02128,1
20250305,23,02171,3
20250305,23,02172,1
20250305,23,02178,1
20250305,23,02179,2
20250305,23,02186,1
20250305,23,02198,1
20250305,23,03311,4
20250305,3,02185,2
20250305,3,02191,3
20250305,4,02179,1
20250305,4,02191,1
20250305,5,02112,1
20250305,5,02116,1
20250305,5,02122,2
20250305,5,02128,1
20250305,5,02179,1
20250305,5,02186,1
20250305,5,03311,1
20250305,6,02111,2
20250305,6,02122,1
20250305,6,02148,1
20250305,6,02159,1
20250305,6,03802,1
20250305,7,02112,1
20250305,7,02116,1
20250305,7,02139,1
20250305,7,02143,1
20250305,7,02148,1
20250305,7,02171,2
20250305,7,02179,2
20250305,7,02185,3
20250305,7,02186,1
20250305,7,02191,2
20250305,7,02198,1
20250305,7,03802,6
20250305,8,02112,1
20250305,8,02122,1
20250305,8,02128,1
20250305,8,02130,1
20250305,8,02143,1
20250305,8,02148,1
20250305,8,02172,1
20250305,8,02179,2
20250305,8,02185,2
20250305,8,02191,1
20250305,8,02198,1
20250305,8,03311,1
20250305,8,03802,4
20250305,9,02111,3
20250305,9,02112,1
20250305,9,02122,1
20250305,9,02128,1
20250305,9,02129,1
20250305,9,02143,1
20250305,9,02148,1
20250305,9,02171,1
20250305,9,02172,1
20250305,9,02185,1
20250305,9,02186,1
20250305,9,02191,2
20250305,9,02198,2
20250305,9,03311,1
20250305,9,03802,1
20250306,0,02112,1
20250306,0,02130,1
20250306,0,02139,1
20250306,0,02171,1
20250306,0,02179,1
20250306,1,02111,1
20250306,1,02116,2
20250306,1,02128,1
20250306,1,02143,1
20250306,1,02171,3
20250306,1,02172,2
20250306,1,03311,2
20250306,10,02111,3
20250306,10,02128,1
20250306,10,02148,1
20250306,10,02185,2
20250306,10,02186,2
20250306,10,02191,1
20250306,11,02111,3
20250306,11,02122,1
20250306,11,02130,1
20250306,11,02143,2
20250306,11,02148,1
20250306,11,02171,1
20250306,11,02172,1
20250306,11,02185,2
20250306,11,02191,1
20250306,11,02199,1
20250306,11,03311,2
20250306,12,02116,2
20250306,12,02122,1
20250306,12,02129,1
20250306,12,02148,1
20250306,12,02172,1
20250306,12,02179,1
20250306,12,02185,2
20250306,12,02191,2
20250306,12,02198,1
20250306,12,03311,1
20250306,12,03802,2
20250306,13,02111,1
20250306,13,02116,1
20250306,13,02148,2
20250306,13,02178,2
20250306,13,02179,1
20250306,13,02186,1
20250306,13,02191,1
20250306,13,02198,1
20250306,13,02199,1
20250306,13,03311,1
20250306,14,02116,2
20250306,14,02130,1
20250306,14,02139,1
20250306,14,02143,1
20250306,14,02171,2
20250306,14,02172,2
20250306,14,02185,2
20250306,14,02191,1
20250306,14,02198,2
20250306,14,03311,2
20250306,14,03802,1
20250306,15,02111,1
20250306,15,02112,2
20250306,15,02116,1
20250306,15,02171,2
20250306,15,02172,1
20250306,15,02178,1
20250306,15,02186,1
20250306,15,02191,1
20250306,15,02198,1
20250306,15,03311,1
20250306,16,02112,1
20250306,16,02122,2
20250306,16,02129,1
20250306,16,02130,1
20250306,16,02148,1
20250306,16,02171,1
20250306,16,02172,1
20250306,16,02178,3
20250306,16,02179,1
20250306,16,02185,1
20250306,16,02191,1
20250306,16,02198,1
20250306,16,03310,2
20250306,16,03311,1
20250306,17,02112,1
20250306,17,02116,1
20250306,17,02122,1
20250306,17,02129,1
20250306,17,02130,1
20250306,17,02139,1
20250306,17,02143,2
20250306,17,02171,1
20250306,17,02172,1
20250306,17,02178,1
20250306,17,02179,3
20250306,17,02185,1
20250306,17,02186,1
20250306,17,02198,1
20250306,17,02199,1
20250306,17,03310,1
20250306,17,03311,1
20250306,17,03802,1
20250306,18,02111,3
20250306,18,02112,3
20250306,18,02116,1
20250306,18,02128,1
20250306,18,02129,3
20250306,18,02130,2
20250306,18,02139,1
20250306,18,02143,1
20250306,18,02148,2
20250306,18,02159,2
20250306,18,02171,4
20250306,18,02172,3
20250306,18,02185,3
20250306,18,02186,1
20250306,18,02191,1
20250306,18,02198,2
20250306,18,02199,1
20250306,18,03310,4
20250306,18,03311,3
20250306,19,02111,3
20250306,19,02112,1
20250306,19,02116,3
20250306,19,02139,1
20250306,19,02171,2
20250306,19,02172,1
20250306,19,02178,1
20250306,19,02191,2
20250306,19,02198,1
20250306,19,03310,1
20250306,19,03311,2
20250306,19,03802,2
20250306,2,02111,1
20250306,2,02128,1
20250306,2,02171,1
20250306,2,02191,1
20250306,20,02111,3
20250306,20,02116,1
20250306,20,02122,1
20250306,20,02128,2
20250306,20,02148,2
20250306,20,02159,1
20250306,20,02171,5
20250306,20,02179,1
20250306,20,02185,2
20250306,20,02186,1
20250306,20,02198,3
20250306,20,03310,1
20250306,20,03802,2
20250306,21,02122,2
20250306,21,02129,1
20250306,21,02143,2
20250306,21,02148,1
20250306,21,02171,2
20250306,21,02172,1
20250306,21,02178,2
20250306,21,02179,1
20250306,21,02185,1
20250306,21,02191,1
20250306,21,02198,2
20250306,21,03802,3
20250306,22,02112,1
20250306,22,02116,1
20250306,22,02143,1
20250306,22,02159,1
20250306,22,02171,2
20250306,22,02172,1
20250306,22,02179,2
20250306,22,02186,2
20250306,22,02198,1
20250306,22,03310,1
20250306,22,03311,2
20250306,23,02111,2
20250306,23,02116,1
20250306,23,02128,2
20250306,23,02171,1
20250306,23,02179,3
20250306,23,02186,1
20250306,23,02198,1
20250306,23,02199,1
20250306,23,03311,2
20250306,3,03311,1
20250306,4,02171,1
20250306,5,02122,2
20250306,5,02128,1
20250306,5,02179,1
20250306,5,02186,2
20250306,6,02111,1
20250306,6,02116,1
20250306,6,02122,1
20250306,6,02139,1
20250306,6,02148,1
20250306,6,02185,1
20250306,6,02191,1
20250306,6,03310,1
20250306,6,03802,2
20250306,7,02139,1
20250306,7,02143,1
20250306,7,02185,3
20250306,7,02186,2
20250306,7,02191,2
20250306,7,02198,1
20250306,7,03802,1
20250306,8,02112,1
20250306,8,02122,1
20250306,8,02128,1
20250306,8,02139,1
20250306,8,02171,2
20250306,8,02172,1
20250306,8,02179,4
20250306,8,02185,6
20250306,8,02191,2
20250306,8,02198,1
20250306,8,03311,1
20250306,8,03802,3
20250306,9,02116,1
20250306,9,02122,1
20250306,9,02128,1
20250306,9,02148,1
20250306,9,02171,1
20250306,9,02179,2
20250306,9,02185,1
20250306,9,02191,1
20250306,9,03310,1
20250306,9,03311,1
20250307,0,02111,3
20250307,0,02116,1
20250307,0,02128,1
20250307,0,02171,2
20250307,0,02172,1
20250307,0,02179,1
20250307,0,02186,1
20250307,0,02198,1
20250307,1,02111,2
20250307,1,02116,1
20250307,1,02139,1
20250307,1,02171,2
20250307,1,02172,1
20250307,10,02111,3
20250307,10,02171,2
20250307,10,02185,1
20250307,10,02186,1
20250307,10,03310,1
20250307,10,03311,1
20250307,10,03802,1
20250307,11,02116,1
20250307,11,02128,1
20250307,11,02130,1
20250307,11,02148,1
20250307,11,02159,2
20250307,11,02171,1
20250307,11,02172,1
20250307,11,02179,1
20250307,11,02185,1
20250307,11,02191,1
20250307,11,02198,1
20250307,11,02199,1
20250307,11,03802,1
20250307,12,02111,1
20250307,12,02116,1
20250307,12,02129,1
20250307,12,02139,1
20250307,12,02143,1
20250307,12,02159,1
20250307,12,02178,5
20250307,12,02179,1
20250307,12,02185,1
20250307,12,03311,2
20250307,12,03802,2
20250307,13,02111,2
20250307,13,02112,1
20250307,13,02139,1
20250307,13,02143,1
20250307,13,02148,3
20250307,13,02171,1
20250307,13,02186,1
20250307,13,02198,1
20250307,13,03311,2
20250307,14,02111,1
20250307,14,02116,1
20250307,14,02128,2
20250307,14,02129,2
20250307,14,02130,1
20250307,14,02139,3
20250307,14,02143,4
20250307,14,02148,1
20250307,14,02159,1
20250307,14,02171,4
20250307,14,02179,1
20250307,14,02185,2
20250307,14,02198,1
20250307,14,03311,1
20250307,15,02111,2
20250307,15,02112,2
20250307,15,02116,2
20250307,15,02122,2
20250307,15,02148,2
20250307,15,02159,1
20250307,15,02171,3
20250307,15,02178,1
20250307,15,02179,2
20250307,15,02198,2
20250307,15,02199,1
20250307,15,03311,1
20250307,16,02111,2
20250307,16,02112,1
20250307,16,02122,2
20250307,16,02139,1
20250307,16,02143,1
20250307,16,02171,1
20250307,16,02172,1
20250307,16,02185,1
20250307,16,02191,3
20250307,16,02198,1
20250307,16,03311,1
20250307,17,02111,2
20250307,17,02128,1
20250307,17,02129,1
20250307,17,02139,1
20250307,17,02148,1
20250307,17,02171,3
20250307,17,02179,2
20250307,17,02185,2
20250307,17,02198,1
20250307,17,02199,3
20250307,17,03311,2
20250307,18,02111,4
20250307,18,02116,1
20250307,18,02122,4
20250307,18,02128,1
20250307,18,02130,1
20250307,18,02148,6
20250307,18,02159,1
20250307,18,02171,4
20250307,18,02172,1
20250307,18,02178,1
20250307,18,02179,1
20250307,18,02185,1
20250307,18,02191,1
20250307,18,02198,1
20250307,18,02199,2
20250307,18,03310,1
20250307,18,03311,1
20250307,18,03802,1
20250307,19,02111,2
20250307,19,02112,3
20250307,19,02122,1
20250307,19,02128,2
20250307,19,02143,1
20250307,19,02148,1
20250307,19,02171,1
20250307,19,02179,3
20250307,19,02185,2
20250307,19,02186,1
20250307,19,02191,3
20250307,19,02198,1
20250307,19,02199,1
20250307,19,03310,1
20250307,19,03311,2
20250307,2,02111,1
20250307,2,02139,1
20250307,2,03311,1
20250307,20,02111,2
20250307,20,02112,3
20250307,20,02116,3
20250307,20,02122,2
20250307,20,02148,2
20250307,20,02171,1
20250307,20,02178,1
20250307,20,02186,2
20250307,20,02191,1
20250307,20,02198,1
20250307,20,02199,2
20250307,20,03311,2
20250307,20,03802,1
20250307,21,02111,1
20250307,21,02116,1
20250307,21,02122,2
20250307,21,02130,2
20250307,21,02172,1
20250307,21,02178,1
20250307,21,02185,1
20250307,21,02186,1
20250307,21,02198,1
20250307,21,03311,3
20250307,21,03802,2
20250307,22,02112,1
20250307,22,02116,1
20250307,22,02122,4
20250307,22,02148,1
20250307,22,02171,2
20250307,22,02178,1
20250307,22,02179,1
20250307,22,02186,1
20250307,22,03802,2
20250307,23,02111,1
20250307,23,02112,1
20250307,23,02116,1
20250307,23,02122,1
20250307,23,02128,1
20250307,23,02148,1
20250307,23,02171,1
20250307,23,02179,1
20250307,23,02198,1
20250307,3,02185,1
20250307,4,02122,1
20250307,4,02185,2
20250307,5,02112,1
20250307,5,02116,1
20250307,5,02186,1
20250307,6,02111,2
20250307,6,02116,1
20250307,6,02122,1
20250307,6,02128,1
20250307,6,02139,1
20250307,6,02148,1
20250307,6,03310,1
20250307,7,02111,1
20250307,7,02112,1
20250307,7,02129,1
20250307,7,02139,3
20250307,7,02148,2
20250307,7,02171,1
20250307,7,02185,1
20250307,7,02191,3
20250307,7,02198,2
20250307,7,03310,2
20250307,7,03311,1
20250307,7,03802,4
20250307,8,02111,1
20250307,8,02112,1
20250307,8,02122,2
20250307,8,02139,2
20250307,8,02148,2
20250307,8,02171,2
20250307,8,02179,2
20250307,8,02185,4
20250307,8,02191,3
20250307,8,03310,1
20250307,8,03802,4
20250307,9,02111,1
20250307,9,02112,1
20250307,9,02128,1
20250307,9,02148,1
20250307,9,02171,2
20250307,9,02179,2
20250307,9,02185,1
20250307,9,02191,1
20250307,9,02199,1
20250307,9,03310,1
20250307,9,03311,4
20250308,0,02111,2
20250308,0,02112,1
20250308,0,02148,1
20250308,0,02171,2
20250308,0,02179,1
20250308,0,02186,1
20250308,0,02198,1
20250308,0,02199,1
20250308,0,03311,2
20250308,1,02111,1
20250308,1,02116,2
20250308,1,02128,1
20250308,1,02129,1
20250308,1,02171,3
20250308,1,02179,1
20250308,1,02191,1
20250308,10,02111,1
20250308,10,02122,2
20250308,10,02128,1
20250308,10,02148,1
20250308,10,02171,2
20250308,10,02178,1
20250308,10,02185,2
20250308,10,02198,2
20250308,10,03311,1
20250308,11,02111,3
20250308,11,02112,1
20250308,11,02122,3
20250308,11,02128,1
20250308,11,02130,1
20250308,11,02139,2
20250308,11,02159,1
20250308,11,02171,1
20250308,11,02178,1
20250308,11,02185,1
20250308,11,02191,2
20250308,11,02198,1
20250308,11,03802,1
20250308,12,02111,1
20250308,12,02112,1
20250308,12,02116,1
20250308,12,02122,2
20250308,12,02128,1
20250308,12,02129,1
20250308,12,02143,1
20250308,12,02148,3
20250308,12,02159,1
20250308,12,02171,1
20250308,12,02178,1
20250308,12,02185,2
20250308,12,02198,1
20250308,13,02111,2
20250308,13,02122,2
20250308,13,02128,1
20250308,13,02130,3
20250308,13,02148,1
20250308,13,02172,4
20250308,13,02185,1
20250308,13,02198,2
20250308,13,03311,1
20250308,13,03802,1
20250308,14,02111,3
20250308,14,02112,1
20250308,14,02139,2
20250308,14,02143,1
20250308,14,02148,1
20250308,14,02159,2
20250308,14,02171,2
20250308,14,02178,1
20250308,14,02179,1
20250308,14,02185,1
20250308,14,02191,2
20250308,15,02111,3
20250308,15,02116,1
20250308,15,02122,4
20250308,15,02128,1
20250308,15,02130,5
20250308,15,02148,2
20250308,15,02171,2
20250308,15,02172,1
20250308,15,02179,2
20250308,15,02185,2
20250308,15,02186,2
20250308,15,02191,1
20250308,15,02198,1
20250308,15,03311,3
20250308,15,03802,1
20250308,16,02111,2
20250308,16,02112,1
20250308,16,02122,4
20250308,16,02143,1
20250308,16,02159,1
20250308,16,02172,9
20250308,16,02178,3
20250308,16,02179,2
20250308,16,02185,2
20250308,16,02198,1
20250308,17,02116,1
20250308,17,02122,2
20250308,17,02129,5
20250308,17,02139,3
20250308,17,02148,1
20250308,17,02159,1
20250308,17,02171,3
20250308,17,02172,1
20250308,17,02178,1
20250308,17,02179,1
20250308,17,02185,5
20250308,17,02186,1
20250308,17,02198,2
20250308,17,03311,2
20250308,17,03802,2
20250308,18,02111,2
20250308,18,02122,2
20250308,18,02171,2
20250308,18,02179,2
20250308,18,02185,1
20250308,18,02191,1
20250308,18,02198,1
20250308,18,02199,1
20250308,18,03310,2
20250308,18,03311,1
20250308,18,03802,3
20250308,19,02116,1
20250308,19,02122,1
20250308,19,02128,3
20250308,19,02129,1
20250308,19,02148,1
20250308,19,02171,7
20250308,19,02172,2
20250308,19,02178,1
20250308,19,02185,1
20250308,19,02191,2
20250308,19,02198,2
20250308,2,02111,1
20250308,2,02122,1
20250308,2,02129,1
20250308,2,02159,1
20250308,2,02171,3
20250308,2,02179,1
20250308,2,02191,1
20250308,2,02198,1
20250308,20,02112,3
20250308,20,02122,1
20250308,20,02129,1
20250308,20,02148,1
20250308,20,02171,2
20250308,20,02178,1
20250308,20,02179,1
20250308,20,02185,3
20250308,21,02111,1
20250308,21,02112,2
20250308,21,02116,1
20250308,21,02128,1
20250308,21,02159,1
20250308,21,02178,2
20250308,21,02186,1
20250308,21,02191,1
20250308,21,03311,2
20250308,21,03802,1
20250308,22,02112,3
20250308,22,02128,2
20250308,22,02139,1
20250308,22,02148,1
20250308,22,02171,2
20250308,22,02178,1
20250308,22,02186,1
20250308,22,02199,1
20250308,22,03311,1
20250308,23,02112,2
20250308,23,02122,1
20250308,23,02128,1
20250308,23,02139,1
20250308,23,02159,1
20250308,23,02171,1
20250308,23,02179,4
20250308,23,02186,1
20250308,3,02111,2
20250308,3,02129,1
20250308,3,02159,1
20250308,3,02186,1
20250308,4,02128,1
20250308,4,02148,1
20250308,4,02171,1
20250308,5,02112,1
20250308,5,02179,1
20250308,5,02186,1
20250308,6,02179,1
20250308,6,02185,1
20250308,7,02111,1
20250308,7,02185,1
20250308,8,02143,1
20250308,8,02171,1
20250308,8,02185,1
20250308,8,02198,1
20250308,9,02111,1
20250308,9,02112,2
20250308,9,02116,1
20250308,9,02148,3
20250308,9,02178,1
20250308,9,02185,1
20250308,9,02186,1
20250308,9,02199,1
20250309,0,02111,5
20250309,0,02112,1
20250309,0,02171,4
20250309,0,02179,1
20250309,1,02111,1
20250309,1,02179,1
20250309,1,02198,1
20250309,10,02122,1
20250309,10,02129,2
20250309,10,02139,2
20250309,10,02143,1
20250309,10,02148,1
20250309,10,02171,2
20250309,10,02172,2
20250309,10,02185,4
20250309,10,03311,1
20250309,11,02111,1
20250309,11,02112,1
20250309,11,02130,1
20250309,11,02139,1
20250309,11,02172,1
20250309,11,02178,1
20250309,11,02179,1
20250309,11,02185,1
20250309,11,02191,1
20250309,12,02111,3
20250309,12,02112,2
20250309,12,02122,1
20250309,12,02129,1
20250309,12,02139,1
20250309,12,02148,2
20250309,12,02159,1
20250309,12,02171,2
20250309,12,02172,2
20250309,12,02179,1
20250309,12,02185,1
20250309,12,02191,1
20250309,12,02198,1
20250309,13,02111,4
20250309,13,02112,2
20250309,13,02122,3
20250309,13,02129,3
20250309,13,02139,1
20250309,13,02148,3
20250309,13,02171,1
20250309,13,02172,3
20250309,13,02179,2
20250309,13,02185,2
20250309,13,02186,1
20250309,13,02191,2
20250309,13,02198,2
20250309,13,03802,1
20250309,14,02111,3
20250309,14,02112,2
20250309,14,02143,1
20250309,14,02171,3
20250309,14,02172,3
20250309,14,02178,1
20250309,14,02179,4
20250309,14,02185,2
20250309,14,02198,1
20250309,14,03311,4
20250309,14,03802,2
20250309,15,02112,1
20250309,15,02116,1
20250309,15,02122,3
20250309,15,02128,2
20250309,15,02129,3
20250309,15,02139,1
20250309,15,02148,1
20250309,15,02171,1
20250309,15,02172,2
20250309,15,02178,3
20250309,15,02179,3
20250309,15,02185,1
20250309,15,02186,2
20250309,15,02191,5
20250309,15,02198,2
20250309,15,02199,1
20250309,15,03311,1
20250309,15,03802,2
20250309,16,02111,1
20250309,16,02112,4
20250309,16,02116,2
20250309,16,02122,4
20250309,16,02128,1
20250309,16,02129,1
20250309,16,02139,2
20250309,16,02143,2
20250309,16,02148,1
20250309,16,02159,2
20250309,16,02171,3
20250309,16,02172,3
20250309,16,02178,2
20250309,16,02179,2
20250309,16,02185,1
20250309,16,02186,1
20250309,16,02191,2
20250309,16,02198,2
20250309,16,03311,1
20250309,17,02111,3
20250309,17,02116,2
20250309,17,02122,1
20250309,17,02139,2
20250309,17,02143,1
20250309,17,02171,1
20250309,17,02179,1
20250309,17,02185,5
20250309,17,02186,1
20250309,17,02198,2
20250309,17,02199,1
20250309,17,03311,3
20250309,17,03802,1
20250309,18,02111,1
20250309,18,02112,1
20250309,18,02116,1
20250309,18,02122,2
20250309,18,02128,1
20250309,18,02139,1
20250309,18,02171,7
20250309,18,02178,5
20250309,18,02179,2
20250309,18,02186,1
20250309,18,02191,1
20250309,18,02198,2
20250309,18,03802,1
20250309,19,02111,1
20250309,19,02112,1
20250309,19,02116,1
20250309,19,02143,1
20250309,19,02171,2
20250309,19,02178,4
20250309,19,02179,1
20250309,19,02185,1
20250309,19,02191,1
20250309,19,03311,1
20250309,2,02111,1
20250309,2,02128,1
20250309,2,02139,1
20250309,2,02178,1
20250309,2,02191,1
20250309,2,02198,1
20250309,20,02111,3
20250309,20,02112,1
20250309,20,02122,1
20250309,20,02128,1
20250309,20,02129,1
20250309,20,02143,1
20250309,20,02148,2
20250309,20,02179,1
20250309,20,02185,1
20250309,20,03311,1
20250309,20,03802,1
20250309,21,02111,2
20250309,21,02112,1
20250309,21,02116,3
20250309,21,02128,2
20250309,21,02178,3
20250309,21,02185,1
20250309,21,02186,1
20250309,21,02191,1
20250309,21,02198,1
20250309,22,02112,1
20250309,22,02116,1
20250309,22,02122,3
20250309,22,02143,1
20250309,22,02159,1
20250309,22,02171,1
20250309,22,02179,1
20250309,22,02198,2
20250309,22,02199,1
20250309,22,03311,2
20250309,23,02111,1
20250309,23,02139,1
20250309,23,02143,1
20250309,23,02171,1
20250309,23,02178,2
20250309,23,02186,2
20250309,3,02129,1
20250309,3,02171,2
20250309,3,02185,1
20250309,4,02185,2
20250309,4,02198,1
20250309,6,02185,1
20250309,7,02129,1
20250309,7,02185,1
20250309,7,02186,1
20250309,7,03802,1
20250309,8,02139,1
20250309,8,02171,1
20250309,8,02178,1
20250309,8,02186,2
20250309,9,02116,2
20250309,9,02148,1
20250309,9,02178,2
20250309,9,02186,1
20250309,9,02198,2
20250309,9,02199,1
20250309,9,03311,1
20250310,0,02111,2
20250310,0,02112,2
20250310,0,02171,2
20250310,0,02178,1
20250310,0,02179,2
20250310,0,03311,1
20250310,1,02148,1
20250310,1,02171,1
20250310,1,02186,1
20250310,1,02198,1
20250310,10,02112,2
20250310,10,02116,1
20250310,10,02128,1
20250310,10,02129,2
20250310,10,02148,1
20250310,10,02172,1
20250310,10,02185,1
20250310,10,02186,2
20250310,10,02191,1
20250310,10,03311,2
20250310,10,03802,1
20250310,11,02111,1
20250310,11,02122,1
20250310,11,02128,1
20250310,11,02129,1
20250310,11,02130,1
20250310,11,02148,1
20250310,11,02171,1
20250310,11,02172,1
20250310,11,02185,1
20250310,11,02186,2
20250310,11,02191,2
20250310,11,02198,3
20250310,11,03311,2
20250310,11,03802,4
20250310,12,02111,2
20250310,12,02112,2
20250310,12,02116,1
20250310,12,02122,3
20250310,12,02148,1
20250310,12,02179,3
20250310,12,02185,2
20250310,12,02186,3
20250310,13,02111,2
20250310,13,02116,1
20250310,13,02143,2
20250310,13,02148,2
20250310,13,02159,1
20250310,13,02171,1
20250310,13,02172,1
20250310,13,02191,2
20250310,13,02198,2
20250310,13,03311,2
20250310,14,02116,1
20250310,14,02122,1
20250310,14,02139,1
20250310,14,02159,1
20250310,14,02178,1
20250310,14,02179,1
20250310,14,02186,1
20250310,14,02198,4
20250310,14,03311,1
20250310,14,03802,1
20250310,15,02111,1
20250310,15,02112,1
20250310,15,02122,1
20250310,15,02128,1
20250310,15,02129,2
20250310,15,02139,1
20250310,15,02171,3
20250310,15,02172,1
20250310,15,02178,2
20250310,15,03311,1
20250310,15,03802,1
20250310,16,02111,1
20250310,16,02122,2
20250310,16,02171,1
20250310,16,02178,4
20250310,16,02185,1
20250310,16,03311,1
20250310,17,02112,2
20250310,17,02116,2
20250310,17,02128,2
20250310,17,02139,1
20250310,17,02148,1
20250310,17,02171,1
20250310,17,02178,3
20250310,17,02185,3
20250310,17,02186,3
20250310,17,02191,2
20250310,17,02198,1
20250310,17,03311,4
20250310,18,02111,2
20250310,18,02112,2
20250310,18,02116,2
20250310,18,02122,3
20250310,18,02128,5
20250310,18,02139,1
20250310,18,02148,4
20250310,18,02171,7
20250310,18,02172,3
20250310,18,02178,1
20250310,18,02179,2
20250310,18,02185,1
20250310,18,02186,1
20250310,18,02191,1
20250310,18,02198,1
20250310,18,02199,2
20250310,18,03310,1
20250310,18,03311,4
20250310,18,03802,1
20250310,19,02111,3
20250310,19,02112,1
20250310,19,02116,2
20250310,19,02122,1
20250310,19,02143,1
20250310,19,02148,3
20250310,19,02171,4
20250310,19,02178,1
20250310,19,02179,2
20250310,19,02185,2
20250310,19,03311,1
20250310,19,03802,1
20250310,2,02122,1
20250310,2,02198,1
20250310,20,02111,3
20250310,20,02112,2
20250310,20,02116,1
20250310,20,02128,2
20250310,20,02129,1
20250310,20,02148,3
20250310,20,02159,1
20250310,20,02178,1
20250310,20,02185,2
20250310,20,02198,3
20250310,20,02199,2
20250310,20,03311,3
20250310,20,03802,2
20250310,21,02111,1
20250310,21,02112,5
20250310,21,02122,1
20250310,21,02128,2
20250310,21,02171,1
20250310,21,02178,1
20250310,21,02185,2
20250310,21,02186,2
20250310,21,02198,1
20250310,21,02199,1
20250310,21,03311,3
20250310,21,03802,2
20250310,22,02111,2
20250310,22,02112,1
20250310,22,02116,2
20250310,22,02148,1
20250310,22,02171,4
20250310,22,02185,1
20250310,22,02186,1
20250310,22,03311,1
20250310,22,03802,2
20250310,23,02112,1
20250310,23,02148,1
20250310,23,02159,1
20250310,23,02179,1
20250310,23,02185,1
20250310,23,02191,1
20250310,23,02198,1
20250310,23,02199,1
20250310,23,03311,1
20250310,3,02171,1
20250310,3,02185,1
20250310,4,02191,1
20250310,5,02122,4
20250310,5,02128,1
20250310,5,02186,1
20250310,5,03311,1
20250310,6,02116,1
20250310,6,02122,1
20250310,6,02139,1
20250310,6,02148,1
20250310,6,02159,1
20250310,6,03311,1
20250310,6,03802,2
20250310,7,02111,1
20250310,7,02116,1
20250310,7,02128,2
20250310,7,02139,1
20250310,7,02171,1
20250310,7,02179,1
20250310,7,02185,3
20250310,7,02186,1
20250310,7,02191,3
20250310,7,02198,1
20250310,7,03802,5
20250310,8,02111,3
20250310,8,02112,3
20250310,8,02122,3
20250310,8,02129,1
20250310,8,02143,1
20250310,8,02148,1
20250310,8,02171,1
20250310,8,02172,2
20250310,8,02179,1
20250310,8,02185,6
20250310,8,02186,1
20250310,8,02191,1
20250310,8,02198,1
20250310,8,03802,4
20250310,9,02111,2
20250310,9,02112,1
20250310,9,02116,1
20250310,9,02122,2
20250310,9,02143,1
20250310,9,02148,2
20250310,9,02178,1
20250310,9,02179,3
20250310,9,02185,1
20250310,9,02186,2
20250310,9,02198,1
20250310,9,03311,3
20250310,9,03802,2
20250311,0,02111,1
20250311,0,02139,2
20250311,1,02112,2
20250311,1,02128,1
20250311,1,02172,1
20250311,10,02111,2
20250311,10,02116,2
20250311,10,02128,1
20250311,10,02148,3
20250311,10,02171,1
20250311,10,02179,1
20250311,10,02185,2
20250311,10,03311,4
20250311,11,02111,2
20250311,11,02116,3
20250311,11,02122,1
20250311,11,02128,1
20250311,11,02130,1
20250311,11,02148,1
20250311,11,02178,1
20250311,11,02185,1
20250311,11,02191,1
20250311,11,02198,3
20250311,11,03311,1
20250311,11,03802,2
20250311,12,02116,1
20250311,12,02128,1
20250311,12,02129,2
20250311,12,02143,1
20250311,12,02148,1
20250311,12,02171,1
20250311,12,02172,1
20250311,12,02179,1
20250311,12,02185,1
20250311,12,02198,3
20250311,12,03311,1
20250311,12,03802,1
20250311,13,02116,1
20250311,13,02122,1
20250311,13,02128,3
20250311,13,02148,3
20250311,13,02179,2
20250311,13,02191,2
20250311,13,03311,1
20250311,14,02111,1
20250311,14,02116,2
20250311,14,02122,1
20250311,14,02128,1
20250311,14,02129,1
20250311,14,02143,1
20250311,14,02148,1
20250311,14,02159,1
20250311,14,02171,2
20250311,14,02178,3
20250311,14,02185,1
20250311,14,03311,4
20250311,14,03802,1
20250311,15,02111,2
20250311,15,02112,2
20250311,15,02116,1
20250311,15,02130,1
20250311,15,02139,1
20250311,15,02148,1
20250311,15,02159,2
20250311,15,02171,1
20250311,15,02172,1
20250311,15,02178,2
20250311,15,02179,2
20250311,15,02185,1
20250311,15,02191,1
20250311,15,02198,1
20250311,15,02199,2
20250311,15,03311,2
20250311,16,02111,2
20250311,16,02112,2
20250311,16,02116,1
20250311,16,02122,1
20250311,16,02128,2
20250311,16,02129,2
20250311,16,02171,1
20250311,16,02178,1
20250311,16,02179,1
20250311,16,02185,1
20250311,16,02191,1
20250311,16,02198,1
20250311,16,03311,1
20250311,17,02112,1
20250311,17,02116,3
20250311,17,02122,2
20250311,17,02128,1
20250311,17,02130,1
20250311,17,02139,2
20250311,17,02148,3
20250311,17,02171,2
20250311,17,02172,1
20250311,17,02178,2
20250311,17,02179,3
20250311,17,02185,1
20250311,17,02191,2
20250311,17,03311,1
20250311,18,02111,3
20250311,18,02112,3
20250311,18,02116,3
20250311,18,02122,1
20250311,18,02128,1
20250311,18,02143,1
20250311,18,02148,2
20250311,18,02159,1
20250311,18,02171,5
20250311,18,02179,1
20250311,18,02185,2
20250311,18,03310,1
20250311,18,03311,6
20250311,19,02111,4
20250311,19,02112,3
20250311,19,02116,3
20250311,19,02122,2
20250311,19,02128,1
20250311,19,02139,2
20250311,19,02148,1
20250311,19,02159,1
20250311,19,02171,1
20250311,19,02172,2
20250311,19,02178,1
20250311,19,02179,4
20250311,19,02185,1
20250311,19,02186,1
20250311,19,02191,1
20250311,19,02198,2
20250311,19,03311,1
20250311,19,03802,2
20250311,2,02111,2
20250311,2,02198,1
20250311,20,02111,4
20250311,20,02116,1
20250311,20,02122,1
20250311,20,02128,1
20250311,20,02139,2
20250311,20,02143,1
20250311,20,02159,1
20250311,20,02171,1
20250311,20,02172,1
20250311,20,02179,4
20250311,20,02191,1
20250311,20,02198,1
20250311,20,03802,3
20250311,21,02112,3
20250311,21,02116,2
20250311,21,02122,1
20250311,21,02128,2
20250311,21,02143,2
20250311,21,02148,1
20250311,21,02171,1
20250311,21,02172,1
20250311,21,02179,1
20250311,21,02185,1
20250311,21,02186,1
20250311,21,02191,1
20250311,21,02198,1
20250311,21,02199,2
20250311,21,03310,1
20250311,21,03311,1
20250311,21,03802,5
20250311,22,02112,2
20250311,22,02116,1
20250311,22,02122,1
20250311,22,02128,3
20250311,22,02129,1
20250311,22,02143,1
20250311,22,02179,1
20250311,22,02198,1
20250311,22,03802,1
20250311,23,02112,4
20250311,23,02116,1
20250311,23,02122,1
20250311,23,02129,1
20250311,23,02148,1
20250311,23,02159,1
20250311,23,02179,2
20250311,23,02185,1
20250311,23,02186,1
20250311,23,02191,1
20250311,23,02198,2
20250311,23,03311,1
20250311,3,02185,1
20250311,3,02199,1
20250311,3,03310,1
20250311,4,02116,1
20250311,5,02112,1
20250311,5,02116,1
20250311,5,02128,1
20250311,5,02186,1
20250311,6,02116,1
20250311,6,02122,1
20250311,6,02148,1
20250311,6,02159,1
20250311,6,02191,1
20250311,6,03802,1
20250311,7,02139,2
20250311,7,02148,2
20250311,7,02178,1
20250311,7,02185,3
20250311,7,02186,1
20250311,7,02191,1
20250311,7,02198,2
20250311,8,02111,1
20250311,8,02112,1
20250311,8,02122,2
20250311,8,02128,1
20250311,8,02143,2
20250311,8,02171,1
20250311,8,02172,1
20250311,8,02179,2
20250311,8,02185,2
20250311,8,02186,2
20250311,8,02191,2
20250311,8,02198,1
20250311,8,03311,1
20250311,8,03802,2
20250311,9,02112,1
20250311,9,02122,1
20250311,9,02128,1
20250311,9,02171,1
20250311,9,02185,2
20250311,9,02186,1
20250311,9,02191,2
20250311,9,03311,1
20250312,0,02111,1
20250312,0,02130,1
20250312,0,02139,1
20250312,0,02159,2
20250312,0,02179,1
20250312,0,02185,1
20250312,0,02198,1
20250312,1,02111,1
20250312,1,02128,1
20250312,1,02139,2
20250312,1,02159,1
20250312,1,02171,4
20250312,1,02185,2
20250312,1,03311,1
20250312,10,02111,1
20250312,10,02116,1
20250312,10,02122,1
20250312,10,02128,2
20250312,10,02148,1
20250312,10,02172,1
20250312,10,02179,2
20250312,10,02185,1
20250312,10,02186,2
20250312,10,02191,1
20250312,10,03802,2
20250312,11,02111,1
20250312,11,02112,1
20250312,11,02148,2
20250312,11,02159,1
20250312,11,02171,1
20250312,11,02178,1
20250312,11,02179,1
20250312,11,02198,2
20250312,11,02199,1
20250312,11,03311,2
20250312,12,02111,1
20250312,12,02116,2
20250312,12,02128,2
20250312,12,02159,1
20250312,12,02172,1
20250312,12,02179,1
20250312,12,02185,1
20250312,12,02186,1
20250312,12,02191,1
20250312,13,02116,1
20250312,13,02122,1
20250312,13,02128,1
20250312,13,02143,1
20250312,13,02148,2
20250312,13,02171,1
20250312,13,02178,1
20250312,13,02179,1
20250312,13,02186,1
20250312,13,02191,1
20250312,13,02198,1
20250312,13,03311,1
20250312,14,02116,1
20250312,14,02143,1
20250312,14,02171,1
20250312,14,02172,2
20250312,14,02191,1
20250312,14,03311,3
20250312,15,02111,1
20250312,15,02116,1
20250312,15,02128,1
20250312,15,02139,1
20250312,15,02148,2
20250312,15,02171,4
20250312,15,02178,1
20250312,15,02179,2
20250312,15,02185,2
20250312,15,02198,2
20250312,15,03802,1
20250312,16,02116,1
20250312,16,02122,1
20250312,16,02128,1
20250312,16,02129,1
20250312,16,02148,1
20250312,16,02171,1
20250312,16,02178,1
20250312,16,02198,1
20250312,16,03311,1
20250312,17,02111,2
20250312,17,02148,1
20250312,17,02171,2
20250312,17,02172,1
20250312,17,02178,1
20250312,17,02179,1
20250312,17,02191,2
20250312,17,03311,1
20250312,18,02111,1
20250312,18,02112,2
20250312,18,02122,1
20250312,18,02128,1
20250312,18,02148,1
20250312,18,02171,2
20250312,18,02172,1
20250312,18,02179,2
20250312,18,02185,2
20250312,18,02186,1
20250312,18,02191,2
20250312,18,02198,1
20250312,18,02199,1
20250312,18,03311,2
20250312,19,02112,3
20250312,19,02139,1
20250312,19,02171,1
20250312,19,02178,1
20250312,19,02179,2
20250312,19,02185,1
20250312,19,02186,1
20250312,19,02199,1
20250312,19,03311,4
20250312,2,02198,1
20250312,20,02111,2
20250312,20,02112,1
20250312,20,02148,2
20250312,20,02178,1
20250312,20,02179,2
20250312,20,02186,1
20250312,20,02198,1
20250312,20,03311,3
20250312,20,03802,2
20250312,21,02116,1
20250312,21,02122,1
20250312,21,02128,2
20250312,21,02130,1
20250312,21,02143,1
20250312,21,02148,2
20250312,21,02171,1
20250312,21,02172,1
20250312,21,02178,1
20250312,21,02179,1
20250312,21,02185,1
20250312,21,02186,1
20250312,21,02191,1
20250312,21,02198,1
20250312,21,03311,3
20250312,22,02112,2
20250312,22,02130,1
20250312,22,02148,1
20250312,22,02171,2
20250312,22,02179,1
20250312,22,02185,1
20250312,22,02191,1
20250312,22,02198,2
20250312,23,02111,1
20250312,23,02112,1
20250312,23,02116,1
20250312,23,02143,1
20250312,23,02148,1
20250312,23,02179,3
20250312,23,02199,1
20250312,23,03311,1
20250312,3,02111,1
20250312,4,02112,1
20250312,4,02171,2
20250312,4,02186,1
20250312,5,02116,1
20250312,5,02122,1
20250312,5,02128,1
20250312,5,02148,1
20250312,5,02179,1
20250312,5,02185,1
20250312,5,02186,1
20250312,5,03311,1
20250312,6,02111,1
20250312,6,02112,1
20250312,6,02116,1
20250312,6,02122,1
20250312,6,02148,1
20250312,6,02159,1
20250312,6,03802,2
20250312,7,02111,1
20250312,7,02112,2
20250312,7,02122,1
20250312,7,02139,2
20250312,7,02148,1
20250312,7,02171,1
20250312,7,02178,1
20250312,7,02179,1
20250312,7,02185,4
20250312,7,02186,1
20250312,7,02191,2
20250312,7,02198,1
20250312,7,03802,3
20250312,8,02111,3
20250312,8,02112,2
20250312,8,02122,2
20250312,8,02143,1
20250312,8,02171,2
20250312,8,02179,5
20250312,8,02185,2
20250312,8,02186,1
20250312,8,02191,4
20250312,8,03802,8
20250312,9,02111,1
20250312,9,02112,1
20250312,9,02171,2
20250312,9,02186,1
20250312,9,02191,2
20250312,9,02198,1
20250312,9,02199,1
20250312,9,03802,1
20250313,0,02111,1
20250313,0,02112,1
20250313,0,02116,1
20250313,0,02139,1
20250313,0,02185,2
20250313,0,02199,1
20250313,1,02111,1
20250313,1,02112,2
20250313,1,02116,2
20250313,1,02122,1
20250313,1,02143,1
20250313,1,02171,2
20250313,1,02199,1
20250313,1,03311,2
20250313,10,02111,2
20250313,10,02122,1
20250313,10,02148,2
20250313,10,02171,1
20250313,10,02172,1
20250313,10,02185,1
20250313,10,02198,1
20250313,10,02199,1
20250313,10,03311,2
20250313,11,02111,2
20250313,11,02112,1
20250313,11,02116,1
20250313,11,02171,1
20250313,11,02172,1
20250313,11,02186,2
20250313,11,02198,3
20250313,11,03311,2
20250313,11,03802,2
20250313,12,02111,1
20250313,12,02112,1
20250313,12,02129,1
20250313,12,02143,1
20250313,12,02171,2
20250313,12,02178,4
20250313,12,02186,1
20250313,12,02199,1
20250313,12,03311,1
20250313,13,02116,1
20250313,13,02122,1
20250313,13,02128,1
20250313,13,02129,1
20250313,13,02148,1
20250313,13,02178,2
20250313,13,02179,2
20250313,13,02198,1
20250313,13,02199,1
20250313,13,03311,1
20250313,14,02111,1
20250313,14,02112,1
20250313,14,02116,3
20250313,14,02122,1
20250313,14,02129,1
20250313,14,02139,1
20250313,14,02171,2
20250313,14,02172,1
20250313,14,02178,1
20250313,14,02179,2
20250313,14,02185,3
20250313,14,02191,1
20250313,14,02198,1
20250313,14,02199,1
20250313,14,03311,2
20250313,15,02111,3
20250313,15,02116,1
20250313,15,02128,2
20250313,15,02171,2
20250313,15,02172,2
20250313,15,02178,1
20250313,15,02179,2
20250313,15,02185,2
20250313,15,02191,1
20250313,16,02116,1
20250313,16,02148,2
20250313,16,02171,1
20250313,16,02172,2
20250313,16,02178,4
20250313,16,02185,2
20250313,16,02186,1
20250313,16,02191,1
20250313,16,03311,1
20250313,17,02111,1
20250313,17,02116,2
20250313,17,02122,3
20250313,17,02129,4
20250313,17,02143,1
20250313,17,02148,2
20250313,17,02171,2
20250313,17,02172,1
20250313,17,02178,4
20250313,17,02185,1
20250313,17,02198,1
20250313,17,02199,2
20250313,17,03311,3
20250313,17,03802,1
20250313,18,02111,1
20250313,18,02112,3
20250313,18,02116,1
20250313,18,02122,1
20250313,18,02128,1
20250313,18,02129,5
20250313,18,02139,1
20250313,18,02148,3
20250313,18,02159,2
20250313,18,02171,5
20250313,18,02178,3
20250313,18,02179,3
20250313,18,02185,2
20250313,18,02186,1
20250313,18,02198,1
20250313,18,02199,1
20250313,18,03311,4
20250313,19,02111,2
20250313,19,02112,2
20250313,19,02116,1
20250313,19,02122,1
20250313,19,02128,2
20250313,19,02129,1
20250313,19,02143,1
20250313,19,02148,1
20250313,19,02171,3
20250313,19,02172,1
20250313,19,02178,3
20250313,19,02179,2
20250313,19,02185,1
20250313,19,02186,1
20250313,19,02198,1
20250313,19,02199,2
20250313,19,03311,3
20250313,19,03802,2
20250313,2,02171,1
20250313,20,02111,1
20250313,20,02112,1
20250313,20,02116,2
20250313,20,02122,2
20250313,20,02129,1
20250313,20,02148,1
20250313,20,02159,1
20250313,20,02171,4
20250313,20,02172,1
20250313,20,02179,1
20250313,20,02185,1
20250313,20,02186,2
20250313,20,03311,1
20250313,20,03802,3
20250313,21,02111,1
20250313,21,02112,1
20250313,21,02122,2
20250313,21,02129,2
20250313,21,02139,2
20250313,21,02148,1
20250313,21,02159,1
20250313,21,02171,2
20250313,21,02179,1
20250313,21,02185,3
20250313,21,02186,2
20250313,21,02191,3
20250313,21,02198,2
20250313,21,03311,4
20250313,21,03802,1
20250313,22,02112,2
20250313,22,02128,2
20250313,22,02129,1
20250313,22,02148,1
20250313,22,02171,2
20250313,22,02172,2
20250313,22,02179,1
20250313,22,02186,1
20250313,22,02198,1
20250313,22,03311,2
20250313,23,02111,1
20250313,23,02128,2
20250313,23,02139,1
20250313,23,02148,1
20250313,23,02172,1
20250313,23,02179,1
20250313,23,02186,1
20250313,23,03311,2
20250313,3,02171,1
20250313,3,02186,1
20250313,4,02139,1
20250313,4,02171,1
20250313,4,02185,1
20250313,5,02112,1
20250313,5,02116,2
20250313,5,02122,1
20250313,5,02139,1
20250313,5,02186,1
20250313,6,02111,2
20250313,6,02116,1
20250313,6,02122,1
20250313,6,02191,1
20250313,6,03802,2
20250313,7,02111,1
20250313,7,02112,1
20250313,7,02122,1
20250313,7,02128,1
20250313,7,02139,3
20250313,7,02171,2
20250313,7,02179,1
20250313,7,02185,2
20250313,7,02186,2
20250313,7,02191,1
20250313,7,02198,3
20250313,8,02112,1
20250313,8,02122,1
20250313,8,02143,1
20250313,8,02171,1
20250313,8,02179,3
20250313,8,02185,5
20250313,8,02186,1
20250313,8,02191,1
20250313,8,02198,1
20250313,8,03802,1
20250313,9,02111,2
20250313,9,02128,1
20250313,9,02179,3
20250313,9,02185,2
20250313,9,02191,1
20250313,9,03311,1
20250314,0,02111,2
20250314,0,02116,2
20250314,0,02122,2
20250314,0,02128,1
20250314,0,02139,1
20250314,0,02171,2
20250314,0,02179,2
20250314,0,02186,1
20250314,0,02199,1
20250314,0,03311,3
20250314,1,02111,2
20250314,1,02116,2
20250314,1,02171,1
20250314,1,02172,1
20250314,1,02185,1
20250314,1,02198,2
20250314,1,02199,1
20250314,10,02111,3
20250314,10,02148,1
20250314,10,02185,1
20250314,10,02191,1
20250314,10,02198,1
20250314,11,02116,1
20250314,11,02129,2
20250314,11,02130,2
20250314,11,02148,1
20250314,11,03802,4
20250314,12,02111,1
20250314,12,02143,1
20250314,12,02148,1
20250314,12,02171,3
20250314,12,02172,2
20250314,12,02179,1
20250314,12,02185,1
20250314,12,02198,1
20250314,12,03311,1
20250314,12,03802,1
20250314,13,02111,4
20250314,13,02116,1
20250314,13,02128,1
20250314,13,02129,1
20250314,13,02148,1
20250314,13,02172,2
20250314,13,02178,1
20250314,13,02179,1
20250314,13,02185,2
20250314,13,02186,1
20250314,13,02191,1
20250314,13,02199,1
20250314,13,03311,3
20250314,13,03802,1
20250314,14,02116,1
20250314,14,02122,3
20250314,14,02128,1
20250314,14,02148,1
20250314,14,02171,1
20250314,14,02178,2
20250314,14,02179,4
20250314,14,02186,1
20250314,14,02199,1
20250314,14,03311,2
20250314,14,03802,2
20250314,15,02111,4
20250314,15,02112,1
20250314,15,02116,1
20250314,15,02148,2
20250314,15,02171,3
20250314,15,02178,3
20250314,15,02185,1
20250314,15,03311,2
20250314,16,02111,2
20250314,16,02112,1
20250314,16,02116,1
20250314,16,02129,1
20250314,16,02139,2
20250314,16,02171,6
20250314,16,02172,1
20250314,16,02179,5
20250314,16,02185,2
20250314,16,02186,1
20250314,16,02191,3
20250314,16,02198,2
20250314,16,03311,2
20250314,17,02111,1
20250314,17,02112,1
20250314,17,02116,2
20250314,17,02122,1
20250314,17,02128,1
20250314,17,02129,3
20250314,17,02130,2
20250314,17,02143,1
20250314,17,02171,1
20250314,17,02172,3
20250314,17,02185,1
20250314,17,02191,2
20250314,17,02198,1
20250314,17,02199,1
20250314,17,03311,4
20250314,17,03802,1
20250314,18,02111,3
20250314,18,02112,2
20250314,18,02116,1
20250314,18,02122,1
20250314,18,02128,2
20250314,18,02129,1
20250314,18,02130,1
20250314,18,02139,1
20250314,18,02148,4
20250314,18,02171,3
20250314,18,02172,2
20250314,18,02179,4
20250314,18,02185,3
20250314,18,02186,1
20250314,18,02191,3
20250314,18,02198,1
20250314,18,02199,1
20250314,18,03311,3
20250314,18,03802,1
20250314,19,02111,5
20250314,19,02122,1
20250314,19,02128,1
20250314,19,02130,1
20250314,19,02139,1
20250314,19,02143,1
20250314,19,02148,2
20250314,19,02171,2
20250314,19,02172,2
20250314,19,02179,3
20250314,19,02185,1
20250314,19,02186,3
20250314,19,02191,5
20250314,19,02199,1
20250314,19,03311,5
20250314,2,02116,2
20250314,20,02111,1
20250314,20,02116,1
20250314,20,02122,1
20250314,20,02148,1
20250314,20,02171,2
20250314,20,02179,2
20250314,20,02185,2
20250314,20,02186,1
20250314,20,02191,2
20250314,20,03311,3
20250314,20,03802,1
20250314,21,02112,1
20250314,21,02122,1
20250314,21,02128,3
20250314,21,02129,1
20250314,21,02130,1
20250314,21,02139,1
20250314,21,02148,1
20250314,21,02171,2
20250314,21,02172,1
20250314,21,02185,4
20250314,21,02198,3
20250314,21,02199,2
20250314,21,03311,2
20250314,22,02122,1
20250314,22,02128,1
20250314,22,02148,2
20250314,22,02159,1
20250314,22,02171,5
20250314,22,02178,2
20250314,22,02179,1
20250314,22,02185,1
20250314,22,02186,1
20250314,22,03311,2
20250314,23,02111,1
20250314,23,02122,1
20250314,23,02130,1
20250314,23,02139,1
20250314,23,02148,1
20250314,23,02171,2
20250314,23,02179,3
20250314,23,02185,1
20250314,23,02186,1
20250314,23,02191,1
20250314,23,03311,1
20250314,3,02128,2
20250314,5,02122,2
20250314,5,02179,1
20250314,5,02186,1
20250314,5,03311,1
20250314,6,02122,2
20250314,6,02139,1
20250314,6,02185,1
20250314,6,02186,1
20250314,7,02111,1
20250314,7,02112,1
20250314,7,02122,1
20250314,7,02128,1
20250314,7,02139,1
20250314,7,02159,1
20250314,7,02185,3
20250314,7,02191,3
20250314,7,02198,6
20250314,7,02199,1
20250314,7,03310,1
20250314,7,03802,4
20250314,8,02111,1
20250314,8,02116,2
20250314,8,02122,2
20250314,8,02139,1
20250314,8,02143,3
20250314,8,02171,2
20250314,8,02172,1
20250314,8,02179,1
20250314,8,02185,3
20250314,8,02191,1
20250314,8,03311,2
20250314,8,03802,2
20250314,9,02111,2
20250314,9,02112,1
20250314,9,02122,1
20250314,9,02159,1
20250314,9,02172,1
20250314,9,02179,1
20250314,9,02191,1
20250314,9,02199,1
20250314,9,03311,1
20250315,0,02111,1
20250315,0,02112,1
20250315,0,02122,5
20250315,0,02171,3
20250315,0,02179,1
20250315,0,02199,1
20250315,0,03311,2
20250315,1,02111,4
20250315,1,02116,1
20250315,1,02128,1
20250315,1,02148,1
20250315,1,02171,1
20250315,1,02185,1
20250315,1,02191,3
20250315,1,02198,1
20250315,1,03311,1
20250315,10,02111,1
20250315,10,02112,1
20250315,10,02130,1
20250315,10,02143,1
20250315,10,02178,1
20250315,10,02179,1
20250315,10,02185,2
20250315,10,02198,1
20250315,10,02199,1
20250315,10,03311,1
20250315,11,02111,2
20250315,11,02112,1
20250315,11,02122,1
20250315,11,02130,2
20250315,11,02139,1
20250315,11,02143,1
20250315,11,02172,2
20250315,11,02179,1
20250315,11,02185,1
20250315,11,02186,1
20250315,11,02191,2
20250315,11,02199,1
20250315,12,02111,3
20250315,12,02112,1
20250315,12,02116,1
20250315,12,02128,3
20250315,12,02130,1
20250315,12,02139,1
20250315,12,02148,1
20250315,12,02171,1
20250315,12,02172,3
20250315,12,02178,4
20250315,12,02179,1
20250315,12,02185,2
20250315,12,02191,1
20250315,12,02198,1
20250315,12,02199,3
20250315,12,03802,1
20250315,13,02111,2
20250315,13,02116,2
20250315,13,02122,3
20250315,13,02128,1
20250315,13,02139,1
20250315,13,02148,3
20250315,13,02171,2
20250315,13,02172,2
20250315,13,02178,2
20250315,13,02186,1
20250315,13,02191,1
20250315,13,02199,3
20250315,13,03311,2
20250315,14,02111,2
20250315,14,02116,2
20250315,14,02122,2
20250315,14,02130,1
20250315,14,02143,1
20250315,14,02148,3
20250315,14,02159,1
20250315,14,02171,4
20250315,14,02178,4
20250315,14,02179,2
20250315,14,02186,1
20250315,14,02198,1
20250315,14,03310,1
20250315,14,03802,1
20250315,15,02111,2
20250315,15,02112,1
20250315,15,02116,2
20250315,15,02128,1
20250315,15,02130,1
20250315,15,02171,2
20250315,15,02172,1
20250315,15,02178,4
20250315,15,02179,2
20250315,15,02185,1
20250315,15,02186,2
20250315,15,02198,1
20250315,16,02111,2
20250315,16,02112,2
20250315,16,02116,5
20250315,16,02122,1
20250315,16,02128,2
20250315,16,02130,1
20250315,16,02148,3
20250315,16,02171,4
20250315,16,02172,4
20250315,16,02178,2
20250315,16,02179,1
20250315,16,02185,3
20250315,16,02186,2
20250315,16,02191,1
20250315,16,02198,1
20250315,16,02199,5
20250315,16,03311,4
20250315,16,03802,1
20250315,17,02111,2
20250315,17,02112,3
20250315,17,02116,2
20250315,17,02128,1
20250315,17,02130,1
20250315,17,02143,1
20250315,17,02148,2
20250315,17,02171,2
20250315,17,02172,1
20250315,17,02178,6
20250315,17,02179,4
20250315,17,02185,2
20250315,17,02186,1
20250315,17,02191,2
20250315,17,02198,1
20250315,17,03311,4
20250315,18,02111,1
20250315,18,02112,2
20250315,18,02122,2
20250315,18,02128,1
20250315,18,02143,1
20250315,18,02148,3
20250315,18,02159,3
20250315,18,02171,3
20250315,18,02178,2
20250315,18,02179,1
20250315,18,02185,1
20250315,18,02191,2
20250315,18,02198,2
20250315,18,03311,4
20250315,19,02111,1
20250315,19,02112,2
20250315,19,02116,3
20250315,19,02128,1
20250315,19,02143,1
20250315,19,02148,1
20250315,19,02159,1
20250315,19,02171,4
20250315,19,02178,1
20250315,19,02179,1
20250315,19,02199,1
20250315,19,03311,1
20250315,2,02111,1
20250315,2,02171,1
20250315,2,02191,1
20250315,20,02111,2
20250315,20,02112,1
20250315,20,02116,1
20250315,20,02129,1
20250315,20,02139,2
20250315,20,02148,1
20250315,20,02171,1
20250315,20,02178,2
20250315,20,02185,2
20250315,20,02191,1
20250315,20,02198,2
20250315,20,03802,2
20250315,21,02111,3
20250315,21,02112,2
20250315,21,02116,1
20250315,21,02129,4
20250315,21,02171,1
20250315,21,02179,1
20250315,21,02185,2
20250315,21,03311,1
20250315,22,02111,1
20250315,22,02129,1
20250315,22,02171,2
20250315,22,02178,1
20250315,22,02198,1
20250315,22,03311,2
20250315,23,02111,3
20250315,23,02112,1
20250315,23,02129,1
20250315,23,02148,1
20250315,23,02171,4
20250315,23,02178,1
20250315,23,02179,2
20250315,3,02112,1
20250315,3,02122,1
20250315,3,02185,1
20250315,3,02198,1
20250315,4,02111,2
20250315,5,02139,1
20250315,5,02179,1
20250315,5,02186,1
20250315,5,03311,1
20250315,6,02122,1
20250315,6,02148,1
20250315,6,02185,1
20250315,6,02191,1
20250315,6,02198,2
20250315,7,02111,1
20250315,7,02186,1
20250315,7,02191,1
20250315,7,03311,1
20250315,7,03802,1
20250315,8,02130,1
20250315,8,02148,1
20250315,8,02172,2
20250315,8,02185,1
20250315,8,02186,1
20250315,8,02191,1
20250315,8,03802,1
20250315,9,02111,1
20250315,9,02112,1
20250315,9,02116,1
20250315,9,02122,1
20250315,9,02148,1
20250315,9,02179,2
20250315,9,02185,1
20250315,9,02186,1
20250315,9,02198,1
20250315,9,02199,1
20250316,0,02112,1
20250316,0,02116,3
20250316,0,02122,1
20250316,0,02198,1
20250316,0,03311,2
20250316,1,02111,3
20250316,1,02112,1
20250316,1,02122,1
20250316,1,02128,1
20250316,1,02148,1
20250316,1,02171,1
20250316,1,02186,1
20250316,1,02198,2
20250316,10,02112,1
20250316,10,02129,1
20250316,10,02172,1
20250316,10,02179,1
20250316,10,02185,2
20250316,10,02198,1
20250316,10,03311,1
20250316,11,02148,1
20250316,11,02159,1
20250316,11,02171,1
20250316,11,02185,1
20250316,11,02186,1
20250316,11,02191,2
20250316,12,02111,1
20250316,12,02112,1
20250316,12,02129,1
20250316,12,02139,1
20250316,12,02185,2
20250316,12,02191,1
20250316,12,02199,2
20250316,12,03311,2
20250316,13,02111,2
20250316,13,02112,2
20250316,13,02129,1
20250316,13,02143,1
20250316,13,02171,1
20250316,13,02172,1
20250316,13,02185,1
20250316,13,02198,1
20250316,13,03311,2
20250316,14,02116,1
20250316,14,02128,2
20250316,14,02139,1
20250316,14,02148,2
20250316,14,02171,1
20250316,14,02178,1
20250316,14,02179,1
20250316,14,02185,4
20250316,14,02186,1
20250316,14,02191,1
20250316,14,02198,1
20250316,14,03311,2
20250316,14,03802,1
20250316,15,02112,1
20250316,15,02116,1
20250316,15,02122,1
20250316,15,02129,2
20250316,15,02139,1
20250316,15,02143,1
20250316,15,02148,1
20250316,15,02171,2
20250316,15,02178,1
20250316,15,02185,1
20250316,15,02186,1
20250316,15,02198,1
20250316,15,03311,2
20250316,16,02111,1
20250316,16,02112,1
20250316,16,02122,2
20250316,16,02128,1
20250316,16,02139,1
20250316,16,02148,2
20250316,16,02159,1
20250316,16,02172,3
20250316,16,02178,4
20250316,16,02179,2
20250316,16,02185,2
20250316,16,02191,1
20250316,16,02198,2
20250316,16,02199,2
20250316,16,03311,2
20250316,17,02111,1
20250316,17,02112,3
20250316,17,02129,1
20250316,17,02139,2
20250316,17,02159,1
20250316,17,02171,2
20250316,17,02178,1
20250316,17,02179,2
20250316,17,02185,1
20250316,17,03311,2
20250316,18,02111,4
20250316,18,02116,4
20250316,18,02122,1
20250316,18,02129,2
20250316,18,02139,3
20250316,18,02159,1
20250316,18,02172,1
20250316,18,02179,3
20250316,18,02185,1
20250316,18,02198,1
20250316,19,02111,2
20250316,19,02112,1
20250316,19,02116,1
20250316,19,02129,1
20250316,19,02139,1
20250316,19,02171,1
20250316,19,02172,1
20250316,19,02179,1
20250316,19,02199,2
20250316,2,02112,1
20250316,2,02128,5
20250316,2,02139,1
20250316,20,02112,1
20250316,20,02116,2
20250316,20,02128,1
20250316,20,02148,1
20250316,20,02171,1
20250316,20,02198,3
20250316,21,02111,1
20250316,21,02112,1
20250316,21,02122,1
20250316,21,02128,1
20250316,21,02143,1
20250316,21,02148,1
20250316,21,02171,1
20250316,21,02198,1
20250316,22,02112,3
20250316,22,02128,1
20250316,22,02148,1
20250316,22,02171,1
20250316,22,02179,2
20250316,23,02112,2
20250316,23,02159,1
20250316,23,02171,1
20250316,23,02178,1
20250316,23,02185,1
20250316,23,02199,1
20250316,23,03311,2
20250316,4,02171,2
20250316,4,02179,1
20250316,6,02171,1
20250316,6,02185,1
20250316,7,02185,1
20250316,8,02185,1
20250316,8,02191,1
20250316,9,02148,1
20250317,0,02111,1
20250317,0,02128,1
20250317,0,02143,1
20250317,0,02171,2
20250317,0,02178,1
20250317,0,02198,1
20250317,1,02128,1
20250317,1,02159,1
20250317,10,02111,1
20250317,10,02122,1
20250317,10,02148,1
20250317,10,02171,1
20250317,10,02179,1
20250317,11,02116,2
20250317,11,02129,1
20250317,11,02148,1
20250317,11,02159,1
20250317,11,02198,1
20250317,11,03311,1
20250317,11,03802,1
20250317,12,02111,1
20250317,12,02122,1
20250317,12,02129,2
20250317,12,02172,1
20250317,12,02178,1
20250317,12,02185,2
20250317,12,02191,1
20250317,13,02112,1
20250317,13,02116,1
20250317,13,02128,1
20250317,13,02130,1
20250317,13,02143,1
20250317,13,02148,2
20250317,13,02179,2
20250317,13,02185,1
20250317,13,02186,1
20250317,13,02191,2
20250317,13,02198,1
20250317,13,02199,1
20250317,14,02111,2
20250317,14,02112,1
20250317,14,02116,2
20250317,14,02171,1
20250317,14,02172,1
20250317,14,02178,1
20250317,14,02198,1
20250317,14,03311,2
20250317,15,02111,2
20250317,15,02116,2
20250317,15,02171,2
20250317,15,02179,1
20250317,15,02185,1
20250317,15,03311,3
20250317,16,02111,3
20250317,16,02112,1
20250317,16,02116,1
20250317,16,02122,1
20250317,16,02143,1
20250317,16,02171,1
20250317,16,02172,2
20250317,16,02178,2
20250317,16,02179,1
20250317,16,02185,2
20250317,16,02186,1
20250317,16,02191,2
20250317,16,02198,2
20250317,17,02122,1
20250317,17,02128,1
20250317,17,02129,2
20250317,17,02148,1
20250317,17,02172,6
20250317,17,02178,5
20250317,17,02179,1
20250317,17,02191,1
20250317,17,02198,1
20250317,17,03311,4
20250317,18,02111,1
20250317,18,02116,1
20250317,18,02122,3
20250317,18,02129,2
20250317,18,02143,1
20250317,18,02148,2
20250317,18,02171,2
20250317,18,02172,1
20250317,18,02178,3
20250317,18,02179,3
20250317,18,02185,2
20250317,18,02191,1
20250317,18,02198,1
20250317,18,03311,4
20250317,18,03802,1
20250317,19,02111,4
20250317,19,02112,3
20250317,19,02116,3
20250317,19,02122,2
20250317,19,02139,1
20250317,19,02148,2
20250317,19,02171,1
20250317,19,02172,1
20250317,19,02179,2
20250317,19,02185,2
20250317,19,02186,1
20250317,19,02191,2
20250317,19,02198,1
20250317,19,03311,4
20250317,19,03802,1
20250317,2,02122,1
20250317,2,02128,1
20250317,2,02185,1
20250317,2,02191,1
20250317,20,02111,5
20250317,20,02112,2
20250317,20,02129,1
20250317,20,02159,2
20250317,20,02171,2
20250317,20,02172,1
20250317,20,02178,2
20250317,20,02185,2
20250317,20,02198,1
20250317,20,03311,1
20250317,20,03802,4
20250317,21,02116,1
20250317,21,02122,1
20250317,21,02129,1
20250317,21,02159,1
20250317,21,02178,4
20250317,21,02179,2
20250317,21,02185,2
20250317,21,02191,1
20250317,21,03311,1
20250317,21,03802,1
20250317,22,02111,2
20250317,22,02112,2
20250317,22,02116,1
20250317,22,02122,1
20250317,22,02128,2
20250317,22,02143,1
20250317,22,02159,1
20250317,22,02171,3
20250317,22,02178,1
20250317,22,02185,1
20250317,22,02186,1
20250317,22,02191,2
20250317,22,02198,1
20250317,22,02199,2
20250317,22,03311,1
20250317,23,02112,1
20250317,23,02116,2
20250317,23,02179,1
20250317,3,02185,1
20250317,5,02111,1
20250317,5,02128,1
20250317,5,02139,1
20250317,5,02179,1
20250317,6,02112,1
20250317,6,02116,1
20250317,6,02139,1
20250317,6,02159,1
20250317,6,02171,1
20250317,6,02179,1
20250317,7,02111,1
20250317,7,02116,1
20250317,7,02139,3
20250317,7,02172,1
20250317,7,02185,4
20250317,7,02191,1
20250317,7,02198,1
20250317,7,03802,3
20250317,8,02111,1
20250317,8,02112,2
20250317,8,02116,1
20250317,8,02122,1
20250317,8,02128,1
20250317,8,02143,1
20250317,8,02179,2
20250317,8,02185,2
20250317,8,02191,1
20250317,8,03802,3
20250317,9,02116,1
20250317,9,02148,3
20250317,9,02159,1
20250317,9,02171,1
20250317,9,02178,2
20250317,9,02185,3
20250317,9,02186,1
20250317,9,03311,2
20250317,9,03802,2
20250318,10,02111,1
20250318,10,02186,1
20250318,10,02198,1
20250318,11,02112,2
20250318,11,02122,1
20250318,11,02128,1
20250318,11,02129,1
20250318,11,02179,2
20250318,11,02185,1
20250318,11,02191,1
20250318,11,03311,1
20250318,11,03802,1
20250318,12,02111,1
20250318,12,02116,1
20250318,12,02139,1
20250318,12,02148,1
20250318,12,02191,1
20250318,12,03311,1
20250318,13,02111,1
20250318,13,02128,1
20250318,13,02148,1
20250318,13,02178,1
20250318,13,02186,2
20250318,13,02198,1
20250318,14,02111,2
20250318,14,02116,3
20250318,14,02185,1
20250318,14,02186,1
20250318,14,03311,2
20250318,15,02112,1
20250318,15,02116,1
20250318,15,02186,1
20250318,15,03311,1
20250318,16,02116,1
20250318,16,02129,1
20250318,16,02148,1
20250318,16,02171,2
20250318,16,02172,2
20250318,16,02185,1
20250318,16,02191,1
20250318,16,02198,1
20250318,16,03311,1
20250318,17,02111,1
20250318,17,02116,2
20250318,17,02122,1
20250318,17,02129,1
20250318,17,02130,1
20250318,17,02139,2
20250318,17,02148,2
20250318,17,02172,2
20250318,17,02178,1
20250318,17,02185,1
20250318,17,02186,1
20250318,17,02191,2
20250318,17,03311,2
20250318,18,02111,2
20250318,18,02112,2
20250318,18,02116,2
20250318,18,02122,2
20250318,18,02128,1
20250318,18,02143,1
20250318,18,02148,2
20250318,18,02159,1
20250318,18,02171,3
20250318,18,02178,1
20250318,18,02179,1
20250318,18,02198,1
20250318,19,02112,1
20250318,19,02116,1
20250318,19,02128,1
20250318,19,02129,1
20250318,19,02171,1
20250318,19,02185,1
20250318,19,02186,2
20250318,19,03802,1
20250318,20,02111,3
20250318,20,02112,2
20250318,20,02116,1
20250318,20,02129,1
20250318,20,02148,2
20250318,20,02171,4
20250318,20,02178,1
20250318,20,02185,2
20250318,20,02186,2
20250318,20,03311,3
20250318,21,02111,2
20250318,21,02116,3
20250318,21,02148,1
20250318,21,02178,1
20250318,21,02186,1
20250318,21,02198,1
20250318,22,02111,1
20250318,22,02112,2
20250318,22,02122,2
20250318,22,02128,1
20250318,22,02143,1
20250318,22,02159,1
20250318,22,02171,3
20250318,22,02172,2
20250318,22,02179,1
20250318,22,02185,1
20250318,22,03310,1
20250318,22,03311,2
20250318,23,02111,2
20250318,23,02139,1
20250318,23,02148,1
20250318,23,02179,2
20250318,23,02185,1
20250318,23,02191,1
20250318,23,02198,1
20250318,23,03311,1
20250318,6,02128,1
20250318,7,02198,1
20250318,8,02122,1
20250318,8,02139,1
20250318,8,03311,1
20250318,9,02111,1
20250318,9,02128,1
20250318,9,02179,1
20250318,9,02185,1
20250319,0,02111,2
20250319,0,02179,1
20250319,0,02186,1
20250319,0,02199,1
20250319,1,02171,4
20250319,1,02179,3
20250319,10,02116,1
20250319,10,02122,1
20250319,10,02139,1
20250319,10,02148,2
20250319,10,02171,1
20250319,10,02172,1
20250319,10,02185,1
20250319,10,03802,2
20250319,11,02111,1
20250319,11,02116,1
20250319,11,02128,2
20250319,11,02130,1
20250319,11,02185,2
20250319,11,02198,1
20250319,12,02111,1
20250319,12,02116,1
20250319,12,02122,1
20250319,12,02128,1
20250319,12,02171,3
20250319,12,02179,1
20250319,12,02198,1
20250319,13,02111,2
20250319,13,02112,1
20250319,13,02116,1
20250319,13,02148,2
20250319,13,02171,2
20250319,13,02172,1
20250319,13,02178,2
20250319,13,02179,1
20250319,13,02185,1
20250319,13,02186,1
20250319,13,03311,3
20250319,13,03802,1
20250319,14,02111,1
20250319,14,02116,2
20250319,14,02139,1
20250319,14,02148,2
20250319,14,02159,1
20250319,14,02171,3
20250319,14,02172,1
20250319,14,02179,4
20250319,14,02198,1
20250319,14,03311,3
20250319,15,02116,1
20250319,15,02128,1
20250319,15,02148,1
20250319,15,02171,1
20250319,15,02178,1
20250319,15,02179,1
20250319,15,02186,1
20250319,15,03311,2
20250319,15,03802,1
20250319,16,02111,2
20250319,16,02122,1
20250319,16,02129,1
20250319,16,02130,1
20250319,16,02148,1
20250319,16,02172,3
20250319,16,02178,3
20250319,16,02185,1
20250319,16,02191,1
20250319,16,02198,1
20250319,16,03311,3
20250319,16,03802,2
20250319,17,02111,2
20250319,17,02112,1
20250319,17,02122,1
20250319,17,02129,3
20250319,17,02130,1
20250319,17,02139,2
20250319,17,02148,1
20250319,17,02171,1
20250319,17,02172,1
20250319,17,02178,2
20250319,17,02179,5
20250319,17,02185,1
20250319,17,02191,1
20250319,17,02198,1
20250319,17,03311,3
20250319,18,02111,2
20250319,18,02112,1
20250319,18,02116,1
20250319,18,02122,1
20250319,18,02128,3
20250319,18,02129,2
20250319,18,02130,1
20250319,18,02139,1
20250319,18,02143,2
20250319,18,02171,1
20250319,18,02178,3
20250319,18,02179,6
20250319,18,02185,3
20250319,18,02191,2
20250319,18,02198,1
20250319,18,03311,2
20250319,18,03802,1
20250319,19,02111,1
20250319,19,02112,3
20250319,19,02116,2
20250319,19,02129,1
20250319,19,02148,2
20250319,19,02172,2
20250319,19,02178,1
20250319,19,02179,3
20250319,19,02185,1
20250319,19,02191,1
20250319,19,02199,1
20250319,19,03310,1
20250319,19,03311,1
20250319,2,02111,1
20250319,2,02191,1
20250319,20,02116,1
20250319,20,02122,2
20250319,20,02128,2
20250319,20,02148,2
20250319,20,02171,2
20250319,20,02178,2
20250319,20,02179,1
20250319,20,02186,3
20250319,20,02191,1
20250319,20,02198,1
20250319,20,03311,2
20250319,20,03802,4
20250319,21,02111,2
20250319,21,02112,1
20250319,21,02116,1
20250319,21,02122,1
20250319,21,02128,2
20250319,21,02129,2
20250319,21,02148,1
20250319,21,02159,2
20250319,21,02171,2
20250319,21,02178,2
20250319,21,02179,1
20250319,21,02198,2
20250319,21,02199,1
20250319,22,02112,3
20250319,22,02116,1
20250319,22,02128,1
20250319,22,02179,2
20250319,22,02185,1
20250319,22,02198,1
20250319,22,03311,1
20250319,23,02112,2
20250319,23,02116,1
20250319,23,02129,1
20250319,23,02148,2
20250319,23,02159,1
20250319,23,02179,1
20250319,23,02198,1
20250319,23,03311,1
20250319,3,02111,1
20250319,3,02191,1
20250319,3,03310,1
20250319,5,02116,1
20250319,5,02179,1
20250319,5,03311,1
20250319,6,02111,1
20250319,6,02122,1
20250319,6,02148,1
20250319,6,02159,1
20250319,6,02198,1
20250319,6,02199,1
20250319,6,03802,2
20250319,7,02139,4
20250319,7,02171,1
20250319,7,02185,2
20250319,7,02191,3
20250319,7,02198,1
20250319,7,03802,4
20250319,8,02116,1
20250319,8,02122,2
20250319,8,02139,1
20250319,8,02143,1
20250319,8,02148,1
20250319,8,02171,2
20250319,8,02179,1
20250319,8,02185,4
20250319,8,02191,3
20250319,8,02198,1
20250319,8,02199,1
20250319,9,02111,1
20250319,9,02112,1
20250319,9,02143,1
20250319,9,02148,1
20250319,9,02171,1
20250319,9,02172,1
20250319,9,02179,1
20250319,9,02185,1
20250319,9,02186,1
20250319,9,02191,1
20250319,9,02198,1
20250319,9,03311,1
20250319,9,03802,1
20250320,0,02111,1
20250320,0,02128,1
20250320,0,02159,1
20250320,0,02178,1
20250320,0,02179,1
20250320,0,02185,1
20250320,0,02186,1
20250320,0,02198,1
20250320,1,02112,1
20250320,1,02116,1
20250320,1,02185,2
20250320,10,02116,1
20250320,10,02128,1
20250320,10,02148,2
20250320,10,02179,1
20250320,10,02186,1
20250320,10,02191,1
20250320,10,02198,1
20250320,11,02111,1
20250320,11,02116,2
20250320,11,02128,2
20250320,11,02130,1
20250320,11,02148,1
20250320,11,02171,1
20250320,11,02178,3
20250320,11,02191,1
20250320,11,03311,4
20250320,11,03802,2
20250320,12,02111,1
20250320,12,02112,1
20250320,12,02116,1
20250320,12,02122,1
20250320,12,02129,1
20250320,12,02143,1
20250320,12,02171,1
20250320,12,02178,1
20250320,12,02185,1
20250320,12,02186,3
20250320,12,02198,2
20250320,13,02111,1
20250320,13,02116,2
20250320,13,02129,1
20250320,13,02139,1
20250320,13,02148,3
20250320,13,02171,3
20250320,13,02178,1
20250320,13,02179,1
20250320,13,02185,2
20250320,13,02186,2
20250320,13,02191,2
20250320,13,03311,3
20250320,14,02111,1
20250320,14,02112,1
20250320,14,02116,2
20250320,14,02128,1
20250320,14,02148,2
20250320,14,02172,5
20250320,14,02178,1
20250320,14,02179,1
20250320,14,02185,1
20250320,14,02191,1
20250320,14,03311,1
20250320,15,02111,1
20250320,15,02112,1
20250320,15,02116,2
20250320,15,02129,1
20250320,15,02130,2
20250320,15,02143,1
20250320,15,02148,1
20250320,15,02171,5
20250320,15,02172,1
20250320,15,02178,4
20250320,15,03311,3
20250320,16,02111,2
20250320,16,02112,1
20250320,16,02116,4
20250320,16,02122,1
20250320,16,02128,1
20250320,16,02171,1
20250320,16,02178,2
20250320,16,02179,1
20250320,16,02185,3
20250320,16,02191,2
20250320,16,02198,2
20250320,16,03311,3
20250320,17,02111,1
20250320,17,02112,1
20250320,17,02116,2
20250320,17,02122,3
20250320,17,02128,1
20250320,17,02129,2
20250320,17,02143,1
20250320,17,02148,1
20250320,17,02171,2
20250320,17,02172,2
20250320,17,02178,2
20250320,17,02179,2
20250320,17,02191,1
20250320,17,03311,2
20250320,18,02111,1
20250320,18,02112,2
20250320,18,02116,2
20250320,18,02122,2
20250320,18,02128,1
20250320,18,02129,1
20250320,18,02130,1
20250320,18,02139,1
20250320,18,02143,1
20250320,18,02148,3
20250320,18,02159,1
20250320,18,02171,5
20250320,18,02172,2
20250320,18,02178,5
20250320,18,02179,2
20250320,18,02185,2
20250320,18,02186,2
20250320,18,02191,3
20250320,18,02198,2
20250320,18,03310,1
20250320,18,03311,4
20250320,18,03802,2
20250320,19,02111,1
20250320,19,02116,1
20250320,19,02122,2
20250320,19,02128,1
20250320,19,02129,1
20250320,19,02139,1
20250320,19,02143,1
20250320,19,02148,1
20250320,19,02159,1
20250320,19,02171,4
20250320,19,02172,2
20250320,19,02179,1
20250320,19,02186,2
20250320,19,02191,1
20250320,19,02198,2
20250320,19,03311,1
20250320,19,03802,1
20250320,2,02111,1
20250320,2,02122,1
20250320,2,02178,1
20250320,20,02111,2
20250320,20,02112,2
20250320,20,02116,2
20250320,20,02122,1
20250320,20,02128,2
20250320,20,02148,1
20250320,20,02171,2
20250320,20,02178,2
20250320,20,02185,1
20250320,20,02186,2
20250320,20,03311,1
20250320,20,03802,4
20250320,21,02111,1
20250320,21,02112,3
20250320,21,02122,1
20250320,21,02128,1
20250320,21,02139,1
20250320,21,02159,2
20250320,21,02171,1
20250320,21,02172,2
20250320,21,02178,1
20250320,21,02179,2
20250320,21,02185,4
20250320,21,02191,1
20250320,21,02199,1
20250320,21,03311,2
20250320,21,03802,3
20250320,22,02111,2
20250320,22,02112,1
20250320,22,02122,1
20250320,22,02128,1
20250320,22,02148,2
20250320,22,02159,2
20250320,22,02171,3
20250320,22,02172,1
20250320,22,02178,2
20250320,22,02179,1
20250320,22,02186,1
20250320,22,02191,1
20250320,22,02198,1
20250320,22,03311,3
20250320,23,02111,2
20250320,23,02112,1
20250320,23,02116,1
20250320,23,02128,1
20250320,23,02171,3
20250320,23,02179,1
20250320,23,03311,3
20250320,5,02116,2
20250320,5,02122,2
20250320,5,02186,1
20250320,6,02111,1
20250320,6,02116,1
20250320,6,02122,1
20250320,6,02159,1
20250320,6,02191,1
20250320,6,03802,1
20250320,7,02111,2
20250320,7,02122,1
20250320,7,02139,2
20250320,7,02179,1
20250320,7,02185,2
20250320,7,02191,3
20250320,7,02198,3
20250320,8,02139,2
20250320,8,02143,2
20250320,8,02148,1
20250320,8,02159,1
20250320,8,02171,1
20250320,8,02172,1
20250320,8,02179,1
20250320,8,02185,4
20250320,8,02186,1
20250320,8,02191,1
20250320,8,03802,3
20250320,9,02111,1
20250320,9,02128,2
20250320,9,02171,1
20250320,9,02179,1
20250320,9,02185,2
20250320,9,02186,1
20250320,9,02191,1
20250320,9,03311,1
20250320,9,03802,1
20250321,0,02111,2
20250321,0,02112,3
20250321,0,02122,1
20250321,0,02129,1
20250321,0,02159,1
20250321,0,02171,3
20250321,0,02179,1
20250321,0,02198,2
20250321,1,02111,3
20250321,1,02112,1
20250321,1,02139,1
20250321,1,02171,3
20250321,1,02179,1
20250321,1,02199,1
20250321,10,02111,1
20250321,10,02128,1
20250321,10,02171,2
20250321,10,02172,1
20250321,10,02185,1
20250321,10,02186,1
20250321,10,02191,1
20250321,10,03311,1
20250321,11,02112,1
20250321,11,02116,1
20250321,11,02128,4
20250321,11,02130,1
20250321,11,02148,1
20250321,11,02178,1
20250321,11,02179,1
20250321,11,02191,2
20250321,11,02198,1
20250321,11,03311,3
20250321,11,03802,3
20250321,12,02128,2
20250321,12,02139,1
20250321,12,02143,3
20250321,12,02148,2
20250321,12,02159,1
20250321,12,02171,1
20250321,12,02172,2
20250321,12,02185,1
20250321,12,02191,1
20250321,12,02198,1
20250321,12,03311,2
20250321,13,02116,1
20250321,13,02128,1
20250321,13,02129,2
20250321,13,02148,2
20250321,13,02171,2
20250321,13,02179,3
20250321,13,02191,1
20250321,13,03311,3
20250321,14,02111,2
20250321,14,02116,3
20250321,14,02128,1
20250321,14,02139,1
20250321,14,02148,1
20250321,14,02159,1
20250321,14,02171,2
20250321,14,02172,1
20250321,14,02179,1
20250321,14,02185,2
20250321,14,02198,2
20250321,14,03311,6
20250321,15,02111,1
20250321,15,02112,1
20250321,15,02116,7
20250321,15,02128,3
20250321,15,02139,1
20250321,15,02159,2
20250321,15,02171,1
20250321,15,02172,2
20250321,15,02178,2
20250321,15,02179,1
20250321,15,02185,1
20250321,15,02191,1
20250321,15,03310,2
20250321,15,03311,2
20250321,16,02111,2
20250321,16,02112,1
20250321,16,02116,1
20250321,16,02128,1
20250321,16,02129,1
20250321,16,02130,1
20250321,16,02148,4
20250321,16,02171,1
20250321,16,02172,1
20250321,16,02178,7
20250321,16,02179,2
20250321,16,02185,2
20250321,16,02186,1
20250321,16,02198,1
20250321,16,03310,1
20250321,16,03311,3
20250321,16,03802,1
20250321,17,02111,3
20250321,17,02112,3
20250321,17,02116,1
20250321,17,02122,1
20250321,17,02130,1
20250321,17,02148,3
20250321,17,02159,2
20250321,17,02171,4
20250321,17,02178,1
20250321,17,02179,2
20250321,17,02185,1
20250321,17,02191,2
20250321,17,02198,2
20250321,17,03311,2
20250321,18,02111,2
20250321,18,02116,1
20250321,18,02122,4
20250321,18,02128,2
20250321,18,02139,1
20250321,18,02148,2
20250321,18,02171,2
20250321,18,02172,3
20250321,18,02178,3
20250321,18,02179,1
20250321,18,02185,1
20250321,18,02191,3
20250321,18,02198,1
20250321,18,03310,1
20250321,18,03311,2
20250321,18,03802,1
20250321,19,02122,1
20250321,19,02139,2
20250321,19,02148,3
20250321,19,02159,2
20250321,19,02171,2
20250321,19,02179,1
20250321,19,02186,1
20250321,19,03310,1
20250321,19,03311,1
20250321,2,02179,1
20250321,2,02198,1
20250321,20,02111,4
20250321,20,02112,3
20250321,20,02122,3
20250321,20,02128,1
20250321,20,02171,6
20250321,20,02172,2
20250321,20,02178,1
20250321,20,02185,1
20250321,20,02186,1
20250321,20,02198,1
20250321,20,02199,2
20250321,20,03311,3
20250321,20,03802,2
20250321,21,02111,2
20250321,21,02112,2
20250321,21,02116,1
20250321,21,02122,2
20250321,21,02130,1
20250321,21,02148,1
20250321,21,02171,4
20250321,21,02172,3
20250321,21,02178,2
20250321,21,02179,2
20250321,21,02185,1
20250321,21,02191,1
20250321,21,02198,1
20250321,21,03311,3
20250321,21,03802,1
20250321,22,02111,5
20250321,22,02112,2
20250321,22,02122,2
20250321,22,02128,1
20250321,22,02171,2
20250321,22,02178,1
20250321,22,02185,2
20250321,22,02186,1
20250321,22,02198,1
20250321,22,03311,1
20250321,22,03802,1
20250321,23,02111,2
20250321,23,02112,2
20250321,23,02178,2
20250321,23,02179,1
20250321,23,02191,3
20250321,23,02199,2
20250321,23,03311,2
20250321,3,02178,1
20250321,3,02179,1
20250321,4,02111,1
20250321,4,02116,1
20250321,5,02128,1
20250321,5,02186,2
20250321,6,02111,1
20250321,6,02112,1
20250321,6,02116,1
20250321,6,02122,1
20250321,6,02148,1
20250321,6,02171,2
20250321,6,02186,1
20250321,7,02112,1
20250321,7,02139,1
20250321,7,02159,1
20250321,7,02178,1
20250321,7,02179,1
20250321,7,02185,2
20250321,7,02186,1
20250321,7,02191,3
20250321,7,02198,2
20250321,7,03802,6
20250321,8,02111,1
20250321,8,02122,2
20250321,8,02128,1
20250321,8,02139,1
20250321,8,02159,1
20250321,8,02171,2
20250321,8,02172,1
20250321,8,02178,1
20250321,8,02179,3
20250321,8,02185,8
20250321,8,02186,1
20250321,8,02191,4
20250321,8,02199,1
20250321,8,03311,1
20250321,8,03802,2
20250321,9,02128,1
20250321,9,02171,1
20250321,9,02178,1
20250321,9,02179,1
20250321,9,02191,1
20250321,9,03311,2
20250321,9,03802,2
20250322,0,02112,1
20250322,0,02116,1
20250322,0,02148,2
20250322,0,02171,3
20250322,0,02178,1
20250322,0,02179,1
20250322,0,02185,1
20250322,0,02186,1
20250322,0,02198,2
20250322,0,02199,1
20250322,0,03311,1
20250322,1,02111,1
20250322,1,02112,1
20250322,1,02122,1
20250322,1,02128,1
20250322,1,02171,5
20250322,1,02178,1
20250322,1,02186,1
20250322,1,02191,1
20250322,1,02198,2
20250322,1,03311,1
20250322,10,02111,1
20250322,10,02112,1
20250322,10,02116,1
20250322,10,02122,1
20250322,10,02130,1
20250322,10,02139,1
20250322,10,02171,3
20250322,10,02178,4
20250322,10,02185,2
20250322,10,02199,1
20250322,10,03310,1
20250322,10,03311,1
20250322,11,02112,2
20250322,11,02116,1
20250322,11,02122,5
20250322,11,02128,1
20250322,11,02129,1
20250322,11,02130,1
20250322,11,02172,1
20250322,11,02178,2
20250322,11,02179,1
20250322,11,02185,2
20250322,11,02198,2
20250322,11,02199,1
20250322,11,03310,2
20250322,11,03311,1
20250322,11,03802,2
20250322,12,02111,2
20250322,12,02112,1
20250322,12,02116,1
20250322,12,02130,2
20250322,12,02139,1
20250322,12,02159,2
20250322,12,02171,2
20250322,12,02178,1
20250322,12,02179,2
20250322,12,02198,1
20250322,12,02199,1
20250322,12,03310,3
20250322,12,03311,1
20250322,12,03802,1
20250322,13,02111,5
20250322,13,02112,2
20250322,13,02116,1
20250322,13,02128,1
20250322,13,02130,1
20250322,13,02143,1
20250322,13,02148,3
20250322,13,02159,3
20250322,13,02171,5
20250322,13,02172,3
20250322,13,02178,1
20250322,13,02185,2
20250322,13,02186,2
20250322,13,02191,1
20250322,13,02198,4
20250322,13,03310,1
20250322,13,03311,1
20250322,14,02111,5
20250322,14,02112,6
20250322,14,02116,4
20250322,14,02122,3
20250322,14,02129,2
20250322,14,02130,4
20250322,14,02148,2
20250322,14,02159,5
20250322,14,02171,2
20250322,14,02172,1
20250322,14,02178,2
20250322,14,02179,5
20250322,14,02185,1
20250322,14,02186,1
20250322,14,02191,3
20250322,14,02198,2
20250322,14,02199,2
20250322,14,03310,1
20250322,14,03311,3
20250322,14,03802,3
20250322,15,02111,7
20250322,15,02112,3
20250322,15,02116,3
20250322,15,02122,1
20250322,15,02128,1
20250322,15,02129,3
20250322,15,02130,2
20250322,15,02139,2
20250322,15,02171,3
20250322,15,02172,5
20250322,15,02178,5
20250322,15,02179,2
20250322,15,02191,2
20250322,15,03311,2
20250322,16,02111,4
20250322,16,02112,1
20250322,16,02116,2
20250322,16,02122,2
20250322,16,02129,2
20250322,16,02148,3
20250322,16,02171,1
20250322,16,02172,2
20250322,16,02178,2
20250322,16,02179,1
20250322,16,02185,2
20250322,16,02191,2
20250322,16,03311,1
20250322,16,03802,2
20250322,17,02111,2
20250322,17,02112,1
20250322,17,02116,1
20250322,17,02128,3
20250322,17,02129,3
20250322,17,02139,1
20250322,17,02171,1
20250322,17,02172,4
20250322,17,02179,4
20250322,17,02185,2
20250322,17,02198,3
20250322,17,03802,1
20250322,18,02111,2
20250322,18,02112,1
20250322,18,02116,2
20250322,18,02122,1
20250322,18,02128,1
20250322,18,02129,1
20250322,18,02130,1
20250322,18,02171,4
20250322,18,02178,1
20250322,18,02185,1
20250322,18,02186,2
20250322,18,02191,2
20250322,18,02198,1
20250322,18,03310,1
20250322,18,03311,2
20250322,18,03802,1
20250322,19,02111,2
20250322,19,02112,1
20250322,19,02116,1
20250322,19,02139,1
20250322,19,02148,2
20250322,19,02171,2
20250322,19,02172,1
20250322,19,02178,1
20250322,19,02179,1
20250322,19,02185,2
20250322,19,02191,1
20250322,19,03311,1
20250322,19,03802,1
20250322,2,02111,1
20250322,2,02112,2
20250322,2,02116,1
20250322,2,02129,2
20250322,2,02148,1
20250322,2,02172,1
20250322,2,02179,2
20250322,2,02198,1
20250322,20,02112,1
20250322,20,02116,1
20250322,20,02128,1
20250322,20,02129,1
20250322,20,02171,1
20250322,20,02172,1
20250322,20,02179,2
20250322,20,02185,2
20250322,20,02186,2
20250322,20,02191,3
20250322,20,02198,1
20250322,20,02199,1
20250322,21,02111,1
20250322,21,02112,4
20250322,21,02116,2
20250322,21,02122,2
20250322,21,02171,3
20250322,21,02178,2
20250322,21,02179,1
20250322,21,02185,2
20250322,21,02191,1
20250322,21,03802,2
20250322,22,02111,2
20250322,22,02112,1
20250322,22,02129,1
20250322,22,02148,2
20250322,22,02159,5
20250322,22,02171,3
20250322,22,02178,2
20250322,22,02179,1
20250322,22,02185,1
20250322,22,02198,1
20250322,23,02116,1
20250322,23,02122,1
20250322,23,02171,2
20250322,23,02179,4
20250322,23,02185,1
20250322,23,02199,1
20250322,3,02186,1
20250322,3,02191,1
20250322,4,02116,2
20250322,4,02148,1
20250322,5,02112,1
20250322,5,02128,1
20250322,5,02179,1
20250322,5,02185,2
20250322,6,02111,1
20250322,6,02185,1
20250322,7,02111,1
20250322,7,02116,1
20250322,7,02172,1
20250322,7,02185,2
20250322,7,02198,1
20250322,7,03802,2
20250322,8,02111,1
20250322,8,02112,1
20250322,8,02148,1
20250322,8,02159,3
20250322,8,02178,1
20250322,8,02191,2
20250322,8,02198,1
20250322,8,03310,3
20250322,9,02111,3
20250322,9,02112,1
20250322,9,02130,3
20250322,9,02148,2
20250322,9,02185,2
20250322,9,02191,1
20250322,9,03310,1
20250323,0,02111,2
20250323,0,02112,1
20250323,0,02116,3
20250323,0,02129,1
20250323,0,02148,1
20250323,0,02171,2
20250323,0,02179,1
20250323,0,02185,1
20250323,0,02186,1
20250323,0,02198,2
20250323,1,02111,1
20250323,1,02112,2
20250323,1,02129,1
20250323,1,02148,1
20250323,1,02171,1
20250323,1,02178,1
20250323,1,02185,2
20250323,1,02198,2
20250323,1,02199,1
20250323,10,02111,2
20250323,10,02112,1
20250323,10,02116,2
20250323,10,02122,1
20250323,10,02148,2
20250323,10,02159,2
20250323,10,02171,2
20250323,10,02172,2
20250323,10,02178,2
20250323,10,02179,1
20250323,10,02185,1
20250323,10,02186,1
20250323,10,02191,2
20250323,10,02198,3
20250323,10,02199,1
20250323,10,03311,2
20250323,10,03802,2
20250323,11,02111,4
20250323,11,02112,2
20250323,11,02116,1
20250323,11,02129,4
20250323,11,02130,1
20250323,11,02148,2
20250323,11,02171,3
20250323,11,02172,2
20250323,11,02178,1
20250323,11,02179,4
20250323,11,02186,1
20250323,11,02191,1
20250323,11,02198,4
20250323,11,02199,3
20250323,11,03311,1
20250323,11,03802,3
20250323,12,02111,2
20250323,12,02116,2
20250323,12,02128,2
20250323,12,02129,1
20250323,12,02148,4
20250323,12,02159,3
20250323,12,02171,3
20250323,12,02172,1
20250323,12,02178,1
20250323,12,02179,2
20250323,12,02185,4
20250323,12,02191,2
20250323,12,02198,1
20250323,12,03311,2
20250323,12,03802,2
20250323,13,02111,2
20250323,13,02112,6
20250323,13,02116,1
20250323,13,02122,9
20250323,13,02129,2
20250323,13,02130,2
20250323,13,02139,1
20250323,13,02148,1
20250323,13,02171,9
20250323,13,02172,6
20250323,13,02178,1
20250323,13,02179,1
20250323,13,02185,3
20250323,13,02186,2
20250323,13,02191,1
20250323,13,02198,1
20250323,13,02199,4
20250323,13,03311,2
20250323,13,03802,1
20250323,14,02111,7
20250323,14,02112,2
20250323,14,02116,4
20250323,14,02122,8
20250323,14,02129,1
20250323,14,02148,4
20250323,14,02159,1
20250323,14,02171,5
20250323,14,02172,1
20250323,14,02178,2
20250323,14,02179,4
20250323,14,02185,1
20250323,14,02186,2
20250323,14,02191,1
20250323,14,02198,3
20250323,14,03311,1
20250323,14,03802,3
20250323,15,02111,4
20250323,15,02112,1
20250323,15,02122,3
20250323,15,02128,1
20250323,15,02129,4
20250323,15,02139,1
20250323,15,02148,6
20250323,15,02159,1
20250323,15,02171,1
20250323,15,02172,4
20250323,15,02178,1
20250323,15,02179,4
20250323,15,02185,5
20250323,15,02186,2
20250323,15,02191,1
20250323,15,03311,2
20250323,16,02111,3
20250323,16,02112,5
20250323,16,02116,2
20250323,16,02122,3
20250323,16,02128,2
20250323,16,02129,3
20250323,16,02148,2
20250323,16,02159,2
20250323,16,02171,12
20250323,16,02172,3
20250323,16,02178,2
20250323,16,02179,3
20250323,16,02186,3
20250323,16,02191,1
20250323,16,02198,3
20250323,16,03311,4
20250323,16,03802,2
20250323,17,02111,5
20250323,17,02112,2
20250323,17,02122,1
20250323,17,02129,2
20250323,17,02143,2
20250323,17,02148,1
20250323,17,02159,3
20250323,17,02172,5
20250323,17,02178,3
20250323,17,02179,4
20250323,17,02185,2
20250323,17,02186,1
20250323,17,02199,1
20250323,17,03802,1
20250323,18,02111,2
20250323,18,02112,2
20250323,18,02116,2
20250323,18,02122,5
20250323,18,02128,1
20250323,18,02129,4
20250323,18,02139,2
20250323,18,02148,2
20250323,18,02171,7
20250323,18,02178,1
20250323,18,02179,2
20250323,18,02185,2
20250323,18,02191,1
20250323,18,02198,1
20250323,18,03802,2
20250323,19,02111,5
20250323,19,02112,6
20250323,19,02116,3
20250323,19,02129,2
20250323,19,02171,4
20250323,19,02172,1
20250323,19,02178,3
20250323,19,02179,3
20250323,19,02186,1
20250323,19,02191,1
20250323,19,02198,1
20250323,19,03311,4
20250323,2,02111,1
20250323,2,02112,1
20250323,2,02171,1
20250323,2,02198,4
20250323,20,02111,1
20250323,20,02112,1
20250323,20,02116,2
20250323,20,02128,1
20250323,20,02129,1
20250323,20,02148,1
20250323,20,02159,1
20250323,20,02171,2
20250323,20,02179,3
20250323,20,02185,3
20250323,20,02186,1
20250323,20,02191,3
20250323,20,02198,2
20250323,20,02199,1
20250323,20,03311,1
20250323,21,02112,4
20250323,21,02116,2
20250323,21,02122,1
20250323,21,02148,1
20250323,21,02171,2
20250323,21,02179,1
20250323,21,02185,1
20250323,21,03311,1
20250323,22,02111,1
20250323,22,02112,2
20250323,22,02116,2
20250323,22,02128,2
20250323,22,02129,1
20250323,22,02148,1
20250323,22,02171,2
20250323,22,02172,2
20250323,22,02178,1
20250323,22,02179,2
20250323,22,02185,1
20250323,22,02186,1
20250323,22,02191,1
20250323,22,02198,2
20250323,22,03311,1
20250323,23,02111,4
20250323,23,02116,2
20250323,23,02122,2
20250323,23,02128,2
20250323,23,02171,1
20250323,23,02178,1
20250323,23,02186,2
20250323,23,02191,1
20250323,23,02198,1
20250323,23,03311,2
20250323,3,02116,2
20250323,3,02129,1
20250323,3,02185,1
20250323,3,02186,2
20250323,4,02198,1
20250323,5,02116,1
20250323,5,02178,1
20250323,5,02191,1
20250323,6,02179,1
20250323,6,02185,1
20250323,6,02191,1
20250323,6,03310,1
20250323,7,02128,1
20250323,7,02179,1
20250323,7,02185,1
20250323,7,02191,1
20250323,8,02111,1
20250323,8,02122,2
20250323,8,02159,1
20250323,8,02171,1
20250323,8,02191,2
20250323,8,02198,1
20250323,9,02111,3
20250323,9,02112,3
20250323,9,02116,2
20250323,9,02122,1
20250323,9,02128,1
20250323,9,02139,1
20250323,9,02148,2
20250323,9,02159,1
20250323,9,02171,2
20250323,9,02172,4
20250323,9,02179,2
20250323,9,02198,1
20250323,9,02199,1
20250324,0,02111,3
20250324,0,02116,1
20250324,0,02122,1
20250324,0,02128,2
20250324,0,02129,1
20250324,0,02148,1
20250324,0,02159,1
20250324,0,02171,2
20250324,0,02172,1
20250324,0,02178,1
20250324,0,02179,1
20250324,0,02185,1
20250324,0,03311,1
20250324,1,02112,1
20250324,1,02116,1
20250324,1,02139,1
20250324,1,02185,1
20250324,1,02191,1
20250324,1,02198,1
20250324,10,02111,2
20250324,10,02148,1
20250324,10,02171,2
20250324,10,02178,1
20250324,10,02179,2
20250324,10,02186,1
20250324,10,02191,1
20250324,10,03310,2
20250324,10,03311,2
20250324,10,03802,2
20250324,11,02122,2
20250324,11,02130,2
20250324,11,02139,1
20250324,11,02171,1
20250324,11,02178,1
20250324,11,02185,1
20250324,11,02186,1
20250324,11,02198,2
20250324,11,02199,1
20250324,11,03310,2
20250324,11,03311,1
20250324,11,03802,4
20250324,12,02116,1
20250324,12,02122,1
20250324,12,02148,2
20250324,12,02171,1
20250324,12,02178,1
20250324,12,02185,3
20250324,12,02191,1
20250324,12,02199,1
20250324,12,03311,4
20250324,12,03802,2
20250324,13,02116,1
20250324,13,02128,2
20250324,13,02129,1
20250324,13,02148,3
20250324,13,02171,5
20250324,13,02172,3
20250324,13,02178,2
20250324,13,02186,2
20250324,13,02191,1
20250324,13,02198,1
20250324,13,03310,1
20250324,14,02112,1
20250324,14,02128,1
20250324,14,02139,1
20250324,14,02148,4
20250324,14,02171,3
20250324,14,02172,1
20250324,14,02178,1
20250324,14,02179,2
20250324,14,02186,1
20250324,14,02191,1
20250324,14,02198,1
20250324,14,02199,1
20250324,14,03310,3
20250324,14,03311,1
20250324,15,02111,5
20250324,15,02112,2
20250324,15,02116,2
20250324,15,02128,1
20250324,15,02139,1
20250324,15,02171,3
20250324,15,02172,2
20250324,15,02178,1
20250324,15,02185,1
20250324,15,02186,1
20250324,15,02191,2
20250324,15,02198,2
20250324,15,03310,2
20250324,15,03311,1
20250324,16,02111,3
20250324,16,02112,3
20250324,16,02116,1
20250324,16,02128,1
20250324,16,02129,1
20250324,16,02139,1
20250324,16,02148,6
20250324,16,02171,3
20250324,16,02178,3
20250324,16,02179,1
20250324,16,02185,4
20250324,16,02191,2
20250324,16,02198,1
20250324,16,02199,1
20250324,16,03310,1
20250324,16,03311,3
20250324,16,03802,1
20250324,17,02111,3
20250324,17,02112,1
20250324,17,02116,1
20250324,17,02122,2
20250324,17,02129,3
20250324,17,02130,1
20250324,17,02148,4
20250324,17,02171,2
20250324,17,02178,5
20250324,17,02179,1
20250324,17,02185,1
20250324,17,03310,1
20250324,17,03311,1
20250324,18,02112,1
20250324,18,02116,1
20250324,18,02122,3
20250324,18,02128,4
20250324,18,02129,5
20250324,18,02139,2
20250324,18,02143,1
20250324,18,02148,2
20250324,18,02159,1
20250324,18,02171,9
20250324,18,02172,2
20250324,18,02178,5
20250324,18,02179,3
20250324,18,02185,1
20250324,18,02186,3
20250324,18,02191,2
20250324,18,02198,4
20250324,18,03310,1
20250324,18,03311,5
20250324,19,02111,6
20250324,19,02112,5
20250324,19,02116,3
20250324,19,02122,5
20250324,19,02128,1
20250324,19,02129,3
20250324,19,02130,1
20250324,19,02139,1
20250324,19,02148,2
20250324,19,02159,1
20250324,19,02171,4
20250324,19,02172,1
20250324,19,02178,2
20250324,19,02179,3
20250324,19,02185,2
20250324,19,02186,2
20250324,19,02191,1
20250324,19,02198,1
20250324,2,02111,1
20250324,2,02128,1
20250324,2,02148,1
20250324,2,02172,1
20250324,20,02111,3
20250324,20,02112,1
20250324,20,02116,1
20250324,20,02122,1
20250324,20,02129,1
20250324,20,02130,1
20250324,20,02148,1
20250324,20,02159,1
20250324,20,02171,5
20250324,20,02178,3
20250324,20,02185,1
20250324,20,02198,4
20250324,20,02199,3
20250324,20,03310,3
20250324,20,03311,3
20250324,20,03802,5
20250324,21,02111,1
20250324,21,02112,4
20250324,21,02116,3
20250324,21,02122,2
20250324,21,02128,1
20250324,21,02129,1
20250324,21,02148,1
20250324,21,02159,1
20250324,21,02171,3
20250324,21,02178,3
20250324,21,02179,2
20250324,21,02185,1
20250324,21,02186,3
20250324,21,02198,2
20250324,21,03310,1
20250324,21,03311,2
20250324,21,03802,3
20250324,22,02111,2
20250324,22,02112,3
20250324,22,02116,1
20250324,22,02122,1
20250324,22,02128,2
20250324,22,02139,1
20250324,22,02148,2
20250324,22,02159,1
20250324,22,02171,4
20250324,22,02172,2
20250324,22,02179,1
20250324,22,02185,2
20250324,22,02186,1
20250324,22,02191,2
20250324,22,03311,2
20250324,22,03802,3
20250324,23,02111,1
20250324,23,02112,3
20250324,23,02122,1
20250324,23,02148,1
20250324,23,02171,3
20250324,23,02172,2
20250324,23,02178,2
20250324,23,02179,1
20250324,23,02186,1
20250324,23,02191,1
20250324,23,02198,2
20250324,3,02112,1
20250324,3,02116,1
20250324,3,02129,1
20250324,3,02178,1
20250324,3,02198,1
20250324,4,02111,1
20250324,4,02139,1
20250324,4,02148,1
20250324,5,02122,2
20250324,5,02185,2
20250324,5,02186,1
20250324,5,02191,1
20250324,5,03310,1
20250324,6,02111,1
20250324,6,02112,1
20250324,6,02116,1
20250324,6,02122,1
20250324,6,02159,2
20250324,6,02171,1
20250324,6,03802,1
20250324,7,02111,2
20250324,7,02129,1
20250324,7,02130,1
20250324,7,02172,1
20250324,7,02178,1
20250324,7,02185,2
20250324,7,02186,4
20250324,7,02191,2
20250324,7,02198,5
20250324,7,03802,2
20250324,8,02111,3
20250324,8,02116,2
20250324,8,02122,2
20250324,8,02143,1
20250324,8,02159,1
20250324,8,02171,2
20250324,8,02172,1
20250324,8,02179,4
20250324,8,02185,4
20250324,8,02191,2
20250324,8,02198,1
20250324,8,03311,2
20250324,8,03802,3
20250324,9,02111,2
20250324,9,02122,1
20250324,9,02128,1
20250324,9,02129,1
20250324,9,02148,5
20250324,9,02172,2
20250324,9,02179,2
20250324,9,02185,2
20250324,9,02186,1
20250324,9,02191,3
20250324,9,03802,1
20250325,0,02111,1
20250325,0,02112,1
20250325,0,02122,1
20250325,0,02171,1
20250325,0,02179,1
20250325,0,02198,2
20250325,0,03311,1
20250325,1,02111,1
20250325,1,02116,1
20250325,1,02128,1
20250325,1,02171,1
20250325,1,02178,1
20250325,10,02116,3
20250325,10,02122,1
20250325,10,02128,2
20250325,10,02143,1
20250325,10,02148,1
20250325,10,02178,1
20250325,10,02179,1
20250325,10,02185,2
20250325,10,03310,2
20250325,10,03311,1
20250325,11,02111,3
20250325,11,02128,1
20250325,11,02129,1
20250325,11,02130,1
20250325,11,02148,1
20250325,11,02171,2
20250325,11,02178,4
20250325,11,02179,1
20250325,11,02185,3
20250325,11,02198,1
20250325,11,03310,2
20250325,11,03311,2
20250325,11,03802,2
20250325,12,02111,1
20250325,12,02116,2
20250325,12,02128,1
20250325,12,02143,1
20250325,12,02148,1
20250325,12,02171,3
20250325,12,02172,1
20250325,12,02178,2
20250325,12,02185,3
20250325,12,02191,1
20250325,12,02198,1
20250325,12,03310,1
20250325,12,03311,1
20250325,13,02111,2
20250325,13,02112,1
20250325,13,02116,1
20250325,13,02139,1
20250325,13,02148,3
20250325,13,02171,1
20250325,13,02172,1
20250325,13,02185,1
20250325,13,02191,1
20250325,13,03310,1
20250325,13,03311,1
20250325,14,02111,3
20250325,14,02116,2
20250325,14,02171,2
20250325,14,02172,1
20250325,14,02178,1
20250325,14,02185,1
20250325,14,02191,2
20250325,14,02198,1
20250325,14,03311,2
20250325,14,03802,2
20250325,15,02112,2
20250325,15,02116,2
20250325,15,02128,1
20250325,15,02143,2
20250325,15,02148,1
20250325,15,02171,1
20250325,15,02179,1
20250325,15,03310,1
20250325,15,03311,1
20250325,16,02112,2
20250325,16,02122,1
20250325,16,02130,1
20250325,16,02159,1
20250325,16,02171,1
20250325,16,02172,1
20250325,16,02178,4
20250325,16,02179,2
20250325,16,02185,1
20250325,16,02191,1
20250325,16,03310,1
20250325,16,03311,2
20250325,17,02112,1
20250325,17,02116,2
20250325,17,02129,2
20250325,17,02139,2
20250325,17,02171,5
20250325,17,02172,2
20250325,17,02178,5
20250325,17,02179,2
20250325,17,02185,2
20250325,17,02191,2
20250325,17,03311,4
20250325,18,02111,3
20250325,18,02112,1
20250325,18,02116,2
20250325,18,02122,1
20250325,18,02139,1
20250325,18,02143,1
20250325,18,02148,4
20250325,18,02171,4
20250325,18,02178,4
20250325,18,02185,3
20250325,18,02186,4
20250325,18,02191,1
20250325,18,02199,1
20250325,18,03310,1
20250325,18,03802,1
20250325,19,02111,1
20250325,19,02116,2
20250325,19,02122,1
20250325,19,02148,5
20250325,19,02172,1
20250325,19,02179,1
20250325,19,02185,1
20250325,19,03310,1
20250325,19,03311,1
20250325,19,03802,1
20250325,2,02111,1
20250325,2,02116,2
20250325,2,02128,1
20250325,2,02198,2
20250325,20,02111,1
20250325,20,02112,1
20250325,20,02116,3
20250325,20,02122,1
20250325,20,02128,1
20250325,20,02130,1
20250325,20,02171,2
20250325,20,02178,2
20250325,20,02179,1
20250325,20,02191,2
20250325,20,02198,5
20250325,20,02199,2
20250325,20,03310,1
20250325,20,03311,2
20250325,20,03802,4
20250325,21,02111,2
20250325,21,02112,3
20250325,21,02116,2
20250325,21,02128,1
20250325,21,02130,1
20250325,21,02171,2
20250325,21,02178,2
20250325,21,02185,1
20250325,21,02186,2
20250325,21,02198,2
20250325,21,03802,3
20250325,22,02111,1
20250325,22,02122,2
20250325,22,02128,2
20250325,22,02148,2
20250325,22,02171,3
20250325,22,02172,1
20250325,22,02178,2
20250325,22,02186,1
20250325,22,02191,2
20250325,22,02198,1
20250325,22,03311,2
20250325,22,03802,2
20250325,23,02122,1
20250325,23,02148,1
20250325,23,02178,1
20250325,23,02179,1
20250325,23,02185,1
20250325,23,02191,2
20250325,23,02198,1
20250325,23,03311,2
20250325,3,02116,1
20250325,3,02198,1
20250325,4,02172,1
20250325,4,02185,1
20250325,5,02112,1
20250325,5,02122,1
20250325,5,02139,1
20250325,5,02179,1
20250325,5,02185,1
20250325,5,02186,1
20250325,6,02116,1
20250325,6,02122,2
20250325,6,02185,1
20250325,6,03802,2
20250325,7,02111,1
20250325,7,02139,2
20250325,7,02143,1
20250325,7,02159,1
20250325,7,02171,1
20250325,7,02179,2
20250325,7,02185,2
20250325,7,02186,1
20250325,7,02191,3
20250325,7,02198,1
20250325,7,03311,1
20250325,7,03802,1
20250325,8,02111,1
20250325,8,02116,1
20250325,8,02122,1
20250325,8,02139,2
20250325,8,02148,1
20250325,8,02171,1
20250325,8,02185,5
20250325,8,02191,5
20250325,8,02198,1
20250325,8,03802,4
20250325,9,02112,2
20250325,9,02128,2
20250325,9,02148,2
20250325,9,02171,1
20250325,9,02172,1
20250325,9,02179,1
20250325,9,02185,1
20250325,9,02191,3
20250325,9,02198,1
20250325,9,02199,1
20250325,9,03311,1
20250325,9,03802,1
20250326,0,02111,1
20250326,0,02148,1
20250326,0,02171,1
20250326,0,02178,2
20250326,0,02179,2
20250326,0,02185,1
20250326,0,02186,2
20250326,0,03311,1
20250326,1,02122,1
20250326,1,02128,1
20250326,1,02171,1
20250326,1,02186,1
20250326,10,02116,1
20250326,10,02130,1
20250326,10,02148,1
20250326,10,02159,1
20250326,10,02171,1
20250326,10,02178,2
20250326,10,02179,2
20250326,10,02185,2
20250326,10,02186,1
20250326,10,02198,2
20250326,10,03311,2
20250326,10,03802,2
20250326,11,02111,3
20250326,11,02116,1
20250326,11,02128,1
20250326,11,02130,1
20250326,11,02139,1
20250326,11,02148,1
20250326,11,02159,2
20250326,11,02171,1
20250326,11,02185,1
20250326,11,02191,1
20250326,11,02198,1
20250326,11,03311,1
20250326,11,03802,1
20250326,12,02116,2
20250326,12,02122,1
20250326,12,02128,1
20250326,12,02129,2
20250326,12,02139,1
20250326,12,02159,1
20250326,12,02172,1
20250326,12,02178,2
20250326,12,02179,3
20250326,12,02198,1
20250326,12,03802,2
20250326,13,02111,3
20250326,13,02116,2
20250326,13,02128,2
20250326,13,02129,1
20250326,13,02130,1
20250326,13,02139,1
20250326,13,02148,2
20250326,13,02178,1
20250326,13,02179,5
20250326,13,02185,1
20250326,13,02186,1
20250326,13,02191,1
20250326,13,02199,1
20250326,13,03311,1
20250326,14,02111,3
20250326,14,02116,1
20250326,14,02128,2
20250326,14,02130,1
20250326,14,02148,4
20250326,14,02171,2
20250326,14,02172,1
20250326,14,02191,1
20250326,14,03311,3
20250326,15,02112,2
20250326,15,02122,1
20250326,15,02128,2
20250326,15,02129,1
20250326,15,02171,2
20250326,15,02178,1
20250326,15,02185,1
20250326,15,02191,1
20250326,15,02199,1
20250326,15,03311,2
20250326,16,02111,3
20250326,16,02116,2
20250326,16,02128,1
20250326,16,02129,1
20250326,16,02148,1
20250326,16,02159,1
20250326,16,02171,2
20250326,16,02178,3
20250326,16,02179,6
20250326,16,02185,1
20250326,16,02191,1
20250326,16,02198,2
20250326,16,03310,1
20250326,16,03311,4
20250326,16,03802,1
20250326,17,02112,2
20250326,17,02116,1
20250326,17,02128,1
20250326,17,02129,3
20250326,17,02130,1
20250326,17,02143,1
20250326,17,02148,2
20250326,17,02159,1
20250326,17,02172,1
20250326,17,02178,3
20250326,17,02179,1
20250326,17,02185,3
20250326,17,02198,1
20250326,17,03311,3
20250326,18,02111,2
20250326,18,02112,4
20250326,18,02116,2
20250326,18,02122,1
20250326,18,02128,2
20250326,18,02129,4
20250326,18,02130,1
20250326,18,02139,1
20250326,18,02143,2
20250326,18,02148,1
20250326,18,02159,1
20250326,18,02171,3
20250326,18,02172,9
20250326,18,02178,3
20250326,18,02179,2
20250326,18,02185,4
20250326,18,02186,2
20250326,18,02198,3
20250326,18,02199,1
20250326,18,03310,1
20250326,18,03311,3
20250326,19,02111,6
20250326,19,02112,2
20250326,19,02116,3
20250326,19,02122,4
20250326,19,02128,1
20250326,19,02130,3
20250326,19,02139,1
20250326,19,02143,1
20250326,19,02171,2
20250326,19,02172,1
20250326,19,02178,3
20250326,19,02179,5
20250326,19,02185,2
20250326,19,02191,2
20250326,19,02198,1
20250326,20,02111,3
20250326,20,02112,1
20250326,20,02129,2
20250326,20,02130,2
20250326,20,02148,3
20250326,20,02159,2
20250326,20,02171,2
20250326,20,02172,1
20250326,20,02178,2
20250326,20,02179,3
20250326,20,02185,3
20250326,20,02186,1
20250326,20,02191,1
20250326,20,02199,1
20250326,20,03311,5
20250326,20,03802,3
20250326,21,02111,1
20250326,21,02116,4
20250326,21,02122,2
20250326,21,02128,2
20250326,21,02129,1
20250326,21,02159,1
20250326,21,02171,3
20250326,21,02172,1
20250326,21,02178,3
20250326,21,02179,1
20250326,21,02185,4
20250326,21,02186,1
20250326,21,02191,1
20250326,21,02198,1
20250326,21,02199,1
20250326,21,03311,4
20250326,22,02111,4
20250326,22,02112,7
20250326,22,02116,2
20250326,22,02122,1
20250326,22,02128,3
20250326,22,02129,1
20250326,22,02139,1
20250326,22,02143,1
20250326,22,02171,2
20250326,22,02172,1
20250326,22,02179,1
20250326,22,02185,1
20250326,22,02191,1
20250326,22,02198,3
20250326,22,03311,2
20250326,22,03802,1
20250326,23,02111,2
20250326,23,02112,1
20250326,23,02171,2
20250326,23,02172,1
20250326,23,02178,1
20250326,23,02179,3
20250326,23,02186,2
20250326,23,02191,1
20250326,23,03310,1
20250326,23,03311,2
20250326,3,03310,1
20250326,4,02111,1
20250326,4,02171,2
20250326,4,02179,1
20250326,5,02122,2
20250326,5,02128,1
20250326,5,02139,1
20250326,5,02171,1
20250326,5,02178,1
20250326,5,02185,1
20250326,5,02186,1
20250326,6,02111,1
20250326,6,02116,1
20250326,6,02122,1
20250326,6,02148,1
20250326,6,02159,1
20250326,6,02191,1
20250326,6,03802,2
20250326,7,02111,3
20250326,7,02112,1
20250326,7,02128,1
20250326,7,02139,3
20250326,7,02159,1
20250326,7,02185,3
20250326,7,02186,2
20250326,7,02191,3
20250326,7,02198,3
20250326,7,03310,2
20250326,7,03802,8
20250326,8,02111,2
20250326,8,02122,1
20250326,8,02128,1
20250326,8,02139,2
20250326,8,02143,1
20250326,8,02148,2
20250326,8,02159,1
20250326,8,02171,3
20250326,8,02179,1
20250326,8,02185,5
20250326,8,02186,2
20250326,8,02191,3
20250326,8,02198,1
20250326,8,03310,1
20250326,8,03311,2
20250326,8,03802,1
20250326,9,02111,1
20250326,9,02112,1
20250326,9,02116,1
20250326,9,02122,1
20250326,9,02128,1
20250326,9,02129,1
20250326,9,02148,4
20250326,9,02171,1
20250326,9,02172,2
20250326,9,02179,2
20250326,9,02185,1
20250326,9,02191,3
20250326,9,02199,1
20250326,9,03311,2
20250326,9,03802,1
20250327,0,02111,3
20250327,0,02112,2
20250327,0,02116,2
20250327,0,02122,1
20250327,0,02128,1
20250327,0,02171,1
20250327,0,02172,1
20250327,0,02179,3
20250327,0,02186,1
20250327,0,02191,1
20250327,0,02198,2
20250327,0,02199,1
20250327,1,02111,1
20250327,1,02112,1
20250327,1,02128,2
20250327,1,02171,1
20250327,1,02198,1
20250327,1,03311,1
20250327,10,02128,1
20250327,10,02179,3
20250327,10,02186,1
20250327,10,02191,2
20250327,11,02111,2
20250327,11,02116,2
20250327,11,02130,1
20250327,11,02143,1
20250327,11,02171,2
20250327,11,02179,1
20250327,11,02185,2
20250327,11,03802,2
20250327,12,02111,2
20250327,12,02112,1
20250327,12,02128,2
20250327,12,02143,1
20250327,12,02148,1
20250327,12,02171,2
20250327,12,02178,1
20250327,12,02185,1
20250327,12,02191,1
20250327,12,03310,1
20250327,12,03311,1
20250327,13,02111,1
20250327,13,02129,1
20250327,13,02179,1
20250327,13,02185,2
20250327,13,02186,1
20250327,13,02191,1
20250327,13,02199,1
20250327,13,03311,2
20250327,14,02116,1
20250327,14,02129,1
20250327,14,02139,1
20250327,14,02148,1
20250327,14,02171,1
20250327,14,02172,1
20250327,14,02178,1
20250327,14,02186,1
20250327,14,03311,2
20250327,14,03802,1
20250327,15,02111,1
20250327,15,02112,1
20250327,15,02116,2
20250327,15,02139,3
20250327,15,02148,1
20250327,15,02159,1
20250327,15,02172,1
20250327,15,02178,2
20250327,15,02179,1
20250327,15,02185,2
20250327,15,02198,2
20250327,15,03311,3
20250327,16,02129,1
20250327,16,02139,1
20250327,16,02148,1
20250327,16,02159,2
20250327,16,02171,1
20250327,16,02178,2
20250327,16,02179,3
20250327,16,02185,1
20250327,16,02186,1
20250327,16,02191,2
20250327,16,02198,2
20250327,16,03310,3
20250327,16,03311,1
20250327,17,02111,3
20250327,17,02122,1
20250327,17,02139,1
20250327,17,02148,3
20250327,17,02171,2
20250327,17,02172,2
20250327,17,02178,5
20250327,17,02179,2
20250327,17,02185,1
20250327,17,02199,1
20250327,17,03310,3
20250327,17,03311,3
20250327,18,02111,5
20250327,18,02112,5
20250327,18,02116,3
20250327,18,02122,5
20250327,18,02128,3
20250327,18,02129,4
20250327,18,02139,2
20250327,18,02143,1
20250327,18,02171,4
20250327,18,02172,4
20250327,18,02178,3
20250327,18,02179,4
20250327,18,02185,4
20250327,18,02186,3
20250327,18,02191,1
20250327,18,02198,2
20250327,18,02199,1
20250327,18,03310,2
20250327,18,03311,3
20250327,18,03802,2
20250327,19,02111,1
20250327,19,02112,3
20250327,19,02116,1
20250327,19,02122,1
20250327,19,02128,2
20250327,19,02129,2
20250327,19,02130,1
20250327,19,02143,1
20250327,19,02148,1
20250327,19,02159,1
20250327,19,02171,3
20250327,19,02172,1
20250327,19,02178,1
20250327,19,02179,2
20250327,19,02186,3
20250327,19,02198,1
20250327,19,03310,1
20250327,19,03311,3
20250327,19,03802,1
20250327,2,02122,1
20250327,2,02143,1
20250327,2,02179,2
20250327,2,02191,3
20250327,2,03311,1
20250327,20,02111,1
20250327,20,02112,1
20250327,20,02128,1
20250327,20,02143,1
20250327,20,02148,3
20250327,20,02159,1
20250327,20,02171,4
20250327,20,02179,1
20250327,20,02186,1
20250327,20,03802,4
20250327,21,02171,1
20250327,21,02178,1
20250327,21,02186,1
20250327,21,03311,1
20250327,22,02112,2
20250327,22,02116,2
20250327,22,02122,1
20250327,22,02130,1
20250327,22,02171,1
20250327,22,02185,1
20250327,22,02186,1
20250327,23,02111,1
20250327,23,02116,2
20250327,23,02129,1
20250327,23,02148,1
20250327,23,02191,1
20250327,3,02111,1
20250327,3,02179,1
20250327,3,02185,1
20250327,5,02122,1
20250327,5,02128,1
20250327,5,02178,1
20250327,5,02185,1
20250327,5,02186,1
20250327,6,02122,2
20250327,6,03802,1
20250327,7,02129,1
20250327,7,02139,1
20250327,7,02179,1
20250327,7,02185,1
20250327,7,02186,2
20250327,7,02191,1
20250327,7,02198,1
20250327,8,02112,1
20250327,8,02171,2
20250327,8,02185,2
20250327,8,02186,1
20250327,8,02191,1
20250327,9,02111,1
20250327,9,02148,2
20250327,9,02172,1
20250327,9,02179,1
20250327,9,02186,1
20250327,9,02191,3
20250328,0,02112,1
20250328,0,02116,2
20250328,0,02128,1
20250328,0,02159,1
20250328,0,02171,2
20250328,0,02179,1
20250328,0,03311,1
20250328,1,02128,1
20250328,1,02139,1
20250328,1,02172,1
20250328,1,02178,2
20250328,1,02179,1
20250328,10,02111,2
20250328,10,02116,1
20250328,10,02128,3
20250328,10,02129,1
20250328,10,02148,1
20250328,10,02159,1
20250328,10,02172,1
20250328,10,02178,1
20250328,10,02179,2
20250328,10,02185,2
20250328,10,02186,1
20250328,10,02191,1
20250328,10,03311,2
20250328,10,03802,1
20250328,11,02111,2
20250328,11,02112,1
20250328,11,02116,2
20250328,11,02122,1
20250328,11,02130,1
20250328,11,02139,1
20250328,11,02171,1
20250328,11,02179,2
20250328,11,02185,1
20250328,11,03802,2
20250328,12,02111,1
20250328,12,02116,1
20250328,12,02122,1
20250328,12,02128,1
20250328,12,02129,1
20250328,12,02139,1
20250328,12,02143,1
20250328,12,02171,1
20250328,12,02172,1
20250328,12,02179,1
20250328,12,02185,3
20250328,12,02186,1
20250328,12,02191,1
20250328,12,02198,1
20250328,12,03311,2
20250328,12,03802,2
20250328,13,02116,1
20250328,13,02128,1
20250328,13,02148,3
20250328,13,02179,1
20250328,13,02185,1
20250328,13,02186,1
20250328,13,02191,2
20250328,13,02198,1
20250328,13,03311,2
20250328,14,02111,2
20250328,14,02116,1
20250328,14,02122,2
20250328,14,02128,2
20250328,14,02129,1
20250328,14,02143,1
20250328,14,02171,1
20250328,14,02172,2
20250328,14,02199,1
20250328,14,03311,1
20250328,15,02111,2
20250328,15,02112,1
20250328,15,02116,1
20250328,15,02122,1
20250328,15,02128,1
20250328,15,02171,1
20250328,15,02178,1
20250328,15,02179,3
20250328,15,02185,1
20250328,15,02191,3
20250328,15,02199,2
20250328,15,03311,2
20250328,16,02111,1
20250328,16,02112,1
20250328,16,02122,2
20250328,16,02128,1
20250328,16,02129,4
20250328,16,02148,1
20250328,16,02159,1
20250328,16,02171,1
20250328,16,02178,2
20250328,16,02179,2
20250328,16,02185,1
20250328,16,02191,1
20250328,16,03310,3
20250328,16,03311,3
20250328,16,03802,1
20250328,17,02111,4
20250328,17,02112,2
20250328,17,02116,1
20250328,17,02129,2
20250328,17,02130,1
20250328,17,02139,1
20250328,17,02148,1
20250328,17,02171,3
20250328,17,02172,4
20250328,17,02178,1
20250328,17,02179,2
20250328,17,02186,1
20250328,17,02191,1
20250328,17,02198,1
20250328,17,03310,1
20250328,17,03311,2
20250328,18,02111,1
20250328,18,02112,5
20250328,18,02116,2
20250328,18,02122,2
20250328,18,02129,1
20250328,18,02139,4
20250328,18,02143,3
20250328,18,02171,3
20250328,18,02172,2
20250328,18,02178,2
20250328,18,02179,3
20250328,18,02185,1
20250328,18,02199,1
20250328,18,03310,1
20250328,18,03311,5
20250328,18,03802,1
20250328,19,02111,2
20250328,19,02112,1
20250328,19,02116,1
20250328,19,02139,1
20250328,19,02148,3
20250328,19,02159,1
20250328,19,02171,1
20250328,19,02172,1
20250328,19,02185,1
20250328,19,02186,1
20250328,19,02191,2
20250328,19,02199,1
20250328,19,03311,3
20250328,19,03802,1
20250328,2,02111,1
20250328,2,02171,1
20250328,20,02111,2
20250328,20,02112,1
20250328,20,02116,2
20250328,20,02122,1
20250328,20,02148,2
20250328,20,02159,2
20250328,20,02172,1
20250328,20,02179,1
20250328,20,02185,1
20250328,20,02186,2
20250328,20,02191,1
20250328,20,02198,1
20250328,20,02199,2
20250328,20,03310,2
20250328,20,03802,2
20250328,21,02111,2
20250328,21,02116,1
20250328,21,02128,1
20250328,21,02129,1
20250328,21,02139,1
20250328,21,02171,1
20250328,21,02172,1
20250328,21,02179,1
20250328,21,02185,1
20250328,21,02198,1
20250328,21,03802,1
20250328,22,02111,2
20250328,22,02112,2
20250328,22,02122,2
20250328,22,02128,1
20250328,22,02129,2
20250328,22,02171,5
20250328,22,02178,1
20250328,22,02179,1
20250328,22,02185,1
20250328,22,03311,2
20250328,22,03802,2
20250328,23,02111,1
20250328,23,02116,1
20250328,23,02128,1
20250328,23,02139,1
20250328,23,02143,1
20250328,23,02159,1
20250328,23,02178,1
20250328,23,02179,1
20250328,23,02185,1
20250328,23,02198,1
20250328,23,03310,1
20250328,23,03311,3
20250328,3,02116,1
20250328,3,02171,1
20250328,4,02112,1
20250328,4,03310,1
20250328,5,02112,1
20250328,5,02122,2
20250328,5,02139,1
20250328,5,02178,1
20250328,5,02185,1
20250328,5,02186,1
20250328,5,03310,1
20250328,5,03311,1
20250328,6,02111,1
20250328,6,02116,2
20250328,6,02122,1
20250328,6,02130,1
20250328,6,02148,1
20250328,6,02186,1
20250328,6,03802,1
20250328,7,02111,1
20250328,7,02112,1
20250328,7,02116,1
20250328,7,02122,2
20250328,7,02139,2
20250328,7,02148,1
20250328,7,02178,1
20250328,7,02179,1
20250328,7,02186,1
20250328,7,02191,3
20250328,7,02198,3
20250328,7,03310,2
20250328,7,03802,4
20250328,8,02111,1
20250328,8,02112,1
20250328,8,02139,2
20250328,8,02148,1
20250328,8,02159,2
20250328,8,02171,1
20250328,8,02172,1
20250328,8,02178,1
20250328,8,02185,5
20250328,8,02186,1
20250328,8,02191,2
20250328,8,02198,1
20250328,8,03310,2
20250328,8,03311,1
20250328,8,03802,2
20250328,9,02148,2
20250328,9,02172,1
20250328,9,02185,1
20250328,9,02199,1
20250328,9,03311,1
20250329,0,02111,1
20250329,0,02122,1
20250329,0,02148,1
20250329,0,02171,1
20250329,0,02178,2
20250329,0,02198,2
20250329,0,03311,1
20250329,1,02111,2
20250329,1,02128,1
20250329,1,02139,1
20250329,1,02171,4
20250329,1,02172,1
20250329,1,02178,1
20250329,1,02179,1
20250329,1,03311,1
20250329,10,02111,1
20250329,10,02116,1
20250329,10,02128,1
20250329,10,02148,1
20250329,10,02172,4
20250329,10,02178,1
20250329,10,02179,2
20250329,10,02186,1
20250329,10,02191,1
20250329,10,02198,1
20250329,10,02199,2
20250329,10,03310,1
20250329,11,02171,1
20250329,11,02172,2
20250329,11,02179,1
20250329,11,02186,1
20250329,11,02191,2
20250329,11,02198,2
20250329,11,03802,1
20250329,12,02111,1
20250329,12,02116,1
20250329,12,02128,1
20250329,12,02129,2
20250329,12,02143,1
20250329,12,02148,1
20250329,12,02171,2
20250329,12,02172,2
20250329,12,02185,3
20250329,12,02198,2
20250329,12,03310,2
20250329,13,02111,2
20250329,13,02112,1
20250329,13,02122,1
20250329,13,02128,1
20250329,13,02129,1
20250329,13,02148,1
20250329,13,02171,1
20250329,13,02172,1
20250329,13,02179,1
20250329,13,02186,1
20250329,13,02191,1
20250329,14,02111,1
20250329,14,02112,1
20250329,14,02116,1
20250329,14,02128,1
20250329,14,02139,1
20250329,14,02178,1
20250329,14,02186,1
20250329,14,02198,2
20250329,14,03310,1
20250329,15,02111,2
20250329,15,02112,3
20250329,15,02116,2
20250329,15,02122,1
20250329,15,02129,4
20250329,15,02171,2
20250329,15,02179,1
20250329,15,02191,1
20250329,15,02198,1
20250329,15,03311,2
20250329,16,02128,2
20250329,16,02148,1
20250329,16,02159,1
20250329,16,02178,2
20250329,16,02185,1
20250329,16,02186,3
20250329,16,02191,3
20250329,16,02198,2
20250329,16,03310,1
20250329,16,03311,1
20250329,17,02111,2
20250329,17,02122,1
20250329,17,02130,1
20250329,17,02139,1
20250329,17,02179,1
20250329,17,02185,1
20250329,17,02199,1
20250329,17,03310,1
20250329,17,03311,2
20250329,17,03802,1
20250329,18,02122,1
20250329,18,02128,1
20250329,18,02129,1
20250329,18,02139,2
20250329,18,02148,2
20250329,18,02171,1
20250329,18,02178,2
20250329,18,02185,1
20250329,18,02191,1
20250329,18,03310,1
20250329,18,03311,1
20250329,19,02129,1
20250329,19,02139,1
20250329,19,02159,1
20250329,19,02185,1
20250329,19,02191,1
20250329,19,03310,1
20250329,19,03311,2
20250329,2,02111,1
20250329,2,02112,1
20250329,2,02171,1
20250329,2,02178,1
20250329,2,02179,1
20250329,2,02185,1
20250329,2,02198,2
20250329,20,02171,1
20250329,20,02179,1
20250329,20,02191,1
20250329,20,03311,1
20250329,21,02112,1
20250329,21,02171,1
20250329,21,02172,1
20250329,21,02185,2
20250329,21,03311,1
20250329,22,02111,2
20250329,22,02116,2
20250329,22,02171,1
20250329,22,02178,4
20250329,22,02185,1
20250329,22,03311,2
20250329,23,02111,1
20250329,23,02128,1
20250329,23,02143,1
20250329,23,02159,1
20250329,23,02171,1
20250329,23,02178,1
20250329,23,02179,1
20250329,3,02171,1
20250329,5,02139,1
20250329,5,02148,1
20250329,5,02179,1
20250329,5,02186,1
20250329,5,03311,1
20250329,6,02185,1
20250329,7,02139,1
20250329,7,02191,2
20250329,7,03310,1
20250329,7,03802,1
20250329,8,02112,1
20250329,8,02122,1
20250329,8,02129,3
20250329,8,02148,1
20250329,8,02159,2
20250329,8,02178,1
20250329,8,02179,1
20250329,8,02185,1
20250329,8,02191,2
20250329,8,03310,3
20250329,9,02111,2
20250329,9,02112,3
20250329,9,02148,1
20250329,9,02171,2
20250329,9,02185,1
20250329,9,02198,2
20250329,9,03311,1
20250330,0,02111,3
20250330,0,02112,1
20250330,0,02129,1
20250330,0,02148,1
20250330,0,02171,2
20250330,0,02172,1
20250330,0,02179,1
20250330,0,02186,1
20250330,1,02111,2
20250330,1,02112,1
20250330,1,02122,1
20250330,1,02148,1
20250330,1,02171,1
20250330,1,02186,1
20250330,1,02198,2
20250330,10,02111,1
20250330,10,02139,1
20250330,10,02159,1
20250330,10,02172,2
20250330,10,02185,1
20250330,10,02198,1
20250330,11,02111,2
20250330,11,02130,1
20250330,11,02139,1
20250330,11,02171,1
20250330,11,02172,1
20250330,11,02186,2
20250330,11,02198,2
20250330,11,02199,1
20250330,11,03802,1
20250330,12,02112,2
20250330,12,02122,1
20250330,12,02139,1
20250330,12,02185,1
20250330,12,02191,1
20250330,12,02198,1
20250330,13,02112,1
20250330,13,02116,1
20250330,13,02122,2
20250330,13,02148,1
20250330,13,02172,1
20250330,13,02179,1
20250330,13,02198,1
20250330,13,02199,1
20250330,13,03311,2
20250330,13,03802,2
20250330,14,02111,3
20250330,14,02116,1
20250330,14,02122,2
20250330,14,02130,1
20250330,14,02139,1
20250330,14,02143,1
20250330,14,02159,2
20250330,14,02178,2
20250330,14,02179,3
20250330,14,02186,1
20250330,14,02191,1
20250330,14,02199,1
20250330,15,02111,1
20250330,15,02122,1
20250330,15,02159,1
20250330,15,02178,1
20250330,15,03311,2
20250330,16,02111,2
20250330,16,02112,1
20250330,16,02139,2
20250330,16,02159,1
20250330,16,02172,2
20250330,16,02179,1
20250330,16,02186,1
20250330,16,02191,2
20250330,16,02198,3
20250330,16,03310,1
20250330,16,03311,1
20250330,17,02112,1
20250330,17,02122,3
20250330,17,02139,1
20250330,17,02159,1
20250330,17,02171,1
20250330,17,02178,5
20250330,17,02179,1
20250330,17,02185,1
20250330,17,02186,2
20250330,17,02191,1
20250330,17,03311,3
20250330,17,03802,1
20250330,18,02112,1
20250330,18,02122,1
20250330,18,02130,1
20250330,18,02139,2
20250330,18,02171,1
20250330,18,02172,1
20250330,18,02178,1
20250330,18,02179,2
20250330,18,02185,2
20250330,18,02186,1
20250330,18,02191,1
20250330,18,03311,1
20250330,19,02111,4
20250330,19,02112,2
20250330,19,02116,1
20250330,19,02122,5
20250330,19,02172,2
20250330,19,02178,1
20250330,19,02179,2
20250330,19,02185,1
20250330,19,02186,1
20250330,19,03310,1
20250330,19,03311,2
20250330,2,02111,1
20250330,2,02128,1
20250330,2,02143,1
20250330,2,02171,1
20250330,20,02112,1
20250330,20,02116,2
20250330,20,02122,1
20250330,20,02143,2
20250330,20,02148,1
20250330,20,02171,3
20250330,20,02178,1
20250330,20,02179,4
20250330,20,02186,1
20250330,20,02198,2
20250330,20,03311,1
20250330,21,02111,1
20250330,21,02116,1
20250330,21,02128,1
20250330,21,02178,1
20250330,21,02198,2
20250330,21,03311,2
20250330,22,02116,1
20250330,22,02122,1
20250330,22,02128,1
20250330,22,02139,2
20250330,22,02159,1
20250330,22,02171,1
20250330,22,02185,1
20250330,22,02186,2
20250330,22,03311,1
20250330,23,02112,1
20250330,23,02116,1
20250330,23,02128,1
20250330,23,02129,2
20250330,23,02148,1
20250330,23,02159,1
20250330,23,02171,1
20250330,23,02179,4
20250330,23,02186,1
20250330,3,02111,1
20250330,3,03311,1
20250330,4,02159,1
20250330,4,02178,2
20250330,4,02185,1
20250330,5,02129,1
20250330,5,03310,1
20250330,6,02111,1
20250330,6,02185,1
20250330,7,02191,3
20250330,7,03311,1
20250330,8,02111,1
20250330,8,02185,1
20250330,8,02191,1
20250330,8,03310,1
20250330,9,02116,2
20250330,9,02148,1
20250330,9,02159,1
20250330,9,02171,1
20250330,9,02185,1
20250330,9,02186,1
20250330,9,02191,1
20250330,9,03310,2
20250331,0,02111,3
20250331,0,02122,2
20250331,0,02128,3
20250331,0,02139,2
20250331,0,02148,2
20250331,0,02171,2
20250331,0,02178,1
20250331,0,02179,1
20250331,0,02185,1
20250331,0,02198,1
20250331,0,03311,1
20250331,1,02171,2
20250331,1,02185,1
20250331,1,03310,1
20250331,10,02111,2
20250331,10,02171,4
20250331,10,02172,1
20250331,10,02178,2
20250331,10,02179,1
20250331,10,02186,2
20250331,10,03310,1
20250331,10,03311,1
20250331,11,02111,1
20250331,11,02112,1
20250331,11,02128,1
20250331,11,02129,2
20250331,11,02130,1
20250331,11,02143,1
20250331,11,02171,1
20250331,11,02172,1
20250331,11,02178,2
20250331,11,02186,1
20250331,11,02191,1
20250331,11,03310,1
20250331,11,03311,1
20250331,11,03802,3
20250331,12,02111,1
20250331,12,02116,1
20250331,12,02122,1
20250331,12,02128,1
20250331,12,02129,1
20250331,12,02148,2
20250331,12,02171,3
20250331,12,02178,3
20250331,12,02185,1
20250331,12,02186,1
20250331,12,03311,1
20250331,13,02112,1
20250331,13,02129,1
20250331,13,02148,2
20250331,13,02159,1
20250331,13,02171,1
20250331,13,02172,1
20250331,13,02186,1
20250331,13,02191,2
20250331,13,02199,1
20250331,13,03311,2
20250331,14,02111,1
20250331,14,02116,2
20250331,14,02122,1
20250331,14,02128,2
20250331,14,02130,1
20250331,14,02148,1
20250331,14,02171,1
20250331,14,02172,3
20250331,14,02178,3
20250331,14,02179,1
20250331,14,02185,1
20250331,14,02191,1
20250331,14,02198,1
20250331,14,03310,1
20250331,14,03311,2
20250331,14,03802,2
20250331,15,02111,2
20250331,15,02116,5
20250331,15,02122,1
20250331,15,02148,1
20250331,15,02171,1
20250331,15,02178,2
20250331,15,02179,1
20250331,15,02198,2
20250331,15,03311,3
20250331,16,02111,4
20250331,16,02112,1
20250331,16,02116,1
20250331,16,02130,1
20250331,16,02148,1
20250331,16,02178,2
20250331,16,02179,2
20250331,16,02185,1
20250331,16,02186,1
20250331,16,02199,1
20250331,16,03311,4
20250331,16,03802,1
20250331,17,02111,4
20250331,17,02112,2
20250331,17,02116,3
20250331,17,02129,4
20250331,17,02130,2
20250331,17,02148,1
20250331,17,02171,4
20250331,17,02178,3
20250331,17,02185,1
20250331,17,02191,1
20250331,17,02199,1
20250331,17,03311,4
20250331,18,02111,2
20250331,18,02112,2
20250331,18,02116,2
20250331,18,02122,1
20250331,18,02128,1
20250331,18,02129,2
20250331,18,02148,2
20250331,18,02171,4
20250331,18,02172,1
20250331,18,02178,5
20250331,18,02179,3
20250331,18,02185,4
20250331,18,02191,1
20250331,18,03310,1
20250331,18,03311,5
20250331,18,03802,1
20250331,19,02112,2
20250331,19,02128,2
20250331,19,02129,3
20250331,19,02130,2
20250331,19,02148,3
20250331,19,02159,1
20250331,19,02171,4
20250331,19,02172,3
20250331,19,02178,3
20250331,19,02179,1
20250331,19,02185,1
20250331,19,02186,1
20250331,19,02191,1
20250331,19,03311,3
20250331,2,02111,2
20250331,2,02128,1
20250331,2,02139,1
20250331,20,02111,2
20250331,20,02112,3
20250331,20,02116,3
20250331,20,02129,1
20250331,20,02143,1
20250331,20,02148,2
20250331,20,02159,1
20250331,20,02171,3
20250331,20,02178,2
20250331,20,02179,2
20250331,20,02185,3
20250331,20,02186,2
20250331,20,02198,2
20250331,20,03310,2
20250331,20,03311,1
20250331,20,03802,1
20250331,21,02111,7
20250331,21,02112,2
20250331,21,02122,3
20250331,21,02128,1
20250331,21,02129,2
20250331,21,02130,1
20250331,21,02148,1
20250331,21,02171,2
20250331,21,02179,2
20250331,21,02186,1
20250331,21,02198,2
20250331,21,03311,2
20250331,21,03802,2
20250331,22,02111,4
20250331,22,02112,3
20250331,22,02128,1
20250331,22,02139,2
20250331,22,02171,4
20250331,22,02178,2
20250331,22,02179,2
20250331,22,02191,1
20250331,22,03311,2
20250331,22,03802,1
20250331,23,02143,1
20250331,23,02148,2
20250331,23,02159,1
20250331,23,02178,4
20250331,23,02191,2
20250331,23,02198,1
20250331,23,03311,4
20250331,3,02185,1
20250331,5,02122,1
20250331,5,02179,1
20250331,5,02185,1
20250331,5,02186,1
20250331,5,03310,2
20250331,6,02111,1
20250331,6,02122,4
20250331,6,02139,1
20250331,6,02148,1
20250331,6,02159,1
20250331,6,02171,1
20250331,6,02185,1
20250331,6,02199,1
20250331,6,03310,1
20250331,6,03802,3
20250331,7,02116,1
20250331,7,02122,2
20250331,7,02128,1
20250331,7,02139,1
20250331,7,02179,1
20250331,7,02185,1
20250331,7,02186,1
20250331,7,02191,2
20250331,7,02198,3
20250331,7,02199,1
20250331,7,03310,1
20250331,7,03802,5
20250331,8,02111,1
20250331,8,02112,2
20250331,8,02122,1
20250331,8,02128,1
20250331,8,02171,2
20250331,8,02172,1
20250331,8,02179,1
20250331,8,02185,6
20250331,8,02186,3
20250331,8,02191,4
20250331,8,02199,1
20250331,8,03310,2
20250331,8,03311,2
20250331,8,03802,3
20250331,9,02111,2
20250331,9,02128,2
20250331,9,02148,2
20250331,9,02171,1
20250331,9,02179,3
20250331,9,02185,1
20250331,9,02186,1
20250331,9,02191,1
20250331,9,02198,1
20250331,9,02199,1
20250331,9,03310,1
20250331,9,03311,1
20250331,9,03802,1
