RENT_DATE,RENT_TIME,RENT_ID,CNT
20251101,0,02112,1
20251101,0,02148,1
20251101,0,02179,1
20251101,0,02186,1
20251101,1,02116,1
20251101,1,02122,2
20251101,1,02128,1
20251101,1,02171,2
20251101,1,02178,1
20251101,1,02198,2
20251101,10,02111,2
20251101,10,02112,2
20251101,10,02116,4
20251101,10,02122,1
20251101,10,02128,1
20251101,10,02129,1
20251101,10,02143,1
20251101,10,02159,2
20251101,10,02171,1
20251101,10,02172,2
20251101,10,02178,1
20251101,10,02179,5
20251101,10,02185,2
20251101,10,02198,1
20251101,10,02199,1
20251101,10,03310,1
20251101,10,03311,1
20251101,10,03802,1
20251101,11,02111,1
20251101,11,02112,1
20251101,11,02122,1
20251101,11,02128,2
20251101,11,02129,1
20251101,11,02130,1
20251101,11,02159,1
20251101,11,02172,2
20251101,11,02178,1
20251101,11,02179,5
20251101,11,02185,4
20251101,11,02186,1
20251101,11,02198,1
20251101,11,03310,2
20251101,11,03311,1
20251101,12,02111,3
20251101,12,02116,2
20251101,12,02139,2
20251101,12,02143,1
20251101,12,02148,1
20251101,12,02159,2
20251101,12,02172,2
20251101,12,02178,2
20251101,12,02179,4
20251101,12,02185,3
20251101,12,02186,3
20251101,12,02198,1
20251101,13,02112,3
20251101,13,02116,2
20251101,13,02122,3
20251101,13,02128,2
20251101,13,02130,3
20251101,13,02139,2
20251101,13,02143,1
20251101,13,02148,2
20251101,13,02159,1
20251101,13,02171,6
20251101,13,02172,6
20251101,13,02178,2
20251101,13,02179,3
20251101,13,02185,1
20251101,13,02186,1
20251101,13,02191,5
20251101,13,02198,1
20251101,13,02199,1
20251101,13,03310,2
20251101,13,03311,5
20251101,14,02112,1
20251101,14,02122,1
20251101,14,02128,3
20251101,14,02130,1
20251101,14,02139,2
20251101,14,02143,2
20251101,14,02159,4
20251101,14,02171,3
20251101,14,02172,4
20251101,14,02178,4
20251101,14,02179,4
20251101,14,02185,4
20251101,14,02198,2
20251101,14,03310,2
20251101,15,02112,2
20251101,15,02116,1
20251101,15,02122,3
20251101,15,02130,3
20251101,15,02139,4
20251101,15,02171,2
20251101,15,02172,3
20251101,15,02178,3
20251101,15,02179,3
20251101,15,02186,1
20251101,15,02191,3
20251101,15,02199,1
20251101,15,03310,3
20251101,15,03311,1
20251101,16,02111,3
20251101,16,02116,2
20251101,16,02122,3
20251101,16,02139,1
20251101,16,02143,1
20251101,16,02148,1
20251101,16,02171,2
20251101,16,02179,1
20251101,16,02186,2
20251101,16,02191,1
20251101,16,02199,2
20251101,16,03310,1
20251101,16,03311,3
20251101,16,03802,1
20251101,17,02130,1
20251101,17,02143,1
20251101,17,02171,1
20251101,17,02172,2
20251101,17,02178,1
20251101,17,02185,1
20251101,17,02191,1
20251101,17,02198,1
20251101,17,03311,1
20251101,17,03802,1
20251101,18,02111,1
20251101,18,02148,2
20251101,18,02159,1
20251101,18,02171,2
20251101,18,02172,2
20251101,18,02179,1
20251101,18,02185,1
20251101,18,02186,1
20251101,18,02199,1
20251101,18,03310,2
20251101,19,02111,1
20251101,19,02112,1
20251101,19,02116,1
20251101,19,02122,2
20251101,19,02128,1
20251101,19,02159,1
20251101,19,02171,3
20251101,19,02172,1
20251101,19,02185,3
20251101,19,02191,1
20251101,19,03311,3
20251101,2,02139,2
20251101,2,02159,1
20251101,2,02171,2
20251101,2,02185,1
20251101,2,03310,1
20251101,20,02111,1
20251101,20,02112,3
20251101,20,02122,1
20251101,20,02129,2
20251101,20,02171,4
20251101,20,02179,2
20251101,20,02185,1
20251101,20,02198,1
20251101,21,02111,2
20251101,21,02122,3
20251101,21,02128,1
20251101,21,02143,1
20251101,21,02148,1
20251101,21,02171,2
20251101,21,02179,1
20251101,21,02185,1
20251101,21,02186,1
20251101,21,02191,1
20251101,21,02198,1
20251101,21,02199,1
20251101,21,03311,2
20251101,21,03802,1
20251101,22,02111,2
20251101,22,02112,2
20251101,22,02122,1
20251101,22,02129,1
20251101,22,02178,1
20251101,22,02179,1
20251101,22,02185,2
20251101,22,02191,1
20251101,23,02112,1
20251101,23,02171,1
20251101,23,02179,1
20251101,23,02191,1
20251101,23,02198,1
20251101,23,03311,1
20251101,3,02171,2
20251101,3,02179,2
20251101,3,03311,1
20251101,4,02122,1
20251101,4,02185,1
20251101,4,02186,1
20251101,4,03311,1
20251101,5,02159,1
20251101,5,02179,1
20251101,5,02186,1
20251101,5,03310,1
20251101,6,02112,1
20251101,6,02129,1
20251101,6,02148,2
20251101,6,02185,1
20251101,6,03310,1
20251101,7,02143,1
20251101,7,02172,2
20251101,7,02179,2
20251101,7,02185,1
20251101,7,02191,1
20251101,7,03310,2
20251101,7,03311,1
20251101,7,03802,1
20251101,8,02116,1
20251101,8,02148,1
20251101,8,02171,1
20251101,8,02172,2
20251101,8,02185,1
20251101,8,03310,1
20251101,9,02111,3
20251101,9,02112,3
20251101,9,02116,1
20251101,9,02122,1
20251101,9,02128,1
20251101,9,02130,1
20251101,9,02139,1
20251101,9,02148,2
20251101,9,02172,3
20251101,9,02179,1
20251101,9,02185,1
20251101,9,02186,1
20251101,9,02191,1
20251101,9,02198,1
20251101,9,03310,2
20251101,9,03311,1
20251102,0,02128,1
20251102,0,02139,1
20251102,0,02171,2
20251102,0,02172,1
20251102,0,02179,1
20251102,0,02198,2
20251102,0,03310,1
20251102,1,02112,1
20251102,1,02171,1
20251102,1,02178,1
20251102,1,02179,1
20251102,1,02185,2
20251102,1,02186,2
20251102,1,02198,1
20251102,1,03311,1
20251102,10,02112,1
20251102,10,02122,2
20251102,10,02128,1
20251102,10,02148,1
20251102,10,02171,1
20251102,10,02172,1
20251102,10,02179,1
20251102,10,02185,1
20251102,10,02186,1
20251102,10,02191,1
20251102,10,02199,1
20251102,10,03310,1
20251102,11,02112,1
20251102,11,02116,1
20251102,11,02171,1
20251102,11,02172,5
20251102,11,02179,1
20251102,11,02185,3
20251102,11,02191,2
20251102,11,02198,1
20251102,11,03310,3
20251102,12,02111,2
20251102,12,02116,1
20251102,12,02143,2
20251102,12,02148,1
20251102,12,02159,1
20251102,12,02172,3
20251102,12,02198,1
20251102,12,03310,1
20251102,13,02111,2
20251102,13,02112,1
20251102,13,02129,3
20251102,13,02139,4
20251102,13,02148,1
20251102,13,02159,2
20251102,13,02171,2
20251102,13,02172,7
20251102,13,02179,3
20251102,13,02185,1
20251102,13,02191,2
20251102,13,02198,1
20251102,13,02199,2
20251102,13,03310,1
20251102,13,03311,2
20251102,14,02112,1
20251102,14,02130,1
20251102,14,02139,1
20251102,14,02143,2
20251102,14,02148,1
20251102,14,02159,1
20251102,14,02171,1
20251102,14,02178,1
20251102,14,02179,2
20251102,14,02185,3
20251102,14,02191,2
20251102,14,02198,1
20251102,14,02199,2
20251102,14,03311,1
20251102,15,02111,3
20251102,15,02116,2
20251102,15,02122,1
20251102,15,02129,1
20251102,15,02148,3
20251102,15,02171,2
20251102,15,02172,4
20251102,15,02178,1
20251102,15,02179,3
20251102,15,02185,1
20251102,15,02186,1
20251102,15,02191,3
20251102,15,02198,1
20251102,15,02199,1
20251102,15,03311,4
20251102,16,02111,3
20251102,16,02112,3
20251102,16,02116,1
20251102,16,02129,1
20251102,16,02130,1
20251102,16,02139,2
20251102,16,02148,2
20251102,16,02159,1
20251102,16,02171,3
20251102,16,02172,1
20251102,16,02185,1
20251102,16,02186,1
20251102,16,02191,3
20251102,16,02198,1
20251102,16,02199,2
20251102,16,03311,2
20251102,17,02111,1
20251102,17,02112,2
20251102,17,02122,1
20251102,17,02128,1
20251102,17,02129,1
20251102,17,02130,1
20251102,17,02148,1
20251102,17,02171,1
20251102,17,02172,3
20251102,17,02179,1
20251102,17,02185,2
20251102,17,02186,1
20251102,17,02191,1
20251102,17,02199,1
20251102,17,03311,1
20251102,18,02111,1
20251102,18,02148,1
20251102,18,02171,4
20251102,18,02172,1
20251102,18,02178,1
20251102,18,02191,3
20251102,18,03311,2
20251102,19,02111,2
20251102,19,02112,1
20251102,19,02116,2
20251102,19,02129,1
20251102,19,02179,1
20251102,19,02185,1
20251102,19,02186,1
20251102,19,02191,1
20251102,19,02198,2
20251102,19,02199,1
20251102,2,02111,2
20251102,2,02112,1
20251102,2,02128,1
20251102,2,02159,2
20251102,2,02171,1
20251102,2,02191,1
20251102,2,02199,1
20251102,2,03311,1
20251102,20,02111,1
20251102,20,02112,1
20251102,20,02129,1
20251102,20,02139,1
20251102,20,02143,3
20251102,20,02171,1
20251102,20,02178,1
20251102,20,02179,1
20251102,20,02185,2
20251102,20,02191,1
20251102,21,02111,2
20251102,21,02112,4
20251102,21,02122,2
20251102,21,02128,1
20251102,21,02148,1
20251102,21,02159,1
20251102,21,02171,2
20251102,21,02172,2
20251102,21,02178,1
20251102,21,02179,2
20251102,21,02185,2
20251102,21,02186,2
20251102,21,02199,1
20251102,21,03310,1
20251102,22,02111,1
20251102,22,02112,1
20251102,22,02116,1
20251102,22,02172,2
20251102,22,02178,1
20251102,22,02179,3
20251102,22,02186,1
20251102,22,02191,1
20251102,23,02111,1
20251102,23,02112,1
20251102,23,02116,1
20251102,23,02171,1
20251102,23,02178,2
20251102,23,02179,1
20251102,23,02198,2
20251102,23,03310,1
20251102,3,02112,1
20251102,3,02171,1
20251102,3,03311,1
20251102,4,02191,1
20251102,5,02116,1
20251102,5,02148,1
20251102,5,02179,2
20251102,5,02185,1
20251102,5,03310,1
20251102,6,02129,1
20251102,6,02148,1
20251102,6,02185,1
20251102,6,03310,3
20251102,7,02129,1
20251102,7,02159,1
20251102,7,03310,1
20251102,8,02112,1
20251102,8,02139,1
20251102,8,02185,3
20251102,8,02186,2
20251102,8,02191,1
20251102,9,02111,1
20251102,9,02129,1
20251102,9,02172,1
20251102,9,02185,2
20251102,9,03310,1
20251103,0,02111,2
20251103,0,02112,1
20251103,0,02116,1
20251103,0,02122,1
20251103,0,02148,1
20251103,0,02172,1
20251103,0,02198,1
20251103,1,02171,1
20251103,1,02178,1
20251103,1,02198,1
20251103,10,02111,1
20251103,10,02112,1
20251103,10,02143,1
20251103,10,02171,1
20251103,10,02178,1
20251103,10,02179,1
20251103,10,02185,1
20251103,10,03310,2
20251103,11,02111,1
20251103,11,02112,2
20251103,11,02116,1
20251103,11,02122,1
20251103,11,02128,1
20251103,11,02130,1
20251103,11,02139,1
20251103,11,02171,1
20251103,11,02178,1
20251103,11,02179,3
20251103,11,02185,1
20251103,11,02191,4
20251103,11,02198,1
20251103,12,02111,2
20251103,12,02112,1
20251103,12,02116,1
20251103,12,02128,2
20251103,12,02148,1
20251103,12,02159,1
20251103,12,02171,3
20251103,12,02172,1
20251103,12,02178,3
20251103,12,02185,1
20251103,12,02186,1
20251103,12,02191,2
20251103,12,02198,2
20251103,12,03310,1
20251103,12,03311,1
20251103,12,03802,1
20251103,13,02112,1
20251103,13,02122,1
20251103,13,02128,1
20251103,13,02171,4
20251103,13,02172,2
20251103,13,02178,1
20251103,13,02185,2
20251103,13,02186,1
20251103,13,02191,1
20251103,13,03310,1
20251103,13,03311,1
20251103,14,02111,1
20251103,14,02112,2
20251103,14,02122,1
20251103,14,02139,1
20251103,14,02148,1
20251103,14,02171,1
20251103,14,02172,1
20251103,14,02178,1
20251103,14,02179,1
20251103,14,02185,1
20251103,14,02186,1
20251103,14,03311,3
20251103,15,02111,1
20251103,15,02112,1
20251103,15,02116,1
20251103,15,02122,2
20251103,15,02139,1
20251103,15,02159,1
20251103,15,02171,2
20251103,15,02172,3
20251103,15,02178,3
20251103,15,02185,1
20251103,15,02186,1
20251103,15,02191,1
20251103,15,02198,1
20251103,15,03310,2
20251103,15,03311,4
20251103,16,02111,1
20251103,16,02112,2
20251103,16,02116,1
20251103,16,02128,1
20251103,16,02129,2
20251103,16,02130,1
20251103,16,02148,2
20251103,16,02171,1
20251103,16,02172,1
20251103,16,02178,2
20251103,16,02179,1
20251103,16,02185,1
20251103,16,02186,1
20251103,16,02191,4
20251103,16,02198,1
20251103,16,02199,1
20251103,16,03310,1
20251103,16,03311,1
20251103,17,02111,1
20251103,17,02112,2
20251103,17,02116,2
20251103,17,02128,2
20251103,17,02129,3
20251103,17,02143,1
20251103,17,02148,2
20251103,17,02171,5
20251103,17,02178,8
20251103,17,02179,1
20251103,17,02185,2
20251103,17,02191,2
20251103,17,02198,1
20251103,17,03311,2
20251103,18,02111,3
20251103,18,02112,3
20251103,18,02116,1
20251103,18,02122,1
20251103,18,02128,1
20251103,18,02129,1
20251103,18,02139,1
20251103,18,02143,3
20251103,18,02148,2
20251103,18,02171,5
20251103,18,02172,1
20251103,18,02178,4
20251103,18,02179,3
20251103,18,02186,2
20251103,18,02191,3
20251103,18,02198,1
20251103,18,02199,1
20251103,19,02111,3
20251103,19,02112,2
20251103,19,02116,1
20251103,19,02122,2
20251103,19,02129,1
20251103,19,02139,3
20251103,19,02148,2
20251103,19,02171,4
20251103,19,02172,1
20251103,19,02178,3
20251103,19,02185,2
20251103,19,02186,2
20251103,19,02191,2
20251103,19,03311,2
20251103,2,02112,1
20251103,2,02139,1
20251103,2,02171,1
20251103,2,02179,1
20251103,20,02111,4
20251103,20,02112,1
20251103,20,02116,1
20251103,20,02128,2
20251103,20,02130,1
20251103,20,02148,1
20251103,20,02171,6
20251103,20,02172,3
20251103,20,02179,1
20251103,20,02185,3
20251103,20,02191,2
20251103,20,02198,3
20251103,20,03311,2
20251103,20,03802,2
20251103,21,02111,4
20251103,21,02112,1
20251103,21,02116,2
20251103,21,02122,1
20251103,21,02128,1
20251103,21,02129,2
20251103,21,02143,1
20251103,21,02171,3
20251103,21,02172,2
20251103,21,02179,2
20251103,21,02185,1
20251103,21,03311,1
20251103,22,02111,2
20251103,22,02122,1
20251103,22,02130,1
20251103,22,02143,1
20251103,22,02148,1
20251103,22,02171,4
20251103,22,02179,1
20251103,22,02186,1
20251103,22,03802,2
20251103,23,02111,1
20251103,23,02122,1
20251103,23,02139,1
20251103,23,02171,2
20251103,23,02172,1
20251103,23,02179,1
20251103,23,02185,1
20251103,23,02191,2
20251103,23,02198,1
20251103,23,02199,1
20251103,3,02139,1
20251103,3,02171,1
20251103,3,03310,1
20251103,4,02122,1
20251103,4,02191,1
20251103,5,02172,1
20251103,6,02111,1
20251103,6,02116,1
20251103,6,02148,1
20251103,6,02159,1
20251103,6,02179,1
20251103,6,02185,1
20251103,6,02191,2
20251103,6,03310,3
20251103,6,03311,1
20251103,7,02111,1
20251103,7,02112,1
20251103,7,02128,1
20251103,7,02139,1
20251103,7,02143,1
20251103,7,02179,2
20251103,7,02185,1
20251103,7,02186,1
20251103,7,02191,2
20251103,7,02199,1
20251103,7,03310,4
20251103,7,03802,3
20251103,8,02111,1
20251103,8,02112,3
20251103,8,02116,1
20251103,8,02122,1
20251103,8,02139,3
20251103,8,02143,2
20251103,8,02148,1
20251103,8,02171,1
20251103,8,02172,1
20251103,8,02178,1
20251103,8,02179,1
20251103,8,02185,3
20251103,8,02191,3
20251103,8,03310,2
20251103,8,03311,1
20251103,8,03802,4
20251103,9,02116,1
20251103,9,02122,1
20251103,9,02139,2
20251103,9,02171,1
20251103,9,02178,1
20251103,9,02179,3
20251103,9,02185,2
20251103,9,02186,1
20251103,9,02198,2
20251103,9,02199,1
20251103,9,03311,1
20251103,9,03802,2
20251104,0,02116,1
20251104,0,02122,1
20251104,0,02139,1
20251104,0,02159,1
20251104,0,02171,1
20251104,0,02179,1
20251104,0,02198,2
20251104,0,03310,1
20251104,1,02116,3
20251104,1,02122,1
20251104,1,02128,1
20251104,1,02148,1
20251104,1,02171,3
20251104,1,02172,1
20251104,1,02198,1
20251104,10,02111,1
20251104,10,02116,1
20251104,10,02148,2
20251104,10,02171,2
20251104,10,02172,1
20251104,10,02178,1
20251104,10,02179,4
20251104,10,02185,2
20251104,10,02191,1
20251104,10,03310,2
20251104,11,02111,2
20251104,11,02122,1
20251104,11,02143,1
20251104,11,02148,1
20251104,11,02171,1
20251104,11,02172,1
20251104,11,02179,1
20251104,11,02185,1
20251104,11,02186,1
20251104,11,02191,1
20251104,11,02199,1
20251104,11,03311,1
20251104,11,03802,1
20251104,12,02116,1
20251104,12,02122,2
20251104,12,02130,1
20251104,12,02148,1
20251104,12,02171,1
20251104,12,02172,2
20251104,12,02178,2
20251104,12,02185,1
20251104,12,02198,1
20251104,12,03311,2
20251104,13,02122,1
20251104,13,02139,3
20251104,13,02143,2
20251104,13,02148,1
20251104,13,02171,3
20251104,13,02172,4
20251104,13,02179,1
20251104,13,02185,3
20251104,13,02186,3
20251104,13,03310,1
20251104,13,03311,1
20251104,14,02122,1
20251104,14,02171,1
20251104,14,02172,1
20251104,14,02178,1
20251104,14,02179,1
20251104,14,02185,1
20251104,14,02191,5
20251104,14,02198,2
20251104,14,03310,1
20251104,14,03311,1
20251104,15,02111,2
20251104,15,02112,2
20251104,15,02116,1
20251104,15,02122,1
20251104,15,02128,1
20251104,15,02129,1
20251104,15,02130,1
20251104,15,02143,1
20251104,15,02171,3
20251104,15,02172,1
20251104,15,02179,1
20251104,15,02185,1
20251104,15,02186,1
20251104,15,02191,1
20251104,15,02198,1
20251104,15,02199,1
20251104,15,03310,1
20251104,15,03311,1
20251104,16,02111,3
20251104,16,02112,2
20251104,16,02122,1
20251104,16,02128,1
20251104,16,02130,1
20251104,16,02139,2
20251104,16,02143,1
20251104,16,02148,1
20251104,16,02171,3
20251104,16,02172,2
20251104,16,02178,5
20251104,16,02179,2
20251104,16,02185,1
20251104,16,02191,2
20251104,16,03310,1
20251104,16,03311,2
20251104,17,02111,2
20251104,17,02116,1
20251104,17,02122,2
20251104,17,02128,2
20251104,17,02139,2
20251104,17,02171,6
20251104,17,02172,2
20251104,17,02178,4
20251104,17,02185,2
20251104,17,02186,2
20251104,17,02191,1
20251104,17,02198,2
20251104,17,03310,1
20251104,17,03311,4
20251104,18,02111,2
20251104,18,02112,3
20251104,18,02116,4
20251104,18,02122,1
20251104,18,02129,1
20251104,18,02139,1
20251104,18,02148,1
20251104,18,02171,8
20251104,18,02172,2
20251104,18,02178,7
20251104,18,02179,3
20251104,18,02185,3
20251104,18,02186,2
20251104,18,02191,2
20251104,18,03310,3
20251104,18,03311,2
20251104,19,02111,1
20251104,19,02112,1
20251104,19,02116,3
20251104,19,02122,1
20251104,19,02128,1
20251104,19,02129,1
20251104,19,02139,1
20251104,19,02148,1
20251104,19,02159,1
20251104,19,02171,4
20251104,19,02172,1
20251104,19,02178,3
20251104,19,02179,1
20251104,19,02191,1
20251104,19,02198,2
20251104,19,03311,2
20251104,2,02111,1
20251104,2,02116,1
20251104,2,02185,1
20251104,2,02198,1
20251104,2,02199,1
20251104,20,02111,3
20251104,20,02112,3
20251104,20,02116,3
20251104,20,02122,2
20251104,20,02128,1
20251104,20,02130,1
20251104,20,02148,1
20251104,20,02171,6
20251104,20,02172,2
20251104,20,02178,3
20251104,20,02179,4
20251104,20,02185,1
20251104,20,02191,1
20251104,20,02198,1
20251104,20,03311,1
20251104,20,03802,1
20251104,21,02111,2
20251104,21,02112,2
20251104,21,02116,1
20251104,21,02122,3
20251104,21,02128,1
20251104,21,02129,1
20251104,21,02143,1
20251104,21,02148,1
20251104,21,02171,4
20251104,21,02172,2
20251104,21,02179,1
20251104,21,02185,5
20251104,21,02191,1
20251104,21,02198,1
20251104,21,02199,1
20251104,21,03310,1
20251104,21,03311,1
20251104,21,03802,4
20251104,22,02111,1
20251104,22,02112,2
20251104,22,02116,1
20251104,22,02122,1
20251104,22,02128,1
20251104,22,02139,1
20251104,22,02148,1
20251104,22,02171,1
20251104,22,02179,1
20251104,22,02185,1
20251104,22,02186,2
20251104,22,02191,4
20251104,22,02198,1
20251104,22,02199,1
20251104,22,03311,1
20251104,22,03802,1
20251104,23,02112,4
20251104,23,02116,2
20251104,23,02148,1
20251104,23,02171,3
20251104,23,02179,1
20251104,23,02185,4
20251104,23,02191,2
20251104,23,02198,2
20251104,3,02148,1
20251104,3,02171,1
20251104,3,02179,1
20251104,3,02191,1
20251104,4,02111,1
20251104,4,02122,1
20251104,4,02191,1
20251104,5,02122,2
20251104,5,02179,1
20251104,6,02111,1
20251104,6,02148,1
20251104,6,02159,1
20251104,6,02185,1
20251104,6,02191,3
20251104,6,02198,1
20251104,6,03310,2
20251104,6,03311,1
20251104,6,03802,1
20251104,7,02111,2
20251104,7,02122,1
20251104,7,02139,1
20251104,7,02143,1
20251104,7,02172,1
20251104,7,02179,1
20251104,7,02185,3
20251104,7,02191,2
20251104,7,02198,1
20251104,7,03310,3
20251104,7,03802,3
20251104,8,02112,1
20251104,8,02122,1
20251104,8,02129,1
20251104,8,02139,5
20251104,8,02143,4
20251104,8,02179,5
20251104,8,02185,5
20251104,8,02191,3
20251104,8,02198,1
20251104,8,03311,1
20251104,8,03802,2
20251104,9,02111,1
20251104,9,02116,1
20251104,9,02128,2
20251104,9,02139,1
20251104,9,02143,1
20251104,9,02148,2
20251104,9,02171,1
20251104,9,02178,1
20251104,9,02179,1
20251104,9,02185,2
20251104,9,02191,4
20251104,9,02198,2
20251104,9,02199,1
20251104,9,03310,3
20251104,9,03802,2
20251105,0,02122,2
20251105,0,02139,2
20251105,0,02148,1
20251105,0,02171,2
20251105,0,02179,1
20251105,0,02185,3
20251105,0,02186,1
20251105,0,02191,1
20251105,0,02198,3
20251105,0,03310,1
20251105,1,02116,1
20251105,1,02171,3
20251105,1,02179,1
20251105,1,03311,1
20251105,10,02116,2
20251105,10,02122,1
20251105,10,02128,1
20251105,10,02143,1
20251105,10,02171,2
20251105,10,02172,1
20251105,10,02179,2
20251105,10,02185,1
20251105,10,03311,1
20251105,11,02111,1
20251105,11,02116,1
20251105,11,02122,1
20251105,11,02128,3
20251105,11,02139,1
20251105,11,02148,1
20251105,11,02178,1
20251105,11,02179,1
20251105,11,02185,1
20251105,11,02191,1
20251105,11,02198,1
20251105,11,03310,3
20251105,11,03802,1
20251105,12,02111,3
20251105,12,02122,3
20251105,12,02129,1
20251105,12,02130,1
20251105,12,02143,2
20251105,12,02148,1
20251105,12,02171,3
20251105,12,02178,3
20251105,12,02179,1
20251105,12,02185,2
20251105,12,02191,2
20251105,12,03310,2
20251105,12,03311,7
20251105,13,02111,2
20251105,13,02139,1
20251105,13,02159,1
20251105,13,02171,4
20251105,13,02179,1
20251105,13,02186,2
20251105,13,02191,2
20251105,13,02198,1
20251105,14,02111,3
20251105,14,02112,1
20251105,14,02116,1
20251105,14,02122,1
20251105,14,02128,2
20251105,14,02143,3
20251105,14,02171,3
20251105,14,02172,1
20251105,14,02178,1
20251105,14,02179,1
20251105,14,02185,3
20251105,14,02186,1
20251105,14,03310,2
20251105,14,03311,3
20251105,15,02111,3
20251105,15,02130,1
20251105,15,02139,1
20251105,15,02148,3
20251105,15,02171,3
20251105,15,02172,3
20251105,15,02178,2
20251105,15,02179,3
20251105,15,02186,1
20251105,15,02191,3
20251105,15,02199,2
20251105,15,03311,1
20251105,16,02111,3
20251105,16,02112,2
20251105,16,02122,1
20251105,16,02129,1
20251105,16,02130,1
20251105,16,02143,1
20251105,16,02159,1
20251105,16,02171,6
20251105,16,02172,3
20251105,16,02178,2
20251105,16,02179,1
20251105,16,02185,2
20251105,16,02191,2
20251105,16,02198,3
20251105,16,03310,1
20251105,16,03311,1
20251105,17,02111,1
20251105,17,02129,1
20251105,17,02130,2
20251105,17,02139,1
20251105,17,02143,1
20251105,17,02148,1
20251105,17,02171,3
20251105,17,02172,6
20251105,17,02178,2
20251105,17,02179,2
20251105,17,02185,1
20251105,17,02191,2
20251105,17,03310,2
20251105,17,03311,3
20251105,17,03802,1
20251105,18,02111,2
20251105,18,02112,3
20251105,18,02116,1
20251105,18,02128,1
20251105,18,02129,1
20251105,18,02130,1
20251105,18,02139,2
20251105,18,02143,3
20251105,18,02148,3
20251105,18,02171,6
20251105,18,02172,6
20251105,18,02178,2
20251105,18,02179,5
20251105,18,02185,4
20251105,18,02186,1
20251105,18,02191,2
20251105,18,03310,1
20251105,18,03311,6
20251105,19,02111,3
20251105,19,02116,2
20251105,19,02122,1
20251105,19,02129,2
20251105,19,02139,2
20251105,19,02159,1
20251105,19,02171,2
20251105,19,02178,1
20251105,19,02179,3
20251105,19,02185,2
20251105,19,02191,1
20251105,19,02198,1
20251105,19,03310,1
20251105,19,03802,1
20251105,2,02128,1
20251105,2,02139,1
20251105,2,02148,1
20251105,2,02159,1
20251105,2,02171,1
20251105,2,02198,1
20251105,20,02111,3
20251105,20,02112,2
20251105,20,02116,3
20251105,20,02122,2
20251105,20,02128,1
20251105,20,02129,1
20251105,20,02148,1
20251105,20,02171,6
20251105,20,02172,4
20251105,20,02178,1
20251105,20,02179,3
20251105,20,02185,1
20251105,20,02191,1
20251105,20,02198,1
20251105,20,03311,2
20251105,20,03802,1
20251105,21,02111,3
20251105,21,02112,1
20251105,21,02116,2
20251105,21,02122,4
20251105,21,02148,1
20251105,21,02159,1
20251105,21,02171,1
20251105,21,02172,1
20251105,21,02179,3
20251105,21,02185,1
20251105,21,02186,1
20251105,21,02191,1
20251105,21,02199,1
20251105,21,03311,1
20251105,21,03802,1
20251105,22,02111,1
20251105,22,02112,1
20251105,22,02116,1
20251105,22,02122,1
20251105,22,02130,1
20251105,22,02148,2
20251105,22,02171,1
20251105,22,02172,1
20251105,22,02185,1
20251105,22,02186,2
20251105,22,02191,2
20251105,22,03311,1
20251105,22,03802,1
20251105,23,02111,3
20251105,23,02112,1
20251105,23,02116,1
20251105,23,02122,1
20251105,23,02128,1
20251105,23,02148,1
20251105,23,02172,2
20251105,23,02179,1
20251105,23,02186,1
20251105,23,02191,1
20251105,23,03311,2
20251105,3,02116,2
20251105,3,03310,1
20251105,4,02111,1
20251105,4,02122,1
20251105,4,02191,1
20251105,5,02116,1
20251105,5,02143,1
20251105,6,02111,3
20251105,6,02116,1
20251105,6,02122,2
20251105,6,02139,1
20251105,6,02179,2
20251105,6,02185,1
20251105,6,02191,1
20251105,6,03310,4
20251105,6,03802,1
20251105,7,02111,1
20251105,7,02112,1
20251105,7,02116,1
20251105,7,02122,1
20251105,7,02139,2
20251105,7,02179,1
20251105,7,02185,2
20251105,7,02191,1
20251105,7,02198,1
20251105,7,03310,4
20251105,7,03802,2
20251105,8,02116,1
20251105,8,02122,4
20251105,8,02139,2
20251105,8,02143,2
20251105,8,02148,2
20251105,8,02171,2
20251105,8,02172,2
20251105,8,02179,1
20251105,8,02185,4
20251105,8,02191,6
20251105,8,03310,1
20251105,8,03311,1
20251105,8,03802,5
20251105,9,02111,1
20251105,9,02116,1
20251105,9,02122,2
20251105,9,02143,1
20251105,9,02171,2
20251105,9,02178,1
20251105,9,02179,4
20251105,9,02185,2
20251105,9,02191,3
20251105,9,02199,1
20251105,9,03310,4
20251106,0,02111,1
20251106,0,02116,1
20251106,0,02139,1
20251106,0,02143,1
20251106,0,02171,1
20251106,0,02172,2
20251106,0,02179,2
20251106,0,02191,1
20251106,0,03311,1
20251106,1,02111,1
20251106,1,02112,3
20251106,1,02116,1
20251106,1,02128,1
20251106,1,02139,1
20251106,1,02172,1
20251106,1,02179,1
20251106,1,02185,2
20251106,1,02191,1
20251106,1,02198,1
20251106,10,02111,1
20251106,10,02112,1
20251106,10,02116,1
20251106,10,02122,1
20251106,10,02128,1
20251106,10,02129,1
20251106,10,02171,1
20251106,10,02172,1
20251106,10,02179,3
20251106,10,03310,3
20251106,10,03311,1
20251106,10,03802,1
20251106,11,02111,3
20251106,11,02116,1
20251106,11,02122,2
20251106,11,02139,1
20251106,11,02148,1
20251106,11,02171,3
20251106,11,02185,1
20251106,11,02186,2
20251106,11,02191,3
20251106,11,02198,1
20251106,11,03310,2
20251106,11,03311,1
20251106,12,02116,1
20251106,12,02122,1
20251106,12,02128,1
20251106,12,02159,1
20251106,12,02171,3
20251106,12,02172,2
20251106,12,02178,3
20251106,12,02185,1
20251106,12,02191,1
20251106,12,02198,1
20251106,12,02199,2
20251106,12,03310,1
20251106,13,02111,2
20251106,13,02116,1
20251106,13,02122,1
20251106,13,02129,1
20251106,13,02139,1
20251106,13,02148,2
20251106,13,02159,1
20251106,13,02171,3
20251106,13,02179,1
20251106,13,02185,1
20251106,13,02191,1
20251106,13,02198,2
20251106,13,02199,1
20251106,13,03310,1
20251106,13,03311,2
20251106,14,02111,1
20251106,14,02128,1
20251106,14,02129,1
20251106,14,02139,1
20251106,14,02148,4
20251106,14,02171,1
20251106,14,02172,2
20251106,14,02179,2
20251106,14,02185,2
20251106,14,02191,1
20251106,14,02198,1
20251106,14,02199,2
20251106,14,03310,1
20251106,14,03311,3
20251106,15,02111,2
20251106,15,02116,2
20251106,15,02122,1
20251106,15,02129,1
20251106,15,02130,1
20251106,15,02148,1
20251106,15,02171,3
20251106,15,02172,1
20251106,15,02179,1
20251106,15,02185,1
20251106,15,02186,1
20251106,15,02191,2
20251106,15,03311,2
20251106,16,02111,6
20251106,16,02112,2
20251106,16,02122,1
20251106,16,02128,1
20251106,16,02139,2
20251106,16,02148,1
20251106,16,02171,3
20251106,16,02172,2
20251106,16,02178,3
20251106,16,02179,1
20251106,16,02185,1
20251106,16,03311,2
20251106,16,03802,1
20251106,17,02111,2
20251106,17,02112,3
20251106,17,02116,1
20251106,17,02122,4
20251106,17,02130,1
20251106,17,02139,1
20251106,17,02143,2
20251106,17,02148,1
20251106,17,02171,6
20251106,17,02172,2
20251106,17,02178,4
20251106,17,02179,1
20251106,17,02191,2
20251106,17,03311,2
20251106,18,02111,4
20251106,18,02116,1
20251106,18,02122,2
20251106,18,02139,1
20251106,18,02143,1
20251106,18,02148,3
20251106,18,02159,2
20251106,18,02171,6
20251106,18,02172,1
20251106,18,02178,5
20251106,18,02179,2
20251106,18,02185,1
20251106,18,02186,2
20251106,18,02191,4
20251106,18,02199,1
20251106,18,03310,3
20251106,18,03311,4
20251106,19,02111,2
20251106,19,02112,1
20251106,19,02116,1
20251106,19,02122,3
20251106,19,02128,1
20251106,19,02143,2
20251106,19,02159,2
20251106,19,02171,3
20251106,19,02172,2
20251106,19,02178,3
20251106,19,02179,1
20251106,19,02185,2
20251106,19,02186,1
20251106,19,02191,3
20251106,19,03311,1
20251106,19,03802,1
20251106,2,02112,2
20251106,2,02159,1
20251106,2,02179,1
20251106,2,02198,1
20251106,20,02111,1
20251106,20,02112,1
20251106,20,02116,2
20251106,20,02122,2
20251106,20,02128,3
20251106,20,02159,1
20251106,20,02171,5
20251106,20,02172,1
20251106,20,02178,4
20251106,20,02179,3
20251106,20,02185,3
20251106,20,02186,2
20251106,20,02198,3
20251106,20,03310,1
20251106,20,03311,3
20251106,20,03802,1
20251106,21,02111,4
20251106,21,02116,2
20251106,21,02122,1
20251106,21,02128,1
20251106,21,02139,1
20251106,21,02159,1
20251106,21,02171,2
20251106,21,02172,1
20251106,21,02178,2
20251106,21,02179,2
20251106,21,02191,1
20251106,21,02198,1
20251106,21,03310,1
20251106,21,03311,3
20251106,21,03802,1
20251106,22,02111,3
20251106,22,02116,3
20251106,22,02128,1
20251106,22,02139,1
20251106,22,02148,1
20251106,22,02171,1
20251106,22,02172,2
20251106,22,02179,4
20251106,22,02186,1
20251106,22,02191,3
20251106,22,03310,1
20251106,22,03311,3
20251106,23,02111,2
20251106,23,02112,3
20251106,23,02116,1
20251106,23,02122,2
20251106,23,02128,2
20251106,23,02139,1
20251106,23,02148,2
20251106,23,02178,3
20251106,23,02185,4
20251106,23,02191,3
20251106,23,03311,1
20251106,3,02179,1
20251106,3,02185,1
20251106,3,02191,1
20251106,3,03310,1
20251106,4,02122,1
20251106,4,02178,1
20251106,4,02186,1
20251106,4,02191,1
20251106,5,02111,1
20251106,5,02148,1
20251106,5,02172,1
20251106,5,02179,1
20251106,5,02185,1
20251106,5,02186,1
20251106,5,03310,1
20251106,5,03311,1
20251106,6,02111,1
20251106,6,02139,1
20251106,6,02148,1
20251106,6,02159,2
20251106,6,02171,1
20251106,6,02179,1
20251106,6,02185,1
20251106,6,02191,3
20251106,6,03310,1
20251106,7,02122,1
20251106,7,02128,1
20251106,7,02139,1
20251106,7,02143,1
20251106,7,02148,1
20251106,7,02171,1
20251106,7,02179,1
20251106,7,02185,2
20251106,7,02191,2
20251106,7,02198,1
20251106,7,03310,4
20251106,7,03802,5
20251106,8,02112,2
20251106,8,02122,1
20251106,8,02139,2
20251106,8,02143,4
20251106,8,02148,3
20251106,8,02171,1
20251106,8,02172,2
20251106,8,02178,1
20251106,8,02179,1
20251106,8,02185,4
20251106,8,02191,3
20251106,8,02198,1
20251106,8,03310,1
20251106,8,03802,2
20251106,9,02111,2
20251106,9,02112,1
20251106,9,02116,1
20251106,9,02122,1
20251106,9,02139,1
20251106,9,02148,1
20251106,9,02171,1
20251106,9,02178,1
20251106,9,02179,2
20251106,9,02185,2
20251106,9,02191,3
20251106,9,02198,2
20251106,9,03310,3
20251106,9,03802,4
20251107,0,02111,3
20251107,0,02112,3
20251107,0,02116,1
20251107,0,02128,1
20251107,0,02178,1
20251107,0,02179,3
20251107,0,02191,1
20251107,0,02198,1
20251107,0,03311,1
20251107,1,02111,1
20251107,1,02112,4
20251107,1,02148,1
20251107,1,02171,1
20251107,1,02179,1
20251107,1,02198,1
20251107,10,02112,1
20251107,10,02122,2
20251107,10,02128,1
20251107,10,02129,1
20251107,10,02139,1
20251107,10,02148,1
20251107,10,02171,2
20251107,10,02172,1
20251107,10,02178,1
20251107,10,02179,1
20251107,10,02185,4
20251107,10,02186,2
20251107,10,02191,2
20251107,11,02111,3
20251107,11,02112,1
20251107,11,02116,2
20251107,11,02122,1
20251107,11,02148,1
20251107,11,02172,1
20251107,11,02178,2
20251107,11,02191,1
20251107,11,02198,1
20251107,11,03310,2
20251107,11,03311,1
20251107,11,03802,1
20251107,12,02111,4
20251107,12,02122,1
20251107,12,02128,1
20251107,12,02143,1
20251107,12,02148,1
20251107,12,02171,2
20251107,12,02172,1
20251107,12,02178,1
20251107,12,02179,2
20251107,12,02185,2
20251107,12,02186,1
20251107,12,02198,1
20251107,12,03310,1
20251107,12,03802,1
20251107,13,02112,1
20251107,13,02128,2
20251107,13,02148,1
20251107,13,02172,4
20251107,13,02178,1
20251107,13,02179,1
20251107,13,02186,1
20251107,13,02198,1
20251107,13,02199,1
20251107,13,03310,3
20251107,13,03311,1
20251107,14,02112,1
20251107,14,02122,1
20251107,14,02128,1
20251107,14,02129,1
20251107,14,02130,1
20251107,14,02148,1
20251107,14,02171,2
20251107,14,02172,2
20251107,14,02179,1
20251107,14,02185,2
20251107,14,02186,3
20251107,14,02191,1
20251107,14,03311,2
20251107,15,02111,4
20251107,15,02112,1
20251107,15,02116,1
20251107,15,02122,1
20251107,15,02128,3
20251107,15,02129,3
20251107,15,02139,1
20251107,15,02148,1
20251107,15,02171,5
20251107,15,02172,3
20251107,15,02178,1
20251107,15,02185,1
20251107,15,02186,1
20251107,15,02191,2
20251107,15,03311,4
20251107,16,02111,5
20251107,16,02112,1
20251107,16,02129,1
20251107,16,02139,2
20251107,16,02143,1
20251107,16,02171,4
20251107,16,02172,3
20251107,16,02178,3
20251107,16,02179,2
20251107,16,02191,1
20251107,16,02198,3
20251107,16,03310,3
20251107,16,03311,4
20251107,17,02111,3
20251107,17,02112,1
20251107,17,02116,2
20251107,17,02129,4
20251107,17,02143,1
20251107,17,02148,6
20251107,17,02159,1
20251107,17,02171,6
20251107,17,02172,3
20251107,17,02178,1
20251107,17,02179,5
20251107,17,02185,6
20251107,17,02186,1
20251107,17,02191,2
20251107,17,02199,1
20251107,17,03310,1
20251107,17,03311,3
20251107,17,03802,2
20251107,18,02111,3
20251107,18,02112,3
20251107,18,02116,1
20251107,18,02129,1
20251107,18,02139,2
20251107,18,02148,1
20251107,18,02159,1
20251107,18,02171,7
20251107,18,02172,2
20251107,18,02178,6
20251107,18,02179,4
20251107,18,02185,1
20251107,18,02191,2
20251107,18,02198,1
20251107,18,03310,2
20251107,18,03311,1
20251107,19,02111,1
20251107,19,02112,2
20251107,19,02116,3
20251107,19,02128,1
20251107,19,02129,1
20251107,19,02148,1
20251107,19,02171,3
20251107,19,02172,1
20251107,19,02178,3
20251107,19,02179,1
20251107,19,02185,3
20251107,19,02186,1
20251107,19,02191,3
20251107,19,02198,1
20251107,19,02199,1
20251107,19,03311,3
20251107,2,02112,2
20251107,2,02122,1
20251107,2,02159,1
20251107,2,02198,1
20251107,20,02111,1
20251107,20,02112,3
20251107,20,02116,1
20251107,20,02122,1
20251107,20,02130,1
20251107,20,02139,3
20251107,20,02143,1
20251107,20,02171,4
20251107,20,02179,4
20251107,20,02191,2
20251107,20,02198,1
20251107,20,02199,1
20251107,20,03310,1
20251107,20,03311,1
20251107,20,03802,2
20251107,21,02111,4
20251107,21,02112,1
20251107,21,02116,2
20251107,21,02122,1
20251107,21,02128,1
20251107,21,02129,1
20251107,21,02139,1
20251107,21,02171,2
20251107,21,02172,2
20251107,21,02178,4
20251107,21,02179,1
20251107,21,02185,3
20251107,21,02191,2
20251107,21,02198,1
20251107,21,02199,1
20251107,21,03310,1
20251107,21,03311,1
20251107,21,03802,3
20251107,22,02111,3
20251107,22,02112,1
20251107,22,02116,3
20251107,22,02128,1
20251107,22,02139,1
20251107,22,02143,1
20251107,22,02159,1
20251107,22,02171,4
20251107,22,02172,3
20251107,22,02178,2
20251107,22,02179,1
20251107,22,02185,2
20251107,22,02186,3
20251107,22,02191,1
20251107,22,02199,1
20251107,22,03310,1
20251107,22,03311,2
20251107,22,03802,1
20251107,23,02116,1
20251107,23,02148,3
20251107,23,02171,4
20251107,23,02172,1
20251107,23,02178,1
20251107,23,02179,1
20251107,23,02185,3
20251107,23,02191,1
20251107,23,02198,2
20251107,23,03311,1
20251107,3,02171,1
20251107,3,02198,1
20251107,4,02122,1
20251107,4,02171,1
20251107,4,02179,2
20251107,4,02185,1
20251107,5,02185,1
20251107,5,02198,1
20251107,5,03310,1
20251107,6,02111,1
20251107,6,02143,1
20251107,6,02148,1
20251107,6,02179,2
20251107,6,02185,2
20251107,6,02191,1
20251107,6,02198,1
20251107,6,03310,3
20251107,7,02111,1
20251107,7,02112,1
20251107,7,02139,3
20251107,7,02171,1
20251107,7,02179,1
20251107,7,02185,2
20251107,7,02186,1
20251107,7,02191,2
20251107,7,02198,1
20251107,7,03310,2
20251107,7,03802,2
20251107,8,02112,1
20251107,8,02143,2
20251107,8,02171,2
20251107,8,02172,3
20251107,8,02178,1
20251107,8,02179,1
20251107,8,02185,5
20251107,8,02191,5
20251107,8,03310,2
20251107,8,03311,1
20251107,8,03802,2
20251107,9,02111,2
20251107,9,02116,1
20251107,9,02122,1
20251107,9,02171,1
20251107,9,02172,1
20251107,9,02178,1
20251107,9,02179,3
20251107,9,02185,1
20251107,9,02191,3
20251107,9,02198,2
20251107,9,02199,1
20251107,9,03310,5
20251107,9,03802,2
20251108,0,02112,3
20251108,0,02116,3
20251108,0,02122,1
20251108,0,02128,2
20251108,0,02139,1
20251108,0,02171,1
20251108,0,02172,1
20251108,0,02179,4
20251108,0,02185,1
20251108,0,02186,1
20251108,0,02191,1
20251108,0,02198,2
20251108,0,02199,1
20251108,0,03310,1
20251108,0,03311,3
20251108,1,02111,1
20251108,1,02148,1
20251108,1,02179,2
20251108,1,02185,2
20251108,1,02198,2
20251108,1,03311,1
20251108,10,02111,2
20251108,10,02116,2
20251108,10,02139,1
20251108,10,02143,1
20251108,10,02148,1
20251108,10,02171,1
20251108,10,02172,4
20251108,10,02178,2
20251108,10,02179,5
20251108,10,02185,1
20251108,10,02191,2
20251108,10,02198,2
20251108,10,02199,1
20251108,10,03310,2
20251108,10,03311,1
20251108,10,03802,3
20251108,11,02111,2
20251108,11,02112,2
20251108,11,02122,2
20251108,11,02128,1
20251108,11,02139,4
20251108,11,02148,1
20251108,11,02159,1
20251108,11,02171,2
20251108,11,02172,1
20251108,11,02191,1
20251108,11,02198,2
20251108,11,03310,1
20251108,11,03802,2
20251108,12,02111,1
20251108,12,02128,1
20251108,12,02129,1
20251108,12,02139,1
20251108,12,02148,2
20251108,12,02159,1
20251108,12,02171,2
20251108,12,02172,3
20251108,12,02178,2
20251108,12,02179,4
20251108,12,02185,4
20251108,12,02186,1
20251108,12,02191,1
20251108,12,03310,3
20251108,12,03311,2
20251108,13,02116,1
20251108,13,02122,1
20251108,13,02129,1
20251108,13,02148,4
20251108,13,02171,4
20251108,13,02172,2
20251108,13,02178,1
20251108,13,02179,2
20251108,13,02185,1
20251108,13,02191,3
20251108,13,03311,1
20251108,14,02111,1
20251108,14,02112,1
20251108,14,02122,1
20251108,14,02128,1
20251108,14,02130,1
20251108,14,02143,1
20251108,14,02148,2
20251108,14,02171,2
20251108,14,02172,2
20251108,14,02178,1
20251108,14,02185,1
20251108,14,02186,2
20251108,14,02191,3
20251108,14,02199,1
20251108,14,03310,3
20251108,14,03311,2
20251108,15,02112,1
20251108,15,02128,4
20251108,15,02129,1
20251108,15,02139,1
20251108,15,02143,1
20251108,15,02171,1
20251108,15,02172,5
20251108,15,02178,2
20251108,15,02179,1
20251108,15,02185,1
20251108,15,02191,6
20251108,15,03311,1
20251108,16,02112,1
20251108,16,02116,1
20251108,16,02128,1
20251108,16,02139,1
20251108,16,02143,3
20251108,16,02148,1
20251108,16,02159,1
20251108,16,02171,3
20251108,16,02172,2
20251108,16,02178,5
20251108,16,02179,3
20251108,16,02186,2
20251108,16,02191,1
20251108,16,02198,1
20251108,16,03310,1
20251108,16,03311,4
20251108,16,03802,1
20251108,17,02111,2
20251108,17,02112,1
20251108,17,02122,1
20251108,17,02128,2
20251108,17,02139,1
20251108,17,02143,1
20251108,17,02148,2
20251108,17,02171,5
20251108,17,02172,5
20251108,17,02178,1
20251108,17,02185,2
20251108,17,02186,2
20251108,17,02191,3
20251108,17,02198,1
20251108,17,02199,2
20251108,17,03311,1
20251108,17,03802,1
20251108,18,02111,3
20251108,18,02112,2
20251108,18,02116,1
20251108,18,02122,1
20251108,18,02129,1
20251108,18,02139,2
20251108,18,02143,3
20251108,18,02159,1
20251108,18,02171,1
20251108,18,02172,3
20251108,18,02178,1
20251108,18,02179,2
20251108,18,02185,3
20251108,18,02191,3
20251108,18,02198,1
20251108,18,02199,1
20251108,18,03311,1
20251108,19,02111,1
20251108,19,02112,3
20251108,19,02148,2
20251108,19,02171,1
20251108,19,02172,1
20251108,19,02178,1
20251108,19,02179,2
20251108,19,02185,4
20251108,19,02186,1
20251108,19,02191,4
20251108,19,02198,3
20251108,19,02199,1
20251108,19,03311,4
20251108,2,02111,1
20251108,2,02112,1
20251108,2,02128,1
20251108,2,02148,1
20251108,2,02159,1
20251108,2,02185,1
20251108,2,02191,1
20251108,2,03311,2
20251108,20,02111,2
20251108,20,02112,2
20251108,20,02116,3
20251108,20,02128,1
20251108,20,02171,2
20251108,20,02172,1
20251108,20,02178,1
20251108,20,02179,4
20251108,20,02185,2
20251108,20,02198,2
20251108,21,02111,2
20251108,21,02116,2
20251108,21,02148,1
20251108,21,02171,3
20251108,21,02179,1
20251108,21,02185,1
20251108,21,02191,1
20251108,21,03310,1
20251108,21,03311,1
20251108,21,03802,1
20251108,22,02111,1
20251108,22,02112,1
20251108,22,02116,2
20251108,22,02122,3
20251108,22,02159,1
20251108,22,02171,2
20251108,22,02178,1
20251108,22,02179,1
20251108,22,02185,1
20251108,22,02186,1
20251108,22,02198,2
20251108,22,03311,2
20251108,23,02111,2
20251108,23,02112,4
20251108,23,02122,1
20251108,23,02128,2
20251108,23,02148,1
20251108,23,02171,1
20251108,23,02178,1
20251108,23,02179,1
20251108,23,02185,1
20251108,23,02191,1
20251108,23,02198,2
20251108,23,03311,1
20251108,3,02116,1
20251108,3,02171,3
20251108,3,02172,1
20251108,3,02185,1
20251108,4,02178,1
20251108,4,02179,1
20251108,5,02128,1
20251108,5,02148,1
20251108,5,02185,1
20251108,5,03310,4
20251108,5,03311,1
20251108,6,02143,1
20251108,6,02171,1
20251108,6,02185,1
20251108,6,03310,1
20251108,7,02111,1
20251108,7,02128,1
20251108,7,02143,1
20251108,7,02179,1
20251108,7,02185,2
20251108,7,02191,2
20251108,7,03310,1
20251108,7,03802,3
20251108,8,02112,1
20251108,8,02116,1
20251108,8,02122,1
20251108,8,02128,2
20251108,8,02129,1
20251108,8,02139,1
20251108,8,02178,1
20251108,8,02185,1
20251108,8,02191,1
20251108,8,03310,2
20251108,8,03311,1
20251108,9,02112,1
20251108,9,02128,1
20251108,9,02129,1
20251108,9,02143,1
20251108,9,02148,1
20251108,9,02171,1
20251108,9,02172,1
20251108,9,02178,2
20251108,9,02179,2
20251108,9,02185,2
20251108,9,02191,2
20251108,9,03310,1
20251108,9,03311,1
20251109,0,02111,3
20251109,0,02112,1
20251109,0,02116,3
20251109,0,02122,2
20251109,0,02139,2
20251109,0,02171,5
20251109,0,02178,3
20251109,0,02179,1
20251109,0,02185,1
20251109,0,02191,1
20251109,0,03311,2
20251109,1,02111,2
20251109,1,02112,1
20251109,1,02148,1
20251109,1,02159,1
20251109,1,02171,1
20251109,1,02179,2
20251109,1,02186,1
20251109,1,02191,1
20251109,1,02198,2
20251109,1,03311,1
20251109,10,02111,1
20251109,10,02112,1
20251109,10,02143,2
20251109,10,02178,1
20251109,10,02179,2
20251109,10,02186,1
20251109,10,02191,2
20251109,10,02198,1
20251109,10,02199,1
20251109,10,03310,1
20251109,10,03802,1
20251109,11,02111,3
20251109,11,02112,1
20251109,11,02128,1
20251109,11,02143,2
20251109,11,02148,2
20251109,11,02159,1
20251109,11,02172,2
20251109,11,02179,2
20251109,11,02185,1
20251109,11,02186,2
20251109,11,02191,2
20251109,11,03310,1
20251109,11,03311,1
20251109,11,03802,1
20251109,12,02111,2
20251109,12,02112,2
20251109,12,02122,1
20251109,12,02143,1
20251109,12,02159,1
20251109,12,02171,1
20251109,12,02172,1
20251109,12,02178,2
20251109,12,02179,3
20251109,12,02185,2
20251109,12,02186,1
20251109,12,02198,1
20251109,12,03310,1
20251109,13,02111,3
20251109,13,02116,1
20251109,13,02122,2
20251109,13,02139,1
20251109,13,02143,1
20251109,13,02148,3
20251109,13,02171,3
20251109,13,02172,4
20251109,13,02178,1
20251109,13,02185,3
20251109,13,02186,1
20251109,13,02191,5
20251109,13,03310,1
20251109,13,03311,2
20251109,14,02112,1
20251109,14,02122,4
20251109,14,02159,3
20251109,14,02171,5
20251109,14,02172,2
20251109,14,02178,1
20251109,14,02179,3
20251109,14,02185,1
20251109,14,02186,2
20251109,14,02191,4
20251109,14,02198,2
20251109,14,03310,1
20251109,15,02111,3
20251109,15,02116,4
20251109,15,02122,1
20251109,15,02128,1
20251109,15,02129,3
20251109,15,02130,2
20251109,15,02139,1
20251109,15,02148,1
20251109,15,02159,1
20251109,15,02171,4
20251109,15,02172,6
20251109,15,02178,1
20251109,15,02185,1
20251109,15,02191,3
20251109,15,03310,1
20251109,15,03311,5
20251109,15,03802,1
20251109,16,02111,2
20251109,16,02112,3
20251109,16,02116,1
20251109,16,02122,2
20251109,16,02128,1
20251109,16,02129,4
20251109,16,02171,3
20251109,16,02172,3
20251109,16,02178,2
20251109,16,02179,2
20251109,16,02185,1
20251109,16,02186,2
20251109,16,02191,1
20251109,16,03311,3
20251109,16,03802,1
20251109,17,02111,2
20251109,17,02112,1
20251109,17,02116,1
20251109,17,02128,2
20251109,17,02129,1
20251109,17,02143,1
20251109,17,02148,3
20251109,17,02159,2
20251109,17,02171,4
20251109,17,02172,5
20251109,17,02178,2
20251109,17,02179,2
20251109,17,02185,1
20251109,17,02186,1
20251109,17,02191,2
20251109,17,02198,1
20251109,17,03310,1
20251109,17,03311,2
20251109,17,03802,1
20251109,18,02112,2
20251109,18,02116,2
20251109,18,02122,2
20251109,18,02130,1
20251109,18,02159,1
20251109,18,02171,3
20251109,18,02172,1
20251109,18,02178,3
20251109,18,02179,1
20251109,18,02185,1
20251109,18,02191,2
20251109,18,02198,1
20251109,19,02111,2
20251109,19,02116,1
20251109,19,02122,1
20251109,19,02128,2
20251109,19,02139,1
20251109,19,02143,4
20251109,19,02159,1
20251109,19,02172,3
20251109,19,02179,2
20251109,19,02185,1
20251109,19,02186,2
20251109,19,02191,1
20251109,19,02198,2
20251109,19,03310,1
20251109,19,03311,2
20251109,2,02112,1
20251109,2,02116,4
20251109,2,02128,2
20251109,2,02171,1
20251109,2,02172,1
20251109,2,02186,1
20251109,2,03311,2
20251109,20,02111,4
20251109,20,02112,1
20251109,20,02122,1
20251109,20,02128,1
20251109,20,02171,1
20251109,20,02178,1
20251109,20,02179,1
20251109,20,02185,1
20251109,20,02186,2
20251109,20,02191,1
20251109,20,02198,1
20251109,20,02199,1
20251109,21,02111,1
20251109,21,02112,1
20251109,21,02122,1
20251109,21,02129,2
20251109,21,02139,1
20251109,21,02143,1
20251109,21,02171,2
20251109,21,02179,1
20251109,21,02191,2
20251109,21,02198,1
20251109,21,03310,2
20251109,21,03311,2
20251109,22,02111,3
20251109,22,02148,1
20251109,22,02159,1
20251109,22,02178,1
20251109,22,02185,2
20251109,22,02186,2
20251109,22,02191,3
20251109,22,02199,1
20251109,22,03311,1
20251109,23,02111,2
20251109,23,02128,1
20251109,23,02171,1
20251109,23,02172,1
20251109,23,02178,2
20251109,23,02191,1
20251109,23,03310,2
20251109,23,03311,1
20251109,3,02179,1
20251109,3,02198,2
20251109,4,02111,1
20251109,4,02139,1
20251109,4,02143,1
20251109,4,02179,1
20251109,5,02112,1
20251109,5,02139,1
20251109,5,02148,1
20251109,5,02185,1
20251109,5,02191,1
20251109,5,03310,1
20251109,6,02111,2
20251109,6,02122,1
20251109,6,02179,1
20251109,6,02185,1
20251109,6,03310,1
20251109,7,02139,1
20251109,7,02185,1
20251109,7,02186,1
20251109,7,02191,1
20251109,7,02198,1
20251109,7,03310,2
20251109,8,02112,1
20251109,8,02122,1
20251109,8,02139,1
20251109,8,02143,1
20251109,8,02185,1
20251109,9,02116,1
20251109,9,02129,1
20251109,9,02179,1
20251109,9,02185,2
20251109,9,02191,1
20251109,9,02198,1
20251109,9,02199,1
20251109,9,03310,2
20251109,9,03311,2
20251110,0,02111,1
20251110,0,02112,1
20251110,0,02128,1
20251110,0,02148,1
20251110,0,02171,1
20251110,0,02179,3
20251110,0,02198,1
20251110,0,03311,2
20251110,1,02128,1
20251110,1,02159,1
20251110,1,02179,1
20251110,1,02185,2
20251110,10,02111,1
20251110,10,02112,1
20251110,10,02116,1
20251110,10,02128,2
20251110,10,02172,1
20251110,10,02179,1
20251110,10,02186,1
20251110,10,02191,1
20251110,10,02198,1
20251110,10,03311,1
20251110,10,03802,2
20251110,11,02111,1
20251110,11,02112,1
20251110,11,02116,2
20251110,11,02122,2
20251110,11,02129,1
20251110,11,02143,1
20251110,11,02171,2
20251110,11,02178,1
20251110,11,02185,1
20251110,11,02191,2
20251110,11,02198,1
20251110,11,03310,2
20251110,11,03802,1
20251110,12,02111,1
20251110,12,02122,2
20251110,12,02139,3
20251110,12,02143,1
20251110,12,02148,1
20251110,12,02171,2
20251110,12,02178,4
20251110,12,02186,1
20251110,12,02191,3
20251110,12,02198,2
20251110,12,03310,1
20251110,12,03311,2
20251110,12,03802,1
20251110,13,02111,3
20251110,13,02128,1
20251110,13,02129,1
20251110,13,02130,1
20251110,13,02148,2
20251110,13,02171,1
20251110,13,02172,2
20251110,13,02178,1
20251110,13,02186,1
20251110,13,02191,1
20251110,13,03310,1
20251110,13,03311,1
20251110,13,03802,1
20251110,14,02122,1
20251110,14,02171,2
20251110,14,02172,1
20251110,14,02179,2
20251110,14,02186,1
20251110,14,02191,1
20251110,14,03310,1
20251110,14,03311,4
20251110,15,02111,2
20251110,15,02112,1
20251110,15,02122,1
20251110,15,02148,3
20251110,15,02171,2
20251110,15,02172,2
20251110,15,02178,4
20251110,15,02179,1
20251110,15,02185,2
20251110,15,03310,1
20251110,15,03311,3
20251110,16,02111,1
20251110,16,02116,2
20251110,16,02128,1
20251110,16,02130,1
20251110,16,02139,1
20251110,16,02143,1
20251110,16,02148,1
20251110,16,02171,3
20251110,16,02179,2
20251110,16,02185,1
20251110,16,02198,1
20251110,16,03310,1
20251110,16,03311,1
20251110,17,02111,1
20251110,17,02112,1
20251110,17,02122,1
20251110,17,02128,2
20251110,17,02129,1
20251110,17,02130,1
20251110,17,02139,1
20251110,17,02143,2
20251110,17,02148,1
20251110,17,02171,6
20251110,17,02178,4
20251110,17,02179,2
20251110,17,02185,2
20251110,17,02186,2
20251110,17,02191,4
20251110,17,02198,1
20251110,17,03311,6
20251110,17,03802,1
20251110,18,02112,2
20251110,18,02116,1
20251110,18,02128,1
20251110,18,02129,1
20251110,18,02148,2
20251110,18,02171,7
20251110,18,02178,5
20251110,18,02179,7
20251110,18,02185,2
20251110,18,02191,5
20251110,18,02199,1
20251110,18,03311,7
20251110,19,02111,3
20251110,19,02112,1
20251110,19,02116,1
20251110,19,02122,2
20251110,19,02148,1
20251110,19,02159,1
20251110,19,02172,1
20251110,19,02178,2
20251110,19,02185,1
20251110,19,02191,2
20251110,2,02111,1
20251110,2,02112,1
20251110,2,02148,1
20251110,2,02171,1
20251110,20,02111,2
20251110,20,02112,2
20251110,20,02116,5
20251110,20,02122,3
20251110,20,02129,1
20251110,20,02130,2
20251110,20,02171,3
20251110,20,02172,2
20251110,20,02178,2
20251110,20,02179,2
20251110,20,02185,3
20251110,20,02198,1
20251110,20,03311,1
20251110,20,03802,1
20251110,21,02111,2
20251110,21,02116,1
20251110,21,02122,2
20251110,21,02128,1
20251110,21,02130,2
20251110,21,02143,2
20251110,21,02171,2
20251110,21,02172,2
20251110,21,02179,1
20251110,21,02191,1
20251110,21,02198,1
20251110,21,03310,1
20251110,21,03802,1
20251110,22,02111,1
20251110,22,02112,1
20251110,22,02122,1
20251110,22,02128,1
20251110,22,02139,1
20251110,22,02171,5
20251110,22,02178,1
20251110,22,02185,1
20251110,22,02186,2
20251110,22,02191,1
20251110,22,02198,2
20251110,22,03802,1
20251110,23,02111,1
20251110,23,02112,2
20251110,23,02122,1
20251110,23,02128,1
20251110,23,02148,1
20251110,23,02179,2
20251110,23,02186,1
20251110,23,02198,1
20251110,23,03311,2
20251110,3,02171,1
20251110,4,02122,1
20251110,4,02171,1
20251110,4,02191,1
20251110,5,02112,1
20251110,5,02172,1
20251110,5,02179,1
20251110,6,02112,1
20251110,6,02116,1
20251110,6,02148,3
20251110,6,02179,1
20251110,6,02185,2
20251110,6,02191,2
20251110,6,03310,2
20251110,7,02111,2
20251110,7,02116,1
20251110,7,02122,1
20251110,7,02139,2
20251110,7,02171,1
20251110,7,02185,1
20251110,7,02191,1
20251110,7,03310,4
20251110,7,03802,1
20251110,8,02111,1
20251110,8,02112,2
20251110,8,02122,1
20251110,8,02128,1
20251110,8,02139,3
20251110,8,02143,3
20251110,8,02148,1
20251110,8,02171,1
20251110,8,02172,1
20251110,8,02179,4
20251110,8,02185,3
20251110,8,02186,2
20251110,8,02191,5
20251110,8,03802,6
20251110,9,02111,1
20251110,9,02112,1
20251110,9,02116,2
20251110,9,02122,2
20251110,9,02128,2
20251110,9,02143,1
20251110,9,02148,1
20251110,9,02172,3
20251110,9,02178,1
20251110,9,02179,1
20251110,9,02185,2
20251110,9,02199,1
20251110,9,03802,1
20251111,0,02111,1
20251111,0,02112,1
20251111,0,02122,1
20251111,0,02139,1
20251111,0,02148,1
20251111,0,02171,1
20251111,0,02191,2
20251111,0,02198,1
20251111,1,02116,1
20251111,1,02185,1
20251111,1,02186,1
20251111,1,03311,2
20251111,10,02112,1
20251111,10,02116,1
20251111,10,02130,1
20251111,10,02159,1
20251111,10,02171,1
20251111,10,02179,4
20251111,10,02185,1
20251111,10,02186,1
20251111,10,02191,1
20251111,10,02198,4
20251111,10,02199,1
20251111,10,03310,2
20251111,10,03311,1
20251111,10,03802,1
20251111,11,02111,2
20251111,11,02122,1
20251111,11,02128,1
20251111,11,02171,2
20251111,11,02172,1
20251111,11,02178,1
20251111,11,02179,1
20251111,11,02185,1
20251111,11,02186,2
20251111,11,02199,1
20251111,11,03310,1
20251111,11,03311,1
20251111,12,02111,3
20251111,12,02116,1
20251111,12,02122,4
20251111,12,02130,1
20251111,12,02139,2
20251111,12,02171,3
20251111,12,02178,1
20251111,12,02179,2
20251111,12,02185,1
20251111,12,02186,1
20251111,12,02199,1
20251111,12,03311,3
20251111,13,02111,1
20251111,13,02116,2
20251111,13,02122,1
20251111,13,02128,2
20251111,13,02139,1
20251111,13,02148,1
20251111,13,02159,1
20251111,13,02172,1
20251111,13,02179,2
20251111,13,02185,3
20251111,13,03311,1
20251111,14,02111,2
20251111,14,02112,1
20251111,14,02128,1
20251111,14,02139,1
20251111,14,02148,2
20251111,14,02171,3
20251111,14,02178,2
20251111,14,02179,2
20251111,14,02191,1
20251111,14,03311,3
20251111,15,02111,5
20251111,15,02116,2
20251111,15,02128,3
20251111,15,02139,2
20251111,15,02143,1
20251111,15,02148,2
20251111,15,02171,1
20251111,15,02172,2
20251111,15,02178,1
20251111,15,02179,1
20251111,15,02185,2
20251111,15,02186,2
20251111,15,02191,1
20251111,15,03310,1
20251111,15,03311,1
20251111,16,02111,2
20251111,16,02112,1
20251111,16,02116,1
20251111,16,02129,1
20251111,16,02130,1
20251111,16,02148,3
20251111,16,02159,1
20251111,16,02171,4
20251111,16,02172,1
20251111,16,02178,5
20251111,16,02179,2
20251111,16,02185,2
20251111,16,02191,1
20251111,16,03310,1
20251111,16,03311,2
20251111,17,02111,4
20251111,17,02112,3
20251111,17,02116,4
20251111,17,02143,1
20251111,17,02148,1
20251111,17,02159,1
20251111,17,02171,2
20251111,17,02172,3
20251111,17,02178,4
20251111,17,02179,1
20251111,17,02185,4
20251111,17,02198,1
20251111,17,02199,1
20251111,17,03310,1
20251111,17,03311,1
20251111,18,02111,2
20251111,18,02112,1
20251111,18,02116,4
20251111,18,02129,1
20251111,18,02143,3
20251111,18,02171,4
20251111,18,02172,2
20251111,18,02178,4
20251111,18,02179,5
20251111,18,02186,1
20251111,18,02191,2
20251111,18,02198,2
20251111,18,02199,1
20251111,18,03310,3
20251111,18,03311,3
20251111,19,02111,1
20251111,19,02112,3
20251111,19,02128,2
20251111,19,02129,1
20251111,19,02143,1
20251111,19,02148,3
20251111,19,02171,4
20251111,19,02172,1
20251111,19,02178,3
20251111,19,02186,2
20251111,19,02191,2
20251111,19,02198,2
20251111,19,03310,1
20251111,19,03311,1
20251111,19,03802,1
20251111,2,02111,1
20251111,2,02116,1
20251111,2,02122,1
20251111,2,02179,1
20251111,2,02185,1
20251111,20,02112,1
20251111,20,02116,2
20251111,20,02128,1
20251111,20,02129,1
20251111,20,02139,1
20251111,20,02143,1
20251111,20,02159,2
20251111,20,02171,2
20251111,20,02178,1
20251111,20,02179,1
20251111,20,02185,2
20251111,20,02191,2
20251111,20,02198,1
20251111,20,02199,2
20251111,20,03311,3
20251111,20,03802,3
20251111,21,02111,1
20251111,21,02112,3
20251111,21,02116,1
20251111,21,02122,3
20251111,21,02148,2
20251111,21,02171,2
20251111,21,02178,1
20251111,21,02179,3
20251111,21,02185,1
20251111,21,02191,1
20251111,21,02198,1
20251111,21,03311,1
20251111,21,03802,1
20251111,22,02111,1
20251111,22,02112,2
20251111,22,02116,2
20251111,22,02130,1
20251111,22,02139,1
20251111,22,02171,2
20251111,22,02172,1
20251111,22,02178,1
20251111,22,02179,2
20251111,22,02185,1
20251111,22,02186,1
20251111,22,02191,1
20251111,22,03311,5
20251111,22,03802,1
20251111,23,02112,3
20251111,23,02116,1
20251111,23,02128,2
20251111,23,02185,1
20251111,23,02186,1
20251111,23,02191,1
20251111,23,02198,1
20251111,23,03311,1
20251111,3,02116,1
20251111,3,02122,1
20251111,3,02159,1
20251111,3,02191,1
20251111,4,02122,1
20251111,4,02139,1
20251111,4,02179,1
20251111,5,02122,1
20251111,5,02185,2
20251111,5,02186,2
20251111,5,02191,1
20251111,5,02198,1
20251111,6,02111,1
20251111,6,02116,1
20251111,6,02185,1
20251111,6,02191,2
20251111,6,03310,3
20251111,7,02111,3
20251111,7,02122,2
20251111,7,02139,2
20251111,7,02185,3
20251111,7,02186,1
20251111,7,02198,1
20251111,7,03310,3
20251111,7,03802,3
20251111,8,02111,2
20251111,8,02112,2
20251111,8,02129,1
20251111,8,02139,1
20251111,8,02143,4
20251111,8,02148,1
20251111,8,02172,3
20251111,8,02178,1
20251111,8,02179,4
20251111,8,02185,2
20251111,8,02191,7
20251111,8,02198,2
20251111,8,03310,2
20251111,8,03802,1
20251111,9,02116,2
20251111,9,02122,1
20251111,9,02130,1
20251111,9,02148,2
20251111,9,02171,4
20251111,9,02178,2
20251111,9,02179,2
20251111,9,02185,2
20251111,9,02191,3
20251111,9,02199,1
20251111,9,03311,2
20251111,9,03802,3
20251112,0,02112,1
20251112,0,02116,1
20251112,0,02139,1
20251112,0,02159,1
20251112,0,02171,1
20251112,0,02179,1
20251112,0,02185,1
20251112,0,02198,1
20251112,0,03310,1
20251112,1,02112,1
20251112,1,02116,1
20251112,1,02128,1
20251112,1,02171,1
20251112,1,02185,2
20251112,1,02198,2
20251112,10,02111,1
20251112,10,02112,1
20251112,10,02116,2
20251112,10,02128,1
20251112,10,02139,1
20251112,10,02143,1
20251112,10,02148,1
20251112,10,02171,1
20251112,10,02172,2
20251112,10,02179,2
20251112,10,02191,1
20251112,10,02198,1
20251112,10,03310,2
20251112,10,03311,1
20251112,10,03802,1
20251112,11,02111,3
20251112,11,02122,3
20251112,11,02128,1
20251112,11,02130,1
20251112,11,02139,1
20251112,11,02143,2
20251112,11,02178,2
20251112,11,02185,1
20251112,11,02191,1
20251112,11,02198,2
20251112,11,02199,1
20251112,11,03311,1
20251112,11,03802,1
20251112,12,02111,1
20251112,12,02122,2
20251112,12,02130,1
20251112,12,02139,1
20251112,12,02143,2
20251112,12,02148,4
20251112,12,02171,3
20251112,12,02172,2
20251112,12,02178,3
20251112,12,02186,1
20251112,12,02191,2
20251112,12,02198,1
20251112,12,03311,2
20251112,13,02111,1
20251112,13,02116,1
20251112,13,02128,1
20251112,13,02129,1
20251112,13,02139,1
20251112,13,02171,2
20251112,13,02172,2
20251112,13,02178,3
20251112,13,02179,1
20251112,13,02185,2
20251112,13,02186,1
20251112,13,02191,1
20251112,13,02198,2
20251112,13,03311,3
20251112,14,02116,1
20251112,14,02122,2
20251112,14,02128,2
20251112,14,02148,3
20251112,14,02171,6
20251112,14,02179,2
20251112,14,02185,1
20251112,14,02191,2
20251112,14,02198,2
20251112,14,02199,1
20251112,14,03311,1
20251112,15,02111,2
20251112,15,02112,1
20251112,15,02122,1
20251112,15,02128,2
20251112,15,02130,1
20251112,15,02143,1
20251112,15,02159,1
20251112,15,02171,2
20251112,15,02172,1
20251112,15,02178,3
20251112,15,02179,1
20251112,15,02186,2
20251112,15,03310,1
20251112,15,03311,2
20251112,16,02112,1
20251112,16,02128,1
20251112,16,02130,1
20251112,16,02143,1
20251112,16,02148,2
20251112,16,02159,3
20251112,16,02171,3
20251112,16,02172,1
20251112,16,02179,2
20251112,16,02185,2
20251112,16,02186,2
20251112,16,02191,1
20251112,16,02198,2
20251112,16,03310,2
20251112,16,03311,3
20251112,17,02111,3
20251112,17,02112,1
20251112,17,02116,1
20251112,17,02122,1
20251112,17,02139,2
20251112,17,02171,1
20251112,17,02172,1
20251112,17,02178,5
20251112,17,02179,3
20251112,17,02185,2
20251112,17,02191,2
20251112,17,02199,1
20251112,17,03310,2
20251112,17,03311,2
20251112,18,02111,1
20251112,18,02112,1
20251112,18,02116,4
20251112,18,02122,1
20251112,18,02128,3
20251112,18,02139,2
20251112,18,02143,1
20251112,18,02148,3
20251112,18,02159,1
20251112,18,02171,6
20251112,18,02172,3
20251112,18,02178,6
20251112,18,02179,4
20251112,18,02186,2
20251112,18,02191,4
20251112,18,02198,1
20251112,18,03311,2
20251112,18,03802,1
20251112,19,02111,2
20251112,19,02112,1
20251112,19,02116,3
20251112,19,02122,2
20251112,19,02128,1
20251112,19,02129,1
20251112,19,02148,2
20251112,19,02171,4
20251112,19,02172,2
20251112,19,02185,1
20251112,19,02191,1
20251112,19,02198,1
20251112,19,03802,1
20251112,2,02148,1
20251112,2,02159,1
20251112,2,02179,2
20251112,2,02185,1
20251112,20,02112,1
20251112,20,02116,2
20251112,20,02122,1
20251112,20,02128,2
20251112,20,02130,1
20251112,20,02143,2
20251112,20,02171,5
20251112,20,02172,1
20251112,20,02178,4
20251112,20,02179,1
20251112,20,02185,1
20251112,20,02186,2
20251112,20,02198,2
20251112,20,03310,1
20251112,20,03311,1
20251112,20,03802,1
20251112,21,02111,4
20251112,21,02112,1
20251112,21,02116,2
20251112,21,02122,1
20251112,21,02129,1
20251112,21,02143,1
20251112,21,02171,1
20251112,21,02172,2
20251112,21,02178,3
20251112,21,02179,3
20251112,21,02185,2
20251112,21,02191,1
20251112,21,02199,1
20251112,21,03311,4
20251112,21,03802,1
20251112,22,02111,2
20251112,22,02116,1
20251112,22,02139,1
20251112,22,02178,1
20251112,22,02179,3
20251112,22,02185,1
20251112,22,02186,2
20251112,22,02191,2
20251112,22,02198,1
20251112,22,03311,1
20251112,23,02111,1
20251112,23,02112,3
20251112,23,02128,1
20251112,23,02148,2
20251112,23,02172,1
20251112,23,02178,1
20251112,23,02191,1
20251112,3,02139,1
20251112,3,02171,1
20251112,3,02178,1
20251112,3,02191,1
20251112,3,03310,1
20251112,4,02179,1
20251112,5,02179,1
20251112,5,03310,1
20251112,6,02111,1
20251112,6,02122,1
20251112,6,02139,1
20251112,6,02143,1
20251112,6,02159,1
20251112,6,02185,1
20251112,6,02191,1
20251112,6,03310,2
20251112,6,03802,1
20251112,7,02111,2
20251112,7,02112,2
20251112,7,02122,1
20251112,7,02139,2
20251112,7,02172,1
20251112,7,02185,1
20251112,7,02186,2
20251112,7,02191,2
20251112,7,02198,1
20251112,7,03310,3
20251112,7,03802,2
20251112,8,02111,1
20251112,8,02112,1
20251112,8,02116,1
20251112,8,02130,1
20251112,8,02139,2
20251112,8,02143,3
20251112,8,02148,2
20251112,8,02172,1
20251112,8,02185,4
20251112,8,02186,1
20251112,8,02191,5
20251112,8,02198,1
20251112,8,03311,1
20251112,8,03802,2
20251112,9,02111,3
20251112,9,02116,1
20251112,9,02139,1
20251112,9,02171,3
20251112,9,02172,1
20251112,9,02178,1
20251112,9,02179,3
20251112,9,02185,1
20251112,9,02186,1
20251112,9,02191,3
20251112,9,02198,2
20251112,9,02199,1
20251112,9,03802,1
20251113,0,02111,1
20251113,0,02122,1
20251113,0,02139,1
20251113,0,02172,1
20251113,0,02178,1
20251113,0,02179,2
20251113,0,02191,1
20251113,0,02198,1
20251113,0,03311,1
20251113,1,02112,1
20251113,1,02148,1
20251113,1,02171,2
20251113,1,02172,1
20251113,1,02178,1
20251113,1,02179,2
20251113,1,02185,1
20251113,1,02198,2
20251113,10,02116,2
20251113,10,02122,1
20251113,10,02128,1
20251113,10,02143,1
20251113,10,02171,1
20251113,10,02172,2
20251113,10,02178,2
20251113,10,02179,1
20251113,10,02185,1
20251113,10,02191,2
20251113,10,02198,3
20251113,10,02199,1
20251113,10,03311,1
20251113,11,02112,1
20251113,11,02116,1
20251113,11,02122,1
20251113,11,02130,1
20251113,11,02139,1
20251113,11,02143,1
20251113,11,02159,1
20251113,11,02171,3
20251113,11,02179,3
20251113,11,02185,2
20251113,11,02191,1
20251113,11,02198,2
20251113,11,03311,1
20251113,11,03802,1
20251113,12,02111,2
20251113,12,02122,2
20251113,12,02128,1
20251113,12,02139,2
20251113,12,02143,1
20251113,12,02159,1
20251113,12,02171,3
20251113,12,02172,3
20251113,12,02191,1
20251113,12,03311,1
20251113,13,02111,2
20251113,13,02112,1
20251113,13,02116,2
20251113,13,02122,1
20251113,13,02139,1
20251113,13,02148,5
20251113,13,02172,2
20251113,13,02179,3
20251113,13,02185,1
20251113,13,02191,1
20251113,13,02198,1
20251113,13,02199,1
20251113,13,03311,3
20251113,14,02112,2
20251113,14,02116,1
20251113,14,02122,2
20251113,14,02128,2
20251113,14,02130,1
20251113,14,02143,1
20251113,14,02148,3
20251113,14,02159,1
20251113,14,02171,2
20251113,14,02172,1
20251113,14,02185,1
20251113,14,02186,2
20251113,14,02191,1
20251113,14,03311,2
20251113,15,02111,2
20251113,15,02116,2
20251113,15,02122,1
20251113,15,02128,3
20251113,15,02143,2
20251113,15,02171,3
20251113,15,02179,2
20251113,15,02186,2
20251113,15,02191,2
20251113,15,03311,4
20251113,16,02111,1
20251113,16,02112,1
20251113,16,02116,1
20251113,16,02129,2
20251113,16,02139,1
20251113,16,02148,1
20251113,16,02171,4
20251113,16,02178,1
20251113,16,02179,1
20251113,16,02186,1
20251113,16,02191,4
20251113,16,02199,1
20251113,16,03310,1
20251113,17,02111,2
20251113,17,02116,1
20251113,17,02122,1
20251113,17,02129,2
20251113,17,02148,3
20251113,17,02171,4
20251113,17,02178,3
20251113,17,02179,2
20251113,17,02185,1
20251113,17,02191,1
20251113,17,03310,1
20251113,17,03311,1
20251113,18,02111,4
20251113,18,02116,1
20251113,18,02122,1
20251113,18,02129,2
20251113,18,02143,1
20251113,18,02148,1
20251113,18,02159,1
20251113,18,02171,5
20251113,18,02172,1
20251113,18,02178,4
20251113,18,02179,4
20251113,18,02185,2
20251113,18,02191,3
20251113,18,03310,1
20251113,18,03311,3
20251113,19,02111,1
20251113,19,02112,1
20251113,19,02116,2
20251113,19,02129,1
20251113,19,02139,1
20251113,19,02148,3
20251113,19,02171,8
20251113,19,02172,2
20251113,19,02178,2
20251113,19,02179,2
20251113,19,02185,2
20251113,19,02191,2
20251113,19,03311,4
20251113,19,03802,1
20251113,2,02111,1
20251113,2,02148,1
20251113,2,02159,1
20251113,2,02172,1
20251113,2,02179,1
20251113,20,02111,2
20251113,20,02112,2
20251113,20,02116,5
20251113,20,02139,2
20251113,20,02148,1
20251113,20,02171,2
20251113,20,02178,2
20251113,20,02179,2
20251113,20,02186,2
20251113,20,02198,1
20251113,20,03311,1
20251113,20,03802,3
20251113,21,02111,2
20251113,21,02112,2
20251113,21,02116,1
20251113,21,02148,1
20251113,21,02171,2
20251113,21,02172,2
20251113,21,02178,2
20251113,21,02185,2
20251113,21,03311,1
20251113,21,03802,1
20251113,22,02111,1
20251113,22,02116,3
20251113,22,02122,1
20251113,22,02128,1
20251113,22,02148,2
20251113,22,02171,2
20251113,22,02172,1
20251113,22,02178,1
20251113,22,02179,4
20251113,22,02185,2
20251113,22,02186,1
20251113,22,02191,1
20251113,22,02198,3
20251113,22,03802,1
20251113,23,02111,3
20251113,23,02112,1
20251113,23,02128,1
20251113,23,02178,2
20251113,23,02179,2
20251113,23,02185,1
20251113,23,02186,1
20251113,23,02191,1
20251113,23,02199,1
20251113,23,03310,1
20251113,3,02111,1
20251113,3,02112,1
20251113,3,02178,1
20251113,3,03310,1
20251113,4,02111,1
20251113,4,02122,1
20251113,4,02139,1
20251113,4,02179,1
20251113,4,02186,1
20251113,5,02111,1
20251113,5,02122,1
20251113,5,02129,1
20251113,5,02172,1
20251113,5,02179,1
20251113,5,02185,1
20251113,5,02186,1
20251113,5,02191,1
20251113,5,03310,2
20251113,6,02111,2
20251113,6,02129,1
20251113,6,02139,1
20251113,6,02179,1
20251113,6,02185,1
20251113,6,03310,2
20251113,6,03802,3
20251113,7,02111,5
20251113,7,02112,1
20251113,7,02122,2
20251113,7,02171,1
20251113,7,02179,2
20251113,7,02185,2
20251113,7,02191,1
20251113,7,02198,1
20251113,7,03310,2
20251113,7,03802,2
20251113,8,02111,1
20251113,8,02112,2
20251113,8,02139,2
20251113,8,02143,2
20251113,8,02172,3
20251113,8,02179,1
20251113,8,02185,4
20251113,8,02186,1
20251113,8,02191,5
20251113,8,02198,2
20251113,8,03310,1
20251113,8,03311,1
20251113,8,03802,4
20251113,9,02116,1
20251113,9,02128,1
20251113,9,02130,3
20251113,9,02139,1
20251113,9,02148,1
20251113,9,02159,1
20251113,9,02171,4
20251113,9,02172,1
20251113,9,02178,1
20251113,9,02179,2
20251113,9,02185,3
20251113,9,02191,2
20251113,9,02199,1
20251113,9,03310,2
20251113,9,03311,3
20251113,9,03802,2
20251114,0,02111,2
20251114,0,02116,1
20251114,0,02122,1
20251114,0,02128,1
20251114,0,02139,2
20251114,0,02148,1
20251114,0,02172,1
20251114,0,02178,2
20251114,0,02191,1
20251114,0,02199,1
20251114,0,03311,1
20251114,1,02111,2
20251114,1,02112,1
20251114,1,02122,3
20251114,1,02139,1
20251114,1,02171,1
20251114,1,02185,1
20251114,1,02186,1
20251114,1,02191,1
20251114,1,02198,2
20251114,10,02122,2
20251114,10,02128,2
20251114,10,02139,1
20251114,10,02171,1
20251114,10,02172,1
20251114,10,02179,3
20251114,10,02185,1
20251114,10,02186,1
20251114,10,02191,1
20251114,10,02198,1
20251114,10,03310,2
20251114,10,03802,1
20251114,11,02111,1
20251114,11,02112,2
20251114,11,02122,1
20251114,11,02128,1
20251114,11,02129,1
20251114,11,02130,1
20251114,11,02139,1
20251114,11,02148,2
20251114,11,02159,2
20251114,11,02178,1
20251114,11,02185,2
20251114,11,03310,1
20251114,11,03802,1
20251114,12,02111,1
20251114,12,02112,1
20251114,12,02122,4
20251114,12,02129,1
20251114,12,02148,3
20251114,12,02159,1
20251114,12,02171,2
20251114,12,02172,1
20251114,12,02179,3
20251114,12,02186,1
20251114,12,02191,3
20251114,12,03311,2
20251114,12,03802,2
20251114,13,02111,1
20251114,13,02122,3
20251114,13,02139,1
20251114,13,02148,2
20251114,13,02159,1
20251114,13,02171,3
20251114,13,02172,6
20251114,13,02178,3
20251114,13,02179,1
20251114,13,02185,2
20251114,13,02186,1
20251114,13,02191,1
20251114,13,03310,2
20251114,13,03311,2
20251114,14,02111,1
20251114,14,02116,1
20251114,14,02128,2
20251114,14,02130,1
20251114,14,02139,1
20251114,14,02159,1
20251114,14,02171,3
20251114,14,02172,1
20251114,14,02178,2
20251114,14,02179,2
20251114,14,03311,3
20251114,15,02111,1
20251114,15,02116,2
20251114,15,02122,1
20251114,15,02128,1
20251114,15,02129,1
20251114,15,02139,1
20251114,15,02143,3
20251114,15,02159,1
20251114,15,02171,6
20251114,15,02172,1
20251114,15,02178,1
20251114,15,02179,1
20251114,15,02186,1
20251114,15,02191,1
20251114,15,02198,1
20251114,15,03310,1
20251114,16,02112,1
20251114,16,02122,2
20251114,16,02128,1
20251114,16,02171,2
20251114,16,02172,2
20251114,16,02178,3
20251114,16,02179,1
20251114,16,02191,1
20251114,16,02198,1
20251114,16,03310,1
20251114,16,03311,2
20251114,17,02111,2
20251114,17,02112,2
20251114,17,02116,1
20251114,17,02122,1
20251114,17,02128,2
20251114,17,02130,1
20251114,17,02143,1
20251114,17,02148,2
20251114,17,02171,4
20251114,17,02172,1
20251114,17,02178,3
20251114,17,02179,2
20251114,17,02185,2
20251114,17,02198,1
20251114,17,03311,3
20251114,17,03802,2
20251114,18,02111,4
20251114,18,02129,2
20251114,18,02143,2
20251114,18,02159,1
20251114,18,02171,4
20251114,18,02172,2
20251114,18,02178,2
20251114,18,02179,2
20251114,18,02185,2
20251114,18,02191,2
20251114,18,02198,1
20251114,18,03310,1
20251114,18,03311,1
20251114,19,02111,2
20251114,19,02116,1
20251114,19,02122,2
20251114,19,02130,1
20251114,19,02139,1
20251114,19,02148,1
20251114,19,02159,2
20251114,19,02171,2
20251114,19,02172,1
20251114,19,02178,2
20251114,19,02179,1
20251114,19,02186,1
20251114,19,02191,4
20251114,19,02198,1
20251114,19,03310,1
20251114,19,03311,3
20251114,2,02112,1
20251114,2,02148,1
20251114,2,02179,1
20251114,2,02198,1
20251114,20,02111,2
20251114,20,02112,1
20251114,20,02116,2
20251114,20,02128,1
20251114,20,02143,1
20251114,20,02148,1
20251114,20,02159,2
20251114,20,02171,2
20251114,20,02172,1
20251114,20,02178,1
20251114,20,02185,2
20251114,20,02191,1
20251114,20,03311,3
20251114,20,03802,1
20251114,21,02111,1
20251114,21,02112,1
20251114,21,02116,4
20251114,21,02129,1
20251114,21,02130,1
20251114,21,02139,2
20251114,21,02148,3
20251114,21,02171,2
20251114,21,02185,4
20251114,21,02191,1
20251114,21,03311,3
20251114,21,03802,1
20251114,22,02111,3
20251114,22,02116,2
20251114,22,02122,1
20251114,22,02139,1
20251114,22,02171,1
20251114,22,02172,2
20251114,22,02178,1
20251114,22,02179,1
20251114,22,02186,2
20251114,22,02191,2
20251114,22,03310,1
20251114,22,03311,1
20251114,23,02111,1
20251114,23,02112,3
20251114,23,02122,1
20251114,23,02128,1
20251114,23,02178,1
20251114,23,02185,2
20251114,3,02122,1
20251114,3,02171,2
20251114,3,02179,2
20251114,4,02111,1
20251114,4,02122,1
20251114,4,02171,1
20251114,4,02186,1
20251114,4,02191,1
20251114,5,02139,1
20251114,5,02198,1
20251114,5,03310,1
20251114,6,02111,4
20251114,6,02112,1
20251114,6,02116,2
20251114,6,02185,1
20251114,6,02191,1
20251114,6,03310,2
20251114,6,03802,1
20251114,7,02111,3
20251114,7,02122,1
20251114,7,02139,1
20251114,7,02171,1
20251114,7,02179,3
20251114,7,02185,1
20251114,7,02186,1
20251114,7,02191,1
20251114,7,02198,1
20251114,7,03310,2
20251114,7,03311,2
20251114,7,03802,3
20251114,8,02111,2
20251114,8,02116,2
20251114,8,02122,1
20251114,8,02130,1
20251114,8,02139,1
20251114,8,02143,1
20251114,8,02148,2
20251114,8,02172,2
20251114,8,02179,1
20251114,8,02185,5
20251114,8,02186,1
20251114,8,02191,4
20251114,8,03310,1
20251114,8,03311,1
20251114,8,03802,3
20251114,9,02111,3
20251114,9,02122,1
20251114,9,02128,1
20251114,9,02139,1
20251114,9,02148,3
20251114,9,02171,1
20251114,9,02178,1
20251114,9,02191,4
20251114,9,03310,2
20251114,9,03311,2
20251115,0,02111,1
20251115,0,02112,2
20251115,0,02116,1
20251115,0,02128,3
20251115,0,02143,1
20251115,0,02148,2
20251115,0,02171,1
20251115,0,02198,1
20251115,0,03310,2
20251115,1,02111,2
20251115,1,02112,1
20251115,1,02116,2
20251115,1,02128,2
20251115,1,02139,1
20251115,1,02148,1
20251115,1,02159,1
20251115,1,02172,1
20251115,1,02178,2
20251115,1,02179,4
20251115,1,02198,1
20251115,10,02112,1
20251115,10,02139,1
20251115,10,02143,2
20251115,10,02172,2
20251115,10,02178,1
20251115,10,02179,2
20251115,10,02185,3
20251115,10,02186,1
20251115,10,02191,1
20251115,10,02198,1
20251115,10,03310,3
20251115,10,03311,2
20251115,11,02112,1
20251115,11,02128,1
20251115,11,02139,1
20251115,11,02159,1
20251115,11,02172,2
20251115,11,02179,2
20251115,11,02185,2
20251115,11,02186,1
20251115,11,02191,2
20251115,11,03310,3
20251115,11,03311,2
20251115,11,03802,1
20251115,12,02111,3
20251115,12,02116,1
20251115,12,02143,2
20251115,12,02148,3
20251115,12,02159,1
20251115,12,02171,2
20251115,12,02172,1
20251115,12,02178,1
20251115,12,02179,6
20251115,12,02185,3
20251115,12,02186,1
20251115,12,02198,1
20251115,12,03310,1
20251115,12,03802,1
20251115,13,02112,1
20251115,13,02116,2
20251115,13,02122,1
20251115,13,02128,2
20251115,13,02148,2
20251115,13,02159,3
20251115,13,02171,5
20251115,13,02172,1
20251115,13,02178,2
20251115,13,02179,3
20251115,13,02185,3
20251115,13,02191,2
20251115,13,02198,1
20251115,13,03311,1
20251115,14,02111,2
20251115,14,02112,1
20251115,14,02116,4
20251115,14,02128,1
20251115,14,02129,1
20251115,14,02139,2
20251115,14,02148,1
20251115,14,02171,4
20251115,14,02172,4
20251115,14,02178,2
20251115,14,02179,1
20251115,14,02185,1
20251115,14,02191,1
20251115,14,03311,1
20251115,15,02111,1
20251115,15,02112,2
20251115,15,02128,1
20251115,15,02139,1
20251115,15,02148,3
20251115,15,02159,1
20251115,15,02171,1
20251115,15,02172,2
20251115,15,02178,3
20251115,15,02179,2
20251115,15,02185,1
20251115,15,03310,1
20251115,15,03311,4
20251115,16,02111,3
20251115,16,02128,2
20251115,16,02139,1
20251115,16,02171,2
20251115,16,02172,4
20251115,16,02178,2
20251115,16,02179,2
20251115,16,02185,1
20251115,16,02191,4
20251115,16,03310,2
20251115,16,03311,1
20251115,17,02111,3
20251115,17,02128,1
20251115,17,02148,2
20251115,17,02171,4
20251115,17,02178,3
20251115,17,02179,6
20251115,17,02186,4
20251115,17,02191,1
20251115,17,03310,3
20251115,17,03311,4
20251115,18,02111,2
20251115,18,02112,1
20251115,18,02128,1
20251115,18,02130,1
20251115,18,02139,1
20251115,18,02143,1
20251115,18,02159,1
20251115,18,02171,2
20251115,18,02172,1
20251115,18,02178,2
20251115,18,02179,1
20251115,18,02199,2
20251115,18,03311,1
20251115,19,02111,1
20251115,19,02112,1
20251115,19,02116,2
20251115,19,02129,1
20251115,19,02139,1
20251115,19,02148,1
20251115,19,02171,2
20251115,19,02172,1
20251115,19,02178,1
20251115,19,02185,1
20251115,19,02191,1
20251115,19,02198,1
20251115,19,03311,5
20251115,2,02111,2
20251115,2,02122,1
20251115,2,02128,1
20251115,2,02148,1
20251115,2,02172,1
20251115,2,02185,1
20251115,2,02198,1
20251115,2,02199,1
20251115,20,02111,2
20251115,20,02112,1
20251115,20,02116,1
20251115,20,02122,1
20251115,20,02128,1
20251115,20,02130,1
20251115,20,02148,1
20251115,20,02159,1
20251115,20,02171,2
20251115,20,02172,1
20251115,20,02178,1
20251115,20,02179,1
20251115,20,02185,1
20251115,20,03311,1
20251115,20,03802,1
20251115,21,02112,1
20251115,21,02116,1
20251115,21,02122,1
20251115,21,02128,1
20251115,21,02129,1
20251115,21,02139,1
20251115,21,02179,1
20251115,21,02191,1
20251115,21,02198,1
20251115,21,03802,1
20251115,22,02111,2
20251115,22,02128,2
20251115,22,02148,1
20251115,22,02159,1
20251115,22,02178,1
20251115,22,02185,2
20251115,22,02198,1
20251115,22,03311,3
20251115,23,02111,1
20251115,23,02112,4
20251115,23,02116,2
20251115,23,02122,1
20251115,23,02171,1
20251115,23,02185,3
20251115,23,02191,2
20251115,23,02198,1
20251115,23,03310,1
20251115,23,03311,1
20251115,3,02112,1
20251115,3,02122,1
20251115,3,02143,1
20251115,3,02178,1
20251115,3,02179,1
20251115,4,02112,1
20251115,4,02122,1
20251115,5,02122,1
20251115,5,02179,1
20251115,5,02185,1
20251115,5,03310,1
20251115,6,02148,1
20251115,6,02179,1
20251115,6,02185,1
20251115,6,03802,1
20251115,7,02111,2
20251115,7,02179,1
20251115,7,02186,1
20251115,7,02198,1
20251115,7,03310,1
20251115,7,03311,1
20251115,7,03802,2
20251115,8,02112,1
20251115,8,02116,1
20251115,8,02128,1
20251115,8,02129,1
20251115,8,02130,1
20251115,8,02143,1
20251115,8,02179,2
20251115,8,02191,1
20251115,8,03310,1
20251115,9,02111,1
20251115,9,02112,1
20251115,9,02122,1
20251115,9,02130,1
20251115,9,02171,2
20251115,9,02172,1
20251115,9,02179,1
20251115,9,02185,1
20251115,9,02186,1
20251115,9,02191,1
20251115,9,02199,1
20251115,9,03310,1
20251116,0,02111,2
20251116,0,02112,1
20251116,0,02116,1
20251116,0,02178,3
20251116,0,02179,2
20251116,0,02186,2
20251116,0,02198,2
20251116,0,03310,2
20251116,0,03311,1
20251116,1,02112,4
20251116,1,02116,1
20251116,1,02148,1
20251116,1,02171,1
20251116,1,02179,1
20251116,1,02186,1
20251116,1,02198,1
20251116,10,02143,2
20251116,10,02148,1
20251116,10,02171,1
20251116,10,02172,2
20251116,10,02178,2
20251116,10,02179,1
20251116,10,02185,1
20251116,10,02191,1
20251116,10,02198,1
20251116,10,03310,3
20251116,11,02111,3
20251116,11,02116,1
20251116,11,02130,2
20251116,11,02159,1
20251116,11,02171,2
20251116,11,02178,1
20251116,11,02179,2
20251116,11,02191,3
20251116,12,02112,2
20251116,12,02116,1
20251116,12,02148,2
20251116,12,02171,1
20251116,12,02172,7
20251116,12,02179,3
20251116,12,02185,2
20251116,12,02191,1
20251116,12,02198,1
20251116,12,03310,2
20251116,12,03311,1
20251116,12,03802,1
20251116,13,02112,1
20251116,13,02122,3
20251116,13,02129,1
20251116,13,02130,1
20251116,13,02139,1
20251116,13,02143,3
20251116,13,02148,2
20251116,13,02159,2
20251116,13,02171,1
20251116,13,02172,2
20251116,13,02178,2
20251116,13,02179,6
20251116,13,02185,2
20251116,13,02191,1
20251116,13,02198,1
20251116,13,03310,2
20251116,13,03311,1
20251116,13,03802,1
20251116,14,02111,1
20251116,14,02122,1
20251116,14,02128,1
20251116,14,02130,2
20251116,14,02148,3
20251116,14,02171,2
20251116,14,02172,3
20251116,14,02179,1
20251116,14,02185,1
20251116,14,02186,2
20251116,14,02191,3
20251116,14,03310,1
20251116,14,03311,2
20251116,15,02111,1
20251116,15,02116,1
20251116,15,02139,1
20251116,15,02148,1
20251116,15,02171,4
20251116,15,02185,2
20251116,15,02191,2
20251116,15,03310,1
20251116,15,03311,6
20251116,15,03802,1
20251116,16,02111,2
20251116,16,02112,1
20251116,16,02116,2
20251116,16,02122,1
20251116,16,02139,1
20251116,16,02143,1
20251116,16,02148,2
20251116,16,02159,3
20251116,16,02171,6
20251116,16,02172,4
20251116,16,02179,3
20251116,16,02185,3
20251116,16,02186,2
20251116,16,02191,2
20251116,16,02199,1
20251116,16,03310,1
20251116,16,03311,2
20251116,16,03802,3
20251116,17,02112,4
20251116,17,02116,3
20251116,17,02122,1
20251116,17,02139,1
20251116,17,02159,1
20251116,17,02171,1
20251116,17,02172,1
20251116,17,02178,2
20251116,17,02179,1
20251116,17,02185,1
20251116,17,02198,1
20251116,17,02199,1
20251116,17,03310,3
20251116,17,03311,3
20251116,17,03802,2
20251116,18,02111,3
20251116,18,02112,2
20251116,18,02122,1
20251116,18,02130,2
20251116,18,02148,1
20251116,18,02159,2
20251116,18,02171,3
20251116,18,02172,2
20251116,18,02178,3
20251116,18,02185,2
20251116,18,02191,2
20251116,18,02198,1
20251116,18,03311,1
20251116,18,03802,1
20251116,19,02112,2
20251116,19,02116,2
20251116,19,02122,1
20251116,19,02143,2
20251116,19,02148,1
20251116,19,02171,3
20251116,19,02172,1
20251116,19,02179,1
20251116,19,02186,1
20251116,19,03311,1
20251116,2,02111,1
20251116,2,02171,2
20251116,2,02185,1
20251116,20,02111,1
20251116,20,02148,1
20251116,20,02179,1
20251116,20,02186,1
20251116,20,02191,1
20251116,21,02111,1
20251116,21,02122,1
20251116,21,02159,1
20251116,21,02178,1
20251116,21,02179,2
20251116,21,02185,3
20251116,21,02191,1
20251116,21,02198,1
20251116,21,03311,1
20251116,22,02111,2
20251116,22,02129,2
20251116,22,02148,1
20251116,22,02159,1
20251116,22,02178,1
20251116,22,02191,1
20251116,22,02198,1
20251116,22,03311,1
20251116,23,02111,1
20251116,23,02112,2
20251116,23,02116,1
20251116,23,02122,1
20251116,23,02128,1
20251116,23,02171,1
20251116,23,02178,1
20251116,23,02185,4
20251116,23,02186,1
20251116,23,03310,1
20251116,3,02112,1
20251116,3,02185,1
20251116,4,02111,1
20251116,4,02116,1
20251116,4,02143,1
20251116,4,02179,1
20251116,5,02122,1
20251116,5,02185,1
20251116,6,02185,1
20251116,7,02111,1
20251116,7,02139,1
20251116,7,02185,1
20251116,7,02191,1
20251116,8,02139,2
20251116,8,02148,1
20251116,8,02179,1
20251116,9,02128,1
20251116,9,02130,1
20251116,9,02143,1
20251116,9,02159,1
20251116,9,02171,1
20251116,9,02172,1
20251116,9,02178,1
20251116,9,02179,1
20251116,9,02185,4
20251116,9,02191,1
20251116,9,03310,2
20251117,0,02112,1
20251117,0,02116,2
20251117,0,02171,3
20251117,0,02178,1
20251117,0,02179,1
20251117,0,02198,1
20251117,0,03311,1
20251117,1,02148,1
20251117,1,02179,1
20251117,1,02198,1
20251117,10,02111,1
20251117,10,02122,1
20251117,10,02128,1
20251117,10,02139,1
20251117,10,02171,1
20251117,10,02172,1
20251117,10,02179,1
20251117,10,02185,1
20251117,10,03802,1
20251117,11,02128,1
20251117,11,02129,1
20251117,11,02130,1
20251117,11,02139,1
20251117,11,02171,1
20251117,11,02178,2
20251117,11,02185,1
20251117,11,03310,2
20251117,11,03311,1
20251117,11,03802,2
20251117,12,02122,1
20251117,12,02130,1
20251117,12,02143,1
20251117,12,02171,2
20251117,12,02172,1
20251117,12,02178,2
20251117,12,02179,1
20251117,12,02185,1
20251117,12,02186,1
20251117,12,02191,1
20251117,12,02198,1
20251117,13,02122,1
20251117,13,02128,1
20251117,13,02148,2
20251117,13,02159,1
20251117,13,02171,2
20251117,13,02172,3
20251117,13,02185,1
20251117,13,02191,1
20251117,13,02198,1
20251117,13,03310,1
20251117,14,02116,1
20251117,14,02128,1
20251117,14,02148,1
20251117,14,02159,1
20251117,14,02171,2
20251117,14,02172,1
20251117,14,02179,1
20251117,14,02185,1
20251117,14,02186,1
20251117,14,02191,1
20251117,14,02198,1
20251117,14,03310,1
20251117,14,03311,2
20251117,15,02111,1
20251117,15,02122,1
20251117,15,02129,1
20251117,15,02171,1
20251117,15,02172,1
20251117,15,02178,2
20251117,15,02191,1
20251117,15,03310,1
20251117,15,03311,3
20251117,16,02111,1
20251117,16,02116,1
20251117,16,02128,2
20251117,16,02129,1
20251117,16,02130,2
20251117,16,02139,1
20251117,16,02148,3
20251117,16,02171,3
20251117,16,02172,1
20251117,16,02178,2
20251117,16,02179,1
20251117,16,02185,1
20251117,16,02186,2
20251117,16,02191,2
20251117,16,03310,2
20251117,16,03311,1
20251117,17,02116,2
20251117,17,02148,1
20251117,17,02159,1
20251117,17,02172,1
20251117,17,02178,3
20251117,17,02179,1
20251117,17,02191,2
20251117,17,02198,1
20251117,17,03311,2
20251117,18,02111,1
20251117,18,02112,2
20251117,18,02122,2
20251117,18,02129,2
20251117,18,02139,2
20251117,18,02143,1
20251117,18,02148,2
20251117,18,02171,4
20251117,18,02172,5
20251117,18,02178,5
20251117,18,02179,2
20251117,18,02185,5
20251117,18,02191,1
20251117,18,03311,5
20251117,19,02111,1
20251117,19,02112,2
20251117,19,02122,2
20251117,19,02130,1
20251117,19,02139,1
20251117,19,02171,3
20251117,19,02172,1
20251117,19,02178,1
20251117,19,02186,1
20251117,19,02191,2
20251117,19,02198,1
20251117,19,03311,3
20251117,19,03802,1
20251117,2,02179,2
20251117,2,02199,1
20251117,20,02116,4
20251117,20,02122,1
20251117,20,02129,1
20251117,20,02143,1
20251117,20,02148,1
20251117,20,02159,1
20251117,20,02178,1
20251117,20,02179,1
20251117,20,02198,1
20251117,20,03311,2
20251117,21,02111,2
20251117,21,02122,1
20251117,21,02129,1
20251117,21,02171,1
20251117,21,02178,3
20251117,21,02179,2
20251117,21,02198,2
20251117,21,02199,1
20251117,21,03311,3
20251117,22,02111,1
20251117,22,02116,1
20251117,22,02128,1
20251117,22,02129,1
20251117,22,02171,2
20251117,22,02178,1
20251117,22,02179,1
20251117,22,02185,1
20251117,22,02186,2
20251117,22,02191,1
20251117,22,03802,1
20251117,23,02111,1
20251117,23,02112,2
20251117,23,02171,1
20251117,23,02172,1
20251117,23,02198,1
20251117,23,02199,1
20251117,23,03311,1
20251117,3,02111,1
20251117,3,02178,1
20251117,3,02191,2
20251117,3,03310,1
20251117,4,02111,1
20251117,4,02122,1
20251117,4,02143,1
20251117,5,02128,1
20251117,5,02139,1
20251117,5,02148,1
20251117,5,02179,1
20251117,5,02185,2
20251117,5,02191,1
20251117,6,02111,1
20251117,6,02112,2
20251117,6,02122,1
20251117,6,02128,1
20251117,6,02191,1
20251117,6,03310,4
20251117,6,03802,2
20251117,7,02112,1
20251117,7,02128,1
20251117,7,02148,2
20251117,7,02172,1
20251117,7,02185,2
20251117,7,02191,1
20251117,7,02198,1
20251117,7,03310,2
20251117,7,03311,1
20251117,7,03802,1
20251117,8,02111,2
20251117,8,02112,1
20251117,8,02116,2
20251117,8,02122,1
20251117,8,02130,1
20251117,8,02139,3
20251117,8,02143,2
20251117,8,02171,1
20251117,8,02172,1
20251117,8,02178,1
20251117,8,02179,1
20251117,8,02185,4
20251117,8,02186,1
20251117,8,02191,2
20251117,8,03310,2
20251117,8,03311,1
20251117,8,03802,5
20251117,9,02111,1
20251117,9,02128,1
20251117,9,02148,1
20251117,9,02171,2
20251117,9,02178,1
20251117,9,02198,1
20251117,9,03310,1
20251117,9,03311,1
20251118,0,02111,1
20251118,0,02112,2
20251118,0,02139,1
20251118,0,02148,1
20251118,0,02179,1
20251118,1,02128,2
20251118,1,02178,1
20251118,1,02198,1
20251118,10,02111,1
20251118,10,02116,1
20251118,10,02171,3
20251118,10,02178,1
20251118,10,02179,1
20251118,10,02185,1
20251118,10,02191,1
20251118,10,02198,1
20251118,10,03310,1
20251118,11,02122,2
20251118,11,02129,1
20251118,11,02148,1
20251118,11,02171,3
20251118,11,02185,2
20251118,11,02191,1
20251118,11,03310,1
20251118,11,03802,1
20251118,12,02111,1
20251118,12,02122,2
20251118,12,02128,1
20251118,12,02129,1
20251118,12,02143,1
20251118,12,02148,1
20251118,12,02171,2
20251118,12,02172,4
20251118,12,02179,1
20251118,12,02185,1
20251118,12,02191,1
20251118,12,02198,1
20251118,13,02112,1
20251118,13,02130,1
20251118,13,02148,2
20251118,13,02171,1
20251118,13,02172,3
20251118,13,02178,1
20251118,13,02185,1
20251118,13,03310,2
20251118,14,02122,1
20251118,14,02159,2
20251118,14,02171,3
20251118,14,02172,1
20251118,14,02179,1
20251118,14,02185,3
20251118,14,03311,1
20251118,15,02111,2
20251118,15,02112,2
20251118,15,02116,1
20251118,15,02122,2
20251118,15,02129,2
20251118,15,02148,1
20251118,15,02171,1
20251118,15,02172,1
20251118,15,02191,3
20251118,15,02198,2
20251118,15,02199,1
20251118,15,03311,4
20251118,16,02111,2
20251118,16,02112,1
20251118,16,02116,1
20251118,16,02129,1
20251118,16,02171,2
20251118,16,02172,1
20251118,16,02179,4
20251118,16,02185,1
20251118,16,03311,1
20251118,17,02111,2
20251118,17,02128,1
20251118,17,02130,1
20251118,17,02139,2
20251118,17,02148,2
20251118,17,02159,1
20251118,17,02171,2
20251118,17,02172,1
20251118,17,02178,1
20251118,17,02179,1
20251118,17,02191,1
20251118,17,02198,1
20251118,18,02111,2
20251118,18,02112,1
20251118,18,02116,1
20251118,18,02122,2
20251118,18,02128,3
20251118,18,02129,2
20251118,18,02139,1
20251118,18,02143,1
20251118,18,02148,1
20251118,18,02171,4
20251118,18,02172,3
20251118,18,02178,6
20251118,18,02179,7
20251118,18,02185,4
20251118,18,02191,2
20251118,18,02199,1
20251118,18,03310,2
20251118,18,03311,3
20251118,19,02111,1
20251118,19,02129,1
20251118,19,02148,2
20251118,19,02171,2
20251118,19,02186,2
20251118,19,03311,1
20251118,19,03802,1
20251118,2,02111,1
20251118,2,02171,1
20251118,2,02185,1
20251118,20,02111,4
20251118,20,02171,1
20251118,20,02178,1
20251118,20,02179,1
20251118,20,02186,1
20251118,20,02199,1
20251118,20,03311,2
20251118,20,03802,2
20251118,21,02111,2
20251118,21,02112,1
20251118,21,02116,2
20251118,21,02122,1
20251118,21,02171,4
20251118,21,02178,1
20251118,21,02186,2
20251118,21,02198,1
20251118,21,03311,1
20251118,21,03802,1
20251118,22,02112,1
20251118,22,02116,1
20251118,22,02148,1
20251118,22,02171,2
20251118,22,02172,1
20251118,22,02179,1
20251118,22,02185,2
20251118,22,02186,2
20251118,22,03311,1
20251118,23,02112,1
20251118,23,02116,2
20251118,23,02128,1
20251118,23,02148,1
20251118,23,02179,1
20251118,23,02185,1
20251118,23,02191,1
20251118,23,02198,1
20251118,23,03311,2
20251118,3,02111,1
20251118,3,02112,1
20251118,3,02122,2
20251118,3,02191,1
20251118,3,02198,2
20251118,3,03311,1
20251118,4,02111,1
20251118,4,02143,1
20251118,4,02148,1
20251118,4,02191,1
20251118,5,02122,1
20251118,5,02172,1
20251118,5,03310,2
20251118,6,02111,1
20251118,6,02112,1
20251118,6,02122,1
20251118,6,02148,1
20251118,6,02185,2
20251118,6,02191,3
20251118,6,03310,2
20251118,6,03802,1
20251118,7,02111,3
20251118,7,02116,1
20251118,7,02139,2
20251118,7,02172,1
20251118,7,02179,1
20251118,7,02185,1
20251118,7,03310,3
20251118,7,03311,1
20251118,7,03802,2
20251118,8,02111,2
20251118,8,02112,1
20251118,8,02116,1
20251118,8,02122,1
20251118,8,02143,2
20251118,8,02148,1
20251118,8,02172,2
20251118,8,02179,1
20251118,8,02185,3
20251118,8,02186,2
20251118,8,02191,1
20251118,8,02198,1
20251118,8,03310,5
20251118,8,03311,2
20251118,8,03802,2
20251118,9,02111,1
20251118,9,02116,1
20251118,9,02122,1
20251118,9,02128,1
20251118,9,02139,1
20251118,9,02143,1
20251118,9,02159,1
20251118,9,02171,1
20251118,9,02178,2
20251118,9,02179,2
20251118,9,02185,2
20251118,9,02191,1
20251118,9,02199,1
20251118,9,03310,1
20251118,9,03311,1
20251118,9,03802,3
20251119,0,02111,1
20251119,0,02112,1
20251119,0,02128,1
20251119,0,02129,1
20251119,0,02139,2
20251119,0,02178,1
20251119,0,02185,2
20251119,0,02191,1
20251119,0,02198,1
20251119,1,02171,2
20251119,1,02178,1
20251119,1,02198,1
20251119,10,02111,1
20251119,10,02116,1
20251119,10,02122,1
20251119,10,02128,1
20251119,10,02148,1
20251119,10,02159,1
20251119,10,02171,1
20251119,10,02172,1
20251119,10,02179,1
20251119,10,02186,1
20251119,10,02191,1
20251119,10,02198,1
20251119,10,03310,1
20251119,10,03311,1
20251119,11,02111,1
20251119,11,02139,1
20251119,11,02148,1
20251119,11,02172,2
20251119,11,02178,1
20251119,11,03310,2
20251119,11,03311,1
20251119,11,03802,3
20251119,12,02111,3
20251119,12,02172,1
20251119,12,02178,1
20251119,12,02186,1
20251119,12,02191,2
20251119,12,03311,3
20251119,12,03802,2
20251119,13,02128,1
20251119,13,02130,1
20251119,13,02143,1
20251119,13,02159,1
20251119,13,02171,2
20251119,13,02172,2
20251119,13,02179,1
20251119,13,02185,2
20251119,13,02191,2
20251119,13,03310,2
20251119,14,02111,3
20251119,14,02122,2
20251119,14,02128,1
20251119,14,02129,1
20251119,14,02143,1
20251119,14,02148,1
20251119,14,02159,1
20251119,14,02171,2
20251119,14,02172,1
20251119,14,02179,3
20251119,14,02185,1
20251119,14,02186,1
20251119,14,02198,1
20251119,14,03310,1
20251119,14,03311,2
20251119,15,02111,3
20251119,15,02122,1
20251119,15,02130,1
20251119,15,02139,1
20251119,15,02143,1
20251119,15,02171,5
20251119,15,02172,1
20251119,15,02178,3
20251119,15,02185,1
20251119,15,02186,1
20251119,15,02199,1
20251119,15,03310,1
20251119,16,02111,3
20251119,16,02116,1
20251119,16,02122,1
20251119,16,02128,1
20251119,16,02139,1
20251119,16,02159,4
20251119,16,02171,1
20251119,16,02179,1
20251119,16,02185,1
20251119,16,02186,2
20251119,16,02198,1
20251119,16,03310,2
20251119,16,03311,2
20251119,17,02111,1
20251119,17,02122,2
20251119,17,02129,1
20251119,17,02148,2
20251119,17,02171,4
20251119,17,02172,1
20251119,17,02178,5
20251119,17,02179,1
20251119,17,02191,2
20251119,17,02199,1
20251119,18,02111,3
20251119,18,02112,2
20251119,18,02116,1
20251119,18,02139,1
20251119,18,02143,3
20251119,18,02148,1
20251119,18,02171,5
20251119,18,02172,2
20251119,18,02178,4
20251119,18,02179,1
20251119,18,02185,1
20251119,18,02191,3
20251119,18,03310,1
20251119,18,03311,3
20251119,19,02116,2
20251119,19,02122,1
20251119,19,02128,1
20251119,19,02130,1
20251119,19,02148,2
20251119,19,02159,2
20251119,19,02171,3
20251119,19,02172,1
20251119,19,02179,1
20251119,19,03311,3
20251119,19,03802,2
20251119,2,02179,1
20251119,20,02112,1
20251119,20,02116,1
20251119,20,02122,1
20251119,20,02128,1
20251119,20,02148,2
20251119,20,02171,2
20251119,20,02178,2
20251119,20,02179,1
20251119,20,02185,1
20251119,20,02186,1
20251119,20,02198,1
20251119,20,03311,2
20251119,20,03802,2
20251119,21,02111,1
20251119,21,02112,1
20251119,21,02122,1
20251119,21,02148,1
20251119,21,02159,1
20251119,21,02171,1
20251119,21,02172,2
20251119,21,02178,2
20251119,21,02179,1
20251119,21,02186,1
20251119,21,03311,1
20251119,21,03802,2
20251119,22,02111,1
20251119,22,02116,1
20251119,22,02128,1
20251119,22,02139,1
20251119,22,02171,2
20251119,22,02172,2
20251119,22,02178,1
20251119,22,02179,2
20251119,22,02185,1
20251119,22,02186,2
20251119,22,02199,1
20251119,22,03311,2
20251119,22,03802,2
20251119,23,02111,1
20251119,23,02112,2
20251119,23,02116,1
20251119,23,02128,1
20251119,23,02129,1
20251119,23,02143,1
20251119,23,02191,1
20251119,23,03311,1
20251119,3,02139,1
20251119,3,02143,1
20251119,3,02171,1
20251119,3,02191,1
20251119,4,02111,1
20251119,5,02122,1
20251119,5,02128,1
20251119,5,03310,1
20251119,6,02111,1
20251119,6,02112,1
20251119,6,02122,1
20251119,6,02128,1
20251119,6,02148,2
20251119,6,02186,1
20251119,6,02191,1
20251119,6,03310,2
20251119,6,03802,2
20251119,7,02111,2
20251119,7,02112,1
20251119,7,02139,3
20251119,7,02159,1
20251119,7,02172,1
20251119,7,02179,1
20251119,7,02185,3
20251119,7,02186,1
20251119,7,02191,2
20251119,7,02198,1
20251119,7,03310,3
20251119,7,03802,2
20251119,8,02112,2
20251119,8,02122,1
20251119,8,02139,3
20251119,8,02143,1
20251119,8,02172,2
20251119,8,02179,1
20251119,8,02191,4
20251119,8,02198,2
20251119,8,03310,2
20251119,8,03802,3
20251119,9,02116,1
20251119,9,02122,1
20251119,9,02128,1
20251119,9,02143,1
20251119,9,02148,2
20251119,9,02159,1
20251119,9,02171,2
20251119,9,02172,1
20251119,9,02178,2
20251119,9,02179,2
20251119,9,02191,4
20251119,9,02198,1
20251119,9,03310,4
20251119,9,03802,2
20251120,0,02111,1
20251120,0,02112,1
20251120,0,02139,2
20251120,0,02178,1
20251120,0,02198,2
20251120,1,02116,1
20251120,1,02171,1
20251120,1,02178,1
20251120,1,02179,1
20251120,1,02198,2
20251120,10,02111,1
20251120,10,02143,2
20251120,10,02148,3
20251120,10,02171,1
20251120,10,02179,1
20251120,10,02185,1
20251120,10,02186,1
20251120,10,02198,1
20251120,10,03311,1
20251120,11,02111,2
20251120,11,02128,1
20251120,11,02139,2
20251120,11,02143,1
20251120,11,02171,2
20251120,11,02172,1
20251120,11,02179,1
20251120,11,02191,2
20251120,11,02199,1
20251120,11,03310,3
20251120,12,02111,1
20251120,12,02112,1
20251120,12,02122,3
20251120,12,02128,2
20251120,12,02139,1
20251120,12,02148,1
20251120,12,02171,2
20251120,12,02172,3
20251120,12,02179,1
20251120,12,02185,1
20251120,12,02198,1
20251120,12,02199,1
20251120,12,03310,1
20251120,12,03311,1
20251120,13,02111,1
20251120,13,02112,1
20251120,13,02116,1
20251120,13,02122,2
20251120,13,02129,1
20251120,13,02143,2
20251120,13,02148,3
20251120,13,02171,2
20251120,13,02172,2
20251120,13,02178,2
20251120,13,02179,1
20251120,13,02185,1
20251120,13,02186,1
20251120,13,02191,2
20251120,13,02198,1
20251120,13,03310,2
20251120,13,03311,3
20251120,14,02111,2
20251120,14,02112,1
20251120,14,02116,2
20251120,14,02122,2
20251120,14,02139,1
20251120,14,02143,1
20251120,14,02171,2
20251120,14,02172,1
20251120,14,02179,3
20251120,14,02185,1
20251120,14,02186,1
20251120,14,02191,1
20251120,14,03310,2
20251120,14,03311,3
20251120,15,02111,2
20251120,15,02129,1
20251120,15,02130,1
20251120,15,02139,1
20251120,15,02171,2
20251120,15,02172,4
20251120,15,02178,1
20251120,15,02185,2
20251120,15,02191,1
20251120,15,02198,1
20251120,15,02199,1
20251120,15,03310,2
20251120,15,03311,4
20251120,16,02112,1
20251120,16,02116,3
20251120,16,02122,1
20251120,16,02128,1
20251120,16,02130,1
20251120,16,02139,1
20251120,16,02143,1
20251120,16,02148,1
20251120,16,02171,3
20251120,16,02172,1
20251120,16,02178,2
20251120,16,02179,5
20251120,16,02186,1
20251120,16,03310,1
20251120,16,03311,1
20251120,17,02111,1
20251120,17,02116,2
20251120,17,02122,1
20251120,17,02129,1
20251120,17,02143,1
20251120,17,02148,1
20251120,17,02171,3
20251120,17,02172,4
20251120,17,02178,2
20251120,17,02179,2
20251120,17,02185,1
20251120,17,02191,1
20251120,17,03310,5
20251120,17,03311,1
20251120,18,02111,5
20251120,18,02112,1
20251120,18,02116,2
20251120,18,02139,1
20251120,18,02143,1
20251120,18,02148,4
20251120,18,02159,1
20251120,18,02171,1
20251120,18,02172,1
20251120,18,02178,4
20251120,18,02179,1
20251120,18,02185,4
20251120,18,02186,1
20251120,18,02191,1
20251120,18,02199,2
20251120,18,03311,5
20251120,19,02111,1
20251120,19,02112,1
20251120,19,02122,1
20251120,19,02128,1
20251120,19,02130,1
20251120,19,02139,1
20251120,19,02148,1
20251120,19,02171,2
20251120,19,02178,2
20251120,19,02179,4
20251120,19,02185,1
20251120,19,02186,1
20251120,19,02191,1
20251120,19,02199,1
20251120,19,03310,2
20251120,19,03311,3
20251120,19,03802,1
20251120,2,02111,3
20251120,2,02112,1
20251120,2,02179,1
20251120,20,02111,2
20251120,20,02112,1
20251120,20,02116,2
20251120,20,02122,1
20251120,20,02128,1
20251120,20,02139,1
20251120,20,02148,2
20251120,20,02171,2
20251120,20,02172,1
20251120,20,02178,1
20251120,20,02179,1
20251120,20,02185,1
20251120,20,02191,2
20251120,20,02199,2
20251120,20,03311,5
20251120,20,03802,2
20251120,21,02111,1
20251120,21,02112,1
20251120,21,02116,1
20251120,21,02143,1
20251120,21,02171,2
20251120,21,02172,2
20251120,21,02179,1
20251120,21,02186,1
20251120,21,02198,1
20251120,21,03311,2
20251120,22,02111,3
20251120,22,02112,2
20251120,22,02116,1
20251120,22,02129,1
20251120,22,02148,1
20251120,22,02171,2
20251120,22,02172,2
20251120,22,02178,1
20251120,22,02185,1
20251120,22,02186,1
20251120,22,03310,2
20251120,23,02111,1
20251120,23,02112,5
20251120,23,02116,1
20251120,23,02128,1
20251120,23,02171,1
20251120,23,02185,1
20251120,23,02191,1
20251120,23,03311,2
20251120,3,03310,1
20251120,4,02111,2
20251120,4,02122,1
20251120,4,02143,1
20251120,5,02111,1
20251120,5,02128,2
20251120,5,02179,1
20251120,5,02191,1
20251120,5,03310,1
20251120,5,03311,1
20251120,6,02128,1
20251120,6,02179,2
20251120,6,02185,1
20251120,6,02191,1
20251120,6,02198,1
20251120,6,03310,4
20251120,6,03802,1
20251120,7,02111,1
20251120,7,02128,2
20251120,7,02139,2
20251120,7,02148,2
20251120,7,02172,1
20251120,7,02179,1
20251120,7,02186,2
20251120,7,02191,2
20251120,7,02198,1
20251120,7,03310,3
20251120,7,03802,3
20251120,8,02112,4
20251120,8,02139,1
20251120,8,02143,1
20251120,8,02148,1
20251120,8,02171,4
20251120,8,02179,1
20251120,8,02185,4
20251120,8,02186,2
20251120,8,03310,1
20251120,8,03802,1
20251120,9,02116,2
20251120,9,02139,1
20251120,9,02159,1
20251120,9,02171,1
20251120,9,02178,1
20251120,9,02185,2
20251120,9,02186,1
20251120,9,02191,2
20251120,9,02198,1
20251120,9,03310,1
20251120,9,03802,2
20251121,0,02111,2
20251121,0,02112,2
20251121,0,02129,1
20251121,0,02139,1
20251121,0,02148,1
20251121,0,02185,1
20251121,0,02186,1
20251121,0,02191,1
20251121,0,02198,1
20251121,0,03311,1
20251121,1,02116,1
20251121,1,02148,2
20251121,1,02171,2
20251121,1,02186,1
20251121,1,02198,3
20251121,10,02112,1
20251121,10,02122,1
20251121,10,02139,1
20251121,10,02143,2
20251121,10,02159,1
20251121,10,02171,2
20251121,10,02172,1
20251121,10,02185,1
20251121,10,02191,3
20251121,10,03310,1
20251121,10,03802,1
20251121,11,02111,1
20251121,11,02128,2
20251121,11,02129,1
20251121,11,02143,1
20251121,11,02148,3
20251121,11,02159,1
20251121,11,02172,1
20251121,11,02178,1
20251121,11,02185,2
20251121,11,02186,1
20251121,11,02191,1
20251121,11,02199,1
20251121,12,02122,1
20251121,12,02129,1
20251121,12,02130,1
20251121,12,02139,1
20251121,12,02148,2
20251121,12,02159,1
20251121,12,02171,2
20251121,12,02172,3
20251121,12,02185,1
20251121,12,02186,1
20251121,12,02191,2
20251121,12,02198,1
20251121,12,03802,3
20251121,13,02111,3
20251121,13,02116,1
20251121,13,02130,2
20251121,13,02139,1
20251121,13,02171,4
20251121,13,02172,2
20251121,13,02178,4
20251121,13,02179,2
20251121,13,02191,2
20251121,13,02198,2
20251121,13,02199,1
20251121,13,03311,3
20251121,14,02111,1
20251121,14,02122,1
20251121,14,02159,2
20251121,14,02171,1
20251121,14,02172,1
20251121,14,02178,2
20251121,14,02185,1
20251121,14,02186,1
20251121,14,02191,2
20251121,14,02198,1
20251121,14,02199,1
20251121,14,03310,2
20251121,14,03311,2
20251121,15,02111,1
20251121,15,02128,1
20251121,15,02130,1
20251121,15,02139,3
20251121,15,02148,2
20251121,15,02159,1
20251121,15,02171,1
20251121,15,02172,1
20251121,15,02179,3
20251121,15,02191,1
20251121,15,03310,1
20251121,15,03311,3
20251121,16,02111,2
20251121,16,02112,1
20251121,16,02116,1
20251121,16,02122,1
20251121,16,02130,1
20251121,16,02139,1
20251121,16,02148,3
20251121,16,02171,2
20251121,16,02178,6
20251121,16,02179,2
20251121,16,02185,1
20251121,16,02186,2
20251121,16,02191,1
20251121,16,03310,2
20251121,16,03311,1
20251121,17,02111,3
20251121,17,02112,1
20251121,17,02116,1
20251121,17,02129,2
20251121,17,02130,1
20251121,17,02143,1
20251121,17,02148,3
20251121,17,02171,2
20251121,17,02172,5
20251121,17,02178,2
20251121,17,02179,1
20251121,17,02185,2
20251121,17,02191,2
20251121,17,02199,1
20251121,17,03310,2
20251121,17,03311,2
20251121,18,02111,3
20251121,18,02112,1
20251121,18,02122,1
20251121,18,02130,1
20251121,18,02139,1
20251121,18,02148,1
20251121,18,02171,5
20251121,18,02172,5
20251121,18,02178,1
20251121,18,02179,6
20251121,18,02185,1
20251121,18,02186,2
20251121,18,02191,5
20251121,18,02198,1
20251121,18,03310,3
20251121,18,03311,7
20251121,18,03802,1
20251121,19,02111,2
20251121,19,02116,1
20251121,19,02122,1
20251121,19,02139,1
20251121,19,02148,3
20251121,19,02159,1
20251121,19,02171,2
20251121,19,02172,1
20251121,19,02179,1
20251121,19,02185,1
20251121,19,02191,1
20251121,19,02198,1
20251121,19,02199,1
20251121,19,03310,3
20251121,19,03311,2
20251121,19,03802,1
20251121,2,02112,1
20251121,2,02139,1
20251121,2,02178,1
20251121,2,02179,1
20251121,2,02198,1
20251121,20,02111,2
20251121,20,02112,2
20251121,20,02116,2
20251121,20,02128,1
20251121,20,02129,1
20251121,20,02143,1
20251121,20,02148,5
20251121,20,02171,2
20251121,20,02172,1
20251121,20,03310,1
20251121,20,03311,2
20251121,21,02111,1
20251121,21,02112,2
20251121,21,02122,2
20251121,21,02171,2
20251121,21,02172,2
20251121,21,02179,2
20251121,21,02186,1
20251121,21,02191,1
20251121,21,02198,2
20251121,21,03310,2
20251121,21,03311,1
20251121,22,02111,1
20251121,22,02112,2
20251121,22,02116,3
20251121,22,02128,1
20251121,22,02139,2
20251121,22,02148,1
20251121,22,02159,1
20251121,22,02171,1
20251121,22,02172,2
20251121,22,02179,1
20251121,22,02191,1
20251121,22,02199,1
20251121,22,03311,1
20251121,22,03802,2
20251121,23,02111,1
20251121,23,02112,1
20251121,23,02128,1
20251121,23,02143,1
20251121,23,02178,1
20251121,23,02179,4
20251121,23,02185,2
20251121,23,02191,1
20251121,23,03311,1
20251121,3,02191,1
20251121,3,03311,1
20251121,4,02111,1
20251121,4,02116,1
20251121,4,02148,1
20251121,4,02159,1
20251121,4,02179,2
20251121,5,02139,1
20251121,5,02172,1
20251121,5,02191,1
20251121,5,02198,1
20251121,5,03310,2
20251121,6,02111,1
20251121,6,02112,1
20251121,6,02179,1
20251121,6,02185,1
20251121,6,02186,1
20251121,6,02191,1
20251121,6,03310,2
20251121,6,03802,1
20251121,7,02111,1
20251121,7,02112,1
20251121,7,02122,1
20251121,7,02128,1
20251121,7,02139,1
20251121,7,02172,1
20251121,7,02185,2
20251121,7,02186,1
20251121,7,02191,3
20251121,7,02198,1
20251121,7,03310,2
20251121,7,03802,2
20251121,8,02112,2
20251121,8,02139,2
20251121,8,02143,1
20251121,8,02171,2
20251121,8,02178,2
20251121,8,02179,1
20251121,8,02185,5
20251121,8,02186,2
20251121,8,02198,2
20251121,8,03310,2
20251121,8,03311,1
20251121,8,03802,4
20251121,9,02111,1
20251121,9,02112,1
20251121,9,02116,2
20251121,9,02143,2
20251121,9,02148,1
20251121,9,02171,2
20251121,9,02172,3
20251121,9,02198,2
20251121,9,02199,1
20251121,9,03310,3
20251121,9,03311,1
20251121,9,03802,1
20251122,0,02111,4
20251122,0,02112,3
20251122,0,02171,1
20251122,0,02179,1
20251122,0,02185,1
20251122,0,02191,1
20251122,0,02198,2
20251122,1,02111,5
20251122,1,02112,1
20251122,1,02116,2
20251122,1,02122,1
20251122,1,02128,1
20251122,1,02172,1
20251122,1,02178,1
20251122,1,02179,1
20251122,1,02198,1
20251122,10,02111,1
20251122,10,02112,1
20251122,10,02122,1
20251122,10,02139,1
20251122,10,02143,2
20251122,10,02148,2
20251122,10,02171,2
20251122,10,02172,1
20251122,10,02178,1
20251122,10,02179,3
20251122,10,02185,1
20251122,10,02186,1
20251122,10,02198,1
20251122,10,02199,1
20251122,10,03310,3
20251122,11,02128,1
20251122,11,02139,2
20251122,11,02171,2
20251122,11,02172,2
20251122,11,02178,2
20251122,11,02185,2
20251122,11,02186,1
20251122,11,02191,1
20251122,12,02111,4
20251122,12,02112,4
20251122,12,02116,1
20251122,12,02122,1
20251122,12,02148,1
20251122,12,02159,1
20251122,12,02171,3
20251122,12,02172,2
20251122,12,02178,1
20251122,12,02179,5
20251122,12,02185,1
20251122,12,02191,1
20251122,12,02198,1
20251122,12,03310,3
20251122,13,02111,1
20251122,13,02112,2
20251122,13,02122,2
20251122,13,02139,1
20251122,13,02143,2
20251122,13,02148,3
20251122,13,02172,3
20251122,13,02178,2
20251122,13,02179,3
20251122,13,02185,2
20251122,13,02191,5
20251122,13,02198,2
20251122,13,03310,1
20251122,13,03311,1
20251122,13,03802,1
20251122,14,02111,1
20251122,14,02112,2
20251122,14,02122,1
20251122,14,02128,1
20251122,14,02159,1
20251122,14,02171,1
20251122,14,02172,4
20251122,14,02178,2
20251122,14,02179,1
20251122,14,02185,1
20251122,14,03310,1
20251122,14,03311,2
20251122,14,03802,1
20251122,15,02111,2
20251122,15,02112,2
20251122,15,02122,3
20251122,15,02130,1
20251122,15,02143,2
20251122,15,02171,2
20251122,15,02172,3
20251122,15,02178,5
20251122,15,02179,2
20251122,15,02185,1
20251122,15,03311,3
20251122,16,02111,1
20251122,16,02112,1
20251122,16,02116,1
20251122,16,02122,1
20251122,16,02139,1
20251122,16,02159,1
20251122,16,02171,3
20251122,16,02172,2
20251122,16,02178,3
20251122,16,02185,1
20251122,16,03310,1
20251122,16,03311,1
20251122,17,02111,2
20251122,17,02116,1
20251122,17,02122,2
20251122,17,02128,1
20251122,17,02129,1
20251122,17,02139,1
20251122,17,02148,1
20251122,17,02159,1
20251122,17,02172,1
20251122,17,02179,1
20251122,17,02185,2
20251122,17,02186,1
20251122,17,02191,2
20251122,17,03310,1
20251122,17,03311,6
20251122,18,02111,2
20251122,18,02116,1
20251122,18,02122,1
20251122,18,02139,2
20251122,18,02148,2
20251122,18,02171,1
20251122,18,02179,2
20251122,18,02185,1
20251122,18,02186,1
20251122,18,02198,1
20251122,18,03310,1
20251122,18,03311,4
20251122,19,02111,3
20251122,19,02112,1
20251122,19,02129,1
20251122,19,02139,1
20251122,19,02148,1
20251122,19,02171,1
20251122,19,02172,1
20251122,19,02178,1
20251122,19,02179,1
20251122,19,02185,1
20251122,19,02198,2
20251122,19,03311,1
20251122,2,02111,1
20251122,2,02112,1
20251122,2,02172,1
20251122,2,02179,1
20251122,2,02191,1
20251122,2,02199,1
20251122,20,02112,2
20251122,20,02116,2
20251122,20,02122,1
20251122,20,02159,1
20251122,20,02171,5
20251122,20,02172,1
20251122,20,02178,1
20251122,20,02179,2
20251122,20,02191,1
20251122,20,02198,2
20251122,20,03311,2
20251122,20,03802,2
20251122,21,02111,1
20251122,21,02112,2
20251122,21,02116,2
20251122,21,02122,1
20251122,21,02143,1
20251122,21,02171,1
20251122,21,02178,1
20251122,21,02179,1
20251122,21,02185,3
20251122,21,02191,2
20251122,21,02198,1
20251122,21,02199,1
20251122,21,03311,1
20251122,22,02112,2
20251122,22,02171,4
20251122,22,02172,1
20251122,22,02186,1
20251122,22,02191,1
20251122,22,02199,1
20251122,22,03311,3
20251122,23,02111,1
20251122,23,02112,1
20251122,23,02116,1
20251122,23,02122,2
20251122,23,02139,1
20251122,23,02148,1
20251122,23,02178,1
20251122,23,02179,1
20251122,23,02185,1
20251122,23,02191,3
20251122,23,02198,2
20251122,23,03311,1
20251122,3,02171,1
20251122,3,02179,1
20251122,3,02191,1
20251122,3,02198,1
20251122,3,02199,3
20251122,3,03311,1
20251122,4,02112,2
20251122,4,02143,1
20251122,4,03311,1
20251122,5,02185,1
20251122,5,02186,1
20251122,6,02111,1
20251122,6,02129,1
20251122,6,02139,1
20251122,6,02179,1
20251122,6,02185,1
20251122,6,03310,2
20251122,7,02111,1
20251122,7,02148,1
20251122,7,02171,1
20251122,7,03802,1
20251122,8,02116,1
20251122,8,02143,1
20251122,8,02148,1
20251122,8,02179,1
20251122,8,02185,3
20251122,8,02191,1
20251122,8,02198,1
20251122,8,03310,1
20251122,9,02112,1
20251122,9,02122,1
20251122,9,02139,2
20251122,9,02148,2
20251122,9,02179,4
20251122,9,02191,2
20251122,9,02198,1
20251122,9,03310,1
20251122,9,03311,2
20251123,0,02111,1
20251123,0,02139,1
20251123,0,02171,2
20251123,0,02178,1
20251123,0,02179,1
20251123,0,02185,1
20251123,0,02191,2
20251123,0,02198,2
20251123,1,02111,1
20251123,1,02112,1
20251123,1,02159,2
20251123,1,02185,1
20251123,1,02198,4
20251123,10,02116,1
20251123,10,02139,1
20251123,10,02159,1
20251123,10,02171,1
20251123,10,02172,3
20251123,10,02179,3
20251123,10,02185,1
20251123,10,02186,1
20251123,10,02191,2
20251123,10,03311,1
20251123,10,03802,1
20251123,11,02116,1
20251123,11,02122,1
20251123,11,02128,2
20251123,11,02129,4
20251123,11,02139,1
20251123,11,02143,1
20251123,11,02171,1
20251123,11,02172,1
20251123,11,02178,1
20251123,11,02179,1
20251123,11,02191,1
20251123,11,03311,2
20251123,12,02111,1
20251123,12,02112,1
20251123,12,02122,1
20251123,12,02139,1
20251123,12,02143,1
20251123,12,02171,1
20251123,12,02172,1
20251123,12,02178,1
20251123,12,02179,2
20251123,12,02186,4
20251123,12,02191,2
20251123,12,02198,1
20251123,13,02111,6
20251123,13,02112,1
20251123,13,02116,2
20251123,13,02122,2
20251123,13,02129,1
20251123,13,02143,1
20251123,13,02148,1
20251123,13,02159,2
20251123,13,02171,1
20251123,13,02172,2
20251123,13,02178,5
20251123,13,02179,2
20251123,13,02186,1
20251123,13,02191,3
20251123,13,03310,3
20251123,13,03311,1
20251123,13,03802,2
20251123,14,02111,1
20251123,14,02116,1
20251123,14,02128,1
20251123,14,02139,1
20251123,14,02143,2
20251123,14,02148,1
20251123,14,02159,1
20251123,14,02171,3
20251123,14,02172,3
20251123,14,02179,4
20251123,14,02185,1
20251123,14,02186,3
20251123,14,02191,1
20251123,14,02198,2
20251123,14,03310,1
20251123,14,03311,3
20251123,15,02111,2
20251123,15,02112,1
20251123,15,02130,1
20251123,15,02139,1
20251123,15,02148,2
20251123,15,02171,5
20251123,15,02178,4
20251123,15,02185,1
20251123,15,02191,1
20251123,15,02198,3
20251123,15,02199,1
20251123,15,03311,3
20251123,15,03802,2
20251123,16,02111,1
20251123,16,02116,1
20251123,16,02130,1
20251123,16,02143,1
20251123,16,02148,1
20251123,16,02159,1
20251123,16,02171,5
20251123,16,02172,8
20251123,16,02178,2
20251123,16,02179,4
20251123,16,02191,3
20251123,16,02198,1
20251123,16,03311,1
20251123,17,02111,1
20251123,17,02116,1
20251123,17,02122,2
20251123,17,02130,2
20251123,17,02148,1
20251123,17,02171,3
20251123,17,02172,2
20251123,17,02179,4
20251123,17,02186,2
20251123,17,02191,1
20251123,17,02199,1
20251123,17,03310,2
20251123,17,03311,2
20251123,18,02111,1
20251123,18,02112,2
20251123,18,02116,2
20251123,18,02122,1
20251123,18,02139,1
20251123,18,02143,1
20251123,18,02148,1
20251123,18,02171,2
20251123,18,02172,3
20251123,18,02178,2
20251123,18,02179,1
20251123,18,02185,3
20251123,18,02191,2
20251123,18,02199,1
20251123,18,03310,3
20251123,18,03311,3
20251123,19,02112,2
20251123,19,02116,2
20251123,19,02130,1
20251123,19,02139,1
20251123,19,02148,3
20251123,19,02171,2
20251123,19,02178,1
20251123,19,02179,1
20251123,19,02185,1
20251123,19,02186,1
20251123,19,02191,3
20251123,19,02198,1
20251123,19,02199,1
20251123,19,03310,1
20251123,19,03311,1
20251123,2,02111,2
20251123,2,02116,3
20251123,2,02128,1
20251123,2,02148,1
20251123,2,02171,4
20251123,2,02178,1
20251123,2,02185,2
20251123,20,02111,4
20251123,20,02112,2
20251123,20,02122,1
20251123,20,02128,1
20251123,20,02129,1
20251123,20,02139,1
20251123,20,02143,4
20251123,20,02148,1
20251123,20,02171,3
20251123,20,02172,3
20251123,20,02178,1
20251123,20,02179,2
20251123,20,02185,1
20251123,20,02191,2
20251123,20,02198,2
20251123,20,03310,1
20251123,20,03311,2
20251123,21,02111,1
20251123,21,02112,2
20251123,21,02116,2
20251123,21,02122,1
20251123,21,02129,1
20251123,21,02159,1
20251123,21,02179,2
20251123,21,02185,1
20251123,21,02199,1
20251123,21,03310,1
20251123,21,03311,2
20251123,22,02111,1
20251123,22,02112,1
20251123,22,02122,2
20251123,22,02128,1
20251123,22,02148,1
20251123,22,02172,1
20251123,22,02185,4
20251123,22,02186,2
20251123,22,02191,1
20251123,22,02198,1
20251123,22,03310,3
20251123,23,02111,2
20251123,23,02112,2
20251123,23,02128,1
20251123,23,02171,3
20251123,23,02178,2
20251123,23,02179,3
20251123,23,03311,1
20251123,3,02171,1
20251123,3,03310,1
20251123,4,02159,1
20251123,4,02191,2
20251123,5,02185,1
20251123,6,02185,1
20251123,7,02186,1
20251123,7,02191,1
20251123,8,02111,1
20251123,8,02116,1
20251123,8,02172,2
20251123,8,02191,2
20251123,8,02199,1
20251123,8,03310,1
20251123,9,02143,1
20251123,9,02178,1
20251123,9,02185,1
20251123,9,02186,1
20251123,9,02198,1
20251123,9,03310,2
20251124,0,02111,1
20251124,0,02128,1
20251124,0,02148,1
20251124,0,02171,1
20251124,0,02186,1
20251124,0,02198,1
20251124,0,03310,2
20251124,0,03311,4
20251124,1,02111,1
20251124,1,02116,2
20251124,1,02129,1
20251124,1,02139,1
20251124,1,02148,1
20251124,1,02171,1
20251124,1,02179,1
20251124,1,02186,2
20251124,1,02191,1
20251124,1,02198,1
20251124,10,02112,2
20251124,10,02116,1
20251124,10,02128,3
20251124,10,02143,1
20251124,10,02171,1
20251124,10,02179,1
20251124,10,02185,2
20251124,10,02191,1
20251124,11,02112,1
20251124,11,02148,1
20251124,11,02171,1
20251124,11,02178,2
20251124,11,02179,1
20251124,11,02185,1
20251124,11,02191,1
20251124,11,02198,1
20251124,11,03310,1
20251124,11,03311,1
20251124,11,03802,1
20251124,12,02111,2
20251124,12,02122,3
20251124,12,02129,1
20251124,12,02130,1
20251124,12,02139,1
20251124,12,02143,3
20251124,12,02171,2
20251124,12,02172,1
20251124,12,02178,1
20251124,12,02179,1
20251124,12,02185,1
20251124,12,02191,2
20251124,12,02198,3
20251124,12,02199,1
20251124,12,03311,1
20251124,12,03802,1
20251124,13,02128,1
20251124,13,02129,1
20251124,13,02148,1
20251124,13,02159,1
20251124,13,02171,2
20251124,13,02172,2
20251124,13,02178,2
20251124,13,02179,1
20251124,13,03311,3
20251124,14,02111,3
20251124,14,02116,2
20251124,14,02128,1
20251124,14,02129,1
20251124,14,02139,1
20251124,14,02159,1
20251124,14,02171,2
20251124,14,02178,1
20251124,14,02179,1
20251124,14,02185,2
20251124,14,02191,3
20251124,14,03311,1
20251124,15,02111,1
20251124,15,02129,1
20251124,15,02139,1
20251124,15,02143,1
20251124,15,02171,4
20251124,15,02172,1
20251124,15,02178,1
20251124,15,02179,2
20251124,15,02185,1
20251124,15,02186,2
20251124,15,03311,1
20251124,16,02111,1
20251124,16,02112,1
20251124,16,02116,2
20251124,16,02129,1
20251124,16,02130,1
20251124,16,02143,1
20251124,16,02148,2
20251124,16,02159,1
20251124,16,02171,3
20251124,16,02172,2
20251124,16,02178,2
20251124,16,02179,1
20251124,16,02185,2
20251124,16,02191,2
20251124,16,02199,1
20251124,16,03310,2
20251124,16,03311,1
20251124,17,02111,1
20251124,17,02116,1
20251124,17,02122,3
20251124,17,02128,1
20251124,17,02129,2
20251124,17,02139,1
20251124,17,02143,1
20251124,17,02148,5
20251124,17,02171,1
20251124,17,02172,3
20251124,17,02178,5
20251124,17,02185,2
20251124,17,02191,3
20251124,17,02198,1
20251124,17,02199,2
20251124,17,03310,2
20251124,17,03311,4
20251124,18,02111,3
20251124,18,02112,1
20251124,18,02116,2
20251124,18,02122,2
20251124,18,02129,1
20251124,18,02139,1
20251124,18,02148,1
20251124,18,02171,4
20251124,18,02178,6
20251124,18,02179,2
20251124,18,02185,2
20251124,18,02191,2
20251124,18,03311,2
20251124,19,02111,1
20251124,19,02112,1
20251124,19,02116,1
20251124,19,02129,2
20251124,19,02143,1
20251124,19,02148,1
20251124,19,02171,5
20251124,19,02172,1
20251124,19,02178,3
20251124,19,02179,1
20251124,19,02185,2
20251124,19,02198,1
20251124,19,03310,1
20251124,19,03311,7
20251124,19,03802,1
20251124,2,02128,1
20251124,2,02148,1
20251124,2,02178,1
20251124,20,02111,1
20251124,20,02112,2
20251124,20,02116,5
20251124,20,02122,1
20251124,20,02128,1
20251124,20,02130,1
20251124,20,02148,1
20251124,20,02171,8
20251124,20,02179,4
20251124,20,02185,2
20251124,20,02198,1
20251124,20,03310,1
20251124,20,03311,2
20251124,20,03802,2
20251124,21,02112,2
20251124,21,02116,2
20251124,21,02122,2
20251124,21,02128,1
20251124,21,02143,1
20251124,21,02148,1
20251124,21,02171,1
20251124,21,02172,2
20251124,21,02178,4
20251124,21,02185,3
20251124,21,02186,1
20251124,21,02191,3
20251124,21,03310,1
20251124,21,03311,1
20251124,22,02112,4
20251124,22,02122,1
20251124,22,02148,1
20251124,22,02171,4
20251124,22,02172,2
20251124,22,02178,3
20251124,22,02179,5
20251124,22,02185,1
20251124,22,02186,2
20251124,22,02191,1
20251124,22,02198,1
20251124,22,03311,2
20251124,23,02112,2
20251124,23,02116,1
20251124,23,02122,1
20251124,23,02128,1
20251124,23,02139,1
20251124,23,02172,1
20251124,23,02178,1
20251124,23,02179,1
20251124,23,02185,2
20251124,23,02191,1
20251124,23,02198,1
20251124,23,03310,3
20251124,23,03311,3
20251124,3,02116,1
20251124,3,02122,1
20251124,3,02171,1
20251124,3,02191,1
20251124,3,03310,1
20251124,4,02111,1
20251124,4,02112,1
20251124,4,02122,1
20251124,4,02191,1
20251124,5,02122,1
20251124,5,02143,1
20251124,5,02172,1
20251124,5,03310,2
20251124,6,02112,1
20251124,6,02116,1
20251124,6,02129,1
20251124,6,02139,1
20251124,6,02159,1
20251124,6,02171,1
20251124,6,02185,3
20251124,6,02191,1
20251124,6,03310,2
20251124,7,02111,1
20251124,7,02112,1
20251124,7,02116,1
20251124,7,02128,1
20251124,7,02129,1
20251124,7,02171,1
20251124,7,02179,1
20251124,7,02185,1
20251124,7,02191,3
20251124,7,03310,2
20251124,7,03802,1
20251124,8,02112,1
20251124,8,02122,1
20251124,8,02139,1
20251124,8,02143,1
20251124,8,02148,2
20251124,8,02171,2
20251124,8,02172,2
20251124,8,02179,1
20251124,8,02185,3
20251124,8,02186,1
20251124,8,02191,1
20251124,8,02199,1
20251124,8,03310,1
20251124,8,03802,2
20251124,9,02111,1
20251124,9,02116,2
20251124,9,02128,1
20251124,9,02143,1
20251124,9,02148,2
20251124,9,02171,2
20251124,9,02172,1
20251124,9,02178,1
20251124,9,02179,1
20251124,9,02185,3
20251124,9,02191,1
20251124,9,02198,1
20251124,9,02199,1
20251124,9,03310,2
20251124,9,03311,2
20251124,9,03802,2
20251125,0,02111,1
20251125,0,02112,1
20251125,0,02116,1
20251125,0,02122,1
20251125,0,02139,1
20251125,0,02171,1
20251125,0,02172,1
20251125,0,02179,2
20251125,0,02186,1
20251125,0,03311,1
20251125,1,02111,1
20251125,1,02112,2
20251125,1,02116,2
20251125,1,02179,1
20251125,1,02185,2
20251125,1,02198,1
20251125,1,03310,1
20251125,10,02112,1
20251125,10,02128,1
20251125,10,02171,1
20251125,10,02179,2
20251125,10,02185,1
20251125,10,03310,1
20251125,11,02112,1
20251125,11,02128,1
20251125,11,02148,1
20251125,11,02171,2
20251125,11,02178,1
20251125,11,02185,2
20251125,11,03802,1
20251125,12,02171,1
20251125,12,02172,1
20251125,12,02185,1
20251125,12,02191,1
20251125,12,03310,1
20251125,13,02111,1
20251125,13,02129,1
20251125,13,02159,1
20251125,13,02171,1
20251125,13,02172,1
20251125,13,02185,1
20251125,13,02199,1
20251125,13,03310,3
20251125,13,03311,2
20251125,14,02112,2
20251125,14,02148,1
20251125,14,02159,1
20251125,14,02172,2
20251125,14,02179,2
20251125,14,02185,1
20251125,14,02191,1
20251125,14,02198,1
20251125,14,03310,2
20251125,14,03311,1
20251125,15,02111,1
20251125,15,02112,1
20251125,15,02116,1
20251125,15,02128,1
20251125,15,02139,1
20251125,15,02171,1
20251125,15,02178,3
20251125,15,02179,1
20251125,15,02186,1
20251125,15,02191,1
20251125,15,02199,1
20251125,15,03310,1
20251125,16,02111,3
20251125,16,02112,1
20251125,16,02129,1
20251125,16,02130,1
20251125,16,02139,1
20251125,16,02143,1
20251125,16,02148,1
20251125,16,02159,1
20251125,16,02171,1
20251125,16,02172,2
20251125,16,02178,2
20251125,16,02191,2
20251125,16,02198,1
20251125,17,02112,1
20251125,17,02116,1
20251125,17,02128,3
20251125,17,02148,1
20251125,17,02179,1
20251125,17,02185,1
20251125,17,02191,1
20251125,17,02198,1
20251125,17,02199,1
20251125,17,03310,1
20251125,17,03311,2
20251125,18,02111,3
20251125,18,02116,3
20251125,18,02128,1
20251125,18,02139,1
20251125,18,02148,2
20251125,18,02159,1
20251125,18,02171,2
20251125,18,02178,2
20251125,18,02179,1
20251125,18,02186,1
20251125,18,02191,2
20251125,18,03311,1
20251125,19,02111,2
20251125,19,02122,1
20251125,19,02129,3
20251125,19,02139,1
20251125,19,02143,4
20251125,19,02159,1
20251125,19,02179,1
20251125,19,02185,1
20251125,19,02186,2
20251125,19,02191,1
20251125,19,03310,1
20251125,19,03311,4
20251125,2,02111,1
20251125,2,02171,1
20251125,2,02179,1
20251125,2,02191,2
20251125,20,02111,1
20251125,20,02122,1
20251125,20,02128,1
20251125,20,02139,1
20251125,20,02171,1
20251125,20,02185,2
20251125,20,02191,2
20251125,20,02198,2
20251125,20,03802,1
20251125,21,02111,1
20251125,21,02122,2
20251125,21,02143,1
20251125,21,02148,1
20251125,21,02171,5
20251125,21,02172,4
20251125,21,02179,2
20251125,21,02185,1
20251125,21,02191,1
20251125,21,03310,1
20251125,21,03311,1
20251125,21,03802,2
20251125,22,02111,2
20251125,22,02112,1
20251125,22,02116,1
20251125,22,02122,1
20251125,22,02128,1
20251125,22,02171,1
20251125,22,02172,1
20251125,22,02185,1
20251125,22,02186,1
20251125,22,02191,1
20251125,22,02199,1
20251125,22,03311,2
20251125,22,03802,2
20251125,23,02111,1
20251125,23,02112,4
20251125,23,02128,1
20251125,23,02143,1
20251125,23,02148,1
20251125,23,02159,1
20251125,23,02191,2
20251125,23,02198,1
20251125,23,03311,4
20251125,3,02116,1
20251125,3,02178,1
20251125,3,02191,1
20251125,4,02122,1
20251125,5,02122,1
20251125,5,02139,1
20251125,5,02186,1
20251125,5,03310,1
20251125,7,02148,1
20251125,7,02186,1
20251125,7,02191,1
20251125,7,02198,1
20251125,7,03310,2
20251125,8,02111,1
20251125,8,02171,1
20251125,8,02179,1
20251125,8,02185,1
20251125,8,02191,1
20251125,8,03310,1
20251125,8,03802,1
20251125,9,02148,1
20251125,9,02178,1
20251125,9,02185,1
20251125,9,02199,1
20251125,9,03310,1
20251125,9,03802,2
20251126,0,02112,1
20251126,0,02139,1
20251126,0,02159,1
20251126,0,02172,1
20251126,0,02179,1
20251126,0,02186,1
20251126,0,02191,1
20251126,0,02198,1
20251126,0,03310,2
20251126,1,02172,1
20251126,1,02191,1
20251126,1,03311,2
20251126,10,02111,1
20251126,10,02128,2
20251126,10,02148,2
20251126,10,02171,1
20251126,10,02172,2
20251126,10,02179,1
20251126,10,02185,3
20251126,10,02186,1
20251126,10,02191,1
20251126,10,02199,1
20251126,10,03310,1
20251126,10,03802,3
20251126,11,02116,2
20251126,11,02122,2
20251126,11,02139,1
20251126,11,02172,1
20251126,11,02178,2
20251126,11,02179,1
20251126,11,02185,3
20251126,11,02198,1
20251126,11,02199,1
20251126,11,03311,1
20251126,11,03802,2
20251126,12,02111,3
20251126,12,02116,2
20251126,12,02122,1
20251126,12,02139,2
20251126,12,02148,1
20251126,12,02171,2
20251126,12,02172,1
20251126,12,02178,2
20251126,12,02185,1
20251126,12,02191,5
20251126,12,02198,2
20251126,12,03310,3
20251126,12,03311,2
20251126,12,03802,2
20251126,13,02111,1
20251126,13,02112,1
20251126,13,02139,1
20251126,13,02143,1
20251126,13,02148,1
20251126,13,02159,2
20251126,13,02171,2
20251126,13,02172,2
20251126,13,02185,1
20251126,13,02186,1
20251126,13,02191,1
20251126,13,03311,1
20251126,13,03802,1
20251126,14,02111,1
20251126,14,02112,1
20251126,14,02122,2
20251126,14,02128,1
20251126,14,02129,2
20251126,14,02130,1
20251126,14,02139,2
20251126,14,02143,2
20251126,14,02171,1
20251126,14,02172,1
20251126,14,02179,4
20251126,14,02186,2
20251126,14,02191,1
20251126,14,03310,2
20251126,14,03311,1
20251126,15,02111,1
20251126,15,02128,2
20251126,15,02139,1
20251126,15,02143,1
20251126,15,02148,1
20251126,15,02171,3
20251126,15,02172,1
20251126,15,02179,1
20251126,15,02185,2
20251126,15,02186,3
20251126,15,03311,5
20251126,16,02111,1
20251126,16,02116,1
20251126,16,02122,1
20251126,16,02128,2
20251126,16,02129,3
20251126,16,02171,2
20251126,16,02172,1
20251126,16,02178,1
20251126,16,02179,2
20251126,16,02191,2
20251126,16,03310,4
20251126,17,02111,3
20251126,17,02122,1
20251126,17,02128,1
20251126,17,02139,1
20251126,17,02148,1
20251126,17,02159,1
20251126,17,02171,2
20251126,17,02172,1
20251126,17,02178,3
20251126,17,02179,3
20251126,17,02185,1
20251126,17,02186,1
20251126,17,02191,2
20251126,17,02199,1
20251126,17,03310,2
20251126,18,02111,4
20251126,18,02112,1
20251126,18,02116,1
20251126,18,02139,1
20251126,18,02143,1
20251126,18,02171,3
20251126,18,02178,5
20251126,18,02179,1
20251126,18,02185,1
20251126,18,02186,1
20251126,18,02191,2
20251126,18,02198,1
20251126,18,02199,1
20251126,18,03310,1
20251126,18,03311,6
20251126,18,03802,1
20251126,19,02111,3
20251126,19,02112,1
20251126,19,02116,1
20251126,19,02139,1
20251126,19,02143,1
20251126,19,02148,2
20251126,19,02171,2
20251126,19,02178,2
20251126,19,02179,2
20251126,19,02185,2
20251126,19,02198,1
20251126,19,03310,1
20251126,19,03311,1
20251126,2,02111,1
20251126,2,02128,1
20251126,2,02198,1
20251126,20,02111,3
20251126,20,02112,3
20251126,20,02130,1
20251126,20,02139,1
20251126,20,02143,1
20251126,20,02148,1
20251126,20,02178,2
20251126,20,02179,3
20251126,20,02185,2
20251126,20,02198,3
20251126,20,03310,1
20251126,20,03802,1
20251126,21,02111,3
20251126,21,02112,2
20251126,21,02122,2
20251126,21,02129,1
20251126,21,02130,1
20251126,21,02148,1
20251126,21,02171,5
20251126,21,02172,3
20251126,21,02178,3
20251126,21,02185,5
20251126,21,02186,1
20251126,21,02198,1
20251126,21,03802,4
20251126,22,02111,2
20251126,22,02116,1
20251126,22,02128,2
20251126,22,02148,1
20251126,22,02171,3
20251126,22,02172,1
20251126,22,02178,1
20251126,22,02185,3
20251126,22,03310,1
20251126,23,02111,1
20251126,23,02112,3
20251126,23,02116,3
20251126,23,02128,1
20251126,23,02185,1
20251126,23,02191,1
20251126,23,02198,1
20251126,23,03310,1
20251126,23,03311,1
20251126,3,02112,1
20251126,3,02171,2
20251126,3,02172,1
20251126,3,02185,1
20251126,3,02191,1
20251126,4,02111,1
20251126,4,02122,1
20251126,5,02198,1
20251126,5,03310,1
20251126,6,02112,1
20251126,6,02122,1
20251126,6,02139,1
20251126,6,02148,2
20251126,6,02179,1
20251126,6,02185,1
20251126,6,02198,1
20251126,6,03310,3
20251126,6,03802,1
20251126,7,02111,2
20251126,7,02112,1
20251126,7,02128,1
20251126,7,02139,1
20251126,7,02185,2
20251126,7,02186,2
20251126,7,02191,1
20251126,7,02198,1
20251126,7,03310,1
20251126,8,02139,3
20251126,8,02143,1
20251126,8,02179,2
20251126,8,02185,2
20251126,8,02191,3
20251126,8,02198,3
20251126,8,03311,3
20251126,8,03802,4
20251126,9,02111,1
20251126,9,02116,1
20251126,9,02122,3
20251126,9,02128,1
20251126,9,02139,1
20251126,9,02143,1
20251126,9,02148,1
20251126,9,02171,1
20251126,9,02172,1
20251126,9,02178,1
20251126,9,02185,1
20251126,9,02186,1
20251126,9,02191,2
20251126,9,02199,1
20251126,9,03310,2
20251126,9,03802,1
20251127,0,02111,1
20251127,0,02112,1
20251127,0,02171,3
20251127,0,02185,1
20251127,0,02198,1
20251127,0,03310,1
20251127,1,02130,1
20251127,1,02159,1
20251127,1,02171,1
20251127,1,02179,2
20251127,1,02185,1
20251127,11,02112,1
20251127,11,03802,1
20251127,12,02129,1
20251127,12,02178,1
20251127,12,02185,2
20251127,13,02128,1
20251127,13,02179,1
20251127,13,02186,1
20251127,13,02191,1
20251127,13,02199,1
20251127,13,03310,1
20251127,13,03311,1
20251127,14,02111,1
20251127,14,02143,1
20251127,14,02171,1
20251127,14,03310,1
20251127,15,02112,1
20251127,15,02122,1
20251127,15,02171,2
20251127,15,02191,1
20251127,15,03311,1
20251127,16,02128,1
20251127,16,02143,1
20251127,16,02171,2
20251127,16,02178,2
20251127,16,03311,1
20251127,17,02111,1
20251127,17,02148,1
20251127,17,02171,2
20251127,17,02172,1
20251127,17,02179,1
20251127,17,02185,1
20251127,17,02191,3
20251127,17,03311,2
20251127,18,02111,3
20251127,18,02112,1
20251127,18,02116,1
20251127,18,02122,1
20251127,18,02128,1
20251127,18,02129,1
20251127,18,02143,1
20251127,18,02148,1
20251127,18,02171,1
20251127,18,02178,2
20251127,18,02179,1
20251127,18,02198,2
20251127,18,02199,1
20251127,18,03311,3
20251127,18,03802,1
20251127,19,02122,1
20251127,19,02129,2
20251127,19,02143,1
20251127,19,02159,1
20251127,19,02171,4
20251127,19,02178,2
20251127,19,02179,1
20251127,19,02186,1
20251127,19,02191,1
20251127,19,02198,1
20251127,2,02116,1
20251127,2,02122,1
20251127,2,02179,1
20251127,2,02198,1
20251127,20,02111,2
20251127,20,02112,1
20251127,20,02116,2
20251127,20,02122,1
20251127,20,02129,1
20251127,20,02139,1
20251127,20,02143,2
20251127,20,02171,2
20251127,20,02185,1
20251127,20,02198,1
20251127,20,03311,1
20251127,20,03802,2
20251127,21,02111,2
20251127,21,02116,1
20251127,21,02128,1
20251127,21,02148,1
20251127,21,02159,1
20251127,21,02171,3
20251127,21,02179,1
20251127,21,02186,1
20251127,21,03311,1
20251127,21,03802,1
20251127,22,02111,2
20251127,22,02116,1
20251127,22,02122,1
20251127,22,02148,1
20251127,22,02159,1
20251127,22,02171,5
20251127,22,02172,1
20251127,22,02185,1
20251127,22,02186,1
20251127,22,02198,1
20251127,22,02199,1
20251127,22,03311,2
20251127,23,02111,1
20251127,23,02112,2
20251127,23,02122,1
20251127,23,02128,2
20251127,23,02148,1
20251127,23,02171,1
20251127,23,02178,1
20251127,23,02179,2
20251127,23,02191,1
20251127,3,02178,2
20251127,3,02198,1
20251127,4,02122,1
20251127,4,02191,1
20251127,5,02179,1
20251127,5,02198,2
20251127,6,02128,1
20251127,6,02178,1
20251127,6,02185,1
20251127,6,02191,2
20251127,6,03310,2
20251127,7,02148,1
20251127,7,02191,2
20251127,7,02198,1
20251127,7,03310,1
20251127,8,02111,2
20251127,8,02130,1
20251127,8,02139,3
20251127,8,02148,1
20251127,8,02159,1
20251127,8,02171,1
20251127,8,02185,3
20251127,8,02186,1
20251127,8,03310,1
20251127,8,03802,2
20251127,9,02139,1
20251127,9,02171,1
20251127,9,02191,1
20251127,9,03310,1
20251128,0,02111,1
20251128,0,02112,1
20251128,0,02171,1
20251128,0,02179,1
20251128,0,02198,2
20251128,1,02112,1
20251128,1,02116,1
20251128,1,02171,2
20251128,1,02178,1
20251128,1,02186,1
20251128,1,02199,1
20251128,1,03311,1
20251128,10,02111,1
20251128,10,02128,1
20251128,10,02139,3
20251128,10,02148,2
20251128,10,02171,1
20251128,10,02172,1
20251128,10,02185,2
20251128,10,02191,1
20251128,10,03310,1
20251128,10,03802,1
20251128,11,02116,1
20251128,11,02122,1
20251128,11,02128,1
20251128,11,02129,1
20251128,11,02139,2
20251128,11,02148,3
20251128,11,02171,1
20251128,11,02172,2
20251128,11,02178,1
20251128,11,02191,1
20251128,11,02198,1
20251128,11,03310,3
20251128,11,03311,1
20251128,11,03802,3
20251128,12,02111,1
20251128,12,02112,1
20251128,12,02116,1
20251128,12,02122,1
20251128,12,02128,1
20251128,12,02129,1
20251128,12,02139,2
20251128,12,02143,1
20251128,12,02148,1
20251128,12,02171,1
20251128,12,02178,1
20251128,12,02186,3
20251128,12,02191,2
20251128,12,02198,1
20251128,12,02199,1
20251128,12,03311,1
20251128,12,03802,2
20251128,13,02111,3
20251128,13,02128,1
20251128,13,02143,1
20251128,13,02148,2
20251128,13,02171,2
20251128,13,02172,2
20251128,13,02178,2
20251128,13,02179,2
20251128,13,02191,1
20251128,13,02198,1
20251128,13,03311,1
20251128,14,02111,2
20251128,14,02122,1
20251128,14,02148,1
20251128,14,02171,1
20251128,14,02172,1
20251128,14,02179,1
20251128,14,02185,1
20251128,14,02191,2
20251128,14,03310,1
20251128,14,03311,1
20251128,15,02111,2
20251128,15,02116,1
20251128,15,02122,1
20251128,15,02128,1
20251128,15,02129,2
20251128,15,02130,1
20251128,15,02148,1
20251128,15,02171,2
20251128,15,02172,1
20251128,15,02178,1
20251128,15,02185,2
20251128,15,02186,1
20251128,15,02198,1
20251128,15,03311,2
20251128,16,02111,2
20251128,16,02112,2
20251128,16,02116,1
20251128,16,02129,1
20251128,16,02139,1
20251128,16,02148,2
20251128,16,02171,3
20251128,16,02172,2
20251128,16,02178,2
20251128,16,02191,2
20251128,16,02198,2
20251128,16,03310,2
20251128,16,03311,1
20251128,17,02116,1
20251128,17,02129,2
20251128,17,02139,2
20251128,17,02148,3
20251128,17,02171,2
20251128,17,02172,2
20251128,17,02178,1
20251128,17,02179,4
20251128,17,02185,2
20251128,17,02191,2
20251128,17,02198,3
20251128,17,03311,4
20251128,18,02111,3
20251128,18,02122,2
20251128,18,02128,1
20251128,18,02129,2
20251128,18,02130,1
20251128,18,02139,1
20251128,18,02143,1
20251128,18,02148,2
20251128,18,02171,3
20251128,18,02178,3
20251128,18,02179,2
20251128,18,02191,1
20251128,18,03310,1
20251128,18,03311,2
20251128,18,03802,2
20251128,19,02111,3
20251128,19,02116,1
20251128,19,02128,1
20251128,19,02143,3
20251128,19,02148,1
20251128,19,02171,2
20251128,19,02185,2
20251128,19,02186,1
20251128,19,02198,1
20251128,19,02199,1
20251128,19,03310,1
20251128,19,03311,3
20251128,19,03802,1
20251128,2,02111,1
20251128,2,02116,1
20251128,2,02122,1
20251128,2,02172,1
20251128,2,02185,1
20251128,20,02116,1
20251128,20,02128,1
20251128,20,02148,3
20251128,20,02178,2
20251128,20,02179,1
20251128,20,02185,1
20251128,20,02191,1
20251128,20,02198,2
20251128,20,03311,1
20251128,21,02159,1
20251128,21,02171,2
20251128,21,02178,1
20251128,21,02179,1
20251128,21,02185,3
20251128,21,02191,1
20251128,21,03802,2
20251128,22,02111,1
20251128,22,02116,1
20251128,22,02122,1
20251128,22,02143,1
20251128,22,02171,2
20251128,22,02172,3
20251128,22,02178,2
20251128,22,02179,1
20251128,22,02185,2
20251128,22,02198,1
20251128,22,03310,1
20251128,22,03802,1
20251128,23,02111,2
20251128,23,02112,1
20251128,23,02116,1
20251128,23,02139,1
20251128,23,02148,1
20251128,23,02171,2
20251128,23,02172,2
20251128,23,02178,1
20251128,23,02179,2
20251128,23,02185,2
20251128,23,02191,1
20251128,23,03311,3
20251128,3,02171,1
20251128,4,02111,1
20251128,4,02122,1
20251128,4,02179,1
20251128,4,02185,1
20251128,4,02191,1
20251128,5,02172,1
20251128,6,02116,1
20251128,6,02139,1
20251128,6,02148,1
20251128,6,02179,1
20251128,6,02185,3
20251128,6,02186,1
20251128,6,02191,2
20251128,7,02111,1
20251128,7,02112,1
20251128,7,02122,1
20251128,7,02139,1
20251128,7,02185,2
20251128,7,02198,1
20251128,7,03311,1
20251128,7,03802,1
20251128,8,02111,1
20251128,8,02112,1
20251128,8,02116,1
20251128,8,02139,1
20251128,8,02179,1
20251128,8,02185,3
20251128,8,02191,3
20251128,8,03311,1
20251128,8,03802,3
20251128,9,02111,1
20251128,9,02116,1
20251128,9,02128,1
20251128,9,02159,1
20251128,9,02171,2
20251128,9,02179,1
20251128,9,02185,1
20251128,9,02186,2
20251128,9,02199,1
20251128,9,03310,1
20251129,0,02111,1
20251129,0,02112,1
20251129,0,02129,1
20251129,0,02171,1
20251129,0,02172,1
20251129,0,02178,2
20251129,0,02185,2
20251129,0,02186,1
20251129,0,02199,1
20251129,0,03310,2
20251129,0,03311,1
20251129,1,02112,1
20251129,1,02122,1
20251129,1,02139,1
20251129,1,02171,1
20251129,1,02179,1
20251129,1,02185,1
20251129,1,03311,1
20251129,10,02112,2
20251129,10,02116,1
20251129,10,02122,1
20251129,10,02128,1
20251129,10,02159,1
20251129,10,02171,2
20251129,10,02178,1
20251129,10,02179,2
20251129,10,02185,3
20251129,10,02186,3
20251129,10,02191,1
20251129,10,02198,1
20251129,10,02199,3
20251129,10,03310,5
20251129,10,03311,1
20251129,10,03802,1
20251129,11,02111,1
20251129,11,02128,1
20251129,11,02129,2
20251129,11,02139,1
20251129,11,02143,1
20251129,11,02148,3
20251129,11,02159,1
20251129,11,02179,2
20251129,11,02191,2
20251129,11,02198,1
20251129,11,03310,3
20251129,11,03311,3
20251129,11,03802,2
20251129,12,02111,1
20251129,12,02116,2
20251129,12,02122,1
20251129,12,02129,2
20251129,12,02139,1
20251129,12,02148,1
20251129,12,02159,1
20251129,12,02171,1
20251129,12,02178,1
20251129,12,02185,2
20251129,12,02186,1
20251129,12,02191,1
20251129,12,02198,3
20251129,12,03310,1
20251129,12,03311,3
20251129,13,02111,3
20251129,13,02112,1
20251129,13,02116,1
20251129,13,02122,1
20251129,13,02139,3
20251129,13,02148,1
20251129,13,02171,1
20251129,13,02178,3
20251129,13,02179,2
20251129,13,02186,1
20251129,13,02191,3
20251129,13,02198,3
20251129,13,03310,1
20251129,13,03311,1
20251129,14,02111,6
20251129,14,02112,2
20251129,14,02128,2
20251129,14,02130,2
20251129,14,02139,1
20251129,14,02148,2
20251129,14,02171,1
20251129,14,02172,2
20251129,14,02178,6
20251129,14,02179,2
20251129,14,02185,2
20251129,14,03311,4
20251129,15,02111,2
20251129,15,02112,1
20251129,15,02116,2
20251129,15,02122,1
20251129,15,02128,1
20251129,15,02129,1
20251129,15,02143,1
20251129,15,02148,2
20251129,15,02171,3
20251129,15,02172,3
20251129,15,02179,2
20251129,15,02185,1
20251129,15,02186,2
20251129,15,03310,1
20251129,16,02111,1
20251129,16,02116,1
20251129,16,02129,2
20251129,16,02139,2
20251129,16,02143,2
20251129,16,02148,1
20251129,16,02171,5
20251129,16,02172,3
20251129,16,02185,3
20251129,16,02186,2
20251129,16,02191,4
20251129,16,02198,3
20251129,16,03311,3
20251129,17,02116,1
20251129,17,02130,1
20251129,17,02139,1
20251129,17,02148,2
20251129,17,02171,1
20251129,17,02172,2
20251129,17,02178,2
20251129,17,02179,3
20251129,17,02186,3
20251129,17,02191,1
20251129,17,02198,1
20251129,17,02199,2
20251129,17,03310,1
20251129,17,03311,1
20251129,17,03802,2
20251129,18,02111,4
20251129,18,02112,2
20251129,18,02143,3
20251129,18,02171,1
20251129,18,02172,2
20251129,18,02178,2
20251129,18,02179,1
20251129,18,02185,2
20251129,18,02198,1
20251129,19,02111,2
20251129,19,02112,1
20251129,19,02116,1
20251129,19,02171,2
20251129,19,02185,2
20251129,2,02112,1
20251129,2,02116,1
20251129,2,02122,1
20251129,2,02129,1
20251129,2,02148,1
20251129,2,02159,1
20251129,2,02171,1
20251129,2,02178,1
20251129,2,02198,1
20251129,2,03311,1
20251129,20,02112,1
20251129,20,02129,1
20251129,20,02139,1
20251129,20,02159,1
20251129,20,02171,2
20251129,20,02172,1
20251129,20,02179,1
20251129,20,02185,2
20251129,20,02186,1
20251129,20,02191,1
20251129,20,02198,1
20251129,20,02199,1
20251129,20,03310,1
20251129,20,03311,3
20251129,21,02111,1
20251129,21,02128,1
20251129,21,02171,4
20251129,21,02172,1
20251129,21,02178,1
20251129,21,02179,2
20251129,21,02185,1
20251129,21,02198,1
20251129,21,03311,1
20251129,21,03802,2
20251129,22,02111,1
20251129,22,02112,1
20251129,22,02122,2
20251129,22,02128,1
20251129,22,02148,2
20251129,22,02171,4
20251129,22,02178,1
20251129,22,02179,2
20251129,22,02185,1
20251129,22,02186,2
20251129,22,02198,1
20251129,22,03802,2
20251129,23,02111,2
20251129,23,02128,1
20251129,23,02171,1
20251129,23,02172,1
20251129,23,02178,2
20251129,23,02179,1
20251129,23,02185,2
20251129,23,02191,1
20251129,23,02198,1
20251129,23,02199,2
20251129,23,03311,2
20251129,3,02111,1
20251129,3,02186,1
20251129,3,02191,1
20251129,4,02111,1
20251129,4,02148,1
20251129,4,02185,1
20251129,4,02191,2
20251129,4,03310,1
20251129,5,02128,1
20251129,5,02179,2
20251129,6,02111,1
20251129,6,02179,1
20251129,6,02185,1
20251129,6,02199,1
20251129,6,03310,2
20251129,7,02111,1
20251129,7,02148,1
20251129,7,02179,1
20251129,7,03310,1
20251129,8,02111,1
20251129,8,02122,1
20251129,8,02143,1
20251129,8,02148,1
20251129,8,02159,1
20251129,8,02185,1
20251129,8,02191,2
20251129,8,02198,1
20251129,8,03310,1
20251129,8,03802,1
20251129,9,02122,1
20251129,9,02130,1
20251129,9,02139,1
20251129,9,02148,1
20251129,9,02178,1
20251129,9,02179,4
20251129,9,02185,2
20251129,9,02186,1
20251129,9,02191,2
20251129,9,02198,2
20251129,9,03311,1
20251130,0,02111,2
20251130,0,02112,3
20251130,0,02116,2
20251130,0,02122,3
20251130,0,02128,1
20251130,0,02171,2
20251130,0,02172,1
20251130,0,02178,1
20251130,0,02191,2
20251130,0,02198,1
20251130,0,03311,1
20251130,1,02112,1
20251130,1,02116,1
20251130,1,02128,1
20251130,1,02139,1
20251130,1,02148,1
20251130,1,02171,2
20251130,1,02179,1
20251130,1,02198,1
20251130,1,03311,1
20251130,10,02116,1
20251130,10,02122,3
20251130,10,02148,1
20251130,10,02171,2
20251130,10,02178,2
20251130,10,02179,1
20251130,10,02185,3
20251130,10,02198,2
20251130,10,03310,1
20251130,10,03311,1
20251130,11,02112,1
20251130,11,02116,4
20251130,11,02122,1
20251130,11,02128,2
20251130,11,02148,1
20251130,11,02171,1
20251130,11,02172,3
20251130,11,02178,1
20251130,11,02186,1
20251130,11,02191,2
20251130,11,02198,2
20251130,11,03310,1
20251130,11,03802,1
20251130,12,02111,1
20251130,12,02129,1
20251130,12,02139,2
20251130,12,02143,1
20251130,12,02171,2
20251130,12,02172,2
20251130,12,02185,2
20251130,12,03311,2
20251130,12,03802,1
20251130,13,02111,4
20251130,13,02112,1
20251130,13,02122,1
20251130,13,02129,2
20251130,13,02139,4
20251130,13,02159,2
20251130,13,02171,4
20251130,13,02172,4
20251130,13,02178,2
20251130,13,02179,5
20251130,13,02185,5
20251130,13,02191,2
20251130,13,02198,2
20251130,13,03310,2
20251130,13,03311,1
20251130,13,03802,3
20251130,14,02111,4
20251130,14,02112,2
20251130,14,02116,2
20251130,14,02122,2
20251130,14,02130,2
20251130,14,02139,1
20251130,14,02159,3
20251130,14,02171,6
20251130,14,02172,2
20251130,14,02178,2
20251130,14,02179,3
20251130,14,02185,1
20251130,14,02198,1
20251130,14,03310,1
20251130,14,03311,1
20251130,15,02111,3
20251130,15,02116,1
20251130,15,02122,2
20251130,15,02128,1
20251130,15,02129,2
20251130,15,02130,2
20251130,15,02143,1
20251130,15,02159,1
20251130,15,02171,5
20251130,15,02172,2
20251130,15,02178,2
20251130,15,02179,2
20251130,15,02185,1
20251130,15,02191,3
20251130,15,02198,2
20251130,15,03310,2
20251130,15,03311,1
20251130,16,02116,1
20251130,16,02122,1
20251130,16,02129,2
20251130,16,02130,1
20251130,16,02139,4
20251130,16,02148,2
20251130,16,02159,1
20251130,16,02171,2
20251130,16,02172,4
20251130,16,02178,3
20251130,16,02179,2
20251130,16,02185,2
20251130,16,02186,1
20251130,16,02191,1
20251130,16,02198,2
20251130,16,03311,1
20251130,16,03802,1
20251130,17,02122,3
20251130,17,02129,1
20251130,17,02148,3
20251130,17,02171,1
20251130,17,02172,2
20251130,17,02178,1
20251130,17,02179,1
20251130,17,02185,1
20251130,17,02186,1
20251130,17,02191,1
20251130,17,03311,1
20251130,17,03802,1
20251130,18,02112,4
20251130,18,02122,2
20251130,18,02143,2
20251130,18,02148,1
20251130,18,02171,1
20251130,18,02178,2
20251130,18,02185,2
20251130,18,02191,3
20251130,18,02198,1
20251130,18,02199,1
20251130,18,03310,1
20251130,18,03311,6
20251130,19,02111,5
20251130,19,02112,5
20251130,19,02116,1
20251130,19,02129,1
20251130,19,02143,1
20251130,19,02148,1
20251130,19,02171,1
20251130,19,02172,1
20251130,19,02178,1
20251130,19,02179,1
20251130,19,02191,2
20251130,19,02198,2
20251130,19,03311,1
20251130,2,02111,2
20251130,2,02122,1
20251130,2,02139,1
20251130,2,02148,1
20251130,2,02171,1
20251130,20,02111,3
20251130,20,02112,3
20251130,20,02116,1
20251130,20,02122,2
20251130,20,02128,1
20251130,20,02159,2
20251130,20,02171,2
20251130,20,02178,1
20251130,20,02179,2
20251130,20,02186,1
20251130,20,02199,1
20251130,20,03311,1
20251130,21,02111,2
20251130,21,02112,3
20251130,21,02116,1
20251130,21,02128,1
20251130,21,02129,1
20251130,21,02143,1
20251130,21,02171,1
20251130,21,02185,1
20251130,21,02191,1
20251130,21,03311,1
20251130,22,02111,2
20251130,22,02112,5
20251130,22,02122,1
20251130,22,02129,2
20251130,22,02139,1
20251130,22,02148,1
20251130,22,02172,1
20251130,22,02179,1
20251130,22,02198,1
20251130,22,03311,1
20251130,23,02111,1
20251130,23,02112,2
20251130,23,02116,2
20251130,23,02128,1
20251130,23,02148,2
20251130,23,02171,3
20251130,23,02178,3
20251130,23,02185,1
20251130,23,02191,1
20251130,23,02198,2
20251130,3,02171,1
20251130,3,02185,1
20251130,3,02191,1
20251130,3,03311,2
20251130,4,02148,1
20251130,4,02185,1
20251130,5,02112,1
20251130,5,02191,1
20251130,5,03310,1
20251130,6,02112,1
20251130,6,02185,1
20251130,6,03310,1
20251130,6,03802,1
20251130,7,02122,1
20251130,7,02148,1
20251130,7,02171,1
20251130,7,02186,1
20251130,7,02191,1
20251130,8,02116,1
20251130,8,02139,1
20251130,8,02172,1
20251130,8,02198,1
20251130,8,02199,1
20251130,9,02111,1
20251130,9,02122,3
20251130,9,02143,2
20251130,9,02148,1
20251130,9,02172,1
20251130,9,02179,1
20251130,9,02185,2
20251130,9,02186,1
20251130,9,03310,4
