RENT_DATE,RENT_TIME,RENT_ID,CNT
20240801,0,02111,3
20240801,0,02112,1
20240801,0,02116,1
20240801,0,02122,3
20240801,0,02128,2
20240801,0,02139,2
20240801,0,02143,1
20240801,0,02159,1
20240801,0,02171,3
20240801,0,02179,3
20240801,0,02191,1
20240801,0,03310,2
20240801,0,03311,1
20240801,1,02111,5
20240801,1,02112,4
20240801,1,02148,1
20240801,1,02171,4
20240801,1,02172,1
20240801,1,02179,2
20240801,1,02186,1
20240801,1,02191,1
20240801,1,02198,2
20240801,1,03311,2
20240801,10,02111,1
20240801,10,02116,1
20240801,10,02122,1
20240801,10,02128,1
20240801,10,02143,1
20240801,10,02148,2
20240801,10,02159,1
20240801,10,02171,2
20240801,10,02172,1
20240801,10,02179,1
20240801,10,02185,1
20240801,10,02186,2
20240801,10,02191,3
20240801,10,02198,1
20240801,10,03310,3
20240801,10,03311,2
20240801,10,03802,1
20240801,11,02111,1
20240801,11,02128,1
20240801,11,02159,2
20240801,11,02171,1
20240801,11,02172,1
20240801,11,02179,2
20240801,11,02191,2
20240801,11,02198,2
20240801,11,03310,1
20240801,11,03802,2
20240801,12,02111,2
20240801,12,02112,4
20240801,12,02116,1
20240801,12,02129,1
20240801,12,02148,2
20240801,12,02171,1
20240801,12,02185,1
20240801,12,02191,1
20240801,12,02198,1
20240801,12,02199,1
20240801,12,03310,3
20240801,12,03311,3
20240801,13,02111,4
20240801,13,02112,2
20240801,13,02116,1
20240801,13,02122,2
20240801,13,02128,3
20240801,13,02148,1
20240801,13,02159,1
20240801,13,02171,2
20240801,13,02172,1
20240801,13,02178,1
20240801,13,02179,2
20240801,13,02185,3
20240801,13,02186,1
20240801,13,02198,1
20240801,13,03311,2
20240801,13,03802,2
20240801,14,02111,2
20240801,14,02122,1
20240801,14,02130,1
20240801,14,02172,2
20240801,14,02178,1
20240801,14,02179,1
20240801,14,02185,1
20240801,14,02186,1
20240801,14,02191,1
20240801,14,02198,1
20240801,14,03310,1
20240801,14,03311,1
20240801,14,03802,2
20240801,15,02112,1
20240801,15,02116,2
20240801,15,02122,1
20240801,15,02129,4
20240801,15,02130,1
20240801,15,02143,1
20240801,15,02148,1
20240801,15,02171,4
20240801,15,02172,2
20240801,15,02178,1
20240801,15,02179,3
20240801,15,02198,1
20240801,15,03310,1
20240801,15,03311,4
20240801,16,02111,3
20240801,16,02122,1
20240801,16,02128,3
20240801,16,02139,2
20240801,16,02143,1
20240801,16,02171,3
20240801,16,02172,1
20240801,16,02178,1
20240801,16,02179,4
20240801,16,02185,1
20240801,16,02191,2
20240801,16,02198,1
20240801,16,03310,1
20240801,16,03311,3
20240801,17,02111,1
20240801,17,02112,2
20240801,17,02122,1
20240801,17,02139,1
20240801,17,02159,1
20240801,17,02171,2
20240801,17,02172,1
20240801,17,02178,2
20240801,17,02179,3
20240801,17,02185,2
20240801,17,02186,1
20240801,17,02191,3
20240801,17,02198,2
20240801,17,03311,3
20240801,18,02111,5
20240801,18,02112,2
20240801,18,02122,1
20240801,18,02128,4
20240801,18,02129,3
20240801,18,02130,1
20240801,18,02139,2
20240801,18,02143,1
20240801,18,02148,8
20240801,18,02159,1
20240801,18,02171,2
20240801,18,02172,1
20240801,18,02178,2
20240801,18,02179,3
20240801,18,02185,1
20240801,18,02186,3
20240801,18,02191,2
20240801,18,02198,2
20240801,18,03310,2
20240801,18,03311,4
20240801,18,03802,1
20240801,19,02112,3
20240801,19,02116,1
20240801,19,02129,1
20240801,19,02139,1
20240801,19,02148,5
20240801,19,02171,2
20240801,19,02178,1
20240801,19,02179,4
20240801,19,02185,2
20240801,19,02191,2
20240801,19,03311,4
20240801,19,03802,3
20240801,2,02111,1
20240801,2,02148,1
20240801,2,02185,3
20240801,20,02111,6
20240801,20,02112,4
20240801,20,02116,5
20240801,20,02122,4
20240801,20,02128,1
20240801,20,02139,1
20240801,20,02143,2
20240801,20,02148,3
20240801,20,02171,5
20240801,20,02178,1
20240801,20,02179,3
20240801,20,02185,5
20240801,20,02186,3
20240801,20,02191,2
20240801,20,02198,2
20240801,20,02199,1
20240801,20,03310,2
20240801,20,03311,4
20240801,20,03802,8
20240801,21,02111,2
20240801,21,02112,5
20240801,21,02116,1
20240801,21,02122,1
20240801,21,02128,1
20240801,21,02129,2
20240801,21,02139,3
20240801,21,02143,1
20240801,21,02148,1
20240801,21,02159,1
20240801,21,02171,5
20240801,21,02172,1
20240801,21,02178,3
20240801,21,02179,3
20240801,21,02185,1
20240801,21,02186,1
20240801,21,02191,1
20240801,21,02198,2
20240801,21,02199,1
20240801,21,03311,4
20240801,21,03802,6
20240801,22,02111,3
20240801,22,02112,3
20240801,22,02122,2
20240801,22,02128,2
20240801,22,02129,1
20240801,22,02148,1
20240801,22,02171,4
20240801,22,02172,1
20240801,22,02178,1
20240801,22,02179,4
20240801,22,02185,2
20240801,22,02186,2
20240801,22,02198,1
20240801,22,02199,1
20240801,22,03310,1
20240801,22,03311,5
20240801,22,03802,2
20240801,23,02111,1
20240801,23,02112,1
20240801,23,02116,1
20240801,23,02128,1
20240801,23,02130,1
20240801,23,02139,1
20240801,23,02143,1
20240801,23,02148,1
20240801,23,02171,1
20240801,23,02179,3
20240801,23,02185,1
20240801,23,02191,1
20240801,23,03311,3
20240801,3,02111,1
20240801,3,02128,1
20240801,3,02139,1
20240801,3,02171,1
20240801,4,02139,1
20240801,4,02172,1
20240801,4,02185,1
20240801,5,02112,1
20240801,5,02122,3
20240801,5,02139,1
20240801,5,02148,1
20240801,5,02171,1
20240801,5,02179,1
20240801,5,02185,1
20240801,5,02186,3
20240801,5,02191,1
20240801,5,02198,1
20240801,6,02111,2
20240801,6,02122,1
20240801,6,02148,1
20240801,6,02185,1
20240801,6,02186,2
20240801,6,02191,2
20240801,6,03310,1
20240801,6,03802,3
20240801,7,02111,1
20240801,7,02112,3
20240801,7,02128,2
20240801,7,02139,5
20240801,7,02143,1
20240801,7,02148,1
20240801,7,02159,2
20240801,7,02171,3
20240801,7,02172,1
20240801,7,02179,4
20240801,7,02186,4
20240801,7,03310,4
20240801,7,03311,2
20240801,7,03802,6
20240801,8,02111,1
20240801,8,02112,1
20240801,8,02116,1
20240801,8,02122,2
20240801,8,02128,1
20240801,8,02129,1
20240801,8,02139,4
20240801,8,02143,2
20240801,8,02148,2
20240801,8,02171,3
20240801,8,02172,1
20240801,8,02179,2
20240801,8,02185,1
20240801,8,02186,1
20240801,8,02191,6
20240801,8,02198,3
20240801,8,03310,4
20240801,8,03802,3
20240801,9,02128,2
20240801,9,02139,3
20240801,9,02143,1
20240801,9,02148,1
20240801,9,02171,3
20240801,9,02172,2
20240801,9,02179,1
20240801,9,02185,1
20240801,9,02186,2
20240801,9,02191,1
20240801,9,02198,4
20240801,9,03310,1
20240801,9,03311,1
20240801,9,03802,3
20240802,0,02111,1
20240802,0,02112,1
20240802,0,02128,1
20240802,0,02130,1
20240802,0,02139,1
20240802,0,02143,1
20240802,0,02148,1
20240802,0,02159,1
20240802,0,02171,3
20240802,0,02179,2
20240802,0,02186,1
20240802,0,02191,2
20240802,0,02198,3
20240802,0,02199,1
20240802,0,03311,4
20240802,1,02111,5
20240802,1,02112,1
20240802,1,02128,1
20240802,1,02129,1
20240802,1,02139,1
20240802,1,02143,1
20240802,1,02159,1
20240802,1,02171,5
20240802,1,02172,1
20240802,1,02178,1
20240802,1,02179,1
20240802,1,02186,1
20240802,1,02191,1
20240802,1,02198,1
20240802,10,02111,1
20240802,10,02116,2
20240802,10,02122,1
20240802,10,02128,2
20240802,10,02139,1
20240802,10,02143,1
20240802,10,02148,2
20240802,10,02172,1
20240802,10,02179,1
20240802,10,02191,1
20240802,10,03310,1
20240802,10,03311,2
20240802,10,03802,1
20240802,11,02111,2
20240802,11,02112,1
20240802,11,02116,1
20240802,11,02122,1
20240802,11,02129,2
20240802,11,02139,1
20240802,11,02171,2
20240802,11,02172,1
20240802,11,02179,3
20240802,11,02186,1
20240802,11,02191,1
20240802,11,03310,1
20240802,12,02111,4
20240802,12,02112,1
20240802,12,02128,1
20240802,12,02129,2
20240802,12,02148,2
20240802,12,02171,2
20240802,12,02172,1
20240802,12,02179,3
20240802,12,02185,1
20240802,12,02198,1
20240802,12,02199,2
20240802,12,03310,1
20240802,12,03311,2
20240802,12,03802,1
20240802,13,02122,1
20240802,13,02139,2
20240802,13,02148,4
20240802,13,02159,2
20240802,13,02172,1
20240802,13,02186,1
20240802,13,02198,1
20240802,13,02199,1
20240802,13,03310,1
20240802,13,03311,2
20240802,13,03802,1
20240802,14,02111,5
20240802,14,02112,1
20240802,14,02128,2
20240802,14,02129,2
20240802,14,02143,1
20240802,14,02148,1
20240802,14,02171,4
20240802,14,02172,2
20240802,14,02178,1
20240802,14,02179,2
20240802,14,02198,3
20240802,14,03310,1
20240802,14,03311,2
20240802,14,03802,3
20240802,15,02112,1
20240802,15,02116,1
20240802,15,02128,1
20240802,15,02159,1
20240802,15,02171,5
20240802,15,02179,2
20240802,15,02185,2
20240802,15,02199,1
20240802,15,03310,1
20240802,15,03311,1
20240802,16,02112,2
20240802,16,02116,1
20240802,16,02129,1
20240802,16,02130,1
20240802,16,02148,2
20240802,16,02171,5
20240802,16,02172,4
20240802,16,02178,1
20240802,16,02179,1
20240802,16,02185,2
20240802,16,02191,4
20240802,16,02198,2
20240802,16,03310,4
20240802,16,03311,3
20240802,17,02111,5
20240802,17,02112,2
20240802,17,02116,2
20240802,17,02122,3
20240802,17,02128,2
20240802,17,02129,6
20240802,17,02148,5
20240802,17,02159,1
20240802,17,02171,2
20240802,17,02172,1
20240802,17,02178,2
20240802,17,02179,2
20240802,17,02185,1
20240802,17,02186,1
20240802,17,02191,1
20240802,17,02198,1
20240802,17,03311,4
20240802,17,03802,2
20240802,18,02111,2
20240802,18,02112,3
20240802,18,02116,2
20240802,18,02122,2
20240802,18,02128,1
20240802,18,02129,4
20240802,18,02130,2
20240802,18,02139,2
20240802,18,02143,2
20240802,18,02148,4
20240802,18,02171,7
20240802,18,02172,6
20240802,18,02178,2
20240802,18,02179,6
20240802,18,02186,1
20240802,18,02198,1
20240802,18,02199,1
20240802,18,03310,1
20240802,18,03311,10
20240802,18,03802,1
20240802,19,02111,3
20240802,19,02112,5
20240802,19,02116,2
20240802,19,02128,4
20240802,19,02139,1
20240802,19,02143,1
20240802,19,02148,6
20240802,19,02159,1
20240802,19,02171,2
20240802,19,02172,4
20240802,19,02179,4
20240802,19,02185,1
20240802,19,02186,2
20240802,19,02191,2
20240802,19,02198,1
20240802,19,03310,1
20240802,19,03311,1
20240802,19,03802,3
20240802,2,02112,1
20240802,2,02198,1
20240802,2,03311,1
20240802,20,02111,6
20240802,20,02112,2
20240802,20,02122,3
20240802,20,02128,1
20240802,20,02139,2
20240802,20,02143,1
20240802,20,02148,1
20240802,20,02159,4
20240802,20,02171,8
20240802,20,02172,1
20240802,20,02178,1
20240802,20,02179,5
20240802,20,02185,4
20240802,20,02186,3
20240802,20,02191,1
20240802,20,02198,3
20240802,20,02199,1
20240802,20,03311,3
20240802,20,03802,4
20240802,21,02111,4
20240802,21,02116,1
20240802,21,02122,1
20240802,21,02128,1
20240802,21,02130,1
20240802,21,02139,3
20240802,21,02143,1
20240802,21,02171,2
20240802,21,02172,1
20240802,21,02178,1
20240802,21,02185,4
20240802,21,02186,1
20240802,21,02199,1
20240802,21,03310,1
20240802,21,03311,4
20240802,21,03802,5
20240802,22,02111,2
20240802,22,02112,2
20240802,22,02116,4
20240802,22,02122,3
20240802,22,02139,3
20240802,22,02159,1
20240802,22,02171,2
20240802,22,02178,3
20240802,22,02179,2
20240802,22,02185,1
20240802,22,02186,1
20240802,22,02191,1
20240802,22,03311,1
20240802,22,03802,2
20240802,23,02111,1
20240802,23,02112,6
20240802,23,02116,1
20240802,23,02122,3
20240802,23,02128,2
20240802,23,02139,2
20240802,23,02143,1
20240802,23,02148,3
20240802,23,02171,3
20240802,23,02178,1
20240802,23,02179,1
20240802,23,02185,1
20240802,23,02191,2
20240802,23,02198,2
20240802,23,03311,4
20240802,3,02111,5
20240802,3,02112,2
20240802,3,02128,1
20240802,3,02143,1
20240802,3,02171,1
20240802,3,02179,1
20240802,4,02171,2
20240802,4,02185,2
20240802,4,02186,1
20240802,4,02191,1
20240802,5,02111,2
20240802,5,02112,1
20240802,5,02116,1
20240802,5,02122,2
20240802,5,02139,1
20240802,5,02148,2
20240802,5,02172,1
20240802,5,02179,2
20240802,5,02185,1
20240802,5,03310,2
20240802,6,02111,1
20240802,6,02122,2
20240802,6,02128,1
20240802,6,02143,1
20240802,6,02148,2
20240802,6,02171,1
20240802,6,02185,1
20240802,6,02191,3
20240802,6,03310,1
20240802,6,03802,2
20240802,7,02111,1
20240802,7,02112,1
20240802,7,02116,2
20240802,7,02128,1
20240802,7,02139,2
20240802,7,02159,1
20240802,7,02171,2
20240802,7,02178,1
20240802,7,02179,2
20240802,7,02186,5
20240802,7,02191,4
20240802,7,02198,3
20240802,7,03310,2
20240802,7,03802,10
20240802,8,02111,2
20240802,8,02112,4
20240802,8,02128,1
20240802,8,02129,1
20240802,8,02130,1
20240802,8,02139,3
20240802,8,02143,2
20240802,8,02148,1
20240802,8,02159,1
20240802,8,02171,3
20240802,8,02179,2
20240802,8,02185,1
20240802,8,02186,2
20240802,8,02191,4
20240802,8,02198,3
20240802,8,03310,1
20240802,8,03311,1
20240802,8,03802,6
20240802,9,02112,1
20240802,9,02122,1
20240802,9,02128,3
20240802,9,02139,1
20240802,9,02148,3
20240802,9,02171,3
20240802,9,02179,1
20240802,9,02186,1
20240802,9,02191,1
20240802,9,02198,4
20240802,9,03310,1
20240802,9,03802,3
20240803,0,02111,4
20240803,0,02112,3
20240803,0,02116,1
20240803,0,02122,1
20240803,0,02139,1
20240803,0,02148,4
20240803,0,02171,2
20240803,0,02178,1
20240803,0,02179,2
20240803,0,02185,2
20240803,0,02191,1
20240803,0,03311,1
20240803,1,02111,3
20240803,1,02112,3
20240803,1,02128,2
20240803,1,02143,1
20240803,1,02179,1
20240803,1,02186,1
20240803,1,02198,2
20240803,1,03311,1
20240803,10,02111,2
20240803,10,02122,1
20240803,10,02128,2
20240803,10,02129,3
20240803,10,02143,1
20240803,10,02148,2
20240803,10,02171,2
20240803,10,02172,1
20240803,10,02186,1
20240803,10,02191,2
20240803,10,02198,1
20240803,10,03311,2
20240803,10,03802,1
20240803,11,02111,2
20240803,11,02112,5
20240803,11,02116,1
20240803,11,02122,2
20240803,11,02129,1
20240803,11,02143,1
20240803,11,02171,1
20240803,11,02178,1
20240803,11,02179,1
20240803,11,02185,1
20240803,11,02191,1
20240803,11,02198,2
20240803,11,03310,2
20240803,11,03311,3
20240803,11,03802,5
20240803,12,02112,2
20240803,12,02116,1
20240803,12,02128,1
20240803,12,02139,1
20240803,12,02143,2
20240803,12,02148,4
20240803,12,02159,1
20240803,12,02171,3
20240803,12,02172,4
20240803,12,02191,1
20240803,12,02198,1
20240803,12,03310,3
20240803,12,03802,2
20240803,13,02111,3
20240803,13,02112,1
20240803,13,02122,6
20240803,13,02128,3
20240803,13,02129,1
20240803,13,02139,1
20240803,13,02143,2
20240803,13,02148,5
20240803,13,02172,3
20240803,13,02179,1
20240803,13,02185,1
20240803,13,02191,1
20240803,13,02198,1
20240803,13,02199,2
20240803,13,03310,1
20240803,13,03311,2
20240803,14,02111,4
20240803,14,02112,1
20240803,14,02116,3
20240803,14,02128,2
20240803,14,02139,1
20240803,14,02148,3
20240803,14,02171,2
20240803,14,02172,1
20240803,14,02179,4
20240803,14,02185,3
20240803,14,02186,1
20240803,14,02191,2
20240803,14,02198,1
20240803,14,03310,2
20240803,14,03311,2
20240803,14,03802,1
20240803,15,02111,2
20240803,15,02112,4
20240803,15,02122,3
20240803,15,02128,1
20240803,15,02139,3
20240803,15,02148,2
20240803,15,02159,1
20240803,15,02171,1
20240803,15,02172,3
20240803,15,02178,2
20240803,15,02185,2
20240803,15,02186,3
20240803,15,02191,1
20240803,15,02198,1
20240803,15,02199,1
20240803,15,03311,1
20240803,16,02111,4
20240803,16,02112,2
20240803,16,02122,5
20240803,16,02128,3
20240803,16,02148,1
20240803,16,02171,1
20240803,16,02172,5
20240803,16,02178,4
20240803,16,02185,1
20240803,16,02198,1
20240803,16,03310,1
20240803,16,03311,4
20240803,17,02111,2
20240803,17,02112,1
20240803,17,02116,1
20240803,17,02122,2
20240803,17,02129,1
20240803,17,02139,2
20240803,17,02143,1
20240803,17,02148,4
20240803,17,02171,2
20240803,17,02172,6
20240803,17,02178,2
20240803,17,02179,3
20240803,17,02185,1
20240803,17,02186,1
20240803,17,02191,1
20240803,17,02198,1
20240803,17,03310,1
20240803,17,03311,3
20240803,17,03802,2
20240803,18,02111,3
20240803,18,02129,2
20240803,18,02143,2
20240803,18,02148,2
20240803,18,02159,1
20240803,18,02171,4
20240803,18,02172,4
20240803,18,02178,2
20240803,18,02179,5
20240803,18,02185,2
20240803,18,02198,2
20240803,18,03310,1
20240803,18,03311,1
20240803,18,03802,3
20240803,19,02111,1
20240803,19,02112,3
20240803,19,02116,1
20240803,19,02122,3
20240803,19,02128,3
20240803,19,02129,3
20240803,19,02139,2
20240803,19,02148,1
20240803,19,02171,2
20240803,19,02172,3
20240803,19,02178,3
20240803,19,02179,1
20240803,19,02185,1
20240803,19,02191,7
20240803,19,02198,2
20240803,19,03311,4
20240803,19,03802,1
20240803,2,02111,4
20240803,2,02112,2
20240803,2,02143,1
20240803,2,02148,2
20240803,2,02159,1
20240803,2,02171,1
20240803,2,02186,1
20240803,2,02198,2
20240803,20,02111,2
20240803,20,02116,1
20240803,20,02122,4
20240803,20,02128,2
20240803,20,02139,1
20240803,20,02148,2
20240803,20,02159,1
20240803,20,02171,5
20240803,20,02172,2
20240803,20,02178,4
20240803,20,02179,2
20240803,20,02186,2
20240803,20,02191,1
20240803,20,02198,3
20240803,20,02199,1
20240803,20,03311,2
20240803,20,03802,2
20240803,21,02111,6
20240803,21,02112,2
20240803,21,02122,5
20240803,21,02128,1
20240803,21,02139,3
20240803,21,02143,2
20240803,21,02171,4
20240803,21,02172,3
20240803,21,02178,2
20240803,21,02179,1
20240803,21,02185,3
20240803,21,02186,1
20240803,21,02191,4
20240803,21,02199,1
20240803,21,03311,8
20240803,21,03802,2
20240803,22,02111,3
20240803,22,02112,3
20240803,22,02128,1
20240803,22,02148,2
20240803,22,02159,1
20240803,22,02178,2
20240803,22,02179,2
20240803,22,02185,2
20240803,22,02191,1
20240803,22,02198,2
20240803,22,03802,2
20240803,23,02111,4
20240803,23,02128,3
20240803,23,02139,1
20240803,23,02148,1
20240803,23,02171,1
20240803,23,02172,1
20240803,23,02178,2
20240803,23,02179,5
20240803,23,02185,1
20240803,23,02191,1
20240803,23,02198,1
20240803,23,03311,2
20240803,3,02111,1
20240803,3,02139,1
20240803,3,02143,1
20240803,3,02179,3
20240803,3,02185,2
20240803,4,02111,1
20240803,4,02159,1
20240803,4,02185,1
20240803,5,02122,1
20240803,5,02128,1
20240803,5,02139,1
20240803,5,02148,1
20240803,5,02179,1
20240803,5,02186,1
20240803,5,03310,2
20240803,6,02111,1
20240803,6,02112,1
20240803,6,02122,1
20240803,6,02129,1
20240803,6,02148,1
20240803,6,02185,1
20240803,6,02191,1
20240803,7,02116,1
20240803,7,02172,1
20240803,7,02185,3
20240803,7,02186,1
20240803,7,02191,1
20240803,7,02198,1
20240803,7,03802,1
20240803,8,02111,1
20240803,8,02112,1
20240803,8,02139,1
20240803,8,02148,1
20240803,8,02159,2
20240803,8,02171,3
20240803,8,02172,2
20240803,8,02178,1
20240803,8,02185,1
20240803,8,02191,3
20240803,8,02198,1
20240803,8,03310,2
20240803,8,03311,1
20240803,8,03802,2
20240803,9,02111,2
20240803,9,02116,2
20240803,9,02128,1
20240803,9,02139,2
20240803,9,02148,3
20240803,9,02159,2
20240803,9,02185,2
20240803,9,02186,4
20240803,9,02191,3
20240803,9,03310,3
20240803,9,03311,1
20240804,0,02111,3
20240804,0,02112,2
20240804,0,02116,1
20240804,0,02128,2
20240804,0,02139,2
20240804,0,02148,2
20240804,0,02171,6
20240804,0,02172,2
20240804,0,02179,1
20240804,0,02185,2
20240804,0,02186,1
20240804,0,02191,1
20240804,0,02198,3
20240804,0,03311,2
20240804,0,03802,1
20240804,1,02111,1
20240804,1,02112,3
20240804,1,02139,2
20240804,1,02143,1
20240804,1,02148,1
20240804,1,02171,3
20240804,1,02179,1
20240804,1,02198,1
20240804,1,03311,1
20240804,10,02116,1
20240804,10,02128,1
20240804,10,02139,2
20240804,10,02143,2
20240804,10,02171,1
20240804,10,02172,3
20240804,10,02179,1
20240804,10,02185,1
20240804,10,02191,3
20240804,10,03311,1
20240804,11,02111,1
20240804,11,02122,2
20240804,11,02128,1
20240804,11,02129,1
20240804,11,02148,3
20240804,11,02171,2
20240804,11,02179,1
20240804,11,02191,1
20240804,11,02198,1
20240804,11,02199,1
20240804,11,03311,1
20240804,11,03802,1
20240804,12,02111,4
20240804,12,02112,1
20240804,12,02116,2
20240804,12,02130,1
20240804,12,02139,1
20240804,12,02159,2
20240804,12,02171,1
20240804,12,02179,2
20240804,12,02185,1
20240804,12,02191,1
20240804,12,03311,1
20240804,13,02111,1
20240804,13,02112,4
20240804,13,02122,2
20240804,13,02139,1
20240804,13,02159,1
20240804,13,02171,1
20240804,13,02172,2
20240804,13,02178,1
20240804,13,02179,5
20240804,13,02185,1
20240804,13,02186,2
20240804,13,02191,1
20240804,13,02199,1
20240804,13,03311,1
20240804,13,03802,1
20240804,14,02111,1
20240804,14,02112,1
20240804,14,02116,1
20240804,14,02128,3
20240804,14,02143,1
20240804,14,02148,1
20240804,14,02171,3
20240804,14,02172,1
20240804,14,02178,1
20240804,14,02179,2
20240804,14,02185,1
20240804,14,02186,1
20240804,14,02198,2
20240804,14,02199,1
20240804,14,03311,2
20240804,14,03802,2
20240804,15,02111,1
20240804,15,02112,2
20240804,15,02122,1
20240804,15,02128,2
20240804,15,02143,1
20240804,15,02148,1
20240804,15,02171,3
20240804,15,02178,1
20240804,15,02185,1
20240804,15,02186,1
20240804,15,03311,1
20240804,16,02111,2
20240804,16,02112,1
20240804,16,02122,2
20240804,16,02129,1
20240804,16,02139,1
20240804,16,02143,1
20240804,16,02159,1
20240804,16,02172,1
20240804,16,02178,1
20240804,16,02179,1
20240804,16,02185,1
20240804,16,02191,2
20240804,16,03311,2
20240804,17,02111,1
20240804,17,02112,1
20240804,17,02116,1
20240804,17,02122,1
20240804,17,02128,1
20240804,17,02129,1
20240804,17,02139,2
20240804,17,02148,1
20240804,17,02171,5
20240804,17,02172,5
20240804,17,02179,1
20240804,17,02185,1
20240804,17,02198,2
20240804,17,03311,2
20240804,18,02111,2
20240804,18,02112,3
20240804,18,02116,1
20240804,18,02122,1
20240804,18,02130,1
20240804,18,02159,3
20240804,18,02171,2
20240804,18,02172,3
20240804,18,02178,1
20240804,18,02179,2
20240804,18,02185,2
20240804,18,02191,1
20240804,18,02199,1
20240804,18,03311,1
20240804,19,02111,3
20240804,19,02112,1
20240804,19,02122,1
20240804,19,02128,3
20240804,19,02129,1
20240804,19,02139,2
20240804,19,02171,1
20240804,19,02172,1
20240804,19,02179,6
20240804,19,02185,3
20240804,19,02186,1
20240804,19,02191,1
20240804,19,02198,2
20240804,19,02199,1
20240804,19,03311,3
20240804,2,02111,3
20240804,2,02112,2
20240804,2,02122,1
20240804,2,02128,1
20240804,2,02143,1
20240804,2,02159,1
20240804,2,02171,2
20240804,2,02185,1
20240804,2,02186,1
20240804,2,02191,1
20240804,2,02198,2
20240804,20,02111,4
20240804,20,02112,2
20240804,20,02116,1
20240804,20,02122,3
20240804,20,02128,3
20240804,20,02139,1
20240804,20,02148,3
20240804,20,02171,2
20240804,20,02179,2
20240804,20,02185,3
20240804,20,02186,1
20240804,20,02191,1
20240804,20,02198,3
20240804,20,03311,1
20240804,21,02111,6
20240804,21,02112,1
20240804,21,02116,1
20240804,21,02122,2
20240804,21,02128,1
20240804,21,02139,3
20240804,21,02143,2
20240804,21,02148,1
20240804,21,02171,5
20240804,21,02178,2
20240804,21,02179,1
20240804,21,02191,1
20240804,21,02198,2
20240804,21,02199,1
20240804,21,03311,1
20240804,22,02111,3
20240804,22,02112,2
20240804,22,02128,2
20240804,22,02130,1
20240804,22,02139,2
20240804,22,02143,1
20240804,22,02148,2
20240804,22,02159,1
20240804,22,02172,1
20240804,22,02178,2
20240804,22,02179,3
20240804,22,02185,4
20240804,22,02186,2
20240804,22,02191,1
20240804,22,02198,5
20240804,23,02112,1
20240804,23,02116,1
20240804,23,02122,1
20240804,23,02128,2
20240804,23,02143,2
20240804,23,02148,4
20240804,23,02171,1
20240804,23,02172,1
20240804,23,02178,3
20240804,23,02179,1
20240804,23,02185,2
20240804,23,02186,1
20240804,23,02191,3
20240804,23,02198,1
20240804,23,02199,1
20240804,23,03311,1
20240804,3,02111,1
20240804,3,02143,1
20240804,3,02179,1
20240804,3,02191,1
20240804,4,02111,1
20240804,4,02139,1
20240804,4,02171,1
20240804,5,02122,1
20240804,5,02139,1
20240804,5,02171,1
20240804,6,02112,1
20240804,6,02171,1
20240804,6,02185,1
20240804,6,02186,1
20240804,6,02191,1
20240804,7,02116,1
20240804,7,02159,2
20240804,7,02179,1
20240804,7,02185,1
20240804,7,02191,1
20240804,7,03311,1
20240804,8,02112,1
20240804,8,02122,1
20240804,8,02128,1
20240804,8,02129,1
20240804,8,02130,1
20240804,8,02191,1
20240804,8,02198,2
20240804,9,02128,1
20240804,9,02129,1
20240804,9,02130,1
20240804,9,02139,3
20240804,9,02143,1
20240804,9,02171,1
20240804,9,02172,2
20240804,9,02185,1
20240804,9,02186,1
20240804,9,02191,3
20240804,9,02198,2
20240804,9,03311,2
20240805,0,02111,2
20240805,0,02112,2
20240805,0,02122,1
20240805,0,02128,1
20240805,0,02148,1
20240805,0,02171,3
20240805,0,02179,3
20240805,0,02185,3
20240805,0,02186,3
20240805,0,02191,2
20240805,0,02198,1
20240805,0,03311,4
20240805,1,02111,3
20240805,1,02112,1
20240805,1,02122,1
20240805,1,02128,1
20240805,1,02130,1
20240805,1,02139,2
20240805,1,02179,2
20240805,1,02191,2
20240805,1,02198,3
20240805,1,02199,2
20240805,1,03311,2
20240805,10,02111,1
20240805,10,02112,1
20240805,10,02122,1
20240805,10,02128,2
20240805,10,02143,1
20240805,10,02171,3
20240805,10,02179,1
20240805,10,02186,3
20240805,10,02191,2
20240805,10,02198,2
20240805,10,03311,1
20240805,10,03802,1
20240805,11,02111,1
20240805,11,02116,3
20240805,11,02122,2
20240805,11,02128,1
20240805,11,02130,1
20240805,11,02139,1
20240805,11,02148,2
20240805,11,02159,1
20240805,11,02171,1
20240805,11,02172,1
20240805,11,02178,1
20240805,11,02179,1
20240805,11,02191,1
20240805,11,02198,1
20240805,11,03311,1
20240805,11,03802,1
20240805,12,02111,2
20240805,12,02112,1
20240805,12,02116,2
20240805,12,02122,2
20240805,12,02128,1
20240805,12,02143,1
20240805,12,02148,3
20240805,12,02172,1
20240805,12,02179,2
20240805,12,02185,1
20240805,12,02191,1
20240805,12,02198,4
20240805,12,03311,1
20240805,12,03802,2
20240805,13,02111,1
20240805,13,02112,1
20240805,13,02116,1
20240805,13,02122,1
20240805,13,02143,1
20240805,13,02148,1
20240805,13,02172,1
20240805,13,02185,1
20240805,13,02186,1
20240805,13,02191,1
20240805,13,02198,2
20240805,13,03311,1
20240805,13,03802,1
20240805,14,02111,3
20240805,14,02116,1
20240805,14,02128,1
20240805,14,02130,1
20240805,14,02139,1
20240805,14,02143,1
20240805,14,02159,1
20240805,14,02171,2
20240805,14,02172,2
20240805,14,02185,1
20240805,14,02198,2
20240805,14,03311,2
20240805,15,02116,1
20240805,15,02122,1
20240805,15,02129,2
20240805,15,02139,1
20240805,15,02148,1
20240805,15,02172,2
20240805,15,02178,1
20240805,15,02191,1
20240805,15,02198,2
20240805,16,02111,1
20240805,16,02130,1
20240805,16,02139,2
20240805,16,02148,1
20240805,16,02171,1
20240805,16,02172,2
20240805,16,02178,2
20240805,16,02191,3
20240805,16,03311,1
20240805,17,02111,3
20240805,17,02122,2
20240805,17,02130,3
20240805,17,02139,1
20240805,17,02148,2
20240805,17,02171,3
20240805,17,02172,1
20240805,17,02178,4
20240805,17,02179,1
20240805,17,02185,2
20240805,17,02191,1
20240805,17,02198,2
20240805,17,02199,2
20240805,17,03311,2
20240805,18,02111,5
20240805,18,02116,1
20240805,18,02129,3
20240805,18,02130,4
20240805,18,02139,4
20240805,18,02143,4
20240805,18,02148,6
20240805,18,02171,5
20240805,18,02172,1
20240805,18,02178,2
20240805,18,02179,3
20240805,18,02185,2
20240805,18,02198,1
20240805,18,03311,9
20240805,18,03802,1
20240805,19,02111,1
20240805,19,02112,2
20240805,19,02116,1
20240805,19,02122,2
20240805,19,02128,3
20240805,19,02130,1
20240805,19,02143,2
20240805,19,02148,3
20240805,19,02159,1
20240805,19,02171,5
20240805,19,02178,1
20240805,19,02179,2
20240805,19,02185,2
20240805,19,02186,2
20240805,19,02191,3
20240805,19,02198,2
20240805,19,03311,4
20240805,19,03802,1
20240805,2,02122,1
20240805,2,02148,1
20240805,2,02159,1
20240805,2,02171,1
20240805,2,02179,2
20240805,20,02111,9
20240805,20,02112,1
20240805,20,02116,3
20240805,20,02122,4
20240805,20,02128,1
20240805,20,02139,1
20240805,20,02143,1
20240805,20,02148,2
20240805,20,02159,2
20240805,20,02171,4
20240805,20,02172,1
20240805,20,02178,4
20240805,20,02179,1
20240805,20,02186,1
20240805,20,02191,2
20240805,20,02198,1
20240805,20,03310,2
20240805,20,03311,1
20240805,20,03802,5
20240805,21,02111,2
20240805,21,02112,1
20240805,21,02116,4
20240805,21,02122,2
20240805,21,02128,5
20240805,21,02129,1
20240805,21,02130,2
20240805,21,02139,3
20240805,21,02143,2
20240805,21,02148,2
20240805,21,02159,1
20240805,21,02171,5
20240805,21,02179,3
20240805,21,02185,3
20240805,21,02186,2
20240805,21,02191,1
20240805,21,02198,1
20240805,21,03311,1
20240805,21,03802,7
20240805,22,02111,2
20240805,22,02112,1
20240805,22,02122,1
20240805,22,02129,1
20240805,22,02148,2
20240805,22,02171,5
20240805,22,02178,3
20240805,22,02179,4
20240805,22,02185,1
20240805,22,02186,2
20240805,22,02191,4
20240805,22,02198,2
20240805,22,02199,1
20240805,22,03310,1
20240805,22,03311,1
20240805,22,03802,2
20240805,23,02111,1
20240805,23,02179,1
20240805,23,02191,1
20240805,3,02171,1
20240805,3,02178,1
20240805,3,02191,1
20240805,4,02171,1
20240805,4,02185,1
20240805,4,02191,1
20240805,5,02111,1
20240805,5,02112,1
20240805,5,02129,1
20240805,5,02139,1
20240805,5,02148,2
20240805,5,02179,2
20240805,5,02186,1
20240805,5,02198,1
20240805,6,02116,2
20240805,6,02129,1
20240805,6,02148,2
20240805,6,02171,1
20240805,6,02179,1
20240805,6,02185,1
20240805,6,02186,1
20240805,6,02198,1
20240805,6,03310,1
20240805,6,03802,2
20240805,7,02111,1
20240805,7,02116,1
20240805,7,02139,2
20240805,7,02143,1
20240805,7,02148,3
20240805,7,02159,1
20240805,7,02171,2
20240805,7,02178,1
20240805,7,02179,1
20240805,7,02186,2
20240805,7,02191,3
20240805,7,02198,1
20240805,7,03311,1
20240805,7,03802,10
20240805,8,02111,2
20240805,8,02139,4
20240805,8,02143,1
20240805,8,02148,3
20240805,8,02159,1
20240805,8,02171,3
20240805,8,02172,2
20240805,8,02179,2
20240805,8,02185,1
20240805,8,02186,1
20240805,8,02191,2
20240805,8,02198,4
20240805,8,03802,5
20240805,9,02111,1
20240805,9,02116,1
20240805,9,02122,1
20240805,9,02128,1
20240805,9,02129,1
20240805,9,02130,1
20240805,9,02139,3
20240805,9,02143,1
20240805,9,02148,2
20240805,9,02159,1
20240805,9,02171,1
20240805,9,02172,1
20240805,9,02185,1
20240805,9,02191,1
20240805,9,02198,2
20240805,9,03802,3
20240806,0,02148,1
20240806,0,02171,1
20240806,0,02179,3
20240806,0,02186,1
20240806,0,02191,2
20240806,0,03311,2
20240806,1,02111,3
20240806,1,02116,1
20240806,1,02122,1
20240806,1,02171,1
20240806,1,02179,3
20240806,1,02185,3
20240806,1,02191,3
20240806,1,03311,1
20240806,10,02111,1
20240806,10,02128,1
20240806,10,02129,1
20240806,10,02159,1
20240806,10,02171,1
20240806,10,02172,1
20240806,10,02178,1
20240806,10,02179,3
20240806,10,02186,1
20240806,10,02191,1
20240806,10,03311,1
20240806,11,02116,1
20240806,11,02143,1
20240806,11,02148,3
20240806,11,02159,1
20240806,11,02171,4
20240806,11,02172,2
20240806,11,02179,2
20240806,11,02186,2
20240806,11,02198,3
20240806,11,03311,1
20240806,11,03802,1
20240806,12,02111,1
20240806,12,02116,1
20240806,12,02122,2
20240806,12,02128,3
20240806,12,02139,1
20240806,12,02143,2
20240806,12,02171,2
20240806,12,02172,2
20240806,12,02178,1
20240806,12,02179,1
20240806,12,02185,1
20240806,12,02191,1
20240806,12,02198,3
20240806,12,03311,3
20240806,13,02122,1
20240806,13,02148,2
20240806,13,02186,1
20240806,13,02198,1
20240806,13,03311,3
20240806,14,02111,3
20240806,14,02116,2
20240806,14,02148,1
20240806,14,02172,1
20240806,14,02179,1
20240806,14,02185,1
20240806,14,02191,1
20240806,14,02198,1
20240806,15,02112,1
20240806,15,02122,2
20240806,15,02128,1
20240806,15,02143,1
20240806,15,02148,2
20240806,15,02172,1
20240806,15,02179,2
20240806,15,02198,3
20240806,15,03311,1
20240806,16,02111,4
20240806,16,02128,1
20240806,16,02130,2
20240806,16,02139,1
20240806,16,02148,3
20240806,16,02171,2
20240806,16,02172,4
20240806,16,02178,3
20240806,16,02179,5
20240806,16,02185,1
20240806,16,02198,1
20240806,16,03311,5
20240806,17,02111,1
20240806,17,02112,1
20240806,17,02116,1
20240806,17,02129,1
20240806,17,02130,1
20240806,17,02148,4
20240806,17,02171,4
20240806,17,02172,2
20240806,17,02178,2
20240806,17,02179,2
20240806,17,02185,1
20240806,17,02191,1
20240806,17,02199,1
20240806,17,03311,2
20240806,17,03802,1
20240806,18,02111,3
20240806,18,02116,2
20240806,18,02122,3
20240806,18,02128,1
20240806,18,02129,1
20240806,18,02130,1
20240806,18,02139,6
20240806,18,02143,1
20240806,18,02148,9
20240806,18,02171,4
20240806,18,02172,3
20240806,18,02178,4
20240806,18,02179,4
20240806,18,02185,3
20240806,18,02186,1
20240806,18,02191,2
20240806,18,03311,6
20240806,18,03802,1
20240806,19,02111,4
20240806,19,02112,5
20240806,19,02116,1
20240806,19,02122,3
20240806,19,02128,1
20240806,19,02129,2
20240806,19,02139,3
20240806,19,02148,1
20240806,19,02171,5
20240806,19,02172,4
20240806,19,02178,2
20240806,19,02179,4
20240806,19,02185,3
20240806,19,02186,2
20240806,19,02191,2
20240806,19,02198,2
20240806,19,03310,1
20240806,19,03311,6
20240806,19,03802,3
20240806,2,02112,2
20240806,2,02128,1
20240806,2,02172,2
20240806,2,02185,2
20240806,2,03311,1
20240806,20,02111,3
20240806,20,02112,1
20240806,20,02122,1
20240806,20,02129,4
20240806,20,02139,1
20240806,20,02143,2
20240806,20,02148,2
20240806,20,02159,3
20240806,20,02171,7
20240806,20,02172,2
20240806,20,02179,5
20240806,20,02185,4
20240806,20,02186,2
20240806,20,02191,3
20240806,20,02198,3
20240806,20,02199,1
20240806,20,03310,1
20240806,20,03311,3
20240806,20,03802,6
20240806,21,02111,2
20240806,21,02112,4
20240806,21,02116,1
20240806,21,02122,1
20240806,21,02128,3
20240806,21,02139,1
20240806,21,02143,1
20240806,21,02171,6
20240806,21,02172,1
20240806,21,02178,2
20240806,21,02179,1
20240806,21,02185,1
20240806,21,02186,2
20240806,21,02191,1
20240806,21,02198,4
20240806,21,03311,3
20240806,21,03802,6
20240806,22,02111,4
20240806,22,02112,2
20240806,22,02116,3
20240806,22,02122,1
20240806,22,02128,1
20240806,22,02143,1
20240806,22,02148,2
20240806,22,02159,1
20240806,22,02171,2
20240806,22,02179,4
20240806,22,02185,1
20240806,22,02186,1
20240806,22,02191,1
20240806,22,02198,2
20240806,22,03311,5
20240806,22,03802,4
20240806,23,02111,2
20240806,23,02112,1
20240806,23,02116,2
20240806,23,02128,3
20240806,23,02129,2
20240806,23,02139,1
20240806,23,02148,1
20240806,23,02171,1
20240806,23,02172,1
20240806,23,02178,1
20240806,23,02179,4
20240806,23,02186,3
20240806,23,02191,2
20240806,23,02199,1
20240806,23,03311,3
20240806,3,02112,1
20240806,3,02171,2
20240806,3,02179,1
20240806,3,02185,1
20240806,3,03310,1
20240806,4,02171,1
20240806,5,02112,1
20240806,5,02122,2
20240806,5,02128,1
20240806,5,02139,1
20240806,5,02148,2
20240806,5,02179,1
20240806,5,02185,1
20240806,5,02186,4
20240806,5,02191,1
20240806,5,02198,2
20240806,5,03310,1
20240806,5,03311,1
20240806,6,02111,3
20240806,6,02116,1
20240806,6,02128,1
20240806,6,02148,1
20240806,6,02171,2
20240806,6,02191,2
20240806,6,03310,1
20240806,6,03802,1
20240806,7,02111,2
20240806,7,02112,2
20240806,7,02122,1
20240806,7,02128,1
20240806,7,02139,4
20240806,7,02148,2
20240806,7,02159,2
20240806,7,02171,3
20240806,7,02172,1
20240806,7,02179,3
20240806,7,02185,3
20240806,7,02186,2
20240806,7,02191,1
20240806,7,02198,2
20240806,7,03310,4
20240806,7,03802,8
20240806,8,02139,3
20240806,8,02148,2
20240806,8,02159,1
20240806,8,02179,1
20240806,8,02185,2
20240806,8,02191,1
20240806,8,02198,2
20240806,8,03310,4
20240806,8,03802,3
20240806,9,02111,1
20240806,9,02128,1
20240806,9,02139,1
20240806,9,02148,2
20240806,9,02159,1
20240806,9,02171,1
20240806,9,02179,2
20240806,9,02185,1
20240806,9,02186,1
20240806,9,02198,1
20240806,9,03310,2
20240806,9,03802,3
20240807,0,02111,6
20240807,0,02112,2
20240807,0,02116,3
20240807,0,02128,1
20240807,0,02129,4
20240807,0,02139,3
20240807,0,02148,1
20240807,0,02171,2
20240807,0,02178,1
20240807,0,02179,3
20240807,0,02185,1
20240807,0,02198,1
20240807,0,03310,2
20240807,0,03311,1
20240807,1,02111,1
20240807,1,02112,2
20240807,1,02116,1
20240807,1,02129,1
20240807,1,02148,1
20240807,1,02171,4
20240807,1,02179,1
20240807,1,02191,1
20240807,1,02198,1
20240807,1,03310,1
20240807,1,03311,1
20240807,10,02112,1
20240807,10,02179,1
20240807,10,02185,1
20240807,10,03311,1
20240807,10,03802,3
20240807,11,02111,2
20240807,11,02112,2
20240807,11,02116,1
20240807,11,02128,1
20240807,11,02129,1
20240807,11,02143,1
20240807,11,02159,2
20240807,11,02178,1
20240807,11,02185,1
20240807,11,02191,1
20240807,11,03311,1
20240807,11,03802,1
20240807,12,02111,1
20240807,12,02112,1
20240807,12,02116,1
20240807,12,02122,2
20240807,12,02139,2
20240807,12,02148,1
20240807,12,02171,1
20240807,12,02172,1
20240807,12,02178,1
20240807,12,02179,3
20240807,12,02185,2
20240807,12,02191,1
20240807,12,02198,3
20240807,12,03310,1
20240807,12,03802,1
20240807,13,02111,1
20240807,13,02112,1
20240807,13,02116,1
20240807,13,02128,1
20240807,13,02129,1
20240807,13,02148,2
20240807,13,02179,1
20240807,13,02185,2
20240807,13,02186,1
20240807,13,02191,1
20240807,13,02198,2
20240807,13,03311,5
20240807,13,03802,1
20240807,14,02111,1
20240807,14,02122,2
20240807,14,02129,1
20240807,14,02148,1
20240807,14,02171,1
20240807,14,02178,1
20240807,14,02191,1
20240807,14,02198,1
20240807,14,02199,1
20240807,14,03310,3
20240807,14,03311,1
20240807,15,02111,2
20240807,15,02112,1
20240807,15,02122,2
20240807,15,02128,1
20240807,15,02129,2
20240807,15,02130,1
20240807,15,02148,2
20240807,15,02159,1
20240807,15,02171,2
20240807,15,02178,1
20240807,15,02179,1
20240807,15,02185,1
20240807,15,02186,1
20240807,16,02111,1
20240807,16,02112,1
20240807,16,02128,2
20240807,16,02130,1
20240807,16,02148,4
20240807,16,02159,1
20240807,16,02171,1
20240807,16,02172,1
20240807,16,02178,2
20240807,16,02179,4
20240807,16,02185,1
20240807,16,02198,1
20240807,16,03310,1
20240807,16,03311,3
20240807,16,03802,1
20240807,17,02111,5
20240807,17,02116,3
20240807,17,02122,2
20240807,17,02129,1
20240807,17,02139,1
20240807,17,02148,4
20240807,17,02159,2
20240807,17,02171,3
20240807,17,02172,3
20240807,17,02179,1
20240807,17,02186,1
20240807,17,02191,2
20240807,17,02198,1
20240807,17,03311,4
20240807,18,02111,6
20240807,18,02112,2
20240807,18,02122,7
20240807,18,02128,1
20240807,18,02129,4
20240807,18,02130,1
20240807,18,02139,3
20240807,18,02143,1
20240807,18,02148,4
20240807,18,02171,8
20240807,18,02172,5
20240807,18,02178,4
20240807,18,02179,4
20240807,18,02198,3
20240807,18,03310,1
20240807,18,03311,4
20240807,18,03802,1
20240807,19,02111,2
20240807,19,02112,3
20240807,19,02116,1
20240807,19,02122,5
20240807,19,02128,2
20240807,19,02139,2
20240807,19,02143,1
20240807,19,02148,5
20240807,19,02171,4
20240807,19,02172,2
20240807,19,02178,1
20240807,19,02179,1
20240807,19,02185,2
20240807,19,02186,1
20240807,19,02191,2
20240807,19,02198,2
20240807,19,03311,4
20240807,19,03802,5
20240807,2,02111,2
20240807,2,02112,2
20240807,2,02139,2
20240807,2,02178,1
20240807,2,02179,1
20240807,2,02186,1
20240807,2,02191,1
20240807,2,02198,1
20240807,2,03311,1
20240807,20,02111,2
20240807,20,02112,4
20240807,20,02116,1
20240807,20,02122,3
20240807,20,02128,3
20240807,20,02129,2
20240807,20,02139,4
20240807,20,02148,2
20240807,20,02171,7
20240807,20,02172,3
20240807,20,02178,4
20240807,20,02179,5
20240807,20,02185,3
20240807,20,02186,2
20240807,20,02191,3
20240807,20,02199,1
20240807,20,03310,2
20240807,20,03311,5
20240807,20,03802,1
20240807,21,02111,5
20240807,21,02112,5
20240807,21,02116,4
20240807,21,02122,1
20240807,21,02128,1
20240807,21,02139,3
20240807,21,02143,1
20240807,21,02171,7
20240807,21,02178,1
20240807,21,02179,7
20240807,21,02185,2
20240807,21,02186,2
20240807,21,02191,3
20240807,21,02198,1
20240807,21,03310,1
20240807,21,03311,4
20240807,21,03802,6
20240807,22,02111,1
20240807,22,02112,1
20240807,22,02116,2
20240807,22,02128,1
20240807,22,02129,1
20240807,22,02139,1
20240807,22,02143,1
20240807,22,02148,1
20240807,22,02159,2
20240807,22,02171,1
20240807,22,02172,2
20240807,22,02178,4
20240807,22,02179,3
20240807,22,02185,1
20240807,22,02191,5
20240807,22,02198,2
20240807,22,03310,2
20240807,22,03311,7
20240807,22,03802,2
20240807,23,02111,3
20240807,23,02112,3
20240807,23,02128,2
20240807,23,02129,1
20240807,23,02171,3
20240807,23,02172,2
20240807,23,02179,3
20240807,23,02185,3
20240807,23,02191,3
20240807,23,02198,3
20240807,23,03311,2
20240807,3,02171,1
20240807,3,02179,1
20240807,3,02185,1
20240807,3,03310,1
20240807,4,02171,1
20240807,4,02191,1
20240807,5,02111,1
20240807,5,02122,2
20240807,5,02139,1
20240807,5,02148,2
20240807,5,02171,1
20240807,5,02185,1
20240807,6,02111,2
20240807,6,02112,3
20240807,6,02122,2
20240807,6,02139,1
20240807,6,02143,1
20240807,6,02148,3
20240807,6,02179,1
20240807,6,02191,2
20240807,6,02198,1
20240807,6,03310,1
20240807,6,03802,2
20240807,7,02111,3
20240807,7,02112,1
20240807,7,02122,1
20240807,7,02130,1
20240807,7,02139,4
20240807,7,02148,1
20240807,7,02171,2
20240807,7,02179,2
20240807,7,02185,2
20240807,7,02186,5
20240807,7,02191,1
20240807,7,02198,1
20240807,7,03310,3
20240807,7,03802,10
20240807,8,02111,3
20240807,8,02112,1
20240807,8,02128,1
20240807,8,02139,1
20240807,8,02143,1
20240807,8,02148,3
20240807,8,02159,1
20240807,8,02171,3
20240807,8,02172,1
20240807,8,02179,1
20240807,8,02185,4
20240807,8,02191,5
20240807,8,02198,4
20240807,8,03310,7
20240807,8,03802,4
20240807,9,02111,1
20240807,9,02128,3
20240807,9,02130,2
20240807,9,02139,1
20240807,9,02171,1
20240807,9,02179,1
20240807,9,02185,3
20240807,9,02191,1
20240807,9,02198,2
20240807,9,02199,1
20240807,9,03310,2
20240807,9,03802,3
20240808,0,02111,1
20240808,0,02112,1
20240808,0,02116,1
20240808,0,02122,2
20240808,0,02129,2
20240808,0,02139,2
20240808,0,02171,2
20240808,0,02185,2
20240808,0,02198,1
20240808,0,03311,1
20240808,1,02111,1
20240808,1,02112,1
20240808,1,02122,2
20240808,1,02171,2
20240808,1,02178,1
20240808,1,02179,2
20240808,1,02198,1
20240808,10,02111,2
20240808,10,02112,1
20240808,10,02116,1
20240808,10,02122,1
20240808,10,02128,3
20240808,10,02139,1
20240808,10,02143,1
20240808,10,02159,1
20240808,10,02171,1
20240808,10,02172,1
20240808,10,02178,1
20240808,10,02179,2
20240808,10,02186,1
20240808,10,02198,1
20240808,11,02111,2
20240808,11,02122,1
20240808,11,02129,1
20240808,11,02139,1
20240808,11,02148,1
20240808,11,02159,1
20240808,11,02171,3
20240808,11,02179,2
20240808,11,02191,2
20240808,11,03311,1
20240808,11,03802,2
20240808,12,02111,1
20240808,12,02122,1
20240808,12,02128,2
20240808,12,02148,3
20240808,12,02159,1
20240808,12,02171,1
20240808,12,02172,1
20240808,12,02179,2
20240808,12,02185,1
20240808,12,02191,1
20240808,12,02198,2
20240808,12,03311,2
20240808,12,03802,1
20240808,13,02111,2
20240808,13,02116,1
20240808,13,02129,1
20240808,13,02148,1
20240808,13,02159,1
20240808,13,02172,1
20240808,13,02185,1
20240808,13,02191,2
20240808,14,02111,3
20240808,14,02112,1
20240808,14,02116,2
20240808,14,02128,1
20240808,14,02129,2
20240808,14,02130,1
20240808,14,02148,1
20240808,14,02171,1
20240808,14,02172,1
20240808,14,02191,1
20240808,14,03311,1
20240808,14,03802,1
20240808,15,02111,2
20240808,15,02112,1
20240808,15,02116,1
20240808,15,02129,1
20240808,15,02139,1
20240808,15,02143,1
20240808,15,02148,1
20240808,15,02171,2
20240808,15,02172,1
20240808,15,02178,2
20240808,15,02179,3
20240808,15,02185,1
20240808,15,02191,1
20240808,15,03311,5
20240808,16,02111,2
20240808,16,02112,4
20240808,16,02122,1
20240808,16,02128,3
20240808,16,02130,1
20240808,16,02139,1
20240808,16,02159,1
20240808,16,02171,6
20240808,16,02172,3
20240808,16,02178,3
20240808,16,02179,1
20240808,16,02191,1
20240808,16,02198,2
20240808,16,03310,1
20240808,16,03311,3
20240808,17,02111,4
20240808,17,02112,1
20240808,17,02116,1
20240808,17,02122,3
20240808,17,02128,3
20240808,17,02129,4
20240808,17,02143,2
20240808,17,02148,4
20240808,17,02159,1
20240808,17,02171,4
20240808,17,02172,5
20240808,17,02178,1
20240808,17,02179,3
20240808,17,02185,2
20240808,17,02191,2
20240808,17,03311,4
20240808,18,02111,4
20240808,18,02122,1
20240808,18,02128,1
20240808,18,02129,2
20240808,18,02130,1
20240808,18,02139,2
20240808,18,02143,4
20240808,18,02148,7
20240808,18,02159,1
20240808,18,02171,7
20240808,18,02172,4
20240808,18,02178,3
20240808,18,02179,2
20240808,18,02185,2
20240808,18,02186,1
20240808,18,02191,2
20240808,18,02198,1
20240808,18,02199,2
20240808,18,03311,3
20240808,18,03802,1
20240808,19,02111,4
20240808,19,02112,2
20240808,19,02122,3
20240808,19,02128,1
20240808,19,02139,3
20240808,19,02143,1
20240808,19,02148,2
20240808,19,02171,6
20240808,19,02172,1
20240808,19,02178,3
20240808,19,02179,6
20240808,19,02185,2
20240808,19,02186,1
20240808,19,02191,1
20240808,19,02198,2
20240808,19,03311,2
20240808,2,02111,1
20240808,2,02122,3
20240808,2,02139,1
20240808,2,02143,1
20240808,2,02179,3
20240808,2,02198,1
20240808,2,03311,1
20240808,20,02111,4
20240808,20,02112,3
20240808,20,02116,3
20240808,20,02122,1
20240808,20,02128,2
20240808,20,02139,3
20240808,20,02143,1
20240808,20,02148,8
20240808,20,02159,1
20240808,20,02171,4
20240808,20,02179,5
20240808,20,02185,2
20240808,20,02186,3
20240808,20,02191,1
20240808,20,02198,1
20240808,20,02199,1
20240808,20,03311,5
20240808,20,03802,9
20240808,21,02111,3
20240808,21,02112,5
20240808,21,02116,4
20240808,21,02122,3
20240808,21,02128,3
20240808,21,02129,2
20240808,21,02139,3
20240808,21,02143,2
20240808,21,02148,1
20240808,21,02171,9
20240808,21,02172,2
20240808,21,02178,3
20240808,21,02179,5
20240808,21,02185,2
20240808,21,02186,1
20240808,21,02191,1
20240808,21,02198,2
20240808,21,03311,3
20240808,21,03802,5
20240808,22,02111,5
20240808,22,02112,4
20240808,22,02116,5
20240808,22,02122,1
20240808,22,02128,2
20240808,22,02130,1
20240808,22,02139,1
20240808,22,02148,2
20240808,22,02159,3
20240808,22,02171,5
20240808,22,02172,1
20240808,22,02179,2
20240808,22,02185,1
20240808,22,02186,2
20240808,22,02191,1
20240808,22,02199,1
20240808,22,03311,3
20240808,22,03802,1
20240808,23,02111,2
20240808,23,02112,2
20240808,23,02116,1
20240808,23,02122,2
20240808,23,02128,1
20240808,23,02139,2
20240808,23,02171,1
20240808,23,02178,1
20240808,23,02179,1
20240808,23,02185,1
20240808,23,02186,1
20240808,23,03310,1
20240808,23,03311,2
20240808,3,02111,1
20240808,3,02116,1
20240808,3,02179,1
20240808,3,02185,1
20240808,4,02129,1
20240808,4,02139,1
20240808,4,02171,2
20240808,4,02179,1
20240808,4,02191,1
20240808,5,02111,1
20240808,5,02112,2
20240808,5,02116,2
20240808,5,02128,1
20240808,5,02139,1
20240808,5,02185,2
20240808,5,02186,2
20240808,5,02198,3
20240808,5,03310,2
20240808,6,02111,1
20240808,6,02129,1
20240808,6,02148,1
20240808,6,02159,1
20240808,6,02186,2
20240808,6,03311,1
20240808,6,03802,2
20240808,7,02111,1
20240808,7,02122,1
20240808,7,02139,1
20240808,7,02148,1
20240808,7,02171,1
20240808,7,02172,1
20240808,7,02179,3
20240808,7,02185,2
20240808,7,02186,1
20240808,7,02191,1
20240808,7,02198,1
20240808,7,03311,1
20240808,7,03802,6
20240808,8,02116,1
20240808,8,02122,1
20240808,8,02129,2
20240808,8,02139,3
20240808,8,02143,1
20240808,8,02148,2
20240808,8,02171,3
20240808,8,02185,2
20240808,8,02191,2
20240808,8,02198,1
20240808,8,03802,2
20240808,9,02122,2
20240808,9,02129,1
20240808,9,02159,1
20240808,9,02171,3
20240808,9,02172,1
20240808,9,02179,1
20240808,9,02185,3
20240808,9,02186,4
20240808,9,02191,1
20240808,9,02198,2
20240808,9,03311,1
20240808,9,03802,2
20240809,0,02111,4
20240809,0,02122,1
20240809,0,02128,2
20240809,0,02148,1
20240809,0,02172,1
20240809,0,02179,4
20240809,0,02185,1
20240809,0,02186,1
20240809,0,02191,1
20240809,0,02198,2
20240809,0,03311,1
20240809,1,02111,1
20240809,1,02112,5
20240809,1,02122,1
20240809,1,02171,3
20240809,1,02179,2
20240809,1,02191,1
20240809,1,02198,3
20240809,1,03311,1
20240809,10,02111,1
20240809,10,02112,3
20240809,10,02129,1
20240809,10,02148,1
20240809,10,02159,1
20240809,10,02178,1
20240809,10,02185,1
20240809,10,02186,1
20240809,10,02198,1
20240809,10,03311,1
20240809,10,03802,1
20240809,11,02111,4
20240809,11,02116,2
20240809,11,02122,1
20240809,11,02128,1
20240809,11,02129,1
20240809,11,02139,1
20240809,11,02148,2
20240809,11,02159,1
20240809,11,02171,2
20240809,11,02172,1
20240809,11,02179,2
20240809,11,02185,1
20240809,11,02186,3
20240809,11,02191,2
20240809,11,03802,1
20240809,12,02111,1
20240809,12,02112,3
20240809,12,02122,1
20240809,12,02128,2
20240809,12,02129,3
20240809,12,02143,1
20240809,12,02148,1
20240809,12,02171,6
20240809,12,02172,5
20240809,12,02179,2
20240809,12,02198,1
20240809,12,03311,1
20240809,12,03802,2
20240809,13,02111,1
20240809,13,02112,2
20240809,13,02122,2
20240809,13,02128,3
20240809,13,02143,1
20240809,13,02148,1
20240809,13,02172,1
20240809,13,02178,1
20240809,13,02179,1
20240809,13,02185,1
20240809,13,02186,1
20240809,13,02191,1
20240809,13,02198,2
20240809,13,03311,1
20240809,13,03802,1
20240809,14,02111,3
20240809,14,02112,1
20240809,14,02122,1
20240809,14,02128,2
20240809,14,02139,1
20240809,14,02143,1
20240809,14,02171,2
20240809,14,02172,2
20240809,14,02178,1
20240809,14,02179,2
20240809,14,02185,1
20240809,14,02191,2
20240809,14,02198,3
20240809,14,03311,2
20240809,15,02111,5
20240809,15,02122,1
20240809,15,02129,2
20240809,15,02171,1
20240809,15,02172,3
20240809,15,02178,1
20240809,15,02179,1
20240809,15,02185,1
20240809,15,03310,1
20240809,15,03311,3
20240809,16,02111,1
20240809,16,02112,2
20240809,16,02116,1
20240809,16,02139,1
20240809,16,02143,1
20240809,16,02148,3
20240809,16,02159,2
20240809,16,02171,4
20240809,16,02172,2
20240809,16,02178,1
20240809,16,02179,2
20240809,16,02185,1
20240809,16,02191,2
20240809,16,02199,3
20240809,16,03311,3
20240809,17,02111,7
20240809,17,02112,1
20240809,17,02122,2
20240809,17,02129,5
20240809,17,02143,1
20240809,17,02148,6
20240809,17,02159,1
20240809,17,02171,3
20240809,17,02172,4
20240809,17,02178,1
20240809,17,02179,2
20240809,17,02191,2
20240809,17,02198,1
20240809,17,03311,6
20240809,18,02111,2
20240809,18,02112,1
20240809,18,02116,1
20240809,18,02122,1
20240809,18,02129,3
20240809,18,02130,1
20240809,18,02143,1
20240809,18,02148,4
20240809,18,02171,8
20240809,18,02172,3
20240809,18,02178,3
20240809,18,02179,3
20240809,18,02185,2
20240809,18,02198,1
20240809,18,03311,6
20240809,19,02111,5
20240809,19,02112,1
20240809,19,02116,2
20240809,19,02122,3
20240809,19,02148,5
20240809,19,02171,2
20240809,19,02172,2
20240809,19,02178,2
20240809,19,02179,2
20240809,19,02186,3
20240809,19,02191,2
20240809,19,03310,1
20240809,19,03311,2
20240809,2,02111,1
20240809,2,02112,1
20240809,2,02122,1
20240809,2,02139,1
20240809,2,02159,1
20240809,2,02179,2
20240809,2,02185,1
20240809,2,02198,1
20240809,20,02111,5
20240809,20,02112,3
20240809,20,02116,7
20240809,20,02122,2
20240809,20,02128,2
20240809,20,02129,2
20240809,20,02139,2
20240809,20,02148,7
20240809,20,02159,1
20240809,20,02171,2
20240809,20,02178,1
20240809,20,02179,1
20240809,20,02185,2
20240809,20,02186,5
20240809,20,02198,3
20240809,20,03310,1
20240809,20,03311,4
20240809,20,03802,3
20240809,21,02111,6
20240809,21,02112,4
20240809,21,02116,1
20240809,21,02122,3
20240809,21,02128,1
20240809,21,02139,1
20240809,21,02148,3
20240809,21,02171,1
20240809,21,02172,2
20240809,21,02178,2
20240809,21,02179,5
20240809,21,02186,4
20240809,21,02191,1
20240809,21,03310,1
20240809,21,03311,3
20240809,21,03802,2
20240809,22,02111,2
20240809,22,02112,1
20240809,22,02122,1
20240809,22,02128,1
20240809,22,02139,3
20240809,22,02143,1
20240809,22,02148,2
20240809,22,02159,2
20240809,22,02171,1
20240809,22,02172,1
20240809,22,02179,4
20240809,22,02185,3
20240809,22,02186,1
20240809,22,02191,1
20240809,22,02198,3
20240809,22,03311,1
20240809,22,03802,1
20240809,23,02111,4
20240809,23,02112,3
20240809,23,02122,3
20240809,23,02128,1
20240809,23,02143,2
20240809,23,02171,2
20240809,23,02178,1
20240809,23,02179,4
20240809,23,02185,1
20240809,23,02191,1
20240809,23,02199,2
20240809,23,03311,1
20240809,3,02111,1
20240809,3,02116,1
20240809,3,02128,1
20240809,3,02186,1
20240809,3,02191,2
20240809,4,02116,2
20240809,4,02122,1
20240809,4,02171,2
20240809,4,02191,1
20240809,4,02198,1
20240809,5,02129,1
20240809,5,02139,2
20240809,5,02185,1
20240809,5,02191,2
20240809,5,02198,1
20240809,5,03310,2
20240809,6,02111,2
20240809,6,02112,3
20240809,6,02116,1
20240809,6,02122,2
20240809,6,02143,1
20240809,6,02148,1
20240809,6,02185,1
20240809,6,02186,1
20240809,6,03802,2
20240809,7,02111,3
20240809,7,02112,2
20240809,7,02116,1
20240809,7,02122,1
20240809,7,02128,2
20240809,7,02129,1
20240809,7,02139,4
20240809,7,02148,2
20240809,7,02171,3
20240809,7,02172,1
20240809,7,02178,1
20240809,7,02179,1
20240809,7,02185,2
20240809,7,02186,2
20240809,7,02191,2
20240809,7,02198,2
20240809,7,03310,1
20240809,7,03802,7
20240809,8,02111,1
20240809,8,02112,1
20240809,8,02122,1
20240809,8,02139,1
20240809,8,02148,3
20240809,8,02159,1
20240809,8,02171,1
20240809,8,02179,1
20240809,8,02185,2
20240809,8,02186,1
20240809,8,02191,3
20240809,8,02198,2
20240809,8,03310,1
20240809,8,03802,5
20240809,9,02111,1
20240809,9,02112,2
20240809,9,02122,2
20240809,9,02128,3
20240809,9,02129,1
20240809,9,02130,1
20240809,9,02139,1
20240809,9,02143,1
20240809,9,02148,1
20240809,9,02159,2
20240809,9,02171,1
20240809,9,02172,1
20240809,9,02179,1
20240809,9,02185,4
20240809,9,02186,1
20240809,9,02191,4
20240809,9,02198,1
20240809,9,03311,2
20240809,9,03802,2
20240810,0,02111,2
20240810,0,02116,2
20240810,0,02122,2
20240810,0,02139,1
20240810,0,02148,1
20240810,0,02179,2
20240810,0,02185,1
20240810,0,02191,1
20240810,0,02198,2
20240810,0,02199,1
20240810,0,03311,2
20240810,1,02111,3
20240810,1,02112,3
20240810,1,02116,3
20240810,1,02128,1
20240810,1,02139,1
20240810,1,02143,1
20240810,1,02148,1
20240810,1,02171,3
20240810,1,02178,1
20240810,1,02179,2
20240810,1,02186,1
20240810,1,02191,1
20240810,1,02198,3
20240810,10,02116,1
20240810,10,02128,1
20240810,10,02129,1
20240810,10,02143,2
20240810,10,02148,1
20240810,10,02171,2
20240810,10,02191,2
20240810,10,02198,1
20240810,10,02199,1
20240810,10,03310,3
20240810,10,03311,2
20240810,11,02111,1
20240810,11,02112,2
20240810,11,02116,1
20240810,11,02143,1
20240810,11,02148,4
20240810,11,02171,2
20240810,11,02178,1
20240810,11,02179,1
20240810,11,02186,1
20240810,11,02199,1
20240810,11,03310,3
20240810,11,03311,3
20240810,11,03802,1
20240810,12,02111,1
20240810,12,02112,2
20240810,12,02122,1
20240810,12,02128,1
20240810,12,02139,2
20240810,12,02159,2
20240810,12,02171,4
20240810,12,02172,3
20240810,12,02179,4
20240810,12,02191,1
20240810,12,02198,1
20240810,12,03310,3
20240810,12,03311,2
20240810,12,03802,2
20240810,13,02111,5
20240810,13,02112,2
20240810,13,02116,1
20240810,13,02122,4
20240810,13,02130,1
20240810,13,02148,3
20240810,13,02172,3
20240810,13,02178,1
20240810,13,02179,1
20240810,13,02185,2
20240810,13,02186,2
20240810,13,02191,1
20240810,13,02198,1
20240810,13,02199,1
20240810,13,03310,2
20240810,13,03311,4
20240810,14,02111,1
20240810,14,02112,1
20240810,14,02116,1
20240810,14,02122,1
20240810,14,02128,2
20240810,14,02129,1
20240810,14,02130,1
20240810,14,02139,1
20240810,14,02148,1
20240810,14,02159,1
20240810,14,02171,6
20240810,14,02172,1
20240810,14,02179,3
20240810,14,02185,3
20240810,14,02186,1
20240810,14,02191,2
20240810,14,02198,1
20240810,14,03802,1
20240810,15,02111,1
20240810,15,02112,3
20240810,15,02122,1
20240810,15,02129,2
20240810,15,02139,1
20240810,15,02143,1
20240810,15,02148,5
20240810,15,02171,2
20240810,15,02172,5
20240810,15,02179,2
20240810,15,02185,2
20240810,15,02198,1
20240810,15,03311,3
20240810,15,03802,1
20240810,16,02111,4
20240810,16,02112,4
20240810,16,02122,2
20240810,16,02128,2
20240810,16,02130,1
20240810,16,02139,2
20240810,16,02172,6
20240810,16,02178,2
20240810,16,02179,1
20240810,16,02186,1
20240810,16,02191,1
20240810,16,02198,5
20240810,16,02199,1
20240810,16,03310,1
20240810,16,03311,1
20240810,16,03802,1
20240810,17,02111,4
20240810,17,02112,3
20240810,17,02116,1
20240810,17,02122,1
20240810,17,02143,2
20240810,17,02148,4
20240810,17,02171,4
20240810,17,02172,8
20240810,17,02179,5
20240810,17,02191,2
20240810,17,02198,1
20240810,17,03310,1
20240810,17,03311,1
20240810,17,03802,2
20240810,18,02111,5
20240810,18,02112,3
20240810,18,02122,1
20240810,18,02128,2
20240810,18,02130,1
20240810,18,02139,2
20240810,18,02143,1
20240810,18,02148,1
20240810,18,02171,6
20240810,18,02172,3
20240810,18,02178,1
20240810,18,02179,3
20240810,18,02185,2
20240810,18,02186,1
20240810,18,02191,3
20240810,18,02198,3
20240810,18,03311,2
20240810,18,03802,2
20240810,19,02111,3
20240810,19,02112,2
20240810,19,02116,4
20240810,19,02122,3
20240810,19,02128,1
20240810,19,02139,1
20240810,19,02143,3
20240810,19,02159,1
20240810,19,02171,4
20240810,19,02172,2
20240810,19,02178,3
20240810,19,02179,3
20240810,19,02185,5
20240810,19,02191,3
20240810,19,02198,1
20240810,19,03311,1
20240810,19,03802,1
20240810,2,02111,1
20240810,2,02112,1
20240810,2,02122,1
20240810,2,02128,2
20240810,2,02143,1
20240810,2,02148,1
20240810,2,02186,1
20240810,2,02191,1
20240810,2,02198,2
20240810,20,02111,1
20240810,20,02112,3
20240810,20,02122,1
20240810,20,02128,3
20240810,20,02130,1
20240810,20,02139,2
20240810,20,02143,2
20240810,20,02171,6
20240810,20,02172,1
20240810,20,02178,3
20240810,20,02179,4
20240810,20,02185,1
20240810,20,02186,1
20240810,20,02191,3
20240810,20,02198,2
20240810,20,02199,1
20240810,20,03311,1
20240810,20,03802,2
20240810,21,02111,2
20240810,21,02116,3
20240810,21,02122,3
20240810,21,02128,3
20240810,21,02171,7
20240810,21,02172,2
20240810,21,02178,1
20240810,21,02179,2
20240810,21,02185,5
20240810,21,02186,2
20240810,21,02191,2
20240810,21,02198,2
20240810,21,03311,8
20240810,22,02111,1
20240810,22,02112,1
20240810,22,02122,1
20240810,22,02128,1
20240810,22,02129,1
20240810,22,02139,1
20240810,22,02148,1
20240810,22,02159,2
20240810,22,02171,7
20240810,22,02179,1
20240810,22,02185,5
20240810,22,02186,2
20240810,22,02198,1
20240810,22,03311,1
20240810,22,03802,2
20240810,23,02111,3
20240810,23,02112,1
20240810,23,02116,3
20240810,23,02122,1
20240810,23,02130,1
20240810,23,02148,1
20240810,23,02171,4
20240810,23,02178,2
20240810,23,02179,1
20240810,23,02185,3
20240810,23,02186,1
20240810,23,02198,4
20240810,23,03310,1
20240810,23,03311,3
20240810,3,02111,1
20240810,3,02112,1
20240810,3,02122,1
20240810,3,02159,1
20240810,3,02185,1
20240810,4,02111,2
20240810,4,02171,1
20240810,4,02191,3
20240810,5,02111,1
20240810,5,02116,2
20240810,5,02128,1
20240810,5,02139,1
20240810,5,02179,1
20240810,5,02185,1
20240810,5,02186,2
20240810,6,02129,1
20240810,6,02159,1
20240810,6,02172,1
20240810,6,02185,1
20240810,6,02191,1
20240810,7,02112,1
20240810,7,02128,2
20240810,7,02148,1
20240810,7,02171,1
20240810,7,02178,1
20240810,7,02185,2
20240810,7,03311,1
20240810,7,03802,3
20240810,8,02111,1
20240810,8,02139,1
20240810,8,02148,1
20240810,8,02159,1
20240810,8,02171,1
20240810,8,02172,1
20240810,8,02179,1
20240810,8,02191,1
20240810,8,02198,1
20240810,8,03310,1
20240810,8,03311,2
20240810,9,02111,2
20240810,9,02129,1
20240810,9,02139,4
20240810,9,02143,1
20240810,9,02159,1
20240810,9,02171,1
20240810,9,02172,1
20240810,9,02178,1
20240810,9,02185,4
20240810,9,02186,1
20240810,9,02191,2
20240810,9,02198,1
20240810,9,02199,1
20240810,9,03310,2
20240810,9,03311,1
20240811,0,02111,3
20240811,0,02112,1
20240811,0,02122,1
20240811,0,02171,4
20240811,0,02178,1
20240811,0,02179,2
20240811,0,02198,1
20240811,0,03311,2
20240811,1,02111,4
20240811,1,02112,4
20240811,1,02116,2
20240811,1,02148,1
20240811,1,02179,3
20240811,1,02198,4
20240811,10,02111,1
20240811,10,02112,1
20240811,10,02116,2
20240811,10,02128,1
20240811,10,02139,3
20240811,10,02143,1
20240811,10,02148,1
20240811,10,02159,2
20240811,10,02171,3
20240811,10,02172,1
20240811,10,02186,2
20240811,10,02191,1
20240811,10,03311,1
20240811,11,02111,1
20240811,11,02112,3
20240811,11,02122,2
20240811,11,02128,2
20240811,11,02172,1
20240811,11,02198,1
20240811,11,03311,1
20240811,11,03802,4
20240811,12,02111,2
20240811,12,02112,4
20240811,12,02116,1
20240811,12,02122,1
20240811,12,02128,3
20240811,12,02130,1
20240811,12,02139,2
20240811,12,02143,2
20240811,12,02148,2
20240811,12,02159,1
20240811,12,02171,2
20240811,12,02172,2
20240811,12,02179,4
20240811,12,02191,1
20240811,12,03311,1
20240811,12,03802,1
20240811,13,02112,2
20240811,13,02122,2
20240811,13,02128,1
20240811,13,02139,2
20240811,13,02171,1
20240811,13,02172,1
20240811,13,02179,4
20240811,13,02191,4
20240811,13,02198,2
20240811,13,03311,1
20240811,13,03802,6
20240811,14,02111,7
20240811,14,02112,1
20240811,14,02128,1
20240811,14,02143,1
20240811,14,02148,1
20240811,14,02159,1
20240811,14,02179,3
20240811,14,02185,1
20240811,14,02186,1
20240811,14,02198,1
20240811,14,02199,1
20240811,14,03311,1
20240811,14,03802,2
20240811,15,02111,2
20240811,15,02116,1
20240811,15,02139,2
20240811,15,02148,1
20240811,15,02172,3
20240811,15,02179,1
20240811,15,02185,2
20240811,15,02186,1
20240811,15,03310,1
20240811,15,03311,4
20240811,16,02111,2
20240811,16,02112,1
20240811,16,02122,3
20240811,16,02128,1
20240811,16,02139,2
20240811,16,02171,3
20240811,16,02178,1
20240811,16,02179,4
20240811,16,02185,5
20240811,16,02191,4
20240811,16,03311,4
20240811,16,03802,2
20240811,17,02111,3
20240811,17,02122,3
20240811,17,02128,1
20240811,17,02130,1
20240811,17,02171,3
20240811,17,02172,3
20240811,17,02178,3
20240811,17,02179,4
20240811,17,02185,1
20240811,17,02191,3
20240811,17,02198,1
20240811,17,03311,1
20240811,17,03802,5
20240811,18,02111,4
20240811,18,02116,1
20240811,18,02122,1
20240811,18,02128,3
20240811,18,02139,1
20240811,18,02143,2
20240811,18,02148,2
20240811,18,02171,3
20240811,18,02172,4
20240811,18,02179,1
20240811,18,02185,1
20240811,18,02186,1
20240811,18,02191,1
20240811,18,02198,3
20240811,18,02199,2
20240811,18,03311,6
20240811,19,02111,3
20240811,19,02112,3
20240811,19,02116,2
20240811,19,02122,1
20240811,19,02128,2
20240811,19,02139,1
20240811,19,02148,1
20240811,19,02171,4
20240811,19,02172,3
20240811,19,02179,3
20240811,19,02185,2
20240811,19,02186,1
20240811,19,02191,1
20240811,19,02198,3
20240811,19,02199,2
20240811,19,03310,1
20240811,19,03311,3
20240811,2,02112,1
20240811,2,02122,2
20240811,2,02179,1
20240811,2,02191,1
20240811,2,02198,2
20240811,20,02111,3
20240811,20,02112,7
20240811,20,02116,1
20240811,20,02122,1
20240811,20,02128,4
20240811,20,02139,2
20240811,20,02148,4
20240811,20,02171,6
20240811,20,02172,4
20240811,20,02178,1
20240811,20,02179,2
20240811,20,02186,2
20240811,20,02191,3
20240811,20,02198,2
20240811,20,02199,1
20240811,20,03310,1
20240811,20,03311,2
20240811,21,02111,2
20240811,21,02112,3
20240811,21,02116,1
20240811,21,02122,2
20240811,21,02128,3
20240811,21,02129,1
20240811,21,02139,1
20240811,21,02148,2
20240811,21,02159,2
20240811,21,02171,6
20240811,21,02172,4
20240811,21,02178,2
20240811,21,02179,1
20240811,21,02185,5
20240811,21,02191,4
20240811,21,02198,4
20240811,21,03310,2
20240811,21,03311,3
20240811,22,02111,2
20240811,22,02112,4
20240811,22,02116,1
20240811,22,02122,2
20240811,22,02128,2
20240811,22,02139,3
20240811,22,02143,1
20240811,22,02148,2
20240811,22,02171,2
20240811,22,02178,3
20240811,22,02179,5
20240811,22,02186,1
20240811,22,02199,2
20240811,22,03310,1
20240811,22,03311,1
20240811,23,02111,3
20240811,23,02112,3
20240811,23,02122,1
20240811,23,02148,1
20240811,23,02171,1
20240811,23,02179,3
20240811,23,02198,1
20240811,23,02199,1
20240811,23,03311,2
20240811,3,02111,2
20240811,3,02116,1
20240811,3,02128,1
20240811,3,02130,1
20240811,3,02171,1
20240811,3,02191,1
20240811,4,02111,2
20240811,4,02116,1
20240811,4,02122,1
20240811,4,02128,1
20240811,4,02179,1
20240811,4,02191,1
20240811,5,02178,1
20240811,5,02185,1
20240811,6,02116,1
20240811,6,02171,1
20240811,6,02185,1
20240811,6,02191,1
20240811,6,03802,1
20240811,7,02116,1
20240811,7,02139,1
20240811,7,02148,2
20240811,7,02159,1
20240811,7,02171,1
20240811,7,02172,1
20240811,7,02185,1
20240811,7,02191,2
20240811,7,02198,1
20240811,8,02111,1
20240811,8,02112,1
20240811,8,02116,1
20240811,8,02172,2
20240811,8,02179,1
20240811,8,02185,1
20240811,8,02198,1
20240811,8,03311,1
20240811,9,02111,1
20240811,9,02116,1
20240811,9,02122,1
20240811,9,02128,1
20240811,9,02148,1
20240811,9,02159,1
20240811,9,02172,2
20240811,9,02179,2
20240811,9,02185,3
20240811,9,02186,1
20240811,9,02191,2
20240811,9,02198,1
20240811,9,03311,1
20240811,9,03802,2
20240812,0,02112,2
20240812,0,02116,2
20240812,0,02122,1
20240812,0,02128,2
20240812,0,02139,1
20240812,0,02148,1
20240812,0,02159,1
20240812,0,02171,5
20240812,0,02172,1
20240812,0,02179,1
20240812,0,02186,1
20240812,0,02198,4
20240812,1,02112,1
20240812,1,02116,1
20240812,1,02128,2
20240812,1,02139,1
20240812,1,02143,1
20240812,1,02178,2
20240812,1,02191,1
20240812,1,02198,1
20240812,10,02112,1
20240812,10,02122,1
20240812,10,02128,1
20240812,10,02148,1
20240812,10,02171,2
20240812,10,02172,3
20240812,10,02179,2
20240812,10,02185,1
20240812,10,02198,1
20240812,10,03310,3
20240812,10,03802,3
20240812,11,02111,1
20240812,11,02116,1
20240812,11,02122,1
20240812,11,02128,1
20240812,11,02129,1
20240812,11,02139,1
20240812,11,02143,1
20240812,11,02148,2
20240812,11,02159,1
20240812,11,02171,2
20240812,11,02172,1
20240812,11,02179,1
20240812,11,02185,1
20240812,11,02191,2
20240812,11,02199,1
20240812,11,03311,1
20240812,11,03802,2
20240812,12,02116,1
20240812,12,02122,1
20240812,12,02128,1
20240812,12,02143,1
20240812,12,02148,3
20240812,12,02172,1
20240812,12,02178,1
20240812,12,02179,2
20240812,12,02191,1
20240812,12,02198,1
20240812,12,03310,1
20240812,12,03311,2
20240812,13,02111,1
20240812,13,02112,1
20240812,13,02116,1
20240812,13,02122,2
20240812,13,02159,1
20240812,13,02171,3
20240812,13,02172,3
20240812,13,02178,2
20240812,13,02179,1
20240812,13,02185,2
20240812,13,02191,1
20240812,13,02198,1
20240812,13,03310,1
20240812,13,03311,1
20240812,14,02111,1
20240812,14,02112,1
20240812,14,02116,1
20240812,14,02122,1
20240812,14,02171,3
20240812,14,02172,1
20240812,14,02178,2
20240812,14,02179,3
20240812,14,02186,2
20240812,14,03310,3
20240812,14,03311,3
20240812,15,02111,3
20240812,15,02116,2
20240812,15,02128,1
20240812,15,02148,2
20240812,15,02171,2
20240812,15,02179,2
20240812,15,02185,1
20240812,15,02198,1
20240812,15,03310,3
20240812,15,03311,1
20240812,16,02122,2
20240812,16,02128,1
20240812,16,02130,2
20240812,16,02139,1
20240812,16,02143,1
20240812,16,02148,1
20240812,16,02171,2
20240812,16,02172,3
20240812,16,02179,1
20240812,16,02185,1
20240812,16,02191,2
20240812,16,02199,1
20240812,16,03310,3
20240812,16,03311,4
20240812,17,02111,3
20240812,17,02112,1
20240812,17,02116,1
20240812,17,02139,4
20240812,17,02148,6
20240812,17,02171,5
20240812,17,02172,3
20240812,17,02178,5
20240812,17,02179,2
20240812,17,02185,2
20240812,17,02186,2
20240812,17,02191,1
20240812,17,02198,1
20240812,17,03310,3
20240812,17,03311,4
20240812,18,02111,2
20240812,18,02112,4
20240812,18,02116,2
20240812,18,02122,4
20240812,18,02128,1
20240812,18,02129,1
20240812,18,02130,1
20240812,18,02139,4
20240812,18,02143,2
20240812,18,02148,5
20240812,18,02159,3
20240812,18,02171,4
20240812,18,02172,3
20240812,18,02178,3
20240812,18,02179,3
20240812,18,02185,2
20240812,18,02186,1
20240812,18,02191,1
20240812,18,02198,2
20240812,18,03310,4
20240812,18,03311,6
20240812,19,02111,4
20240812,19,02112,3
20240812,19,02116,5
20240812,19,02122,2
20240812,19,02128,2
20240812,19,02129,2
20240812,19,02139,2
20240812,19,02148,3
20240812,19,02159,1
20240812,19,02171,2
20240812,19,02179,3
20240812,19,02185,3
20240812,19,02186,1
20240812,19,02191,1
20240812,19,02198,2
20240812,19,03310,4
20240812,19,03311,2
20240812,2,02111,1
20240812,2,02112,1
20240812,2,02122,1
20240812,2,02128,1
20240812,2,02178,1
20240812,2,02179,1
20240812,2,02198,1
20240812,20,02111,4
20240812,20,02112,4
20240812,20,02116,3
20240812,20,02128,3
20240812,20,02129,1
20240812,20,02139,1
20240812,20,02143,2
20240812,20,02148,4
20240812,20,02159,2
20240812,20,02171,7
20240812,20,02172,4
20240812,20,02178,5
20240812,20,02179,3
20240812,20,02185,2
20240812,20,02186,4
20240812,20,02198,4
20240812,20,02199,1
20240812,20,03310,2
20240812,20,03311,3
20240812,20,03802,5
20240812,21,02111,3
20240812,21,02112,3
20240812,21,02116,4
20240812,21,02122,3
20240812,21,02128,2
20240812,21,02143,1
20240812,21,02148,5
20240812,21,02171,1
20240812,21,02178,1
20240812,21,02179,3
20240812,21,02185,3
20240812,21,02186,1
20240812,21,02191,2
20240812,21,02198,3
20240812,21,03311,2
20240812,21,03802,8
20240812,22,02111,2
20240812,22,02112,5
20240812,22,02116,2
20240812,22,02122,3
20240812,22,02128,3
20240812,22,02129,1
20240812,22,02139,1
20240812,22,02143,1
20240812,22,02148,3
20240812,22,02159,3
20240812,22,02171,3
20240812,22,02172,1
20240812,22,02178,4
20240812,22,02179,5
20240812,22,02185,3
20240812,22,02186,1
20240812,22,02191,3
20240812,22,02198,1
20240812,22,03310,1
20240812,22,03311,1
20240812,22,03802,2
20240812,23,02111,2
20240812,23,02139,2
20240812,23,02148,1
20240812,23,02159,1
20240812,23,02171,3
20240812,23,02172,1
20240812,23,02178,2
20240812,23,02179,3
20240812,23,02185,1
20240812,23,02186,1
20240812,23,02191,1
20240812,23,02198,5
20240812,23,03311,1
20240812,3,02112,1
20240812,3,02171,1
20240812,3,02185,1
20240812,3,02198,1
20240812,4,02111,1
20240812,4,02112,1
20240812,4,02139,1
20240812,4,02148,1
20240812,4,02171,2
20240812,5,02112,1
20240812,5,02116,1
20240812,5,02139,1
20240812,5,02159,1
20240812,5,02185,1
20240812,5,02186,1
20240812,5,02199,1
20240812,5,03310,1
20240812,6,02111,1
20240812,6,02112,1
20240812,6,02116,1
20240812,6,02139,2
20240812,6,02148,1
20240812,6,02179,1
20240812,6,02186,1
20240812,6,02191,1
20240812,6,03310,2
20240812,6,03802,4
20240812,7,02111,1
20240812,7,02112,1
20240812,7,02116,1
20240812,7,02122,1
20240812,7,02128,3
20240812,7,02129,1
20240812,7,02139,5
20240812,7,02171,1
20240812,7,02172,2
20240812,7,02179,1
20240812,7,02185,3
20240812,7,02186,1
20240812,7,02191,2
20240812,7,02198,1
20240812,7,03310,5
20240812,7,03311,1
20240812,7,03802,6
20240812,8,02111,2
20240812,8,02112,1
20240812,8,02122,1
20240812,8,02128,1
20240812,8,02148,1
20240812,8,02159,1
20240812,8,02171,2
20240812,8,02179,1
20240812,8,02185,4
20240812,8,02191,1
20240812,8,02198,4
20240812,8,03310,4
20240812,8,03311,2
20240812,8,03802,2
20240812,9,02111,2
20240812,9,02116,1
20240812,9,02128,1
20240812,9,02129,2
20240812,9,02130,1
20240812,9,02148,2
20240812,9,02171,3
20240812,9,02172,3
20240812,9,02179,1
20240812,9,02185,1
20240812,9,02186,2
20240812,9,02191,1
20240812,9,02198,1
20240812,9,03311,2
20240812,9,03802,2
20240813,0,02111,2
20240813,0,02122,1
20240813,0,02139,1
20240813,0,02171,2
20240813,0,02179,2
20240813,0,02185,1
20240813,0,02198,1
20240813,0,03311,2
20240813,1,02111,2
20240813,1,02112,2
20240813,1,02116,1
20240813,1,02122,1
20240813,1,02128,2
20240813,1,02139,1
20240813,1,02171,1
20240813,1,02172,1
20240813,1,02178,3
20240813,1,02179,1
20240813,1,02186,1
20240813,1,02198,3
20240813,10,02111,1
20240813,10,02112,1
20240813,10,02116,2
20240813,10,02143,3
20240813,10,02171,1
20240813,10,02179,1
20240813,10,02185,3
20240813,10,02186,1
20240813,10,02191,4
20240813,10,02198,1
20240813,10,03310,2
20240813,10,03311,1
20240813,11,02112,3
20240813,11,02129,1
20240813,11,02139,1
20240813,11,02143,1
20240813,11,02148,1
20240813,11,02171,2
20240813,11,02179,5
20240813,11,02191,3
20240813,11,02198,1
20240813,11,03311,1
20240813,11,03802,1
20240813,12,02111,1
20240813,12,02112,1
20240813,12,02116,2
20240813,12,02122,2
20240813,12,02128,2
20240813,12,02129,1
20240813,12,02139,1
20240813,12,02148,2
20240813,12,02172,2
20240813,12,02178,1
20240813,12,02179,2
20240813,12,02186,1
20240813,12,02191,1
20240813,12,02198,1
20240813,12,03310,1
20240813,12,03311,2
20240813,12,03802,3
20240813,13,02111,2
20240813,13,02112,1
20240813,13,02116,1
20240813,13,02130,1
20240813,13,02139,1
20240813,13,02143,1
20240813,13,02148,2
20240813,13,02171,2
20240813,13,02172,1
20240813,13,02179,4
20240813,13,02186,2
20240813,13,02191,2
20240813,13,02198,1
20240813,13,03311,3
20240813,14,02111,1
20240813,14,02112,1
20240813,14,02116,1
20240813,14,02122,1
20240813,14,02159,1
20240813,14,02171,1
20240813,14,02172,3
20240813,14,02178,2
20240813,14,02179,1
20240813,14,02191,1
20240813,14,02198,2
20240813,15,02111,3
20240813,15,02112,1
20240813,15,02128,3
20240813,15,02129,1
20240813,15,02130,2
20240813,15,02143,1
20240813,15,02171,2
20240813,15,02172,1
20240813,15,02178,2
20240813,15,02179,2
20240813,15,02185,2
20240813,15,02198,3
20240813,15,03311,2
20240813,16,02111,1
20240813,16,02122,1
20240813,16,02130,1
20240813,16,02143,1
20240813,16,02178,1
20240813,16,02198,2
20240813,16,03311,4
20240813,16,03802,1
20240813,17,02111,2
20240813,17,02116,2
20240813,17,02122,1
20240813,17,02128,2
20240813,17,02148,4
20240813,17,02159,1
20240813,17,02171,2
20240813,17,02172,2
20240813,17,02178,1
20240813,17,02179,3
20240813,17,02185,1
20240813,17,02198,1
20240813,17,03310,1
20240813,17,03311,3
20240813,18,02178,1
20240813,18,02198,1
20240813,19,02111,4
20240813,19,02116,3
20240813,19,02128,1
20240813,19,02143,3
20240813,19,02171,2
20240813,19,02178,1
20240813,19,02198,2
20240813,19,03311,1
20240813,2,02112,1
20240813,2,02122,1
20240813,2,02139,1
20240813,2,02159,1
20240813,2,02178,1
20240813,2,02179,1
20240813,2,02191,1
20240813,2,02198,1
20240813,20,02111,7
20240813,20,02112,5
20240813,20,02116,2
20240813,20,02122,1
20240813,20,02130,1
20240813,20,02139,2
20240813,20,02143,1
20240813,20,02148,1
20240813,20,02171,10
20240813,20,02178,1
20240813,20,02179,3
20240813,20,02186,3
20240813,20,02198,3
20240813,20,02199,1
20240813,20,03311,2
20240813,20,03802,4
20240813,21,02111,1
20240813,21,02112,4
20240813,21,02116,3
20240813,21,02122,1
20240813,21,02128,1
20240813,21,02148,3
20240813,21,02171,6
20240813,21,02178,2
20240813,21,02179,2
20240813,21,02185,1
20240813,21,02191,3
20240813,21,02198,3
20240813,21,02199,1
20240813,21,03311,3
20240813,21,03802,6
20240813,22,02111,2
20240813,22,02112,1
20240813,22,02116,2
20240813,22,02122,2
20240813,22,02139,2
20240813,22,02148,3
20240813,22,02171,3
20240813,22,02178,1
20240813,22,02186,1
20240813,22,02191,1
20240813,22,02198,1
20240813,22,03311,5
20240813,22,03802,1
20240813,23,02111,1
20240813,23,02112,6
20240813,23,02116,1
20240813,23,02122,2
20240813,23,02128,2
20240813,23,02139,1
20240813,23,02148,1
20240813,23,02171,2
20240813,23,02178,1
20240813,23,02179,2
20240813,23,02186,1
20240813,23,02191,1
20240813,23,02198,2
20240813,23,02199,1
20240813,23,03311,1
20240813,3,02111,1
20240813,3,02116,1
20240813,3,02122,1
20240813,3,02148,1
20240813,3,02185,1
20240813,3,02191,1
20240813,4,02111,1
20240813,4,02112,1
20240813,4,02116,1
20240813,4,02171,1
20240813,4,02178,1
20240813,4,02198,1
20240813,5,02122,2
20240813,5,02148,1
20240813,5,02159,1
20240813,5,02179,2
20240813,5,02185,1
20240813,5,02186,3
20240813,5,02198,2
20240813,5,03310,1
20240813,6,02111,1
20240813,6,02122,1
20240813,6,02130,1
20240813,6,02143,2
20240813,6,02148,1
20240813,6,02178,1
20240813,6,02179,2
20240813,6,02186,1
20240813,6,02191,1
20240813,6,03310,1
20240813,6,03802,3
20240813,7,02111,4
20240813,7,02122,1
20240813,7,02128,1
20240813,7,02139,2
20240813,7,02148,1
20240813,7,02159,1
20240813,7,02172,2
20240813,7,02179,3
20240813,7,02185,2
20240813,7,02186,5
20240813,7,02191,1
20240813,7,02198,1
20240813,7,03310,4
20240813,7,03311,2
20240813,7,03802,7
20240813,8,02111,1
20240813,8,02112,2
20240813,8,02128,1
20240813,8,02130,1
20240813,8,02139,3
20240813,8,02143,1
20240813,8,02148,2
20240813,8,02159,1
20240813,8,02171,5
20240813,8,02172,2
20240813,8,02178,2
20240813,8,02179,2
20240813,8,02185,2
20240813,8,02191,2
20240813,8,02198,2
20240813,8,03310,3
20240813,8,03311,1
20240813,8,03802,3
20240813,9,02111,2
20240813,9,02112,1
20240813,9,02116,1
20240813,9,02122,1
20240813,9,02128,3
20240813,9,02139,2
20240813,9,02143,1
20240813,9,02148,1
20240813,9,02171,2
20240813,9,02172,2
20240813,9,02178,1
20240813,9,02179,2
20240813,9,02186,2
20240813,9,02191,2
20240813,9,02198,1
20240813,9,03310,2
20240813,9,03311,2
20240813,9,03802,2
20240814,0,02111,4
20240814,0,02112,3
20240814,0,02128,1
20240814,0,02139,1
20240814,0,02143,1
20240814,0,02148,1
20240814,0,02178,1
20240814,0,02179,2
20240814,0,02186,2
20240814,0,02191,1
20240814,0,02198,1
20240814,0,03311,2
20240814,1,02111,2
20240814,1,02116,1
20240814,1,02122,2
20240814,1,02128,1
20240814,1,02171,1
20240814,1,02179,1
20240814,1,02186,1
20240814,1,02191,1
20240814,1,02198,1
20240814,10,02111,1
20240814,10,02116,2
20240814,10,02122,1
20240814,10,02128,1
20240814,10,02139,1
20240814,10,02143,2
20240814,10,02148,1
20240814,10,02159,2
20240814,10,02179,2
20240814,10,02186,1
20240814,10,02191,2
20240814,10,02198,2
20240814,10,02199,1
20240814,10,03310,2
20240814,10,03311,1
20240814,10,03802,1
20240814,11,02128,1
20240814,11,02129,1
20240814,11,02139,1
20240814,11,02148,2
20240814,11,02159,1
20240814,11,02171,2
20240814,11,02172,1
20240814,11,02179,4
20240814,11,02191,1
20240814,11,02198,3
20240814,11,03310,1
20240814,11,03802,1
20240814,12,02111,3
20240814,12,02112,1
20240814,12,02122,2
20240814,12,02139,1
20240814,12,02148,1
20240814,12,02171,1
20240814,12,02178,2
20240814,12,02179,2
20240814,12,02198,1
20240814,12,03311,2
20240814,13,02111,5
20240814,13,02122,2
20240814,13,02128,2
20240814,13,02148,2
20240814,13,02171,1
20240814,13,02172,1
20240814,13,02178,1
20240814,13,02179,2
20240814,13,02191,1
20240814,13,03310,1
20240814,13,03802,1
20240814,14,02111,1
20240814,14,02116,1
20240814,14,02122,1
20240814,14,02143,1
20240814,14,02148,1
20240814,14,02178,2
20240814,14,02186,1
20240814,14,02191,3
20240814,14,02198,1
20240814,14,03310,2
20240814,14,03311,2
20240814,15,02111,1
20240814,15,02112,3
20240814,15,02122,1
20240814,15,02130,1
20240814,15,02171,1
20240814,15,02179,3
20240814,15,02185,1
20240814,15,02186,1
20240814,15,02191,1
20240814,15,02198,1
20240814,15,03311,2
20240814,15,03802,1
20240814,16,02111,3
20240814,16,02112,1
20240814,16,02148,2
20240814,16,02171,1
20240814,16,02172,1
20240814,16,03310,4
20240814,16,03311,6
20240814,17,02111,1
20240814,17,02112,1
20240814,17,02122,3
20240814,17,02128,1
20240814,17,02130,2
20240814,17,02139,3
20240814,17,02148,5
20240814,17,02159,2
20240814,17,02171,3
20240814,17,02172,1
20240814,17,02178,4
20240814,17,02179,3
20240814,17,02198,2
20240814,17,03311,3
20240814,18,02112,6
20240814,18,02116,2
20240814,18,02128,3
20240814,18,02139,2
20240814,18,02148,4
20240814,18,02159,1
20240814,18,02171,4
20240814,18,02172,5
20240814,18,02178,3
20240814,18,02179,1
20240814,18,02185,1
20240814,18,02191,2
20240814,18,03310,3
20240814,18,03311,2
20240814,18,03802,2
20240814,19,02111,4
20240814,19,02112,1
20240814,19,02122,4
20240814,19,02139,1
20240814,19,02143,3
20240814,19,02148,5
20240814,19,02171,2
20240814,19,02172,1
20240814,19,02178,2
20240814,19,02179,3
20240814,19,02185,1
20240814,19,02191,1
20240814,19,02198,2
20240814,19,03310,2
20240814,19,03311,4
20240814,19,03802,5
20240814,2,02139,1
20240814,2,02179,1
20240814,2,02199,1
20240814,20,02111,5
20240814,20,02112,7
20240814,20,02116,1
20240814,20,02122,1
20240814,20,02128,1
20240814,20,02139,2
20240814,20,02143,2
20240814,20,02148,2
20240814,20,02159,2
20240814,20,02171,6
20240814,20,02172,3
20240814,20,02179,1
20240814,20,02186,3
20240814,20,02191,1
20240814,20,02198,5
20240814,20,03310,1
20240814,20,03311,2
20240814,20,03802,3
20240814,21,02111,3
20240814,21,02112,3
20240814,21,02116,4
20240814,21,02122,3
20240814,21,02128,2
20240814,21,02129,1
20240814,21,02139,1
20240814,21,02143,2
20240814,21,02148,3
20240814,21,02171,3
20240814,21,02172,3
20240814,21,02178,2
20240814,21,02179,3
20240814,21,02185,1
20240814,21,02191,1
20240814,21,03311,1
20240814,21,03802,7
20240814,22,02111,2
20240814,22,02112,3
20240814,22,02116,2
20240814,22,02128,1
20240814,22,02139,2
20240814,22,02148,1
20240814,22,02159,1
20240814,22,02171,2
20240814,22,02172,2
20240814,22,02179,4
20240814,22,02185,1
20240814,22,02191,4
20240814,22,02198,5
20240814,22,03311,1
20240814,23,02111,1
20240814,23,02112,3
20240814,23,02122,1
20240814,23,02128,1
20240814,23,02129,1
20240814,23,02143,1
20240814,23,02171,3
20240814,23,02179,3
20240814,23,02185,2
20240814,23,02198,3
20240814,23,03311,1
20240814,3,02186,1
20240814,3,02191,2
20240814,3,03311,1
20240814,4,02143,1
20240814,4,02191,1
20240814,4,02198,1
20240814,5,02112,1
20240814,5,02116,1
20240814,5,02122,2
20240814,5,02139,2
20240814,5,02179,2
20240814,5,02191,1
20240814,5,02198,2
20240814,6,02139,1
20240814,6,02179,1
20240814,6,02186,1
20240814,6,02191,1
20240814,6,02198,2
20240814,6,03311,1
20240814,6,03802,2
20240814,7,02111,2
20240814,7,02112,1
20240814,7,02130,1
20240814,7,02139,3
20240814,7,02143,2
20240814,7,02148,1
20240814,7,02171,2
20240814,7,02172,1
20240814,7,02179,3
20240814,7,02185,1
20240814,7,02191,1
20240814,7,02198,1
20240814,7,03311,1
20240814,7,03802,6
20240814,8,02111,2
20240814,8,02112,1
20240814,8,02143,2
20240814,8,02148,4
20240814,8,02159,2
20240814,8,02171,2
20240814,8,02172,1
20240814,8,02178,1
20240814,8,02179,4
20240814,8,02191,7
20240814,8,02198,3
20240814,8,03310,1
20240814,8,03311,2
20240814,8,03802,1
20240814,9,02111,2
20240814,9,02112,3
20240814,9,02116,1
20240814,9,02122,1
20240814,9,02130,1
20240814,9,02139,1
20240814,9,02171,2
20240814,9,02172,1
20240814,9,02179,3
20240814,9,02186,1
20240814,9,02191,1
20240814,9,02198,1
20240814,9,03310,2
20240814,9,03311,1
20240814,9,03802,2
20240815,0,02111,2
20240815,0,02112,1
20240815,0,02116,2
20240815,0,02122,1
20240815,0,02143,1
20240815,0,02148,1
20240815,0,02171,3
20240815,0,02172,2
20240815,0,02179,1
20240815,0,02185,1
20240815,0,02186,1
20240815,0,02191,1
20240815,0,02198,4
20240815,1,02111,3
20240815,1,02112,1
20240815,1,02116,2
20240815,1,02139,1
20240815,1,02171,1
20240815,1,02172,1
20240815,1,02179,2
20240815,1,02185,1
20240815,1,02198,1
20240815,1,03311,1
20240815,10,02111,1
20240815,10,02116,1
20240815,10,02129,1
20240815,10,02139,1
20240815,10,02143,1
20240815,10,02148,2
20240815,10,02159,1
20240815,10,02172,2
20240815,10,02179,2
20240815,10,02186,2
20240815,10,02191,2
20240815,10,02198,1
20240815,10,03311,3
20240815,10,03802,1
20240815,11,02111,1
20240815,11,02139,1
20240815,11,02143,1
20240815,11,02171,1
20240815,11,02179,4
20240815,11,02191,1
20240815,11,03311,3
20240815,12,02111,1
20240815,12,02116,2
20240815,12,02122,2
20240815,12,02129,1
20240815,12,02130,1
20240815,12,02139,1
20240815,12,02148,2
20240815,12,02159,3
20240815,12,02172,1
20240815,12,02179,1
20240815,12,02185,1
20240815,12,02186,2
20240815,12,02191,1
20240815,12,03311,1
20240815,13,02111,4
20240815,13,02116,1
20240815,13,02122,1
20240815,13,02129,1
20240815,13,02130,1
20240815,13,02139,2
20240815,13,02143,2
20240815,13,02148,1
20240815,13,02159,1
20240815,13,02172,2
20240815,13,02178,2
20240815,13,02179,4
20240815,13,02191,1
20240815,13,02198,3
20240815,13,03311,2
20240815,13,03802,1
20240815,14,02112,3
20240815,14,02116,2
20240815,14,02122,2
20240815,14,02128,2
20240815,14,02129,2
20240815,14,02130,1
20240815,14,02139,1
20240815,14,02148,1
20240815,14,02159,1
20240815,14,02171,2
20240815,14,02179,2
20240815,14,02191,2
20240815,14,02198,1
20240815,14,02199,1
20240815,14,03310,2
20240815,14,03311,1
20240815,15,02112,4
20240815,15,02116,3
20240815,15,02128,1
20240815,15,02139,2
20240815,15,02171,2
20240815,15,02172,1
20240815,15,02179,1
20240815,15,02191,3
20240815,15,02198,1
20240815,15,02199,1
20240815,15,03311,3
20240815,16,02111,3
20240815,16,02112,2
20240815,16,02116,3
20240815,16,02128,1
20240815,16,02129,1
20240815,16,02143,6
20240815,16,02148,1
20240815,16,02171,5
20240815,16,02172,2
20240815,16,02178,2
20240815,16,02179,2
20240815,16,02185,1
20240815,16,02191,1
20240815,16,03311,4
20240815,17,02111,1
20240815,17,02112,3
20240815,17,02122,4
20240815,17,02128,3
20240815,17,02129,2
20240815,17,02139,2
20240815,17,02143,3
20240815,17,02148,4
20240815,17,02159,3
20240815,17,02171,5
20240815,17,02172,3
20240815,17,02179,6
20240815,17,02185,1
20240815,17,02186,1
20240815,17,02191,1
20240815,17,03802,1
20240815,18,02112,3
20240815,18,02122,2
20240815,18,02128,1
20240815,18,02139,3
20240815,18,02143,3
20240815,18,02148,2
20240815,18,02171,1
20240815,18,02172,1
20240815,18,02179,1
20240815,18,02191,3
20240815,18,02198,1
20240815,18,03311,6
20240815,19,02111,3
20240815,19,02112,1
20240815,19,02116,2
20240815,19,02122,2
20240815,19,02128,1
20240815,19,02129,2
20240815,19,02139,2
20240815,19,02143,4
20240815,19,02148,1
20240815,19,02159,1
20240815,19,02171,5
20240815,19,02179,4
20240815,19,02186,2
20240815,19,02191,1
20240815,19,02198,2
20240815,19,03310,2
20240815,19,03311,1
20240815,2,02111,1
20240815,2,02112,1
20240815,2,02128,1
20240815,2,02148,2
20240815,2,02159,1
20240815,2,02171,1
20240815,2,02179,3
20240815,2,02191,2
20240815,20,02111,8
20240815,20,02112,4
20240815,20,02116,1
20240815,20,02122,2
20240815,20,02128,1
20240815,20,02139,2
20240815,20,02143,2
20240815,20,02148,1
20240815,20,02171,6
20240815,20,02178,1
20240815,20,02179,3
20240815,20,02185,2
20240815,20,02186,5
20240815,20,02191,2
20240815,20,02199,1
20240815,20,03802,1
20240815,21,02112,2
20240815,21,02116,3
20240815,21,02122,2
20240815,21,02128,1
20240815,21,02129,1
20240815,21,02139,1
20240815,21,02143,1
20240815,21,02148,2
20240815,21,02159,1
20240815,21,02171,3
20240815,21,02178,3
20240815,21,02179,6
20240815,21,02185,1
20240815,21,02191,4
20240815,21,02198,2
20240815,21,03311,3
20240815,21,03802,4
20240815,22,02112,2
20240815,22,02116,4
20240815,22,02122,3
20240815,22,02148,1
20240815,22,02159,1
20240815,22,02171,5
20240815,22,02178,1
20240815,22,02179,2
20240815,22,02185,2
20240815,22,02191,4
20240815,22,02198,4
20240815,22,03311,3
20240815,23,02111,5
20240815,23,02122,1
20240815,23,02171,1
20240815,23,02185,2
20240815,23,02186,2
20240815,23,02191,2
20240815,23,02198,1
20240815,23,03311,1
20240815,3,02111,2
20240815,3,02116,1
20240815,3,02122,2
20240815,3,02128,1
20240815,3,02171,1
20240815,3,02178,1
20240815,3,02179,1
20240815,3,02186,1
20240815,3,02191,3
20240815,3,03310,1
20240815,4,02112,1
20240815,4,02122,1
20240815,4,02139,1
20240815,4,02191,1
20240815,4,02198,1
20240815,4,03311,1
20240815,5,02129,1
20240815,5,02139,1
20240815,5,02159,1
20240815,5,02185,1
20240815,5,03310,1
20240815,6,02129,1
20240815,6,02143,1
20240815,6,02171,1
20240815,7,02111,1
20240815,7,02112,1
20240815,7,02139,1
20240815,7,02159,1
20240815,7,02171,1
20240815,7,02186,2
20240815,7,02191,2
20240815,7,02198,1
20240815,7,03311,1
20240815,8,02111,2
20240815,8,02122,1
20240815,8,02129,1
20240815,8,02159,1
20240815,8,02171,1
20240815,8,02191,3
20240815,9,02111,1
20240815,9,02112,1
20240815,9,02129,1
20240815,9,02130,1
20240815,9,02139,3
20240815,9,02143,2
20240815,9,02159,1
20240815,9,02171,1
20240815,9,02178,1
20240815,9,02179,3
20240815,9,02185,2
20240815,9,02191,2
20240815,9,02198,1
20240815,9,02199,1
20240816,0,02111,1
20240816,0,02112,1
20240816,0,02116,5
20240816,0,02139,3
20240816,0,02148,1
20240816,0,02159,1
20240816,0,02171,6
20240816,0,02179,7
20240816,0,02191,1
20240816,0,02198,3
20240816,0,03311,1
20240816,1,02111,1
20240816,1,02112,2
20240816,1,02122,1
20240816,1,02179,1
20240816,1,02186,1
20240816,1,02191,2
20240816,1,02198,1
20240816,10,02111,1
20240816,10,02112,1
20240816,10,02116,1
20240816,10,02122,4
20240816,10,02139,2
20240816,10,02143,1
20240816,10,02148,1
20240816,10,02171,3
20240816,10,02172,2
20240816,10,02178,1
20240816,10,02179,3
20240816,10,02185,3
20240816,10,02191,1
20240816,10,02198,2
20240816,10,03311,1
20240816,10,03802,1
20240816,11,02111,2
20240816,11,02112,1
20240816,11,02116,2
20240816,11,02122,1
20240816,11,02128,1
20240816,11,02129,1
20240816,11,02148,1
20240816,11,02171,1
20240816,11,02186,1
20240816,11,02191,3
20240816,11,02198,2
20240816,11,03311,2
20240816,12,02111,2
20240816,12,02128,2
20240816,12,02129,1
20240816,12,02172,1
20240816,12,02179,3
20240816,12,02185,1
20240816,12,02191,3
20240816,12,02198,3
20240816,12,03311,1
20240816,12,03802,1
20240816,13,02111,4
20240816,13,02116,1
20240816,13,02122,2
20240816,13,02130,1
20240816,13,02171,4
20240816,13,02172,3
20240816,13,02179,2
20240816,13,02186,1
20240816,13,02198,3
20240816,13,03311,5
20240816,13,03802,3
20240816,14,02112,1
20240816,14,02116,1
20240816,14,02128,1
20240816,14,02143,1
20240816,14,02171,1
20240816,14,02172,4
20240816,14,02179,1
20240816,14,02186,1
20240816,14,02191,2
20240816,14,02198,2
20240816,14,03310,1
20240816,14,03311,3
20240816,15,02111,2
20240816,15,02112,1
20240816,15,02116,1
20240816,15,02122,2
20240816,15,02128,2
20240816,15,02129,2
20240816,15,02130,1
20240816,15,02143,1
20240816,15,02148,1
20240816,15,02171,2
20240816,15,02172,1
20240816,15,02186,2
20240816,15,02191,2
20240816,15,03311,1
20240816,16,02111,5
20240816,16,02112,1
20240816,16,02128,1
20240816,16,02139,1
20240816,16,02143,1
20240816,16,02148,1
20240816,16,02171,2
20240816,16,02172,1
20240816,16,02179,2
20240816,16,02185,1
20240816,16,02191,2
20240816,16,03311,4
20240816,17,02111,3
20240816,17,02112,2
20240816,17,02116,1
20240816,17,02128,2
20240816,17,02129,2
20240816,17,02143,1
20240816,17,02148,7
20240816,17,02171,3
20240816,17,02179,2
20240816,17,02185,1
20240816,17,02186,1
20240816,17,02191,2
20240816,17,02198,2
20240816,17,03311,3
20240816,18,02111,1
20240816,18,02112,1
20240816,18,02122,2
20240816,18,02129,5
20240816,18,02139,1
20240816,18,02143,1
20240816,18,02148,3
20240816,18,02159,1
20240816,18,02171,6
20240816,18,02178,1
20240816,18,02179,3
20240816,18,02185,9
20240816,18,02186,1
20240816,18,02191,3
20240816,18,02198,1
20240816,18,03311,4
20240816,19,02111,2
20240816,19,02112,6
20240816,19,02116,1
20240816,19,02122,3
20240816,19,02129,5
20240816,19,02143,2
20240816,19,02148,5
20240816,19,02159,1
20240816,19,02171,1
20240816,19,02172,1
20240816,19,02178,1
20240816,19,02179,4
20240816,19,02186,2
20240816,19,02191,4
20240816,19,02198,1
20240816,19,02199,1
20240816,19,03311,2
20240816,19,03802,3
20240816,2,02128,1
20240816,2,02143,1
20240816,2,02179,1
20240816,2,02185,2
20240816,2,02191,4
20240816,2,02198,1
20240816,2,03311,1
20240816,20,02111,7
20240816,20,02112,3
20240816,20,02116,2
20240816,20,02122,3
20240816,20,02128,2
20240816,20,02129,2
20240816,20,02139,4
20240816,20,02148,1
20240816,20,02171,9
20240816,20,02178,2
20240816,20,02179,10
20240816,20,02185,4
20240816,20,02186,2
20240816,20,02191,3
20240816,20,02198,3
20240816,20,03311,1
20240816,20,03802,4
20240816,21,02111,4
20240816,21,02112,5
20240816,21,02116,5
20240816,21,02128,2
20240816,21,02129,1
20240816,21,02139,2
20240816,21,02143,2
20240816,21,02148,2
20240816,21,02159,1
20240816,21,02171,6
20240816,21,02172,2
20240816,21,02178,2
20240816,21,02179,1
20240816,21,02185,3
20240816,21,02186,1
20240816,21,02191,2
20240816,21,02198,1
20240816,21,03311,1
20240816,21,03802,6
20240816,22,02112,2
20240816,22,02116,2
20240816,22,02143,1
20240816,22,02148,2
20240816,22,02159,2
20240816,22,02171,3
20240816,22,02172,1
20240816,22,02178,2
20240816,22,02179,3
20240816,22,02185,1
20240816,22,02186,1
20240816,22,02191,3
20240816,22,02198,2
20240816,22,03311,1
20240816,23,02111,2
20240816,23,02112,1
20240816,23,02122,1
20240816,23,02128,3
20240816,23,02139,1
20240816,23,02148,3
20240816,23,02159,1
20240816,23,02171,2
20240816,23,02179,4
20240816,23,02186,1
20240816,23,03311,1
20240816,3,02111,1
20240816,3,02139,1
20240816,3,02179,1
20240816,3,02198,1
20240816,4,02111,1
20240816,4,02171,1
20240816,4,02179,1
20240816,5,02116,1
20240816,5,02122,1
20240816,5,02129,2
20240816,5,02139,1
20240816,5,02159,1
20240816,5,02179,2
20240816,5,02185,1
20240816,6,02111,1
20240816,6,02186,1
20240816,6,02191,1
20240816,6,03311,1
20240816,6,03802,1
20240816,7,02111,1
20240816,7,02116,1
20240816,7,02122,1
20240816,7,02128,1
20240816,7,02139,2
20240816,7,02159,1
20240816,7,02171,1
20240816,7,02179,1
20240816,7,02186,3
20240816,7,02191,2
20240816,7,03802,4
20240816,8,02111,1
20240816,8,02129,1
20240816,8,02139,3
20240816,8,02143,1
20240816,8,02148,1
20240816,8,02159,1
20240816,8,02171,1
20240816,8,02178,1
20240816,8,02179,2
20240816,8,02185,1
20240816,8,02186,1
20240816,8,02191,2
20240816,8,02198,1
20240816,8,03310,1
20240816,8,03311,2
20240816,8,03802,3
20240816,9,02111,1
20240816,9,02122,1
20240816,9,02129,1
20240816,9,02130,1
20240816,9,02139,1
20240816,9,02143,1
20240816,9,02148,2
20240816,9,02159,1
20240816,9,02171,1
20240816,9,02172,2
20240816,9,02179,3
20240816,9,02185,2
20240816,9,02186,1
20240816,9,02191,4
20240816,9,02198,1
20240816,9,03311,1
20240816,9,03802,3
20240817,0,02111,2
20240817,0,02112,1
20240817,0,02116,2
20240817,0,02122,2
20240817,0,02128,2
20240817,0,02143,1
20240817,0,02148,1
20240817,0,02171,3
20240817,0,02179,3
20240817,0,02185,3
20240817,0,02186,1
20240817,0,03311,3
20240817,1,02111,4
20240817,1,02112,4
20240817,1,02116,2
20240817,1,02148,1
20240817,1,02171,3
20240817,1,02185,2
20240817,1,02191,2
20240817,1,02198,4
20240817,1,03311,2
20240817,10,02111,1
20240817,10,02112,1
20240817,10,02116,4
20240817,10,02122,2
20240817,10,02128,1
20240817,10,02129,2
20240817,10,02130,1
20240817,10,02143,2
20240817,10,02171,2
20240817,10,02172,4
20240817,10,02179,2
20240817,10,02186,1
20240817,10,02191,2
20240817,10,02198,1
20240817,10,03802,4
20240817,11,02111,5
20240817,11,02112,1
20240817,11,02116,1
20240817,11,02128,1
20240817,11,02129,1
20240817,11,02139,2
20240817,11,02143,1
20240817,11,02171,2
20240817,11,02172,3
20240817,11,02178,1
20240817,11,02179,2
20240817,11,02186,1
20240817,11,02191,3
20240817,11,02198,2
20240817,11,03311,1
20240817,11,03802,5
20240817,12,02111,3
20240817,12,02112,1
20240817,12,02122,2
20240817,12,02148,1
20240817,12,02171,1
20240817,12,02172,1
20240817,12,02178,2
20240817,12,02185,1
20240817,12,02191,1
20240817,12,02198,3
20240817,12,03311,4
20240817,13,02111,3
20240817,13,02112,3
20240817,13,02116,2
20240817,13,02122,2
20240817,13,02128,1
20240817,13,02171,3
20240817,13,02179,2
20240817,13,02191,3
20240817,13,02198,2
20240817,13,02199,1
20240817,13,03311,1
20240817,14,02111,4
20240817,14,02112,2
20240817,14,02116,1
20240817,14,02122,1
20240817,14,02128,1
20240817,14,02139,1
20240817,14,02148,1
20240817,14,02159,1
20240817,14,02171,3
20240817,14,02172,2
20240817,14,02179,2
20240817,14,02185,1
20240817,14,02191,1
20240817,14,03311,1
20240817,14,03802,1
20240817,15,02111,1
20240817,15,02112,3
20240817,15,02116,1
20240817,15,02128,1
20240817,15,02148,1
20240817,15,02171,3
20240817,15,02179,4
20240817,15,02185,3
20240817,15,02186,2
20240817,15,02191,2
20240817,15,02198,1
20240817,15,03311,4
20240817,16,02111,1
20240817,16,02112,3
20240817,16,02116,1
20240817,16,02122,2
20240817,16,02171,2
20240817,16,02172,2
20240817,16,02179,1
20240817,16,02185,1
20240817,16,03311,2
20240817,17,02112,1
20240817,17,02129,1
20240817,17,02171,1
20240817,17,02172,1
20240817,17,02178,1
20240817,17,03802,2
20240817,18,02111,3
20240817,18,02122,1
20240817,18,02128,1
20240817,18,02129,2
20240817,18,02139,3
20240817,18,02143,1
20240817,18,02171,1
20240817,18,02172,5
20240817,18,02179,2
20240817,18,02191,1
20240817,18,02198,2
20240817,18,03311,1
20240817,19,02111,6
20240817,19,02112,1
20240817,19,02122,1
20240817,19,02128,1
20240817,19,02129,2
20240817,19,02139,1
20240817,19,02148,1
20240817,19,02171,7
20240817,19,02172,2
20240817,19,02179,2
20240817,19,02185,3
20240817,19,02191,1
20240817,19,03311,4
20240817,2,02111,1
20240817,2,02112,1
20240817,2,02116,1
20240817,2,02128,1
20240817,2,02143,1
20240817,2,02171,1
20240817,2,02172,1
20240817,2,02179,2
20240817,2,02191,1
20240817,2,02198,3
20240817,2,03311,2
20240817,20,02111,3
20240817,20,02112,1
20240817,20,02116,2
20240817,20,02122,1
20240817,20,02129,2
20240817,20,02130,2
20240817,20,02139,1
20240817,20,02143,1
20240817,20,02148,1
20240817,20,02171,2
20240817,20,02172,1
20240817,20,02178,1
20240817,20,02179,1
20240817,20,02185,4
20240817,20,02186,3
20240817,20,02191,3
20240817,20,03311,2
20240817,20,03802,2
20240817,21,02111,2
20240817,21,02112,3
20240817,21,02128,1
20240817,21,02130,1
20240817,21,02148,1
20240817,21,02171,2
20240817,21,02172,1
20240817,21,02179,1
20240817,21,02185,4
20240817,21,02186,1
20240817,21,02191,1
20240817,21,02198,1
20240817,21,03311,1
20240817,21,03802,1
20240817,22,02111,2
20240817,22,02112,1
20240817,22,02122,3
20240817,22,02148,2
20240817,22,02171,3
20240817,22,02179,1
20240817,22,02186,3
20240817,22,02191,3
20240817,22,02198,2
20240817,22,03311,1
20240817,22,03802,1
20240817,23,02111,2
20240817,23,02112,3
20240817,23,02128,3
20240817,23,02139,1
20240817,23,02143,2
20240817,23,02171,1
20240817,23,02172,1
20240817,23,02178,1
20240817,23,02179,2
20240817,23,02185,4
20240817,23,02198,1
20240817,3,02111,1
20240817,3,02139,2
20240817,3,02148,1
20240817,3,02171,2
20240817,3,02179,1
20240817,3,02185,1
20240817,3,02186,1
20240817,3,02191,1
20240817,3,02198,1
20240817,4,02111,1
20240817,4,02112,1
20240817,4,02139,1
20240817,4,02148,1
20240817,4,02179,1
20240817,4,02191,1
20240817,5,02122,1
20240817,5,02159,1
20240817,5,02185,1
20240817,6,02111,1
20240817,6,02179,1
20240817,6,02185,1
20240817,6,02186,2
20240817,7,02111,1
20240817,7,02143,2
20240817,7,02171,1
20240817,7,02172,1
20240817,7,02179,2
20240817,7,02185,2
20240817,7,02186,1
20240817,7,02191,1
20240817,7,03311,1
20240817,7,03802,1
20240817,8,02111,2
20240817,8,02112,2
20240817,8,02122,1
20240817,8,02171,2
20240817,8,02186,1
20240817,8,02191,2
20240817,8,02198,1
20240817,8,03311,2
20240817,9,02111,1
20240817,9,02116,2
20240817,9,02139,1
20240817,9,02159,1
20240817,9,02179,3
20240817,9,02185,2
20240817,9,02186,1
20240817,9,02191,1
20240817,9,02198,3
20240817,9,03311,2
20240818,0,02111,4
20240818,0,02112,1
20240818,0,02116,2
20240818,0,02122,1
20240818,0,02128,1
20240818,0,02139,1
20240818,0,02143,2
20240818,0,02148,2
20240818,0,02171,2
20240818,0,02178,1
20240818,0,02179,1
20240818,0,02198,2
20240818,0,03311,2
20240818,1,02111,1
20240818,1,02112,2
20240818,1,02116,1
20240818,1,02129,1
20240818,1,02171,2
20240818,1,02172,1
20240818,1,02186,1
20240818,1,02191,1
20240818,1,02198,2
20240818,1,03311,1
20240818,10,02122,1
20240818,10,02128,1
20240818,10,02139,2
20240818,10,02143,1
20240818,10,02148,1
20240818,10,02159,2
20240818,10,02171,1
20240818,10,02172,1
20240818,10,02179,3
20240818,10,02185,1
20240818,10,03802,1
20240818,11,02111,1
20240818,11,02116,1
20240818,11,02122,1
20240818,11,02128,1
20240818,11,02139,1
20240818,11,02143,1
20240818,11,02148,2
20240818,11,02159,1
20240818,11,02171,1
20240818,11,02172,1
20240818,11,02179,2
20240818,11,02186,1
20240818,11,02191,1
20240818,11,02198,1
20240818,11,03802,2
20240818,12,02111,5
20240818,12,02112,1
20240818,12,02122,1
20240818,12,02128,1
20240818,12,02139,1
20240818,12,02148,1
20240818,12,02159,2
20240818,12,02171,1
20240818,12,02172,1
20240818,12,02179,2
20240818,12,02186,1
20240818,12,02191,1
20240818,12,02198,1
20240818,12,03311,2
20240818,13,02111,2
20240818,13,02112,4
20240818,13,02122,1
20240818,13,02139,1
20240818,13,02171,1
20240818,13,02172,2
20240818,13,02179,1
20240818,13,02185,1
20240818,13,02186,1
20240818,13,02191,2
20240818,13,03311,1
20240818,13,03802,2
20240818,14,02111,3
20240818,14,02116,1
20240818,14,02122,2
20240818,14,02129,2
20240818,14,02130,1
20240818,14,02139,1
20240818,14,02171,1
20240818,14,02179,2
20240818,14,02186,3
20240818,14,03311,1
20240818,15,02111,2
20240818,15,02112,2
20240818,15,02122,1
20240818,15,02128,2
20240818,15,02129,1
20240818,15,02143,1
20240818,15,02148,2
20240818,15,02171,2
20240818,15,02172,1
20240818,15,02179,2
20240818,15,02186,2
20240818,15,02191,1
20240818,15,02198,1
20240818,15,03311,2
20240818,15,03802,2
20240818,16,02111,6
20240818,16,02112,1
20240818,16,02116,3
20240818,16,02122,3
20240818,16,02130,1
20240818,16,02139,3
20240818,16,02171,2
20240818,16,02172,2
20240818,16,02179,1
20240818,16,02185,1
20240818,16,02191,1
20240818,16,02198,1
20240818,16,02199,1
20240818,16,03311,2
20240818,16,03802,2
20240818,17,02111,4
20240818,17,02112,3
20240818,17,02116,3
20240818,17,02128,1
20240818,17,02129,3
20240818,17,02139,1
20240818,17,02143,2
20240818,17,02171,2
20240818,17,02172,2
20240818,17,02179,6
20240818,17,02191,1
20240818,17,02198,2
20240818,17,03311,4
20240818,17,03802,2
20240818,18,02111,3
20240818,18,02116,2
20240818,18,02122,3
20240818,18,02128,1
20240818,18,02129,1
20240818,18,02139,3
20240818,18,02143,3
20240818,18,02148,2
20240818,18,02159,1
20240818,18,02171,2
20240818,18,02172,1
20240818,18,02179,2
20240818,18,02185,3
20240818,18,02186,1
20240818,18,02191,1
20240818,18,02198,2
20240818,18,03311,3
20240818,19,02111,1
20240818,19,02112,2
20240818,19,02122,2
20240818,19,02128,4
20240818,19,02139,1
20240818,19,02148,2
20240818,19,02159,1
20240818,19,02171,3
20240818,19,02172,2
20240818,19,02178,1
20240818,19,02179,2
20240818,19,02185,1
20240818,19,02191,2
20240818,19,02198,4
20240818,2,02111,1
20240818,2,02122,1
20240818,2,02128,2
20240818,2,02148,1
20240818,2,02159,1
20240818,2,02171,1
20240818,2,02179,1
20240818,2,02191,1
20240818,2,02198,1
20240818,20,02111,3
20240818,20,02112,3
20240818,20,02116,1
20240818,20,02122,1
20240818,20,02128,2
20240818,20,02129,1
20240818,20,02139,2
20240818,20,02171,4
20240818,20,02172,1
20240818,20,02178,1
20240818,20,02179,4
20240818,20,02185,4
20240818,20,02186,4
20240818,20,02191,3
20240818,20,02198,3
20240818,20,03311,1
20240818,21,02111,1
20240818,21,02112,2
20240818,21,02116,3
20240818,21,02122,2
20240818,21,02128,1
20240818,21,02139,1
20240818,21,02143,1
20240818,21,02148,7
20240818,21,02171,8
20240818,21,02172,4
20240818,21,02178,1
20240818,21,02179,3
20240818,21,02191,2
20240818,21,02198,1
20240818,21,03310,2
20240818,21,03311,2
20240818,22,02112,4
20240818,22,02116,1
20240818,22,02122,1
20240818,22,02130,1
20240818,22,02143,1
20240818,22,02171,3
20240818,22,02178,1
20240818,22,02191,2
20240818,22,02198,2
20240818,22,03311,3
20240818,22,03802,1
20240818,23,02111,4
20240818,23,02112,1
20240818,23,02116,2
20240818,23,02139,1
20240818,23,02143,3
20240818,23,02148,1
20240818,23,02171,2
20240818,23,02178,1
20240818,23,02179,1
20240818,23,02185,1
20240818,23,02186,2
20240818,23,02191,1
20240818,23,02198,1
20240818,3,02112,1
20240818,3,02139,1
20240818,3,02171,1
20240818,3,02172,1
20240818,3,02179,2
20240818,3,02185,1
20240818,3,02198,1
20240818,4,02171,1
20240818,4,02179,1
20240818,4,02185,1
20240818,4,02191,1
20240818,5,02122,1
20240818,5,02148,1
20240818,6,02185,1
20240818,6,02186,1
20240818,7,02111,1
20240818,7,02122,1
20240818,7,02130,1
20240818,7,02172,1
20240818,7,02179,1
20240818,7,02185,1
20240818,7,02186,1
20240818,7,02198,1
20240818,8,02111,2
20240818,8,02139,1
20240818,8,02143,1
20240818,8,02171,1
20240818,8,02172,1
20240818,8,02179,1
20240818,8,02185,1
20240818,8,02191,1
20240818,9,02112,1
20240818,9,02139,2
20240818,9,02148,1
20240818,9,02172,1
20240818,9,02185,3
20240818,9,02191,4
20240818,9,02199,1
20240818,9,03310,1
20240819,0,02111,1
20240819,0,02112,2
20240819,0,02116,1
20240819,0,02122,1
20240819,0,02128,2
20240819,0,02143,1
20240819,0,02171,5
20240819,0,02179,3
20240819,0,02185,2
20240819,0,02191,2
20240819,0,02198,2
20240819,0,03311,1
20240819,1,02111,1
20240819,1,02112,2
20240819,1,02116,4
20240819,1,02148,1
20240819,1,02159,2
20240819,1,02171,2
20240819,1,02179,1
20240819,1,02186,1
20240819,10,02111,1
20240819,10,02122,2
20240819,10,02143,1
20240819,10,02148,1
20240819,10,02171,1
20240819,10,02178,1
20240819,10,02179,2
20240819,10,02186,1
20240819,10,02191,4
20240819,10,02198,1
20240819,10,03310,1
20240819,10,03311,1
20240819,10,03802,2
20240819,11,02112,1
20240819,11,02116,2
20240819,11,02122,1
20240819,11,02129,1
20240819,11,02139,1
20240819,11,02143,1
20240819,11,02148,2
20240819,11,02171,1
20240819,11,02172,3
20240819,11,02186,1
20240819,11,03310,2
20240819,11,03311,2
20240819,11,03802,1
20240819,12,02111,2
20240819,12,02112,1
20240819,12,02116,1
20240819,12,02122,1
20240819,12,02129,1
20240819,12,02171,2
20240819,12,02178,2
20240819,12,02179,4
20240819,12,02185,1
20240819,12,02191,2
20240819,12,02198,4
20240819,12,03802,3
20240819,13,02111,2
20240819,13,02112,2
20240819,13,02116,1
20240819,13,02122,2
20240819,13,02128,1
20240819,13,02130,2
20240819,13,02139,1
20240819,13,02143,1
20240819,13,02148,1
20240819,13,02159,2
20240819,13,02171,2
20240819,13,02172,1
20240819,13,02179,1
20240819,13,02185,1
20240819,13,02186,1
20240819,13,02191,3
20240819,13,03311,2
20240819,13,03802,1
20240819,14,02111,1
20240819,14,02112,2
20240819,14,02116,4
20240819,14,02122,1
20240819,14,02148,2
20240819,14,02171,1
20240819,14,02172,1
20240819,14,02179,3
20240819,14,02185,2
20240819,14,02186,1
20240819,14,02198,2
20240819,14,02199,1
20240819,14,03311,1
20240819,15,02111,1
20240819,15,02116,2
20240819,15,02129,1
20240819,15,02139,1
20240819,15,02143,2
20240819,15,02148,1
20240819,15,02171,4
20240819,15,02186,1
20240819,15,02191,2
20240819,15,02198,2
20240819,15,03310,1
20240819,15,03311,4
20240819,16,02111,2
20240819,16,02112,1
20240819,16,02128,1
20240819,16,02129,1
20240819,16,02130,1
20240819,16,02139,1
20240819,16,02148,1
20240819,16,02171,2
20240819,16,02172,1
20240819,16,02178,2
20240819,16,02179,1
20240819,16,02191,2
20240819,16,02198,2
20240819,16,03311,2
20240819,16,03802,1
20240819,17,02111,5
20240819,17,02116,2
20240819,17,02128,1
20240819,17,02129,1
20240819,17,02139,1
20240819,17,02148,2
20240819,17,02171,2
20240819,17,02172,1
20240819,17,02178,5
20240819,17,02179,3
20240819,17,02186,1
20240819,17,02191,1
20240819,17,02198,1
20240819,17,03311,5
20240819,17,03802,1
20240819,18,02111,2
20240819,18,02112,3
20240819,18,02122,2
20240819,18,02128,1
20240819,18,02129,2
20240819,18,02130,1
20240819,18,02139,3
20240819,18,02143,3
20240819,18,02148,6
20240819,18,02171,5
20240819,18,02172,1
20240819,18,02178,4
20240819,18,02179,4
20240819,18,02198,2
20240819,18,03311,11
20240819,19,02111,1
20240819,19,02112,4
20240819,19,02116,3
20240819,19,02122,2
20240819,19,02139,3
20240819,19,02143,1
20240819,19,02148,4
20240819,19,02159,2
20240819,19,02171,8
20240819,19,02178,2
20240819,19,02179,1
20240819,19,02185,4
20240819,19,02191,1
20240819,19,02198,4
20240819,19,03311,1
20240819,19,03802,3
20240819,2,02111,1
20240819,2,02112,1
20240819,2,02139,2
20240819,2,02143,1
20240819,2,02171,1
20240819,2,02179,1
20240819,2,02198,1
20240819,2,03311,1
20240819,20,02111,4
20240819,20,02112,3
20240819,20,02116,9
20240819,20,02122,2
20240819,20,02129,2
20240819,20,02143,2
20240819,20,02148,2
20240819,20,02159,2
20240819,20,02171,8
20240819,20,02172,1
20240819,20,02178,2
20240819,20,02179,7
20240819,20,02185,2
20240819,20,02186,6
20240819,20,02198,1
20240819,20,03310,1
20240819,20,03311,1
20240819,20,03802,5
20240819,21,02111,3
20240819,21,02112,4
20240819,21,02116,1
20240819,21,02122,3
20240819,21,02128,1
20240819,21,02129,2
20240819,21,02139,2
20240819,21,02148,3
20240819,21,02159,1
20240819,21,02171,3
20240819,21,02172,3
20240819,21,02179,3
20240819,21,02185,1
20240819,21,02186,1
20240819,21,02191,3
20240819,21,02198,6
20240819,21,03311,3
20240819,21,03802,7
20240819,22,02111,2
20240819,22,02112,3
20240819,22,02116,2
20240819,22,02122,2
20240819,22,02128,1
20240819,22,02139,1
20240819,22,02148,2
20240819,22,02171,4
20240819,22,02179,4
20240819,22,02185,4
20240819,22,02186,1
20240819,22,02198,1
20240819,22,02199,1
20240819,22,03311,2
20240819,23,02111,4
20240819,23,02112,3
20240819,23,02128,1
20240819,23,02143,1
20240819,23,02148,1
20240819,23,02159,1
20240819,23,02172,1
20240819,23,02179,2
20240819,23,02198,3
20240819,3,02111,3
20240819,3,02116,1
20240819,3,02178,1
20240819,3,02179,1
20240819,3,02185,1
20240819,4,02111,1
20240819,4,02112,1
20240819,4,02191,1
20240819,5,02111,1
20240819,5,02112,1
20240819,5,02122,2
20240819,5,02139,1
20240819,5,02148,2
20240819,5,02171,1
20240819,5,02178,1
20240819,5,02185,1
20240819,5,02186,1
20240819,6,02112,1
20240819,6,02122,1
20240819,6,02148,1
20240819,6,02178,1
20240819,6,02191,1
20240819,6,02198,1
20240819,6,02199,1
20240819,6,03310,2
20240819,6,03311,1
20240819,6,03802,3
20240819,7,02111,1
20240819,7,02112,1
20240819,7,02122,1
20240819,7,02139,1
20240819,7,02148,2
20240819,7,02159,1
20240819,7,02171,2
20240819,7,02172,1
20240819,7,02178,1
20240819,7,02179,1
20240819,7,02185,2
20240819,7,02186,3
20240819,7,02191,1
20240819,7,02198,2
20240819,7,03310,4
20240819,7,03311,2
20240819,7,03802,10
20240819,8,02111,1
20240819,8,02116,2
20240819,8,02122,2
20240819,8,02130,1
20240819,8,02139,3
20240819,8,02143,1
20240819,8,02148,2
20240819,8,02171,2
20240819,8,02172,3
20240819,8,02178,1
20240819,8,02185,3
20240819,8,02186,1
20240819,8,02191,3
20240819,8,02198,3
20240819,8,03310,3
20240819,8,03311,1
20240819,9,02111,3
20240819,9,02112,3
20240819,9,02129,1
20240819,9,02139,1
20240819,9,02143,1
20240819,9,02171,3
20240819,9,02172,1
20240819,9,02178,1
20240819,9,02179,3
20240819,9,02185,1
20240819,9,02191,1
20240819,9,02199,1
20240819,9,03310,1
20240819,9,03802,1
20240820,0,02111,1
20240820,0,02112,1
20240820,0,02116,1
20240820,0,02128,1
20240820,0,02139,1
20240820,0,02148,2
20240820,0,02171,2
20240820,0,02179,3
20240820,0,02185,1
20240820,0,02186,1
20240820,0,02198,1
20240820,0,03311,5
20240820,1,02111,3
20240820,1,02112,3
20240820,1,02116,1
20240820,1,02139,1
20240820,1,02143,1
20240820,1,02148,1
20240820,1,02171,1
20240820,1,02179,3
20240820,1,02185,2
20240820,1,02186,2
20240820,1,02191,1
20240820,10,02112,2
20240820,10,02128,3
20240820,10,02129,1
20240820,10,02139,2
20240820,10,02148,2
20240820,10,02171,1
20240820,10,02172,1
20240820,10,02178,1
20240820,10,02179,2
20240820,10,02185,2
20240820,10,02186,1
20240820,10,02191,2
20240820,10,03310,1
20240820,10,03311,2
20240820,10,03802,1
20240820,11,02111,2
20240820,11,02112,1
20240820,11,02116,1
20240820,11,02122,1
20240820,11,02128,1
20240820,11,02129,2
20240820,11,02130,1
20240820,11,02148,1
20240820,11,02159,1
20240820,11,02171,2
20240820,11,02172,1
20240820,11,02179,2
20240820,11,02198,2
20240820,11,03311,1
20240820,12,02111,3
20240820,12,02112,1
20240820,12,02130,1
20240820,12,02139,1
20240820,12,02148,3
20240820,12,02172,1
20240820,12,02178,2
20240820,12,02179,1
20240820,12,02198,3
20240820,12,02199,1
20240820,12,03802,1
20240820,13,02116,1
20240820,13,02122,1
20240820,13,02128,1
20240820,13,02129,1
20240820,13,02171,1
20240820,13,02172,1
20240820,13,02179,3
20240820,13,02185,2
20240820,13,02186,1
20240820,13,02198,2
20240820,13,03310,1
20240820,13,03311,1
20240820,14,02111,1
20240820,14,02128,1
20240820,14,02129,2
20240820,14,02139,1
20240820,14,02148,2
20240820,14,02172,1
20240820,14,02179,4
20240820,14,02191,2
20240820,14,02198,4
20240820,15,02112,2
20240820,15,02122,2
20240820,15,02128,2
20240820,15,02129,1
20240820,15,02143,1
20240820,15,02148,1
20240820,15,02171,2
20240820,15,02172,2
20240820,15,02179,1
20240820,15,02185,3
20240820,15,02198,1
20240820,15,03311,2
20240820,16,02111,3
20240820,16,02112,2
20240820,16,02116,1
20240820,16,02130,1
20240820,16,02148,1
20240820,16,02171,4
20240820,16,02172,1
20240820,16,02178,1
20240820,16,02179,4
20240820,16,02185,2
20240820,16,02186,3
20240820,16,02198,1
20240820,16,03310,2
20240820,16,03311,3
20240820,16,03802,1
20240820,17,02111,5
20240820,17,02112,2
20240820,17,02116,1
20240820,17,02122,2
20240820,17,02129,4
20240820,17,02139,1
20240820,17,02148,3
20240820,17,02172,2
20240820,17,02178,2
20240820,17,02179,2
20240820,17,02185,3
20240820,17,02186,1
20240820,17,02191,4
20240820,17,02198,2
20240820,17,02199,1
20240820,17,03310,3
20240820,17,03311,4
20240820,18,02111,3
20240820,18,02112,3
20240820,18,02116,4
20240820,18,02122,2
20240820,18,02129,1
20240820,18,02139,4
20240820,18,02143,1
20240820,18,02148,5
20240820,18,02171,4
20240820,18,02172,4
20240820,18,02178,2
20240820,18,02179,4
20240820,18,02185,3
20240820,18,02186,1
20240820,18,02191,1
20240820,18,02198,5
20240820,18,03311,5
20240820,18,03802,5
20240820,19,02111,3
20240820,19,02112,2
20240820,19,02116,1
20240820,19,02122,1
20240820,19,02128,1
20240820,19,02139,3
20240820,19,02143,2
20240820,19,02148,4
20240820,19,02171,8
20240820,19,02172,1
20240820,19,02179,4
20240820,19,02185,1
20240820,19,02186,3
20240820,19,02191,2
20240820,19,02198,2
20240820,19,03311,2
20240820,19,03802,6
20240820,2,02116,1
20240820,2,02122,2
20240820,2,02139,1
20240820,2,02178,1
20240820,2,02179,1
20240820,2,02191,1
20240820,2,02198,1
20240820,20,02111,5
20240820,20,02112,4
20240820,20,02116,3
20240820,20,02122,3
20240820,20,02128,3
20240820,20,02139,1
20240820,20,02143,2
20240820,20,02148,2
20240820,20,02159,3
20240820,20,02171,8
20240820,20,02172,2
20240820,20,02178,2
20240820,20,02179,6
20240820,20,02185,1
20240820,20,02186,4
20240820,20,02191,1
20240820,20,02198,3
20240820,20,03311,3
20240820,20,03802,4
20240820,21,02111,1
20240820,21,02112,2
20240820,21,02116,2
20240820,21,02128,2
20240820,21,02129,2
20240820,21,02143,2
20240820,21,02171,6
20240820,21,02172,1
20240820,21,02179,6
20240820,21,02185,1
20240820,21,02186,2
20240820,21,02191,3
20240820,21,02198,3
20240820,21,02199,1
20240820,21,03310,1
20240820,21,03311,1
20240820,21,03802,5
20240820,22,02111,3
20240820,22,02112,1
20240820,22,02116,3
20240820,22,02122,2
20240820,22,02129,1
20240820,22,02148,2
20240820,22,02171,4
20240820,22,02172,2
20240820,22,02179,4
20240820,22,02185,1
20240820,22,02186,1
20240820,22,02191,2
20240820,22,02198,3
20240820,22,03311,2
20240820,22,03802,1
20240820,23,02111,2
20240820,23,02112,3
20240820,23,02116,3
20240820,23,02128,1
20240820,23,02129,1
20240820,23,02139,1
20240820,23,02171,4
20240820,23,02179,3
20240820,23,02198,3
20240820,3,02139,1
20240820,3,02148,1
20240820,3,02179,1
20240820,3,02185,1
20240820,4,02111,1
20240820,4,02139,1
20240820,4,02159,1
20240820,4,02171,1
20240820,4,02179,1
20240820,4,03311,1
20240820,5,02112,2
20240820,5,02122,2
20240820,5,02128,1
20240820,5,02129,1
20240820,5,02139,1
20240820,5,02179,1
20240820,5,02185,1
20240820,5,02186,2
20240820,5,02198,1
20240820,6,02111,2
20240820,6,02116,1
20240820,6,02122,1
20240820,6,02128,1
20240820,6,02129,1
20240820,6,02139,1
20240820,6,02143,1
20240820,6,02148,1
20240820,6,02171,1
20240820,6,02179,1
20240820,6,02185,1
20240820,6,02191,2
20240820,6,02198,1
20240820,6,03311,2
20240820,6,03802,3
20240820,7,02111,2
20240820,7,02112,2
20240820,7,02116,3
20240820,7,02139,2
20240820,7,02143,2
20240820,7,02148,1
20240820,7,02171,1
20240820,7,02172,2
20240820,7,02179,3
20240820,7,02185,2
20240820,7,02186,3
20240820,7,02191,2
20240820,7,02198,1
20240820,7,03311,3
20240820,7,03802,7
20240820,8,02112,1
20240820,8,02116,1
20240820,8,02128,1
20240820,8,02130,2
20240820,8,02139,3
20240820,8,02143,2
20240820,8,02171,2
20240820,8,02179,4
20240820,8,02185,2
20240820,8,02186,2
20240820,8,02191,5
20240820,8,02198,2
20240820,8,03802,2
20240820,9,02111,1
20240820,9,02112,2
20240820,9,02122,2
20240820,9,02128,1
20240820,9,02139,1
20240820,9,02171,2
20240820,9,02172,1
20240820,9,02179,1
20240820,9,02185,2
20240820,9,02191,2
20240820,9,02198,4
20240820,9,03310,1
20240820,9,03311,2
20240820,9,03802,1
20240821,0,02112,1
20240821,0,02128,1
20240821,0,02139,1
20240821,0,02148,1
20240821,0,02191,1
20240821,0,03310,2
20240821,0,03311,3
20240821,1,02111,1
20240821,1,02116,1
20240821,1,02122,1
20240821,1,02171,2
20240821,1,02179,1
20240821,1,02198,1
20240821,10,02111,1
20240821,10,02186,1
20240821,11,02111,1
20240821,11,02128,1
20240821,11,02139,1
20240821,11,02143,1
20240821,11,02148,1
20240821,11,02159,1
20240821,11,02191,1
20240821,12,02112,1
20240821,12,02129,1
20240821,12,02148,1
20240821,12,02172,2
20240821,12,02179,1
20240821,13,02111,2
20240821,13,02122,1
20240821,13,02128,1
20240821,13,02148,2
20240821,13,02171,2
20240821,13,02186,1
20240821,13,02199,1
20240821,14,02111,1
20240821,14,02112,1
20240821,14,02129,1
20240821,14,02143,1
20240821,14,02171,2
20240821,14,02172,1
20240821,14,02179,1
20240821,14,02186,1
20240821,14,02191,2
20240821,14,02198,1
20240821,14,03310,1
20240821,15,02111,2
20240821,15,02112,1
20240821,15,02116,3
20240821,15,02128,2
20240821,15,02129,1
20240821,15,02148,1
20240821,15,02171,2
20240821,15,02172,1
20240821,15,02186,1
20240821,15,02198,1
20240821,15,03310,2
20240821,15,03311,1
20240821,16,02111,3
20240821,16,02112,2
20240821,16,02116,1
20240821,16,02122,5
20240821,16,02139,1
20240821,16,02143,1
20240821,16,02148,1
20240821,16,02159,1
20240821,16,02171,2
20240821,16,02172,1
20240821,16,02179,3
20240821,16,02185,2
20240821,16,02191,1
20240821,16,03311,3
20240821,16,03802,1
20240821,17,02111,6
20240821,17,02112,4
20240821,17,02122,2
20240821,17,02139,1
20240821,17,02148,2
20240821,17,02159,1
20240821,17,02171,1
20240821,17,02172,2
20240821,17,02178,2
20240821,17,02179,1
20240821,17,02185,1
20240821,17,02186,2
20240821,17,02198,2
20240821,17,02199,1
20240821,17,03311,1
20240821,18,02111,1
20240821,18,02112,5
20240821,18,02139,3
20240821,18,02143,1
20240821,18,02148,3
20240821,18,02159,1
20240821,18,02171,3
20240821,18,02172,3
20240821,18,02178,1
20240821,18,02179,2
20240821,18,02185,2
20240821,18,02186,1
20240821,18,02191,2
20240821,18,02198,1
20240821,19,02116,2
20240821,19,02122,1
20240821,19,02139,1
20240821,19,02148,3
20240821,19,02171,2
20240821,19,02172,1
20240821,19,02178,1
20240821,19,02179,2
20240821,19,02198,1
20240821,19,02199,1
20240821,19,03310,1
20240821,20,02111,3
20240821,20,02112,5
20240821,20,02116,2
20240821,20,02122,1
20240821,20,02128,1
20240821,20,02139,1
20240821,20,02143,1
20240821,20,02172,1
20240821,20,02178,2
20240821,20,02179,3
20240821,20,02185,1
20240821,20,02198,2
20240821,20,03311,2
20240821,21,02111,4
20240821,21,02112,6
20240821,21,02116,5
20240821,21,02129,1
20240821,21,02143,1
20240821,21,02159,2
20240821,21,02171,5
20240821,21,02172,1
20240821,21,02178,3
20240821,21,02179,6
20240821,21,02185,1
20240821,21,02191,1
20240821,21,02198,2
20240821,21,03311,1
20240821,21,03802,5
20240821,22,02111,3
20240821,22,02112,7
20240821,22,02116,1
20240821,22,02122,2
20240821,22,02139,2
20240821,22,02143,1
20240821,22,02148,2
20240821,22,02178,2
20240821,22,02179,6
20240821,22,02185,1
20240821,22,02191,2
20240821,22,02198,1
20240821,22,03311,3
20240821,22,03802,2
20240821,23,02111,3
20240821,23,02112,1
20240821,23,02116,1
20240821,23,02128,1
20240821,23,02143,1
20240821,23,02171,1
20240821,23,02178,2
20240821,23,02185,2
20240821,3,02112,1
20240821,3,02139,1
20240821,3,02171,1
20240821,3,02185,2
20240821,3,02191,1
20240821,3,03310,1
20240821,5,02198,1
20240821,5,03310,1
20240821,6,02139,1
20240821,7,03802,1
20240821,9,03311,1
20240822,0,02111,1
20240822,0,02112,3
20240822,0,02116,3
20240822,0,02122,2
20240822,0,02129,1
20240822,0,02139,1
20240822,0,02148,1
20240822,0,02171,1
20240822,0,02172,1
20240822,0,02185,2
20240822,0,02191,3
20240822,0,02198,1
20240822,1,02111,2
20240822,1,02112,4
20240822,1,02116,2
20240822,1,02148,2
20240822,1,02171,1
20240822,1,02178,1
20240822,1,02185,2
20240822,1,02198,1
20240822,10,02122,1
20240822,10,02128,1
20240822,10,02143,1
20240822,10,02171,1
20240822,10,02172,1
20240822,10,02186,1
20240822,10,02191,1
20240822,10,03311,2
20240822,11,02111,3
20240822,11,02112,1
20240822,11,02116,1
20240822,11,02128,1
20240822,11,02139,1
20240822,11,02148,1
20240822,11,02171,2
20240822,11,02172,3
20240822,11,02178,1
20240822,11,02179,2
20240822,11,02185,1
20240822,11,02191,2
20240822,11,02198,1
20240822,11,03311,1
20240822,11,03802,1
20240822,12,02111,2
20240822,12,02116,1
20240822,12,02122,1
20240822,12,02128,1
20240822,12,02129,1
20240822,12,02148,1
20240822,12,02171,1
20240822,12,02172,3
20240822,12,02179,1
20240822,12,02191,3
20240822,12,02198,3
20240822,12,03311,1
20240822,12,03802,1
20240822,13,02112,3
20240822,13,02122,1
20240822,13,02148,3
20240822,13,02171,1
20240822,13,02172,1
20240822,13,02178,1
20240822,13,02179,1
20240822,13,02186,1
20240822,13,02191,1
20240822,13,02198,1
20240822,13,02199,1
20240822,13,03311,1
20240822,13,03802,1
20240822,14,02122,1
20240822,14,02129,1
20240822,14,02143,1
20240822,14,02179,1
20240822,14,02191,1
20240822,14,03311,1
20240822,14,03802,1
20240822,15,02111,2
20240822,15,02116,1
20240822,15,02129,1
20240822,15,02139,1
20240822,15,02171,1
20240822,15,02172,1
20240822,15,02179,2
20240822,15,02185,1
20240822,15,02186,1
20240822,15,02191,1
20240822,15,02199,1
20240822,15,03311,3
20240822,16,02111,2
20240822,16,02122,1
20240822,16,02148,1
20240822,16,02171,1
20240822,16,02172,1
20240822,16,02179,2
20240822,16,02191,1
20240822,16,02198,1
20240822,16,03310,1
20240822,16,03311,1
20240822,17,02111,2
20240822,17,02112,1
20240822,17,02122,2
20240822,17,02128,1
20240822,17,02139,3
20240822,17,02159,1
20240822,17,02171,2
20240822,17,02172,2
20240822,17,02178,4
20240822,17,02179,1
20240822,17,02185,2
20240822,17,02191,3
20240822,17,02198,4
20240822,17,02199,1
20240822,17,03311,3
20240822,17,03802,1
20240822,18,02111,3
20240822,18,02112,1
20240822,18,02116,2
20240822,18,02122,1
20240822,18,02128,1
20240822,18,02129,1
20240822,18,02139,4
20240822,18,02143,1
20240822,18,02148,1
20240822,18,02159,1
20240822,18,02171,8
20240822,18,02172,2
20240822,18,02178,1
20240822,18,02179,7
20240822,18,02185,2
20240822,18,02186,1
20240822,18,02191,4
20240822,18,02198,4
20240822,18,02199,3
20240822,18,03311,3
20240822,18,03802,1
20240822,19,02112,1
20240822,19,02139,3
20240822,19,02143,3
20240822,19,02148,2
20240822,19,02171,3
20240822,19,02179,1
20240822,19,02185,2
20240822,19,02186,2
20240822,19,02191,1
20240822,19,02198,2
20240822,19,02199,1
20240822,19,03311,1
20240822,19,03802,1
20240822,2,02122,1
20240822,2,02139,2
20240822,2,02198,1
20240822,20,02111,2
20240822,20,02112,1
20240822,20,02116,2
20240822,20,02122,3
20240822,20,02148,2
20240822,20,02171,3
20240822,20,02179,1
20240822,20,02191,3
20240822,20,02198,3
20240822,20,02199,1
20240822,20,03311,1
20240822,20,03802,1
20240822,21,02111,2
20240822,21,02112,2
20240822,21,02116,1
20240822,21,02122,1
20240822,21,02139,1
20240822,21,02143,3
20240822,21,02148,1
20240822,21,02159,1
20240822,21,02171,5
20240822,21,02179,1
20240822,21,02185,1
20240822,21,02186,2
20240822,21,03311,2
20240822,21,03802,5
20240822,22,02111,2
20240822,22,02112,3
20240822,22,02116,1
20240822,22,02122,1
20240822,22,02139,2
20240822,22,02148,1
20240822,22,02171,1
20240822,22,02172,1
20240822,22,02178,1
20240822,22,02179,3
20240822,22,02191,1
20240822,22,03311,5
20240822,23,02111,1
20240822,23,02112,2
20240822,23,02116,1
20240822,23,02122,1
20240822,23,02128,1
20240822,23,02171,1
20240822,23,02178,2
20240822,23,02179,3
20240822,23,02198,1
20240822,23,03311,1
20240822,3,02112,1
20240822,3,02116,1
20240822,3,02122,1
20240822,3,02128,1
20240822,3,02139,1
20240822,3,02178,1
20240822,3,02179,1
20240822,3,02191,2
20240822,3,03310,1
20240822,4,02111,1
20240822,4,02139,1
20240822,4,02171,1
20240822,5,02116,2
20240822,5,02122,1
20240822,5,02171,1
20240822,5,02185,2
20240822,5,02186,2
20240822,5,02191,1
20240822,5,02198,2
20240822,5,02199,1
20240822,5,03310,1
20240822,6,02122,1
20240822,6,02129,1
20240822,6,02139,3
20240822,6,02191,1
20240822,6,02198,1
20240822,6,03310,1
20240822,6,03802,3
20240822,7,02111,1
20240822,7,02139,1
20240822,7,02143,1
20240822,7,02148,2
20240822,7,02159,1
20240822,7,02171,2
20240822,7,02172,1
20240822,7,02179,3
20240822,7,02185,3
20240822,7,02186,2
20240822,7,02191,1
20240822,7,03311,2
20240822,7,03802,5
20240822,8,02111,1
20240822,8,02112,1
20240822,8,02116,1
20240822,8,02128,1
20240822,8,02129,1
20240822,8,02139,1
20240822,8,02148,1
20240822,8,02171,3
20240822,8,02172,2
20240822,8,02179,1
20240822,8,02185,1
20240822,8,02191,6
20240822,8,02198,1
20240822,8,03311,1
20240822,9,02111,1
20240822,9,02112,3
20240822,9,02116,1
20240822,9,02122,1
20240822,9,02130,1
20240822,9,02139,1
20240822,9,02148,2
20240822,9,02172,1
20240822,9,02179,3
20240822,9,02186,2
20240822,9,02191,1
20240822,9,02198,3
20240822,9,03311,1
20240822,9,03802,3
20240823,0,02111,1
20240823,0,02112,1
20240823,0,02116,2
20240823,0,02139,3
20240823,0,02171,2
20240823,0,02179,1
20240823,0,02198,2
20240823,0,03310,1
20240823,0,03311,2
20240823,1,02111,3
20240823,1,02112,2
20240823,1,02148,1
20240823,1,02178,1
20240823,1,02179,3
20240823,1,02191,1
20240823,1,02198,2
20240823,10,02116,1
20240823,10,02122,1
20240823,10,02172,2
20240823,10,02179,2
20240823,10,02191,3
20240823,10,02198,2
20240823,10,02199,1
20240823,10,03311,2
20240823,11,02112,3
20240823,11,02116,2
20240823,11,02122,1
20240823,11,02128,1
20240823,11,02148,1
20240823,11,02159,2
20240823,11,02171,2
20240823,11,02172,1
20240823,11,02178,1
20240823,11,02179,1
20240823,11,02191,2
20240823,11,02198,1
20240823,11,02199,1
20240823,11,03310,1
20240823,11,03311,2
20240823,11,03802,2
20240823,12,02111,4
20240823,12,02116,2
20240823,12,02139,1
20240823,12,02148,2
20240823,12,02172,2
20240823,12,02178,1
20240823,12,02198,1
20240823,12,02199,1
20240823,12,03310,2
20240823,12,03311,1
20240823,13,02112,1
20240823,13,02128,2
20240823,13,02130,1
20240823,13,02148,1
20240823,13,02171,3
20240823,13,02172,2
20240823,13,02179,1
20240823,13,02198,1
20240823,13,02199,1
20240823,13,03310,1
20240823,13,03311,2
20240823,14,02111,2
20240823,14,02112,1
20240823,14,02116,1
20240823,14,02122,1
20240823,14,02128,1
20240823,14,02139,1
20240823,14,02148,2
20240823,14,02171,1
20240823,14,02172,7
20240823,14,02179,4
20240823,14,02185,2
20240823,14,02198,5
20240823,14,02199,1
20240823,14,03311,1
20240823,15,02111,1
20240823,15,02112,1
20240823,15,02116,1
20240823,15,02128,2
20240823,15,02130,1
20240823,15,02172,2
20240823,15,02178,1
20240823,15,02179,1
20240823,15,02185,2
20240823,15,02191,2
20240823,15,03310,3
20240823,15,03311,3
20240823,16,02111,1
20240823,16,02112,1
20240823,16,02122,2
20240823,16,02148,1
20240823,16,02159,1
20240823,16,02171,2
20240823,16,02172,1
20240823,16,02178,2
20240823,16,02179,2
20240823,16,02185,2
20240823,16,02191,3
20240823,16,02198,3
20240823,16,03310,2
20240823,16,03311,5
20240823,17,02111,2
20240823,17,02112,1
20240823,17,02116,3
20240823,17,02128,1
20240823,17,02130,1
20240823,17,02139,1
20240823,17,02148,2
20240823,17,02159,2
20240823,17,02171,3
20240823,17,02172,3
20240823,17,02178,1
20240823,17,02179,1
20240823,17,02199,1
20240823,17,03310,1
20240823,17,03311,3
20240823,17,03802,2
20240823,18,02111,2
20240823,18,02112,7
20240823,18,02116,3
20240823,18,02122,2
20240823,18,02128,2
20240823,18,02139,1
20240823,18,02143,1
20240823,18,02148,3
20240823,18,02171,7
20240823,18,02172,3
20240823,18,02178,3
20240823,18,02179,2
20240823,18,02185,1
20240823,18,02191,3
20240823,18,02198,2
20240823,18,03310,3
20240823,18,03311,6
20240823,19,02111,1
20240823,19,02112,4
20240823,19,02116,3
20240823,19,02122,1
20240823,19,02128,3
20240823,19,02139,2
20240823,19,02148,3
20240823,19,02159,1
20240823,19,02171,2
20240823,19,02172,2
20240823,19,02178,2
20240823,19,02179,5
20240823,19,02186,2
20240823,19,02191,3
20240823,19,02198,5
20240823,19,02199,1
20240823,19,03310,1
20240823,19,03311,4
20240823,19,03802,1
20240823,2,02111,1
20240823,2,02112,1
20240823,2,02128,1
20240823,2,02139,1
20240823,2,02171,2
20240823,2,02178,1
20240823,2,02191,2
20240823,20,02111,5
20240823,20,02112,3
20240823,20,02116,4
20240823,20,02143,1
20240823,20,02148,1
20240823,20,02159,2
20240823,20,02171,3
20240823,20,02172,1
20240823,20,02178,2
20240823,20,02179,5
20240823,20,02185,1
20240823,20,02191,3
20240823,20,02198,1
20240823,20,02199,1
20240823,20,03310,1
20240823,20,03311,2
20240823,20,03802,4
20240823,21,02111,4
20240823,21,02112,4
20240823,21,02116,3
20240823,21,02122,2
20240823,21,02128,1
20240823,21,02129,5
20240823,21,02139,2
20240823,21,02143,2
20240823,21,02148,2
20240823,21,02171,8
20240823,21,02178,3
20240823,21,02179,2
20240823,21,02185,3
20240823,21,02186,1
20240823,21,02191,2
20240823,21,02198,1
20240823,21,02199,1
20240823,21,03310,1
20240823,21,03311,3
20240823,21,03802,5
20240823,22,02111,2
20240823,22,02116,2
20240823,22,02128,2
20240823,22,02139,1
20240823,22,02143,1
20240823,22,02148,1
20240823,22,02171,2
20240823,22,02172,1
20240823,22,02178,2
20240823,22,02179,7
20240823,22,02191,1
20240823,22,03311,2
20240823,23,02111,6
20240823,23,02112,1
20240823,23,02116,2
20240823,23,02128,1
20240823,23,02139,1
20240823,23,02143,2
20240823,23,02148,1
20240823,23,02171,1
20240823,23,02172,2
20240823,23,02178,1
20240823,23,02179,5
20240823,23,02185,2
20240823,23,02191,1
20240823,23,03311,2
20240823,3,02171,1
20240823,3,02178,1
20240823,3,02185,2
20240823,3,02198,1
20240823,3,02199,2
20240823,3,03802,1
20240823,4,02111,1
20240823,4,02116,2
20240823,4,02128,1
20240823,4,02139,2
20240823,4,02179,1
20240823,4,02185,1
20240823,4,02191,1
20240823,5,02112,1
20240823,5,02139,2
20240823,5,02172,1
20240823,5,02185,1
20240823,5,02191,1
20240823,5,02198,1
20240823,5,03311,1
20240823,6,02111,1
20240823,6,02112,1
20240823,6,02122,1
20240823,6,02129,1
20240823,6,02186,1
20240823,6,03802,5
20240823,7,02111,1
20240823,7,02116,1
20240823,7,02128,1
20240823,7,02139,1
20240823,7,02148,1
20240823,7,02171,1
20240823,7,02172,1
20240823,7,02179,1
20240823,7,02191,1
20240823,7,03802,2
20240823,8,02111,1
20240823,8,02122,1
20240823,8,02139,4
20240823,8,02148,3
20240823,8,02171,2
20240823,8,02172,1
20240823,8,02179,2
20240823,8,02185,2
20240823,8,02191,3
20240823,8,02198,1
20240823,8,03311,2
20240823,8,03802,2
20240823,9,02111,2
20240823,9,02112,3
20240823,9,02116,1
20240823,9,02122,1
20240823,9,02129,1
20240823,9,02139,1
20240823,9,02148,2
20240823,9,02171,4
20240823,9,02172,1
20240823,9,02179,2
20240823,9,02185,2
20240823,9,02186,2
20240823,9,02191,1
20240823,9,02198,1
20240823,9,02199,1
20240824,0,02111,3
20240824,0,02116,3
20240824,0,02128,1
20240824,0,02139,1
20240824,0,02148,1
20240824,0,02171,2
20240824,0,02179,1
20240824,0,02185,1
20240824,0,02186,1
20240824,0,02191,1
20240824,0,02198,2
20240824,0,03311,1
20240824,1,02111,3
20240824,1,02112,1
20240824,1,02122,3
20240824,1,02148,1
20240824,1,02171,3
20240824,1,02178,1
20240824,1,02179,2
20240824,1,02185,1
20240824,1,02191,1
20240824,1,02198,1
20240824,1,03310,1
20240824,1,03311,2
20240824,10,02111,1
20240824,10,02112,2
20240824,10,02116,2
20240824,10,02122,2
20240824,10,02128,1
20240824,10,02129,1
20240824,10,02139,3
20240824,10,02143,1
20240824,10,02148,1
20240824,10,02171,4
20240824,10,02172,1
20240824,10,02179,3
20240824,10,02186,3
20240824,10,02191,1
20240824,10,02198,1
20240824,10,03310,2
20240824,10,03311,1
20240824,10,03802,2
20240824,11,02111,5
20240824,11,02112,2
20240824,11,02122,1
20240824,11,02129,1
20240824,11,02139,1
20240824,11,02171,4
20240824,11,02172,1
20240824,11,02178,2
20240824,11,02179,2
20240824,11,02185,2
20240824,11,02186,1
20240824,11,02198,5
20240824,11,02199,1
20240824,11,03310,1
20240824,11,03802,5
20240824,12,02111,2
20240824,12,02112,1
20240824,12,02116,2
20240824,12,02128,1
20240824,12,02159,1
20240824,12,02171,1
20240824,12,02172,2
20240824,12,02186,1
20240824,12,02191,1
20240824,12,03311,2
20240824,13,02122,1
20240824,13,02128,2
20240824,13,02130,1
20240824,13,02139,1
20240824,13,02148,1
20240824,13,02171,2
20240824,13,02172,1
20240824,13,02178,1
20240824,13,02179,3
20240824,13,02185,2
20240824,13,02191,4
20240824,13,03311,6
20240824,14,02111,1
20240824,14,02112,2
20240824,14,02122,2
20240824,14,02128,2
20240824,14,02143,1
20240824,14,02148,4
20240824,14,02171,2
20240824,14,02172,2
20240824,14,02179,1
20240824,14,02185,1
20240824,14,02198,3
20240824,14,03310,1
20240824,14,03311,1
20240824,15,02111,4
20240824,15,02116,3
20240824,15,02122,1
20240824,15,02128,2
20240824,15,02139,1
20240824,15,02143,1
20240824,15,02171,2
20240824,15,02172,1
20240824,15,02178,1
20240824,15,02179,5
20240824,15,02198,2
20240824,15,03310,2
20240824,15,03311,1
20240824,15,03802,1
20240824,16,02111,2
20240824,16,02112,2
20240824,16,02122,3
20240824,16,02139,2
20240824,16,02148,1
20240824,16,02159,1
20240824,16,02171,4
20240824,16,02172,1
20240824,16,02179,4
20240824,16,02186,1
20240824,16,02191,1
20240824,16,02198,1
20240824,16,03310,1
20240824,16,03311,5
20240824,16,03802,2
20240824,17,02111,2
20240824,17,02116,2
20240824,17,02128,1
20240824,17,02130,3
20240824,17,02139,2
20240824,17,02148,3
20240824,17,02159,1
20240824,17,02171,1
20240824,17,02172,3
20240824,17,02178,2
20240824,17,02179,1
20240824,17,02185,2
20240824,17,02191,2
20240824,17,02198,2
20240824,17,03311,2
20240824,17,03802,3
20240824,18,02111,2
20240824,18,02112,1
20240824,18,02128,2
20240824,18,02130,2
20240824,18,02139,3
20240824,18,02143,1
20240824,18,02148,5
20240824,18,02171,5
20240824,18,02179,2
20240824,18,02185,1
20240824,18,02186,2
20240824,18,02191,1
20240824,18,02198,3
20240824,18,03311,3
20240824,19,02111,2
20240824,19,02116,1
20240824,19,02122,2
20240824,19,02128,1
20240824,19,02130,1
20240824,19,02139,1
20240824,19,02148,4
20240824,19,02159,1
20240824,19,02171,2
20240824,19,02178,2
20240824,19,02179,3
20240824,19,02185,4
20240824,19,02191,1
20240824,19,03310,3
20240824,19,03311,2
20240824,2,02111,2
20240824,2,02116,2
20240824,2,02122,1
20240824,2,02128,1
20240824,2,02129,1
20240824,2,02171,2
20240824,2,02172,3
20240824,2,02179,2
20240824,2,02186,1
20240824,2,02191,1
20240824,2,02198,3
20240824,20,02111,3
20240824,20,02112,3
20240824,20,02116,2
20240824,20,02122,4
20240824,20,02128,1
20240824,20,02148,2
20240824,20,02171,5
20240824,20,02179,1
20240824,20,02185,4
20240824,20,02191,4
20240824,20,02198,1
20240824,20,03311,3
20240824,20,03802,3
20240824,21,02111,3
20240824,21,02116,2
20240824,21,02122,1
20240824,21,02143,2
20240824,21,02148,3
20240824,21,02159,2
20240824,21,02171,7
20240824,21,02179,4
20240824,21,02185,2
20240824,21,02186,3
20240824,21,02191,5
20240824,21,02198,1
20240824,21,02199,1
20240824,21,03802,1
20240824,22,02111,1
20240824,22,02112,2
20240824,22,02122,1
20240824,22,02128,2
20240824,22,02139,3
20240824,22,02148,1
20240824,22,02159,1
20240824,22,02171,2
20240824,22,02172,1
20240824,22,02179,3
20240824,22,02185,2
20240824,22,02186,1
20240824,22,02198,2
20240824,22,03310,2
20240824,22,03311,3
20240824,23,02111,1
20240824,23,02112,2
20240824,23,02116,1
20240824,23,02128,1
20240824,23,02139,2
20240824,23,02148,2
20240824,23,02171,2
20240824,23,02172,1
20240824,23,02179,2
20240824,23,02185,1
20240824,23,02198,1
20240824,3,02111,1
20240824,3,02116,1
20240824,3,02128,1
20240824,3,02143,1
20240824,3,02171,1
20240824,3,03310,1
20240824,4,02112,2
20240824,4,02171,1
20240824,4,02179,1
20240824,4,02185,2
20240824,4,02198,1
20240824,5,02112,1
20240824,5,02116,1
20240824,5,02139,1
20240824,5,02179,1
20240824,5,02185,1
20240824,5,02186,1
20240824,5,02191,1
20240824,5,02198,1
20240824,5,03311,1
20240824,6,02129,1
20240824,6,02159,2
20240824,6,02185,1
20240824,6,02186,1
20240824,6,02191,1
20240824,6,03311,2
20240824,7,02111,1
20240824,7,02139,1
20240824,7,02148,1
20240824,7,02172,1
20240824,7,02185,1
20240824,7,02191,1
20240824,7,03310,2
20240824,7,03802,1
20240824,8,02112,1
20240824,8,02129,1
20240824,8,02139,3
20240824,8,02171,1
20240824,8,02172,1
20240824,8,02179,1
20240824,8,02185,1
20240824,8,02191,3
20240824,8,03310,1
20240824,8,03802,1
20240824,9,02111,2
20240824,9,02112,1
20240824,9,02116,1
20240824,9,02129,1
20240824,9,02130,1
20240824,9,02148,4
20240824,9,02159,1
20240824,9,02171,2
20240824,9,02172,1
20240824,9,02179,2
20240824,9,02185,2
20240824,9,02186,1
20240824,9,02191,1
20240824,9,03310,3
20240824,9,03311,1
20240825,0,02111,2
20240825,0,02112,1
20240825,0,02116,5
20240825,0,02122,1
20240825,0,02128,2
20240825,0,02139,1
20240825,0,02171,3
20240825,0,02172,1
20240825,0,02179,4
20240825,0,02185,1
20240825,0,02186,1
20240825,0,02198,3
20240825,0,03311,3
20240825,1,02111,2
20240825,1,02112,2
20240825,1,02116,1
20240825,1,02128,1
20240825,1,02143,1
20240825,1,02171,2
20240825,1,02179,2
20240825,1,02185,2
20240825,1,02186,1
20240825,10,02111,2
20240825,10,02112,1
20240825,10,02128,2
20240825,10,02130,2
20240825,10,02139,1
20240825,10,02143,2
20240825,10,02159,1
20240825,10,02179,1
20240825,10,02185,1
20240825,10,02198,1
20240825,10,03310,1
20240825,10,03311,2
20240825,10,03802,2
20240825,11,02111,4
20240825,11,02112,1
20240825,11,02116,1
20240825,11,02128,1
20240825,11,02139,2
20240825,11,02143,1
20240825,11,02148,2
20240825,11,02171,1
20240825,11,02178,1
20240825,11,02185,1
20240825,11,02191,2
20240825,11,02199,1
20240825,11,03311,3
20240825,11,03802,1
20240825,12,02112,2
20240825,12,02116,1
20240825,12,02122,2
20240825,12,02128,1
20240825,12,02130,1
20240825,12,02139,1
20240825,12,02143,1
20240825,12,02148,1
20240825,12,02159,1
20240825,12,02171,1
20240825,12,02178,1
20240825,12,02179,2
20240825,12,02185,2
20240825,12,02191,1
20240825,12,03310,1
20240825,12,03311,5
20240825,12,03802,1
20240825,13,02112,1
20240825,13,02116,1
20240825,13,02122,1
20240825,13,02143,1
20240825,13,02148,2
20240825,13,02171,1
20240825,13,02172,1
20240825,13,03802,1
20240825,14,02111,1
20240825,14,02112,1
20240825,14,02116,1
20240825,14,02122,1
20240825,14,02128,1
20240825,14,02130,1
20240825,14,02143,1
20240825,14,02148,1
20240825,14,02171,2
20240825,14,02172,2
20240825,14,02178,1
20240825,14,02179,2
20240825,14,02185,1
20240825,14,02191,1
20240825,14,02198,1
20240825,14,03310,2
20240825,14,03311,2
20240825,14,03802,1
20240825,15,02111,3
20240825,15,02122,1
20240825,15,02130,1
20240825,15,02179,1
20240825,15,02198,1
20240825,15,03310,1
20240825,16,02111,1
20240825,16,02112,2
20240825,16,02122,1
20240825,16,02129,2
20240825,16,02139,1
20240825,16,02172,1
20240825,16,02178,1
20240825,16,02179,3
20240825,16,02185,1
20240825,16,02198,1
20240825,16,03311,1
20240825,16,03802,4
20240825,17,02111,1
20240825,17,02112,1
20240825,17,02148,2
20240825,17,02179,3
20240825,17,02186,2
20240825,17,02191,1
20240825,17,02198,2
20240825,17,03802,1
20240825,18,02111,2
20240825,18,02112,2
20240825,18,02116,1
20240825,18,02122,1
20240825,18,02129,1
20240825,18,02148,2
20240825,18,02159,1
20240825,18,02171,2
20240825,18,02172,4
20240825,18,02178,1
20240825,18,02179,4
20240825,18,02185,3
20240825,18,02186,1
20240825,18,02191,4
20240825,18,02198,3
20240825,18,03310,1
20240825,18,03311,2
20240825,19,02111,4
20240825,19,02112,2
20240825,19,02116,1
20240825,19,02122,1
20240825,19,02128,2
20240825,19,02129,1
20240825,19,02139,1
20240825,19,02143,1
20240825,19,02148,1
20240825,19,02159,1
20240825,19,02171,2
20240825,19,02172,2
20240825,19,02179,3
20240825,19,02185,3
20240825,19,02191,2
20240825,19,02198,1
20240825,19,02199,1
20240825,19,03802,1
20240825,2,02111,1
20240825,2,02122,1
20240825,2,02143,1
20240825,2,02179,6
20240825,2,02198,1
20240825,20,02111,3
20240825,20,02112,3
20240825,20,02116,2
20240825,20,02122,2
20240825,20,02129,1
20240825,20,02139,1
20240825,20,02143,5
20240825,20,02148,4
20240825,20,02171,7
20240825,20,02178,2
20240825,20,02179,4
20240825,20,02191,1
20240825,20,02198,1
20240825,20,03311,1
20240825,20,03802,2
20240825,21,02111,3
20240825,21,02112,4
20240825,21,02116,2
20240825,21,02122,1
20240825,21,02139,1
20240825,21,02143,2
20240825,21,02148,1
20240825,21,02171,2
20240825,21,02172,1
20240825,21,02179,2
20240825,21,02185,4
20240825,21,02186,2
20240825,21,02191,1
20240825,21,02198,1
20240825,21,03310,1
20240825,21,03311,2
20240825,22,02111,3
20240825,22,02112,1
20240825,22,02116,3
20240825,22,02128,1
20240825,22,02130,1
20240825,22,02159,1
20240825,22,02171,2
20240825,22,02178,2
20240825,22,02179,5
20240825,22,02185,2
20240825,22,02191,3
20240825,22,02198,1
20240825,23,02139,2
20240825,23,02159,1
20240825,23,02172,1
20240825,23,02186,1
20240825,23,02191,1
20240825,23,02198,2
20240825,23,03311,3
20240825,3,02111,1
20240825,3,02116,1
20240825,3,02171,1
20240825,3,02178,1
20240825,3,03310,2
20240825,4,02148,1
20240825,4,02171,1
20240825,4,03310,1
20240825,4,03311,2
20240825,5,02111,1
20240825,6,02112,1
20240825,6,02185,1
20240825,6,02191,2
20240825,7,02111,2
20240825,7,02130,1
20240825,7,02139,2
20240825,7,02148,1
20240825,7,02185,1
20240825,7,02186,2
20240825,7,02191,1
20240825,7,02198,1
20240825,7,03311,1
20240825,7,03802,1
20240825,8,02111,1
20240825,8,02112,1
20240825,8,02128,1
20240825,8,02139,1
20240825,8,02148,1
20240825,8,02159,1
20240825,8,02171,1
20240825,8,02172,3
20240825,8,02185,2
20240825,8,02191,2
20240825,8,03310,2
20240825,9,02139,1
20240825,9,02171,1
20240825,9,02185,2
20240825,9,02191,1
20240825,9,03311,1
20240826,0,02111,5
20240826,0,02116,3
20240826,0,02129,3
20240826,0,02159,2
20240826,0,02171,2
20240826,0,02178,2
20240826,0,02179,2
20240826,0,02191,1
20240826,0,02198,2
20240826,0,02199,1
20240826,0,03311,2
20240826,1,02112,1
20240826,1,02116,3
20240826,1,02179,2
20240826,1,02185,2
20240826,1,02186,1
20240826,1,02199,1
20240826,10,02111,2
20240826,10,02112,1
20240826,10,02116,1
20240826,10,02122,1
20240826,10,02129,1
20240826,10,02139,2
20240826,10,02171,2
20240826,10,02178,4
20240826,10,02179,3
20240826,10,03310,2
20240826,10,03311,1
20240826,10,03802,2
20240826,11,02111,2
20240826,11,02112,1
20240826,11,02116,1
20240826,11,02128,1
20240826,11,02139,1
20240826,11,02143,1
20240826,11,02171,3
20240826,11,02172,1
20240826,11,02178,2
20240826,11,02179,1
20240826,11,02185,2
20240826,11,02191,1
20240826,11,02198,2
20240826,11,02199,1
20240826,11,03310,1
20240826,11,03311,1
20240826,11,03802,2
20240826,12,02111,1
20240826,12,02112,4
20240826,12,02129,1
20240826,12,02143,3
20240826,12,02148,2
20240826,12,02171,3
20240826,12,02172,1
20240826,12,02179,1
20240826,12,02186,1
20240826,12,02191,1
20240826,12,02198,3
20240826,12,03802,1
20240826,13,02112,1
20240826,13,02116,3
20240826,13,02122,1
20240826,13,02128,1
20240826,13,02139,1
20240826,13,02148,4
20240826,13,02171,2
20240826,13,02172,2
20240826,13,02178,2
20240826,13,02179,1
20240826,13,02185,1
20240826,13,02191,2
20240826,13,02199,1
20240826,13,03310,2
20240826,13,03311,1
20240826,14,02111,1
20240826,14,02112,1
20240826,14,02116,1
20240826,14,02122,1
20240826,14,02128,1
20240826,14,02143,1
20240826,14,02148,2
20240826,14,02171,1
20240826,14,02178,2
20240826,14,02179,3
20240826,14,02185,1
20240826,14,02186,1
20240826,14,02191,1
20240826,14,03311,3
20240826,15,02111,2
20240826,15,02112,1
20240826,15,02116,1
20240826,15,02122,1
20240826,15,02128,1
20240826,15,02129,1
20240826,15,02143,1
20240826,15,02159,1
20240826,15,02171,4
20240826,15,02178,1
20240826,15,02179,1
20240826,15,02191,2
20240826,15,02198,1
20240826,15,02199,1
20240826,15,03310,2
20240826,15,03311,6
20240826,16,02111,2
20240826,16,02130,1
20240826,16,02143,3
20240826,16,02186,1
20240826,16,03310,1
20240826,16,03311,2
20240826,17,02111,1
20240826,17,02128,1
20240826,17,02129,1
20240826,17,02171,1
20240826,17,02172,1
20240826,17,02185,1
20240826,18,02111,2
20240826,18,02112,1
20240826,18,02122,1
20240826,18,02143,2
20240826,18,02148,4
20240826,18,02159,3
20240826,18,02171,5
20240826,18,02172,1
20240826,18,02178,2
20240826,18,02179,2
20240826,18,02198,2
20240826,18,03310,2
20240826,18,03311,2
20240826,19,02111,1
20240826,19,02112,2
20240826,19,02116,2
20240826,19,02122,2
20240826,19,02129,3
20240826,19,02139,3
20240826,19,02148,1
20240826,19,02171,6
20240826,19,02172,2
20240826,19,02178,1
20240826,19,02179,1
20240826,19,02191,3
20240826,19,02198,1
20240826,19,03310,1
20240826,19,03311,2
20240826,19,03802,2
20240826,2,02111,1
20240826,2,02112,1
20240826,2,02143,1
20240826,2,02148,1
20240826,2,02159,1
20240826,2,02179,1
20240826,2,02185,1
20240826,2,03802,1
20240826,20,02111,1
20240826,20,02112,2
20240826,20,02116,2
20240826,20,02122,4
20240826,20,02128,4
20240826,20,02129,2
20240826,20,02171,4
20240826,20,02172,1
20240826,20,02178,2
20240826,20,02179,10
20240826,20,02185,3
20240826,20,02186,2
20240826,20,02198,3
20240826,20,03310,2
20240826,20,03311,2
20240826,21,02111,4
20240826,21,02116,2
20240826,21,02122,1
20240826,21,02129,2
20240826,21,02130,1
20240826,21,02139,2
20240826,21,02148,1
20240826,21,02159,1
20240826,21,02171,4
20240826,21,02179,7
20240826,21,02185,2
20240826,21,02186,2
20240826,21,02191,4
20240826,21,02198,2
20240826,21,03311,4
20240826,21,03802,2
20240826,22,02111,4
20240826,22,02112,1
20240826,22,02116,1
20240826,22,02139,1
20240826,22,02143,2
20240826,22,02148,2
20240826,22,02159,1
20240826,22,02171,5
20240826,22,02178,2
20240826,22,02179,5
20240826,22,02185,1
20240826,22,02186,2
20240826,22,02191,1
20240826,22,02198,3
20240826,22,03311,4
20240826,22,03802,3
20240826,23,02111,3
20240826,23,02112,2
20240826,23,02116,1
20240826,23,02129,1
20240826,23,02148,2
20240826,23,02171,3
20240826,23,02178,1
20240826,23,02179,3
20240826,23,02186,2
20240826,23,02191,1
20240826,23,03311,2
20240826,3,02111,1
20240826,3,02112,1
20240826,3,02116,1
20240826,3,02143,1
20240826,3,02148,1
20240826,3,02179,2
20240826,3,02185,2
20240826,4,02111,1
20240826,4,02116,1
20240826,4,02148,1
20240826,4,02171,1
20240826,4,02179,1
20240826,4,02186,2
20240826,4,02198,1
20240826,5,02128,1
20240826,5,02139,1
20240826,5,02159,1
20240826,5,02185,1
20240826,6,02112,1
20240826,6,02116,1
20240826,6,02122,1
20240826,6,02129,1
20240826,6,02148,1
20240826,6,03311,1
20240826,6,03802,1
20240826,7,02111,2
20240826,7,02130,1
20240826,7,02139,4
20240826,7,02148,3
20240826,7,02159,2
20240826,7,02171,2
20240826,7,02179,2
20240826,7,02185,3
20240826,7,02186,2
20240826,7,02191,3
20240826,7,02198,1
20240826,7,03802,2
20240826,8,02111,1
20240826,8,02116,1
20240826,8,02122,1
20240826,8,02128,1
20240826,8,02139,3
20240826,8,02143,1
20240826,8,02148,2
20240826,8,02159,1
20240826,8,02171,5
20240826,8,02172,2
20240826,8,02179,1
20240826,8,02185,1
20240826,8,02191,2
20240826,8,02198,3
20240826,8,03311,1
20240826,8,03802,1
20240826,9,02111,1
20240826,9,02112,2
20240826,9,02116,1
20240826,9,02122,1
20240826,9,02128,1
20240826,9,02148,2
20240826,9,02159,1
20240826,9,02171,1
20240826,9,02172,1
20240826,9,02179,1
20240826,9,02185,2
20240826,9,02198,2
20240826,9,03310,1
20240826,9,03311,2
20240826,9,03802,1
20240827,0,02112,1
20240827,0,02128,2
20240827,0,02139,1
20240827,0,02171,1
20240827,0,02178,1
20240827,0,02179,1
20240827,0,02185,1
20240827,0,02186,1
20240827,0,02198,3
20240827,0,03311,1
20240827,1,02111,2
20240827,1,02112,2
20240827,1,02129,1
20240827,1,02143,1
20240827,1,02179,2
20240827,1,02185,2
20240827,1,02198,2
20240827,10,02112,2
20240827,10,02116,2
20240827,10,02122,1
20240827,10,02128,1
20240827,10,02130,1
20240827,10,02148,1
20240827,10,02171,2
20240827,10,02172,1
20240827,10,02178,1
20240827,10,02186,1
20240827,10,02191,1
20240827,10,03311,1
20240827,11,02111,1
20240827,11,02171,3
20240827,11,02179,1
20240827,11,02185,2
20240827,11,02186,1
20240827,11,02191,1
20240827,11,02198,1
20240827,11,03310,1
20240827,12,02111,2
20240827,12,02112,1
20240827,12,02122,1
20240827,12,02128,2
20240827,12,02139,1
20240827,12,02148,1
20240827,12,02191,1
20240827,12,02198,1
20240827,12,03311,1
20240827,12,03802,1
20240827,13,02111,1
20240827,13,02112,1
20240827,13,02128,2
20240827,13,02130,1
20240827,13,02143,2
20240827,13,02148,2
20240827,13,02159,1
20240827,13,02172,2
20240827,13,02179,1
20240827,13,02185,1
20240827,13,02186,1
20240827,13,02191,3
20240827,13,02198,5
20240827,13,03310,1
20240827,14,02112,2
20240827,14,02122,2
20240827,14,02129,2
20240827,14,02143,2
20240827,14,02171,1
20240827,14,02172,1
20240827,14,02178,1
20240827,14,02179,1
20240827,14,02191,1
20240827,14,02198,1
20240827,14,03802,1
20240827,15,02116,2
20240827,15,02122,1
20240827,15,02128,2
20240827,15,02129,3
20240827,15,02143,2
20240827,15,02148,2
20240827,15,02178,1
20240827,15,02179,2
20240827,15,02185,2
20240827,15,02191,5
20240827,15,02198,1
20240827,15,03310,1
20240827,15,03311,2
20240827,15,03802,1
20240827,16,02111,3
20240827,16,02112,1
20240827,16,02116,1
20240827,16,02128,1
20240827,16,02129,2
20240827,16,02130,1
20240827,16,02139,1
20240827,16,02143,1
20240827,16,02148,2
20240827,16,02172,2
20240827,16,02179,3
20240827,16,02191,2
20240827,16,02198,1
20240827,16,02199,1
20240827,16,03311,2
20240827,16,03802,2
20240827,17,02111,5
20240827,17,02112,3
20240827,17,02128,1
20240827,17,02129,1
20240827,17,02139,3
20240827,17,02148,2
20240827,17,02171,4
20240827,17,02172,2
20240827,17,02178,5
20240827,17,02179,2
20240827,17,02185,2
20240827,17,02186,1
20240827,17,02191,1
20240827,17,02198,2
20240827,17,03310,2
20240827,17,03311,4
20240827,17,03802,1
20240827,18,02111,7
20240827,18,02112,2
20240827,18,02122,2
20240827,18,02128,1
20240827,18,02129,1
20240827,18,02130,1
20240827,18,02139,3
20240827,18,02143,1
20240827,18,02148,8
20240827,18,02159,2
20240827,18,02171,2
20240827,18,02172,4
20240827,18,02178,3
20240827,18,02179,1
20240827,18,02185,3
20240827,18,02186,2
20240827,18,02191,4
20240827,18,02198,5
20240827,18,03311,4
20240827,18,03802,4
20240827,19,02111,2
20240827,19,02112,1
20240827,19,02116,4
20240827,19,02122,1
20240827,19,02143,2
20240827,19,02148,3
20240827,19,02171,7
20240827,19,02172,2
20240827,19,02178,2
20240827,19,02179,5
20240827,19,02185,2
20240827,19,02186,1
20240827,19,02191,2
20240827,19,02198,3
20240827,19,03802,2
20240827,2,02112,2
20240827,2,02122,2
20240827,2,02128,1
20240827,2,02139,1
20240827,2,02172,2
20240827,20,02111,4
20240827,20,02112,5
20240827,20,02116,2
20240827,20,02122,10
20240827,20,02128,3
20240827,20,02143,1
20240827,20,02148,2
20240827,20,02171,8
20240827,20,02172,2
20240827,20,02178,3
20240827,20,02179,8
20240827,20,02185,1
20240827,20,02186,4
20240827,20,02191,3
20240827,20,02198,3
20240827,20,03310,1
20240827,20,03311,4
20240827,20,03802,5
20240827,21,02111,7
20240827,21,02112,1
20240827,21,02116,4
20240827,21,02122,2
20240827,21,02139,2
20240827,21,02148,1
20240827,21,02159,1
20240827,21,02171,3
20240827,21,02172,2
20240827,21,02178,1
20240827,21,02179,4
20240827,21,02185,4
20240827,21,02186,3
20240827,21,02198,4
20240827,21,02199,1
20240827,21,03311,2
20240827,21,03802,4
20240827,22,02111,3
20240827,22,02112,2
20240827,22,02116,9
20240827,22,02122,1
20240827,22,02128,1
20240827,22,02139,2
20240827,22,02143,1
20240827,22,02148,2
20240827,22,02171,9
20240827,22,02172,2
20240827,22,02178,1
20240827,22,02179,4
20240827,22,02185,3
20240827,22,02186,1
20240827,22,02191,2
20240827,22,02198,2
20240827,22,03311,3
20240827,22,03802,1
20240827,23,02111,4
20240827,23,02112,3
20240827,23,02116,1
20240827,23,02122,2
20240827,23,02128,3
20240827,23,02139,1
20240827,23,02148,1
20240827,23,02172,1
20240827,23,02178,1
20240827,23,02179,4
20240827,23,02185,3
20240827,23,02186,2
20240827,23,02191,3
20240827,23,02198,1
20240827,23,03311,3
20240827,3,02159,1
20240827,3,02171,1
20240827,3,02179,1
20240827,3,03311,1
20240827,4,02112,1
20240827,4,02171,1
20240827,4,02185,1
20240827,5,02111,1
20240827,5,02122,1
20240827,5,02159,2
20240827,5,02179,1
20240827,5,02186,2
20240827,5,02198,2
20240827,5,03310,1
20240827,6,02111,2
20240827,6,02112,2
20240827,6,02122,1
20240827,6,02159,1
20240827,6,02171,2
20240827,6,02179,1
20240827,6,02198,1
20240827,6,03310,1
20240827,6,03311,1
20240827,6,03802,2
20240827,7,02112,1
20240827,7,02128,1
20240827,7,02130,1
20240827,7,02139,6
20240827,7,02159,2
20240827,7,02171,1
20240827,7,02179,3
20240827,7,02185,2
20240827,7,02186,4
20240827,7,02191,1
20240827,7,02198,1
20240827,7,03310,1
20240827,7,03802,5
20240827,8,02111,1
20240827,8,02116,2
20240827,8,02139,4
20240827,8,02143,1
20240827,8,02148,1
20240827,8,02171,1
20240827,8,02172,1
20240827,8,02185,1
20240827,8,02191,3
20240827,8,02198,3
20240827,8,03310,1
20240827,8,03802,1
20240827,9,02198,1
20240827,9,03310,1
20240827,9,03802,2
20240828,0,02111,1
20240828,0,02139,1
20240828,0,02159,1
20240828,0,02171,1
20240828,0,02179,3
20240828,0,02185,1
20240828,0,02191,2
20240828,0,02198,2
20240828,0,03311,5
20240828,1,02111,1
20240828,1,02129,1
20240828,1,02148,1
20240828,1,02171,2
20240828,1,02179,2
20240828,1,02186,1
20240828,1,02198,2
20240828,10,02111,1
20240828,10,02112,1
20240828,10,02129,1
20240828,10,02143,1
20240828,10,02148,1
20240828,10,02171,1
20240828,10,02172,1
20240828,10,02178,1
20240828,10,02179,6
20240828,10,02185,1
20240828,10,02186,1
20240828,10,02199,1
20240828,10,03802,2
20240828,11,02111,3
20240828,11,02112,2
20240828,11,02116,3
20240828,11,02122,1
20240828,11,02128,2
20240828,11,02139,2
20240828,11,02143,2
20240828,11,02171,2
20240828,11,02191,1
20240828,11,02198,3
20240828,11,03311,2
20240828,11,03802,1
20240828,12,02112,1
20240828,12,02122,3
20240828,12,02129,2
20240828,12,02143,1
20240828,12,02148,1
20240828,12,02172,1
20240828,12,02178,1
20240828,12,02179,2
20240828,12,02191,2
20240828,12,02198,2
20240828,12,03802,1
20240828,13,02111,3
20240828,13,02122,1
20240828,13,02129,1
20240828,13,02139,1
20240828,13,02148,1
20240828,13,02171,2
20240828,13,02172,1
20240828,13,02185,1
20240828,13,02199,2
20240828,13,03311,3
20240828,13,03802,1
20240828,14,02111,3
20240828,14,02112,1
20240828,14,02122,2
20240828,14,02139,1
20240828,14,02148,2
20240828,14,02171,2
20240828,14,02191,1
20240828,14,02198,2
20240828,14,03311,3
20240828,15,02111,2
20240828,15,02112,1
20240828,15,02116,2
20240828,15,02122,1
20240828,15,02128,1
20240828,15,02130,1
20240828,15,02139,1
20240828,15,02143,1
20240828,15,02148,1
20240828,15,02171,2
20240828,15,02172,1
20240828,15,02198,2
20240828,16,02111,1
20240828,16,02112,2
20240828,16,02116,1
20240828,16,02128,2
20240828,16,02129,1
20240828,16,02130,3
20240828,16,02139,2
20240828,16,02171,2
20240828,16,02172,2
20240828,16,02178,1
20240828,16,02179,2
20240828,16,02185,1
20240828,16,02191,1
20240828,16,03311,6
20240828,16,03802,1
20240828,17,02111,3
20240828,17,02112,2
20240828,17,02116,2
20240828,17,02122,2
20240828,17,02128,2
20240828,17,02129,2
20240828,17,02143,2
20240828,17,02148,1
20240828,17,02159,3
20240828,17,02171,4
20240828,17,02172,4
20240828,17,02178,1
20240828,17,02191,1
20240828,17,02198,2
20240828,17,02199,1
20240828,17,03311,5
20240828,17,03802,1
20240828,18,02111,4
20240828,18,02112,2
20240828,18,02116,4
20240828,18,02122,3
20240828,18,02128,1
20240828,18,02129,3
20240828,18,02130,2
20240828,18,02139,1
20240828,18,02143,1
20240828,18,02148,5
20240828,18,02159,3
20240828,18,02171,5
20240828,18,02172,7
20240828,18,02178,3
20240828,18,02179,4
20240828,18,02185,1
20240828,18,02191,2
20240828,18,02198,2
20240828,18,02199,1
20240828,18,03310,2
20240828,18,03311,3
20240828,18,03802,3
20240828,19,02111,5
20240828,19,02112,5
20240828,19,02116,5
20240828,19,02122,3
20240828,19,02129,1
20240828,19,02139,2
20240828,19,02143,1
20240828,19,02148,1
20240828,19,02159,1
20240828,19,02171,5
20240828,19,02178,4
20240828,19,02179,7
20240828,19,02185,3
20240828,19,02186,2
20240828,19,02191,1
20240828,19,02198,4
20240828,19,02199,1
20240828,19,03311,4
20240828,19,03802,2
20240828,2,02111,1
20240828,2,02122,1
20240828,2,02139,1
20240828,2,02171,1
20240828,2,02191,1
20240828,20,02111,4
20240828,20,02112,4
20240828,20,02116,3
20240828,20,02122,3
20240828,20,02128,2
20240828,20,02139,1
20240828,20,02143,1
20240828,20,02148,2
20240828,20,02171,3
20240828,20,02172,1
20240828,20,02178,3
20240828,20,02179,6
20240828,20,02186,1
20240828,20,02191,1
20240828,20,02198,1
20240828,20,03310,3
20240828,20,03311,7
20240828,20,03802,3
20240828,21,02111,5
20240828,21,02112,3
20240828,21,02116,3
20240828,21,02122,1
20240828,21,02129,1
20240828,21,02139,1
20240828,21,02159,2
20240828,21,02171,4
20240828,21,02172,1
20240828,21,02178,3
20240828,21,02179,4
20240828,21,02185,3
20240828,21,02186,1
20240828,21,02191,2
20240828,21,02198,2
20240828,21,03802,6
20240828,22,02111,4
20240828,22,02112,3
20240828,22,02116,3
20240828,22,02128,1
20240828,22,02129,1
20240828,22,02130,1
20240828,22,02148,1
20240828,22,02171,5
20240828,22,02178,1
20240828,22,02179,2
20240828,22,02186,3
20240828,22,02191,2
20240828,22,02198,2
20240828,22,03311,3
20240828,22,03802,2
20240828,23,02111,2
20240828,23,02112,6
20240828,23,02139,1
20240828,23,02148,1
20240828,23,02171,1
20240828,23,02172,2
20240828,23,02178,2
20240828,23,02179,1
20240828,23,02186,1
20240828,23,02191,1
20240828,3,02111,3
20240828,3,02191,1
20240828,4,02111,1
20240828,4,02185,1
20240828,4,02191,1
20240828,4,02198,1
20240828,5,02116,1
20240828,5,02139,1
20240828,5,02148,1
20240828,5,02159,1
20240828,5,02171,2
20240828,5,02185,2
20240828,5,02198,2
20240828,6,02111,1
20240828,6,02128,1
20240828,6,02179,1
20240828,6,02186,1
20240828,6,02191,2
20240828,6,03310,1
20240828,6,03802,1
20240828,7,02111,3
20240828,7,02112,1
20240828,7,02122,1
20240828,7,02128,1
20240828,7,02139,3
20240828,7,02143,1
20240828,7,02148,2
20240828,7,02159,2
20240828,7,02171,1
20240828,7,02179,2
20240828,7,02185,2
20240828,7,02186,4
20240828,7,02191,1
20240828,7,03310,6
20240828,7,03802,1
20240828,8,02111,1
20240828,8,02112,1
20240828,8,02122,2
20240828,8,02128,1
20240828,8,02139,2
20240828,8,02148,3
20240828,8,02171,2
20240828,8,02172,1
20240828,8,02185,3
20240828,8,02186,2
20240828,8,02191,2
20240828,8,02198,3
20240828,8,03310,6
20240828,8,03802,2
20240828,9,02111,1
20240828,9,02112,2
20240828,9,02139,1
20240828,9,02148,1
20240828,9,02159,1
20240828,9,02171,2
20240828,9,02172,2
20240828,9,02179,3
20240828,9,02185,1
20240828,9,02191,1
20240828,9,02198,2
20240828,9,02199,1
20240828,9,03802,3
20240829,0,02111,2
20240829,0,02112,3
20240829,0,02116,1
20240829,0,02122,2
20240829,0,02129,2
20240829,0,02139,3
20240829,0,02148,1
20240829,0,02171,2
20240829,0,02172,1
20240829,0,02179,2
20240829,0,02185,1
20240829,0,02186,1
20240829,0,02198,2
20240829,0,03311,2
20240829,0,03802,1
20240829,1,02111,1
20240829,1,02116,3
20240829,1,02139,1
20240829,1,02171,5
20240829,1,02178,1
20240829,1,02179,5
20240829,1,02198,3
20240829,1,02199,1
20240829,10,02111,1
20240829,10,02112,2
20240829,10,02122,3
20240829,10,02128,1
20240829,10,02130,2
20240829,10,02139,1
20240829,10,02143,1
20240829,10,02148,1
20240829,10,02159,1
20240829,10,02171,2
20240829,10,02179,2
20240829,10,02185,3
20240829,10,02186,3
20240829,10,02198,1
20240829,10,02199,1
20240829,10,03311,3
20240829,11,02111,2
20240829,11,02116,4
20240829,11,02128,2
20240829,11,02139,1
20240829,11,02148,1
20240829,11,02171,1
20240829,11,02172,1
20240829,11,02178,2
20240829,11,02179,1
20240829,11,02185,1
20240829,11,02198,1
20240829,11,02199,1
20240829,11,03311,2
20240829,12,02111,2
20240829,12,02112,2
20240829,12,02122,3
20240829,12,02139,1
20240829,12,02143,1
20240829,12,02148,6
20240829,12,02159,1
20240829,12,02171,3
20240829,12,02179,2
20240829,12,02185,1
20240829,12,02191,1
20240829,12,02198,1
20240829,12,03311,2
20240829,13,02111,1
20240829,13,02122,1
20240829,13,02130,1
20240829,13,02139,1
20240829,13,02148,6
20240829,13,02159,3
20240829,13,02171,3
20240829,13,02178,1
20240829,13,02179,1
20240829,13,02185,1
20240829,13,02191,1
20240829,13,02198,2
20240829,13,02199,1
20240829,13,03311,2
20240829,14,02111,1
20240829,14,02112,2
20240829,14,02116,2
20240829,14,02129,1
20240829,14,02139,2
20240829,14,02143,1
20240829,14,02171,1
20240829,14,02172,1
20240829,14,02179,5
20240829,14,02186,1
20240829,14,02198,3
20240829,14,02199,1
20240829,15,02111,4
20240829,15,02112,1
20240829,15,02128,1
20240829,15,02139,1
20240829,15,02143,2
20240829,15,02148,2
20240829,15,02171,1
20240829,15,02172,1
20240829,15,02178,2
20240829,15,02179,3
20240829,15,02198,1
20240829,15,03311,2
20240829,16,02111,2
20240829,16,02112,3
20240829,16,02116,1
20240829,16,02122,2
20240829,16,02128,1
20240829,16,02130,1
20240829,16,02148,1
20240829,16,02159,1
20240829,16,02171,2
20240829,16,02172,1
20240829,16,02178,2
20240829,16,02179,4
20240829,16,02185,1
20240829,16,02191,2
20240829,16,03311,4
20240829,17,02111,3
20240829,17,02112,1
20240829,17,02116,1
20240829,17,02122,2
20240829,17,02129,2
20240829,17,02143,2
20240829,17,02148,1
20240829,17,02171,2
20240829,17,02172,2
20240829,17,02198,1
20240829,17,03311,2
20240829,18,02111,4
20240829,18,02112,2
20240829,18,02116,1
20240829,18,02122,2
20240829,18,02129,5
20240829,18,02139,2
20240829,18,02148,3
20240829,18,02159,1
20240829,18,02171,10
20240829,18,02172,3
20240829,18,02178,2
20240829,18,02179,5
20240829,18,02185,5
20240829,18,02186,3
20240829,18,02191,1
20240829,18,02198,1
20240829,18,03311,6
20240829,18,03802,2
20240829,19,02111,5
20240829,19,02112,2
20240829,19,02116,2
20240829,19,02128,1
20240829,19,02129,2
20240829,19,02139,2
20240829,19,02143,4
20240829,19,02148,4
20240829,19,02171,9
20240829,19,02172,1
20240829,19,02179,4
20240829,19,02185,2
20240829,19,02186,2
20240829,19,02191,2
20240829,19,02198,1
20240829,19,03310,5
20240829,19,03311,1
20240829,19,03802,1
20240829,2,02111,3
20240829,2,02112,1
20240829,2,02122,1
20240829,2,02185,1
20240829,2,02191,1
20240829,2,03311,2
20240829,20,02111,7
20240829,20,02112,3
20240829,20,02116,3
20240829,20,02122,2
20240829,20,02129,2
20240829,20,02139,2
20240829,20,02143,1
20240829,20,02148,4
20240829,20,02159,1
20240829,20,02171,5
20240829,20,02172,3
20240829,20,02178,3
20240829,20,02179,2
20240829,20,02185,3
20240829,20,02186,2
20240829,20,02191,2
20240829,20,02198,2
20240829,20,03310,1
20240829,20,03311,3
20240829,20,03802,7
20240829,21,02111,4
20240829,21,02112,2
20240829,21,02116,4
20240829,21,02122,1
20240829,21,02128,2
20240829,21,02129,2
20240829,21,02139,1
20240829,21,02143,1
20240829,21,02148,4
20240829,21,02171,6
20240829,21,02172,3
20240829,21,02179,4
20240829,21,02185,3
20240829,21,02186,1
20240829,21,02198,1
20240829,21,03311,4
20240829,21,03802,4
20240829,22,02111,5
20240829,22,02112,6
20240829,22,02116,1
20240829,22,02122,4
20240829,22,02128,2
20240829,22,02129,1
20240829,22,02139,1
20240829,22,02148,2
20240829,22,02171,5
20240829,22,02172,1
20240829,22,02179,5
20240829,22,02186,2
20240829,22,02191,3
20240829,22,02198,2
20240829,22,02199,1
20240829,22,03310,1
20240829,22,03311,4
20240829,22,03802,1
20240829,23,02111,1
20240829,23,02112,3
20240829,23,02116,1
20240829,23,02122,1
20240829,23,02128,1
20240829,23,02139,2
20240829,23,02143,1
20240829,23,02148,1
20240829,23,02171,2
20240829,23,02179,1
20240829,23,02185,1
20240829,23,02186,1
20240829,23,02191,1
20240829,23,02198,3
20240829,3,02111,1
20240829,3,02112,2
20240829,3,02143,1
20240829,3,02179,2
20240829,3,02185,1
20240829,3,02198,1
20240829,4,02112,1
20240829,4,02171,2
20240829,4,02198,1
20240829,5,02112,1
20240829,5,02122,2
20240829,5,02179,1
20240829,5,02185,1
20240829,5,02186,1
20240829,5,02191,1
20240829,6,02111,2
20240829,6,02112,1
20240829,6,02122,1
20240829,6,02129,1
20240829,6,02139,1
20240829,6,02148,1
20240829,6,02159,1
20240829,6,02172,1
20240829,6,02191,1
20240829,6,02198,3
20240829,6,03802,2
20240829,7,02111,3
20240829,7,02112,2
20240829,7,02139,2
20240829,7,02171,3
20240829,7,02179,3
20240829,7,02186,3
20240829,7,02191,3
20240829,7,02198,1
20240829,7,03311,1
20240829,7,03802,3
20240829,8,02111,2
20240829,8,02112,4
20240829,8,02122,1
20240829,8,02128,1
20240829,8,02139,4
20240829,8,02148,1
20240829,8,02159,1
20240829,8,02171,3
20240829,8,02172,1
20240829,8,02178,1
20240829,8,02179,3
20240829,8,02185,6
20240829,8,02191,3
20240829,8,02198,1
20240829,8,03311,3
20240829,8,03802,1
20240829,9,02111,3
20240829,9,02112,3
20240829,9,02116,1
20240829,9,02122,1
20240829,9,02139,2
20240829,9,02143,1
20240829,9,02148,1
20240829,9,02171,2
20240829,9,02172,1
20240829,9,02178,1
20240829,9,02179,4
20240829,9,02185,3
20240829,9,02186,2
20240829,9,02191,2
20240829,9,02198,2
20240829,9,02199,1
20240829,9,03311,1
20240829,9,03802,2
20240830,0,02111,2
20240830,0,02112,2
20240830,0,02116,2
20240830,0,02122,4
20240830,0,02139,2
20240830,0,02171,4
20240830,0,02179,2
20240830,0,02185,3
20240830,0,03311,1
20240830,1,02111,6
20240830,1,02112,1
20240830,1,02116,3
20240830,1,02122,1
20240830,1,02128,1
20240830,1,02139,1
20240830,1,02143,1
20240830,1,02159,1
20240830,1,02171,3
20240830,1,02172,1
20240830,1,02179,3
20240830,1,02186,1
20240830,1,02191,2
20240830,1,02198,6
20240830,1,03310,1
20240830,10,02111,2
20240830,10,02112,2
20240830,10,02122,1
20240830,10,02128,3
20240830,10,02129,1
20240830,10,02139,1
20240830,10,02143,3
20240830,10,02148,1
20240830,10,02171,1
20240830,10,02178,1
20240830,10,02179,1
20240830,10,02185,2
20240830,10,02191,3
20240830,10,02198,1
20240830,10,03310,2
20240830,10,03311,1
20240830,10,03802,1
20240830,11,02111,2
20240830,11,02139,1
20240830,11,02159,1
20240830,11,02171,1
20240830,11,02178,2
20240830,11,02179,1
20240830,11,02186,1
20240830,11,02191,1
20240830,11,02198,1
20240830,11,03311,3
20240830,11,03802,1
20240830,12,02111,2
20240830,12,02112,2
20240830,12,02122,5
20240830,12,02129,2
20240830,12,02148,2
20240830,12,02171,2
20240830,12,02179,1
20240830,12,02185,1
20240830,12,02191,1
20240830,12,02198,1
20240830,12,02199,1
20240830,12,03311,1
20240830,12,03802,1
20240830,13,02111,1
20240830,13,02112,3
20240830,13,02122,2
20240830,13,02128,3
20240830,13,02143,2
20240830,13,02171,2
20240830,13,02172,3
20240830,13,02179,1
20240830,13,02185,1
20240830,13,02186,1
20240830,13,02198,2
20240830,13,02199,2
20240830,13,03311,3
20240830,14,02111,1
20240830,14,02129,1
20240830,14,02139,1
20240830,14,02143,1
20240830,14,02148,1
20240830,14,02171,1
20240830,14,02178,1
20240830,14,02179,2
20240830,14,02185,1
20240830,14,02186,1
20240830,14,02191,2
20240830,15,02111,6
20240830,15,02122,2
20240830,15,02128,1
20240830,15,02148,1
20240830,15,02159,1
20240830,15,02172,2
20240830,15,02178,1
20240830,15,02179,3
20240830,15,02185,2
20240830,15,02191,1
20240830,15,02198,1
20240830,15,03310,2
20240830,15,03311,3
20240830,16,02111,3
20240830,16,02122,1
20240830,16,02128,1
20240830,16,02130,2
20240830,16,02139,1
20240830,16,02143,1
20240830,16,02148,1
20240830,16,02159,2
20240830,16,02171,2
20240830,16,02172,2
20240830,16,02178,1
20240830,16,02179,3
20240830,16,02185,2
20240830,16,02198,1
20240830,16,02199,1
20240830,16,03310,2
20240830,16,03311,6
20240830,16,03802,1
20240830,17,02111,4
20240830,17,02116,3
20240830,17,02122,4
20240830,17,02128,3
20240830,17,02129,1
20240830,17,02130,1
20240830,17,02139,1
20240830,17,02143,1
20240830,17,02148,2
20240830,17,02171,5
20240830,17,02172,2
20240830,17,02178,4
20240830,17,02179,3
20240830,17,02186,2
20240830,17,02191,4
20240830,17,02198,5
20240830,17,03310,1
20240830,17,03311,4
20240830,18,02111,2
20240830,18,02112,4
20240830,18,02116,4
20240830,18,02128,1
20240830,18,02130,2
20240830,18,02139,3
20240830,18,02148,2
20240830,18,02159,2
20240830,18,02171,5
20240830,18,02172,3
20240830,18,02178,3
20240830,18,02179,6
20240830,18,02185,3
20240830,18,02186,2
20240830,18,02198,6
20240830,18,02199,1
20240830,18,03310,4
20240830,18,03311,3
20240830,19,02111,7
20240830,19,02112,5
20240830,19,02116,4
20240830,19,02122,4
20240830,19,02130,1
20240830,19,02139,2
20240830,19,02143,1
20240830,19,02148,1
20240830,19,02171,5
20240830,19,02172,1
20240830,19,02178,3
20240830,19,02179,3
20240830,19,02185,1
20240830,19,02186,2
20240830,19,02191,1
20240830,19,02198,2
20240830,19,03310,2
20240830,19,03311,4
20240830,19,03802,2
20240830,2,02122,2
20240830,2,02171,3
20240830,2,02179,1
20240830,2,02185,2
20240830,2,02191,2
20240830,2,02198,2
20240830,2,03311,1
20240830,20,02111,4
20240830,20,02112,5
20240830,20,02116,4
20240830,20,02122,3
20240830,20,02128,3
20240830,20,02139,1
20240830,20,02143,1
20240830,20,02148,2
20240830,20,02171,4
20240830,20,02179,1
20240830,20,02185,4
20240830,20,02186,3
20240830,20,02191,2
20240830,20,02198,3
20240830,20,02199,1
20240830,20,03310,1
20240830,20,03311,1
20240830,20,03802,5
20240830,21,02111,7
20240830,21,02116,3
20240830,21,02122,2
20240830,21,02139,4
20240830,21,02143,2
20240830,21,02148,3
20240830,21,02159,1
20240830,21,02171,6
20240830,21,02172,2
20240830,21,02178,2
20240830,21,02179,6
20240830,21,02185,1
20240830,21,02186,1
20240830,21,02191,1
20240830,21,02198,2
20240830,21,03311,2
20240830,21,03802,4
20240830,22,02111,2
20240830,22,02112,5
20240830,22,02122,3
20240830,22,02128,2
20240830,22,02148,4
20240830,22,02159,4
20240830,22,02171,3
20240830,22,02172,2
20240830,22,02178,2
20240830,22,02179,1
20240830,22,02185,3
20240830,22,02186,3
20240830,22,02191,4
20240830,22,02198,1
20240830,22,03310,1
20240830,22,03311,1
20240830,23,02111,2
20240830,23,02112,2
20240830,23,02116,4
20240830,23,02129,1
20240830,23,02139,3
20240830,23,02148,2
20240830,23,02171,2
20240830,23,02179,3
20240830,23,02185,1
20240830,23,02186,1
20240830,23,02191,2
20240830,23,02198,2
20240830,3,02111,1
20240830,3,02185,2
20240830,3,02186,1
20240830,3,02198,1
20240830,4,02112,1
20240830,4,02171,1
20240830,4,03311,1
20240830,5,02112,1
20240830,5,02122,1
20240830,5,02159,1
20240830,5,02185,1
20240830,5,02198,2
20240830,6,02111,3
20240830,6,02122,1
20240830,6,02171,1
20240830,6,02186,1
20240830,6,02191,2
20240830,6,02198,1
20240830,6,03311,1
20240830,6,03802,3
20240830,7,02111,2
20240830,7,02116,3
20240830,7,02122,2
20240830,7,02128,2
20240830,7,02130,3
20240830,7,02139,3
20240830,7,02143,1
20240830,7,02148,1
20240830,7,02171,1
20240830,7,02178,1
20240830,7,02179,4
20240830,7,02185,1
20240830,7,02186,3
20240830,7,02191,3
20240830,7,02198,2
20240830,7,03310,3
20240830,7,03311,4
20240830,7,03802,2
20240830,8,02111,1
20240830,8,02112,1
20240830,8,02116,3
20240830,8,02128,2
20240830,8,02129,1
20240830,8,02148,1
20240830,8,02171,2
20240830,8,02179,2
20240830,8,02185,2
20240830,8,02191,1
20240830,8,02198,1
20240830,8,02199,1
20240830,8,03310,4
20240830,8,03311,2
20240830,8,03802,3
20240830,9,02111,1
20240830,9,02112,2
20240830,9,02122,1
20240830,9,02129,1
20240830,9,02139,1
20240830,9,02148,1
20240830,9,02159,3
20240830,9,02171,3
20240830,9,02172,1
20240830,9,02178,1
20240830,9,02179,4
20240830,9,02185,1
20240830,9,02186,3
20240830,9,02198,1
20240830,9,03311,1
20240830,9,03802,2
20240831,0,02111,3
20240831,0,02112,2
20240831,0,02122,2
20240831,0,02128,3
20240831,0,02139,1
20240831,0,02148,1
20240831,0,02171,3
20240831,0,02172,2
20240831,0,02178,1
20240831,0,02179,3
20240831,0,02185,1
20240831,0,02191,1
20240831,1,02111,3
20240831,1,02116,3
20240831,1,02122,1
20240831,1,02128,1
20240831,1,02129,1
20240831,1,02139,1
20240831,1,02171,6
20240831,1,02179,2
20240831,1,02185,1
20240831,1,02186,1
20240831,1,02198,1
20240831,1,02199,1
20240831,10,02111,2
20240831,10,02112,1
20240831,10,02122,1
20240831,10,02128,1
20240831,10,02129,1
20240831,10,02139,2
20240831,10,02148,3
20240831,10,02171,1
20240831,10,02172,4
20240831,10,02178,1
20240831,10,02179,4
20240831,10,02185,1
20240831,10,02186,1
20240831,10,02191,4
20240831,10,02199,2
20240831,10,03802,4
20240831,11,02111,5
20240831,11,02112,2
20240831,11,02116,3
20240831,11,02122,1
20240831,11,02143,1
20240831,11,02148,3
20240831,11,02159,2
20240831,11,02179,3
20240831,11,02185,3
20240831,11,02191,2
20240831,11,03311,2
20240831,12,02111,2
20240831,12,02112,2
20240831,12,02122,3
20240831,12,02128,3
20240831,12,02139,1
20240831,12,02171,6
20240831,12,02172,5
20240831,12,02178,2
20240831,12,02179,1
20240831,12,02185,1
20240831,12,02186,1
20240831,12,02191,3
20240831,12,02198,1
20240831,12,02199,1
20240831,12,03311,2
20240831,13,02111,1
20240831,13,02112,2
20240831,13,02116,1
20240831,13,02128,5
20240831,13,02139,1
20240831,13,02143,1
20240831,13,02148,1
20240831,13,02171,3
20240831,13,02178,1
20240831,13,02179,4
20240831,13,02185,2
20240831,13,02191,3
20240831,13,03311,3
20240831,14,02111,5
20240831,14,02112,1
20240831,14,02116,1
20240831,14,02122,1
20240831,14,02128,1
20240831,14,02130,1
20240831,14,02143,1
20240831,14,02159,1
20240831,14,02171,5
20240831,14,02179,5
20240831,14,02185,2
20240831,14,02191,5
20240831,14,02198,4
20240831,14,03311,3
20240831,15,02111,3
20240831,15,02112,1
20240831,15,02116,2
20240831,15,02122,3
20240831,15,02128,3
20240831,15,02129,4
20240831,15,02148,1
20240831,15,02171,1
20240831,15,02172,1
20240831,15,02179,3
20240831,15,02185,1
20240831,15,02198,1
20240831,15,03310,2
20240831,15,03311,5
20240831,16,02111,6
20240831,16,02112,1
20240831,16,02122,1
20240831,16,02128,5
20240831,16,02143,1
20240831,16,02148,1
20240831,16,02159,1
20240831,16,02171,4
20240831,16,02172,1
20240831,16,02178,1
20240831,16,02179,2
20240831,16,02185,1
20240831,16,02186,1
20240831,16,02191,1
20240831,16,02198,4
20240831,16,03310,1
20240831,16,03311,1
20240831,17,02111,1
20240831,17,02116,3
20240831,17,02128,3
20240831,17,02129,4
20240831,17,02139,3
20240831,17,02148,2
20240831,17,02171,3
20240831,17,02172,1
20240831,17,02178,4
20240831,17,02179,4
20240831,17,02185,1
20240831,17,02186,1
20240831,17,02191,3
20240831,17,02198,1
20240831,17,03310,2
20240831,17,03311,2
20240831,17,03802,1
20240831,18,02111,3
20240831,18,02112,4
20240831,18,02116,2
20240831,18,02128,1
20240831,18,02129,2
20240831,18,02130,1
20240831,18,02139,1
20240831,18,02143,2
20240831,18,02148,5
20240831,18,02159,1
20240831,18,02171,5
20240831,18,02172,5
20240831,18,02179,2
20240831,18,02191,4
20240831,18,02198,2
20240831,18,03310,2
20240831,18,03311,2
20240831,18,03802,5
20240831,19,02111,2
20240831,19,02112,1
20240831,19,02116,4
20240831,19,02122,5
20240831,19,02128,3
20240831,19,02129,1
20240831,19,02139,3
20240831,19,02143,3
20240831,19,02148,1
20240831,19,02159,2
20240831,19,02172,2
20240831,19,02179,4
20240831,19,02185,1
20240831,19,02191,2
20240831,19,02198,6
20240831,19,03310,1
20240831,19,03311,4
20240831,19,03802,1
20240831,2,02111,1
20240831,2,02128,2
20240831,2,02139,1
20240831,2,02171,1
20240831,2,02179,2
20240831,2,02191,1
20240831,2,02198,2
20240831,20,02111,8
20240831,20,02112,3
20240831,20,02116,1
20240831,20,02122,3
20240831,20,02128,1
20240831,20,02129,1
20240831,20,02139,1
20240831,20,02143,1
20240831,20,02148,3
20240831,20,02159,2
20240831,20,02171,5
20240831,20,02178,3
20240831,20,02179,2
20240831,20,02185,2
20240831,20,02191,2
20240831,20,02198,2
20240831,20,02199,1
20240831,20,03310,1
20240831,20,03311,4
20240831,20,03802,3
20240831,21,02112,5
20240831,21,02116,3
20240831,21,02129,2
20240831,21,02139,3
20240831,21,02143,1
20240831,21,02148,1
20240831,21,02171,1
20240831,21,02172,3
20240831,21,02179,2
20240831,21,02185,5
20240831,21,02198,3
20240831,21,03310,1
20240831,21,03311,4
20240831,22,02111,3
20240831,22,02112,3
20240831,22,02122,1
20240831,22,02128,1
20240831,22,02139,2
20240831,22,02148,1
20240831,22,02159,1
20240831,22,02171,3
20240831,22,02172,1
20240831,22,02179,3
20240831,22,02186,2
20240831,22,02191,1
20240831,22,02198,1
20240831,22,03311,3
20240831,23,02111,8
20240831,23,02112,2
20240831,23,02116,2
20240831,23,02122,2
20240831,23,02129,1
20240831,23,02139,1
20240831,23,02148,1
20240831,23,02159,2
20240831,23,02171,3
20240831,23,02178,1
20240831,23,02179,4
20240831,23,02185,2
20240831,23,02186,2
20240831,23,02198,1
20240831,23,02199,1
20240831,23,03310,1
20240831,23,03802,2
20240831,3,02122,1
20240831,3,02171,1
20240831,3,02179,3
20240831,3,02185,1
20240831,3,02186,1
20240831,3,02191,2
20240831,3,02198,2
20240831,3,03311,1
20240831,4,02111,1
20240831,4,02185,2
20240831,4,02191,1
20240831,5,02111,1
20240831,5,02122,1
20240831,5,02179,1
20240831,5,02186,1
20240831,5,02198,1
20240831,5,03310,1
20240831,6,02111,1
20240831,6,02128,1
20240831,6,02139,1
20240831,6,02159,1
20240831,6,02171,1
20240831,6,02179,1
20240831,6,02185,1
20240831,6,02191,1
20240831,6,03310,1
20240831,7,02111,1
20240831,7,02112,1
20240831,7,02130,1
20240831,7,02139,1
20240831,7,02143,1
20240831,7,02148,1
20240831,7,02171,1
20240831,7,02172,1
20240831,7,02179,2
20240831,7,02185,1
20240831,7,02191,1
20240831,7,03311,1
20240831,7,03802,1
20240831,8,02139,1
20240831,8,02159,1
20240831,8,02171,1
20240831,8,02179,1
20240831,8,02186,1
20240831,8,02191,3
20240831,8,02198,1
20240831,8,03310,1
20240831,8,03311,2
20240831,8,03802,2
20240831,9,02111,1
20240831,9,02112,1
20240831,9,02116,1
20240831,9,02128,1
20240831,9,02129,1
20240831,9,02139,1
20240831,9,02148,1
20240831,9,02159,1
20240831,9,02171,4
20240831,9,02172,2
20240831,9,02178,1
20240831,9,02179,1
20240831,9,02185,3
20240831,9,02191,2
20240831,9,03311,2
