RENT_DATE,RENT_TIME,RENT_ID,CNT
20210801,0,02112,3
20210801,0,02116,1
20210801,0,02122,1
20210801,0,02129,1
20210801,0,02139,1
20210801,0,02143,1
20210801,0,02159,1
20210801,0,02171,1
20210801,0,02178,2
20210801,0,02186,2
20210801,0,03310,1
20210801,1,02112,2
20210801,1,02139,1
20210801,1,02148,1
20210801,1,02178,2
20210801,1,02179,2
20210801,1,02185,1
20210801,1,02198,2
20210801,10,02111,1
20210801,10,02122,1
20210801,10,02130,1
20210801,10,02178,1
20210801,10,03310,1
20210801,11,02116,1
20210801,11,02122,2
20210801,11,02128,1
20210801,11,02143,1
20210801,11,02159,1
20210801,11,02172,1
20210801,11,02185,2
20210801,12,02128,1
20210801,12,02143,3
20210801,12,02159,1
20210801,12,02178,1
20210801,13,02112,1
20210801,13,02122,1
20210801,13,02130,1
20210801,13,02191,1
20210801,13,03310,1
20210801,14,02111,1
20210801,14,02116,1
20210801,14,02171,1
20210801,14,02178,1
20210801,14,03310,1
20210801,14,03311,1
20210801,15,02112,1
20210801,15,02139,2
20210801,15,02159,1
20210801,15,02172,1
20210801,15,02179,1
20210801,16,02111,1
20210801,16,02116,1
20210801,16,02129,1
20210801,16,02130,2
20210801,16,02139,1
20210801,16,02178,5
20210801,16,02179,1
20210801,16,02198,2
20210801,16,03311,11
20210801,17,02111,1
20210801,17,02116,2
20210801,17,02122,3
20210801,17,02128,1
20210801,17,02129,1
20210801,17,02130,4
20210801,17,02139,1
20210801,17,02143,1
20210801,17,02159,2
20210801,17,02171,1
20210801,17,02172,1
20210801,17,02179,1
20210801,17,02185,2
20210801,17,02191,1
20210801,17,02198,3
20210801,18,02111,4
20210801,18,02112,1
20210801,18,02130,2
20210801,18,02171,2
20210801,18,02172,2
20210801,18,02178,2
20210801,18,02179,1
20210801,18,02185,1
20210801,18,02186,1
20210801,18,02191,2
20210801,18,02199,1
20210801,18,03311,3
20210801,19,02112,2
20210801,19,02129,1
20210801,19,02171,1
20210801,19,02186,1
20210801,19,02198,1
20210801,2,02122,1
20210801,2,02128,1
20210801,2,02143,1
20210801,2,02171,1
20210801,2,02178,1
20210801,2,02179,1
20210801,2,02185,2
20210801,2,02186,1
20210801,2,02198,1
20210801,20,02111,1
20210801,20,02112,1
20210801,20,02171,1
20210801,20,02172,2
20210801,21,02171,2
20210801,22,02122,1
20210801,22,02178,1
20210801,23,02116,1
20210801,3,02122,1
20210801,3,02159,1
20210801,3,02171,1
20210801,3,02191,1
20210801,3,02198,1
20210801,4,02129,1
20210801,4,02185,1
20210801,4,02191,1
20210801,5,02129,1
20210801,5,02171,1
20210801,5,02178,1
20210801,5,02179,2
20210801,5,02191,1
20210801,6,02112,1
20210801,6,02129,1
20210801,6,02159,1
20210801,6,02171,1
20210801,6,02185,1
20210801,6,02198,1
20210801,7,02159,2
20210801,7,02179,1
20210801,7,02191,1
20210801,7,02198,1
20210801,7,03310,1
20210801,8,02122,1
20210801,8,02128,1
20210801,8,02129,1
20210801,8,02143,1
20210801,8,02172,1
20210801,8,02179,1
20210801,8,02185,1
20210801,8,02191,2
20210801,8,03310,3
20210801,9,02148,1
20210801,9,03310,1
20210802,0,02139,1
20210802,0,02171,2
20210802,0,02178,1
20210802,0,02186,1
20210802,0,02191,1
20210802,0,02198,1
20210802,1,02111,1
20210802,1,02122,1
20210802,1,02186,2
20210802,1,02191,1
20210802,10,02111,3
20210802,10,02112,1
20210802,10,02130,1
20210802,10,02139,1
20210802,10,02143,1
20210802,10,02159,1
20210802,10,02171,3
20210802,10,02172,1
20210802,10,02179,2
20210802,10,02186,1
20210802,10,02198,1
20210802,10,03802,1
20210802,11,02116,1
20210802,11,02122,1
20210802,11,02128,1
20210802,11,02148,5
20210802,11,02171,1
20210802,11,02178,1
20210802,11,02179,2
20210802,11,02185,1
20210802,11,02186,2
20210802,11,02191,2
20210802,11,02198,2
20210802,11,03310,1
20210802,12,02112,2
20210802,12,02116,3
20210802,12,02122,2
20210802,12,02129,1
20210802,12,02159,1
20210802,12,02172,1
20210802,12,02179,1
20210802,12,02185,1
20210802,12,02191,1
20210802,12,02198,1
20210802,12,03310,2
20210802,13,02111,1
20210802,13,02112,1
20210802,13,02116,1
20210802,13,02122,2
20210802,13,02128,2
20210802,13,02143,1
20210802,13,02171,5
20210802,13,02172,1
20210802,13,02178,1
20210802,13,02185,2
20210802,13,02186,2
20210802,13,02191,1
20210802,13,02198,1
20210802,13,03802,1
20210802,14,02111,1
20210802,14,02122,1
20210802,14,02128,2
20210802,14,02139,2
20210802,14,02148,1
20210802,14,02159,1
20210802,14,02171,1
20210802,14,02178,2
20210802,14,02179,4
20210802,14,02191,2
20210802,14,02198,1
20210802,14,03310,2
20210802,14,03311,1
20210802,14,03802,1
20210802,15,02112,4
20210802,15,02122,1
20210802,15,02128,2
20210802,15,02129,3
20210802,15,02139,1
20210802,15,02159,1
20210802,15,02171,2
20210802,15,02178,1
20210802,15,02179,5
20210802,15,02186,1
20210802,15,02191,1
20210802,15,03310,1
20210802,16,02111,4
20210802,16,02112,1
20210802,16,02116,1
20210802,16,02122,1
20210802,16,02128,1
20210802,16,02130,1
20210802,16,02143,1
20210802,16,02148,3
20210802,16,02159,1
20210802,16,02171,1
20210802,16,02172,1
20210802,16,02178,1
20210802,16,02185,1
20210802,16,02191,3
20210802,16,02198,3
20210802,16,03310,5
20210802,16,03311,1
20210802,16,03802,2
20210802,17,02111,4
20210802,17,02112,2
20210802,17,02116,6
20210802,17,02122,3
20210802,17,02128,1
20210802,17,02139,1
20210802,17,02148,5
20210802,17,02171,4
20210802,17,02172,2
20210802,17,02178,3
20210802,17,02179,3
20210802,17,02185,1
20210802,17,02191,1
20210802,17,02198,2
20210802,17,03310,3
20210802,17,03311,5
20210802,17,03802,1
20210802,18,02111,5
20210802,18,02112,5
20210802,18,02116,2
20210802,18,02122,5
20210802,18,02128,6
20210802,18,02129,2
20210802,18,02139,5
20210802,18,02148,2
20210802,18,02159,2
20210802,18,02171,9
20210802,18,02178,6
20210802,18,02179,2
20210802,18,02185,3
20210802,18,02186,1
20210802,18,02191,4
20210802,18,02198,1
20210802,18,03310,1
20210802,18,03311,10
20210802,19,02111,5
20210802,19,02112,7
20210802,19,02116,6
20210802,19,02122,3
20210802,19,02128,7
20210802,19,02130,4
20210802,19,02148,3
20210802,19,02171,6
20210802,19,02172,1
20210802,19,02178,7
20210802,19,02179,5
20210802,19,02186,6
20210802,19,02191,3
20210802,19,02198,3
20210802,19,02199,1
20210802,19,03311,1
20210802,2,02112,1
20210802,2,02122,1
20210802,2,02128,1
20210802,2,02143,1
20210802,2,02148,1
20210802,2,02179,1
20210802,2,02185,1
20210802,2,02199,1
20210802,20,02111,1
20210802,20,02112,8
20210802,20,02116,2
20210802,20,02122,4
20210802,20,02128,2
20210802,20,02129,1
20210802,20,02139,2
20210802,20,02143,2
20210802,20,02148,6
20210802,20,02159,1
20210802,20,02171,4
20210802,20,02172,4
20210802,20,02178,4
20210802,20,02179,2
20210802,20,02185,6
20210802,20,02186,3
20210802,20,02191,4
20210802,20,02198,3
20210802,20,02199,1
20210802,20,03310,1
20210802,20,03311,3
20210802,21,02111,5
20210802,21,02112,3
20210802,21,02116,8
20210802,21,02122,1
20210802,21,02128,6
20210802,21,02129,2
20210802,21,02139,4
20210802,21,02143,1
20210802,21,02171,5
20210802,21,02172,2
20210802,21,02178,2
20210802,21,02179,7
20210802,21,02186,4
20210802,21,02191,3
20210802,21,02198,4
20210802,21,02199,2
20210802,21,03311,2
20210802,21,03802,2
20210802,22,02112,2
20210802,22,02116,6
20210802,22,02122,1
20210802,22,02128,3
20210802,22,02129,2
20210802,22,02139,1
20210802,22,02143,2
20210802,22,02148,2
20210802,22,02159,1
20210802,22,02171,3
20210802,22,02172,1
20210802,22,02178,2
20210802,22,02179,2
20210802,22,02185,2
20210802,22,02186,2
20210802,22,02191,3
20210802,22,02198,1
20210802,22,03311,1
20210802,23,02112,1
20210802,23,02116,2
20210802,23,02122,4
20210802,23,02129,1
20210802,23,02130,1
20210802,23,02143,2
20210802,23,02148,2
20210802,23,02171,3
20210802,23,02172,2
20210802,23,02179,2
20210802,23,02185,1
20210802,23,02191,1
20210802,23,02198,3
20210802,23,03310,3
20210802,3,02122,1
20210802,4,02129,1
20210802,4,02171,1
20210802,4,02178,1
20210802,4,02179,1
20210802,4,02185,1
20210802,5,02112,1
20210802,5,02172,1
20210802,5,02178,1
20210802,5,02185,1
20210802,5,03310,1
20210802,6,02179,1
20210802,6,03310,1
20210802,7,02111,1
20210802,7,02130,1
20210802,7,02178,1
20210802,7,02185,1
20210802,7,02191,1
20210802,7,02198,1
20210802,7,03310,2
20210802,8,02111,1
20210802,8,02112,1
20210802,8,02122,1
20210802,8,02128,1
20210802,8,02171,1
20210802,8,02191,2
20210802,8,02198,1
20210802,8,03310,2
20210802,9,02111,2
20210802,9,02143,1
20210802,9,02148,1
20210802,9,02171,1
20210802,9,02186,1
20210802,9,02198,1
20210802,9,03310,3
20210802,9,03802,2
20210803,0,02111,2
20210803,0,02112,2
20210803,0,02116,1
20210803,0,02122,1
20210803,0,02128,3
20210803,0,02159,2
20210803,0,02171,4
20210803,0,02172,2
20210803,0,02179,2
20210803,0,02191,1
20210803,0,03311,1
20210803,1,02112,1
20210803,1,02139,1
20210803,1,02172,2
20210803,1,02185,2
20210803,1,02186,1
20210803,1,02198,1
20210803,10,02111,1
20210803,10,02143,2
20210803,10,02148,3
20210803,10,02171,2
20210803,10,02172,1
20210803,10,02178,1
20210803,10,02179,1
20210803,10,02186,1
20210803,10,02198,1
20210803,10,03310,2
20210803,10,03311,2
20210803,10,03802,1
20210803,11,02128,1
20210803,11,02139,1
20210803,11,02143,1
20210803,11,02148,1
20210803,11,02171,2
20210803,11,02179,3
20210803,11,02185,1
20210803,11,02191,1
20210803,11,03310,1
20210803,11,03311,1
20210803,11,03802,2
20210803,12,02111,1
20210803,12,02112,2
20210803,12,02116,2
20210803,12,02128,1
20210803,12,02129,1
20210803,12,02139,1
20210803,12,02143,1
20210803,12,02148,2
20210803,12,02171,4
20210803,12,02178,3
20210803,12,02179,1
20210803,12,02185,3
20210803,12,02186,1
20210803,12,02191,3
20210803,12,03310,1
20210803,12,03311,2
20210803,13,02112,1
20210803,13,02128,1
20210803,13,02129,2
20210803,13,02148,4
20210803,13,02171,2
20210803,13,02179,1
20210803,13,02185,1
20210803,13,03310,2
20210803,13,03311,1
20210803,14,02111,2
20210803,14,02112,3
20210803,14,02122,2
20210803,14,02129,1
20210803,14,02139,1
20210803,14,02143,1
20210803,14,02171,1
20210803,14,02172,1
20210803,14,02179,1
20210803,14,02186,1
20210803,14,02198,4
20210803,14,03311,1
20210803,15,02111,1
20210803,15,02112,3
20210803,15,02116,1
20210803,15,02122,1
20210803,15,02129,1
20210803,15,02171,5
20210803,15,02172,3
20210803,15,02179,2
20210803,15,02185,1
20210803,15,02198,1
20210803,15,03310,1
20210803,15,03311,1
20210803,15,03802,1
20210803,16,02112,1
20210803,16,02116,2
20210803,16,02122,4
20210803,16,02128,3
20210803,16,02130,1
20210803,16,02148,2
20210803,16,02159,1
20210803,16,02172,1
20210803,16,02178,1
20210803,16,02179,2
20210803,16,02185,2
20210803,16,02191,3
20210803,16,02198,2
20210803,16,03310,4
20210803,16,03311,2
20210803,16,03802,3
20210803,17,02111,5
20210803,17,02112,2
20210803,17,02116,6
20210803,17,02122,6
20210803,17,02128,2
20210803,17,02129,2
20210803,17,02130,1
20210803,17,02139,1
20210803,17,02143,1
20210803,17,02171,3
20210803,17,02172,3
20210803,17,02178,6
20210803,17,02179,3
20210803,17,02185,5
20210803,17,02186,6
20210803,17,02191,2
20210803,17,03311,2
20210803,17,03802,1
20210803,18,02111,5
20210803,18,02112,2
20210803,18,02116,4
20210803,18,02122,4
20210803,18,02128,2
20210803,18,02129,1
20210803,18,02130,3
20210803,18,02139,5
20210803,18,02143,1
20210803,18,02148,2
20210803,18,02159,1
20210803,18,02171,13
20210803,18,02172,2
20210803,18,02179,5
20210803,18,02185,4
20210803,18,02186,3
20210803,18,02191,4
20210803,18,02199,1
20210803,19,02111,3
20210803,19,02112,5
20210803,19,02116,5
20210803,19,02122,4
20210803,19,02128,2
20210803,19,02130,6
20210803,19,02139,4
20210803,19,02148,5
20210803,19,02171,6
20210803,19,02179,4
20210803,19,02185,4
20210803,19,02186,1
20210803,19,02191,4
20210803,19,02198,3
20210803,19,03310,2
20210803,19,03311,6
20210803,2,02111,1
20210803,2,02112,1
20210803,2,02185,1
20210803,2,02198,4
20210803,2,03310,1
20210803,20,02111,7
20210803,20,02112,5
20210803,20,02116,3
20210803,20,02122,3
20210803,20,02128,1
20210803,20,02129,1
20210803,20,02130,4
20210803,20,02139,4
20210803,20,02143,2
20210803,20,02148,3
20210803,20,02159,2
20210803,20,02171,2
20210803,20,02172,3
20210803,20,02179,5
20210803,20,02185,2
20210803,20,02186,5
20210803,20,02198,6
20210803,20,03310,1
20210803,20,03311,2
20210803,21,02112,3
20210803,21,02116,1
20210803,21,02122,2
20210803,21,02128,4
20210803,21,02130,2
20210803,21,02143,2
20210803,21,02171,3
20210803,21,02178,1
20210803,21,02179,4
20210803,21,02185,1
20210803,21,02191,3
20210803,21,02198,3
20210803,21,03310,1
20210803,21,03311,3
20210803,21,03802,2
20210803,22,02111,1
20210803,22,02112,5
20210803,22,02122,7
20210803,22,02128,2
20210803,22,02129,2
20210803,22,02139,2
20210803,22,02143,1
20210803,22,02148,3
20210803,22,02159,2
20210803,22,02171,2
20210803,22,02179,4
20210803,22,02185,4
20210803,22,02186,11
20210803,22,02191,3
20210803,22,02198,2
20210803,22,03310,2
20210803,22,03311,1
20210803,22,03802,1
20210803,23,02111,2
20210803,23,02116,1
20210803,23,02122,1
20210803,23,02130,1
20210803,23,02139,1
20210803,23,02148,4
20210803,23,02171,3
20210803,23,02172,1
20210803,23,02178,3
20210803,23,02179,2
20210803,23,02185,3
20210803,23,02191,2
20210803,23,03310,1
20210803,3,02143,1
20210803,3,02148,1
20210803,3,02171,2
20210803,3,02179,2
20210803,4,02185,1
20210803,4,02191,1
20210803,4,02198,1
20210803,5,02139,2
20210803,5,02185,1
20210803,5,03802,1
20210803,6,02111,2
20210803,6,02116,1
20210803,6,02128,3
20210803,6,02129,1
20210803,6,02171,1
20210803,6,02172,1
20210803,6,02178,1
20210803,6,02179,3
20210803,6,02185,1
20210803,6,02186,1
20210803,6,02191,2
20210803,6,02198,2
20210803,6,03310,1
20210803,7,02112,1
20210803,7,02116,1
20210803,7,02122,2
20210803,7,02130,1
20210803,7,02139,1
20210803,7,02143,1
20210803,7,02148,3
20210803,7,02172,1
20210803,7,02179,1
20210803,7,02185,2
20210803,7,02191,2
20210803,7,02198,1
20210803,7,03311,1
20210803,7,03802,1
20210803,8,02111,4
20210803,8,02112,1
20210803,8,02116,1
20210803,8,02122,1
20210803,8,02148,2
20210803,8,02171,1
20210803,8,02179,3
20210803,8,02186,1
20210803,8,02191,1
20210803,8,02198,2
20210803,8,03310,2
20210803,8,03311,1
20210803,9,02111,5
20210803,9,02112,2
20210803,9,02116,2
20210803,9,02122,2
20210803,9,02128,2
20210803,9,02129,2
20210803,9,02139,1
20210803,9,02143,3
20210803,9,02148,3
20210803,9,02159,1
20210803,9,02171,4
20210803,9,02172,2
20210803,9,02178,2
20210803,9,02186,1
20210803,9,02191,4
20210803,9,02198,1
20210803,9,03310,6
20210803,9,03311,1
20210803,9,03802,2
20210804,0,02111,2
20210804,0,02112,2
20210804,0,02116,3
20210804,0,02122,2
20210804,0,02128,2
20210804,0,02139,1
20210804,0,02171,1
20210804,0,02179,2
20210804,0,02186,1
20210804,0,02198,2
20210804,1,02112,1
20210804,1,02116,2
20210804,1,02128,2
20210804,1,02148,1
20210804,1,02159,2
20210804,1,02185,1
20210804,1,02191,1
20210804,1,03310,2
20210804,10,02112,1
20210804,10,02116,1
20210804,10,02122,3
20210804,10,02129,1
20210804,10,02139,2
20210804,10,02148,1
20210804,10,02171,1
20210804,10,02172,1
20210804,10,02179,2
20210804,10,02185,2
20210804,10,02186,2
20210804,10,02191,1
20210804,10,03310,1
20210804,10,03311,2
20210804,10,03802,3
20210804,11,02111,2
20210804,11,02116,2
20210804,11,02122,4
20210804,11,02128,2
20210804,11,02129,2
20210804,11,02148,3
20210804,11,02159,1
20210804,11,02171,1
20210804,11,02172,1
20210804,11,02179,2
20210804,11,02185,1
20210804,11,02186,1
20210804,11,02191,3
20210804,11,02198,1
20210804,11,03802,1
20210804,12,02111,2
20210804,12,02112,1
20210804,12,02116,2
20210804,12,02122,2
20210804,12,02129,1
20210804,12,02139,1
20210804,12,02143,1
20210804,12,02148,3
20210804,12,02159,2
20210804,12,02171,3
20210804,12,02179,3
20210804,12,02185,2
20210804,12,02186,1
20210804,12,02191,1
20210804,12,02198,1
20210804,12,03310,4
20210804,12,03311,2
20210804,13,02112,1
20210804,13,02122,1
20210804,13,02128,2
20210804,13,02129,1
20210804,13,02130,2
20210804,13,02148,1
20210804,13,02171,2
20210804,13,02172,2
20210804,13,02178,1
20210804,13,02179,1
20210804,13,02191,3
20210804,13,02198,1
20210804,13,03310,1
20210804,13,03311,2
20210804,14,02112,2
20210804,14,02122,3
20210804,14,02128,1
20210804,14,02129,1
20210804,14,02148,1
20210804,14,02159,1
20210804,14,02171,2
20210804,14,02178,1
20210804,14,02179,1
20210804,14,02191,2
20210804,14,02198,1
20210804,14,03311,2
20210804,15,02111,2
20210804,15,02112,3
20210804,15,02116,1
20210804,15,02122,2
20210804,15,02129,1
20210804,15,02139,2
20210804,15,02143,1
20210804,15,02159,1
20210804,15,02171,4
20210804,15,02178,3
20210804,15,02186,1
20210804,15,02198,1
20210804,15,03311,1
20210804,16,02111,4
20210804,16,02112,2
20210804,16,02116,1
20210804,16,02122,3
20210804,16,02128,4
20210804,16,02130,1
20210804,16,02139,1
20210804,16,02143,3
20210804,16,02148,4
20210804,16,02171,1
20210804,16,02172,2
20210804,16,02178,4
20210804,16,02179,2
20210804,16,02185,1
20210804,16,02198,2
20210804,16,03310,1
20210804,16,03311,4
20210804,16,03802,1
20210804,17,02111,6
20210804,17,02112,3
20210804,17,02116,1
20210804,17,02128,1
20210804,17,02129,5
20210804,17,02139,3
20210804,17,02143,2
20210804,17,02148,2
20210804,17,02159,3
20210804,17,02171,5
20210804,17,02172,1
20210804,17,02178,6
20210804,17,02179,3
20210804,17,02186,4
20210804,17,02198,4
20210804,17,03310,2
20210804,17,03311,3
20210804,18,02111,7
20210804,18,02112,4
20210804,18,02116,3
20210804,18,02122,3
20210804,18,02128,3
20210804,18,02129,3
20210804,18,02139,3
20210804,18,02143,1
20210804,18,02148,5
20210804,18,02159,2
20210804,18,02171,12
20210804,18,02172,3
20210804,18,02178,7
20210804,18,02179,3
20210804,18,02185,1
20210804,18,02186,1
20210804,18,02191,3
20210804,18,02198,1
20210804,18,02199,1
20210804,18,03310,1
20210804,18,03311,6
20210804,19,02111,3
20210804,19,02112,7
20210804,19,02116,2
20210804,19,02122,4
20210804,19,02128,2
20210804,19,02129,2
20210804,19,02130,1
20210804,19,02143,2
20210804,19,02148,1
20210804,19,02159,3
20210804,19,02171,9
20210804,19,02172,3
20210804,19,02179,7
20210804,19,02185,3
20210804,19,02191,2
20210804,19,02198,2
20210804,19,03310,2
20210804,19,03311,4
20210804,2,02111,1
20210804,2,02179,2
20210804,2,02198,1
20210804,20,02111,3
20210804,20,02112,7
20210804,20,02116,2
20210804,20,02122,1
20210804,20,02128,1
20210804,20,02129,1
20210804,20,02130,1
20210804,20,02139,1
20210804,20,02143,2
20210804,20,02148,4
20210804,20,02159,2
20210804,20,02171,12
20210804,20,02178,1
20210804,20,02179,6
20210804,20,02185,3
20210804,20,02186,5
20210804,20,02191,4
20210804,20,02198,5
20210804,20,03310,4
20210804,20,03311,1
20210804,21,02111,3
20210804,21,02112,4
20210804,21,02116,7
20210804,21,02122,2
20210804,21,02128,5
20210804,21,02129,1
20210804,21,02143,3
20210804,21,02148,2
20210804,21,02159,1
20210804,21,02171,8
20210804,21,02172,6
20210804,21,02179,11
20210804,21,02185,2
20210804,21,02191,9
20210804,21,02198,2
20210804,21,03310,2
20210804,21,03311,5
20210804,22,02111,3
20210804,22,02112,4
20210804,22,02116,10
20210804,22,02122,2
20210804,22,02129,1
20210804,22,02130,1
20210804,22,02139,1
20210804,22,02148,2
20210804,22,02171,5
20210804,22,02178,1
20210804,22,02179,8
20210804,22,02185,3
20210804,22,02186,2
20210804,22,02191,3
20210804,22,02198,6
20210804,22,03310,1
20210804,22,03311,2
20210804,23,02111,1
20210804,23,02112,6
20210804,23,02122,1
20210804,23,02128,1
20210804,23,02129,1
20210804,23,02139,3
20210804,23,02143,1
20210804,23,02148,3
20210804,23,02159,1
20210804,23,02171,2
20210804,23,02172,2
20210804,23,02185,1
20210804,23,02198,3
20210804,3,02112,1
20210804,3,02129,1
20210804,3,02185,1
20210804,4,02111,1
20210804,4,02112,1
20210804,4,02122,1
20210804,4,02139,2
20210804,4,02171,1
20210804,4,02185,1
20210804,4,02198,1
20210804,5,02129,1
20210804,5,02143,1
20210804,5,02172,1
20210804,5,02185,2
20210804,5,02191,1
20210804,5,03310,2
20210804,6,02122,1
20210804,6,02129,1
20210804,6,02143,1
20210804,6,02159,1
20210804,6,02178,1
20210804,6,02179,3
20210804,6,02185,1
20210804,6,02191,1
20210804,6,03310,2
20210804,7,02111,2
20210804,7,02116,1
20210804,7,02122,2
20210804,7,02128,1
20210804,7,02129,1
20210804,7,02139,3
20210804,7,02148,2
20210804,7,02159,1
20210804,7,02171,2
20210804,7,02179,2
20210804,7,02185,1
20210804,7,02191,4
20210804,7,03310,2
20210804,8,02111,1
20210804,8,02116,1
20210804,8,02128,1
20210804,8,02129,2
20210804,8,02139,2
20210804,8,02148,1
20210804,8,02171,2
20210804,8,02172,1
20210804,8,02179,1
20210804,8,02185,1
20210804,8,02186,1
20210804,8,02191,4
20210804,8,02198,1
20210804,9,02111,5
20210804,9,02112,1
20210804,9,02116,1
20210804,9,02128,1
20210804,9,02139,1
20210804,9,02148,4
20210804,9,02159,1
20210804,9,02178,1
20210804,9,02179,2
20210804,9,02185,1
20210804,9,02186,1
20210804,9,02198,3
20210804,9,03310,5
20210804,9,03802,1
20210805,0,02111,1
20210805,0,02116,3
20210805,0,02128,1
20210805,0,02130,1
20210805,0,02139,1
20210805,0,02143,1
20210805,0,02172,1
20210805,0,02185,2
20210805,0,02191,1
20210805,0,02198,1
20210805,1,02129,1
20210805,1,02139,1
20210805,1,02148,1
20210805,1,02171,3
20210805,1,02179,1
20210805,1,03310,1
20210805,10,02111,1
20210805,10,02112,2
20210805,10,02128,2
20210805,10,02129,1
20210805,10,02139,1
20210805,10,02143,1
20210805,10,02159,2
20210805,10,02171,1
20210805,10,02172,1
20210805,10,02198,1
20210805,10,03311,1
20210805,10,03802,1
20210805,11,02111,1
20210805,11,02116,3
20210805,11,02122,4
20210805,11,02128,1
20210805,11,02129,1
20210805,11,02130,1
20210805,11,02143,2
20210805,11,02148,2
20210805,11,02159,1
20210805,11,02171,1
20210805,11,02178,1
20210805,11,02179,3
20210805,11,02191,2
20210805,11,03311,1
20210805,11,03802,4
20210805,12,02111,2
20210805,12,02112,1
20210805,12,02122,1
20210805,12,02143,3
20210805,12,02148,1
20210805,12,02171,3
20210805,12,02172,1
20210805,12,02178,2
20210805,12,02179,2
20210805,12,02186,1
20210805,12,02198,2
20210805,12,03310,2
20210805,12,03311,1
20210805,13,02111,2
20210805,13,02112,1
20210805,13,02116,2
20210805,13,02122,1
20210805,13,02128,2
20210805,13,02143,1
20210805,13,02148,3
20210805,13,02159,1
20210805,13,02171,5
20210805,13,02172,1
20210805,13,02178,3
20210805,13,02179,4
20210805,13,02186,1
20210805,13,02191,3
20210805,13,03310,4
20210805,13,03311,2
20210805,14,02111,3
20210805,14,02122,2
20210805,14,02128,3
20210805,14,02148,1
20210805,14,02171,3
20210805,14,02172,2
20210805,14,02178,2
20210805,14,02179,1
20210805,14,02185,2
20210805,14,02198,1
20210805,14,03310,2
20210805,14,03311,3
20210805,15,02111,3
20210805,15,02122,1
20210805,15,02129,1
20210805,15,02139,1
20210805,15,02143,2
20210805,15,02148,1
20210805,15,02171,2
20210805,15,02172,2
20210805,15,02178,3
20210805,15,02185,1
20210805,15,02191,1
20210805,15,03310,2
20210805,15,03311,1
20210805,15,03802,1
20210805,16,02111,1
20210805,16,02116,1
20210805,16,02122,1
20210805,16,02128,1
20210805,16,02130,1
20210805,16,02139,1
20210805,16,02143,2
20210805,16,02148,1
20210805,16,02171,4
20210805,16,02172,1
20210805,16,02179,2
20210805,16,02185,1
20210805,16,02186,1
20210805,16,02191,2
20210805,16,02198,1
20210805,16,02199,1
20210805,16,03310,1
20210805,16,03802,2
20210805,17,02111,2
20210805,17,02112,2
20210805,17,02116,1
20210805,17,02122,4
20210805,17,02128,5
20210805,17,02139,1
20210805,17,02143,1
20210805,17,02171,4
20210805,17,02172,3
20210805,17,02178,4
20210805,17,02179,1
20210805,17,02185,2
20210805,17,02191,1
20210805,17,02198,1
20210805,17,03310,3
20210805,17,03311,2
20210805,18,02111,5
20210805,18,02112,3
20210805,18,02116,3
20210805,18,02122,1
20210805,18,02128,6
20210805,18,02139,3
20210805,18,02143,1
20210805,18,02148,6
20210805,18,02159,1
20210805,18,02171,13
20210805,18,02172,2
20210805,18,02178,2
20210805,18,02179,4
20210805,18,02186,4
20210805,18,02191,2
20210805,18,03310,3
20210805,18,03311,6
20210805,19,02111,1
20210805,19,02112,5
20210805,19,02116,3
20210805,19,02122,3
20210805,19,02128,2
20210805,19,02129,3
20210805,19,02143,1
20210805,19,02148,3
20210805,19,02159,2
20210805,19,02171,9
20210805,19,02172,2
20210805,19,02178,4
20210805,19,02179,4
20210805,19,02185,3
20210805,19,02186,1
20210805,19,02191,4
20210805,19,02198,1
20210805,19,03311,4
20210805,2,02112,1
20210805,20,02111,3
20210805,20,02112,4
20210805,20,02116,7
20210805,20,02122,4
20210805,20,02128,5
20210805,20,02130,1
20210805,20,02139,2
20210805,20,02143,2
20210805,20,02148,1
20210805,20,02159,3
20210805,20,02171,7
20210805,20,02172,5
20210805,20,02178,7
20210805,20,02179,5
20210805,20,02185,2
20210805,20,02186,3
20210805,20,02191,2
20210805,20,02198,3
20210805,20,03310,3
20210805,20,03311,2
20210805,21,02111,4
20210805,21,02112,5
20210805,21,02116,9
20210805,21,02122,4
20210805,21,02128,1
20210805,21,02129,1
20210805,21,02130,1
20210805,21,02139,1
20210805,21,02143,2
20210805,21,02148,3
20210805,21,02159,1
20210805,21,02171,7
20210805,21,02172,1
20210805,21,02178,4
20210805,21,02179,4
20210805,21,02185,3
20210805,21,02186,1
20210805,21,02191,3
20210805,21,02198,1
20210805,21,02199,1
20210805,21,03310,1
20210805,21,03311,6
20210805,22,02111,5
20210805,22,02112,6
20210805,22,02116,9
20210805,22,02122,5
20210805,22,02128,2
20210805,22,02130,3
20210805,22,02139,3
20210805,22,02148,4
20210805,22,02159,3
20210805,22,02171,1
20210805,22,02172,3
20210805,22,02178,2
20210805,22,02179,3
20210805,22,02185,5
20210805,22,02186,3
20210805,22,02191,3
20210805,22,02198,6
20210805,22,03311,7
20210805,23,02111,1
20210805,23,02112,2
20210805,23,02116,2
20210805,23,02122,1
20210805,23,02129,2
20210805,23,02130,1
20210805,23,02139,1
20210805,23,02143,4
20210805,23,02148,2
20210805,23,02159,3
20210805,23,02171,3
20210805,23,02172,2
20210805,23,02191,1
20210805,23,03311,1
20210805,3,02111,1
20210805,3,02112,1
20210805,3,02116,2
20210805,3,02129,1
20210805,3,02148,1
20210805,3,02171,1
20210805,3,02198,1
20210805,4,02129,1
20210805,4,02139,1
20210805,4,02143,1
20210805,4,02179,1
20210805,5,02128,1
20210805,5,02171,2
20210805,5,02185,1
20210805,5,02186,1
20210805,5,03311,1
20210805,6,02128,1
20210805,6,02130,1
20210805,6,02143,1
20210805,6,02159,1
20210805,6,02171,1
20210805,6,02179,2
20210805,6,02186,1
20210805,6,02191,2
20210805,7,02112,1
20210805,7,02122,1
20210805,7,02128,2
20210805,7,02129,1
20210805,7,02130,1
20210805,7,02139,1
20210805,7,02143,2
20210805,7,02148,1
20210805,7,02159,1
20210805,7,02171,1
20210805,7,02179,2
20210805,7,02185,1
20210805,7,02191,2
20210805,8,02111,2
20210805,8,02112,1
20210805,8,02116,2
20210805,8,02122,1
20210805,8,02128,1
20210805,8,02129,1
20210805,8,02139,3
20210805,8,02148,2
20210805,8,02171,1
20210805,8,02172,2
20210805,8,02178,1
20210805,8,02179,2
20210805,8,02191,7
20210805,8,02198,4
20210805,8,03311,1
20210805,9,02112,1
20210805,9,02122,1
20210805,9,02129,2
20210805,9,02143,2
20210805,9,02148,2
20210805,9,02159,1
20210805,9,02171,2
20210805,9,02178,1
20210805,9,02179,2
20210805,9,02191,3
20210805,9,02198,1
20210806,0,02112,3
20210806,0,02122,1
20210806,0,02128,2
20210806,0,02148,1
20210806,0,02171,2
20210806,0,02172,2
20210806,0,02185,1
20210806,0,02198,4
20210806,0,03310,1
20210806,1,02111,3
20210806,1,02116,3
20210806,1,02122,2
20210806,1,02128,1
20210806,1,02148,2
20210806,1,02179,1
20210806,1,02186,1
20210806,1,02198,1
20210806,10,02111,1
20210806,10,02116,1
20210806,10,02122,1
20210806,10,02129,1
20210806,10,02139,1
20210806,10,02148,1
20210806,10,02159,1
20210806,10,02178,2
20210806,10,02179,3
20210806,10,02185,1
20210806,10,02191,1
20210806,10,02198,2
20210806,10,03311,1
20210806,10,03802,1
20210806,11,02111,2
20210806,11,02116,1
20210806,11,02122,1
20210806,11,02128,4
20210806,11,02129,1
20210806,11,02159,1
20210806,11,02171,2
20210806,11,02178,1
20210806,11,02179,1
20210806,11,02185,2
20210806,11,02191,3
20210806,11,03311,2
20210806,11,03802,2
20210806,12,02111,2
20210806,12,02112,1
20210806,12,02116,2
20210806,12,02122,2
20210806,12,02128,2
20210806,12,02139,2
20210806,12,02143,1
20210806,12,02148,1
20210806,12,02171,3
20210806,12,02172,3
20210806,12,02178,1
20210806,12,02185,1
20210806,12,02186,1
20210806,12,02191,4
20210806,12,03310,2
20210806,12,03802,2
20210806,13,02111,6
20210806,13,02112,1
20210806,13,02116,1
20210806,13,02128,2
20210806,13,02143,1
20210806,13,02148,3
20210806,13,02159,1
20210806,13,02171,1
20210806,13,02172,2
20210806,13,02178,1
20210806,13,02179,1
20210806,13,02185,2
20210806,13,02191,2
20210806,13,02198,2
20210806,13,03310,3
20210806,13,03311,3
20210806,13,03802,1
20210806,14,02111,3
20210806,14,02112,1
20210806,14,02116,1
20210806,14,02128,2
20210806,14,02129,2
20210806,14,02143,1
20210806,14,02148,1
20210806,14,02159,1
20210806,14,02171,7
20210806,14,02172,2
20210806,14,02179,3
20210806,14,02185,1
20210806,14,02186,2
20210806,14,02191,1
20210806,14,02198,3
20210806,14,03310,1
20210806,14,03311,4
20210806,15,02111,2
20210806,15,02116,2
20210806,15,02128,2
20210806,15,02139,3
20210806,15,02148,2
20210806,15,02159,1
20210806,15,02171,4
20210806,15,02185,2
20210806,15,02186,1
20210806,15,02191,2
20210806,15,03310,1
20210806,15,03311,2
20210806,16,02111,1
20210806,16,02112,1
20210806,16,02122,1
20210806,16,02128,2
20210806,16,02129,2
20210806,16,02139,1
20210806,16,02143,1
20210806,16,02171,1
20210806,16,02178,1
20210806,16,02179,1
20210806,16,02191,1
20210806,16,02198,2
20210806,16,03310,1
20210806,16,03311,6
20210806,17,02111,4
20210806,17,02112,2
20210806,17,02116,2
20210806,17,02122,3
20210806,17,02128,5
20210806,17,02129,2
20210806,17,02130,1
20210806,17,02139,2
20210806,17,02143,1
20210806,17,02148,4
20210806,17,02159,1
20210806,17,02171,4
20210806,17,02172,1
20210806,17,02178,3
20210806,17,02179,1
20210806,17,02185,3
20210806,17,02186,1
20210806,17,02191,2
20210806,17,02198,4
20210806,17,02199,1
20210806,17,03310,1
20210806,17,03311,5
20210806,18,02111,2
20210806,18,02112,2
20210806,18,02116,6
20210806,18,02122,4
20210806,18,02128,2
20210806,18,02129,1
20210806,18,02130,1
20210806,18,02139,3
20210806,18,02143,2
20210806,18,02148,7
20210806,18,02171,12
20210806,18,02172,4
20210806,18,02178,6
20210806,18,02179,4
20210806,18,02185,3
20210806,18,02186,1
20210806,18,02191,5
20210806,18,02198,3
20210806,18,02199,1
20210806,18,03310,1
20210806,18,03311,1
20210806,19,02111,7
20210806,19,02112,2
20210806,19,02116,4
20210806,19,02122,4
20210806,19,02128,5
20210806,19,02129,4
20210806,19,02130,1
20210806,19,02139,2
20210806,19,02143,1
20210806,19,02148,3
20210806,19,02171,8
20210806,19,02172,5
20210806,19,02178,1
20210806,19,02179,4
20210806,19,02185,5
20210806,19,02186,3
20210806,19,02191,2
20210806,19,02198,2
20210806,19,03311,4
20210806,2,02111,2
20210806,2,02122,2
20210806,2,02148,1
20210806,20,02111,1
20210806,20,02112,8
20210806,20,02116,8
20210806,20,02122,3
20210806,20,02129,1
20210806,20,02130,3
20210806,20,02143,3
20210806,20,02148,3
20210806,20,02159,1
20210806,20,02171,5
20210806,20,02172,2
20210806,20,02178,2
20210806,20,02179,7
20210806,20,02185,4
20210806,20,02186,1
20210806,20,02198,3
20210806,20,03311,5
20210806,21,02111,1
20210806,21,02112,4
20210806,21,02116,1
20210806,21,02122,2
20210806,21,02128,6
20210806,21,02130,2
20210806,21,02143,2
20210806,21,02148,1
20210806,21,02159,2
20210806,21,02171,4
20210806,21,02178,1
20210806,21,02179,5
20210806,21,02185,5
20210806,21,02191,1
20210806,21,02198,1
20210806,21,03310,2
20210806,21,03311,4
20210806,22,02111,1
20210806,22,02112,2
20210806,22,02116,2
20210806,22,02122,7
20210806,22,02129,1
20210806,22,02139,1
20210806,22,02143,2
20210806,22,02148,5
20210806,22,02159,1
20210806,22,02171,2
20210806,22,02172,4
20210806,22,02178,1
20210806,22,02179,5
20210806,22,02185,2
20210806,22,02191,4
20210806,22,02198,1
20210806,22,03311,2
20210806,23,02112,1
20210806,23,02122,3
20210806,23,02128,1
20210806,23,02129,1
20210806,23,02148,1
20210806,23,02172,1
20210806,23,02179,1
20210806,23,02186,2
20210806,23,02191,3
20210806,23,02198,2
20210806,23,03310,1
20210806,23,03311,1
20210806,3,02111,1
20210806,3,02112,1
20210806,3,02122,1
20210806,3,02171,1
20210806,3,02191,1
20210806,3,03310,1
20210806,4,02129,1
20210806,4,02171,1
20210806,4,02185,1
20210806,4,03310,1
20210806,5,02129,1
20210806,5,02185,1
20210806,5,02186,1
20210806,5,02191,1
20210806,5,02198,1
20210806,5,03310,1
20210806,6,02129,1
20210806,6,02130,1
20210806,6,02143,2
20210806,6,02159,1
20210806,6,02171,1
20210806,6,02172,1
20210806,6,02178,1
20210806,6,02185,1
20210806,6,02186,1
20210806,6,02191,1
20210806,6,03310,2
20210806,7,02112,1
20210806,7,02116,1
20210806,7,02128,1
20210806,7,02159,1
20210806,7,02171,3
20210806,7,02172,1
20210806,7,02179,1
20210806,7,02185,2
20210806,7,02191,4
20210806,7,02198,1
20210806,7,03310,7
20210806,8,02111,1
20210806,8,02112,2
20210806,8,02128,1
20210806,8,02129,1
20210806,8,02139,1
20210806,8,02143,1
20210806,8,02159,1
20210806,8,02171,2
20210806,8,02172,1
20210806,8,02179,5
20210806,8,02185,1
20210806,8,02191,2
20210806,8,02198,3
20210806,8,03310,5
20210806,8,03311,1
20210806,9,02111,2
20210806,9,02122,1
20210806,9,02129,3
20210806,9,02139,3
20210806,9,02148,2
20210806,9,02159,1
20210806,9,02171,1
20210806,9,02178,3
20210806,9,02185,3
20210806,9,02186,1
20210806,9,02191,3
20210806,9,02198,3
20210806,9,03310,2
20210806,9,03802,2
20210807,0,02111,1
20210807,0,02112,5
20210807,0,02116,2
20210807,0,02122,1
20210807,0,02128,2
20210807,0,02130,1
20210807,0,02139,2
20210807,0,02148,2
20210807,0,02159,1
20210807,0,02171,2
20210807,0,02179,1
20210807,0,02186,3
20210807,0,02198,3
20210807,0,03310,2
20210807,1,02112,1
20210807,1,02148,2
20210807,1,02179,2
20210807,1,02186,1
20210807,1,02191,1
20210807,10,02111,3
20210807,10,02112,3
20210807,10,02122,1
20210807,10,02129,2
20210807,10,02148,1
20210807,10,02159,1
20210807,10,02171,1
20210807,10,02172,4
20210807,10,02178,1
20210807,10,02179,2
20210807,10,02186,3
20210807,10,02198,2
20210807,10,03310,1
20210807,10,03802,1
20210807,11,02111,3
20210807,11,02112,2
20210807,11,02116,1
20210807,11,02122,2
20210807,11,02128,4
20210807,11,02130,1
20210807,11,02139,1
20210807,11,02148,3
20210807,11,02171,5
20210807,11,02179,2
20210807,11,02185,1
20210807,11,02186,3
20210807,11,02191,3
20210807,11,02198,2
20210807,11,03310,3
20210807,11,03311,1
20210807,11,03802,1
20210807,12,02111,2
20210807,12,02112,1
20210807,12,02116,4
20210807,12,02122,1
20210807,12,02128,1
20210807,12,02129,1
20210807,12,02130,2
20210807,12,02139,1
20210807,12,02148,1
20210807,12,02159,2
20210807,12,02171,3
20210807,12,02172,1
20210807,12,02179,4
20210807,12,02185,1
20210807,12,02186,2
20210807,12,02191,2
20210807,12,02198,2
20210807,12,03310,1
20210807,12,03311,3
20210807,12,03802,1
20210807,13,02111,4
20210807,13,02112,3
20210807,13,02122,3
20210807,13,02143,2
20210807,13,02148,3
20210807,13,02159,2
20210807,13,02171,2
20210807,13,02179,1
20210807,13,02185,2
20210807,13,02191,2
20210807,13,02198,1
20210807,13,03310,3
20210807,13,03311,4
20210807,13,03802,1
20210807,14,02111,2
20210807,14,02112,1
20210807,14,02116,3
20210807,14,02128,1
20210807,14,02130,1
20210807,14,02139,1
20210807,14,02148,4
20210807,14,02159,1
20210807,14,02171,3
20210807,14,02172,1
20210807,14,02179,4
20210807,14,02185,2
20210807,14,02191,3
20210807,14,02199,1
20210807,14,03310,3
20210807,15,02111,4
20210807,15,02112,1
20210807,15,02116,3
20210807,15,02122,4
20210807,15,02148,1
20210807,15,02159,1
20210807,15,02171,5
20210807,15,02172,1
20210807,15,02179,5
20210807,15,02185,2
20210807,15,02186,2
20210807,15,03310,1
20210807,15,03311,6
20210807,16,02111,2
20210807,16,02116,1
20210807,16,02129,2
20210807,16,02130,1
20210807,16,02139,3
20210807,16,02143,2
20210807,16,02148,3
20210807,16,02159,1
20210807,16,02171,5
20210807,16,02172,3
20210807,16,02179,9
20210807,16,02185,3
20210807,16,02191,2
20210807,16,02198,2
20210807,16,03310,4
20210807,16,03311,3
20210807,16,03802,1
20210807,17,02111,1
20210807,17,02112,2
20210807,17,02122,2
20210807,17,02128,4
20210807,17,02129,1
20210807,17,02139,1
20210807,17,02143,3
20210807,17,02148,3
20210807,17,02159,1
20210807,17,02171,4
20210807,17,02172,4
20210807,17,02178,4
20210807,17,02185,1
20210807,17,02186,1
20210807,17,02191,2
20210807,17,02198,1
20210807,17,03310,3
20210807,17,03311,1
20210807,18,02111,2
20210807,18,02112,7
20210807,18,02116,2
20210807,18,02122,3
20210807,18,02128,6
20210807,18,02139,2
20210807,18,02143,1
20210807,18,02148,4
20210807,18,02159,2
20210807,18,02171,3
20210807,18,02172,1
20210807,18,02179,2
20210807,18,02185,6
20210807,18,02186,3
20210807,18,02191,2
20210807,18,02198,1
20210807,18,03310,2
20210807,18,03311,2
20210807,19,02111,9
20210807,19,02112,2
20210807,19,02116,3
20210807,19,02122,1
20210807,19,02128,3
20210807,19,02129,2
20210807,19,02130,4
20210807,19,02139,1
20210807,19,02143,1
20210807,19,02148,3
20210807,19,02159,3
20210807,19,02171,2
20210807,19,02178,1
20210807,19,02179,3
20210807,19,02185,3
20210807,19,02186,2
20210807,19,02191,2
20210807,19,02198,3
20210807,19,03310,6
20210807,19,03311,2
20210807,19,03802,1
20210807,2,02171,2
20210807,2,02179,3
20210807,2,02186,1
20210807,2,02198,2
20210807,20,02111,3
20210807,20,02112,9
20210807,20,02116,6
20210807,20,02122,1
20210807,20,02128,6
20210807,20,02129,2
20210807,20,02130,2
20210807,20,02139,2
20210807,20,02143,3
20210807,20,02148,2
20210807,20,02171,9
20210807,20,02178,4
20210807,20,02179,1
20210807,20,02186,5
20210807,20,02198,2
20210807,20,03310,2
20210807,20,03311,1
20210807,21,02111,4
20210807,21,02112,7
20210807,21,02116,6
20210807,21,02122,3
20210807,21,02128,2
20210807,21,02130,1
20210807,21,02139,2
20210807,21,02171,8
20210807,21,02178,1
20210807,21,02179,1
20210807,21,02185,3
20210807,21,02186,1
20210807,21,02191,3
20210807,21,02198,1
20210807,21,03310,2
20210807,21,03311,1
20210807,22,02111,1
20210807,22,02112,11
20210807,22,02116,2
20210807,22,02128,7
20210807,22,02130,2
20210807,22,02139,3
20210807,22,02143,3
20210807,22,02148,5
20210807,22,02159,1
20210807,22,02171,3
20210807,22,02172,2
20210807,22,02178,6
20210807,22,02179,3
20210807,22,02185,1
20210807,22,02198,2
20210807,22,03311,2
20210807,23,02112,3
20210807,23,02116,1
20210807,23,02122,3
20210807,23,02128,1
20210807,23,02129,1
20210807,23,02139,1
20210807,23,02143,1
20210807,23,02148,1
20210807,23,02171,4
20210807,23,02172,1
20210807,23,02178,4
20210807,23,02179,1
20210807,23,02185,1
20210807,23,02186,1
20210807,23,02191,1
20210807,23,03310,1
20210807,23,03311,1
20210807,3,02112,1
20210807,3,02129,1
20210807,3,02139,1
20210807,3,02171,2
20210807,3,02179,1
20210807,3,02198,1
20210807,4,02129,1
20210807,4,02159,2
20210807,4,02171,2
20210807,4,03311,1
20210807,5,02116,2
20210807,5,02129,1
20210807,5,02143,1
20210807,5,02171,1
20210807,5,02185,1
20210807,5,02186,1
20210807,5,02191,1
20210807,6,02111,1
20210807,6,02130,1
20210807,6,02148,1
20210807,6,02171,1
20210807,6,02191,1
20210807,6,02198,1
20210807,6,03310,2
20210807,7,02111,1
20210807,7,02116,1
20210807,7,02139,1
20210807,7,02159,2
20210807,7,02179,1
20210807,7,02185,1
20210807,7,02198,1
20210807,7,03310,4
20210807,8,02112,1
20210807,8,02116,1
20210807,8,02122,2
20210807,8,02130,1
20210807,8,02139,1
20210807,8,02159,1
20210807,8,02171,1
20210807,8,02178,1
20210807,8,02179,1
20210807,8,02185,2
20210807,8,02191,1
20210807,8,02198,1
20210807,8,03310,3
20210807,9,02111,3
20210807,9,02112,2
20210807,9,02122,1
20210807,9,02128,1
20210807,9,02129,1
20210807,9,02139,2
20210807,9,02143,1
20210807,9,02172,2
20210807,9,02179,1
20210807,9,02185,2
20210807,9,03310,4
20210807,9,03311,2
20210807,9,03802,1
20210808,0,02111,2
20210808,0,02112,1
20210808,0,02116,2
20210808,0,02122,1
20210808,0,02128,4
20210808,0,02139,2
20210808,0,02159,3
20210808,0,02171,2
20210808,0,02178,3
20210808,0,02185,1
20210808,0,02186,1
20210808,0,02191,2
20210808,0,02198,1
20210808,0,03311,1
20210808,1,02143,1
20210808,1,02171,2
20210808,1,02186,1
20210808,1,02191,1
20210808,1,02198,1
20210808,10,02112,4
20210808,10,02122,1
20210808,10,02128,1
20210808,10,02139,1
20210808,10,02148,1
20210808,10,02171,1
20210808,10,02179,1
20210808,10,02186,1
20210808,10,02191,1
20210808,10,03310,2
20210808,10,03311,1
20210808,11,02111,1
20210808,11,02112,2
20210808,11,02116,3
20210808,11,02122,3
20210808,11,02143,1
20210808,11,02148,4
20210808,11,02159,2
20210808,11,02171,2
20210808,11,02172,2
20210808,11,02179,1
20210808,11,02191,1
20210808,11,02198,1
20210808,11,02199,1
20210808,11,03310,2
20210808,12,02111,1
20210808,12,02122,2
20210808,12,02128,2
20210808,12,02129,2
20210808,12,02130,1
20210808,12,02139,1
20210808,12,02143,2
20210808,12,02148,1
20210808,12,02159,1
20210808,12,02171,1
20210808,12,02172,6
20210808,12,02178,1
20210808,12,02179,3
20210808,12,02185,2
20210808,12,02186,2
20210808,12,02191,2
20210808,12,02198,2
20210808,12,03310,2
20210808,12,03311,1
20210808,13,02111,4
20210808,13,02112,4
20210808,13,02116,1
20210808,13,02122,4
20210808,13,02128,1
20210808,13,02129,1
20210808,13,02130,2
20210808,13,02139,2
20210808,13,02143,1
20210808,13,02159,1
20210808,13,02171,5
20210808,13,02178,3
20210808,13,02179,1
20210808,13,02185,1
20210808,13,02186,1
20210808,13,02198,1
20210808,13,03310,1
20210808,14,02111,2
20210808,14,02112,6
20210808,14,02122,2
20210808,14,02129,2
20210808,14,02139,1
20210808,14,02143,2
20210808,14,02148,1
20210808,14,02159,1
20210808,14,02171,5
20210808,14,02172,1
20210808,14,02185,3
20210808,14,02186,2
20210808,14,02191,1
20210808,14,03310,1
20210808,14,03311,3
20210808,15,02112,3
20210808,15,02122,4
20210808,15,02128,3
20210808,15,02143,2
20210808,15,02148,2
20210808,15,02171,4
20210808,15,02172,3
20210808,15,02178,5
20210808,15,02179,2
20210808,15,02185,2
20210808,15,02191,2
20210808,15,02198,1
20210808,15,03310,2
20210808,16,02111,1
20210808,16,02116,1
20210808,16,02128,1
20210808,16,02143,1
20210808,16,02148,1
20210808,16,02171,1
20210808,16,02178,2
20210808,16,02179,3
20210808,16,02185,1
20210808,16,02198,1
20210808,16,03311,1
20210808,17,02111,2
20210808,17,02116,1
20210808,17,02129,1
20210808,17,02130,2
20210808,17,02143,1
20210808,17,02171,1
20210808,17,02172,1
20210808,17,02178,2
20210808,17,02198,1
20210808,17,03311,1
20210808,18,02122,2
20210808,18,02159,1
20210808,18,02171,1
20210808,18,02172,1
20210808,18,02178,2
20210808,18,02186,1
20210808,18,03310,1
20210808,18,03311,2
20210808,19,02111,1
20210808,19,02112,2
20210808,19,02128,1
20210808,19,02129,2
20210808,19,02130,1
20210808,19,02148,3
20210808,19,02178,2
20210808,19,02179,2
20210808,2,02139,1
20210808,2,03310,1
20210808,20,02111,2
20210808,20,02112,6
20210808,20,02116,3
20210808,20,02122,1
20210808,20,02128,1
20210808,20,02129,1
20210808,20,02148,1
20210808,20,02171,2
20210808,20,02179,5
20210808,20,02185,1
20210808,20,02191,1
20210808,20,03311,1
20210808,21,02111,3
20210808,21,02112,4
20210808,21,02116,2
20210808,21,02122,3
20210808,21,02128,1
20210808,21,02129,1
20210808,21,02139,1
20210808,21,02143,1
20210808,21,02148,2
20210808,21,02171,1
20210808,21,02178,1
20210808,21,02186,2
20210808,21,02191,1
20210808,21,03310,1
20210808,22,02111,1
20210808,22,02116,2
20210808,22,02122,2
20210808,22,02128,4
20210808,22,02129,1
20210808,22,02130,1
20210808,22,02143,1
20210808,22,02148,1
20210808,22,02159,1
20210808,22,02171,3
20210808,22,02178,2
20210808,22,02186,2
20210808,22,02191,2
20210808,22,02198,2
20210808,22,03310,1
20210808,23,02111,3
20210808,23,02112,4
20210808,23,02116,2
20210808,23,02128,3
20210808,23,02130,1
20210808,23,02139,2
20210808,23,02143,1
20210808,23,02171,2
20210808,23,02178,1
20210808,23,02179,4
20210808,23,02186,1
20210808,23,03310,1
20210808,3,02111,1
20210808,3,02171,2
20210808,3,02185,1
20210808,3,02198,1
20210808,4,02139,1
20210808,4,02148,2
20210808,4,02171,2
20210808,4,02191,1
20210808,5,02111,1
20210808,5,02129,1
20210808,5,02143,1
20210808,5,02148,1
20210808,5,02185,1
20210808,5,02186,1
20210808,5,02191,1
20210808,6,02112,2
20210808,6,02129,1
20210808,6,02139,2
20210808,6,02178,1
20210808,6,02185,1
20210808,6,02198,1
20210808,7,02128,1
20210808,7,02143,1
20210808,7,02159,2
20210808,7,02171,1
20210808,7,02178,1
20210808,7,02179,1
20210808,7,02198,1
20210808,8,02116,1
20210808,8,02130,2
20210808,8,02143,1
20210808,8,02148,1
20210808,8,02171,1
20210808,8,02179,3
20210808,8,02185,2
20210808,8,03310,2
20210808,8,03311,2
20210808,9,02112,2
20210808,9,02128,3
20210808,9,02171,2
20210808,9,02172,1
20210808,9,02179,2
20210808,9,02191,1
20210808,9,03311,3
20210809,0,02111,1
20210809,0,02112,4
20210809,0,02116,1
20210809,0,02122,1
20210809,0,02172,3
20210809,0,02178,1
20210809,0,02179,1
20210809,0,03310,1
20210809,1,02111,2
20210809,1,02139,1
20210809,1,02148,2
20210809,1,02171,1
20210809,1,02178,2
20210809,1,02186,1
20210809,1,03310,1
20210809,10,02122,1
20210809,10,02128,2
20210809,10,02129,1
20210809,10,02130,1
20210809,10,02139,1
20210809,10,02143,1
20210809,10,02148,2
20210809,10,02171,2
20210809,10,02179,1
20210809,10,03310,2
20210809,10,03311,1
20210809,10,03802,4
20210809,11,02112,2
20210809,11,02116,2
20210809,11,02122,4
20210809,11,02128,1
20210809,11,02148,1
20210809,11,02159,2
20210809,11,02171,1
20210809,11,02172,2
20210809,11,02179,4
20210809,11,02186,2
20210809,11,02191,2
20210809,11,03311,2
20210809,12,02111,1
20210809,12,02112,2
20210809,12,02116,3
20210809,12,02122,1
20210809,12,02128,1
20210809,12,02130,1
20210809,12,02148,1
20210809,12,02159,2
20210809,12,02171,2
20210809,12,02178,2
20210809,12,02186,1
20210809,12,02191,4
20210809,12,02198,2
20210809,12,03310,3
20210809,12,03311,3
20210809,12,03802,1
20210809,13,02111,1
20210809,13,02112,1
20210809,13,02122,1
20210809,13,02143,1
20210809,13,02148,2
20210809,13,02171,1
20210809,13,02172,4
20210809,13,02178,1
20210809,13,02179,2
20210809,13,02185,1
20210809,13,02186,2
20210809,13,02191,2
20210809,13,02198,2
20210809,13,03310,1
20210809,13,03311,4
20210809,14,02111,3
20210809,14,02112,2
20210809,14,02116,1
20210809,14,02128,1
20210809,14,02129,2
20210809,14,02139,1
20210809,14,02159,2
20210809,14,02171,2
20210809,14,02172,2
20210809,14,02179,2
20210809,14,02185,3
20210809,14,02191,2
20210809,14,03311,4
20210809,14,03802,2
20210809,15,02112,2
20210809,15,02122,3
20210809,15,02128,2
20210809,15,02139,1
20210809,15,02148,2
20210809,15,02159,1
20210809,15,02171,1
20210809,15,02178,4
20210809,15,02179,3
20210809,15,02185,3
20210809,15,02191,4
20210809,15,02198,3
20210809,15,03310,4
20210809,15,03311,1
20210809,15,03802,1
20210809,16,02111,2
20210809,16,02112,2
20210809,16,02116,1
20210809,16,02122,2
20210809,16,02128,1
20210809,16,02129,2
20210809,16,02143,1
20210809,16,02148,1
20210809,16,02159,1
20210809,16,02171,5
20210809,16,02178,3
20210809,16,02179,1
20210809,16,02185,2
20210809,16,02191,4
20210809,16,02198,3
20210809,16,03310,3
20210809,16,03311,6
20210809,16,03802,1
20210809,17,02111,4
20210809,17,02112,1
20210809,17,02116,3
20210809,17,02122,5
20210809,17,02128,3
20210809,17,02129,1
20210809,17,02130,1
20210809,17,02139,1
20210809,17,02148,2
20210809,17,02159,2
20210809,17,02171,3
20210809,17,02172,1
20210809,17,02178,8
20210809,17,02185,3
20210809,17,02186,1
20210809,17,02191,2
20210809,17,02198,1
20210809,17,02199,2
20210809,17,03311,5
20210809,18,02111,3
20210809,18,02112,4
20210809,18,02116,9
20210809,18,02122,2
20210809,18,02128,3
20210809,18,02129,5
20210809,18,02139,2
20210809,18,02143,2
20210809,18,02148,3
20210809,18,02171,13
20210809,18,02172,2
20210809,18,02178,5
20210809,18,02179,1
20210809,18,02185,1
20210809,18,02191,7
20210809,18,02198,1
20210809,18,03310,1
20210809,18,03311,1
20210809,19,02111,9
20210809,19,02112,5
20210809,19,02116,4
20210809,19,02122,5
20210809,19,02128,1
20210809,19,02129,1
20210809,19,02130,1
20210809,19,02139,1
20210809,19,02143,3
20210809,19,02148,5
20210809,19,02171,16
20210809,19,02172,4
20210809,19,02178,3
20210809,19,02179,8
20210809,19,02185,8
20210809,19,02186,3
20210809,19,02191,6
20210809,19,02199,1
20210809,19,03310,1
20210809,2,02111,1
20210809,2,02116,1
20210809,2,02143,1
20210809,2,02171,1
20210809,2,02178,1
20210809,2,02198,3
20210809,2,03311,1
20210809,20,02111,8
20210809,20,02112,8
20210809,20,02116,5
20210809,20,02122,4
20210809,20,02130,3
20210809,20,02139,1
20210809,20,02143,2
20210809,20,02148,1
20210809,20,02159,1
20210809,20,02171,7
20210809,20,02172,2
20210809,20,02178,5
20210809,20,02179,7
20210809,20,02185,5
20210809,20,02186,2
20210809,20,02191,2
20210809,20,02198,1
20210809,20,02199,1
20210809,20,03310,1
20210809,20,03311,2
20210809,21,02111,3
20210809,21,02112,6
20210809,21,02116,2
20210809,21,02122,8
20210809,21,02129,1
20210809,21,02139,2
20210809,21,02143,2
20210809,21,02148,4
20210809,21,02159,2
20210809,21,02171,1
20210809,21,02172,4
20210809,21,02179,13
20210809,21,02185,2
20210809,21,02186,1
20210809,21,02191,3
20210809,21,02198,4
20210809,21,02199,1
20210809,21,03311,3
20210809,21,03802,2
20210809,22,02111,1
20210809,22,02112,4
20210809,22,02116,2
20210809,22,02122,4
20210809,22,02128,2
20210809,22,02129,5
20210809,22,02130,2
20210809,22,02143,2
20210809,22,02148,5
20210809,22,02159,2
20210809,22,02171,2
20210809,22,02172,3
20210809,22,02178,2
20210809,22,02179,8
20210809,22,02185,3
20210809,22,02186,6
20210809,22,02191,6
20210809,22,02198,5
20210809,22,03310,2
20210809,22,03311,4
20210809,23,02111,3
20210809,23,02116,3
20210809,23,02129,2
20210809,23,02130,1
20210809,23,02139,1
20210809,23,02143,1
20210809,23,02148,1
20210809,23,02159,1
20210809,23,02171,2
20210809,23,02172,1
20210809,23,02178,3
20210809,23,02179,2
20210809,23,02185,3
20210809,23,02186,6
20210809,23,02199,1
20210809,23,03310,2
20210809,3,02143,1
20210809,3,02171,1
20210809,3,02178,1
20210809,3,02191,1
20210809,4,02116,1
20210809,4,02139,2
20210809,4,02178,1
20210809,5,02122,1
20210809,5,02128,1
20210809,5,02148,2
20210809,5,02185,3
20210809,5,02191,1
20210809,5,02198,1
20210809,5,03310,2
20210809,6,02111,1
20210809,6,02112,1
20210809,6,02128,1
20210809,6,02143,1
20210809,6,02171,1
20210809,6,02172,2
20210809,6,02178,2
20210809,6,02185,3
20210809,6,02191,2
20210809,6,02198,1
20210809,6,03311,1
20210809,7,02111,1
20210809,7,02112,2
20210809,7,02116,1
20210809,7,02128,1
20210809,7,02130,1
20210809,7,02139,5
20210809,7,02148,2
20210809,7,02159,1
20210809,7,02171,3
20210809,7,02179,2
20210809,7,02185,2
20210809,7,02191,1
20210809,7,03310,4
20210809,8,02111,2
20210809,8,02112,1
20210809,8,02128,1
20210809,8,02129,1
20210809,8,02139,1
20210809,8,02171,2
20210809,8,02172,3
20210809,8,02179,2
20210809,8,02185,3
20210809,8,02191,2
20210809,8,02198,2
20210809,8,03310,3
20210809,8,03311,1
20210809,9,02111,4
20210809,9,02112,4
20210809,9,02122,1
20210809,9,02128,1
20210809,9,02130,1
20210809,9,02139,2
20210809,9,02148,5
20210809,9,02171,2
20210809,9,02172,1
20210809,9,02179,2
20210809,9,02186,2
20210809,9,02191,1
20210809,9,02198,1
20210809,9,03310,2
20210809,9,03311,3
20210809,9,03802,3
20210810,0,02112,3
20210810,0,02116,2
20210810,0,02128,1
20210810,0,02129,1
20210810,0,02130,1
20210810,0,02139,1
20210810,0,02171,2
20210810,0,02178,1
20210810,0,02179,2
20210810,0,02185,1
20210810,0,02186,1
20210810,0,02198,2
20210810,0,03310,1
20210810,0,03311,1
20210810,1,02111,1
20210810,1,02122,2
20210810,1,02128,2
20210810,1,02130,1
20210810,1,02143,1
20210810,1,02148,3
20210810,1,02171,1
20210810,1,02179,1
20210810,1,02185,1
20210810,1,02198,1
20210810,1,03310,1
20210810,10,02111,2
20210810,10,02130,1
20210810,10,02143,2
20210810,10,02148,1
20210810,10,02159,2
20210810,10,02171,3
20210810,10,02179,1
20210810,10,02185,1
20210810,10,02191,1
20210810,10,02198,2
20210810,10,03311,1
20210810,11,02111,3
20210810,11,02112,1
20210810,11,02116,3
20210810,11,02122,1
20210810,11,02130,3
20210810,11,02139,1
20210810,11,02143,3
20210810,11,02148,4
20210810,11,02171,5
20210810,11,02172,3
20210810,11,02178,1
20210810,11,02179,2
20210810,11,02191,3
20210810,11,03310,3
20210810,11,03802,1
20210810,12,02111,3
20210810,12,02112,3
20210810,12,02122,1
20210810,12,02139,2
20210810,12,02148,5
20210810,12,02171,3
20210810,12,02178,1
20210810,12,02179,2
20210810,12,02186,1
20210810,12,02198,1
20210810,12,03310,2
20210810,12,03311,2
20210810,12,03802,2
20210810,13,02111,2
20210810,13,02116,1
20210810,13,02122,1
20210810,13,02128,1
20210810,13,02129,1
20210810,13,02148,1
20210810,13,02159,1
20210810,13,02171,5
20210810,13,02178,2
20210810,13,02179,2
20210810,13,02185,2
20210810,13,02186,1
20210810,13,02198,2
20210810,13,03310,2
20210810,13,03311,1
20210810,14,02111,2
20210810,14,02122,1
20210810,14,02128,3
20210810,14,02129,1
20210810,14,02139,2
20210810,14,02143,2
20210810,14,02148,1
20210810,14,02172,1
20210810,14,02178,1
20210810,14,02179,2
20210810,14,02191,3
20210810,14,02198,2
20210810,14,03310,3
20210810,14,03311,1
20210810,14,03802,1
20210810,15,02111,1
20210810,15,02112,1
20210810,15,02116,2
20210810,15,02128,4
20210810,15,02139,2
20210810,15,02148,2
20210810,15,02159,1
20210810,15,02171,4
20210810,15,02198,3
20210810,15,03310,3
20210810,15,03311,2
20210810,16,02112,2
20210810,16,02128,4
20210810,16,02130,6
20210810,16,02139,1
20210810,16,02143,3
20210810,16,02148,1
20210810,16,02159,1
20210810,16,02171,5
20210810,16,02172,1
20210810,16,02178,1
20210810,16,02179,1
20210810,16,02185,2
20210810,16,02186,1
20210810,16,02191,1
20210810,16,02198,1
20210810,16,03310,1
20210810,16,03311,2
20210810,16,03802,3
20210810,17,02111,5
20210810,17,02112,3
20210810,17,02116,3
20210810,17,02122,1
20210810,17,02128,5
20210810,17,02130,1
20210810,17,02139,6
20210810,17,02148,2
20210810,17,02171,6
20210810,17,02172,1
20210810,17,02178,4
20210810,17,02179,3
20210810,17,02185,2
20210810,17,02186,1
20210810,17,02191,3
20210810,17,02198,2
20210810,17,02199,1
20210810,17,03311,2
20210810,18,02111,13
20210810,18,02112,7
20210810,18,02116,5
20210810,18,02122,5
20210810,18,02128,2
20210810,18,02129,1
20210810,18,02139,5
20210810,18,02148,6
20210810,18,02171,10
20210810,18,02172,12
20210810,18,02178,1
20210810,18,02179,7
20210810,18,02185,4
20210810,18,02186,1
20210810,18,02191,3
20210810,18,02198,3
20210810,18,02199,1
20210810,18,03310,2
20210810,18,03311,1
20210810,18,03802,1
20210810,19,02111,6
20210810,19,02112,2
20210810,19,02116,8
20210810,19,02122,2
20210810,19,02128,6
20210810,19,02129,1
20210810,19,02139,2
20210810,19,02143,4
20210810,19,02148,1
20210810,19,02171,9
20210810,19,02172,3
20210810,19,02179,8
20210810,19,02185,3
20210810,19,02186,4
20210810,19,03311,3
20210810,2,02112,1
20210810,2,02139,2
20210810,2,02171,1
20210810,2,02179,1
20210810,2,02191,1
20210810,2,03310,1
20210810,20,02111,3
20210810,20,02112,4
20210810,20,02116,3
20210810,20,02122,5
20210810,20,02128,2
20210810,20,02139,2
20210810,20,02143,3
20210810,20,02148,1
20210810,20,02159,1
20210810,20,02171,9
20210810,20,02172,2
20210810,20,02178,7
20210810,20,02179,1
20210810,20,02185,5
20210810,20,02186,5
20210810,20,02191,11
20210810,20,02198,3
20210810,20,03310,5
20210810,20,03311,4
20210810,21,02112,3
20210810,21,02116,3
20210810,21,02122,1
20210810,21,02128,2
20210810,21,02139,1
20210810,21,02143,1
20210810,21,02148,2
20210810,21,02159,1
20210810,21,02171,3
20210810,21,02178,6
20210810,21,02179,6
20210810,21,02185,3
20210810,21,02191,7
20210810,21,02198,2
20210810,21,03310,3
20210810,21,03311,1
20210810,22,02111,1
20210810,22,02116,1
20210810,22,02122,7
20210810,22,02128,1
20210810,22,02129,3
20210810,22,02139,7
20210810,22,02143,1
20210810,22,02148,1
20210810,22,02159,2
20210810,22,02171,7
20210810,22,02172,3
20210810,22,02178,3
20210810,22,02179,3
20210810,22,02185,4
20210810,22,02186,1
20210810,22,02191,2
20210810,22,02198,3
20210810,22,02199,1
20210810,22,03310,1
20210810,22,03311,1
20210810,22,03802,1
20210810,23,02111,2
20210810,23,02112,1
20210810,23,02116,5
20210810,23,02143,1
20210810,23,02148,3
20210810,23,02171,4
20210810,23,02172,3
20210810,23,02179,1
20210810,23,02185,1
20210810,23,02191,2
20210810,23,02198,2
20210810,23,03311,1
20210810,3,02179,1
20210810,3,02185,2
20210810,4,02129,1
20210810,4,02143,1
20210810,4,02171,1
20210810,5,02128,1
20210810,5,02129,1
20210810,5,02139,1
20210810,5,02185,1
20210810,5,02199,1
20210810,5,03310,1
20210810,6,02128,1
20210810,6,02129,3
20210810,6,02143,1
20210810,6,02148,1
20210810,6,02159,2
20210810,6,02179,1
20210810,6,02185,2
20210810,6,02191,1
20210810,6,03310,3
20210810,7,02112,1
20210810,7,02116,1
20210810,7,02128,3
20210810,7,02129,1
20210810,7,02130,1
20210810,7,02139,1
20210810,7,02143,1
20210810,7,02148,1
20210810,7,02159,1
20210810,7,02171,3
20210810,7,02178,2
20210810,7,02179,1
20210810,7,02185,2
20210810,7,02191,5
20210810,7,03310,3
20210810,8,02111,1
20210810,8,02112,2
20210810,8,02116,2
20210810,8,02122,1
20210810,8,02128,1
20210810,8,02129,1
20210810,8,02130,1
20210810,8,02139,3
20210810,8,02148,2
20210810,8,02159,1
20210810,8,02171,2
20210810,8,02172,1
20210810,8,02179,3
20210810,8,02185,1
20210810,8,02191,5
20210810,8,03311,1
20210810,9,02111,1
20210810,9,02130,2
20210810,9,02143,1
20210810,9,02148,1
20210810,9,02159,1
20210810,9,02171,4
20210810,9,02172,3
20210810,9,02178,1
20210810,9,02179,1
20210810,9,02185,1
20210810,9,02186,2
20210810,9,02191,1
20210810,9,02198,5
20210810,9,03311,4
20210810,9,03802,1
20210811,0,02122,3
20210811,0,02129,1
20210811,0,02130,1
20210811,0,02139,1
20210811,0,02171,1
20210811,0,02179,1
20210811,0,02185,3
20210811,0,02186,1
20210811,0,03311,1
20210811,1,02116,1
20210811,1,02139,2
20210811,1,02171,2
20210811,1,02179,1
20210811,1,02185,1
20210811,1,03310,2
20210811,10,02111,2
20210811,10,02129,1
20210811,10,02178,1
20210811,10,02179,1
20210811,10,03310,3
20210811,10,03802,1
20210811,11,02111,3
20210811,11,02116,1
20210811,11,02122,2
20210811,11,02128,2
20210811,11,02129,2
20210811,11,02139,1
20210811,11,02143,2
20210811,11,02148,2
20210811,11,02159,1
20210811,11,02171,1
20210811,11,02172,5
20210811,11,02178,2
20210811,11,02179,3
20210811,11,02185,1
20210811,11,02198,1
20210811,11,03311,1
20210811,12,02116,1
20210811,12,02122,4
20210811,12,02129,1
20210811,12,02148,1
20210811,12,02159,1
20210811,12,02171,1
20210811,12,02172,1
20210811,12,02185,3
20210811,12,03310,2
20210811,12,03311,3
20210811,12,03802,2
20210811,13,02111,2
20210811,13,02112,1
20210811,13,02116,2
20210811,13,02122,1
20210811,13,02139,1
20210811,13,02148,2
20210811,13,02171,9
20210811,13,02172,2
20210811,13,02179,1
20210811,13,02185,1
20210811,13,02198,1
20210811,13,03310,1
20210811,13,03311,1
20210811,14,02128,1
20210811,14,02148,1
20210811,14,02178,1
20210811,14,03311,1
20210811,15,02112,3
20210811,15,02116,1
20210811,15,02128,1
20210811,15,02143,1
20210811,15,02159,1
20210811,15,02171,1
20210811,15,02178,2
20210811,15,02179,3
20210811,15,02185,3
20210811,15,02191,2
20210811,15,02198,2
20210811,15,03310,1
20210811,16,02111,4
20210811,16,02112,2
20210811,16,02122,3
20210811,16,02128,3
20210811,16,02139,1
20210811,16,02148,1
20210811,16,02159,2
20210811,16,02171,7
20210811,16,02172,2
20210811,16,02178,2
20210811,16,02179,1
20210811,16,02185,4
20210811,16,02191,2
20210811,16,02198,3
20210811,16,03311,1
20210811,16,03802,1
20210811,17,02111,2
20210811,17,02116,2
20210811,17,02122,2
20210811,17,02128,5
20210811,17,02129,1
20210811,17,02139,1
20210811,17,02143,1
20210811,17,02148,8
20210811,17,02159,1
20210811,17,02171,2
20210811,17,02172,1
20210811,17,02178,5
20210811,17,02179,3
20210811,17,02185,4
20210811,17,02191,3
20210811,17,02198,2
20210811,17,03310,3
20210811,17,03311,5
20210811,18,02111,5
20210811,18,02112,2
20210811,18,02116,2
20210811,18,02122,5
20210811,18,02128,7
20210811,18,02129,2
20210811,18,02139,1
20210811,18,02148,3
20210811,18,02159,3
20210811,18,02171,7
20210811,18,02172,2
20210811,18,02178,7
20210811,18,02179,8
20210811,18,02185,1
20210811,18,02186,3
20210811,18,02191,4
20210811,18,02198,2
20210811,18,03311,8
20210811,19,02111,4
20210811,19,02112,7
20210811,19,02116,5
20210811,19,02122,5
20210811,19,02128,1
20210811,19,02129,1
20210811,19,02130,2
20210811,19,02139,1
20210811,19,02143,1
20210811,19,02148,4
20210811,19,02159,2
20210811,19,02171,10
20210811,19,02172,3
20210811,19,02178,8
20210811,19,02179,6
20210811,19,02185,4
20210811,19,02186,2
20210811,19,02191,6
20210811,19,02199,1
20210811,19,03310,2
20210811,19,03311,1
20210811,2,02111,1
20210811,2,02112,2
20210811,2,02148,1
20210811,2,02171,1
20210811,2,02185,1
20210811,20,02111,3
20210811,20,02112,6
20210811,20,02116,6
20210811,20,02122,10
20210811,20,02128,2
20210811,20,02129,4
20210811,20,02130,1
20210811,20,02139,5
20210811,20,02148,2
20210811,20,02159,1
20210811,20,02171,10
20210811,20,02172,2
20210811,20,02178,3
20210811,20,02179,3
20210811,20,02185,5
20210811,20,02191,2
20210811,20,02198,5
20210811,20,03310,1
20210811,20,03311,3
20210811,21,02111,5
20210811,21,02116,4
20210811,21,02122,7
20210811,21,02128,1
20210811,21,02129,2
20210811,21,02130,2
20210811,21,02139,3
20210811,21,02143,1
20210811,21,02148,1
20210811,21,02159,2
20210811,21,02171,3
20210811,21,02178,1
20210811,21,02179,8
20210811,21,02185,2
20210811,21,02186,1
20210811,21,02198,4
20210811,21,03311,2
20210811,22,02112,4
20210811,22,02116,6
20210811,22,02122,4
20210811,22,02128,1
20210811,22,02129,4
20210811,22,02130,2
20210811,22,02139,1
20210811,22,02143,1
20210811,22,02148,7
20210811,22,02159,1
20210811,22,02171,4
20210811,22,02172,3
20210811,22,02178,2
20210811,22,02179,4
20210811,22,02185,3
20210811,22,02186,1
20210811,22,02191,5
20210811,22,02198,1
20210811,22,03311,1
20210811,23,02111,1
20210811,23,02112,2
20210811,23,02122,2
20210811,23,02128,1
20210811,23,02143,1
20210811,23,02172,2
20210811,23,02179,1
20210811,23,02185,2
20210811,23,02198,2
20210811,23,03311,2
20210811,3,02111,1
20210811,3,02112,1
20210811,3,02171,1
20210811,3,02191,1
20210811,3,02199,1
20210811,4,02111,1
20210811,4,02112,1
20210811,4,02139,1
20210811,4,02148,1
20210811,4,02185,1
20210811,4,03310,1
20210811,5,02185,1
20210811,5,03310,1
20210811,6,02129,1
20210811,6,02139,1
20210811,6,02143,1
20210811,6,02171,1
20210811,6,02179,1
20210811,6,02185,1
20210811,6,02186,1
20210811,6,02191,2
20210811,6,03310,2
20210811,7,02111,1
20210811,7,02112,1
20210811,7,02116,1
20210811,7,02122,3
20210811,7,02128,1
20210811,7,02129,3
20210811,7,02130,1
20210811,7,02139,1
20210811,7,02143,1
20210811,7,02148,2
20210811,7,02159,1
20210811,7,02171,1
20210811,7,02179,2
20210811,7,02185,1
20210811,7,02191,4
20210811,7,02198,2
20210811,7,03310,5
20210811,7,03802,1
20210811,8,02111,2
20210811,8,02112,1
20210811,8,02116,1
20210811,8,02122,2
20210811,8,02128,1
20210811,8,02130,1
20210811,8,02139,3
20210811,8,02143,1
20210811,8,02148,1
20210811,8,02171,1
20210811,8,02172,1
20210811,8,02178,1
20210811,8,02179,3
20210811,8,02185,1
20210811,8,02191,2
20210811,9,02111,3
20210811,9,02112,1
20210811,9,02128,1
20210811,9,02130,1
20210811,9,02143,1
20210811,9,02148,2
20210811,9,02171,2
20210811,9,02172,2
20210811,9,02178,1
20210811,9,02179,3
20210811,9,02185,1
20210811,9,02191,2
20210811,9,02198,2
20210811,9,03310,1
20210811,9,03311,2
20210811,9,03802,1
20210812,0,02112,2
20210812,0,02116,1
20210812,0,02122,3
20210812,0,02130,1
20210812,0,02139,3
20210812,0,02143,2
20210812,0,02171,2
20210812,0,02172,1
20210812,0,02179,2
20210812,0,02185,2
20210812,0,02186,1
20210812,0,02191,1
20210812,0,02198,2
20210812,0,03310,1
20210812,0,03311,1
20210812,1,02112,1
20210812,1,02122,1
20210812,1,02130,2
20210812,1,02148,1
20210812,1,02178,2
20210812,1,02179,1
20210812,1,02185,1
20210812,10,02111,1
20210812,10,02112,1
20210812,10,02128,1
20210812,10,02129,1
20210812,10,02139,1
20210812,10,02148,3
20210812,10,02159,4
20210812,10,02171,1
20210812,10,02172,1
20210812,10,02178,1
20210812,10,02179,3
20210812,10,03310,2
20210812,10,03311,1
20210812,11,02111,1
20210812,11,02112,2
20210812,11,02116,1
20210812,11,02128,3
20210812,11,02129,1
20210812,11,02143,2
20210812,11,02159,1
20210812,11,02172,2
20210812,11,02178,1
20210812,11,02179,2
20210812,11,02191,1
20210812,11,03310,3
20210812,11,03311,3
20210812,11,03802,4
20210812,12,02111,4
20210812,12,02112,3
20210812,12,02116,2
20210812,12,02122,1
20210812,12,02128,2
20210812,12,02143,1
20210812,12,02148,4
20210812,12,02159,1
20210812,12,02171,1
20210812,12,02172,1
20210812,12,02178,1
20210812,12,02185,2
20210812,12,02186,1
20210812,12,02191,2
20210812,12,02198,1
20210812,12,03310,3
20210812,12,03311,1
20210812,12,03802,1
20210812,13,02111,3
20210812,13,02116,1
20210812,13,02128,2
20210812,13,02129,1
20210812,13,02148,2
20210812,13,02159,1
20210812,13,02171,4
20210812,13,02179,1
20210812,13,02185,1
20210812,13,02186,1
20210812,13,02191,1
20210812,13,03311,1
20210812,13,03802,1
20210812,14,02112,4
20210812,14,02122,1
20210812,14,02129,2
20210812,14,02148,1
20210812,14,02171,1
20210812,14,02178,1
20210812,14,02179,1
20210812,14,02198,2
20210812,14,03310,3
20210812,14,03311,1
20210812,14,03802,1
20210812,15,02111,1
20210812,15,02112,1
20210812,15,02143,1
20210812,15,02171,2
20210812,15,02172,1
20210812,15,02178,2
20210812,15,02179,1
20210812,15,03802,1
20210812,16,02111,1
20210812,16,02112,4
20210812,16,02116,1
20210812,16,02122,1
20210812,16,02128,1
20210812,16,02129,1
20210812,16,02139,1
20210812,16,02143,3
20210812,16,02148,4
20210812,16,02159,2
20210812,16,02171,1
20210812,16,02172,1
20210812,16,02178,1
20210812,16,02179,3
20210812,16,02186,1
20210812,16,02191,1
20210812,17,02143,1
20210812,17,03311,1
20210812,18,02128,1
20210812,18,02171,1
20210812,18,02198,1
20210812,18,03311,1
20210812,19,02111,4
20210812,19,02112,3
20210812,19,02122,1
20210812,19,02128,2
20210812,19,02148,3
20210812,19,02178,1
20210812,19,02179,6
20210812,19,02186,1
20210812,19,02198,1
20210812,19,02199,2
20210812,19,03310,2
20210812,19,03311,1
20210812,2,02148,1
20210812,2,02171,1
20210812,2,02191,1
20210812,2,03311,1
20210812,20,02111,1
20210812,20,02116,2
20210812,20,02128,4
20210812,20,02129,1
20210812,20,02130,1
20210812,20,02159,1
20210812,20,02171,7
20210812,20,02178,4
20210812,20,02179,5
20210812,20,02185,2
20210812,20,02191,2
20210812,20,02198,3
20210812,20,03311,4
20210812,21,02111,3
20210812,21,02112,5
20210812,21,02116,7
20210812,21,02128,1
20210812,21,02129,3
20210812,21,02143,1
20210812,21,02171,4
20210812,21,02172,1
20210812,21,02178,6
20210812,21,02179,3
20210812,21,02185,3
20210812,21,02191,2
20210812,21,02198,5
20210812,21,03311,3
20210812,22,02111,1
20210812,22,02112,3
20210812,22,02116,7
20210812,22,02129,1
20210812,22,02143,1
20210812,22,02148,2
20210812,22,02159,2
20210812,22,02171,5
20210812,22,02172,1
20210812,22,02178,2
20210812,22,02179,3
20210812,22,02185,2
20210812,22,02186,1
20210812,22,02191,5
20210812,22,03310,1
20210812,22,03311,2
20210812,23,02112,3
20210812,23,02116,3
20210812,23,02128,2
20210812,23,02148,1
20210812,23,02159,1
20210812,23,02172,2
20210812,23,02178,1
20210812,23,02179,2
20210812,23,02185,1
20210812,23,02191,1
20210812,23,02198,1
20210812,23,03310,1
20210812,23,03802,1
20210812,3,02122,2
20210812,3,02148,1
20210812,3,02185,1
20210812,3,02198,1
20210812,4,02112,1
20210812,4,02129,2
20210812,4,02148,1
20210812,5,02122,1
20210812,5,02128,1
20210812,5,02129,1
20210812,5,02139,1
20210812,5,02185,1
20210812,5,02198,1
20210812,5,03310,1
20210812,6,02128,1
20210812,6,02143,2
20210812,6,02159,1
20210812,6,02172,1
20210812,6,02178,1
20210812,6,02179,1
20210812,6,02185,2
20210812,6,02186,1
20210812,6,02191,4
20210812,6,02198,1
20210812,6,03310,1
20210812,6,03311,1
20210812,7,02116,1
20210812,7,02122,1
20210812,7,02128,2
20210812,7,02129,2
20210812,7,02143,3
20210812,7,02148,1
20210812,7,02171,3
20210812,7,02172,2
20210812,7,02185,1
20210812,7,02191,3
20210812,7,03310,9
20210812,8,02111,1
20210812,8,02112,1
20210812,8,02122,1
20210812,8,02129,1
20210812,8,02139,3
20210812,8,02143,1
20210812,8,02148,2
20210812,8,02159,1
20210812,8,02171,2
20210812,8,02172,4
20210812,8,02178,2
20210812,8,02179,2
20210812,8,02185,1
20210812,8,02186,2
20210812,8,02191,1
20210812,8,02198,3
20210812,8,03310,1
20210812,8,03311,3
20210812,9,02111,1
20210812,9,02112,1
20210812,9,02122,1
20210812,9,02128,1
20210812,9,02148,2
20210812,9,02159,2
20210812,9,02179,2
20210812,9,02186,2
20210812,9,02191,2
20210812,9,02198,3
20210812,9,03310,4
20210812,9,03311,1
20210812,9,03802,2
20210813,0,02112,1
20210813,0,02116,1
20210813,0,02122,1
20210813,0,02148,2
20210813,0,02171,3
20210813,0,02178,2
20210813,1,02139,1
20210813,1,02148,1
20210813,1,02171,2
20210813,1,03310,1
20210813,10,02111,2
20210813,10,02112,4
20210813,10,02122,1
20210813,10,02129,1
20210813,10,02130,1
20210813,10,02143,3
20210813,10,02171,1
20210813,10,02172,1
20210813,10,02185,1
20210813,10,02186,2
20210813,10,02191,2
20210813,10,02198,1
20210813,10,03310,1
20210813,10,03311,4
20210813,10,03802,2
20210813,11,02111,2
20210813,11,02116,3
20210813,11,02122,5
20210813,11,02129,3
20210813,11,02148,3
20210813,11,02159,1
20210813,11,02171,1
20210813,11,02179,1
20210813,11,02186,2
20210813,11,02191,1
20210813,11,03310,4
20210813,11,03311,4
20210813,11,03802,1
20210813,12,02111,3
20210813,12,02112,1
20210813,12,02116,1
20210813,12,02122,1
20210813,12,02128,2
20210813,12,02139,1
20210813,12,02143,1
20210813,12,02148,2
20210813,12,02159,1
20210813,12,02171,3
20210813,12,02172,1
20210813,12,02178,3
20210813,12,02185,2
20210813,12,02191,1
20210813,12,02198,3
20210813,12,03310,2
20210813,13,02111,1
20210813,13,02116,4
20210813,13,02122,3
20210813,13,02128,1
20210813,13,02129,2
20210813,13,02139,2
20210813,13,02143,2
20210813,13,02171,3
20210813,13,02178,2
20210813,13,02179,1
20210813,13,02186,1
20210813,13,02191,2
20210813,13,02198,1
20210813,13,02199,1
20210813,13,03310,2
20210813,13,03311,2
20210813,14,02128,1
20210813,14,02129,1
20210813,14,02130,2
20210813,14,02159,2
20210813,14,02171,4
20210813,14,02172,1
20210813,14,02178,2
20210813,14,02179,2
20210813,14,02185,1
20210813,14,02186,1
20210813,14,02191,1
20210813,14,02198,1
20210813,14,03310,1
20210813,14,03311,2
20210813,15,02111,2
20210813,15,02112,1
20210813,15,02122,1
20210813,15,02128,3
20210813,15,02129,2
20210813,15,02139,2
20210813,15,02148,2
20210813,15,02171,3
20210813,15,02172,1
20210813,15,02186,1
20210813,15,02191,1
20210813,15,02199,1
20210813,15,03310,1
20210813,15,03311,3
20210813,16,02112,1
20210813,16,02116,2
20210813,16,02122,3
20210813,16,02128,5
20210813,16,02130,1
20210813,16,02139,3
20210813,16,02143,1
20210813,16,02148,2
20210813,16,02159,1
20210813,16,02171,2
20210813,16,02178,1
20210813,16,02179,2
20210813,16,02185,3
20210813,16,02186,2
20210813,16,02191,2
20210813,16,02198,3
20210813,16,03310,4
20210813,16,03311,5
20210813,16,03802,1
20210813,17,02111,1
20210813,17,02112,5
20210813,17,02116,3
20210813,17,02122,7
20210813,17,02128,3
20210813,17,02148,1
20210813,17,02171,5
20210813,17,02178,5
20210813,17,02179,2
20210813,17,02185,6
20210813,17,02191,1
20210813,17,02198,1
20210813,17,03310,2
20210813,17,03311,2
20210813,17,03802,2
20210813,18,02111,1
20210813,18,02112,4
20210813,18,02116,3
20210813,18,02122,4
20210813,18,02128,3
20210813,18,02129,1
20210813,18,02130,2
20210813,18,02139,4
20210813,18,02143,2
20210813,18,02148,3
20210813,18,02159,1
20210813,18,02171,6
20210813,18,02172,2
20210813,18,02178,7
20210813,18,02179,4
20210813,18,02186,1
20210813,18,02191,4
20210813,18,02198,3
20210813,18,03310,3
20210813,18,03311,6
20210813,19,02111,6
20210813,19,02112,4
20210813,19,02116,3
20210813,19,02122,2
20210813,19,02128,4
20210813,19,02130,1
20210813,19,02139,1
20210813,19,02159,1
20210813,19,02171,11
20210813,19,02178,3
20210813,19,02179,9
20210813,19,02185,1
20210813,19,02186,2
20210813,19,02191,2
20210813,19,02198,1
20210813,19,03311,2
20210813,2,02122,1
20210813,2,02129,1
20210813,2,02139,1
20210813,2,02148,1
20210813,2,02191,1
20210813,2,03310,2
20210813,20,02111,8
20210813,20,02112,4
20210813,20,02116,5
20210813,20,02128,3
20210813,20,02129,2
20210813,20,02130,1
20210813,20,02139,1
20210813,20,02143,4
20210813,20,02148,2
20210813,20,02171,5
20210813,20,02178,4
20210813,20,02179,3
20210813,20,02185,2
20210813,20,02191,2
20210813,20,02198,4
20210813,20,03310,2
20210813,20,03311,2
20210813,20,03802,1
20210813,21,02111,10
20210813,21,02112,6
20210813,21,02116,4
20210813,21,02122,5
20210813,21,02128,2
20210813,21,02130,2
20210813,21,02139,3
20210813,21,02143,2
20210813,21,02148,1
20210813,21,02159,4
20210813,21,02171,5
20210813,21,02172,2
20210813,21,02178,3
20210813,21,02179,3
20210813,21,02185,1
20210813,21,02191,1
20210813,21,02198,3
20210813,21,02199,1
20210813,21,03311,2
20210813,21,03802,1
20210813,22,02111,4
20210813,22,02112,8
20210813,22,02116,5
20210813,22,02122,2
20210813,22,02128,2
20210813,22,02129,1
20210813,22,02139,2
20210813,22,02143,2
20210813,22,02148,3
20210813,22,02159,1
20210813,22,02171,6
20210813,22,02172,2
20210813,22,02178,1
20210813,22,02179,10
20210813,22,02185,2
20210813,22,02191,3
20210813,22,02198,5
20210813,22,02199,1
20210813,22,03310,1
20210813,22,03311,3
20210813,23,02111,4
20210813,23,02112,1
20210813,23,02116,2
20210813,23,02122,2
20210813,23,02128,3
20210813,23,02129,1
20210813,23,02130,1
20210813,23,02143,1
20210813,23,02148,1
20210813,23,02159,1
20210813,23,02171,2
20210813,23,02172,1
20210813,23,02178,1
20210813,23,02179,2
20210813,23,02185,3
20210813,23,02186,1
20210813,23,02198,1
20210813,3,02185,1
20210813,3,02191,1
20210813,4,02139,1
20210813,4,02171,1
20210813,4,02185,1
20210813,4,03310,1
20210813,5,02139,1
20210813,5,02148,1
20210813,5,02185,1
20210813,5,02191,3
20210813,5,02198,1
20210813,5,03310,1
20210813,6,02129,1
20210813,6,02143,1
20210813,6,02148,2
20210813,6,02159,1
20210813,6,02179,1
20210813,6,02185,2
20210813,6,02186,1
20210813,6,02191,2
20210813,6,02198,1
20210813,6,03310,2
20210813,7,02111,1
20210813,7,02112,2
20210813,7,02122,1
20210813,7,02128,3
20210813,7,02129,4
20210813,7,02139,3
20210813,7,02143,2
20210813,7,02148,1
20210813,7,02159,1
20210813,7,02171,2
20210813,7,02172,1
20210813,7,02178,1
20210813,7,02185,2
20210813,7,02191,2
20210813,7,03310,6
20210813,8,02112,4
20210813,8,02116,1
20210813,8,02122,1
20210813,8,02128,2
20210813,8,02129,1
20210813,8,02139,2
20210813,8,02143,2
20210813,8,02171,2
20210813,8,02172,2
20210813,8,02178,1
20210813,8,02179,2
20210813,8,02185,2
20210813,8,02186,2
20210813,8,02191,2
20210813,8,02198,1
20210813,8,03310,1
20210813,9,02111,1
20210813,9,02112,2
20210813,9,02122,2
20210813,9,02128,1
20210813,9,02129,2
20210813,9,02139,1
20210813,9,02148,4
20210813,9,02159,3
20210813,9,02179,1
20210813,9,02186,2
20210813,9,02191,1
20210813,9,02198,1
20210813,9,03310,3
20210814,0,02111,3
20210814,0,02112,4
20210814,0,02128,2
20210814,0,02129,1
20210814,0,02139,1
20210814,0,02143,1
20210814,0,02148,1
20210814,0,02159,1
20210814,0,02171,5
20210814,0,02178,1
20210814,0,02179,2
20210814,0,02185,1
20210814,0,02191,2
20210814,0,02198,3
20210814,0,03310,1
20210814,1,02111,1
20210814,1,02139,1
20210814,1,02148,2
20210814,1,02171,2
20210814,1,02186,1
20210814,1,02191,1
20210814,1,02198,1
20210814,1,03310,1
20210814,1,03311,1
20210814,10,02111,1
20210814,10,02112,4
20210814,10,02128,2
20210814,10,02139,3
20210814,10,02143,1
20210814,10,02148,5
20210814,10,02159,1
20210814,10,02171,3
20210814,10,02172,1
20210814,10,02178,1
20210814,10,02179,3
20210814,10,02185,1
20210814,10,02191,1
20210814,10,03311,2
20210814,10,03802,1
20210814,11,02111,2
20210814,11,02112,1
20210814,11,02116,2
20210814,11,02122,7
20210814,11,02128,2
20210814,11,02130,1
20210814,11,02143,1
20210814,11,02148,6
20210814,11,02171,6
20210814,11,02172,2
20210814,11,02179,4
20210814,11,02185,2
20210814,11,02191,3
20210814,11,03311,2
20210814,11,03802,1
20210814,12,02111,3
20210814,12,02112,2
20210814,12,02116,1
20210814,12,02122,3
20210814,12,02128,1
20210814,12,02139,1
20210814,12,02143,3
20210814,12,02148,1
20210814,12,02159,2
20210814,12,02171,4
20210814,12,02172,5
20210814,12,02178,1
20210814,12,02179,2
20210814,12,02185,1
20210814,12,02186,4
20210814,12,02191,2
20210814,12,02198,2
20210814,12,03310,2
20210814,12,03311,3
20210814,13,02111,1
20210814,13,02112,1
20210814,13,02116,2
20210814,13,02122,3
20210814,13,02128,2
20210814,13,02130,1
20210814,13,02139,2
20210814,13,02143,5
20210814,13,02148,2
20210814,13,02171,2
20210814,13,02172,2
20210814,13,02179,5
20210814,13,02186,1
20210814,13,02191,1
20210814,13,02198,1
20210814,13,03310,2
20210814,13,03311,1
20210814,14,02111,4
20210814,14,02112,3
20210814,14,02116,4
20210814,14,02122,3
20210814,14,02128,3
20210814,14,02139,1
20210814,14,02143,1
20210814,14,02148,1
20210814,14,02159,2
20210814,14,02171,7
20210814,14,02172,1
20210814,14,02178,2
20210814,14,02179,2
20210814,14,02185,1
20210814,14,02186,4
20210814,14,02191,2
20210814,14,02198,3
20210814,14,02199,1
20210814,14,03310,1
20210814,14,03311,2
20210814,15,02111,5
20210814,15,02112,3
20210814,15,02116,1
20210814,15,02128,2
20210814,15,02130,4
20210814,15,02139,2
20210814,15,02143,2
20210814,15,02148,1
20210814,15,02171,4
20210814,15,02172,3
20210814,15,02178,1
20210814,15,02179,2
20210814,15,02185,1
20210814,15,02186,3
20210814,15,02191,4
20210814,15,03310,2
20210814,15,03311,7
20210814,16,02111,5
20210814,16,02112,5
20210814,16,02116,1
20210814,16,02122,2
20210814,16,02128,1
20210814,16,02129,1
20210814,16,02130,6
20210814,16,02139,1
20210814,16,02143,1
20210814,16,02148,2
20210814,16,02159,2
20210814,16,02171,7
20210814,16,02179,3
20210814,16,02186,3
20210814,16,02198,2
20210814,16,03311,3
20210814,17,02112,2
20210814,17,02116,2
20210814,17,02122,1
20210814,17,02128,4
20210814,17,02129,5
20210814,17,02130,5
20210814,17,02143,2
20210814,17,02148,2
20210814,17,02159,1
20210814,17,02171,6
20210814,17,02178,4
20210814,17,02179,5
20210814,17,02185,3
20210814,17,02186,1
20210814,17,02198,1
20210814,17,03310,2
20210814,17,03311,2
20210814,18,02111,4
20210814,18,02112,3
20210814,18,02116,1
20210814,18,02122,1
20210814,18,02128,3
20210814,18,02129,3
20210814,18,02139,1
20210814,18,02143,1
20210814,18,02148,1
20210814,18,02159,2
20210814,18,02171,3
20210814,18,02179,2
20210814,18,02185,4
20210814,18,02186,1
20210814,18,02191,7
20210814,18,02199,2
20210814,18,03311,4
20210814,18,03802,1
20210814,19,02111,2
20210814,19,02112,5
20210814,19,02116,10
20210814,19,02122,3
20210814,19,02128,1
20210814,19,02129,1
20210814,19,02139,2
20210814,19,02148,5
20210814,19,02171,7
20210814,19,02178,6
20210814,19,02179,1
20210814,19,02185,1
20210814,19,02186,1
20210814,19,02191,4
20210814,19,02198,3
20210814,19,02199,3
20210814,19,03311,1
20210814,19,03802,1
20210814,2,02129,1
20210814,2,02143,1
20210814,2,02179,6
20210814,2,02191,1
20210814,2,03311,1
20210814,20,02111,4
20210814,20,02112,5
20210814,20,02116,8
20210814,20,02122,3
20210814,20,02128,1
20210814,20,02143,1
20210814,20,02148,3
20210814,20,02159,1
20210814,20,02171,4
20210814,20,02172,1
20210814,20,02178,3
20210814,20,02179,6
20210814,20,02185,2
20210814,20,02186,2
20210814,20,02191,9
20210814,20,02198,1
20210814,20,03310,2
20210814,20,03311,3
20210814,21,02111,11
20210814,21,02112,12
20210814,21,02116,2
20210814,21,02122,7
20210814,21,02128,1
20210814,21,02129,1
20210814,21,02143,3
20210814,21,02148,2
20210814,21,02171,5
20210814,21,02172,1
20210814,21,02178,2
20210814,21,02179,13
20210814,21,02185,1
20210814,21,02186,3
20210814,21,02191,3
20210814,21,02198,3
20210814,21,03310,2
20210814,21,03311,2
20210814,22,02111,2
20210814,22,02112,4
20210814,22,02116,5
20210814,22,02122,1
20210814,22,02129,1
20210814,22,02130,2
20210814,22,02143,1
20210814,22,02148,2
20210814,22,02159,1
20210814,22,02171,1
20210814,22,02172,1
20210814,22,02178,2
20210814,22,02179,9
20210814,22,02185,5
20210814,22,02186,1
20210814,22,02191,4
20210814,22,02198,3
20210814,22,02199,1
20210814,22,03310,2
20210814,22,03311,2
20210814,22,03802,1
20210814,23,02111,4
20210814,23,02112,2
20210814,23,02122,1
20210814,23,02128,1
20210814,23,02139,1
20210814,23,02143,1
20210814,23,02148,5
20210814,23,02178,4
20210814,23,02179,3
20210814,23,02191,2
20210814,23,02198,3
20210814,23,03311,1
20210814,3,02191,1
20210814,4,02111,1
20210814,4,02171,1
20210814,5,02148,1
20210814,5,02191,2
20210814,6,02116,1
20210814,6,02122,1
20210814,6,02129,1
20210814,6,02143,1
20210814,6,02171,1
20210814,6,02179,1
20210814,6,02191,2
20210814,7,02112,3
20210814,7,02116,1
20210814,7,02139,1
20210814,7,02148,1
20210814,7,02159,1
20210814,7,02179,1
20210814,7,02185,1
20210814,7,02198,1
20210814,8,02111,1
20210814,8,02122,1
20210814,8,02128,2
20210814,8,02171,1
20210814,8,02172,1
20210814,8,02179,1
20210814,8,02185,1
20210814,8,02191,1
20210814,9,02111,1
20210814,9,02112,2
20210814,9,02116,1
20210814,9,02122,1
20210814,9,02148,2
20210814,9,02172,5
20210814,9,02179,1
20210814,9,03311,1
20210815,0,02112,1
20210815,0,02116,3
20210815,0,02148,1
20210815,0,02159,1
20210815,0,02171,2
20210815,0,02172,1
20210815,0,02178,2
20210815,0,02179,1
20210815,0,02185,1
20210815,0,02186,2
20210815,0,02191,2
20210815,0,02198,1
20210815,0,03311,4
20210815,1,02116,1
20210815,1,02122,1
20210815,1,02139,1
20210815,1,02148,1
20210815,1,02171,1
20210815,1,02191,1
20210815,1,02198,2
20210815,1,03310,1
20210815,10,02111,1
20210815,10,02112,1
20210815,10,02128,2
20210815,10,02139,1
20210815,10,02148,1
20210815,10,02171,2
20210815,10,02172,1
20210815,10,02178,2
20210815,10,03310,3
20210815,10,03311,2
20210815,11,02112,5
20210815,11,02122,1
20210815,11,02128,2
20210815,11,02143,2
20210815,11,02148,6
20210815,11,02159,1
20210815,11,02172,6
20210815,11,02178,1
20210815,11,02179,2
20210815,11,02186,1
20210815,11,02191,1
20210815,11,02198,2
20210815,11,03310,1
20210815,11,03311,1
20210815,12,02111,3
20210815,12,02112,2
20210815,12,02116,1
20210815,12,02122,2
20210815,12,02128,1
20210815,12,02129,1
20210815,12,02148,1
20210815,12,02171,2
20210815,12,02172,6
20210815,12,02179,1
20210815,12,02185,1
20210815,12,02186,3
20210815,12,02191,2
20210815,12,02198,4
20210815,12,02199,1
20210815,12,03310,1
20210815,12,03311,2
20210815,13,02111,1
20210815,13,02112,2
20210815,13,02116,1
20210815,13,02122,1
20210815,13,02143,1
20210815,13,02148,3
20210815,13,02171,3
20210815,13,02172,3
20210815,13,02179,2
20210815,13,02185,1
20210815,13,02186,1
20210815,13,02191,2
20210815,13,02198,1
20210815,13,03311,2
20210815,14,02111,2
20210815,14,02112,1
20210815,14,02116,1
20210815,14,02128,1
20210815,14,02129,2
20210815,14,02139,2
20210815,14,02148,1
20210815,14,02172,10
20210815,14,02179,1
20210815,14,02191,1
20210815,14,02198,1
20210815,14,02199,1
20210815,14,03311,3
20210815,15,02128,4
20210815,15,02129,2
20210815,15,02139,1
20210815,15,02171,6
20210815,15,02172,4
20210815,15,02178,2
20210815,15,02179,4
20210815,15,02185,3
20210815,15,02186,2
20210815,15,02191,4
20210815,15,02198,1
20210815,15,03311,4
20210815,15,03802,2
20210815,16,02111,3
20210815,16,02112,1
20210815,16,02122,1
20210815,16,02129,1
20210815,16,02139,3
20210815,16,02143,2
20210815,16,02148,2
20210815,16,02171,8
20210815,16,02172,9
20210815,16,02178,4
20210815,16,02179,3
20210815,16,02185,2
20210815,16,02191,3
20210815,16,02198,2
20210815,16,02199,1
20210815,16,03310,1
20210815,16,03311,2
20210815,17,02111,3
20210815,17,02112,5
20210815,17,02116,3
20210815,17,02128,3
20210815,17,02129,6
20210815,17,02130,1
20210815,17,02139,3
20210815,17,02143,1
20210815,17,02148,1
20210815,17,02159,2
20210815,17,02171,1
20210815,17,02172,5
20210815,17,02178,3
20210815,17,02179,4
20210815,17,02185,1
20210815,17,02191,4
20210815,17,02198,4
20210815,17,03310,2
20210815,17,03311,6
20210815,18,02111,5
20210815,18,02112,3
20210815,18,02116,2
20210815,18,02122,5
20210815,18,02128,4
20210815,18,02129,5
20210815,18,02130,4
20210815,18,02139,3
20210815,18,02143,2
20210815,18,02148,3
20210815,18,02171,4
20210815,18,02172,4
20210815,18,02178,3
20210815,18,02179,4
20210815,18,02186,2
20210815,18,02191,2
20210815,18,02198,3
20210815,18,02199,1
20210815,18,03310,1
20210815,18,03311,3
20210815,18,03802,1
20210815,19,02111,4
20210815,19,02112,4
20210815,19,02116,3
20210815,19,02122,3
20210815,19,02129,2
20210815,19,02130,3
20210815,19,02139,3
20210815,19,02148,4
20210815,19,02159,1
20210815,19,02171,2
20210815,19,02178,1
20210815,19,02179,4
20210815,19,02185,2
20210815,19,02186,1
20210815,19,02191,4
20210815,19,03310,2
20210815,19,03311,2
20210815,2,02122,1
20210815,2,02171,1
20210815,2,02186,3
20210815,2,02191,2
20210815,20,02111,3
20210815,20,02112,3
20210815,20,02116,9
20210815,20,02122,2
20210815,20,02128,2
20210815,20,02129,1
20210815,20,02130,1
20210815,20,02139,3
20210815,20,02148,2
20210815,20,02171,6
20210815,20,02172,1
20210815,20,02178,1
20210815,20,02179,4
20210815,20,02185,3
20210815,20,02186,1
20210815,20,02191,3
20210815,20,02198,3
20210815,20,03310,7
20210815,20,03311,1
20210815,21,02112,7
20210815,21,02116,2
20210815,21,02122,1
20210815,21,02128,5
20210815,21,02129,3
20210815,21,02148,2
20210815,21,02159,2
20210815,21,02171,5
20210815,21,02179,3
20210815,21,02186,2
20210815,21,02191,2
20210815,21,02198,3
20210815,21,03310,3
20210815,22,02111,2
20210815,22,02112,3
20210815,22,02116,3
20210815,22,02122,4
20210815,22,02128,1
20210815,22,02129,1
20210815,22,02139,3
20210815,22,02143,1
20210815,22,02148,2
20210815,22,02159,1
20210815,22,02171,6
20210815,22,02178,4
20210815,22,02179,3
20210815,22,02185,1
20210815,22,02191,5
20210815,22,02198,1
20210815,22,03311,2
20210815,22,03802,2
20210815,23,02111,2
20210815,23,02112,4
20210815,23,02116,2
20210815,23,02128,1
20210815,23,02129,1
20210815,23,02139,1
20210815,23,02159,1
20210815,23,02171,1
20210815,23,02178,1
20210815,23,02179,2
20210815,23,02185,1
20210815,23,02186,1
20210815,23,02191,1
20210815,23,02198,2
20210815,23,03310,2
20210815,23,03802,2
20210815,3,02139,3
20210815,3,02148,1
20210815,3,02171,2
20210815,3,02198,1
20210815,4,02122,1
20210815,4,02148,2
20210815,4,02171,1
20210815,4,02198,1
20210815,5,02111,1
20210815,5,02191,1
20210815,6,02111,2
20210815,6,02178,1
20210815,6,02185,1
20210815,6,02191,1
20210815,6,02198,1
20210815,6,03310,1
20210815,7,02128,1
20210815,7,02129,1
20210815,7,02159,1
20210815,7,02171,1
20210815,7,02178,2
20210815,7,02179,1
20210815,7,03310,2
20210815,8,02112,2
20210815,8,02143,1
20210815,8,02148,2
20210815,8,02172,1
20210815,8,02178,2
20210815,8,02179,1
20210815,8,02185,3
20210815,8,03310,1
20210815,9,02111,1
20210815,9,02116,1
20210815,9,02122,1
20210815,9,02128,1
20210815,9,02143,1
20210815,9,02172,1
20210815,9,02178,2
20210815,9,02179,1
20210815,9,02186,1
20210815,9,02191,1
20210815,9,02198,1
20210815,9,03310,4
20210815,9,03311,1
20210816,0,02112,1
20210816,0,02122,1
20210816,0,02128,4
20210816,0,02129,1
20210816,0,02148,2
20210816,0,02171,2
20210816,0,02178,3
20210816,0,02179,3
20210816,0,02185,1
20210816,0,02198,1
20210816,0,03311,2
20210816,1,02128,1
20210816,1,02171,1
20210816,1,02172,1
20210816,1,02178,1
20210816,1,02198,1
20210816,10,02111,3
20210816,10,02112,1
20210816,10,02122,2
20210816,10,02143,1
20210816,10,02148,1
20210816,10,02159,1
20210816,10,02171,5
20210816,10,02172,3
20210816,10,02178,2
20210816,10,02185,1
20210816,10,02191,1
20210816,10,02198,1
20210816,10,03310,2
20210816,10,03311,4
20210816,11,02112,1
20210816,11,02116,2
20210816,11,02122,2
20210816,11,02129,1
20210816,11,02139,1
20210816,11,02143,2
20210816,11,02148,2
20210816,11,02159,2
20210816,11,02171,4
20210816,11,02178,2
20210816,11,02179,1
20210816,11,02185,1
20210816,11,02191,3
20210816,11,02198,1
20210816,11,03802,1
20210816,12,02111,1
20210816,12,02112,2
20210816,12,02122,2
20210816,12,02128,1
20210816,12,02139,1
20210816,12,02143,1
20210816,12,02148,4
20210816,12,02171,2
20210816,12,02178,2
20210816,12,02179,4
20210816,12,02185,4
20210816,12,02191,2
20210816,12,02198,2
20210816,12,03310,2
20210816,12,03311,1
20210816,13,02111,2
20210816,13,02112,2
20210816,13,02116,1
20210816,13,02122,6
20210816,13,02128,1
20210816,13,02139,1
20210816,13,02143,2
20210816,13,02148,3
20210816,13,02171,3
20210816,13,02172,8
20210816,13,02179,1
20210816,13,02191,1
20210816,13,02198,2
20210816,13,02199,2
20210816,13,03311,5
20210816,14,02111,6
20210816,14,02116,3
20210816,14,02122,1
20210816,14,02128,1
20210816,14,02143,2
20210816,14,02148,7
20210816,14,02159,1
20210816,14,02171,4
20210816,14,02172,2
20210816,14,02178,2
20210816,14,02179,3
20210816,14,02185,2
20210816,14,02186,1
20210816,14,02191,2
20210816,14,02198,3
20210816,14,03311,2
20210816,15,02111,6
20210816,15,02112,2
20210816,15,02116,1
20210816,15,02122,1
20210816,15,02129,1
20210816,15,02139,3
20210816,15,02148,2
20210816,15,02159,1
20210816,15,02171,7
20210816,15,02172,1
20210816,15,02178,2
20210816,15,02185,2
20210816,15,02186,2
20210816,15,02198,2
20210816,15,02199,1
20210816,15,03310,1
20210816,15,03311,5
20210816,16,02111,7
20210816,16,02112,3
20210816,16,02116,3
20210816,16,02128,5
20210816,16,02129,4
20210816,16,02139,2
20210816,16,02143,1
20210816,16,02148,4
20210816,16,02171,11
20210816,16,02178,1
20210816,16,02179,1
20210816,16,02185,1
20210816,16,02186,1
20210816,16,02191,2
20210816,16,02198,3
20210816,16,02199,2
20210816,16,03310,5
20210816,16,03311,3
20210816,17,02111,5
20210816,17,02112,1
20210816,17,02116,5
20210816,17,02122,6
20210816,17,02129,3
20210816,17,02130,2
20210816,17,02139,2
20210816,17,02148,4
20210816,17,02171,4
20210816,17,02172,1
20210816,17,02178,6
20210816,17,02179,4
20210816,17,02185,9
20210816,17,02191,5
20210816,17,02199,2
20210816,17,03310,4
20210816,17,03311,2
20210816,18,02111,9
20210816,18,02112,1
20210816,18,02116,3
20210816,18,02122,6
20210816,18,02128,4
20210816,18,02139,1
20210816,18,02148,9
20210816,18,02159,1
20210816,18,02171,15
20210816,18,02172,1
20210816,18,02178,4
20210816,18,02179,4
20210816,18,02191,4
20210816,18,02198,3
20210816,18,03310,2
20210816,18,03311,2
20210816,19,02111,6
20210816,19,02116,4
20210816,19,02122,4
20210816,19,02128,3
20210816,19,02129,4
20210816,19,02139,2
20210816,19,02148,2
20210816,19,02171,10
20210816,19,02172,1
20210816,19,02179,3
20210816,19,02185,4
20210816,19,02186,2
20210816,19,02191,2
20210816,19,02198,2
20210816,19,03310,1
20210816,19,03311,5
20210816,2,02111,1
20210816,2,02112,1
20210816,2,02116,1
20210816,2,02130,1
20210816,2,02143,1
20210816,2,02148,1
20210816,2,02172,1
20210816,2,02179,1
20210816,2,02186,1
20210816,2,02191,1
20210816,20,02111,5
20210816,20,02112,1
20210816,20,02116,3
20210816,20,02122,1
20210816,20,02128,2
20210816,20,02129,3
20210816,20,02143,2
20210816,20,02148,3
20210816,20,02171,5
20210816,20,02178,1
20210816,20,02179,5
20210816,20,02191,6
20210816,20,02198,4
20210816,20,02199,2
20210816,20,03310,2
20210816,21,02111,2
20210816,21,02112,5
20210816,21,02116,7
20210816,21,02122,2
20210816,21,02128,4
20210816,21,02129,3
20210816,21,02143,1
20210816,21,02148,2
20210816,21,02171,1
20210816,21,02178,3
20210816,21,02179,5
20210816,21,02185,1
20210816,21,02186,4
20210816,21,02191,3
20210816,21,02198,4
20210816,21,02199,1
20210816,21,03311,3
20210816,22,02112,5
20210816,22,02116,4
20210816,22,02122,4
20210816,22,02128,2
20210816,22,02129,3
20210816,22,02139,2
20210816,22,02143,1
20210816,22,02148,1
20210816,22,02159,2
20210816,22,02171,2
20210816,22,02172,1
20210816,22,02178,1
20210816,22,02179,1
20210816,22,02185,4
20210816,22,02191,1
20210816,22,02198,2
20210816,22,02199,1
20210816,22,03802,1
20210816,23,02111,2
20210816,23,02112,3
20210816,23,02116,1
20210816,23,02148,1
20210816,23,02159,3
20210816,23,02171,4
20210816,23,02172,1
20210816,23,02178,1
20210816,23,02179,1
20210816,23,02186,4
20210816,23,02191,2
20210816,23,03311,1
20210816,3,02111,1
20210816,3,02139,2
20210816,3,02143,1
20210816,3,02171,1
20210816,3,02198,2
20210816,4,02112,1
20210816,4,03311,2
20210816,5,02129,1
20210816,5,02185,1
20210816,5,02198,1
20210816,5,03310,1
20210816,6,02159,1
20210816,6,02179,1
20210816,6,02186,2
20210816,6,02191,3
20210816,6,03311,1
20210816,7,02111,2
20210816,7,02112,2
20210816,7,02129,1
20210816,7,02130,1
20210816,7,02139,2
20210816,7,02171,1
20210816,7,02185,1
20210816,7,02191,1
20210816,7,03310,3
20210816,7,03802,1
20210816,8,02112,1
20210816,8,02128,1
20210816,8,02129,1
20210816,8,02139,1
20210816,8,02143,1
20210816,8,02148,2
20210816,8,02159,1
20210816,8,02179,2
20210816,8,02185,2
20210816,8,02186,1
20210816,8,03310,1
20210816,8,03311,3
20210816,9,02111,1
20210816,9,02112,2
20210816,9,02128,1
20210816,9,02172,1
20210816,9,02179,1
20210816,9,02185,4
20210816,9,02191,1
20210816,9,02198,1
20210816,9,03310,4
20210816,9,03311,1
20210817,0,02111,1
20210817,0,02112,2
20210817,0,02116,1
20210817,0,02128,1
20210817,0,02129,3
20210817,0,02148,1
20210817,0,02171,2
20210817,0,02172,1
20210817,0,02185,1
20210817,0,02186,1
20210817,0,03310,1
20210817,1,02139,1
20210817,1,02143,1
20210817,1,02148,1
20210817,10,02111,3
20210817,10,02116,1
20210817,10,02122,1
20210817,10,02128,2
20210817,10,02129,1
20210817,10,02143,1
20210817,10,02148,1
20210817,10,02159,3
20210817,10,02171,2
20210817,10,02178,2
20210817,10,02179,2
20210817,10,02185,2
20210817,10,02191,1
20210817,10,03310,3
20210817,10,03802,3
20210817,11,02111,2
20210817,11,02112,2
20210817,11,02116,2
20210817,11,02128,1
20210817,11,02129,1
20210817,11,02139,1
20210817,11,02143,1
20210817,11,02148,4
20210817,11,02159,2
20210817,11,02171,1
20210817,11,02178,3
20210817,11,02179,1
20210817,11,02185,2
20210817,11,02191,3
20210817,11,02198,1
20210817,11,03310,1
20210817,11,03311,2
20210817,12,02111,2
20210817,12,02116,1
20210817,12,02122,1
20210817,12,02128,2
20210817,12,02139,1
20210817,12,02148,1
20210817,12,02171,4
20210817,12,02172,1
20210817,12,02178,1
20210817,12,02185,3
20210817,12,02186,1
20210817,12,03310,4
20210817,12,03802,2
20210817,13,02111,2
20210817,13,02128,1
20210817,13,02129,2
20210817,13,02139,2
20210817,13,02148,2
20210817,13,02171,2
20210817,13,02172,1
20210817,13,02178,1
20210817,13,02179,1
20210817,13,02186,2
20210817,13,02191,1
20210817,13,03310,1
20210817,13,03311,3
20210817,13,03802,1
20210817,14,02111,1
20210817,14,02112,2
20210817,14,02116,2
20210817,14,02122,3
20210817,14,02128,3
20210817,14,02139,2
20210817,14,02171,5
20210817,14,02178,2
20210817,14,02191,3
20210817,14,03310,3
20210817,14,03311,4
20210817,14,03802,4
20210817,15,02111,3
20210817,15,02112,1
20210817,15,02122,4
20210817,15,02129,2
20210817,15,02139,3
20210817,15,02143,1
20210817,15,02148,2
20210817,15,02172,2
20210817,15,02178,1
20210817,15,02179,2
20210817,15,02185,1
20210817,15,02186,2
20210817,15,03310,2
20210817,15,03311,2
20210817,15,03802,1
20210817,16,02111,3
20210817,16,02116,2
20210817,16,02122,1
20210817,16,02129,1
20210817,16,02130,1
20210817,16,02139,1
20210817,16,02143,1
20210817,16,02148,4
20210817,16,02171,3
20210817,16,02178,1
20210817,16,02179,1
20210817,16,02185,1
20210817,16,02186,1
20210817,16,02191,1
20210817,16,02198,1
20210817,16,03311,2
20210817,16,03802,2
20210817,17,02122,1
20210817,17,02128,1
20210817,17,02129,1
20210817,17,02171,5
20210817,17,02172,1
20210817,17,03311,3
20210817,18,02143,1
20210817,18,02178,1
20210817,18,03310,2
20210817,19,02129,1
20210817,2,02112,2
20210817,2,02139,2
20210817,2,02148,1
20210817,2,02171,1
20210817,2,02179,2
20210817,2,02198,2
20210817,2,03311,1
20210817,20,02111,1
20210817,21,02171,1
20210817,22,02112,1
20210817,22,02116,3
20210817,22,02122,1
20210817,22,02128,1
20210817,22,02178,1
20210817,22,02179,1
20210817,22,02186,1
20210817,23,02111,1
20210817,23,02112,2
20210817,23,02116,1
20210817,23,02128,1
20210817,23,02129,1
20210817,23,02139,1
20210817,23,02178,1
20210817,23,02191,1
20210817,3,02179,1
20210817,3,02198,1
20210817,4,02116,1
20210817,4,02148,1
20210817,4,02185,1
20210817,5,02111,2
20210817,5,02112,1
20210817,5,02129,1
20210817,5,02148,1
20210817,5,02185,2
20210817,5,02191,1
20210817,5,03310,1
20210817,6,02111,1
20210817,6,02116,1
20210817,6,02122,2
20210817,6,02139,1
20210817,6,02143,2
20210817,6,02148,1
20210817,6,02172,1
20210817,6,02179,1
20210817,6,02185,1
20210817,6,02191,3
20210817,6,02198,1
20210817,6,03310,1
20210817,7,02116,1
20210817,7,02128,3
20210817,7,02139,2
20210817,7,02143,1
20210817,7,02159,1
20210817,7,02171,3
20210817,7,02172,1
20210817,7,02178,1
20210817,7,02179,1
20210817,7,02185,1
20210817,7,02191,4
20210817,7,02198,2
20210817,8,02111,2
20210817,8,02112,4
20210817,8,02116,3
20210817,8,02122,2
20210817,8,02128,3
20210817,8,02139,3
20210817,8,02143,2
20210817,8,02171,1
20210817,8,02172,1
20210817,8,02178,2
20210817,8,02179,2
20210817,8,02185,1
20210817,8,02186,1
20210817,8,02191,1
20210817,8,03310,1
20210817,8,03311,2
20210817,9,02111,3
20210817,9,02112,2
20210817,9,02116,1
20210817,9,02128,3
20210817,9,02129,1
20210817,9,02139,1
20210817,9,02148,2
20210817,9,02159,1
20210817,9,02171,1
20210817,9,02179,1
20210817,9,02185,1
20210817,9,02191,3
20210817,9,02198,1
20210817,9,02199,1
20210818,0,02111,1
20210818,0,02112,1
20210818,0,02116,1
20210818,0,02129,1
20210818,0,02139,2
20210818,0,02171,1
20210818,0,02178,2
20210818,0,02186,1
20210818,0,02191,2
20210818,1,02111,2
20210818,1,02198,1
20210818,10,02129,1
20210818,10,02148,1
20210818,10,02179,2
20210818,11,02112,1
20210818,11,02122,1
20210818,11,02129,1
20210818,11,02139,1
20210818,11,02143,1
20210818,11,02148,1
20210818,11,02159,1
20210818,11,02179,1
20210818,11,02185,1
20210818,11,02191,1
20210818,11,02198,1
20210818,11,02199,1
20210818,11,03311,1
20210818,12,02111,2
20210818,12,02116,3
20210818,12,02122,1
20210818,12,02128,1
20210818,12,02129,2
20210818,12,02139,2
20210818,12,02148,1
20210818,12,02159,1
20210818,12,02171,2
20210818,12,02179,1
20210818,12,02185,1
20210818,12,02186,1
20210818,12,02191,1
20210818,12,02199,1
20210818,12,03311,2
20210818,12,03802,1
20210818,13,02111,3
20210818,13,02112,2
20210818,13,02116,1
20210818,13,02122,1
20210818,13,02128,4
20210818,13,02143,1
20210818,13,02148,2
20210818,13,02171,2
20210818,13,02172,1
20210818,13,02179,1
20210818,13,02185,4
20210818,13,02186,1
20210818,13,02191,1
20210818,13,02199,1
20210818,13,03311,1
20210818,14,02111,1
20210818,14,02122,2
20210818,14,02128,4
20210818,14,02129,1
20210818,14,02130,2
20210818,14,02139,1
20210818,14,02143,1
20210818,14,02148,1
20210818,14,02159,4
20210818,14,02171,2
20210818,14,02172,1
20210818,14,02178,2
20210818,14,02179,2
20210818,14,02185,1
20210818,14,02186,2
20210818,14,02191,2
20210818,14,03311,1
20210818,14,03802,2
20210818,15,02111,6
20210818,15,02112,1
20210818,15,02116,1
20210818,15,02122,2
20210818,15,02128,1
20210818,15,02129,1
20210818,15,02143,1
20210818,15,02148,3
20210818,15,02171,4
20210818,15,02185,1
20210818,15,02186,1
20210818,15,02191,3
20210818,15,02198,1
20210818,15,03311,3
20210818,15,03802,3
20210818,16,02111,2
20210818,16,02122,4
20210818,16,02128,2
20210818,16,02129,1
20210818,16,02130,1
20210818,16,02148,2
20210818,16,02159,1
20210818,16,02171,3
20210818,16,02179,2
20210818,16,02185,1
20210818,16,02191,2
20210818,16,02198,1
20210818,16,03310,3
20210818,16,03311,2
20210818,17,02111,4
20210818,17,02112,3
20210818,17,02116,2
20210818,17,02122,1
20210818,17,02128,1
20210818,17,02129,1
20210818,17,02130,2
20210818,17,02139,1
20210818,17,02148,4
20210818,17,02171,5
20210818,17,02178,3
20210818,17,02179,1
20210818,17,02186,3
20210818,17,02191,1
20210818,17,02198,2
20210818,17,03310,2
20210818,17,03311,4
20210818,17,03802,1
20210818,18,02111,6
20210818,18,02112,4
20210818,18,02116,8
20210818,18,02122,6
20210818,18,02128,3
20210818,18,02129,1
20210818,18,02130,5
20210818,18,02139,2
20210818,18,02143,4
20210818,18,02148,2
20210818,18,02159,1
20210818,18,02171,9
20210818,18,02178,7
20210818,18,02179,6
20210818,18,02185,4
20210818,18,02186,3
20210818,18,02191,4
20210818,18,02198,2
20210818,18,02199,1
20210818,18,03310,2
20210818,18,03311,6
20210818,19,02111,3
20210818,19,02112,4
20210818,19,02116,9
20210818,19,02122,2
20210818,19,02128,6
20210818,19,02129,1
20210818,19,02130,2
20210818,19,02139,1
20210818,19,02143,2
20210818,19,02148,2
20210818,19,02171,5
20210818,19,02178,3
20210818,19,02179,4
20210818,19,02185,5
20210818,19,02186,5
20210818,19,02191,2
20210818,19,02198,2
20210818,19,03310,1
20210818,19,03311,4
20210818,2,02111,1
20210818,2,02122,2
20210818,2,02178,1
20210818,2,02179,2
20210818,20,02111,2
20210818,20,02112,4
20210818,20,02116,3
20210818,20,02122,4
20210818,20,02128,4
20210818,20,02129,1
20210818,20,02130,2
20210818,20,02139,2
20210818,20,02143,1
20210818,20,02148,4
20210818,20,02159,1
20210818,20,02171,7
20210818,20,02179,4
20210818,20,02185,2
20210818,20,02186,5
20210818,20,02191,4
20210818,20,02198,5
20210818,20,02199,1
20210818,20,03311,6
20210818,21,02111,3
20210818,21,02112,9
20210818,21,02116,8
20210818,21,02128,3
20210818,21,02129,2
20210818,21,02139,4
20210818,21,02143,2
20210818,21,02148,2
20210818,21,02159,2
20210818,21,02171,5
20210818,21,02178,1
20210818,21,02179,4
20210818,21,02185,7
20210818,21,02186,3
20210818,21,02198,2
20210818,21,03310,1
20210818,21,03311,1
20210818,22,02111,3
20210818,22,02112,9
20210818,22,02116,2
20210818,22,02128,3
20210818,22,02143,1
20210818,22,02148,5
20210818,22,02159,1
20210818,22,02171,3
20210818,22,02172,1
20210818,22,02178,1
20210818,22,02179,9
20210818,22,02185,1
20210818,22,02186,4
20210818,22,02191,4
20210818,22,02198,7
20210818,22,03310,2
20210818,22,03311,1
20210818,23,02111,2
20210818,23,02116,1
20210818,23,02129,3
20210818,23,02130,2
20210818,23,02143,1
20210818,23,02148,2
20210818,23,02159,2
20210818,23,02171,2
20210818,23,02178,1
20210818,23,02179,4
20210818,23,02185,1
20210818,23,02186,3
20210818,23,02198,2
20210818,23,03311,1
20210818,3,02111,1
20210818,4,02112,1
20210818,4,02171,2
20210818,4,02185,1
20210818,4,02198,1
20210818,5,02112,1
20210818,5,02129,1
20210818,5,02191,2
20210818,6,02128,1
20210818,6,02129,1
20210818,6,02139,1
20210818,6,02143,1
20210818,6,02179,1
20210818,6,02185,2
20210818,6,02191,1
20210818,7,02178,1
20210818,7,02186,1
20210818,8,02179,1
20210818,9,02139,1
20210819,0,02111,2
20210819,0,02122,2
20210819,0,02128,2
20210819,0,02129,1
20210819,0,02130,2
20210819,0,02139,1
20210819,0,02148,1
20210819,0,02171,3
20210819,0,02172,2
20210819,0,02179,3
20210819,0,02186,1
20210819,0,02198,2
20210819,0,03310,1
20210819,1,02122,1
20210819,1,02128,1
20210819,1,02171,1
20210819,1,02185,1
20210819,1,02198,2
20210819,1,03310,1
20210819,10,02111,2
20210819,10,02112,1
20210819,10,02122,3
20210819,10,02128,2
20210819,10,02130,1
20210819,10,02139,1
20210819,10,02143,1
20210819,10,02148,5
20210819,10,02171,1
20210819,10,02172,1
20210819,10,02179,2
20210819,10,02185,3
20210819,10,02198,1
20210819,10,03311,1
20210819,10,03802,2
20210819,11,02111,3
20210819,11,02112,2
20210819,11,02116,1
20210819,11,02122,2
20210819,11,02128,1
20210819,11,02148,1
20210819,11,02159,1
20210819,11,02171,1
20210819,11,02172,2
20210819,11,02178,3
20210819,11,02179,1
20210819,11,02185,1
20210819,11,02186,1
20210819,11,02191,1
20210819,11,02198,1
20210819,11,02199,1
20210819,11,03311,2
20210819,12,02111,5
20210819,12,02116,1
20210819,12,02122,1
20210819,12,02128,1
20210819,12,02129,2
20210819,12,02130,1
20210819,12,02139,1
20210819,12,02148,1
20210819,12,02159,2
20210819,12,02171,3
20210819,12,02172,1
20210819,12,02178,5
20210819,12,02179,3
20210819,12,02185,5
20210819,12,02186,2
20210819,12,02191,1
20210819,12,02198,1
20210819,12,03310,2
20210819,12,03311,1
20210819,12,03802,1
20210819,13,02111,1
20210819,13,02112,2
20210819,13,02116,1
20210819,13,02122,4
20210819,13,02128,1
20210819,13,02130,3
20210819,13,02139,1
20210819,13,02148,2
20210819,13,02159,1
20210819,13,02171,1
20210819,13,02178,3
20210819,13,02179,1
20210819,13,02198,1
20210819,13,03311,1
20210819,13,03802,1
20210819,14,02111,4
20210819,14,02112,1
20210819,14,02116,1
20210819,14,02122,1
20210819,14,02128,4
20210819,14,02129,1
20210819,14,02130,1
20210819,14,02148,5
20210819,14,02171,2
20210819,14,02179,2
20210819,14,02185,2
20210819,14,02191,1
20210819,14,02199,1
20210819,14,03310,2
20210819,14,03311,1
20210819,14,03802,3
20210819,15,02111,2
20210819,15,02116,1
20210819,15,02122,1
20210819,15,02139,1
20210819,15,02148,2
20210819,15,02159,2
20210819,15,02171,2
20210819,15,02172,1
20210819,15,02178,2
20210819,15,02179,2
20210819,15,02185,4
20210819,15,02191,1
20210819,15,02198,1
20210819,15,02199,1
20210819,15,03310,3
20210819,15,03311,2
20210819,16,02111,3
20210819,16,02112,1
20210819,16,02116,1
20210819,16,02122,4
20210819,16,02128,1
20210819,16,02139,2
20210819,16,02171,2
20210819,16,02172,1
20210819,16,02178,4
20210819,16,02179,2
20210819,16,02185,3
20210819,16,02186,1
20210819,16,02191,4
20210819,16,02198,1
20210819,16,03310,2
20210819,16,03311,2
20210819,17,02111,2
20210819,17,02112,2
20210819,17,02116,2
20210819,17,02128,2
20210819,17,02129,1
20210819,17,02130,2
20210819,17,02139,2
20210819,17,02148,4
20210819,17,02159,1
20210819,17,02171,9
20210819,17,02178,5
20210819,17,02179,4
20210819,17,02186,1
20210819,17,02191,2
20210819,17,02198,6
20210819,17,02199,1
20210819,17,03310,3
20210819,17,03311,4
20210819,18,02111,5
20210819,18,02112,1
20210819,18,02116,5
20210819,18,02122,4
20210819,18,02128,6
20210819,18,02129,1
20210819,18,02139,1
20210819,18,02143,2
20210819,18,02148,4
20210819,18,02171,10
20210819,18,02178,5
20210819,18,02179,9
20210819,18,02185,5
20210819,18,02186,1
20210819,18,02191,3
20210819,18,03310,2
20210819,18,03311,3
20210819,19,02111,3
20210819,19,02112,2
20210819,19,02116,5
20210819,19,02122,2
20210819,19,02128,3
20210819,19,02130,4
20210819,19,02139,1
20210819,19,02148,3
20210819,19,02159,1
20210819,19,02171,8
20210819,19,02172,1
20210819,19,02178,1
20210819,19,02179,7
20210819,19,02185,6
20210819,19,02186,3
20210819,19,02191,2
20210819,19,02198,1
20210819,19,03311,6
20210819,2,02112,1
20210819,2,02129,1
20210819,2,02199,1
20210819,20,02111,3
20210819,20,02112,4
20210819,20,02116,3
20210819,20,02122,4
20210819,20,02128,1
20210819,20,02130,2
20210819,20,02139,2
20210819,20,02143,1
20210819,20,02148,3
20210819,20,02159,2
20210819,20,02171,5
20210819,20,02172,1
20210819,20,02178,1
20210819,20,02179,4
20210819,20,02185,2
20210819,20,02191,1
20210819,20,02198,1
20210819,20,03311,8
20210819,21,02111,3
20210819,21,02112,8
20210819,21,02116,7
20210819,21,02122,6
20210819,21,02128,3
20210819,21,02130,1
20210819,21,02139,4
20210819,21,02148,2
20210819,21,02159,2
20210819,21,02171,7
20210819,21,02179,5
20210819,21,02185,2
20210819,21,02191,5
20210819,21,02198,5
20210819,21,03311,5
20210819,22,02111,5
20210819,22,02112,5
20210819,22,02116,7
20210819,22,02122,1
20210819,22,02128,1
20210819,22,02130,2
20210819,22,02139,2
20210819,22,02143,2
20210819,22,02148,7
20210819,22,02159,1
20210819,22,02171,3
20210819,22,02172,1
20210819,22,02178,1
20210819,22,02179,7
20210819,22,02185,3
20210819,22,02186,1
20210819,22,02191,2
20210819,22,02198,3
20210819,22,02199,2
20210819,22,03311,2
20210819,23,02111,3
20210819,23,02112,1
20210819,23,02116,1
20210819,23,02122,2
20210819,23,02139,1
20210819,23,02143,2
20210819,23,02148,2
20210819,23,02159,1
20210819,23,02171,3
20210819,23,02172,2
20210819,23,02179,1
20210819,23,02185,1
20210819,23,02191,2
20210819,23,03311,1
20210819,3,02148,1
20210819,3,02198,1
20210819,4,02171,1
20210819,5,02179,1
20210819,5,02185,2
20210819,5,02191,2
20210819,5,03310,1
20210819,6,02116,1
20210819,6,02122,1
20210819,6,02171,1
20210819,6,02185,2
20210819,6,02186,1
20210819,6,02191,1
20210819,7,02112,2
20210819,7,02128,1
20210819,7,02130,1
20210819,7,02139,2
20210819,7,02143,2
20210819,7,02148,2
20210819,7,02171,1
20210819,7,02172,1
20210819,7,02179,1
20210819,7,02185,2
20210819,7,02186,1
20210819,7,02191,4
20210819,7,03310,2
20210819,7,03311,1
20210819,7,03802,1
20210819,8,02111,1
20210819,8,02112,3
20210819,8,02116,2
20210819,8,02122,2
20210819,8,02129,1
20210819,8,02139,2
20210819,8,02143,3
20210819,8,02148,2
20210819,8,02159,1
20210819,8,02171,5
20210819,8,02178,2
20210819,8,02179,2
20210819,8,02185,3
20210819,8,02186,1
20210819,8,02191,4
20210819,8,02198,2
20210819,9,02112,1
20210819,9,02116,1
20210819,9,02128,1
20210819,9,02129,1
20210819,9,02139,2
20210819,9,02143,2
20210819,9,02148,4
20210819,9,02159,1
20210819,9,02171,1
20210819,9,02178,1
20210819,9,02179,1
20210819,9,02185,2
20210819,9,02186,1
20210819,9,02191,1
20210819,9,02198,1
20210819,9,03311,3
20210819,9,03802,2
20210820,0,02111,2
20210820,0,02128,1
20210820,0,02129,1
20210820,0,02139,2
20210820,0,02143,1
20210820,0,02148,1
20210820,0,02171,1
20210820,0,02178,1
20210820,0,02179,3
20210820,0,02185,6
20210820,0,02186,2
20210820,0,02191,1
20210820,0,03310,1
20210820,1,02111,1
20210820,1,02139,2
20210820,1,02143,1
20210820,1,02148,3
20210820,1,02185,1
20210820,10,02111,2
20210820,10,02112,2
20210820,10,02116,1
20210820,10,02139,3
20210820,10,02143,1
20210820,10,02148,1
20210820,10,02171,1
20210820,10,02172,1
20210820,10,02178,1
20210820,10,02179,3
20210820,10,02185,3
20210820,10,02186,1
20210820,10,02191,3
20210820,10,03310,2
20210820,10,03802,1
20210820,11,02111,1
20210820,11,02116,1
20210820,11,02122,2
20210820,11,02129,1
20210820,11,02139,2
20210820,11,02171,1
20210820,11,02172,1
20210820,11,02178,2
20210820,11,02191,1
20210820,11,02198,1
20210820,11,03310,3
20210820,11,03311,4
20210820,11,03802,2
20210820,12,02112,1
20210820,12,02116,3
20210820,12,02122,1
20210820,12,02128,2
20210820,12,02148,1
20210820,12,02159,1
20210820,12,02171,3
20210820,12,02178,1
20210820,12,02179,4
20210820,12,02185,2
20210820,12,02191,3
20210820,12,02198,1
20210820,12,03310,2
20210820,12,03311,1
20210820,13,02112,5
20210820,13,02116,1
20210820,13,02128,2
20210820,13,02139,1
20210820,13,02143,1
20210820,13,02148,2
20210820,13,02171,6
20210820,13,02172,1
20210820,13,02179,1
20210820,13,02198,1
20210820,13,03310,1
20210820,13,03311,4
20210820,14,02111,4
20210820,14,02112,1
20210820,14,02122,1
20210820,14,02128,1
20210820,14,02139,2
20210820,14,02143,2
20210820,14,02148,1
20210820,14,02171,7
20210820,14,02172,1
20210820,14,02179,2
20210820,14,02185,2
20210820,14,02186,1
20210820,14,02198,2
20210820,14,03310,1
20210820,14,03311,1
20210820,14,03802,1
20210820,15,02111,4
20210820,15,02112,3
20210820,15,02116,3
20210820,15,02128,2
20210820,15,02129,1
20210820,15,02130,1
20210820,15,02139,1
20210820,15,02148,3
20210820,15,02159,1
20210820,15,02171,3
20210820,15,02179,1
20210820,15,03311,2
20210820,15,03802,1
20210820,16,02111,2
20210820,16,02116,4
20210820,16,02128,3
20210820,16,02139,1
20210820,16,02148,2
20210820,16,02159,1
20210820,16,02171,4
20210820,16,02172,2
20210820,16,02178,2
20210820,16,02179,3
20210820,16,02185,1
20210820,16,02191,1
20210820,16,02198,2
20210820,16,02199,1
20210820,16,03310,3
20210820,16,03311,3
20210820,17,02111,3
20210820,17,02112,1
20210820,17,02116,3
20210820,17,02122,6
20210820,17,02128,1
20210820,17,02129,1
20210820,17,02130,4
20210820,17,02148,2
20210820,17,02171,7
20210820,17,02172,1
20210820,17,02178,5
20210820,17,02185,3
20210820,17,02186,1
20210820,17,02191,2
20210820,17,02199,1
20210820,17,03310,1
20210820,17,03311,2
20210820,18,02111,2
20210820,18,02112,1
20210820,18,02116,13
20210820,18,02122,4
20210820,18,02128,2
20210820,18,02130,1
20210820,18,02139,2
20210820,18,02143,1
20210820,18,02148,6
20210820,18,02159,2
20210820,18,02171,8
20210820,18,02172,2
20210820,18,02178,1
20210820,18,02179,3
20210820,18,02185,5
20210820,18,02186,2
20210820,18,02191,3
20210820,18,02198,1
20210820,18,02199,1
20210820,18,03310,1
20210820,18,03311,5
20210820,18,03802,1
20210820,19,02111,5
20210820,19,02112,7
20210820,19,02116,6
20210820,19,02122,6
20210820,19,02129,2
20210820,19,02130,1
20210820,19,02139,2
20210820,19,02148,4
20210820,19,02171,4
20210820,19,02178,2
20210820,19,02179,1
20210820,19,02185,4
20210820,19,02186,1
20210820,19,02191,6
20210820,19,02198,1
20210820,19,02199,1
20210820,2,02111,4
20210820,2,02116,2
20210820,2,02122,1
20210820,2,02171,1
20210820,2,02179,3
20210820,2,02186,1
20210820,20,02111,3
20210820,20,02112,3
20210820,20,02116,2
20210820,20,02122,5
20210820,20,02128,2
20210820,20,02129,2
20210820,20,02130,3
20210820,20,02139,4
20210820,20,02148,4
20210820,20,02159,2
20210820,20,02171,5
20210820,20,02178,1
20210820,20,02179,8
20210820,20,02185,3
20210820,20,02186,2
20210820,20,02198,2
20210820,20,03311,4
20210820,21,02111,4
20210820,21,02112,2
20210820,21,02116,2
20210820,21,02122,4
20210820,21,02128,4
20210820,21,02139,1
20210820,21,02143,2
20210820,21,02148,2
20210820,21,02159,1
20210820,21,02171,1
20210820,21,02172,1
20210820,21,02178,1
20210820,21,02179,10
20210820,21,02185,4
20210820,21,02186,1
20210820,21,02191,1
20210820,21,02198,3
20210820,21,02199,2
20210820,22,02111,1
20210820,22,02112,3
20210820,22,02116,4
20210820,22,02122,2
20210820,22,02128,2
20210820,22,02129,1
20210820,22,02139,2
20210820,22,02148,1
20210820,22,02159,3
20210820,22,02171,6
20210820,22,02172,1
20210820,22,02178,2
20210820,22,02179,5
20210820,22,02185,3
20210820,22,02186,1
20210820,22,02191,5
20210820,22,03311,1
20210820,23,02111,2
20210820,23,02112,4
20210820,23,02116,1
20210820,23,02129,1
20210820,23,02148,2
20210820,23,02171,2
20210820,23,02179,3
20210820,23,02185,1
20210820,23,02198,3
20210820,23,03310,1
20210820,23,03311,1
20210820,3,02171,2
20210820,3,02185,1
20210820,4,02185,1
20210820,5,02116,2
20210820,5,02128,1
20210820,5,02129,1
20210820,5,02185,2
20210820,5,03310,1
20210820,6,02112,1
20210820,6,02143,1
20210820,6,02159,1
20210820,6,02179,2
20210820,6,02186,1
20210820,6,02191,1
20210820,7,02122,2
20210820,7,02128,1
20210820,7,02129,1
20210820,7,02139,3
20210820,7,02171,2
20210820,7,02178,1
20210820,7,02179,1
20210820,7,02185,3
20210820,7,02191,3
20210820,8,02116,1
20210820,8,02122,1
20210820,8,02128,1
20210820,8,02129,1
20210820,8,02139,2
20210820,8,02143,2
20210820,8,02148,1
20210820,8,02159,1
20210820,8,02171,3
20210820,8,02172,1
20210820,8,02178,1
20210820,8,02179,1
20210820,8,02185,1
20210820,8,02191,1
20210820,8,02198,1
20210820,8,03310,2
20210820,8,03311,1
20210820,9,02111,3
20210820,9,02112,1
20210820,9,02122,1
20210820,9,02128,1
20210820,9,02139,2
20210820,9,02148,1
20210820,9,02171,3
20210820,9,02172,3
20210820,9,02178,1
20210820,9,02179,1
20210820,9,02186,1
20210820,9,02198,3
20210820,9,03310,2
20210820,9,03311,2
20210820,9,03802,4
20210821,0,02111,1
20210821,0,02112,4
20210821,0,02128,3
20210821,0,02129,2
20210821,0,02139,2
20210821,0,02148,1
20210821,0,02159,2
20210821,0,02179,3
20210821,0,02185,3
20210821,0,02198,2
20210821,0,03311,1
20210821,0,03802,1
20210821,1,02111,1
20210821,1,02112,1
20210821,1,02122,2
20210821,1,02198,1
20210821,1,03310,1
20210821,11,02122,1
20210821,11,02178,1
20210821,11,03802,1
20210821,13,02111,2
20210821,13,02185,1
20210821,13,02191,1
20210821,14,02111,1
20210821,14,02112,1
20210821,14,02116,6
20210821,14,02128,1
20210821,14,02143,1
20210821,14,02148,1
20210821,14,02172,1
20210821,14,02179,6
20210821,14,02191,2
20210821,14,03311,1
20210821,15,02111,1
20210821,15,02112,4
20210821,15,02122,1
20210821,15,02128,2
20210821,15,02129,1
20210821,15,02139,2
20210821,15,02143,1
20210821,15,02148,1
20210821,15,02171,2
20210821,15,02172,1
20210821,15,02179,3
20210821,15,02185,2
20210821,15,02186,1
20210821,15,02191,3
20210821,15,03310,1
20210821,16,02111,2
20210821,16,02112,2
20210821,16,02122,2
20210821,16,02128,5
20210821,16,02139,1
20210821,16,02143,2
20210821,16,02148,1
20210821,16,02172,1
20210821,16,02178,2
20210821,16,02179,4
20210821,16,02185,2
20210821,16,02191,1
20210821,16,02198,2
20210821,16,03311,2
20210821,17,02112,2
20210821,17,02122,1
20210821,17,02128,1
20210821,17,02130,1
20210821,17,02143,1
20210821,17,02186,2
20210821,17,02191,1
20210821,18,02111,1
20210821,18,02112,1
20210821,18,02122,2
20210821,18,02128,2
20210821,18,02171,2
20210821,18,02179,2
20210821,18,02191,1
20210821,18,02198,1
20210821,19,02111,1
20210821,19,02116,1
20210821,19,02129,3
20210821,19,02130,1
20210821,19,02159,2
20210821,19,02171,2
20210821,19,02179,4
20210821,19,02191,6
20210821,19,02198,2
20210821,2,02116,1
20210821,2,02122,1
20210821,2,02129,1
20210821,2,02148,2
20210821,2,02179,5
20210821,2,02186,1
20210821,20,02111,1
20210821,20,02116,1
20210821,20,02122,1
20210821,20,02148,1
20210821,20,02171,1
20210821,20,02178,1
20210821,20,02185,1
20210821,20,02191,1
20210821,20,02198,1
20210821,20,03311,1
20210821,21,02112,1
20210821,21,02116,2
20210821,21,02122,1
20210821,21,02128,2
20210821,21,02129,1
20210821,21,02148,1
20210821,21,02171,1
20210821,21,02178,1
20210821,21,02179,2
20210821,21,02191,3
20210821,21,02198,1
20210821,21,03310,1
20210821,21,03311,2
20210821,22,02111,1
20210821,22,02112,2
20210821,22,02122,1
20210821,22,02128,1
20210821,22,02129,1
20210821,22,02139,1
20210821,22,02148,1
20210821,22,02171,1
20210821,22,02179,4
20210821,22,02191,1
20210821,22,02198,1
20210821,23,02111,1
20210821,23,02116,1
20210821,23,02128,1
20210821,23,02129,1
20210821,23,02179,1
20210821,23,02185,1
20210821,3,02171,1
20210821,3,02179,1
20210821,4,02112,1
20210821,4,02122,1
20210821,4,02148,1
20210821,4,02171,1
20210821,4,02199,1
20210821,5,02112,1
20210821,6,02185,1
20210821,6,02191,1
20210821,8,02171,1
20210821,8,02191,1
20210822,0,02111,1
20210822,0,02112,3
20210822,0,02116,1
20210822,0,02122,1
20210822,0,02159,1
20210822,0,02171,1
20210822,0,02191,1
20210822,0,02198,1
20210822,0,03310,1
20210822,1,02122,1
20210822,1,02191,1
20210822,1,03311,1
20210822,10,02111,1
20210822,10,02128,2
20210822,10,02129,1
20210822,10,02159,1
20210822,10,02172,1
20210822,10,02185,3
20210822,10,02186,2
20210822,10,02191,1
20210822,10,02198,1
20210822,10,03310,5
20210822,11,02111,2
20210822,11,02112,6
20210822,11,02116,5
20210822,11,02122,3
20210822,11,02128,1
20210822,11,02129,1
20210822,11,02130,3
20210822,11,02159,1
20210822,11,02171,2
20210822,11,02178,1
20210822,11,02185,2
20210822,11,02186,1
20210822,11,02198,3
20210822,11,02199,1
20210822,11,03310,1
20210822,12,02111,3
20210822,12,02112,4
20210822,12,02116,2
20210822,12,02128,2
20210822,12,02129,2
20210822,12,02139,3
20210822,12,02143,2
20210822,12,02148,4
20210822,12,02159,3
20210822,12,02171,3
20210822,12,02172,3
20210822,12,02178,1
20210822,12,02179,4
20210822,12,02185,1
20210822,12,02198,1
20210822,12,03310,3
20210822,12,03311,2
20210822,13,02111,8
20210822,13,02112,3
20210822,13,02116,1
20210822,13,02122,2
20210822,13,02128,4
20210822,13,02143,2
20210822,13,02171,2
20210822,13,02172,1
20210822,13,02178,1
20210822,13,02179,2
20210822,13,02185,2
20210822,13,02186,3
20210822,13,02191,4
20210822,13,02198,3
20210822,13,03310,4
20210822,13,03311,1
20210822,14,02111,1
20210822,14,02116,5
20210822,14,02122,2
20210822,14,02128,3
20210822,14,02130,1
20210822,14,02139,2
20210822,14,02148,2
20210822,14,02159,2
20210822,14,02171,4
20210822,14,02172,3
20210822,14,02179,3
20210822,14,02185,2
20210822,14,02186,1
20210822,14,02191,3
20210822,14,03310,2
20210822,14,03311,5
20210822,15,02111,6
20210822,15,02112,5
20210822,15,02116,5
20210822,15,02122,1
20210822,15,02128,4
20210822,15,02130,2
20210822,15,02139,3
20210822,15,02143,1
20210822,15,02148,3
20210822,15,02159,1
20210822,15,02171,4
20210822,15,02178,1
20210822,15,02179,3
20210822,15,02185,1
20210822,15,02186,1
20210822,15,02191,5
20210822,15,02198,5
20210822,15,03310,9
20210822,15,03311,2
20210822,15,03802,1
20210822,16,02112,5
20210822,16,02116,3
20210822,16,02122,3
20210822,16,02128,1
20210822,16,02129,5
20210822,16,02130,5
20210822,16,02139,1
20210822,16,02148,1
20210822,16,02171,6
20210822,16,02172,1
20210822,16,02178,2
20210822,16,02179,4
20210822,16,02185,1
20210822,16,02191,1
20210822,16,02198,1
20210822,16,03310,2
20210822,16,03311,3
20210822,17,02111,2
20210822,17,02112,3
20210822,17,02122,5
20210822,17,02129,1
20210822,17,02130,4
20210822,17,02139,6
20210822,17,02143,1
20210822,17,02148,4
20210822,17,02159,2
20210822,17,02171,4
20210822,17,02172,2
20210822,17,02178,8
20210822,17,02179,3
20210822,17,02185,5
20210822,17,02186,1
20210822,17,02191,4
20210822,17,02198,2
20210822,17,03310,1
20210822,17,03311,1
20210822,17,03802,3
20210822,18,02111,2
20210822,18,02112,7
20210822,18,02116,4
20210822,18,02122,1
20210822,18,02128,3
20210822,18,02129,2
20210822,18,02139,1
20210822,18,02148,2
20210822,18,02171,4
20210822,18,02172,4
20210822,18,02178,5
20210822,18,02179,4
20210822,18,02185,3
20210822,18,02186,1
20210822,18,02191,2
20210822,18,02198,1
20210822,18,02199,1
20210822,19,02111,1
20210822,19,02112,2
20210822,19,02116,2
20210822,19,02122,2
20210822,19,02128,1
20210822,19,02139,1
20210822,19,02143,1
20210822,19,02159,2
20210822,19,02171,7
20210822,19,02172,1
20210822,19,02178,1
20210822,19,02179,3
20210822,19,02185,3
20210822,19,02186,2
20210822,19,02198,4
20210822,19,03310,3
20210822,2,02111,1
20210822,2,02112,1
20210822,2,02116,1
20210822,2,02128,1
20210822,2,02130,2
20210822,2,02139,1
20210822,2,02143,1
20210822,2,02185,1
20210822,20,02111,2
20210822,20,02112,5
20210822,20,02128,7
20210822,20,02130,3
20210822,20,02148,2
20210822,20,02159,2
20210822,20,02171,2
20210822,20,02172,1
20210822,20,02179,2
20210822,20,02185,2
20210822,20,02186,1
20210822,20,02191,4
20210822,20,02198,1
20210822,21,02111,2
20210822,21,02112,9
20210822,21,02116,2
20210822,21,02122,2
20210822,21,02128,1
20210822,21,02129,3
20210822,21,02130,1
20210822,21,02139,2
20210822,21,02148,1
20210822,21,02159,2
20210822,21,02171,3
20210822,21,02172,1
20210822,21,02178,1
20210822,21,02179,2
20210822,21,02185,1
20210822,21,02186,3
20210822,21,02191,3
20210822,22,02111,2
20210822,22,02112,5
20210822,22,02116,2
20210822,22,02122,2
20210822,22,02128,2
20210822,22,02129,1
20210822,22,02130,2
20210822,22,02139,1
20210822,22,02143,1
20210822,22,02148,1
20210822,22,02172,2
20210822,22,02178,2
20210822,22,02179,2
20210822,22,02185,1
20210822,22,02186,2
20210822,22,02191,2
20210822,22,02198,3
20210822,23,02111,2
20210822,23,02112,1
20210822,23,02122,2
20210822,23,02129,1
20210822,23,02130,1
20210822,23,02148,2
20210822,23,02178,1
20210822,23,02179,1
20210822,3,02122,2
20210822,3,02148,1
20210822,3,02186,1
20210822,4,02111,1
20210822,4,02185,1
20210822,5,02116,1
20210822,5,02129,1
20210822,6,02112,1
20210822,6,02129,1
20210822,6,02148,2
20210822,6,02178,1
20210822,6,02185,1
20210822,6,03310,1
20210822,7,02112,1
20210822,7,02129,1
20210822,7,02139,1
20210822,7,02148,1
20210822,7,02159,1
20210822,7,02178,1
20210822,7,02185,1
20210822,7,03310,1
20210822,8,02128,1
20210822,8,02129,1
20210822,8,02139,1
20210822,8,02143,1
20210822,8,02185,5
20210822,8,03310,1
20210822,9,02112,1
20210822,9,02116,1
20210822,9,02122,1
20210822,9,02129,2
20210822,9,02139,1
20210822,9,02159,2
20210822,9,02171,2
20210822,9,02185,2
20210822,9,03310,1
20210823,0,02111,1
20210823,0,02112,4
20210823,0,02129,1
20210823,0,02139,1
20210823,0,02171,2
20210823,0,02179,2
20210823,0,02185,1
20210823,0,02186,1
20210823,0,02198,1
20210823,0,03310,1
20210823,1,02112,2
20210823,1,02128,1
20210823,1,02179,1
20210823,1,02191,1
20210823,1,02198,2
20210823,10,02111,4
20210823,10,02112,2
20210823,10,02116,1
20210823,10,02122,6
20210823,10,02128,2
20210823,10,02129,1
20210823,10,02130,1
20210823,10,02139,1
20210823,10,02148,2
20210823,10,02171,2
20210823,10,02178,2
20210823,10,02179,1
20210823,10,02185,1
20210823,10,02191,1
20210823,10,02199,2
20210823,10,03310,1
20210823,10,03802,1
20210823,11,02112,1
20210823,11,02116,1
20210823,11,02122,2
20210823,11,02130,1
20210823,11,02139,1
20210823,11,02171,3
20210823,11,02178,1
20210823,11,02179,1
20210823,11,02199,1
20210823,11,03310,2
20210823,11,03311,1
20210823,12,02171,2
20210823,12,02185,1
20210823,12,03802,1
20210823,13,02179,1
20210823,14,02111,1
20210823,14,02171,1
20210823,14,02179,1
20210823,16,02122,1
20210823,16,02178,1
20210823,16,03310,3
20210823,16,03802,1
20210823,17,02112,1
20210823,17,02122,1
20210823,17,02128,1
20210823,17,02159,1
20210823,18,02143,1
20210823,18,03311,2
20210823,2,02139,1
20210823,2,02171,1
20210823,2,02185,1
20210823,2,03311,1
20210823,20,02111,1
20210823,20,02112,1
20210823,20,02178,1
20210823,20,02179,1
20210823,20,02191,1
20210823,20,03310,1
20210823,21,02111,1
20210823,21,02128,1
20210823,21,02171,2
20210823,21,02185,1
20210823,21,02186,1
20210823,21,02198,1
20210823,21,03310,1
20210823,21,03311,1
20210823,22,02111,2
20210823,22,02112,2
20210823,22,02116,1
20210823,22,02128,1
20210823,22,02129,1
20210823,22,02143,1
20210823,22,02171,3
20210823,22,02172,1
20210823,22,02178,1
20210823,22,02179,1
20210823,22,02191,4
20210823,22,02198,1
20210823,22,03311,1
20210823,23,02111,3
20210823,23,02159,2
20210823,23,02171,1
20210823,23,02172,1
20210823,23,02178,3
20210823,23,02179,1
20210823,23,02191,1
20210823,23,03311,1
20210823,3,02129,1
20210823,3,02139,1
20210823,3,02178,1
20210823,3,02199,1
20210823,4,02112,1
20210823,4,02139,1
20210823,4,02185,1
20210823,5,02129,1
20210823,5,02185,2
20210823,5,02191,1
20210823,5,02198,1
20210823,6,02129,1
20210823,6,02130,1
20210823,6,02143,1
20210823,6,02148,1
20210823,6,02171,1
20210823,6,02186,2
20210823,6,02191,1
20210823,7,02111,2
20210823,7,02112,1
20210823,7,02116,1
20210823,7,02122,2
20210823,7,02128,2
20210823,7,02129,1
20210823,7,02130,1
20210823,7,02139,4
20210823,7,02148,1
20210823,7,02171,2
20210823,7,02172,1
20210823,7,02178,1
20210823,7,02185,1
20210823,7,02191,4
20210823,7,02198,2
20210823,7,03802,1
20210823,8,02116,1
20210823,8,02122,1
20210823,8,02128,1
20210823,8,02129,1
20210823,8,02139,5
20210823,8,02148,1
20210823,8,02159,1
20210823,8,02171,1
20210823,8,02172,3
20210823,8,02179,3
20210823,8,02198,1
20210823,8,03310,1
20210823,9,02111,3
20210823,9,02112,1
20210823,9,02122,2
20210823,9,02128,1
20210823,9,02129,1
20210823,9,02148,2
20210823,9,02171,1
20210823,9,02172,3
20210823,9,02179,2
20210823,9,02185,3
20210823,9,02191,1
20210823,9,02198,2
20210823,9,03310,1
20210823,9,03311,1
20210824,0,02111,1
20210824,0,02112,2
20210824,0,02116,1
20210824,0,02129,1
20210824,0,02171,1
20210824,0,02179,1
20210824,0,02185,1
20210824,1,02111,1
20210824,1,02171,1
20210824,1,02198,1
20210824,1,03310,1
20210824,10,02112,3
20210824,10,02139,1
20210824,10,02143,2
20210824,10,02171,1
20210824,10,02185,1
20210824,10,02198,1
20210824,10,03802,2
20210824,11,02111,1
20210824,11,02116,1
20210824,11,02128,2
20210824,11,02159,1
20210824,11,02172,1
20210824,11,02178,1
20210824,11,02179,1
20210824,11,02186,1
20210824,11,03311,2
20210824,13,02191,1
20210824,13,03311,1
20210824,14,02122,1
20210824,14,02159,1
20210824,14,02185,1
20210824,14,03310,2
20210824,14,03311,1
20210824,15,02116,1
20210824,15,02128,1
20210824,15,02171,4
20210824,15,02172,1
20210824,15,02191,2
20210824,15,02198,2
20210824,16,03310,1
20210824,17,02111,1
20210824,17,02122,2
20210824,17,02148,3
20210824,17,02191,1
20210824,17,03310,2
20210824,17,03311,3
20210824,18,02198,1
20210824,18,03311,2
20210824,19,02128,1
20210824,19,02130,1
20210824,19,02148,1
20210824,19,02179,4
20210824,19,02185,1
20210824,19,03311,1
20210824,2,02122,1
20210824,2,02139,1
20210824,2,02171,1
20210824,2,02179,1
20210824,2,02185,2
20210824,2,02198,1
20210824,2,03311,1
20210824,20,02111,3
20210824,20,02112,1
20210824,20,02122,1
20210824,20,02129,2
20210824,20,02139,2
20210824,20,02148,1
20210824,20,02159,1
20210824,20,02171,4
20210824,20,02178,3
20210824,20,02179,5
20210824,20,02186,1
20210824,20,03311,1
20210824,21,02111,1
20210824,21,02112,3
20210824,21,02116,1
20210824,21,02128,7
20210824,21,02139,1
20210824,21,02171,6
20210824,21,02178,2
20210824,21,02179,2
20210824,21,02186,1
20210824,21,02191,1
20210824,21,02198,1
20210824,21,03310,1
20210824,21,03311,1
20210824,22,02112,3
20210824,22,02116,5
20210824,22,02122,4
20210824,22,02148,1
20210824,22,02159,1
20210824,22,02171,4
20210824,22,02172,3
20210824,22,02179,1
20210824,22,02185,1
20210824,22,02186,3
20210824,22,02191,1
20210824,22,02198,3
20210824,22,02199,2
20210824,22,03310,1
20210824,22,03311,1
20210824,23,02111,2
20210824,23,02112,2
20210824,23,02116,1
20210824,23,02122,3
20210824,23,02128,1
20210824,23,02129,1
20210824,23,02172,1
20210824,23,02178,2
20210824,23,02179,1
20210824,23,02191,2
20210824,23,02199,1
20210824,23,03310,1
20210824,3,02116,1
20210824,5,02185,1
20210824,6,02130,2
20210824,7,02111,2
20210824,7,02148,1
20210824,7,02159,1
20210824,7,02171,1
20210824,7,02185,1
20210824,7,02186,1
20210824,7,02191,2
20210824,7,03310,2
20210824,8,02112,3
20210824,8,02116,1
20210824,8,02139,1
20210824,8,02148,2
20210824,8,02171,1
20210824,8,02172,2
20210824,8,02179,1
20210824,8,02191,1
20210824,8,02198,2
20210824,8,03310,2
20210824,8,03311,1
20210824,9,02128,1
20210824,9,02129,1
20210824,9,02130,1
20210824,9,02139,2
20210824,9,02148,1
20210824,9,02178,1
20210824,9,02186,1
20210824,9,03310,1
20210825,0,02111,1
20210825,0,02112,1
20210825,0,02116,1
20210825,0,02129,1
20210825,0,02178,2
20210825,0,02179,5
20210825,0,02186,1
20210825,0,02191,2
20210825,0,03311,1
20210825,1,02122,1
20210825,1,02139,1
20210825,1,02178,1
20210825,1,02185,3
20210825,1,02198,1
20210825,1,03310,1
20210825,1,03311,1
20210825,10,02111,2
20210825,10,02116,2
20210825,10,02122,1
20210825,10,02129,1
20210825,10,02139,1
20210825,10,02143,1
20210825,10,02148,2
20210825,10,02159,1
20210825,10,02179,2
20210825,10,02186,1
20210825,10,02191,1
20210825,10,02198,1
20210825,10,02199,1
20210825,10,03310,3
20210825,11,02111,1
20210825,11,02112,1
20210825,11,02116,3
20210825,11,02128,3
20210825,11,02129,1
20210825,11,02130,1
20210825,11,02143,1
20210825,11,02148,3
20210825,11,02159,1
20210825,11,02171,2
20210825,11,02178,1
20210825,11,02179,2
20210825,11,02185,2
20210825,11,02191,1
20210825,11,02198,2
20210825,11,03310,1
20210825,11,03311,1
20210825,11,03802,1
20210825,12,02112,1
20210825,12,02139,1
20210825,12,02171,2
20210825,12,02179,3
20210825,12,03310,2
20210825,12,03802,1
20210825,13,02111,2
20210825,13,02112,1
20210825,13,02122,1
20210825,13,02128,1
20210825,13,02139,1
20210825,13,02143,1
20210825,13,02171,1
20210825,13,02178,3
20210825,13,02185,1
20210825,13,02199,1
20210825,13,03310,1
20210825,13,03311,3
20210825,14,02111,1
20210825,14,02116,1
20210825,14,02122,1
20210825,14,02128,2
20210825,14,02130,1
20210825,14,02143,2
20210825,14,02171,2
20210825,14,02172,1
20210825,14,02178,1
20210825,14,02179,1
20210825,14,02185,2
20210825,14,02191,2
20210825,14,02198,1
20210825,14,03311,4
20210825,15,02111,2
20210825,15,02112,2
20210825,15,02116,3
20210825,15,02122,1
20210825,15,02143,2
20210825,15,02148,1
20210825,15,02171,5
20210825,15,02178,2
20210825,15,02185,2
20210825,15,02186,1
20210825,15,02191,1
20210825,15,02198,1
20210825,15,03310,1
20210825,15,03311,1
20210825,15,03802,1
20210825,16,02111,4
20210825,16,02112,2
20210825,16,02116,1
20210825,16,02122,3
20210825,16,02128,1
20210825,16,02129,1
20210825,16,02130,1
20210825,16,02139,4
20210825,16,02143,1
20210825,16,02148,2
20210825,16,02159,1
20210825,16,02171,7
20210825,16,02178,2
20210825,16,02185,3
20210825,16,02186,1
20210825,16,02198,3
20210825,16,02199,1
20210825,16,03310,2
20210825,16,03311,1
20210825,16,03802,1
20210825,17,02111,3
20210825,17,02112,2
20210825,17,02116,3
20210825,17,02122,5
20210825,17,02128,1
20210825,17,02129,1
20210825,17,02130,1
20210825,17,02139,3
20210825,17,02143,1
20210825,17,02148,3
20210825,17,02159,1
20210825,17,02171,4
20210825,17,02178,2
20210825,17,02179,3
20210825,17,02186,2
20210825,17,02191,1
20210825,17,02198,1
20210825,17,03310,1
20210825,17,03311,3
20210825,18,02111,4
20210825,18,02112,7
20210825,18,02116,5
20210825,18,02122,4
20210825,18,02128,3
20210825,18,02129,2
20210825,18,02130,3
20210825,18,02139,1
20210825,18,02143,3
20210825,18,02148,1
20210825,18,02159,3
20210825,18,02171,10
20210825,18,02178,9
20210825,18,02185,3
20210825,18,02186,5
20210825,18,02191,2
20210825,18,02199,3
20210825,18,03310,4
20210825,18,03311,1
20210825,19,02111,5
20210825,19,02112,5
20210825,19,02116,4
20210825,19,02122,3
20210825,19,02128,5
20210825,19,02129,2
20210825,19,02139,2
20210825,19,02143,2
20210825,19,02148,2
20210825,19,02159,1
20210825,19,02171,4
20210825,19,02178,5
20210825,19,02179,6
20210825,19,02185,4
20210825,19,02186,2
20210825,19,02191,4
20210825,19,02198,5
20210825,19,03310,1
20210825,19,03311,2
20210825,2,02112,1
20210825,2,02179,1
20210825,2,02198,1
20210825,20,02111,4
20210825,20,02112,4
20210825,20,02116,6
20210825,20,02122,1
20210825,20,02128,7
20210825,20,02129,4
20210825,20,02130,1
20210825,20,02139,2
20210825,20,02143,3
20210825,20,02148,5
20210825,20,02171,6
20210825,20,02172,2
20210825,20,02178,2
20210825,20,02179,6
20210825,20,02185,3
20210825,20,02186,2
20210825,20,02191,1
20210825,20,02198,2
20210825,20,03311,2
20210825,21,02111,5
20210825,21,02112,7
20210825,21,02116,1
20210825,21,02122,3
20210825,21,02128,4
20210825,21,02129,1
20210825,21,02139,2
20210825,21,02143,1
20210825,21,02148,7
20210825,21,02159,1
20210825,21,02171,6
20210825,21,02172,2
20210825,21,02178,1
20210825,21,02179,7
20210825,21,02185,3
20210825,21,02186,3
20210825,21,02198,3
20210825,21,02199,2
20210825,21,03310,1
20210825,21,03311,2
20210825,22,02111,2
20210825,22,02112,6
20210825,22,02116,4
20210825,22,02122,2
20210825,22,02128,3
20210825,22,02129,1
20210825,22,02130,2
20210825,22,02139,5
20210825,22,02143,4
20210825,22,02148,3
20210825,22,02159,1
20210825,22,02171,3
20210825,22,02172,1
20210825,22,02179,1
20210825,22,02185,5
20210825,22,02186,1
20210825,22,02191,1
20210825,22,02198,9
20210825,22,02199,1
20210825,22,03311,3
20210825,23,02111,3
20210825,23,02122,3
20210825,23,02128,2
20210825,23,02130,1
20210825,23,02139,1
20210825,23,02148,2
20210825,23,02159,1
20210825,23,02171,3
20210825,23,02179,2
20210825,23,02185,2
20210825,23,02198,1
20210825,3,02139,1
20210825,3,02172,1
20210825,3,02185,2
20210825,3,03310,1
20210825,4,02122,1
20210825,4,02178,1
20210825,4,02185,1
20210825,4,03310,1
20210825,5,02112,1
20210825,5,02139,1
20210825,6,02111,1
20210825,6,02112,1
20210825,6,02139,1
20210825,6,02143,1
20210825,6,02148,1
20210825,6,02171,1
20210825,6,02179,2
20210825,6,02185,1
20210825,6,02191,3
20210825,6,02198,2
20210825,6,03310,1
20210825,7,02122,1
20210825,7,02128,1
20210825,7,02139,2
20210825,7,02159,2
20210825,7,02171,1
20210825,7,02179,1
20210825,7,02186,1
20210825,7,02191,2
20210825,7,02198,1
20210825,7,03310,2
20210825,8,02112,1
20210825,8,02116,3
20210825,8,02122,2
20210825,8,02128,1
20210825,8,02129,1
20210825,8,02139,1
20210825,8,02143,3
20210825,8,02148,5
20210825,8,02171,2
20210825,8,02172,1
20210825,8,02186,1
20210825,8,02191,2
20210825,9,02111,3
20210825,9,02112,2
20210825,9,02129,1
20210825,9,02148,2
20210825,9,02159,1
20210825,9,02171,2
20210825,9,02178,1
20210825,9,02179,1
20210825,9,02185,1
20210825,9,02186,1
20210825,9,02191,3
20210825,9,02198,3
20210825,9,03310,2
20210825,9,03311,2
20210826,0,02111,1
20210826,0,02112,1
20210826,0,02116,2
20210826,0,02122,4
20210826,0,02129,1
20210826,0,02130,1
20210826,0,02139,1
20210826,0,02148,3
20210826,0,02159,1
20210826,0,02171,3
20210826,0,02172,1
20210826,0,02179,1
20210826,0,02198,1
20210826,0,02199,1
20210826,0,03310,1
20210826,1,02116,1
20210826,1,02122,1
20210826,1,02159,1
20210826,1,02171,1
20210826,1,02179,1
20210826,1,02185,1
20210826,1,02191,1
20210826,1,02198,1
20210826,10,02111,1
20210826,10,02112,1
20210826,10,02122,2
20210826,10,02129,1
20210826,10,02139,1
20210826,10,02143,1
20210826,10,02148,1
20210826,10,02159,2
20210826,10,02171,2
20210826,10,02179,2
20210826,10,02186,1
20210826,10,02198,1
20210826,10,03310,2
20210826,10,03311,1
20210826,10,03802,2
20210826,11,02111,4
20210826,11,02116,1
20210826,11,02128,4
20210826,11,02139,3
20210826,11,02143,1
20210826,11,02148,1
20210826,11,02159,1
20210826,11,02171,2
20210826,11,02178,1
20210826,11,02179,3
20210826,11,02186,1
20210826,11,02198,3
20210826,11,03311,2
20210826,11,03802,4
20210826,12,02111,2
20210826,12,02112,2
20210826,12,02116,1
20210826,12,02122,4
20210826,12,02128,1
20210826,12,02129,3
20210826,12,02139,2
20210826,12,02148,2
20210826,12,02159,1
20210826,12,02171,3
20210826,12,02172,1
20210826,12,02178,1
20210826,12,02179,2
20210826,12,02186,1
20210826,12,02191,1
20210826,12,02198,1
20210826,12,03310,1
20210826,13,02111,1
20210826,13,02112,2
20210826,13,02116,1
20210826,13,02122,4
20210826,13,02128,6
20210826,13,02129,1
20210826,13,02139,1
20210826,13,02143,2
20210826,13,02159,2
20210826,13,02171,2
20210826,13,02178,2
20210826,13,02179,5
20210826,13,02186,1
20210826,13,02191,3
20210826,13,03310,2
20210826,13,03802,2
20210826,14,02112,1
20210826,14,02116,1
20210826,14,02122,3
20210826,14,02128,3
20210826,14,02129,1
20210826,14,02130,2
20210826,14,02139,4
20210826,14,02148,1
20210826,14,02159,3
20210826,14,02171,6
20210826,14,02172,1
20210826,14,02179,6
20210826,14,02185,1
20210826,14,02186,4
20210826,14,02191,1
20210826,14,03311,1
20210826,14,03802,1
20210826,15,02111,1
20210826,15,02112,2
20210826,15,02116,1
20210826,15,02128,2
20210826,15,02143,1
20210826,15,02148,2
20210826,15,02171,4
20210826,15,02178,2
20210826,15,02179,2
20210826,15,02185,1
20210826,15,02186,2
20210826,15,02191,1
20210826,15,03310,2
20210826,15,03311,3
20210826,16,02111,3
20210826,16,02112,2
20210826,16,02122,2
20210826,16,02128,5
20210826,16,02129,1
20210826,16,02130,2
20210826,16,02139,2
20210826,16,02143,1
20210826,16,02148,3
20210826,16,02159,1
20210826,16,02171,2
20210826,16,02172,1
20210826,16,02178,2
20210826,16,02179,1
20210826,16,02185,3
20210826,16,02186,2
20210826,16,02191,2
20210826,16,02198,3
20210826,16,03310,3
20210826,16,03802,1
20210826,17,02111,6
20210826,17,02112,2
20210826,17,02116,2
20210826,17,02122,4
20210826,17,02128,1
20210826,17,02129,3
20210826,17,02139,1
20210826,17,02148,3
20210826,17,02171,3
20210826,17,02172,3
20210826,17,02178,1
20210826,17,02179,2
20210826,17,02185,2
20210826,17,02186,1
20210826,17,02198,1
20210826,17,02199,1
20210826,17,03310,3
20210826,17,03311,4
20210826,18,02111,4
20210826,18,02112,3
20210826,18,02116,4
20210826,18,02122,2
20210826,18,02128,5
20210826,18,02129,4
20210826,18,02139,1
20210826,18,02148,6
20210826,18,02159,2
20210826,18,02171,15
20210826,18,02178,9
20210826,18,02179,7
20210826,18,02185,3
20210826,18,02186,3
20210826,18,02191,1
20210826,18,03311,2
20210826,19,02111,6
20210826,19,02112,4
20210826,19,02116,1
20210826,19,02122,5
20210826,19,02129,1
20210826,19,02139,1
20210826,19,02143,1
20210826,19,02148,2
20210826,19,02171,1
20210826,19,02178,3
20210826,19,02179,1
20210826,19,02186,1
20210826,19,02198,1
20210826,19,03311,3
20210826,2,02116,2
20210826,2,02139,1
20210826,2,02148,1
20210826,2,02171,1
20210826,20,02111,4
20210826,20,02112,5
20210826,20,02116,7
20210826,20,02122,2
20210826,20,02128,4
20210826,20,02129,1
20210826,20,02130,1
20210826,20,02139,1
20210826,20,02143,2
20210826,20,02148,4
20210826,20,02159,1
20210826,20,02171,4
20210826,20,02172,1
20210826,20,02178,6
20210826,20,02179,9
20210826,20,02185,3
20210826,20,02186,3
20210826,20,02191,2
20210826,20,02198,2
20210826,20,03310,2
20210826,20,03311,5
20210826,21,02111,4
20210826,21,02112,7
20210826,21,02116,9
20210826,21,02122,1
20210826,21,02128,3
20210826,21,02129,2
20210826,21,02130,3
20210826,21,02139,2
20210826,21,02143,1
20210826,21,02148,1
20210826,21,02171,1
20210826,21,02172,1
20210826,21,02179,2
20210826,21,02185,3
20210826,21,02186,1
20210826,21,02191,3
20210826,21,02198,4
20210826,21,03310,1
20210826,21,03311,2
20210826,22,02111,1
20210826,22,02112,3
20210826,22,02116,4
20210826,22,02122,3
20210826,22,02128,5
20210826,22,02129,4
20210826,22,02130,1
20210826,22,02148,3
20210826,22,02159,1
20210826,22,02171,2
20210826,22,02172,1
20210826,22,02179,4
20210826,22,02185,1
20210826,22,02186,5
20210826,22,02191,2
20210826,22,03310,1
20210826,22,03311,4
20210826,23,02111,1
20210826,23,02112,2
20210826,23,02122,2
20210826,23,02128,1
20210826,23,02143,1
20210826,23,02148,5
20210826,23,02171,2
20210826,23,02172,1
20210826,23,02179,3
20210826,23,02191,4
20210826,23,02198,1
20210826,23,03310,1
20210826,3,02111,1
20210826,3,02139,1
20210826,3,02148,1
20210826,3,02179,1
20210826,3,02185,1
20210826,3,02198,1
20210826,4,02185,1
20210826,4,03310,1
20210826,5,02112,1
20210826,5,02122,1
20210826,5,02159,1
20210826,5,02185,2
20210826,5,02191,1
20210826,5,03310,1
20210826,6,02129,1
20210826,6,02139,1
20210826,6,02148,1
20210826,6,02159,1
20210826,6,02179,1
20210826,6,02186,1
20210826,6,02191,1
20210826,6,02198,1
20210826,7,02111,1
20210826,7,02128,3
20210826,7,02139,3
20210826,7,02143,1
20210826,7,02148,1
20210826,7,02159,1
20210826,7,02171,2
20210826,7,02185,1
20210826,7,02186,1
20210826,7,02191,6
20210826,7,02198,1
20210826,8,02111,1
20210826,8,02112,4
20210826,8,02116,3
20210826,8,02122,2
20210826,8,02128,1
20210826,8,02129,3
20210826,8,02139,4
20210826,8,02172,2
20210826,8,02178,1
20210826,8,02179,2
20210826,8,02185,1
20210826,8,02186,4
20210826,8,02191,3
20210826,8,03310,1
20210826,9,02111,2
20210826,9,02112,2
20210826,9,02128,1
20210826,9,02129,2
20210826,9,02139,3
20210826,9,02143,2
20210826,9,02148,2
20210826,9,02159,1
20210826,9,02171,4
20210826,9,02179,4
20210826,9,02186,1
20210826,9,02191,2
20210826,9,02198,3
20210826,9,03310,4
20210826,9,03802,2
20210827,0,02111,2
20210827,0,02112,1
20210827,0,02116,2
20210827,0,02129,1
20210827,0,02130,1
20210827,0,02139,2
20210827,0,02159,1
20210827,0,02171,2
20210827,0,02179,2
20210827,0,02185,2
20210827,0,02198,3
20210827,0,03310,1
20210827,1,02111,1
20210827,1,02112,1
20210827,1,02116,2
20210827,1,02130,1
20210827,1,02139,1
20210827,1,02143,1
20210827,1,02179,1
20210827,1,02185,5
20210827,1,02191,1
20210827,1,02198,1
20210827,10,02111,1
20210827,10,02112,1
20210827,10,02128,1
20210827,10,02129,1
20210827,10,02148,1
20210827,10,02171,3
20210827,10,02198,2
20210827,10,03802,1
20210827,11,02112,1
20210827,11,02116,2
20210827,11,02128,1
20210827,11,02143,1
20210827,11,02148,2
20210827,11,02179,2
20210827,11,02185,2
20210827,11,02186,1
20210827,11,02191,2
20210827,11,03310,2
20210827,11,03311,1
20210827,12,02111,3
20210827,12,02112,1
20210827,12,02116,1
20210827,12,02122,2
20210827,12,02128,1
20210827,12,02129,1
20210827,12,02148,1
20210827,12,02171,1
20210827,12,02172,1
20210827,12,02179,1
20210827,12,02185,2
20210827,12,03310,1
20210827,12,03311,2
20210827,12,03802,1
20210827,14,02112,1
20210827,14,02171,1
20210827,14,02172,1
20210827,15,02112,1
20210827,15,02139,1
20210827,15,02171,1
20210827,15,02172,1
20210827,15,02185,3
20210827,15,03311,2
20210827,16,02111,2
20210827,16,02112,2
20210827,16,02116,1
20210827,16,02122,2
20210827,16,02130,1
20210827,16,02139,1
20210827,16,02148,2
20210827,16,02171,4
20210827,16,02172,1
20210827,16,02185,2
20210827,16,02191,2
20210827,16,02198,3
20210827,16,03310,3
20210827,16,03311,2
20210827,16,03802,1
20210827,17,02111,3
20210827,17,02112,2
20210827,17,02116,2
20210827,17,02122,1
20210827,17,02128,1
20210827,17,02129,2
20210827,17,02148,3
20210827,17,02171,6
20210827,17,02172,2
20210827,17,02178,1
20210827,17,02179,1
20210827,17,02185,1
20210827,17,02198,2
20210827,17,03310,2
20210827,17,03311,4
20210827,18,02111,2
20210827,18,02112,2
20210827,18,02122,3
20210827,18,02128,2
20210827,18,02129,1
20210827,18,02130,1
20210827,18,02139,2
20210827,18,02143,1
20210827,18,02148,4
20210827,18,02159,1
20210827,18,02171,5
20210827,18,02172,1
20210827,18,02179,2
20210827,18,02185,1
20210827,18,02186,1
20210827,18,02198,1
20210827,18,03310,1
20210827,18,03311,2
20210827,19,02111,7
20210827,19,02112,3
20210827,19,02116,4
20210827,19,02122,1
20210827,19,02139,2
20210827,19,02143,1
20210827,19,02148,1
20210827,19,02159,1
20210827,19,02171,4
20210827,19,02172,1
20210827,19,02179,3
20210827,19,02185,2
20210827,19,02186,1
20210827,19,02191,4
20210827,19,02198,4
20210827,19,03310,2
20210827,2,02122,1
20210827,2,02148,1
20210827,20,02111,5
20210827,20,02112,4
20210827,20,02116,5
20210827,20,02122,2
20210827,20,02128,2
20210827,20,02129,2
20210827,20,02130,2
20210827,20,02139,1
20210827,20,02148,2
20210827,20,02159,1
20210827,20,02171,10
20210827,20,02172,3
20210827,20,02179,3
20210827,20,02191,2
20210827,20,02198,2
20210827,20,03311,1
20210827,20,03802,1
20210827,21,02111,6
20210827,21,02112,9
20210827,21,02116,7
20210827,21,02122,4
20210827,21,02128,1
20210827,21,02129,4
20210827,21,02130,2
20210827,21,02148,2
20210827,21,02171,5
20210827,21,02172,1
20210827,21,02179,1
20210827,21,02185,3
20210827,21,02186,6
20210827,21,02191,1
20210827,21,02198,4
20210827,21,03310,2
20210827,21,03311,3
20210827,22,02111,5
20210827,22,02112,3
20210827,22,02116,1
20210827,22,02122,2
20210827,22,02129,2
20210827,22,02130,2
20210827,22,02139,1
20210827,22,02171,1
20210827,22,02172,1
20210827,22,02179,1
20210827,22,02185,2
20210827,22,02186,2
20210827,22,02191,2
20210827,22,02199,2
20210827,22,03310,1
20210827,22,03311,5
20210827,23,02111,3
20210827,23,02112,7
20210827,23,02116,1
20210827,23,02122,5
20210827,23,02128,1
20210827,23,02130,2
20210827,23,02139,1
20210827,23,02148,1
20210827,23,02171,1
20210827,23,02172,1
20210827,23,02179,1
20210827,23,02185,2
20210827,23,02186,1
20210827,23,02191,1
20210827,23,02198,1
20210827,23,03310,3
20210827,23,03311,1
20210827,3,02122,1
20210827,4,02112,1
20210827,4,02116,1
20210827,4,02185,1
20210827,4,02198,1
20210827,5,02129,1
20210827,5,02191,1
20210827,5,02198,1
20210827,5,03310,1
20210827,6,02129,1
20210827,6,02130,2
20210827,6,02143,1
20210827,6,02171,1
20210827,6,02185,2
20210827,6,02186,1
20210827,6,03310,1
20210827,7,02112,1
20210827,7,02139,1
20210827,7,02171,1
20210827,7,02191,1
20210827,7,02198,1
20210827,8,02116,1
20210827,8,02139,1
20210827,8,02171,1
20210827,8,02179,2
20210827,8,03310,1
20210827,9,02122,4
20210827,9,02128,1
20210827,9,02129,1
20210827,9,02143,1
20210827,9,02178,1
20210827,9,02186,1
20210827,9,02198,1
20210827,9,03802,1
20210828,0,02112,3
20210828,0,02130,1
20210828,0,02143,1
20210828,0,02159,2
20210828,0,02171,2
20210828,0,02178,1
20210828,0,02179,2
20210828,0,02185,2
20210828,0,02191,1
20210828,0,02198,1
20210828,0,02199,1
20210828,0,03311,2
20210828,1,02112,2
20210828,1,02130,1
20210828,1,02143,1
20210828,1,02148,1
20210828,1,02185,1
20210828,1,02191,1
20210828,1,03310,1
20210828,10,02111,1
20210828,10,02112,1
20210828,10,02128,1
20210828,10,02129,2
20210828,10,02148,7
20210828,10,02171,1
20210828,10,02172,3
20210828,10,02178,2
20210828,10,02179,1
20210828,10,02185,1
20210828,10,02198,2
20210828,10,03310,2
20210828,10,03311,2
20210828,10,03802,2
20210828,11,02111,2
20210828,11,02112,3
20210828,11,02116,1
20210828,11,02122,1
20210828,11,02128,1
20210828,11,02129,3
20210828,11,02139,4
20210828,11,02171,5
20210828,11,02172,3
20210828,11,02178,2
20210828,11,02179,6
20210828,11,02185,1
20210828,11,02186,4
20210828,11,02191,1
20210828,11,02199,1
20210828,11,03310,4
20210828,11,03311,3
20210828,11,03802,1
20210828,12,02111,6
20210828,12,02112,3
20210828,12,02116,2
20210828,12,02122,2
20210828,12,02128,4
20210828,12,02129,1
20210828,12,02139,1
20210828,12,02143,1
20210828,12,02148,3
20210828,12,02171,6
20210828,12,02178,2
20210828,12,02179,3
20210828,12,02185,1
20210828,12,02186,2
20210828,12,02191,1
20210828,12,02198,6
20210828,12,03310,2
20210828,12,03311,2
20210828,12,03802,1
20210828,13,02111,4
20210828,13,02112,1
20210828,13,02116,3
20210828,13,02128,3
20210828,13,02129,2
20210828,13,02139,3
20210828,13,02148,4
20210828,13,02159,1
20210828,13,02171,6
20210828,13,02172,3
20210828,13,02179,2
20210828,13,02185,1
20210828,13,02191,2
20210828,13,02198,7
20210828,13,03310,2
20210828,13,03311,6
20210828,14,02111,1
20210828,14,02112,4
20210828,14,02116,3
20210828,14,02122,2
20210828,14,02128,3
20210828,14,02129,2
20210828,14,02139,4
20210828,14,02148,3
20210828,14,02159,4
20210828,14,02171,1
20210828,14,02172,4
20210828,14,02179,1
20210828,14,02185,1
20210828,14,02186,2
20210828,14,02191,3
20210828,14,03310,3
20210828,14,03311,3
20210828,15,02111,6
20210828,15,02112,4
20210828,15,02116,2
20210828,15,02122,1
20210828,15,02128,3
20210828,15,02129,2
20210828,15,02139,1
20210828,15,02143,1
20210828,15,02148,5
20210828,15,02171,4
20210828,15,02172,6
20210828,15,02178,3
20210828,15,02179,2
20210828,15,02185,6
20210828,15,02186,3
20210828,15,02191,2
20210828,15,02198,3
20210828,15,03310,1
20210828,15,03311,2
20210828,16,02111,1
20210828,16,02112,2
20210828,16,02116,5
20210828,16,02122,2
20210828,16,02128,2
20210828,16,02129,1
20210828,16,02139,1
20210828,16,02143,1
20210828,16,02148,2
20210828,16,02159,2
20210828,16,02171,3
20210828,16,02172,2
20210828,16,02178,4
20210828,16,02179,6
20210828,16,02185,3
20210828,16,02186,3
20210828,16,02191,3
20210828,16,02198,1
20210828,16,03310,2
20210828,16,03311,3
20210828,16,03802,3
20210828,17,02111,6
20210828,17,02112,5
20210828,17,02116,3
20210828,17,02122,1
20210828,17,02128,2
20210828,17,02129,1
20210828,17,02130,2
20210828,17,02139,4
20210828,17,02148,3
20210828,17,02159,1
20210828,17,02171,7
20210828,17,02172,4
20210828,17,02178,1
20210828,17,02185,3
20210828,17,02186,3
20210828,17,02191,3
20210828,17,02198,2
20210828,17,03310,2
20210828,18,02111,3
20210828,18,02112,6
20210828,18,02116,3
20210828,18,02122,8
20210828,18,02130,3
20210828,18,02139,1
20210828,18,02143,1
20210828,18,02148,7
20210828,18,02171,8
20210828,18,02172,1
20210828,18,02178,2
20210828,18,02179,1
20210828,18,02185,4
20210828,18,02186,2
20210828,18,02191,1
20210828,18,02198,1
20210828,18,03310,6
20210828,18,03311,3
20210828,19,02111,6
20210828,19,02112,2
20210828,19,02116,1
20210828,19,02122,2
20210828,19,02128,1
20210828,19,02130,3
20210828,19,02171,4
20210828,19,02178,5
20210828,19,02179,7
20210828,19,02185,5
20210828,19,02186,2
20210828,19,02191,3
20210828,19,02198,7
20210828,19,02199,2
20210828,19,03310,1
20210828,19,03311,1
20210828,19,03802,4
20210828,2,02116,1
20210828,2,02122,1
20210828,2,02148,1
20210828,2,02171,2
20210828,2,02178,1
20210828,2,02179,1
20210828,2,02191,1
20210828,20,02111,6
20210828,20,02112,4
20210828,20,02122,5
20210828,20,02128,2
20210828,20,02129,3
20210828,20,02139,1
20210828,20,02143,1
20210828,20,02148,2
20210828,20,02159,1
20210828,20,02171,4
20210828,20,02172,1
20210828,20,02179,5
20210828,20,02185,2
20210828,20,02186,2
20210828,20,02191,1
20210828,20,02198,2
20210828,20,03310,2
20210828,21,02111,2
20210828,21,02112,5
20210828,21,02116,6
20210828,21,02122,3
20210828,21,02128,1
20210828,21,02129,1
20210828,21,02143,1
20210828,21,02159,1
20210828,21,02171,6
20210828,21,02178,1
20210828,21,02179,4
20210828,21,02185,3
20210828,21,02186,2
20210828,21,02191,1
20210828,21,03310,1
20210828,21,03311,1
20210828,22,02111,3
20210828,22,02112,2
20210828,22,02122,1
20210828,22,02128,1
20210828,22,02129,2
20210828,22,02139,5
20210828,22,02143,1
20210828,22,02148,4
20210828,22,02171,7
20210828,22,02178,2
20210828,22,02179,3
20210828,22,02185,2
20210828,22,02186,3
20210828,22,02191,3
20210828,22,02198,4
20210828,22,03311,1
20210828,23,02112,3
20210828,23,02116,2
20210828,23,02122,1
20210828,23,02128,4
20210828,23,02129,1
20210828,23,02139,1
20210828,23,02148,1
20210828,23,02159,1
20210828,23,02171,5
20210828,23,02178,5
20210828,23,02179,1
20210828,23,02186,3
20210828,23,02191,1
20210828,23,02198,2
20210828,23,03311,2
20210828,3,02122,1
20210828,3,02148,2
20210828,4,02139,1
20210828,4,02148,1
20210828,4,02186,1
20210828,4,02191,1
20210828,5,02116,1
20210828,5,02128,1
20210828,5,02139,1
20210828,5,02191,1
20210828,6,02139,1
20210828,6,02143,1
20210828,6,02171,1
20210828,6,02191,1
20210828,7,02139,1
20210828,7,02148,2
20210828,7,02172,1
20210828,7,02185,4
20210828,7,02191,1
20210828,8,02111,2
20210828,8,02143,1
20210828,8,02148,1
20210828,8,02159,2
20210828,8,02179,1
20210828,8,02185,2
20210828,8,02191,2
20210828,9,02111,2
20210828,9,02112,1
20210828,9,02122,1
20210828,9,02129,1
20210828,9,02143,1
20210828,9,02148,1
20210828,9,02171,1
20210828,9,02179,1
20210828,9,02191,3
20210828,9,02198,1
20210828,9,03310,1
20210829,0,02111,1
20210829,0,02112,4
20210829,0,02116,1
20210829,0,02130,1
20210829,0,02139,1
20210829,0,02148,1
20210829,0,02159,1
20210829,0,02171,2
20210829,0,02185,2
20210829,0,02186,2
20210829,0,02191,1
20210829,0,02198,1
20210829,0,03310,3
20210829,0,03311,1
20210829,1,02111,1
20210829,1,02139,1
20210829,1,02179,1
20210829,1,03310,1
20210829,10,02111,1
20210829,10,02112,1
20210829,10,02128,2
20210829,10,02130,3
20210829,10,02159,1
20210829,10,02171,1
20210829,10,02172,1
20210829,10,02185,1
20210829,10,02186,1
20210829,10,02191,2
20210829,10,02198,1
20210829,11,02111,1
20210829,11,02112,1
20210829,11,02116,5
20210829,11,02122,1
20210829,11,02128,3
20210829,11,02129,1
20210829,11,02148,4
20210829,11,02172,2
20210829,11,02178,1
20210829,11,02179,4
20210829,11,02185,1
20210829,11,02186,1
20210829,11,02191,1
20210829,11,02198,2
20210829,11,03310,1
20210829,11,03311,1
20210829,12,02111,2
20210829,12,02112,1
20210829,12,02116,1
20210829,12,02122,2
20210829,12,02128,1
20210829,12,02129,1
20210829,12,02143,3
20210829,12,02148,2
20210829,12,02171,2
20210829,12,02172,2
20210829,12,02179,3
20210829,12,02185,2
20210829,12,02186,1
20210829,12,02191,2
20210829,12,02198,2
20210829,12,03310,2
20210829,12,03311,1
20210829,13,02112,5
20210829,13,02116,1
20210829,13,02128,2
20210829,13,02139,4
20210829,13,02143,3
20210829,13,02148,1
20210829,13,02171,4
20210829,13,02178,1
20210829,13,02179,5
20210829,13,02185,2
20210829,13,02191,1
20210829,13,02198,3
20210829,13,03310,3
20210829,13,03311,2
20210829,14,02111,2
20210829,14,02112,2
20210829,14,02116,3
20210829,14,02122,2
20210829,14,02128,4
20210829,14,02129,2
20210829,14,02130,2
20210829,14,02139,2
20210829,14,02148,5
20210829,14,02171,3
20210829,14,02172,2
20210829,14,02178,3
20210829,14,02179,2
20210829,14,02185,3
20210829,14,02186,2
20210829,14,02191,3
20210829,14,02198,2
20210829,14,03310,1
20210829,14,03311,1
20210829,15,02111,5
20210829,15,02112,2
20210829,15,02116,5
20210829,15,02122,4
20210829,15,02128,3
20210829,15,02129,3
20210829,15,02130,1
20210829,15,02139,2
20210829,15,02171,5
20210829,15,02172,3
20210829,15,02179,4
20210829,15,02185,3
20210829,15,02186,1
20210829,15,02191,5
20210829,15,02198,6
20210829,15,02199,2
20210829,15,03310,1
20210829,15,03311,4
20210829,15,03802,1
20210829,16,02111,6
20210829,16,02112,4
20210829,16,02116,2
20210829,16,02122,4
20210829,16,02128,3
20210829,16,02129,2
20210829,16,02139,1
20210829,16,02148,1
20210829,16,02171,3
20210829,16,02172,3
20210829,16,02178,6
20210829,16,02185,4
20210829,16,02191,2
20210829,16,02198,3
20210829,16,03310,1
20210829,16,03311,2
20210829,17,02111,9
20210829,17,02112,6
20210829,17,02116,3
20210829,17,02122,3
20210829,17,02128,3
20210829,17,02129,6
20210829,17,02130,1
20210829,17,02143,2
20210829,17,02148,4
20210829,17,02171,2
20210829,17,02172,2
20210829,17,02178,7
20210829,17,02179,1
20210829,17,02185,11
20210829,17,02191,1
20210829,17,02198,9
20210829,17,02199,1
20210829,17,03310,3
20210829,17,03311,5
20210829,18,02111,2
20210829,18,02112,2
20210829,18,02116,5
20210829,18,02122,4
20210829,18,02130,3
20210829,18,02139,7
20210829,18,02143,3
20210829,18,02148,6
20210829,18,02159,2
20210829,18,02171,4
20210829,18,02172,2
20210829,18,02178,6
20210829,18,02179,2
20210829,18,02185,4
20210829,18,02186,1
20210829,18,02191,1
20210829,18,02198,3
20210829,18,03310,3
20210829,18,03311,3
20210829,19,02111,6
20210829,19,02112,2
20210829,19,02116,1
20210829,19,02122,5
20210829,19,02129,2
20210829,19,02130,4
20210829,19,02139,2
20210829,19,02143,1
20210829,19,02148,3
20210829,19,02159,2
20210829,19,02171,3
20210829,19,02172,4
20210829,19,02178,2
20210829,19,02179,1
20210829,19,02185,3
20210829,19,02186,2
20210829,19,02191,2
20210829,19,02198,5
20210829,19,03310,6
20210829,19,03311,2
20210829,2,02171,1
20210829,2,02179,1
20210829,2,02186,1
20210829,20,02111,3
20210829,20,02112,8
20210829,20,02116,2
20210829,20,02122,4
20210829,20,02128,3
20210829,20,02129,1
20210829,20,02130,4
20210829,20,02139,2
20210829,20,02148,5
20210829,20,02159,1
20210829,20,02171,3
20210829,20,02172,1
20210829,20,02178,4
20210829,20,02179,2
20210829,20,02185,4
20210829,20,02186,2
20210829,20,02191,4
20210829,20,02198,1
20210829,20,03310,1
20210829,21,02111,1
20210829,21,02112,3
20210829,21,02116,1
20210829,21,02122,5
20210829,21,02128,3
20210829,21,02129,6
20210829,21,02130,2
20210829,21,02139,1
20210829,21,02143,2
20210829,21,02148,4
20210829,21,02171,8
20210829,21,02172,2
20210829,21,02178,1
20210829,21,02179,2
20210829,21,02185,1
20210829,21,02186,2
20210829,21,02191,1
20210829,21,02198,4
20210829,21,03310,1
20210829,22,02111,1
20210829,22,02112,5
20210829,22,02116,1
20210829,22,02122,4
20210829,22,02128,1
20210829,22,02129,1
20210829,22,02130,2
20210829,22,02143,2
20210829,22,02148,4
20210829,22,02171,3
20210829,22,02172,1
20210829,22,02179,2
20210829,22,02185,4
20210829,22,02186,1
20210829,22,02191,2
20210829,22,02199,1
20210829,22,03311,3
20210829,23,02112,1
20210829,23,02116,1
20210829,23,02129,2
20210829,23,02171,1
20210829,23,02172,1
20210829,23,02179,2
20210829,23,02185,1
20210829,23,02186,1
20210829,3,02122,1
20210829,3,02139,1
20210829,3,02171,1
20210829,3,02198,1
20210829,4,02148,1
20210829,5,02198,1
20210829,6,02116,1
20210829,6,02185,1
20210829,6,02191,3
20210829,7,03310,1
20210829,8,02185,1
20210829,8,02198,2
20210829,8,03310,1
20210829,9,02111,1
20210829,9,02112,2
20210829,9,02122,1
20210829,9,02139,1
20210829,9,02143,1
20210829,9,02148,2
20210829,9,02179,1
20210829,9,02191,1
20210829,9,02198,1
20210829,9,02199,1
20210829,9,03310,2
20210829,9,03311,1
20210830,0,02122,1
20210830,0,02128,2
20210830,0,02139,1
20210830,0,02148,3
20210830,0,02171,2
20210830,0,02172,2
20210830,0,02185,2
20210830,0,02186,1
20210830,0,02198,2
20210830,0,03310,1
20210830,1,02111,1
20210830,1,02112,1
20210830,1,02139,2
20210830,1,02143,1
20210830,1,02171,1
20210830,1,02179,1
20210830,1,02198,1
20210830,10,02111,2
20210830,10,02128,2
20210830,10,02129,1
20210830,10,02130,1
20210830,10,02143,1
20210830,10,02148,1
20210830,10,02159,1
20210830,10,02171,5
20210830,10,02172,1
20210830,10,02179,2
20210830,10,02191,1
20210830,10,02198,2
20210830,10,03310,1
20210830,10,03311,1
20210830,10,03802,1
20210830,11,02112,1
20210830,11,02122,2
20210830,11,02148,3
20210830,11,02171,1
20210830,11,02172,2
20210830,11,02178,2
20210830,11,02179,3
20210830,11,02185,2
20210830,11,02191,1
20210830,11,03310,4
20210830,11,03311,4
20210830,11,03802,2
20210830,12,02111,4
20210830,12,02112,1
20210830,12,02116,2
20210830,12,02122,1
20210830,12,02128,1
20210830,12,02129,2
20210830,12,02139,1
20210830,12,02148,3
20210830,12,02171,1
20210830,12,02172,1
20210830,12,02178,2
20210830,12,02185,2
20210830,12,02191,1
20210830,12,02198,4
20210830,12,03311,1
20210830,12,03802,1
20210830,13,02111,3
20210830,13,02116,1
20210830,13,02128,7
20210830,13,02148,3
20210830,13,02159,1
20210830,13,02171,11
20210830,13,02172,1
20210830,13,02178,3
20210830,13,02185,1
20210830,13,02186,1
20210830,13,03310,3
20210830,13,03311,2
20210830,14,02111,3
20210830,14,02112,1
20210830,14,02128,1
20210830,14,02129,1
20210830,14,02148,1
20210830,14,02159,1
20210830,14,02171,2
20210830,14,02172,2
20210830,14,02179,2
20210830,14,02185,2
20210830,14,02198,1
20210830,14,03310,1
20210830,14,03311,2
20210830,14,03802,2
20210830,15,02111,2
20210830,15,02112,1
20210830,15,02116,4
20210830,15,02122,3
20210830,15,02129,2
20210830,15,02139,1
20210830,15,02148,4
20210830,15,02171,2
20210830,15,02172,1
20210830,15,02178,1
20210830,15,02179,1
20210830,15,02185,1
20210830,15,02186,1
20210830,15,03310,1
20210830,15,03311,2
20210830,16,02111,2
20210830,16,02112,2
20210830,16,02122,5
20210830,16,02128,2
20210830,16,02130,1
20210830,16,02139,2
20210830,16,02148,2
20210830,16,02171,5
20210830,16,02172,2
20210830,16,02178,1
20210830,16,02191,1
20210830,16,03310,1
20210830,16,03311,5
20210830,17,02111,1
20210830,17,02112,9
20210830,17,02116,1
20210830,17,02122,1
20210830,17,02128,3
20210830,17,02129,2
20210830,17,02148,1
20210830,17,02159,1
20210830,17,02171,5
20210830,17,02172,1
20210830,17,02178,6
20210830,17,02179,1
20210830,17,02185,1
20210830,17,02191,3
20210830,17,02198,2
20210830,17,03310,3
20210830,17,03311,5
20210830,17,03802,1
20210830,18,02111,7
20210830,18,02112,8
20210830,18,02116,5
20210830,18,02122,3
20210830,18,02128,4
20210830,18,02129,4
20210830,18,02130,6
20210830,18,02139,4
20210830,18,02143,1
20210830,18,02148,9
20210830,18,02171,12
20210830,18,02172,5
20210830,18,02179,6
20210830,18,02185,1
20210830,18,02186,3
20210830,18,02191,1
20210830,18,02198,2
20210830,18,02199,1
20210830,18,03310,3
20210830,19,02111,2
20210830,19,02112,8
20210830,19,02116,4
20210830,19,02122,3
20210830,19,02128,2
20210830,19,02129,1
20210830,19,02139,2
20210830,19,02143,2
20210830,19,02148,4
20210830,19,02171,4
20210830,19,02172,3
20210830,19,02179,5
20210830,19,02185,4
20210830,19,02186,2
20210830,19,02191,3
20210830,19,02198,1
20210830,19,03310,4
20210830,19,03311,6
20210830,2,02129,2
20210830,2,02139,3
20210830,2,02185,1
20210830,2,02186,1
20210830,2,02191,1
20210830,20,02111,5
20210830,20,02112,4
20210830,20,02116,6
20210830,20,02122,3
20210830,20,02128,8
20210830,20,02129,1
20210830,20,02130,4
20210830,20,02139,2
20210830,20,02148,2
20210830,20,02159,1
20210830,20,02171,7
20210830,20,02179,3
20210830,20,02185,3
20210830,20,02186,2
20210830,20,02198,4
20210830,20,02199,1
20210830,20,03311,3
20210830,21,02111,4
20210830,21,02112,5
20210830,21,02116,3
20210830,21,02122,4
20210830,21,02128,4
20210830,21,02129,2
20210830,21,02139,7
20210830,21,02148,5
20210830,21,02159,3
20210830,21,02171,2
20210830,21,02178,3
20210830,21,02179,6
20210830,21,02191,1
20210830,21,02198,2
20210830,21,03310,3
20210830,22,02111,3
20210830,22,02112,1
20210830,22,02122,2
20210830,22,02128,2
20210830,22,02129,1
20210830,22,02130,1
20210830,22,02139,1
20210830,22,02143,1
20210830,22,02148,3
20210830,22,02159,2
20210830,22,02171,3
20210830,22,02172,1
20210830,22,02178,1
20210830,22,02179,2
20210830,22,02185,1
20210830,22,02186,1
20210830,22,02191,4
20210830,22,02198,2
20210830,22,03311,1
20210830,23,02111,3
20210830,23,02112,2
20210830,23,02116,1
20210830,23,02122,3
20210830,23,02128,3
20210830,23,02129,1
20210830,23,02159,1
20210830,23,02171,1
20210830,23,02179,6
20210830,23,02185,1
20210830,23,02186,2
20210830,23,02191,2
20210830,23,02198,1
20210830,23,03802,1
20210830,3,02198,1
20210830,4,02139,1
20210830,4,02148,1
20210830,4,02171,1
20210830,4,02191,1
20210830,5,02111,1
20210830,5,02171,1
20210830,5,02191,1
20210830,6,02112,1
20210830,6,02143,1
20210830,6,02148,2
20210830,6,02159,1
20210830,6,02185,3
20210830,6,02186,1
20210830,6,02191,1
20210830,6,02198,1
20210830,7,02122,1
20210830,7,02128,4
20210830,7,02139,2
20210830,7,02143,2
20210830,7,02148,2
20210830,7,02171,3
20210830,7,02172,1
20210830,7,02179,1
20210830,7,02185,2
20210830,7,02186,1
20210830,7,02191,5
20210830,7,02198,1
20210830,7,02199,1
20210830,7,03802,1
20210830,8,02111,1
20210830,8,02112,3
20210830,8,02116,3
20210830,8,02122,1
20210830,8,02128,1
20210830,8,02129,2
20210830,8,02139,5
20210830,8,02143,1
20210830,8,02148,5
20210830,8,02171,3
20210830,8,02172,1
20210830,8,02179,4
20210830,8,02186,1
20210830,8,02191,2
20210830,8,03310,1
20210830,9,02111,2
20210830,9,02112,2
20210830,9,02122,2
20210830,9,02139,1
20210830,9,02148,1
20210830,9,02159,1
20210830,9,02171,1
20210830,9,02179,1
20210830,9,02185,1
20210830,9,02198,1
20210830,9,03310,1
20210830,9,03802,2
20210831,0,02111,1
20210831,0,02112,2
20210831,0,02128,3
20210831,0,02129,1
20210831,0,02143,1
20210831,0,02171,2
20210831,0,02179,2
20210831,0,02185,2
20210831,0,02191,3
20210831,0,03310,1
20210831,0,03311,1
20210831,1,02111,1
20210831,1,02116,1
20210831,1,02122,1
20210831,1,02128,1
20210831,1,02171,2
20210831,1,02172,2
20210831,1,02185,1
20210831,1,02186,1
20210831,1,02198,1
20210831,1,03310,1
20210831,10,02111,2
20210831,10,02122,1
20210831,10,02148,1
20210831,10,02171,1
20210831,10,02179,2
20210831,10,02186,2
20210831,10,02191,1
20210831,10,02198,1
20210831,11,02112,1
20210831,11,02171,1
20210831,11,02179,1
20210831,11,02185,1
20210831,11,03311,1
20210831,12,02139,1
20210831,14,02112,1
20210831,16,03310,1
20210831,17,02139,1
20210831,17,02178,1
20210831,18,03310,2
20210831,2,02111,1
20210831,2,02139,3
20210831,2,02159,1
20210831,2,02171,2
20210831,2,02172,1
20210831,2,02186,1
20210831,20,02171,1
20210831,21,02111,1
20210831,22,02111,1
20210831,22,03311,1
20210831,23,02111,1
20210831,3,02128,1
20210831,3,02139,1
20210831,3,02148,4
20210831,3,02179,1
20210831,3,03310,1
20210831,4,02148,1
20210831,4,02159,1
20210831,4,02171,1
20210831,4,02179,1
20210831,5,02128,3
20210831,5,02129,1
20210831,5,02185,1
20210831,5,02186,1
20210831,5,02191,1
20210831,5,03310,1
20210831,6,02122,1
20210831,6,02129,1
20210831,6,02148,3
20210831,6,02171,1
20210831,6,02179,1
20210831,6,02185,2
20210831,6,02186,1
20210831,6,02191,1
20210831,6,03310,2
20210831,7,02128,1
20210831,7,02139,1
20210831,7,02148,2
20210831,7,02171,1
20210831,7,02172,1
20210831,7,02179,1
20210831,7,02185,1
20210831,7,02191,1
20210831,7,02198,1
20210831,7,03310,4
20210831,7,03802,1
20210831,8,02111,1
20210831,8,02116,1
20210831,8,02122,1
20210831,8,02139,2
20210831,8,02143,1
20210831,8,02148,2
20210831,8,02171,1
20210831,8,02179,1
20210831,8,02185,1
20210831,8,02186,2
20210831,8,02198,1
20210831,8,03310,3
20210831,9,02122,1
20210831,9,02171,2
20210831,9,02179,1
20210831,9,02185,1
20210831,9,02186,1
20210831,9,02191,1
20210831,9,03311,1
20210831,9,03802,1
