RENT_DATE,RENT_TIME,RENT_ID,CNT
20250701,0,02111,3
20250701,0,02116,3
20250701,0,02122,1
20250701,0,02129,1
20250701,0,02139,1
20250701,0,02171,4
20250701,0,02172,2
20250701,0,02178,1
20250701,0,02191,3
20250701,0,02198,5
20250701,0,03311,2
20250701,1,02116,2
20250701,1,02159,1
20250701,1,02171,2
20250701,1,02172,1
20250701,1,02178,1
20250701,1,02185,1
20250701,1,02186,1
20250701,10,02111,2
20250701,10,02112,1
20250701,10,02122,1
20250701,10,02148,1
20250701,10,02171,1
20250701,10,02185,1
20250701,10,02191,3
20250701,10,02198,2
20250701,10,02199,1
20250701,10,03310,2
20250701,11,02112,1
20250701,11,02128,1
20250701,11,02130,1
20250701,11,02139,1
20250701,11,02143,1
20250701,11,02148,2
20250701,11,02159,1
20250701,11,02172,1
20250701,11,02185,2
20250701,11,02186,1
20250701,11,02191,1
20250701,11,02198,1
20250701,11,03310,1
20250701,12,02111,2
20250701,12,02112,1
20250701,12,02122,1
20250701,12,02139,1
20250701,12,02148,3
20250701,12,02171,2
20250701,12,02179,2
20250701,12,02185,1
20250701,12,02191,2
20250701,12,02198,3
20250701,12,02199,1
20250701,12,03310,1
20250701,13,02111,1
20250701,13,02122,1
20250701,13,02128,1
20250701,13,02129,1
20250701,13,02148,2
20250701,13,02171,2
20250701,13,02172,1
20250701,13,02185,1
20250701,13,02191,1
20250701,13,02199,1
20250701,13,03310,1
20250701,13,03311,1
20250701,14,02111,1
20250701,14,02116,1
20250701,14,02122,3
20250701,14,02129,2
20250701,14,02130,1
20250701,14,02171,2
20250701,14,02172,1
20250701,14,02179,1
20250701,14,02185,2
20250701,14,02199,1
20250701,14,03310,2
20250701,14,03311,5
20250701,15,02111,2
20250701,15,02112,3
20250701,15,02116,1
20250701,15,02122,2
20250701,15,02171,1
20250701,15,02172,1
20250701,15,02179,1
20250701,15,02185,1
20250701,15,02191,3
20250701,15,03310,1
20250701,15,03311,2
20250701,16,02111,3
20250701,16,02116,2
20250701,16,02122,1
20250701,16,02129,1
20250701,16,02159,2
20250701,16,02171,3
20250701,16,02172,2
20250701,16,02178,2
20250701,16,02179,1
20250701,16,02185,1
20250701,16,03310,3
20250701,17,02112,2
20250701,17,02116,2
20250701,17,02122,2
20250701,17,02139,1
20250701,17,02148,2
20250701,17,02171,4
20250701,17,02172,2
20250701,17,02178,1
20250701,17,02179,3
20250701,17,02185,3
20250701,17,02191,4
20250701,17,02198,1
20250701,17,03310,3
20250701,17,03311,1
20250701,17,03802,1
20250701,18,02111,3
20250701,18,02112,1
20250701,18,02122,1
20250701,18,02128,1
20250701,18,02129,1
20250701,18,02130,1
20250701,18,02139,1
20250701,18,02143,3
20250701,18,02148,3
20250701,18,02171,7
20250701,18,02172,1
20250701,18,02178,4
20250701,18,02179,5
20250701,18,02185,4
20250701,18,02186,2
20250701,18,02191,1
20250701,18,02198,2
20250701,18,02199,1
20250701,18,03311,4
20250701,19,02111,2
20250701,19,02112,1
20250701,19,02116,6
20250701,19,02122,1
20250701,19,02128,4
20250701,19,02139,3
20250701,19,02143,1
20250701,19,02148,2
20250701,19,02171,3
20250701,19,02172,2
20250701,19,02178,2
20250701,19,02179,1
20250701,19,02185,4
20250701,19,02186,3
20250701,19,02191,3
20250701,19,02198,2
20250701,19,02199,1
20250701,19,03311,4
20250701,2,02111,2
20250701,2,02116,1
20250701,2,02122,1
20250701,2,02128,1
20250701,2,02139,1
20250701,2,02148,1
20250701,2,02171,1
20250701,2,02178,1
20250701,2,02179,1
20250701,2,02185,2
20250701,2,02186,1
20250701,2,02191,1
20250701,2,02198,2
20250701,20,02111,6
20250701,20,02112,3
20250701,20,02116,2
20250701,20,02122,5
20250701,20,02129,1
20250701,20,02130,1
20250701,20,02139,2
20250701,20,02148,1
20250701,20,02171,2
20250701,20,02172,5
20250701,20,02178,1
20250701,20,02179,2
20250701,20,02185,3
20250701,20,02186,6
20250701,20,02191,4
20250701,20,02198,5
20250701,20,02199,1
20250701,20,03311,1
20250701,20,03802,5
20250701,21,02111,4
20250701,21,02112,2
20250701,21,02116,2
20250701,21,02122,4
20250701,21,02129,1
20250701,21,02148,2
20250701,21,02159,1
20250701,21,02171,4
20250701,21,02172,4
20250701,21,02178,3
20250701,21,02185,1
20250701,21,02186,4
20250701,21,02191,2
20250701,21,02198,1
20250701,21,03311,3
20250701,21,03802,1
20250701,22,02112,6
20250701,22,02116,1
20250701,22,02122,2
20250701,22,02128,2
20250701,22,02129,1
20250701,22,02130,1
20250701,22,02139,1
20250701,22,02143,1
20250701,22,02159,1
20250701,22,02171,3
20250701,22,02172,3
20250701,22,02178,3
20250701,22,02179,4
20250701,22,02185,4
20250701,22,02186,2
20250701,22,02191,1
20250701,22,02198,4
20250701,22,02199,2
20250701,22,03802,1
20250701,23,02112,1
20250701,23,02116,1
20250701,23,02122,2
20250701,23,02128,1
20250701,23,02143,1
20250701,23,02171,1
20250701,23,02172,1
20250701,23,02178,1
20250701,23,02179,3
20250701,23,02185,2
20250701,23,02191,3
20250701,23,02198,5
20250701,23,03310,1
20250701,23,03311,2
20250701,3,02178,1
20250701,3,02179,2
20250701,4,02112,1
20250701,4,02122,1
20250701,4,02185,1
20250701,5,02148,1
20250701,5,02171,1
20250701,5,03311,1
20250701,6,02111,1
20250701,6,02116,1
20250701,6,02129,1
20250701,6,02179,1
20250701,6,02185,1
20250701,6,02191,1
20250701,6,02198,1
20250701,6,03310,1
20250701,6,03311,1
20250701,6,03802,1
20250701,7,02122,3
20250701,7,02129,1
20250701,7,02139,1
20250701,7,02143,1
20250701,7,02148,2
20250701,7,02185,1
20250701,7,02186,1
20250701,7,02191,1
20250701,7,02198,1
20250701,7,02199,1
20250701,7,03311,1
20250701,7,03802,3
20250701,8,02112,1
20250701,8,02116,1
20250701,8,02128,2
20250701,8,02139,2
20250701,8,02143,1
20250701,8,02148,1
20250701,8,02171,3
20250701,8,02179,1
20250701,8,02185,4
20250701,8,02191,2
20250701,8,02198,1
20250701,8,03311,1
20250701,8,03802,4
20250701,9,02128,1
20250701,9,02130,1
20250701,9,02143,1
20250701,9,02148,1
20250701,9,02171,1
20250701,9,02179,1
20250701,9,02185,2
20250701,9,02191,1
20250701,9,03311,1
20250701,9,03802,1
20250702,0,02111,3
20250702,0,02112,1
20250702,0,02116,1
20250702,0,02122,1
20250702,0,02139,1
20250702,0,02148,2
20250702,0,02171,2
20250702,0,02172,1
20250702,0,02179,2
20250702,0,02185,2
20250702,0,02191,1
20250702,0,02198,1
20250702,0,02199,2
20250702,1,02111,2
20250702,1,02112,2
20250702,1,02128,3
20250702,1,02159,1
20250702,1,02171,2
20250702,1,02172,1
20250702,1,02179,1
20250702,1,02185,1
20250702,1,02191,1
20250702,1,02198,3
20250702,10,02128,3
20250702,10,02171,1
20250702,10,02172,2
20250702,10,02185,3
20250702,10,02186,1
20250702,10,02198,3
20250702,10,03311,1
20250702,10,03802,1
20250702,11,02122,2
20250702,11,02128,3
20250702,11,02130,1
20250702,11,02139,1
20250702,11,02148,1
20250702,11,02171,1
20250702,11,02172,4
20250702,11,02178,1
20250702,11,02179,2
20250702,11,02185,1
20250702,11,02186,1
20250702,11,02191,1
20250702,11,02198,1
20250702,11,03311,1
20250702,11,03802,3
20250702,12,02111,1
20250702,12,02116,1
20250702,12,02139,1
20250702,12,02159,1
20250702,12,02171,2
20250702,12,02172,1
20250702,12,02178,1
20250702,12,02179,2
20250702,12,02185,1
20250702,12,02191,1
20250702,12,02198,1
20250702,12,02199,2
20250702,12,03802,1
20250702,13,02122,1
20250702,13,02128,4
20250702,13,02130,1
20250702,13,02148,1
20250702,13,02185,1
20250702,13,02186,2
20250702,13,02191,2
20250702,13,02198,1
20250702,13,03311,1
20250702,13,03802,1
20250702,14,02111,2
20250702,14,02116,1
20250702,14,02128,2
20250702,14,02159,1
20250702,14,02171,2
20250702,14,02172,3
20250702,14,02199,1
20250702,14,03310,1
20250702,14,03311,2
20250702,15,02111,1
20250702,15,02112,2
20250702,15,02122,1
20250702,15,02128,1
20250702,15,02143,1
20250702,15,02148,1
20250702,15,02159,1
20250702,15,02171,2
20250702,15,02172,1
20250702,15,02185,1
20250702,15,02186,2
20250702,15,03310,1
20250702,16,02111,4
20250702,16,02112,1
20250702,16,02116,1
20250702,16,02122,1
20250702,16,02171,1
20250702,16,02172,3
20250702,16,02179,2
20250702,16,02185,2
20250702,16,02198,1
20250702,16,03311,1
20250702,17,02112,1
20250702,17,02122,1
20250702,17,02128,1
20250702,17,02130,2
20250702,17,02139,2
20250702,17,02148,1
20250702,17,02171,2
20250702,17,02172,2
20250702,17,02178,3
20250702,17,02179,3
20250702,17,02185,1
20250702,17,02186,1
20250702,17,02191,3
20250702,17,03310,1
20250702,17,03311,1
20250702,18,02111,3
20250702,18,02112,5
20250702,18,02116,2
20250702,18,02122,4
20250702,18,02128,1
20250702,18,02139,1
20250702,18,02143,2
20250702,18,02148,1
20250702,18,02159,1
20250702,18,02171,5
20250702,18,02172,2
20250702,18,02178,5
20250702,18,02179,1
20250702,18,02185,5
20250702,18,02186,2
20250702,18,02191,3
20250702,18,02198,1
20250702,18,02199,1
20250702,18,03310,3
20250702,18,03311,5
20250702,19,02111,4
20250702,19,02116,4
20250702,19,02122,1
20250702,19,02128,2
20250702,19,02129,1
20250702,19,02130,2
20250702,19,02143,1
20250702,19,02148,1
20250702,19,02159,1
20250702,19,02171,2
20250702,19,02172,3
20250702,19,02178,2
20250702,19,02186,2
20250702,19,02199,2
20250702,19,03311,4
20250702,19,03802,1
20250702,2,02185,2
20250702,2,02191,1
20250702,2,02198,1
20250702,20,02111,3
20250702,20,02112,3
20250702,20,02116,1
20250702,20,02122,1
20250702,20,02129,1
20250702,20,02130,1
20250702,20,02139,1
20250702,20,02143,1
20250702,20,02148,3
20250702,20,02159,1
20250702,20,02171,6
20250702,20,02178,5
20250702,20,02179,3
20250702,20,02185,2
20250702,20,02186,6
20250702,20,02191,3
20250702,20,02198,5
20250702,20,03310,2
20250702,20,03311,5
20250702,20,03802,3
20250702,21,02111,4
20250702,21,02112,1
20250702,21,02116,1
20250702,21,02122,2
20250702,21,02128,1
20250702,21,02129,1
20250702,21,02139,1
20250702,21,02143,1
20250702,21,02148,3
20250702,21,02159,1
20250702,21,02171,4
20250702,21,02172,2
20250702,21,02178,5
20250702,21,02179,3
20250702,21,02185,2
20250702,21,02186,3
20250702,21,02191,3
20250702,21,02198,2
20250702,21,03311,6
20250702,22,02111,4
20250702,22,02112,4
20250702,22,02116,7
20250702,22,02122,2
20250702,22,02143,2
20250702,22,02148,2
20250702,22,02159,1
20250702,22,02171,7
20250702,22,02172,2
20250702,22,02178,5
20250702,22,02179,1
20250702,22,02185,3
20250702,22,02186,2
20250702,22,02191,3
20250702,22,02198,1
20250702,22,02199,2
20250702,22,03311,3
20250702,22,03802,3
20250702,23,02111,1
20250702,23,02112,2
20250702,23,02122,1
20250702,23,02128,1
20250702,23,02139,1
20250702,23,02148,1
20250702,23,02172,2
20250702,23,02178,2
20250702,23,02179,1
20250702,23,02185,1
20250702,23,02186,2
20250702,23,02191,1
20250702,23,02198,1
20250702,23,02199,1
20250702,3,02139,1
20250702,3,02171,1
20250702,3,02179,1
20250702,3,02185,4
20250702,3,02198,1
20250702,4,02122,1
20250702,4,02185,1
20250702,5,02128,1
20250702,5,02171,2
20250702,5,02191,2
20250702,6,02111,1
20250702,6,02116,1
20250702,6,02129,1
20250702,6,02143,2
20250702,6,02148,1
20250702,6,02159,1
20250702,6,02172,1
20250702,6,02185,1
20250702,6,02186,2
20250702,6,02191,4
20250702,6,03310,2
20250702,6,03802,3
20250702,7,02111,2
20250702,7,02112,1
20250702,7,02122,1
20250702,7,02139,1
20250702,7,02143,2
20250702,7,02148,3
20250702,7,02159,1
20250702,7,02179,1
20250702,7,02185,1
20250702,7,02191,2
20250702,7,02198,1
20250702,7,03310,3
20250702,7,03802,4
20250702,8,02116,1
20250702,8,02122,1
20250702,8,02130,1
20250702,8,02139,2
20250702,8,02148,2
20250702,8,02171,1
20250702,8,02172,3
20250702,8,02179,2
20250702,8,02185,6
20250702,8,02186,3
20250702,8,02191,1
20250702,8,02198,1
20250702,8,03310,4
20250702,8,03802,1
20250702,9,02111,1
20250702,9,02122,2
20250702,9,02128,2
20250702,9,02143,3
20250702,9,02148,1
20250702,9,02171,2
20250702,9,02172,1
20250702,9,02178,2
20250702,9,02185,2
20250702,9,02191,1
20250702,9,02199,1
20250702,9,03310,3
20250702,9,03311,2
20250702,9,03802,3
20250703,0,02111,5
20250703,0,02112,3
20250703,0,02122,1
20250703,0,02128,2
20250703,0,02148,1
20250703,0,02171,2
20250703,0,02172,1
20250703,0,02179,2
20250703,0,02185,5
20250703,0,02191,1
20250703,0,02199,1
20250703,0,03311,1
20250703,1,02111,3
20250703,1,02122,1
20250703,1,02171,4
20250703,1,02179,2
20250703,1,02185,1
20250703,1,02186,1
20250703,10,02111,2
20250703,10,02116,1
20250703,10,02122,2
20250703,10,02128,2
20250703,10,02159,1
20250703,10,02186,1
20250703,10,02191,1
20250703,10,02198,1
20250703,10,03310,2
20250703,10,03802,1
20250703,11,02111,2
20250703,11,02112,1
20250703,11,02116,1
20250703,11,02128,2
20250703,11,02130,1
20250703,11,02139,1
20250703,11,02148,2
20250703,11,02172,2
20250703,11,02178,1
20250703,11,02185,3
20250703,11,02199,1
20250703,11,03310,1
20250703,11,03311,1
20250703,11,03802,1
20250703,12,02111,1
20250703,12,02116,1
20250703,12,02122,1
20250703,12,02128,1
20250703,12,02139,1
20250703,12,02148,4
20250703,12,02171,2
20250703,12,02179,2
20250703,12,02185,1
20250703,12,02186,2
20250703,12,02198,3
20250703,12,02199,1
20250703,12,03310,1
20250703,12,03311,1
20250703,13,02111,2
20250703,13,02122,1
20250703,13,02128,2
20250703,13,02139,1
20250703,13,02148,2
20250703,13,02171,1
20250703,13,02172,3
20250703,13,02178,2
20250703,13,02179,2
20250703,13,02186,1
20250703,13,02191,1
20250703,13,02199,1
20250703,13,03311,1
20250703,14,02111,3
20250703,14,02112,3
20250703,14,02148,1
20250703,14,02171,3
20250703,14,02178,3
20250703,14,02185,1
20250703,14,02191,1
20250703,14,03310,2
20250703,14,03311,3
20250703,15,02111,3
20250703,15,02112,2
20250703,15,02116,1
20250703,15,02122,1
20250703,15,02129,1
20250703,15,02148,1
20250703,15,02171,1
20250703,15,02172,1
20250703,15,02179,1
20250703,15,02185,1
20250703,15,02186,2
20250703,15,02191,1
20250703,15,02199,1
20250703,15,03310,2
20250703,15,03311,2
20250703,16,02111,1
20250703,16,02122,1
20250703,16,02148,4
20250703,16,02159,1
20250703,16,02171,1
20250703,16,02172,3
20250703,16,02178,1
20250703,16,02179,2
20250703,16,02185,3
20250703,16,02191,2
20250703,16,03310,2
20250703,16,03311,2
20250703,17,02111,1
20250703,17,02112,1
20250703,17,02116,3
20250703,17,02128,2
20250703,17,02130,2
20250703,17,02139,2
20250703,17,02148,4
20250703,17,02159,1
20250703,17,02171,2
20250703,17,02172,6
20250703,17,02178,3
20250703,17,02179,2
20250703,17,02185,1
20250703,17,02186,1
20250703,17,02191,1
20250703,17,02198,1
20250703,17,02199,1
20250703,17,03310,4
20250703,17,03311,6
20250703,17,03802,1
20250703,18,02111,5
20250703,18,02112,2
20250703,18,02116,2
20250703,18,02128,3
20250703,18,02139,2
20250703,18,02148,3
20250703,18,02171,4
20250703,18,02172,3
20250703,18,02178,2
20250703,18,02179,2
20250703,18,02185,4
20250703,18,02186,2
20250703,18,02191,4
20250703,18,02198,1
20250703,18,03310,2
20250703,18,03311,7
20250703,18,03802,5
20250703,19,02111,3
20250703,19,02112,2
20250703,19,02116,4
20250703,19,02122,2
20250703,19,02128,1
20250703,19,02129,1
20250703,19,02130,1
20250703,19,02139,3
20250703,19,02143,1
20250703,19,02148,1
20250703,19,02171,5
20250703,19,02172,1
20250703,19,02179,1
20250703,19,02185,1
20250703,19,02191,5
20250703,19,02198,1
20250703,19,03310,1
20250703,19,03311,3
20250703,2,02178,2
20250703,2,02185,1
20250703,2,02198,1
20250703,2,03310,1
20250703,20,02111,8
20250703,20,02112,6
20250703,20,02116,1
20250703,20,02122,4
20250703,20,02129,1
20250703,20,02139,2
20250703,20,02143,4
20250703,20,02148,5
20250703,20,02171,4
20250703,20,02172,2
20250703,20,02178,4
20250703,20,02179,3
20250703,20,02185,1
20250703,20,02191,2
20250703,20,02198,1
20250703,20,02199,1
20250703,20,03310,1
20250703,20,03311,2
20250703,20,03802,4
20250703,21,02111,4
20250703,21,02112,1
20250703,21,02116,2
20250703,21,02122,1
20250703,21,02128,1
20250703,21,02129,1
20250703,21,02143,4
20250703,21,02159,1
20250703,21,02171,4
20250703,21,02172,2
20250703,21,02178,2
20250703,21,02179,2
20250703,21,02185,4
20250703,21,02186,2
20250703,21,02191,2
20250703,21,02198,5
20250703,21,02199,1
20250703,21,03311,2
20250703,21,03802,4
20250703,22,02111,3
20250703,22,02112,4
20250703,22,02116,2
20250703,22,02122,3
20250703,22,02139,1
20250703,22,02143,1
20250703,22,02148,1
20250703,22,02159,3
20250703,22,02171,4
20250703,22,02172,2
20250703,22,02178,5
20250703,22,02179,1
20250703,22,02185,3
20250703,22,02186,3
20250703,22,02191,4
20250703,22,02198,4
20250703,22,03310,2
20250703,22,03311,1
20250703,23,02112,1
20250703,23,02116,1
20250703,23,02122,2
20250703,23,02128,2
20250703,23,02139,1
20250703,23,02171,2
20250703,23,02172,1
20250703,23,02178,2
20250703,23,02179,3
20250703,23,02185,1
20250703,23,02191,1
20250703,23,02198,1
20250703,23,02199,1
20250703,3,02143,1
20250703,3,02159,1
20250703,3,02171,1
20250703,3,02179,1
20250703,3,02198,1
20250703,4,02122,1
20250703,4,02139,1
20250703,4,02171,1
20250703,4,02179,1
20250703,5,02111,2
20250703,5,02112,1
20250703,5,02122,1
20250703,5,02139,1
20250703,5,02178,1
20250703,5,02186,1
20250703,6,02111,1
20250703,6,02122,1
20250703,6,02128,1
20250703,6,02139,2
20250703,6,02143,2
20250703,6,02159,1
20250703,6,02171,1
20250703,6,02179,1
20250703,6,02186,1
20250703,6,02191,2
20250703,6,03310,3
20250703,6,03802,1
20250703,7,02111,2
20250703,7,02122,1
20250703,7,02128,1
20250703,7,02129,1
20250703,7,02139,1
20250703,7,02148,2
20250703,7,02172,1
20250703,7,02179,1
20250703,7,02185,1
20250703,7,02191,1
20250703,7,02198,3
20250703,7,03310,3
20250703,7,03802,4
20250703,8,02112,1
20250703,8,02129,2
20250703,8,02139,2
20250703,8,02143,1
20250703,8,02148,1
20250703,8,02159,1
20250703,8,02171,1
20250703,8,02172,2
20250703,8,02179,4
20250703,8,02185,5
20250703,8,02191,2
20250703,8,02198,1
20250703,8,03310,1
20250703,8,03311,2
20250703,8,03802,4
20250703,9,02112,1
20250703,9,02128,2
20250703,9,02129,1
20250703,9,02148,2
20250703,9,02171,2
20250703,9,02172,2
20250703,9,02178,1
20250703,9,02179,1
20250703,9,02198,2
20250703,9,02199,2
20250703,9,03310,2
20250703,9,03802,3
20250704,0,02111,5
20250704,0,02112,1
20250704,0,02116,4
20250704,0,02171,2
20250704,0,02172,1
20250704,0,02179,1
20250704,0,02185,1
20250704,0,02191,1
20250704,0,02198,4
20250704,1,02111,3
20250704,1,02116,2
20250704,1,02148,1
20250704,1,02159,1
20250704,1,02171,3
20250704,1,02179,3
20250704,1,02185,1
20250704,1,02186,1
20250704,1,02191,1
20250704,1,02198,2
20250704,1,03310,1
20250704,1,03311,1
20250704,10,02111,1
20250704,10,02112,1
20250704,10,02116,1
20250704,10,02128,1
20250704,10,02130,1
20250704,10,02148,2
20250704,10,02171,2
20250704,10,02179,1
20250704,10,02185,2
20250704,10,02186,2
20250704,10,02191,2
20250704,10,02198,2
20250704,10,03310,1
20250704,10,03802,1
20250704,11,02111,2
20250704,11,02112,1
20250704,11,02116,1
20250704,11,02128,1
20250704,11,02139,2
20250704,11,02159,1
20250704,11,02171,5
20250704,11,02178,1
20250704,11,02186,1
20250704,11,02191,1
20250704,11,03802,3
20250704,12,02111,1
20250704,12,02139,1
20250704,12,02148,1
20250704,12,02159,1
20250704,12,02171,2
20250704,12,02172,1
20250704,12,02178,1
20250704,12,02179,4
20250704,12,02185,2
20250704,12,02186,2
20250704,12,02191,1
20250704,12,02198,3
20250704,12,03311,1
20250704,13,02111,1
20250704,13,02112,1
20250704,13,02116,1
20250704,13,02122,1
20250704,13,02128,3
20250704,13,02139,1
20250704,13,02159,1
20250704,13,02171,2
20250704,13,02172,1
20250704,13,02178,3
20250704,13,02179,2
20250704,13,02191,1
20250704,13,02199,1
20250704,13,03311,3
20250704,14,02111,2
20250704,14,02112,1
20250704,14,02128,2
20250704,14,02129,4
20250704,14,02148,1
20250704,14,02171,1
20250704,14,02172,3
20250704,14,02178,2
20250704,14,02185,3
20250704,14,02191,1
20250704,14,03310,1
20250704,14,03311,1
20250704,14,03802,1
20250704,15,02111,1
20250704,15,02112,3
20250704,15,02116,1
20250704,15,02139,1
20250704,15,02171,2
20250704,15,02185,2
20250704,15,02186,1
20250704,15,02191,3
20250704,15,02198,1
20250704,15,03802,1
20250704,16,02111,2
20250704,16,02129,1
20250704,16,02130,2
20250704,16,02148,1
20250704,16,02159,1
20250704,16,02171,3
20250704,16,02172,3
20250704,16,02178,3
20250704,16,02179,2
20250704,16,02191,4
20250704,16,03310,2
20250704,16,03311,1
20250704,17,02111,2
20250704,17,02122,2
20250704,17,02128,3
20250704,17,02129,1
20250704,17,02139,2
20250704,17,02143,1
20250704,17,02159,1
20250704,17,02171,6
20250704,17,02172,1
20250704,17,02178,3
20250704,17,02179,3
20250704,17,02185,3
20250704,17,02191,1
20250704,17,02198,1
20250704,17,03310,3
20250704,18,02111,4
20250704,18,02122,1
20250704,18,02129,2
20250704,18,02143,2
20250704,18,02148,3
20250704,18,02159,1
20250704,18,02171,5
20250704,18,02172,7
20250704,18,02178,3
20250704,18,02179,4
20250704,18,02185,2
20250704,18,02191,5
20250704,18,02198,1
20250704,18,02199,3
20250704,18,03310,2
20250704,18,03311,5
20250704,18,03802,1
20250704,19,02111,3
20250704,19,02112,2
20250704,19,02116,5
20250704,19,02122,1
20250704,19,02128,2
20250704,19,02129,1
20250704,19,02143,1
20250704,19,02148,2
20250704,19,02171,2
20250704,19,02172,4
20250704,19,02179,7
20250704,19,02185,2
20250704,19,02191,1
20250704,19,02198,2
20250704,19,03311,3
20250704,19,03802,2
20250704,2,02111,1
20250704,2,02128,1
20250704,2,02171,1
20250704,2,02178,2
20250704,2,02185,1
20250704,2,02186,1
20250704,2,02198,3
20250704,2,03310,1
20250704,20,02111,1
20250704,20,02112,3
20250704,20,02116,2
20250704,20,02122,2
20250704,20,02128,2
20250704,20,02130,1
20250704,20,02139,1
20250704,20,02143,3
20250704,20,02171,3
20250704,20,02172,2
20250704,20,02178,1
20250704,20,02179,2
20250704,20,02185,2
20250704,20,02186,1
20250704,20,02191,3
20250704,20,02198,5
20250704,20,02199,2
20250704,20,03311,1
20250704,20,03802,2
20250704,21,02111,6
20250704,21,02112,2
20250704,21,02116,2
20250704,21,02122,2
20250704,21,02143,2
20250704,21,02159,2
20250704,21,02171,1
20250704,21,02178,3
20250704,21,02179,4
20250704,21,02185,5
20250704,21,02186,4
20250704,21,02191,3
20250704,21,02198,1
20250704,21,02199,1
20250704,21,03310,1
20250704,21,03311,2
20250704,21,03802,1
20250704,22,02111,3
20250704,22,02112,5
20250704,22,02116,5
20250704,22,02122,1
20250704,22,02159,1
20250704,22,02171,2
20250704,22,02172,1
20250704,22,02178,2
20250704,22,02179,4
20250704,22,02185,2
20250704,22,02191,6
20250704,22,02198,5
20250704,22,03311,1
20250704,22,03802,2
20250704,23,02111,1
20250704,23,02112,1
20250704,23,02116,3
20250704,23,02122,1
20250704,23,02139,1
20250704,23,02171,3
20250704,23,02172,2
20250704,23,02178,2
20250704,23,02185,1
20250704,23,02191,1
20250704,23,02198,1
20250704,23,02199,2
20250704,23,03311,3
20250704,3,02116,1
20250704,3,02171,2
20250704,3,02185,3
20250704,3,02186,1
20250704,3,02191,1
20250704,3,02198,1
20250704,4,02112,1
20250704,4,02122,1
20250704,4,02178,1
20250704,4,02179,1
20250704,4,02191,2
20250704,5,02128,1
20250704,5,02143,1
20250704,5,02186,2
20250704,5,02198,1
20250704,5,03310,1
20250704,6,02111,2
20250704,6,02139,1
20250704,6,02143,1
20250704,6,02148,2
20250704,6,02159,1
20250704,6,02172,1
20250704,6,02185,2
20250704,6,02186,1
20250704,6,02191,4
20250704,6,03310,1
20250704,6,03802,1
20250704,7,02111,3
20250704,7,02139,3
20250704,7,02148,1
20250704,7,02179,1
20250704,7,02185,1
20250704,7,02186,1
20250704,7,02191,1
20250704,7,03310,1
20250704,7,03311,1
20250704,7,03802,3
20250704,8,02111,3
20250704,8,02122,1
20250704,8,02128,1
20250704,8,02130,1
20250704,8,02139,3
20250704,8,02143,3
20250704,8,02148,4
20250704,8,02171,5
20250704,8,02179,4
20250704,8,02185,4
20250704,8,02186,1
20250704,8,02191,6
20250704,8,02198,1
20250704,8,03310,4
20250704,8,03311,2
20250704,8,03802,3
20250704,9,02111,3
20250704,9,02122,5
20250704,9,02128,2
20250704,9,02139,2
20250704,9,02143,1
20250704,9,02148,4
20250704,9,02159,3
20250704,9,02171,3
20250704,9,02172,3
20250704,9,02179,4
20250704,9,02185,1
20250704,9,02191,2
20250704,9,02198,1
20250704,9,02199,1
20250704,9,03310,3
20250704,9,03311,2
20250704,9,03802,2
20250705,0,02112,2
20250705,0,02122,1
20250705,0,02148,1
20250705,0,02159,1
20250705,0,02178,1
20250705,0,02179,2
20250705,0,02185,5
20250705,0,02198,4
20250705,0,03310,1
20250705,1,02111,2
20250705,1,02112,2
20250705,1,02116,3
20250705,1,02122,1
20250705,1,02179,1
20250705,1,02185,1
20250705,1,02198,2
20250705,1,03311,1
20250705,10,02122,2
20250705,10,02130,1
20250705,10,02139,2
20250705,10,02148,2
20250705,10,02159,1
20250705,10,02171,1
20250705,10,02172,1
20250705,10,02179,3
20250705,10,02185,1
20250705,10,02186,1
20250705,10,02191,3
20250705,10,02198,1
20250705,10,02199,1
20250705,10,03310,2
20250705,10,03802,3
20250705,11,02111,1
20250705,11,02112,1
20250705,11,02122,2
20250705,11,02128,4
20250705,11,02130,1
20250705,11,02143,2
20250705,11,02159,3
20250705,11,02171,1
20250705,11,02172,2
20250705,11,02179,1
20250705,11,02185,1
20250705,11,02186,3
20250705,11,02191,1
20250705,11,02198,1
20250705,11,03310,2
20250705,11,03311,3
20250705,12,02112,4
20250705,12,02116,1
20250705,12,02128,2
20250705,12,02139,1
20250705,12,02143,1
20250705,12,02159,1
20250705,12,02171,4
20250705,12,02172,1
20250705,12,02178,2
20250705,12,02191,1
20250705,12,03310,2
20250705,13,02116,2
20250705,13,02122,2
20250705,13,02128,1
20250705,13,02129,1
20250705,13,02148,1
20250705,13,02159,1
20250705,13,02171,1
20250705,13,02172,1
20250705,13,02178,1
20250705,13,02185,2
20250705,13,02186,1
20250705,13,02191,2
20250705,13,02198,1
20250705,13,02199,1
20250705,13,03310,2
20250705,13,03311,2
20250705,13,03802,1
20250705,14,02112,2
20250705,14,02122,1
20250705,14,02128,2
20250705,14,02139,1
20250705,14,02148,1
20250705,14,02171,2
20250705,14,02172,2
20250705,14,02178,2
20250705,14,02185,2
20250705,14,02186,2
20250705,14,02191,1
20250705,14,02198,2
20250705,14,02199,2
20250705,14,03310,2
20250705,14,03311,1
20250705,15,02111,3
20250705,15,02112,1
20250705,15,02116,1
20250705,15,02122,1
20250705,15,02130,3
20250705,15,02139,2
20250705,15,02148,3
20250705,15,02171,1
20250705,15,02172,3
20250705,15,02178,1
20250705,15,02179,1
20250705,15,02185,3
20250705,15,02191,3
20250705,15,03310,2
20250705,15,03311,1
20250705,16,02111,1
20250705,16,02112,1
20250705,16,02116,2
20250705,16,02130,1
20250705,16,02139,2
20250705,16,02143,2
20250705,16,02148,3
20250705,16,02171,4
20250705,16,02172,1
20250705,16,02178,2
20250705,16,02179,2
20250705,16,02185,3
20250705,16,02186,3
20250705,16,02191,1
20250705,16,02198,1
20250705,16,03311,4
20250705,17,02111,1
20250705,17,02112,4
20250705,17,02116,1
20250705,17,02128,1
20250705,17,02139,3
20250705,17,02148,1
20250705,17,02159,1
20250705,17,02171,4
20250705,17,02172,1
20250705,17,02178,1
20250705,17,02179,1
20250705,17,02185,5
20250705,17,02186,2
20250705,17,02191,1
20250705,17,03310,1
20250705,17,03802,3
20250705,18,02111,4
20250705,18,02112,2
20250705,18,02116,2
20250705,18,02122,1
20250705,18,02139,2
20250705,18,02143,1
20250705,18,02148,2
20250705,18,02159,2
20250705,18,02171,2
20250705,18,02172,3
20250705,18,02178,6
20250705,18,02179,1
20250705,18,02185,3
20250705,18,02191,1
20250705,18,02198,2
20250705,18,03310,2
20250705,18,03311,1
20250705,18,03802,1
20250705,19,02111,4
20250705,19,02112,2
20250705,19,02116,2
20250705,19,02139,1
20250705,19,02171,2
20250705,19,02172,2
20250705,19,02178,1
20250705,19,02179,7
20250705,19,02191,3
20250705,19,02198,1
20250705,2,02111,1
20250705,2,02112,2
20250705,2,02116,2
20250705,2,02122,1
20250705,2,02171,1
20250705,2,02178,1
20250705,2,02185,1
20250705,2,02191,2
20250705,2,02198,1
20250705,20,02111,2
20250705,20,02112,6
20250705,20,02116,3
20250705,20,02122,1
20250705,20,02128,2
20250705,20,02129,2
20250705,20,02148,3
20250705,20,02159,2
20250705,20,02172,2
20250705,20,02179,4
20250705,20,02185,3
20250705,20,02186,1
20250705,20,02191,1
20250705,20,02198,2
20250705,20,03311,1
20250705,21,02111,1
20250705,21,02112,1
20250705,21,02128,1
20250705,21,02148,1
20250705,21,02172,3
20250705,21,02178,2
20250705,21,02179,4
20250705,21,02185,3
20250705,21,02186,1
20250705,21,02191,2
20250705,21,02198,1
20250705,21,02199,1
20250705,21,03311,4
20250705,22,02111,2
20250705,22,02112,1
20250705,22,02128,2
20250705,22,02139,1
20250705,22,02159,1
20250705,22,02171,3
20250705,22,02172,2
20250705,22,02178,1
20250705,22,02179,1
20250705,22,02186,2
20250705,22,02191,1
20250705,22,03311,5
20250705,23,02111,4
20250705,23,02122,1
20250705,23,02128,1
20250705,23,02129,1
20250705,23,02130,1
20250705,23,02139,1
20250705,23,02148,1
20250705,23,02172,1
20250705,23,02178,2
20250705,23,02179,2
20250705,23,02185,1
20250705,23,03310,1
20250705,23,03311,1
20250705,3,02111,1
20250705,3,02139,2
20250705,3,02159,1
20250705,3,02171,1
20250705,3,02172,1
20250705,3,02179,1
20250705,3,02191,1
20250705,3,03311,1
20250705,4,02111,1
20250705,4,02112,1
20250705,4,02185,3
20250705,4,02191,1
20250705,5,02128,2
20250705,5,02143,1
20250705,5,02186,3
20250705,5,02198,1
20250705,6,02171,1
20250705,6,02172,2
20250705,6,02179,2
20250705,6,02185,1
20250705,6,03311,1
20250705,6,03802,1
20250705,7,02129,1
20250705,7,02130,1
20250705,7,02143,1
20250705,7,02159,1
20250705,7,02179,1
20250705,7,02191,2
20250705,7,03802,1
20250705,8,02112,2
20250705,8,02148,1
20250705,8,02171,2
20250705,8,02172,1
20250705,8,02185,2
20250705,8,02191,3
20250705,8,03310,1
20250705,8,03311,1
20250705,9,02111,2
20250705,9,02112,3
20250705,9,02116,2
20250705,9,02122,2
20250705,9,02148,1
20250705,9,02171,1
20250705,9,02172,4
20250705,9,02178,1
20250705,9,02179,1
20250705,9,02185,1
20250705,9,02191,3
20250705,9,03310,3
20250705,9,03802,1
20250706,0,02111,2
20250706,0,02112,2
20250706,0,02116,4
20250706,0,02122,2
20250706,0,02128,1
20250706,0,02139,1
20250706,0,02143,1
20250706,0,02171,4
20250706,0,02172,2
20250706,0,02179,1
20250706,0,02185,4
20250706,0,02186,1
20250706,0,02191,1
20250706,0,02198,4
20250706,0,03311,3
20250706,1,02111,3
20250706,1,02112,1
20250706,1,02129,1
20250706,1,02148,1
20250706,1,02159,1
20250706,1,02171,2
20250706,1,02172,1
20250706,1,02178,1
20250706,1,02185,3
20250706,1,02186,1
20250706,1,02191,1
20250706,1,02198,2
20250706,1,02199,2
20250706,10,02112,1
20250706,10,02129,2
20250706,10,02139,1
20250706,10,02143,2
20250706,10,02148,1
20250706,10,02159,1
20250706,10,02171,1
20250706,10,02172,2
20250706,10,02179,3
20250706,10,02185,1
20250706,10,02186,2
20250706,10,02191,3
20250706,10,02198,1
20250706,10,03310,1
20250706,11,02111,1
20250706,11,02130,1
20250706,11,02139,1
20250706,11,02171,1
20250706,11,02172,1
20250706,11,02178,1
20250706,11,02185,1
20250706,11,02186,1
20250706,11,02191,1
20250706,11,03310,2
20250706,12,02111,1
20250706,12,02112,1
20250706,12,02116,1
20250706,12,02143,2
20250706,12,02171,1
20250706,12,02178,1
20250706,12,02185,2
20250706,12,02186,1
20250706,12,02191,4
20250706,12,03311,1
20250706,13,02111,4
20250706,13,02116,2
20250706,13,02122,1
20250706,13,02128,2
20250706,13,02129,1
20250706,13,02139,2
20250706,13,02148,1
20250706,13,02159,1
20250706,13,02171,4
20250706,13,02172,2
20250706,13,02178,2
20250706,13,02179,2
20250706,13,02185,4
20250706,13,02191,1
20250706,13,03310,1
20250706,13,03311,1
20250706,14,02111,2
20250706,14,02116,1
20250706,14,02122,1
20250706,14,02129,1
20250706,14,02139,2
20250706,14,02148,1
20250706,14,02159,1
20250706,14,02171,1
20250706,14,02172,4
20250706,14,02178,1
20250706,14,02179,1
20250706,14,02185,1
20250706,14,02191,1
20250706,14,03311,1
20250706,15,02111,2
20250706,15,02112,2
20250706,15,02116,1
20250706,15,02122,2
20250706,15,02129,2
20250706,15,02139,2
20250706,15,02148,2
20250706,15,02171,2
20250706,15,02172,4
20250706,15,02185,6
20250706,15,02186,3
20250706,15,02191,2
20250706,15,03310,2
20250706,15,03311,3
20250706,15,03802,2
20250706,16,02111,1
20250706,16,02112,2
20250706,16,02116,1
20250706,16,02122,3
20250706,16,02129,2
20250706,16,02143,1
20250706,16,02148,1
20250706,16,02171,1
20250706,16,02172,3
20250706,16,02179,1
20250706,16,02185,2
20250706,16,02186,3
20250706,16,02191,1
20250706,16,03311,2
20250706,17,02111,2
20250706,17,02112,1
20250706,17,02116,2
20250706,17,02122,2
20250706,17,02129,1
20250706,17,02130,1
20250706,17,02139,2
20250706,17,02143,1
20250706,17,02148,1
20250706,17,02171,2
20250706,17,02172,3
20250706,17,02179,2
20250706,17,02185,1
20250706,17,02191,3
20250706,17,02198,2
20250706,17,03310,2
20250706,17,03311,7
20250706,18,02111,3
20250706,18,02112,1
20250706,18,02116,2
20250706,18,02122,4
20250706,18,02129,3
20250706,18,02139,1
20250706,18,02143,3
20250706,18,02148,3
20250706,18,02171,7
20250706,18,02172,4
20250706,18,02179,5
20250706,18,02185,7
20250706,18,02191,2
20250706,18,02198,2
20250706,18,03311,4
20250706,19,02111,3
20250706,19,02112,5
20250706,19,02122,3
20250706,19,02129,1
20250706,19,02130,1
20250706,19,02139,1
20250706,19,02171,1
20250706,19,02178,3
20250706,19,02179,1
20250706,19,02185,3
20250706,19,02186,1
20250706,19,02191,2
20250706,2,02111,1
20250706,2,02116,1
20250706,2,02122,1
20250706,2,02128,2
20250706,2,02171,1
20250706,2,02179,1
20250706,2,02185,1
20250706,2,03311,1
20250706,20,02111,4
20250706,20,02112,2
20250706,20,02116,2
20250706,20,02122,1
20250706,20,02139,2
20250706,20,02143,1
20250706,20,02148,2
20250706,20,02159,4
20250706,20,02171,1
20250706,20,02172,3
20250706,20,02179,2
20250706,20,02185,5
20250706,20,02186,1
20250706,20,02191,1
20250706,20,02198,1
20250706,20,03310,2
20250706,21,02111,2
20250706,21,02112,3
20250706,21,02116,2
20250706,21,02128,1
20250706,21,02130,2
20250706,21,02139,1
20250706,21,02148,1
20250706,21,02159,1
20250706,21,02171,1
20250706,21,02172,3
20250706,21,02179,1
20250706,21,02185,3
20250706,21,02191,2
20250706,21,02198,2
20250706,21,03311,3
20250706,22,02111,1
20250706,22,02112,4
20250706,22,02128,4
20250706,22,02129,1
20250706,22,02159,3
20250706,22,02171,6
20250706,22,02172,1
20250706,22,02178,3
20250706,22,02179,1
20250706,22,02185,1
20250706,22,02186,4
20250706,22,02191,1
20250706,22,02198,2
20250706,22,02199,2
20250706,23,02111,2
20250706,23,02116,1
20250706,23,02122,3
20250706,23,02128,1
20250706,23,02130,1
20250706,23,02179,1
20250706,23,02191,1
20250706,23,02198,3
20250706,23,03311,2
20250706,3,02112,2
20250706,3,02129,1
20250706,3,02179,1
20250706,3,02185,1
20250706,3,02186,1
20250706,3,02198,1
20250706,3,03311,1
20250706,4,02112,4
20250706,4,02128,1
20250706,4,02148,1
20250706,4,02178,1
20250706,4,02185,1
20250706,4,02198,1
20250706,5,02143,1
20250706,5,02186,2
20250706,6,02148,1
20250706,6,02171,1
20250706,6,02185,1
20250706,6,02191,2
20250706,7,02111,1
20250706,7,02116,1
20250706,7,02172,2
20250706,7,02191,4
20250706,7,02198,2
20250706,8,02112,1
20250706,8,02122,1
20250706,8,02130,1
20250706,8,02139,2
20250706,8,02171,1
20250706,8,02172,3
20250706,8,02178,2
20250706,8,02185,2
20250706,8,02191,2
20250706,8,03310,1
20250706,9,02111,1
20250706,9,02116,1
20250706,9,02122,1
20250706,9,02129,1
20250706,9,02130,2
20250706,9,02148,1
20250706,9,02172,3
20250706,9,02178,1
20250706,9,02179,2
20250706,9,02185,3
20250706,9,02191,2
20250706,9,02199,1
20250706,9,03310,2
20250707,0,02111,1
20250707,0,02112,2
20250707,0,02116,2
20250707,0,02122,2
20250707,0,02128,1
20250707,0,02159,1
20250707,0,02171,2
20250707,0,02179,2
20250707,0,02185,3
20250707,0,02191,2
20250707,1,02111,2
20250707,1,02112,1
20250707,1,02116,1
20250707,1,02172,1
20250707,1,02179,1
20250707,1,02185,3
20250707,1,02198,3
20250707,10,02128,1
20250707,10,02139,2
20250707,10,02143,1
20250707,10,02171,2
20250707,10,02185,1
20250707,10,02186,1
20250707,10,02191,2
20250707,10,02198,1
20250707,10,03802,1
20250707,11,02111,1
20250707,11,02148,1
20250707,11,02159,2
20250707,11,02172,1
20250707,11,02178,1
20250707,11,02179,1
20250707,11,02185,3
20250707,11,02191,1
20250707,11,02198,1
20250707,11,03802,3
20250707,12,02111,2
20250707,12,02116,2
20250707,12,02122,1
20250707,12,02143,1
20250707,12,02148,2
20250707,12,02171,2
20250707,12,02172,2
20250707,12,02179,3
20250707,12,02185,1
20250707,12,02191,2
20250707,12,02198,3
20250707,12,02199,1
20250707,13,02116,1
20250707,13,02128,2
20250707,13,02129,1
20250707,13,02148,1
20250707,13,02171,1
20250707,13,02172,3
20250707,13,02178,1
20250707,13,02179,1
20250707,13,02185,1
20250707,13,02186,1
20250707,13,02191,3
20250707,13,03311,1
20250707,13,03802,1
20250707,14,02111,1
20250707,14,02116,1
20250707,14,02128,1
20250707,14,02129,1
20250707,14,02130,2
20250707,14,02139,1
20250707,14,02143,1
20250707,14,02171,2
20250707,14,02172,2
20250707,14,02178,2
20250707,14,02191,1
20250707,14,02198,1
20250707,14,03311,2
20250707,15,02111,1
20250707,15,02116,2
20250707,15,02143,2
20250707,15,02171,2
20250707,15,02172,1
20250707,15,02186,2
20250707,15,02191,2
20250707,15,03310,2
20250707,15,03311,1
20250707,16,02112,1
20250707,16,02116,3
20250707,16,02128,1
20250707,16,02159,1
20250707,16,02171,3
20250707,16,02172,1
20250707,16,02178,1
20250707,16,02185,1
20250707,16,02186,1
20250707,16,02191,1
20250707,16,03310,2
20250707,16,03311,2
20250707,17,02111,6
20250707,17,02116,4
20250707,17,02122,2
20250707,17,02128,2
20250707,17,02130,1
20250707,17,02139,2
20250707,17,02148,1
20250707,17,02171,1
20250707,17,02178,1
20250707,17,02179,1
20250707,17,02185,2
20250707,17,02191,2
20250707,17,02198,2
20250707,17,03310,1
20250707,17,03311,2
20250707,17,03802,1
20250707,18,02111,4
20250707,18,02116,2
20250707,18,02122,4
20250707,18,02130,1
20250707,18,02139,3
20250707,18,02143,1
20250707,18,02148,5
20250707,18,02159,2
20250707,18,02171,5
20250707,18,02172,3
20250707,18,02178,4
20250707,18,02179,1
20250707,18,02185,1
20250707,18,02186,2
20250707,18,02198,1
20250707,18,02199,1
20250707,18,03310,3
20250707,18,03311,9
20250707,18,03802,1
20250707,19,02111,3
20250707,19,02116,2
20250707,19,02122,3
20250707,19,02128,2
20250707,19,02129,1
20250707,19,02130,1
20250707,19,02139,3
20250707,19,02143,1
20250707,19,02148,2
20250707,19,02171,5
20250707,19,02172,1
20250707,19,02178,3
20250707,19,02179,3
20250707,19,02185,2
20250707,19,02186,1
20250707,19,02191,1
20250707,19,02198,2
20250707,19,02199,3
20250707,19,03310,1
20250707,19,03311,5
20250707,19,03802,1
20250707,2,02116,1
20250707,2,02128,1
20250707,2,02171,1
20250707,2,02178,2
20250707,2,02179,3
20250707,2,02185,1
20250707,2,02191,1
20250707,2,02198,1
20250707,20,02111,4
20250707,20,02112,3
20250707,20,02116,2
20250707,20,02122,5
20250707,20,02128,1
20250707,20,02130,3
20250707,20,02148,2
20250707,20,02171,5
20250707,20,02172,1
20250707,20,02178,3
20250707,20,02179,3
20250707,20,02185,5
20250707,20,02186,1
20250707,20,02191,3
20250707,20,02198,6
20250707,20,02199,3
20250707,20,03311,6
20250707,20,03802,2
20250707,21,02111,5
20250707,21,02112,5
20250707,21,02116,5
20250707,21,02122,1
20250707,21,02128,1
20250707,21,02129,1
20250707,21,02139,2
20250707,21,02148,2
20250707,21,02159,1
20250707,21,02171,5
20250707,21,02172,3
20250707,21,02178,3
20250707,21,02179,1
20250707,21,02185,2
20250707,21,02186,2
20250707,21,02191,3
20250707,21,02198,1
20250707,21,03310,2
20250707,21,03311,1
20250707,21,03802,1
20250707,22,02111,4
20250707,22,02112,4
20250707,22,02122,5
20250707,22,02129,1
20250707,22,02139,1
20250707,22,02143,1
20250707,22,02171,2
20250707,22,02178,6
20250707,22,02179,2
20250707,22,02185,2
20250707,22,02186,2
20250707,22,02191,2
20250707,22,02198,3
20250707,22,02199,1
20250707,22,03310,1
20250707,22,03311,1
20250707,22,03802,3
20250707,23,02111,3
20250707,23,02112,1
20250707,23,02122,1
20250707,23,02128,1
20250707,23,02129,1
20250707,23,02130,2
20250707,23,02139,2
20250707,23,02148,2
20250707,23,02172,1
20250707,23,02179,2
20250707,23,02185,1
20250707,23,02191,1
20250707,23,03310,1
20250707,23,03311,2
20250707,3,02111,1
20250707,3,02112,1
20250707,3,02122,1
20250707,3,02128,2
20250707,3,02185,1
20250707,3,02186,1
20250707,3,02191,1
20250707,4,02112,1
20250707,4,02116,1
20250707,4,02122,1
20250707,4,02171,1
20250707,5,02112,1
20250707,5,02139,1
20250707,5,02143,1
20250707,5,02172,1
20250707,5,02179,1
20250707,5,02186,1
20250707,6,02111,1
20250707,6,02112,2
20250707,6,02116,1
20250707,6,02148,1
20250707,6,02159,1
20250707,6,02185,1
20250707,6,02186,2
20250707,6,02191,2
20250707,6,03310,1
20250707,6,03802,2
20250707,7,02111,1
20250707,7,02122,2
20250707,7,02139,3
20250707,7,02143,2
20250707,7,02148,2
20250707,7,02179,1
20250707,7,02185,2
20250707,7,02191,1
20250707,7,02198,4
20250707,7,03310,3
20250707,7,03802,3
20250707,8,02112,3
20250707,8,02122,1
20250707,8,02129,1
20250707,8,02139,3
20250707,8,02143,1
20250707,8,02148,3
20250707,8,02171,4
20250707,8,02178,1
20250707,8,02179,2
20250707,8,02185,3
20250707,8,02186,1
20250707,8,02191,3
20250707,8,02198,1
20250707,8,03310,1
20250707,8,03311,3
20250707,8,03802,4
20250707,9,02111,1
20250707,9,02112,1
20250707,9,02128,3
20250707,9,02159,1
20250707,9,02171,3
20250707,9,02172,2
20250707,9,02179,1
20250707,9,02185,1
20250707,9,02191,2
20250707,9,02198,1
20250707,9,02199,1
20250707,9,03802,3
20250708,0,02111,1
20250708,0,02112,1
20250708,0,02116,1
20250708,0,02122,2
20250708,0,02139,1
20250708,0,02143,1
20250708,0,02148,1
20250708,0,02171,3
20250708,0,02172,2
20250708,0,02179,1
20250708,0,02185,1
20250708,0,02186,2
20250708,0,02198,2
20250708,0,02199,2
20250708,1,02111,2
20250708,1,02116,2
20250708,1,02122,1
20250708,1,02172,1
20250708,1,02179,1
20250708,1,02186,1
20250708,1,02191,1
20250708,1,02198,2
20250708,10,02116,1
20250708,10,02122,1
20250708,10,02128,1
20250708,10,02130,1
20250708,10,02139,1
20250708,10,02148,1
20250708,10,02159,1
20250708,10,02171,1
20250708,10,02172,1
20250708,10,02179,1
20250708,10,02185,1
20250708,10,02186,1
20250708,10,02198,1
20250708,10,03311,1
20250708,10,03802,4
20250708,11,02116,1
20250708,11,02122,1
20250708,11,02128,1
20250708,11,02129,1
20250708,11,02143,1
20250708,11,02148,1
20250708,11,02159,1
20250708,11,02171,1
20250708,11,02172,2
20250708,11,02178,1
20250708,11,02199,1
20250708,11,03310,1
20250708,11,03802,1
20250708,12,02111,2
20250708,12,02128,1
20250708,12,02129,1
20250708,12,02130,1
20250708,12,02139,1
20250708,12,02143,1
20250708,12,02159,1
20250708,12,02172,2
20250708,12,02178,1
20250708,12,02179,2
20250708,12,02186,2
20250708,12,02191,3
20250708,12,02198,1
20250708,12,03310,3
20250708,13,02111,1
20250708,13,02112,4
20250708,13,02116,1
20250708,13,02129,2
20250708,13,02143,1
20250708,13,02148,1
20250708,13,02171,2
20250708,13,02179,1
20250708,13,02191,1
20250708,13,03310,1
20250708,13,03311,1
20250708,14,02111,1
20250708,14,02116,1
20250708,14,02122,1
20250708,14,02129,3
20250708,14,02159,2
20250708,14,02171,1
20250708,14,02185,2
20250708,14,02191,1
20250708,14,02198,1
20250708,14,03310,2
20250708,14,03311,1
20250708,15,02111,1
20250708,15,02112,1
20250708,15,02116,1
20250708,15,02128,2
20250708,15,02129,1
20250708,15,02171,1
20250708,15,02172,1
20250708,15,02179,3
20250708,15,02185,1
20250708,15,03310,2
20250708,15,03311,2
20250708,16,02112,2
20250708,16,02128,2
20250708,16,02129,1
20250708,16,02139,1
20250708,16,02159,1
20250708,16,02172,3
20250708,16,02178,1
20250708,16,02179,1
20250708,16,03310,5
20250708,17,02111,3
20250708,17,02112,1
20250708,17,02122,2
20250708,17,02128,2
20250708,17,02129,3
20250708,17,02139,1
20250708,17,02148,1
20250708,17,02171,3
20250708,17,02178,1
20250708,17,02179,3
20250708,17,02185,6
20250708,17,02191,1
20250708,17,02198,1
20250708,17,03310,1
20250708,17,03311,3
20250708,18,02111,3
20250708,18,02112,1
20250708,18,02122,2
20250708,18,02130,2
20250708,18,02139,3
20250708,18,02159,2
20250708,18,02171,2
20250708,18,02172,2
20250708,18,02178,4
20250708,18,02179,3
20250708,18,02186,1
20250708,18,02198,1
20250708,18,03310,2
20250708,18,03311,5
20250708,18,03802,1
20250708,19,02111,2
20250708,19,02116,1
20250708,19,02139,1
20250708,19,02143,1
20250708,19,02148,1
20250708,19,02185,1
20250708,19,03802,1
20250708,2,02111,1
20250708,2,02128,1
20250708,2,02143,1
20250708,2,02159,1
20250708,2,02171,1
20250708,2,02179,1
20250708,2,02185,2
20250708,2,02186,1
20250708,2,02198,3
20250708,20,02111,2
20250708,20,02112,1
20250708,20,02122,1
20250708,20,02148,1
20250708,20,02159,1
20250708,20,02179,1
20250708,20,02198,2
20250708,21,02112,1
20250708,21,02116,1
20250708,21,02171,4
20250708,21,02172,1
20250708,21,02178,1
20250708,21,02179,1
20250708,21,02185,3
20250708,21,02186,1
20250708,21,02198,5
20250708,21,02199,3
20250708,21,03311,3
20250708,21,03802,2
20250708,22,02111,3
20250708,22,02116,1
20250708,22,02122,2
20250708,22,02128,1
20250708,22,02148,1
20250708,22,02171,2
20250708,22,02179,2
20250708,22,02186,1
20250708,22,02191,2
20250708,22,02198,2
20250708,22,02199,1
20250708,22,03311,5
20250708,23,02111,2
20250708,23,02116,2
20250708,23,02122,1
20250708,23,02171,2
20250708,23,02178,2
20250708,23,02179,3
20250708,23,02185,1
20250708,23,02191,2
20250708,23,02198,2
20250708,23,03311,3
20250708,3,02171,2
20250708,3,02179,1
20250708,4,02112,1
20250708,4,02122,1
20250708,4,02179,1
20250708,5,02111,1
20250708,5,02116,1
20250708,5,02122,1
20250708,5,02129,1
20250708,5,02139,2
20250708,5,02179,1
20250708,5,02185,1
20250708,6,02111,1
20250708,6,02112,1
20250708,6,02116,1
20250708,6,02122,1
20250708,6,02128,1
20250708,6,02159,1
20250708,6,02179,1
20250708,6,02185,1
20250708,6,02191,1
20250708,6,02198,1
20250708,6,03310,1
20250708,6,03802,1
20250708,7,02116,1
20250708,7,02122,2
20250708,7,02128,2
20250708,7,02139,4
20250708,7,02143,1
20250708,7,02148,1
20250708,7,02171,1
20250708,7,02179,1
20250708,7,02186,2
20250708,7,02191,2
20250708,7,02198,3
20250708,7,03310,3
20250708,7,03802,4
20250708,8,02111,1
20250708,8,02112,3
20250708,8,02128,1
20250708,8,02129,1
20250708,8,02139,1
20250708,8,02143,2
20250708,8,02148,2
20250708,8,02171,2
20250708,8,02179,2
20250708,8,02185,5
20250708,8,02191,3
20250708,8,02198,1
20250708,8,03311,1
20250708,8,03802,4
20250708,9,02122,1
20250708,9,02128,2
20250708,9,02143,1
20250708,9,02148,1
20250708,9,02171,1
20250708,9,02178,2
20250708,9,02179,1
20250708,9,02185,2
20250708,9,02191,4
20250708,9,02198,2
20250708,9,02199,1
20250708,9,03310,1
20250708,9,03802,1
20250709,0,02111,3
20250709,0,02112,1
20250709,0,02116,1
20250709,0,02122,1
20250709,0,02139,1
20250709,0,02179,3
20250709,0,02186,1
20250709,0,02198,3
20250709,0,02199,2
20250709,0,03311,1
20250709,1,02111,3
20250709,1,02116,1
20250709,1,02139,1
20250709,1,02148,1
20250709,1,02171,2
20250709,1,02178,1
20250709,1,02179,1
20250709,1,02185,2
20250709,1,02191,1
20250709,1,02198,1
20250709,1,02199,1
20250709,1,03311,1
20250709,10,02111,3
20250709,10,02116,1
20250709,10,02130,1
20250709,10,02159,1
20250709,10,02171,1
20250709,10,02186,2
20250709,10,02191,2
20250709,10,02198,1
20250709,10,03311,1
20250709,10,03802,1
20250709,11,02111,2
20250709,11,02112,1
20250709,11,02122,1
20250709,11,02128,1
20250709,11,02148,1
20250709,11,02159,1
20250709,11,02171,1
20250709,11,02172,1
20250709,11,02178,1
20250709,11,02179,1
20250709,11,02191,3
20250709,11,03802,2
20250709,12,02122,1
20250709,12,02129,1
20250709,12,02143,1
20250709,12,02171,2
20250709,12,02172,1
20250709,12,02179,2
20250709,12,02186,1
20250709,12,02191,1
20250709,12,03311,2
20250709,12,03802,2
20250709,13,02112,2
20250709,13,02116,1
20250709,13,02122,1
20250709,13,02129,1
20250709,13,02143,2
20250709,13,02148,1
20250709,13,02171,1
20250709,13,02178,2
20250709,13,02179,2
20250709,13,02185,3
20250709,13,02199,1
20250709,13,03802,1
20250709,14,02111,1
20250709,14,02116,1
20250709,14,02129,1
20250709,14,02148,1
20250709,14,02171,1
20250709,14,02178,1
20250709,14,02185,1
20250709,14,02191,1
20250709,14,03311,1
20250709,15,02111,4
20250709,15,02112,1
20250709,15,02116,1
20250709,15,02129,1
20250709,15,02130,1
20250709,15,02148,1
20250709,15,02159,1
20250709,15,02178,1
20250709,15,02191,1
20250709,15,02198,3
20250709,15,03311,3
20250709,16,02111,1
20250709,16,02112,1
20250709,16,02128,1
20250709,16,02139,1
20250709,16,02148,1
20250709,16,02171,4
20250709,16,02172,2
20250709,16,02185,1
20250709,16,02199,1
20250709,17,02111,2
20250709,17,02112,1
20250709,17,02116,2
20250709,17,02128,1
20250709,17,02139,4
20250709,17,02143,1
20250709,17,02148,1
20250709,17,02171,2
20250709,17,02172,1
20250709,17,02178,1
20250709,17,02179,4
20250709,17,02185,2
20250709,17,02191,3
20250709,17,03311,3
20250709,18,02111,1
20250709,18,02116,1
20250709,18,02122,1
20250709,18,02128,1
20250709,18,02139,1
20250709,18,02143,1
20250709,18,02148,2
20250709,18,02171,1
20250709,18,02172,1
20250709,18,02178,4
20250709,18,02179,1
20250709,18,02185,3
20250709,18,02186,1
20250709,18,02191,3
20250709,18,02198,2
20250709,18,03311,9
20250709,18,03802,4
20250709,19,02111,1
20250709,19,02112,3
20250709,19,02116,3
20250709,19,02139,4
20250709,19,02171,5
20250709,19,02172,4
20250709,19,02179,1
20250709,19,02185,4
20250709,19,02186,2
20250709,19,02191,3
20250709,19,02198,3
20250709,19,03311,3
20250709,19,03802,2
20250709,2,02116,1
20250709,2,02128,1
20250709,2,02179,3
20250709,2,02185,4
20250709,2,03311,1
20250709,20,02111,2
20250709,20,02112,4
20250709,20,02116,5
20250709,20,02122,2
20250709,20,02128,1
20250709,20,02129,2
20250709,20,02130,1
20250709,20,02148,1
20250709,20,02159,1
20250709,20,02171,5
20250709,20,02172,2
20250709,20,02178,7
20250709,20,02179,2
20250709,20,02185,4
20250709,20,02186,3
20250709,20,02191,3
20250709,20,02198,2
20250709,20,02199,1
20250709,20,03310,1
20250709,20,03311,1
20250709,20,03802,1
20250709,21,02111,4
20250709,21,02112,2
20250709,21,02116,2
20250709,21,02128,4
20250709,21,02129,1
20250709,21,02148,2
20250709,21,02171,1
20250709,21,02172,1
20250709,21,02178,1
20250709,21,02179,3
20250709,21,02185,1
20250709,21,02186,1
20250709,21,02191,2
20250709,21,02198,3
20250709,21,03311,1
20250709,22,02111,2
20250709,22,02112,2
20250709,22,02116,3
20250709,22,02122,3
20250709,22,02129,1
20250709,22,02139,2
20250709,22,02143,2
20250709,22,02148,1
20250709,22,02159,2
20250709,22,02171,5
20250709,22,02172,3
20250709,22,02178,2
20250709,22,02179,3
20250709,22,02185,4
20250709,22,02191,2
20250709,22,02198,1
20250709,22,03310,1
20250709,22,03311,5
20250709,22,03802,2
20250709,23,02111,3
20250709,23,02112,3
20250709,23,02116,1
20250709,23,02122,2
20250709,23,02139,2
20250709,23,02148,1
20250709,23,02171,1
20250709,23,02179,2
20250709,23,02186,3
20250709,23,02191,2
20250709,23,02198,1
20250709,23,03311,1
20250709,3,02111,1
20250709,3,02179,2
20250709,3,02185,2
20250709,3,02198,1
20250709,4,02159,1
20250709,4,02191,1
20250709,4,02199,1
20250709,5,02172,1
20250709,5,02179,1
20250709,6,02111,1
20250709,6,02112,1
20250709,6,02116,1
20250709,6,02139,2
20250709,6,02143,1
20250709,6,02159,1
20250709,6,02172,2
20250709,6,02191,2
20250709,6,02198,1
20250709,6,03310,1
20250709,6,03802,2
20250709,7,02111,1
20250709,7,02112,2
20250709,7,02122,1
20250709,7,02148,1
20250709,7,02179,2
20250709,7,02185,1
20250709,7,02186,1
20250709,7,02191,3
20250709,7,02198,3
20250709,7,03802,5
20250709,8,02111,1
20250709,8,02122,1
20250709,8,02128,1
20250709,8,02143,1
20250709,8,02148,3
20250709,8,02171,3
20250709,8,02179,4
20250709,8,02185,6
20250709,8,02191,3
20250709,8,02198,2
20250709,8,03311,1
20250709,8,03802,1
20250709,9,02112,1
20250709,9,02116,1
20250709,9,02122,1
20250709,9,02128,1
20250709,9,02148,1
20250709,9,02171,1
20250709,9,02172,1
20250709,9,02178,1
20250709,9,02179,1
20250709,9,02185,1
20250709,9,02191,3
20250709,9,02198,1
20250709,9,02199,1
20250709,9,03311,1
20250709,9,03802,1
20250710,0,02111,1
20250710,0,02112,2
20250710,0,02116,2
20250710,0,02148,1
20250710,0,02159,1
20250710,0,02172,2
20250710,0,02178,2
20250710,0,02179,2
20250710,0,02191,1
20250710,0,02198,2
20250710,0,02199,1
20250710,0,03310,1
20250710,1,02111,1
20250710,1,02116,1
20250710,1,02122,1
20250710,1,02143,2
20250710,1,02148,1
20250710,1,02171,1
20250710,1,02179,2
20250710,1,02185,1
20250710,10,02111,1
20250710,10,02112,1
20250710,10,02116,1
20250710,10,02128,1
20250710,10,02139,1
20250710,10,02148,4
20250710,10,02171,3
20250710,10,02172,1
20250710,10,02178,2
20250710,10,02179,1
20250710,10,02185,1
20250710,10,02186,1
20250710,10,02191,1
20250710,10,03802,1
20250710,11,02111,3
20250710,11,02112,3
20250710,11,02128,2
20250710,11,02129,1
20250710,11,02148,2
20250710,11,02171,2
20250710,11,02178,1
20250710,11,02179,2
20250710,11,03311,1
20250710,12,02111,2
20250710,12,02122,1
20250710,12,02129,1
20250710,12,02148,1
20250710,12,02171,2
20250710,12,02179,2
20250710,12,02185,1
20250710,12,02191,1
20250710,12,02198,4
20250710,12,03311,1
20250710,13,02111,3
20250710,13,02116,1
20250710,13,02129,1
20250710,13,02148,1
20250710,13,02172,1
20250710,13,02179,1
20250710,13,02185,1
20250710,13,03311,1
20250710,14,02111,1
20250710,14,02128,1
20250710,14,02129,1
20250710,14,02148,2
20250710,14,02171,3
20250710,14,02178,1
20250710,14,02179,1
20250710,14,02185,2
20250710,14,02186,1
20250710,14,02198,1
20250710,14,03311,2
20250710,15,02111,2
20250710,15,02112,2
20250710,15,02116,1
20250710,15,02122,2
20250710,15,02128,1
20250710,15,02148,1
20250710,15,02171,1
20250710,15,02172,1
20250710,15,02179,1
20250710,15,02185,2
20250710,15,02191,3
20250710,15,03311,2
20250710,16,02111,3
20250710,16,02112,1
20250710,16,02128,1
20250710,16,02129,2
20250710,16,02130,1
20250710,16,02159,1
20250710,16,02172,2
20250710,16,02178,1
20250710,16,02179,1
20250710,16,02185,1
20250710,16,02186,1
20250710,16,02191,1
20250710,16,02198,2
20250710,16,02199,1
20250710,16,03311,1
20250710,17,02111,3
20250710,17,02122,1
20250710,17,02129,3
20250710,17,02139,2
20250710,17,02148,3
20250710,17,02159,1
20250710,17,02171,1
20250710,17,02172,3
20250710,17,02178,1
20250710,17,02179,2
20250710,17,02185,2
20250710,17,02191,1
20250710,17,02198,1
20250710,18,02111,3
20250710,18,02112,2
20250710,18,02116,4
20250710,18,02122,3
20250710,18,02128,1
20250710,18,02129,2
20250710,18,02139,2
20250710,18,02143,3
20250710,18,02148,2
20250710,18,02159,4
20250710,18,02171,6
20250710,18,02172,2
20250710,18,02178,1
20250710,18,02179,2
20250710,18,02185,1
20250710,18,02186,2
20250710,18,02191,2
20250710,18,02198,1
20250710,18,03310,2
20250710,18,03311,8
20250710,19,02111,3
20250710,19,02112,4
20250710,19,02116,5
20250710,19,02122,3
20250710,19,02130,3
20250710,19,02143,1
20250710,19,02148,3
20250710,19,02159,1
20250710,19,02171,4
20250710,19,02178,1
20250710,19,02179,2
20250710,19,02185,1
20250710,19,02186,1
20250710,19,02191,1
20250710,19,02198,2
20250710,19,02199,2
20250710,19,03310,2
20250710,19,03311,2
20250710,19,03802,2
20250710,2,02111,4
20250710,2,02179,2
20250710,2,02185,1
20250710,2,02191,1
20250710,2,02198,3
20250710,20,02111,3
20250710,20,02112,3
20250710,20,02122,4
20250710,20,02128,1
20250710,20,02129,2
20250710,20,02139,1
20250710,20,02148,1
20250710,20,02159,1
20250710,20,02171,4
20250710,20,02172,3
20250710,20,02179,3
20250710,20,02185,3
20250710,20,02186,1
20250710,20,02198,3
20250710,20,03310,1
20250710,20,03802,4
20250710,21,02111,5
20250710,21,02112,4
20250710,21,02122,2
20250710,21,02143,1
20250710,21,02148,2
20250710,21,02159,1
20250710,21,02171,3
20250710,21,02178,7
20250710,21,02179,4
20250710,21,02185,3
20250710,21,02191,1
20250710,21,02198,2
20250710,21,03310,1
20250710,21,03311,5
20250710,21,03802,4
20250710,22,02111,2
20250710,22,02112,2
20250710,22,02122,4
20250710,22,02128,2
20250710,22,02129,2
20250710,22,02139,2
20250710,22,02143,2
20250710,22,02148,2
20250710,22,02171,5
20250710,22,02178,2
20250710,22,02179,2
20250710,22,02185,3
20250710,22,02191,6
20250710,22,02198,2
20250710,22,03311,4
20250710,23,02112,3
20250710,23,02116,2
20250710,23,02128,1
20250710,23,02148,1
20250710,23,02159,1
20250710,23,02171,2
20250710,23,02172,1
20250710,23,02178,2
20250710,23,02179,2
20250710,23,02185,2
20250710,23,02186,1
20250710,23,02191,2
20250710,23,02198,2
20250710,23,03311,4
20250710,3,02111,1
20250710,3,02143,1
20250710,3,02185,1
20250710,3,02198,1
20250710,3,03310,1
20250710,4,02111,1
20250710,4,02112,1
20250710,4,02122,1
20250710,4,02171,1
20250710,4,02185,1
20250710,4,02191,1
20250710,4,02198,1
20250710,5,02128,1
20250710,5,02171,1
20250710,5,02186,1
20250710,5,03310,1
20250710,6,02111,1
20250710,6,02116,1
20250710,6,02128,1
20250710,6,02139,2
20250710,6,02179,1
20250710,6,02185,1
20250710,6,02191,2
20250710,6,02198,1
20250710,6,03310,3
20250710,6,03802,2
20250710,7,02122,1
20250710,7,02128,1
20250710,7,02139,4
20250710,7,02143,1
20250710,7,02148,1
20250710,7,02171,1
20250710,7,02185,3
20250710,7,02191,2
20250710,7,02198,5
20250710,7,03310,3
20250710,7,03802,3
20250710,8,02111,1
20250710,8,02112,1
20250710,8,02116,1
20250710,8,02122,1
20250710,8,02129,2
20250710,8,02139,1
20250710,8,02148,3
20250710,8,02171,2
20250710,8,02179,1
20250710,8,02185,5
20250710,8,02191,3
20250710,8,03310,2
20250710,8,03311,1
20250710,8,03802,6
20250710,9,02128,1
20250710,9,02148,1
20250710,9,02171,1
20250710,9,02178,1
20250710,9,02185,3
20250710,9,02191,2
20250710,9,02198,2
20250710,9,03310,2
20250710,9,03802,1
20250711,0,02111,2
20250711,0,02112,5
20250711,0,02128,4
20250711,0,02139,1
20250711,0,02148,1
20250711,0,02171,4
20250711,0,02172,1
20250711,0,02178,2
20250711,0,02179,1
20250711,0,02185,2
20250711,0,02191,1
20250711,0,02198,2
20250711,1,02111,2
20250711,1,02143,2
20250711,1,02185,1
20250711,1,02186,2
20250711,10,02116,2
20250711,10,02122,1
20250711,10,02129,1
20250711,10,02148,1
20250711,10,02171,3
20250711,10,02172,2
20250711,10,02179,1
20250711,10,02185,1
20250711,10,02186,1
20250711,10,02191,2
20250711,10,02198,2
20250711,10,03310,1
20250711,10,03311,2
20250711,10,03802,1
20250711,11,02111,1
20250711,11,02112,2
20250711,11,02116,1
20250711,11,02139,1
20250711,11,02143,1
20250711,11,02171,1
20250711,11,02178,1
20250711,11,02179,2
20250711,11,02185,1
20250711,11,02191,1
20250711,11,03311,2
20250711,11,03802,2
20250711,12,02111,2
20250711,12,02122,2
20250711,12,02143,1
20250711,12,02148,1
20250711,12,02159,1
20250711,12,02171,4
20250711,12,02179,1
20250711,12,02185,1
20250711,12,02186,1
20250711,12,02191,2
20250711,12,02198,1
20250711,12,03311,3
20250711,12,03802,1
20250711,13,02111,4
20250711,13,02112,2
20250711,13,02143,1
20250711,13,02159,1
20250711,13,02171,2
20250711,13,02172,3
20250711,13,02178,1
20250711,13,02191,1
20250711,13,02198,1
20250711,13,02199,1
20250711,13,03310,1
20250711,14,02111,3
20250711,14,02116,1
20250711,14,02139,1
20250711,14,02172,1
20250711,14,02179,1
20250711,14,02185,1
20250711,14,02191,1
20250711,14,03310,1
20250711,14,03311,3
20250711,15,02111,3
20250711,15,02112,4
20250711,15,02116,1
20250711,15,02122,1
20250711,15,02128,1
20250711,15,02143,1
20250711,15,02148,3
20250711,15,02185,1
20250711,15,03311,2
20250711,15,03802,2
20250711,16,02111,1
20250711,16,02122,1
20250711,16,02129,1
20250711,16,02148,1
20250711,16,02171,1
20250711,16,02172,2
20250711,16,02178,2
20250711,16,02179,4
20250711,16,02185,2
20250711,16,02199,1
20250711,16,03310,1
20250711,16,03311,4
20250711,17,02111,1
20250711,17,02128,1
20250711,17,02130,2
20250711,17,02139,2
20250711,17,02143,1
20250711,17,02148,1
20250711,17,02171,2
20250711,17,02179,1
20250711,17,02185,1
20250711,17,02186,1
20250711,17,02191,2
20250711,17,02198,1
20250711,17,03311,2
20250711,18,02111,5
20250711,18,02112,2
20250711,18,02116,1
20250711,18,02122,2
20250711,18,02128,1
20250711,18,02130,2
20250711,18,02139,1
20250711,18,02148,2
20250711,18,02171,7
20250711,18,02178,1
20250711,18,02179,5
20250711,18,02186,1
20250711,18,02191,1
20250711,18,03310,3
20250711,18,03311,5
20250711,18,03802,1
20250711,19,02111,3
20250711,19,02112,3
20250711,19,02116,4
20250711,19,02128,2
20250711,19,02159,1
20250711,19,02171,1
20250711,19,02172,4
20250711,19,02179,4
20250711,19,02185,3
20250711,19,02186,1
20250711,19,02191,5
20250711,19,02198,4
20250711,19,02199,2
20250711,19,03311,4
20250711,19,03802,2
20250711,2,02111,1
20250711,2,02116,1
20250711,2,02122,1
20250711,2,02139,1
20250711,2,02159,1
20250711,2,02171,2
20250711,2,02179,1
20250711,2,02185,4
20250711,2,02198,4
20250711,20,02111,3
20250711,20,02112,6
20250711,20,02116,2
20250711,20,02122,1
20250711,20,02128,1
20250711,20,02130,4
20250711,20,02139,1
20250711,20,02143,1
20250711,20,02148,2
20250711,20,02159,1
20250711,20,02171,1
20250711,20,02172,2
20250711,20,02178,2
20250711,20,02179,9
20250711,20,02185,3
20250711,20,02186,3
20250711,20,02191,1
20250711,20,02198,2
20250711,20,03310,2
20250711,20,03311,1
20250711,20,03802,1
20250711,21,02111,3
20250711,21,02112,1
20250711,21,02128,2
20250711,21,02130,3
20250711,21,02139,1
20250711,21,02148,1
20250711,21,02171,3
20250711,21,02172,2
20250711,21,02178,3
20250711,21,02179,3
20250711,21,02185,3
20250711,21,02186,3
20250711,21,02191,2
20250711,21,02198,2
20250711,21,02199,1
20250711,21,03310,2
20250711,21,03311,2
20250711,21,03802,1
20250711,22,02111,2
20250711,22,02112,4
20250711,22,02116,1
20250711,22,02122,4
20250711,22,02128,1
20250711,22,02129,1
20250711,22,02130,1
20250711,22,02148,2
20250711,22,02159,1
20250711,22,02171,2
20250711,22,02172,1
20250711,22,02178,2
20250711,22,02179,2
20250711,22,02186,1
20250711,22,02191,3
20250711,22,02198,5
20250711,22,02199,1
20250711,22,03311,2
20250711,22,03802,2
20250711,23,02111,2
20250711,23,02112,2
20250711,23,02122,2
20250711,23,02139,1
20250711,23,02148,2
20250711,23,02171,4
20250711,23,02172,2
20250711,23,02178,1
20250711,23,02179,2
20250711,23,02185,1
20250711,23,02186,1
20250711,23,02198,2
20250711,3,02111,2
20250711,3,02112,1
20250711,3,02185,1
20250711,4,02112,1
20250711,4,02159,1
20250711,4,02179,1
20250711,4,02185,1
20250711,4,02186,1
20250711,4,02191,1
20250711,4,02198,1
20250711,4,03311,1
20250711,5,02128,1
20250711,5,02129,1
20250711,5,02139,2
20250711,5,02171,1
20250711,5,02172,1
20250711,5,02178,1
20250711,5,02179,1
20250711,5,02198,1
20250711,5,03310,1
20250711,6,02111,3
20250711,6,02116,1
20250711,6,02129,1
20250711,6,02159,1
20250711,6,02171,1
20250711,6,02185,1
20250711,6,02186,1
20250711,6,02191,3
20250711,6,03310,5
20250711,6,03311,1
20250711,7,02112,1
20250711,7,02122,1
20250711,7,02139,2
20250711,7,02148,1
20250711,7,02185,2
20250711,7,02186,1
20250711,7,02191,4
20250711,7,02198,2
20250711,7,03310,1
20250711,7,03311,1
20250711,7,03802,3
20250711,8,02111,2
20250711,8,02112,4
20250711,8,02122,1
20250711,8,02128,1
20250711,8,02129,1
20250711,8,02139,1
20250711,8,02143,1
20250711,8,02171,3
20250711,8,02172,2
20250711,8,02179,1
20250711,8,02185,6
20250711,8,02191,4
20250711,8,03310,2
20250711,8,03802,1
20250711,9,02111,2
20250711,9,02112,1
20250711,9,02116,1
20250711,9,02122,2
20250711,9,02139,1
20250711,9,02143,1
20250711,9,02159,1
20250711,9,02171,2
20250711,9,02179,1
20250711,9,02185,1
20250711,9,02191,1
20250711,9,02198,2
20250711,9,02199,1
20250712,0,02116,1
20250712,0,02122,1
20250712,0,02171,4
20250712,0,02178,2
20250712,0,02179,1
20250712,0,02191,1
20250712,0,02198,2
20250712,1,02111,4
20250712,1,02112,3
20250712,1,02116,2
20250712,1,02128,3
20250712,1,02139,1
20250712,1,02171,6
20250712,1,02179,3
20250712,1,02186,1
20250712,1,02191,1
20250712,1,02198,3
20250712,1,03311,2
20250712,10,02122,3
20250712,10,02139,3
20250712,10,02143,1
20250712,10,02159,1
20250712,10,02171,1
20250712,10,02172,1
20250712,10,02178,2
20250712,10,02179,1
20250712,10,02185,2
20250712,10,02199,3
20250712,10,03310,1
20250712,10,03311,1
20250712,10,03802,2
20250712,11,02116,1
20250712,11,02129,1
20250712,11,02139,1
20250712,11,02171,1
20250712,11,02172,2
20250712,11,02179,2
20250712,11,02186,3
20250712,11,02199,1
20250712,11,03310,2
20250712,11,03311,1
20250712,12,02111,3
20250712,12,02139,2
20250712,12,02148,1
20250712,12,02172,3
20250712,12,02179,1
20250712,12,02185,1
20250712,12,02186,1
20250712,12,02198,1
20250712,12,03310,2
20250712,13,02111,1
20250712,13,02122,1
20250712,13,02128,1
20250712,13,02148,1
20250712,13,02171,1
20250712,13,02172,2
20250712,13,02178,1
20250712,13,02179,1
20250712,13,02185,4
20250712,13,02186,1
20250712,13,03310,2
20250712,14,02111,2
20250712,14,02112,2
20250712,14,02122,1
20250712,14,02128,2
20250712,14,02129,1
20250712,14,02139,1
20250712,14,02171,3
20250712,14,02172,2
20250712,14,02179,2
20250712,14,02185,3
20250712,14,02191,3
20250712,14,02198,2
20250712,14,02199,2
20250712,14,03310,2
20250712,14,03311,1
20250712,15,02111,5
20250712,15,02116,1
20250712,15,02139,1
20250712,15,02143,1
20250712,15,02148,2
20250712,15,02171,2
20250712,15,02172,3
20250712,15,02185,2
20250712,15,02186,3
20250712,15,02191,2
20250712,15,02198,2
20250712,15,03310,1
20250712,16,02112,1
20250712,16,02116,1
20250712,16,02122,1
20250712,16,02129,3
20250712,16,02143,2
20250712,16,02171,4
20250712,16,02172,4
20250712,16,02178,1
20250712,16,02186,2
20250712,16,02191,1
20250712,16,02198,3
20250712,16,03310,3
20250712,16,03311,1
20250712,17,02112,1
20250712,17,02122,2
20250712,17,02128,1
20250712,17,02148,3
20250712,17,02159,1
20250712,17,02171,2
20250712,17,02178,2
20250712,17,02179,5
20250712,17,02185,1
20250712,17,02186,5
20250712,17,02191,2
20250712,17,02198,2
20250712,17,03310,2
20250712,17,03311,6
20250712,17,03802,2
20250712,18,02111,4
20250712,18,02112,3
20250712,18,02116,1
20250712,18,02122,1
20250712,18,02139,1
20250712,18,02148,1
20250712,18,02159,1
20250712,18,02171,5
20250712,18,02172,3
20250712,18,02179,2
20250712,18,02198,1
20250712,18,02199,1
20250712,18,03311,2
20250712,18,03802,1
20250712,19,02111,3
20250712,19,02112,2
20250712,19,02116,1
20250712,19,02122,2
20250712,19,02128,1
20250712,19,02139,1
20250712,19,02143,1
20250712,19,02148,1
20250712,19,02159,1
20250712,19,02171,5
20250712,19,02178,1
20250712,19,02179,5
20250712,19,02185,5
20250712,19,02186,2
20250712,19,02191,1
20250712,19,03311,1
20250712,2,02116,1
20250712,2,02122,3
20250712,2,02128,3
20250712,2,02171,1
20250712,2,02178,1
20250712,2,02179,1
20250712,2,02185,2
20250712,2,02198,1
20250712,2,03311,1
20250712,20,02111,3
20250712,20,02112,4
20250712,20,02116,1
20250712,20,02129,1
20250712,20,02139,1
20250712,20,02143,1
20250712,20,02159,1
20250712,20,02172,3
20250712,20,02178,1
20250712,20,02179,5
20250712,20,02185,4
20250712,20,02186,1
20250712,20,02191,6
20250712,20,02198,1
20250712,20,02199,2
20250712,20,03311,2
20250712,21,02111,2
20250712,21,02116,1
20250712,21,02122,1
20250712,21,02128,1
20250712,21,02130,2
20250712,21,02171,10
20250712,21,02172,3
20250712,21,02178,2
20250712,21,02179,1
20250712,21,02185,6
20250712,21,02186,2
20250712,21,02191,1
20250712,21,02198,2
20250712,21,02199,1
20250712,21,03311,1
20250712,21,03802,1
20250712,22,02111,1
20250712,22,02112,3
20250712,22,02128,1
20250712,22,02148,1
20250712,22,02159,2
20250712,22,02171,3
20250712,22,02178,2
20250712,22,02179,3
20250712,22,02186,2
20250712,22,02191,2
20250712,22,02198,3
20250712,22,02199,2
20250712,22,03311,6
20250712,23,02111,1
20250712,23,02116,4
20250712,23,02122,1
20250712,23,02129,1
20250712,23,02139,1
20250712,23,02171,1
20250712,23,02179,4
20250712,23,02191,1
20250712,23,02198,1
20250712,23,03311,3
20250712,3,02112,1
20250712,3,02122,1
20250712,3,02128,1
20250712,3,02148,1
20250712,3,02185,1
20250712,3,02186,1
20250712,3,02199,1
20250712,4,02112,2
20250712,4,02116,1
20250712,4,02179,1
20250712,4,02191,2
20250712,5,02122,1
20250712,5,02186,2
20250712,5,02191,1
20250712,6,02111,1
20250712,6,02116,1
20250712,6,02178,1
20250712,6,02179,1
20250712,6,02185,3
20250712,6,02191,1
20250712,6,03311,1
20250712,6,03802,2
20250712,7,02112,1
20250712,7,02122,1
20250712,7,02130,2
20250712,7,02178,2
20250712,7,02179,2
20250712,7,02186,1
20250712,7,02191,2
20250712,7,03310,3
20250712,7,03802,1
20250712,8,02116,1
20250712,8,02130,1
20250712,8,02143,1
20250712,8,02172,2
20250712,8,02178,1
20250712,8,02186,1
20250712,8,02191,1
20250712,8,03310,3
20250712,9,02111,2
20250712,9,02116,1
20250712,9,02122,1
20250712,9,02129,1
20250712,9,02172,1
20250712,9,02178,1
20250712,9,02179,6
20250712,9,02191,1
20250712,9,02198,1
20250712,9,03310,2
20250712,9,03311,1
20250712,9,03802,2
20250713,0,02111,2
20250713,0,02112,1
20250713,0,02116,1
20250713,0,02130,3
20250713,0,02139,1
20250713,0,02159,1
20250713,0,02171,7
20250713,0,02172,1
20250713,0,02178,1
20250713,0,02179,4
20250713,0,02185,1
20250713,0,02186,2
20250713,0,02191,1
20250713,0,02198,2
20250713,0,03311,2
20250713,1,02116,1
20250713,1,02128,1
20250713,1,02143,2
20250713,1,02171,2
20250713,1,02172,1
20250713,1,02178,1
20250713,1,02185,2
20250713,1,02186,2
20250713,1,02191,2
20250713,1,03311,1
20250713,10,02111,1
20250713,10,02112,1
20250713,10,02122,1
20250713,10,02129,1
20250713,10,02148,3
20250713,10,02178,2
20250713,10,02179,5
20250713,10,02185,3
20250713,10,02191,2
20250713,10,02198,1
20250713,10,03310,3
20250713,10,03802,3
20250713,11,02111,1
20250713,11,02112,4
20250713,11,02116,1
20250713,11,02122,1
20250713,11,02130,1
20250713,11,02148,1
20250713,11,02171,1
20250713,11,02172,1
20250713,11,02178,2
20250713,11,02179,2
20250713,11,02186,4
20250713,11,02198,1
20250713,11,03311,1
20250713,11,03802,1
20250713,12,02112,4
20250713,12,02122,1
20250713,12,02129,3
20250713,12,02130,1
20250713,12,02139,2
20250713,12,02148,2
20250713,12,02159,1
20250713,12,02171,2
20250713,12,02172,6
20250713,12,02179,3
20250713,12,02185,3
20250713,12,02191,1
20250713,12,02198,2
20250713,12,03310,1
20250713,12,03311,1
20250713,13,02111,2
20250713,13,02122,1
20250713,13,02128,2
20250713,13,02130,2
20250713,13,02139,1
20250713,13,02148,1
20250713,13,02171,2
20250713,13,02172,2
20250713,13,02178,1
20250713,13,02179,1
20250713,13,02185,1
20250713,14,02112,1
20250713,14,02129,1
20250713,14,02148,1
20250713,14,02172,1
20250713,14,02178,1
20250713,14,02185,1
20250713,14,03311,2
20250713,15,02111,1
20250713,15,02112,1
20250713,15,02116,1
20250713,15,02148,1
20250713,15,02172,3
20250713,15,02178,1
20250713,15,02185,2
20250713,15,02186,1
20250713,15,03310,1
20250713,16,02116,2
20250713,16,02128,1
20250713,16,02129,1
20250713,16,02171,1
20250713,16,02178,2
20250713,16,02179,3
20250713,16,02186,1
20250713,16,02191,2
20250713,16,02198,1
20250713,16,03310,2
20250713,16,03311,3
20250713,17,02111,1
20250713,17,02112,2
20250713,17,02116,1
20250713,17,02122,4
20250713,17,02128,2
20250713,17,02139,1
20250713,17,02148,1
20250713,17,02159,1
20250713,17,02172,1
20250713,17,02178,1
20250713,17,02185,3
20250713,17,02186,1
20250713,17,02191,3
20250713,17,03310,2
20250713,17,03311,1
20250713,17,03802,1
20250713,18,02111,3
20250713,18,02112,2
20250713,18,02116,1
20250713,18,02128,2
20250713,18,02129,2
20250713,18,02130,1
20250713,18,02148,1
20250713,18,02171,7
20250713,18,02179,3
20250713,18,02185,2
20250713,18,02186,1
20250713,18,02191,1
20250713,18,02198,2
20250713,18,03311,3
20250713,19,02111,3
20250713,19,02116,2
20250713,19,02122,1
20250713,19,02128,3
20250713,19,02129,2
20250713,19,02139,1
20250713,19,02148,2
20250713,19,02159,3
20250713,19,02172,1
20250713,19,02178,2
20250713,19,02179,1
20250713,19,02185,1
20250713,19,02191,2
20250713,19,02198,1
20250713,19,03310,1
20250713,19,03311,1
20250713,2,02111,5
20250713,2,02128,1
20250713,2,02139,1
20250713,2,02171,1
20250713,2,02179,1
20250713,2,02191,1
20250713,2,02198,1
20250713,20,02111,1
20250713,20,02112,3
20250713,20,02128,2
20250713,20,02130,1
20250713,20,02139,1
20250713,20,02159,1
20250713,20,02171,4
20250713,20,02172,2
20250713,20,02178,3
20250713,20,02179,6
20250713,20,02185,5
20250713,20,02191,1
20250713,20,02198,2
20250713,20,02199,1
20250713,20,03310,1
20250713,20,03311,2
20250713,21,02111,1
20250713,21,02112,3
20250713,21,02116,1
20250713,21,02122,2
20250713,21,02128,1
20250713,21,02129,1
20250713,21,02130,3
20250713,21,02139,1
20250713,21,02148,1
20250713,21,02171,2
20250713,21,02172,1
20250713,21,02179,4
20250713,21,02185,5
20250713,21,02186,2
20250713,21,02191,2
20250713,21,02198,1
20250713,21,03310,1
20250713,21,03311,3
20250713,22,02111,3
20250713,22,02112,1
20250713,22,02128,2
20250713,22,02130,1
20250713,22,02143,1
20250713,22,02148,3
20250713,22,02171,2
20250713,22,02178,2
20250713,22,02185,6
20250713,22,02186,3
20250713,22,02191,2
20250713,22,02198,3
20250713,22,02199,1
20250713,22,03311,2
20250713,23,02128,1
20250713,23,02143,2
20250713,23,02148,2
20250713,23,02171,2
20250713,23,02172,2
20250713,23,02178,2
20250713,23,02179,2
20250713,23,02185,1
20250713,23,02186,1
20250713,23,02198,2
20250713,23,03311,5
20250713,3,02111,1
20250713,3,02143,1
20250713,3,02179,1
20250713,3,02185,1
20250713,3,02198,1
20250713,3,03310,1
20250713,3,03311,1
20250713,4,02112,1
20250713,4,02122,1
20250713,4,02139,1
20250713,4,02171,1
20250713,4,02198,2
20250713,5,02179,1
20250713,5,03311,1
20250713,6,02139,1
20250713,6,02171,1
20250713,6,02179,1
20250713,6,02185,1
20250713,6,02191,1
20250713,7,02116,1
20250713,7,02122,2
20250713,7,02128,1
20250713,7,02129,1
20250713,7,02130,1
20250713,7,02143,1
20250713,7,02171,2
20250713,7,02178,1
20250713,7,02191,2
20250713,8,02116,1
20250713,8,02122,2
20250713,8,02130,2
20250713,8,02139,1
20250713,8,02191,1
20250713,9,02122,1
20250713,9,02148,3
20250713,9,02171,1
20250713,9,02172,2
20250713,9,02185,2
20250714,0,02111,3
20250714,0,02112,3
20250714,0,02116,2
20250714,0,02128,1
20250714,0,02129,1
20250714,0,02139,1
20250714,0,02159,1
20250714,0,02171,4
20250714,0,02178,1
20250714,0,02179,2
20250714,0,02185,1
20250714,0,02186,1
20250714,0,02191,1
20250714,0,02198,2
20250714,0,03311,1
20250714,1,02111,2
20250714,1,02112,2
20250714,1,02128,1
20250714,1,02129,1
20250714,1,02171,1
20250714,1,02172,1
20250714,1,02179,5
20250714,1,02185,1
20250714,1,02198,2
20250714,1,03311,1
20250714,10,02111,2
20250714,10,02112,1
20250714,10,02116,1
20250714,10,02148,3
20250714,10,02171,1
20250714,10,02178,2
20250714,10,02185,1
20250714,10,02186,1
20250714,10,02191,3
20250714,10,02199,1
20250714,10,03311,1
20250714,10,03802,2
20250714,11,02111,2
20250714,11,02112,1
20250714,11,02122,1
20250714,11,02128,1
20250714,11,02130,2
20250714,11,02139,3
20250714,11,02159,2
20250714,11,02171,2
20250714,11,02172,1
20250714,11,02178,1
20250714,11,02185,6
20250714,11,02186,1
20250714,11,03310,4
20250714,11,03802,1
20250714,12,02111,1
20250714,12,02122,1
20250714,12,02129,1
20250714,12,02130,1
20250714,12,02139,1
20250714,12,02143,1
20250714,12,02172,2
20250714,12,02179,3
20250714,12,02185,1
20250714,12,02186,1
20250714,12,02191,1
20250714,12,02198,2
20250714,13,02111,1
20250714,13,02148,1
20250714,13,02171,2
20250714,13,02172,1
20250714,13,02178,1
20250714,13,03310,2
20250714,14,02111,1
20250714,14,03311,1
20250714,14,03802,1
20250714,15,02159,1
20250714,15,02185,1
20250714,15,03311,1
20250714,16,02171,1
20250714,17,02116,1
20250714,17,02139,1
20250714,17,03310,1
20250714,18,02129,1
20250714,18,02171,1
20250714,18,02185,1
20250714,18,02186,1
20250714,19,02128,1
20250714,19,02171,1
20250714,2,02128,2
20250714,2,02185,2
20250714,2,02186,1
20250714,2,02191,1
20250714,2,03310,1
20250714,20,02111,1
20250714,20,02148,2
20250714,21,02122,1
20250714,21,02172,1
20250714,21,02178,1
20250714,21,02185,1
20250714,21,02191,1
20250714,22,02178,1
20250714,23,02179,1
20250714,23,02185,1
20250714,3,02116,2
20250714,3,02128,1
20250714,3,02139,1
20250714,3,02159,1
20250714,3,02185,1
20250714,3,03310,1
20250714,4,02112,1
20250714,4,02122,1
20250714,4,02191,1
20250714,5,02112,2
20250714,5,02122,1
20250714,5,02128,1
20250714,5,02159,1
20250714,5,02185,1
20250714,5,02186,1
20250714,5,02191,2
20250714,5,03310,1
20250714,6,02111,1
20250714,6,02112,1
20250714,6,02116,1
20250714,6,02129,1
20250714,6,02139,1
20250714,6,02143,1
20250714,6,02148,2
20250714,6,02159,1
20250714,6,02186,1
20250714,6,02191,1
20250714,6,03310,2
20250714,6,03802,2
20250714,7,02111,1
20250714,7,02112,2
20250714,7,02116,1
20250714,7,02122,2
20250714,7,02139,3
20250714,7,02143,1
20250714,7,02148,1
20250714,7,02171,1
20250714,7,02172,1
20250714,7,02178,1
20250714,7,02179,1
20250714,7,02185,3
20250714,7,02186,1
20250714,7,02191,2
20250714,7,02198,3
20250714,7,03310,3
20250714,7,03311,3
20250714,7,03802,4
20250714,8,02111,4
20250714,8,02112,3
20250714,8,02122,2
20250714,8,02128,1
20250714,8,02139,1
20250714,8,02148,2
20250714,8,02171,1
20250714,8,02179,2
20250714,8,02185,6
20250714,8,02186,1
20250714,8,02191,4
20250714,8,03310,2
20250714,8,03311,3
20250714,8,03802,4
20250714,9,02111,1
20250714,9,02112,1
20250714,9,02116,1
20250714,9,02128,2
20250714,9,02129,1
20250714,9,02130,1
20250714,9,02148,1
20250714,9,02171,2
20250714,9,02172,1
20250714,9,02179,3
20250714,9,02185,2
20250714,9,02198,1
20250714,9,02199,1
20250714,9,03310,1
20250714,9,03311,1
20250714,9,03802,1
20250715,0,02116,1
20250715,0,02179,1
20250715,1,02171,1
20250715,10,02111,1
20250715,10,02116,1
20250715,10,02148,1
20250715,10,02172,1
20250715,10,02179,1
20250715,10,02191,1
20250715,10,02199,1
20250715,11,02129,1
20250715,11,02143,1
20250715,11,02148,2
20250715,11,02159,1
20250715,11,02178,1
20250715,11,02179,1
20250715,11,02185,1
20250715,11,02191,1
20250715,12,02111,2
20250715,12,02116,1
20250715,12,02128,1
20250715,12,02143,1
20250715,12,02148,1
20250715,12,02172,2
20250715,12,02186,1
20250715,12,02191,1
20250715,12,02198,1
20250715,13,02143,1
20250715,13,02148,1
20250715,13,02178,1
20250715,13,02198,1
20250715,14,02112,1
20250715,14,02122,2
20250715,14,02178,1
20250715,14,03311,1
20250715,15,02111,2
20250715,15,02112,1
20250715,15,02116,1
20250715,15,02122,1
20250715,15,02143,1
20250715,15,02171,1
20250715,15,02185,3
20250715,15,02186,1
20250715,15,03310,2
20250715,15,03311,2
20250715,16,02111,1
20250715,16,02112,1
20250715,16,02122,1
20250715,16,02128,3
20250715,16,02139,2
20250715,16,02143,2
20250715,16,02148,2
20250715,16,02171,2
20250715,16,02172,1
20250715,16,02178,1
20250715,16,02179,2
20250715,16,02185,2
20250715,16,02191,2
20250715,16,03310,2
20250715,17,02111,4
20250715,17,02112,1
20250715,17,02122,2
20250715,17,02128,4
20250715,17,02139,1
20250715,17,02171,3
20250715,17,02172,2
20250715,17,02178,3
20250715,17,02179,3
20250715,17,02185,3
20250715,17,02191,2
20250715,17,02198,1
20250715,17,03310,2
20250715,17,03311,3
20250715,18,02111,6
20250715,18,02122,4
20250715,18,02128,1
20250715,18,02129,1
20250715,18,02139,2
20250715,18,02143,1
20250715,18,02159,1
20250715,18,02171,1
20250715,18,02172,3
20250715,18,02178,4
20250715,18,02179,2
20250715,18,02185,4
20250715,18,02186,3
20250715,18,02191,3
20250715,18,02199,1
20250715,18,03310,2
20250715,18,03311,2
20250715,19,02111,2
20250715,19,02112,2
20250715,19,02116,2
20250715,19,02122,3
20250715,19,02128,2
20250715,19,02139,2
20250715,19,02148,3
20250715,19,02171,2
20250715,19,02172,3
20250715,19,02178,1
20250715,19,02179,4
20250715,19,02185,4
20250715,19,02186,3
20250715,19,02198,2
20250715,19,03310,3
20250715,19,03311,9
20250715,19,03802,2
20250715,2,02171,1
20250715,2,02179,1
20250715,2,02185,1
20250715,2,02198,1
20250715,20,02111,3
20250715,20,02112,2
20250715,20,02122,5
20250715,20,02129,1
20250715,20,02130,1
20250715,20,02143,1
20250715,20,02159,1
20250715,20,02171,5
20250715,20,02172,4
20250715,20,02179,2
20250715,20,02185,4
20250715,20,02186,3
20250715,20,02191,1
20250715,20,02198,1
20250715,20,03310,1
20250715,20,03311,3
20250715,20,03802,3
20250715,21,02111,2
20250715,21,02112,3
20250715,21,02116,1
20250715,21,02122,1
20250715,21,02128,3
20250715,21,02129,1
20250715,21,02148,1
20250715,21,02171,5
20250715,21,02172,1
20250715,21,02178,3
20250715,21,02179,1
20250715,21,02185,3
20250715,21,02191,7
20250715,21,02198,3
20250715,21,03311,5
20250715,21,03802,3
20250715,22,02111,3
20250715,22,02112,2
20250715,22,02116,2
20250715,22,02122,3
20250715,22,02128,1
20250715,22,02129,2
20250715,22,02143,1
20250715,22,02148,2
20250715,22,02159,3
20250715,22,02171,3
20250715,22,02172,2
20250715,22,02178,2
20250715,22,02179,2
20250715,22,02185,3
20250715,22,02186,1
20250715,22,02191,2
20250715,22,02198,5
20250715,22,03310,2
20250715,22,03311,7
20250715,22,03802,1
20250715,23,02111,4
20250715,23,02112,2
20250715,23,02116,1
20250715,23,02128,1
20250715,23,02148,2
20250715,23,02159,1
20250715,23,02171,3
20250715,23,02179,2
20250715,23,02185,2
20250715,23,02191,1
20250715,23,02198,1
20250715,23,03310,2
20250715,23,03311,2
20250715,3,02148,1
20250715,3,02191,1
20250715,3,03310,1
20250715,3,03311,1
20250715,4,02122,1
20250715,4,02191,2
20250715,5,02185,1
20250715,5,02186,1
20250715,6,02111,1
20250715,6,02116,1
20250715,6,02143,1
20250715,6,02159,1
20250715,6,02171,2
20250715,6,02185,1
20250715,6,03310,1
20250715,6,03802,2
20250715,7,02111,1
20250715,7,02116,1
20250715,7,02122,1
20250715,7,02128,1
20250715,7,02178,1
20250715,7,02186,1
20250715,7,02198,2
20250715,7,03310,1
20250715,7,03802,2
20250715,8,02112,3
20250715,8,02128,2
20250715,8,02143,1
20250715,8,02148,1
20250715,8,02171,3
20250715,8,02179,2
20250715,8,02185,3
20250715,8,02191,1
20250715,8,02198,2
20250715,8,03310,2
20250715,8,03311,1
20250715,8,03802,2
20250715,9,02122,2
20250715,9,02128,1
20250715,9,02129,1
20250715,9,02148,2
20250715,9,02171,2
20250715,9,02172,1
20250715,9,02178,2
20250715,9,02186,2
20250715,9,02191,2
20250715,9,02198,1
20250716,0,02111,4
20250716,0,02112,1
20250716,0,02116,4
20250716,0,02122,1
20250716,0,02128,1
20250716,0,02129,1
20250716,0,02130,1
20250716,0,02139,2
20250716,0,02159,1
20250716,0,02171,2
20250716,0,02172,1
20250716,0,02179,2
20250716,0,02185,2
20250716,0,02186,2
20250716,0,02198,1
20250716,0,03311,1
20250716,1,02111,4
20250716,1,02116,1
20250716,1,02122,1
20250716,1,02129,1
20250716,1,02171,1
20250716,1,02178,1
20250716,1,02186,1
20250716,1,02198,1
20250716,1,03311,1
20250716,10,02128,1
20250716,10,02139,1
20250716,10,02172,1
20250716,10,03802,1
20250716,11,02128,1
20250716,11,02178,1
20250716,11,02179,1
20250716,11,02191,1
20250716,11,02199,1
20250716,11,03310,1
20250716,11,03311,1
20250716,11,03802,2
20250716,12,02111,1
20250716,12,02122,1
20250716,12,02139,1
20250716,12,02159,2
20250716,12,02171,1
20250716,12,02179,2
20250716,12,02185,2
20250716,12,02198,2
20250716,12,03802,1
20250716,13,02111,1
20250716,13,02130,1
20250716,13,02179,1
20250716,13,03311,1
20250716,14,03310,1
20250716,14,03311,1
20250716,16,02171,1
20250716,18,02148,1
20250716,2,02111,1
20250716,2,02122,1
20250716,2,02139,1
20250716,2,02143,1
20250716,2,02159,1
20250716,2,02171,1
20250716,2,02179,2
20250716,2,02185,1
20250716,2,02186,1
20250716,2,02191,2
20250716,2,02198,1
20250716,2,03311,1
20250716,20,02112,1
20250716,20,03310,1
20250716,21,02111,1
20250716,21,02122,1
20250716,21,02171,1
20250716,21,02185,1
20250716,21,02186,2
20250716,22,02128,1
20250716,22,02178,1
20250716,22,02191,1
20250716,23,02116,1
20250716,23,03311,1
20250716,3,02185,2
20250716,3,02191,1
20250716,3,02198,2
20250716,3,03311,1
20250716,4,02116,1
20250716,4,02122,1
20250716,4,02171,1
20250716,4,02191,1
20250716,5,02112,1
20250716,5,03311,1
20250716,6,02111,1
20250716,6,02116,1
20250716,6,02139,1
20250716,6,02148,1
20250716,6,02159,2
20250716,6,02171,1
20250716,6,02179,1
20250716,6,02185,1
20250716,6,02191,3
20250716,6,03310,1
20250716,6,03802,2
20250716,7,02111,1
20250716,7,02116,1
20250716,7,02122,2
20250716,7,02128,1
20250716,7,02130,1
20250716,7,02139,1
20250716,7,02148,2
20250716,7,02178,1
20250716,7,02179,1
20250716,7,02185,2
20250716,7,02191,2
20250716,7,02198,3
20250716,7,03310,1
20250716,7,03802,3
20250716,8,02111,1
20250716,8,02116,1
20250716,8,02128,1
20250716,8,02139,1
20250716,8,02143,1
20250716,8,02148,2
20250716,8,02171,2
20250716,8,02172,1
20250716,8,02185,3
20250716,8,02186,1
20250716,8,02191,1
20250716,8,03310,4
20250716,8,03311,2
20250716,8,03802,4
20250716,9,02122,1
20250716,9,02128,1
20250716,9,02171,1
20250716,9,02178,1
20250716,9,02179,1
20250716,9,02185,1
20250716,9,02191,2
20250716,9,03310,1
20250716,9,03802,2
20250717,0,02139,1
20250717,0,02171,1
20250717,0,02178,1
20250717,1,02111,1
20250717,1,02148,1
20250717,10,02111,1
20250717,10,02128,1
20250717,11,02111,1
20250717,11,02128,1
20250717,11,02148,1
20250717,11,02159,1
20250717,11,02172,1
20250717,11,03310,2
20250717,12,02128,1
20250717,12,02148,1
20250717,12,02171,1
20250717,12,02179,1
20250717,12,02185,2
20250717,12,02198,1
20250717,14,02112,1
20250717,14,02116,1
20250717,14,02148,1
20250717,14,02171,1
20250717,14,02172,1
20250717,14,02179,2
20250717,14,02191,2
20250717,14,03311,2
20250717,15,02111,1
20250717,15,02122,1
20250717,15,02159,1
20250717,15,02171,1
20250717,15,02172,1
20250717,15,03311,3
20250717,16,02111,1
20250717,16,02112,1
20250717,16,02143,1
20250717,16,02171,1
20250717,16,03310,1
20250717,16,03311,2
20250717,17,02128,2
20250717,17,02139,1
20250717,17,02172,1
20250717,17,02178,1
20250717,17,02191,2
20250717,17,02199,1
20250717,17,03310,2
20250717,17,03311,2
20250717,18,02122,1
20250717,18,02139,3
20250717,18,02148,1
20250717,18,02171,2
20250717,18,02172,1
20250717,18,02178,1
20250717,18,02185,1
20250717,18,02186,1
20250717,18,02198,1
20250717,18,03310,1
20250717,18,03311,2
20250717,18,03802,1
20250717,19,02116,1
20250717,19,02128,1
20250717,19,02129,1
20250717,19,02172,1
20250717,2,02198,1
20250717,20,02112,1
20250717,20,02116,1
20250717,20,02186,1
20250717,21,02148,1
20250717,21,02172,1
20250717,21,02178,1
20250717,21,02186,1
20250717,22,02111,1
20250717,22,02122,1
20250717,22,02148,1
20250717,22,02171,1
20250717,22,02172,1
20250717,22,02179,1
20250717,22,02186,1
20250717,22,02191,1
20250717,22,02198,1
20250717,22,03311,2
20250717,23,02139,1
20250717,23,02171,3
20250717,23,02178,1
20250717,23,02179,1
20250717,23,02185,2
20250717,23,02198,1
20250717,23,03311,1
20250717,3,02111,1
20250717,4,02122,1
20250717,8,02171,1
20250717,8,03310,1
20250718,0,02139,1
20250718,0,02148,1
20250718,0,02172,1
20250718,0,02185,2
20250718,0,02191,1
20250718,0,02198,1
20250718,0,02199,1
20250718,1,02122,1
20250718,1,02129,1
20250718,1,02148,1
20250718,1,02171,3
20250718,1,02179,1
20250718,1,02185,1
20250718,1,02186,1
20250718,1,02198,1
20250718,1,03311,1
20250718,10,02122,1
20250718,10,02148,1
20250718,10,02186,1
20250718,10,02198,1
20250718,11,02148,1
20250718,11,03310,1
20250718,12,02112,1
20250718,12,02122,1
20250718,12,02148,1
20250718,12,02172,1
20250718,12,02178,2
20250718,12,02198,1
20250718,12,03802,3
20250718,13,02111,1
20250718,13,02116,1
20250718,13,02122,3
20250718,13,02129,1
20250718,13,02143,1
20250718,13,02148,1
20250718,13,02171,1
20250718,13,02179,2
20250718,13,03311,1
20250718,14,02111,1
20250718,14,02116,1
20250718,14,02159,1
20250718,14,02171,2
20250718,14,02178,2
20250718,14,02179,1
20250718,14,02185,1
20250718,14,02198,1
20250718,14,03311,2
20250718,15,02111,2
20250718,15,02112,1
20250718,15,02122,1
20250718,15,02128,1
20250718,15,02139,1
20250718,15,02148,1
20250718,15,02171,2
20250718,15,02179,1
20250718,15,02185,2
20250718,15,02198,1
20250718,15,03311,1
20250718,15,03802,1
20250718,16,02111,1
20250718,16,02112,1
20250718,16,02116,1
20250718,16,02122,1
20250718,16,02128,1
20250718,16,02148,1
20250718,16,02171,2
20250718,16,02172,1
20250718,16,02178,1
20250718,16,03311,1
20250718,17,02111,7
20250718,17,02112,1
20250718,17,02116,2
20250718,17,02129,1
20250718,17,02130,2
20250718,17,02139,2
20250718,17,02143,1
20250718,17,02159,1
20250718,17,02171,3
20250718,17,02172,1
20250718,17,02178,3
20250718,17,02179,3
20250718,17,02185,2
20250718,17,02191,1
20250718,17,02198,1
20250718,17,03310,1
20250718,17,03311,2
20250718,18,02111,2
20250718,18,02112,1
20250718,18,02116,1
20250718,18,02128,2
20250718,18,02130,1
20250718,18,02148,2
20250718,18,02171,6
20250718,18,02172,3
20250718,18,02178,4
20250718,18,02179,4
20250718,18,02185,5
20250718,18,02191,1
20250718,18,02198,5
20250718,18,03310,2
20250718,18,03311,4
20250718,19,02111,2
20250718,19,02112,3
20250718,19,02116,2
20250718,19,02128,3
20250718,19,02129,1
20250718,19,02143,1
20250718,19,02148,2
20250718,19,02171,2
20250718,19,02172,1
20250718,19,02179,1
20250718,19,02185,1
20250718,19,02186,4
20250718,19,02191,1
20250718,19,02198,1
20250718,19,03310,2
20250718,19,03311,5
20250718,19,03802,1
20250718,2,02111,1
20250718,2,02122,1
20250718,2,02128,1
20250718,2,02178,1
20250718,2,02179,1
20250718,2,02191,1
20250718,20,02111,1
20250718,20,02112,2
20250718,20,02116,1
20250718,20,02129,2
20250718,20,02130,2
20250718,20,02159,2
20250718,20,02171,3
20250718,20,02178,2
20250718,20,02179,3
20250718,20,02185,1
20250718,20,02186,1
20250718,20,02191,1
20250718,20,03310,1
20250718,20,03311,3
20250718,20,03802,2
20250718,21,02111,3
20250718,21,02112,1
20250718,21,02122,2
20250718,21,02129,1
20250718,21,02148,1
20250718,21,02159,2
20250718,21,02171,1
20250718,21,02172,1
20250718,21,02178,1
20250718,21,02185,1
20250718,21,02186,2
20250718,21,02198,3
20250718,21,02199,1
20250718,21,03311,2
20250718,22,02111,2
20250718,22,02112,2
20250718,22,02116,1
20250718,22,02128,1
20250718,22,02148,2
20250718,22,02159,1
20250718,22,02178,2
20250718,22,02179,3
20250718,22,02185,1
20250718,22,02186,2
20250718,22,02191,2
20250718,22,02198,2
20250718,22,03310,1
20250718,22,03311,1
20250718,22,03802,2
20250718,23,02111,1
20250718,23,02116,2
20250718,23,02122,1
20250718,23,02139,1
20250718,23,02148,1
20250718,23,02171,1
20250718,23,02178,1
20250718,23,02185,1
20250718,23,02191,1
20250718,23,02199,2
20250718,23,03310,1
20250718,23,03311,1
20250718,3,02116,1
20250718,3,02198,1
20250718,4,02191,1
20250718,6,02111,1
20250718,6,02159,1
20250718,6,02185,1
20250718,6,02191,1
20250718,6,02198,1
20250718,6,03802,1
20250718,7,02111,2
20250718,7,02112,1
20250718,7,02139,1
20250718,7,02171,1
20250718,7,02185,1
20250718,7,02186,1
20250718,7,02198,1
20250718,7,03802,1
20250718,8,02171,1
20250718,8,02185,1
20250718,8,02198,1
20250718,9,03310,1
20250719,0,02111,1
20250719,0,02116,1
20250719,0,02122,1
20250719,0,02171,1
20250719,0,02178,1
20250719,0,03311,1
20250719,1,03311,1
20250719,10,02129,1
20250719,10,02179,1
20250719,10,02185,1
20250719,10,02199,1
20250719,11,02198,1
20250719,11,03310,2
20250719,12,02112,1
20250719,12,02129,2
20250719,12,02199,1
20250719,12,03310,1
20250719,12,03802,1
20250719,13,02112,1
20250719,13,02122,2
20250719,13,02159,1
20250719,13,02171,1
20250719,13,02179,1
20250719,13,02191,1
20250719,13,02198,1
20250719,13,03310,1
20250719,14,02111,4
20250719,14,02112,1
20250719,14,02122,1
20250719,14,02128,1
20250719,14,02129,1
20250719,14,02159,1
20250719,14,02172,1
20250719,14,02178,1
20250719,14,02185,2
20250719,14,02198,2
20250719,14,03311,3
20250719,15,02111,1
20250719,15,02112,2
20250719,15,02122,1
20250719,15,02128,1
20250719,15,02178,2
20250719,15,02179,4
20250719,15,02185,2
20250719,15,02186,2
20250719,15,02199,1
20250719,15,03311,2
20250719,16,02111,1
20250719,16,02116,1
20250719,16,02122,2
20250719,16,02129,1
20250719,16,02139,1
20250719,16,02143,1
20250719,16,02148,1
20250719,16,02171,1
20250719,16,02172,1
20250719,16,03310,1
20250719,17,02116,1
20250719,17,02139,1
20250719,17,02148,1
20250719,17,02159,1
20250719,17,02171,1
20250719,17,02172,3
20250719,17,02178,1
20250719,17,02185,2
20250719,17,02186,1
20250719,17,02191,1
20250719,17,03310,2
20250719,17,03311,1
20250719,17,03802,1
20250719,18,02111,1
20250719,18,02112,2
20250719,18,02130,1
20250719,18,02148,2
20250719,18,02171,3
20250719,18,02172,1
20250719,18,02185,1
20250719,18,02191,2
20250719,18,02198,1
20250719,18,02199,3
20250719,18,03311,1
20250719,19,02111,5
20250719,19,02112,1
20250719,19,02116,1
20250719,19,02122,1
20250719,19,02129,2
20250719,19,02143,1
20250719,19,02171,4
20250719,19,02178,3
20250719,19,02179,3
20250719,19,02185,1
20250719,19,03311,1
20250719,20,02116,1
20250719,20,02122,1
20250719,20,02139,1
20250719,20,02159,1
20250719,20,02198,1
20250719,20,02199,1
20250719,20,03311,1
20250719,20,03802,2
20250719,21,02112,1
20250719,21,02116,2
20250719,21,02198,1
20250719,21,03802,2
20250719,22,02111,1
20250719,22,02172,1
20250719,22,02178,1
20250719,22,02191,1
20250719,23,02111,1
20250719,23,02128,1
20250719,23,02148,1
20250719,23,02172,1
20250719,23,02179,1
20250719,4,02191,1
20250719,6,02148,1
20250719,6,02185,1
20250719,6,03802,1
20250719,7,02191,1
20250719,8,02128,1
20250719,8,02172,2
20250719,9,02122,1
20250719,9,02129,1
20250719,9,02159,2
20250719,9,02185,1
20250719,9,03310,1
20250720,0,02111,1
20250720,0,02116,1
20250720,0,02159,1
20250720,0,02179,1
20250720,0,03311,1
20250720,1,02116,1
20250720,1,02198,1
20250720,10,02111,2
20250720,10,02112,1
20250720,10,02116,2
20250720,10,02122,1
20250720,10,02148,1
20250720,10,02172,1
20250720,10,02185,1
20250720,10,02186,1
20250720,10,02191,1
20250720,10,02198,1
20250720,10,03310,2
20250720,10,03311,3
20250720,10,03802,2
20250720,11,02129,1
20250720,11,02148,1
20250720,11,02171,1
20250720,11,02172,1
20250720,11,02186,2
20250720,11,02198,1
20250720,11,02199,1
20250720,11,03310,1
20250720,12,02111,4
20250720,12,02112,1
20250720,12,02116,1
20250720,12,02128,2
20250720,12,02148,2
20250720,12,02178,1
20250720,12,02179,1
20250720,12,02185,2
20250720,12,02186,1
20250720,12,02191,3
20250720,12,02198,1
20250720,12,03310,1
20250720,12,03311,1
20250720,12,03802,1
20250720,13,02111,4
20250720,13,02122,2
20250720,13,02143,2
20250720,13,02171,3
20250720,13,02172,1
20250720,13,02178,3
20250720,13,02179,1
20250720,13,02185,2
20250720,13,02186,1
20250720,13,02191,1
20250720,13,03310,3
20250720,14,02111,2
20250720,14,02116,1
20250720,14,02128,1
20250720,14,02139,1
20250720,14,02148,1
20250720,14,02171,2
20250720,14,02172,2
20250720,14,02178,1
20250720,14,02179,2
20250720,14,02185,2
20250720,14,02199,2
20250720,14,03311,3
20250720,15,02111,2
20250720,15,02112,2
20250720,15,02116,1
20250720,15,02122,4
20250720,15,02128,2
20250720,15,02130,1
20250720,15,02148,1
20250720,15,02171,4
20250720,15,02172,2
20250720,15,02178,1
20250720,15,02185,1
20250720,15,02186,1
20250720,15,02198,4
20250720,15,03311,2
20250720,16,02143,1
20250720,16,02148,2
20250720,16,02159,1
20250720,16,02171,1
20250720,16,02172,1
20250720,16,02178,1
20250720,16,02185,3
20250720,16,02191,2
20250720,16,02198,3
20250720,16,02199,1
20250720,16,03310,1
20250720,16,03311,1
20250720,17,02112,3
20250720,17,02116,1
20250720,17,02122,2
20250720,17,02129,1
20250720,17,02148,1
20250720,17,02171,3
20250720,17,02172,4
20250720,17,02179,2
20250720,17,02185,2
20250720,17,02186,4
20250720,17,02191,4
20250720,17,03310,2
20250720,17,03802,5
20250720,18,02111,2
20250720,18,02112,1
20250720,18,02116,2
20250720,18,02122,2
20250720,18,02128,1
20250720,18,02129,1
20250720,18,02139,1
20250720,18,02143,2
20250720,18,02148,2
20250720,18,02171,3
20250720,18,02172,1
20250720,18,02178,5
20250720,18,02179,1
20250720,18,02185,2
20250720,18,02186,1
20250720,18,02191,2
20250720,18,02198,1
20250720,18,02199,2
20250720,18,03311,1
20250720,19,02111,3
20250720,19,02112,4
20250720,19,02116,3
20250720,19,02122,3
20250720,19,02128,1
20250720,19,02129,1
20250720,19,02139,2
20250720,19,02143,1
20250720,19,02148,1
20250720,19,02159,1
20250720,19,02171,1
20250720,19,02172,1
20250720,19,02178,5
20250720,19,02179,5
20250720,19,02185,4
20250720,19,02191,1
20250720,19,02198,1
20250720,19,02199,1
20250720,19,03310,1
20250720,19,03311,3
20250720,2,02116,1
20250720,2,02143,1
20250720,2,02198,1
20250720,20,02111,6
20250720,20,02112,2
20250720,20,02116,1
20250720,20,02122,1
20250720,20,02128,1
20250720,20,02139,1
20250720,20,02143,1
20250720,20,02171,2
20250720,20,02172,2
20250720,20,02179,4
20250720,20,02185,5
20250720,20,02191,5
20250720,20,02198,1
20250720,20,02199,1
20250720,20,03310,1
20250720,20,03311,1
20250720,21,02111,1
20250720,21,02122,3
20250720,21,02128,4
20250720,21,02129,1
20250720,21,02148,3
20250720,21,02171,4
20250720,21,02172,1
20250720,21,02185,2
20250720,21,02191,1
20250720,21,02199,1
20250720,21,03311,4
20250720,22,02111,1
20250720,22,02112,1
20250720,22,02116,1
20250720,22,02143,1
20250720,22,02159,2
20250720,22,02171,1
20250720,22,02172,2
20250720,22,02178,1
20250720,22,02179,2
20250720,22,02185,2
20250720,22,02186,2
20250720,22,02191,1
20250720,22,02198,2
20250720,22,02199,2
20250720,22,03310,1
20250720,22,03311,3
20250720,23,02111,3
20250720,23,02130,1
20250720,23,02171,1
20250720,23,02178,2
20250720,23,02179,2
20250720,23,02186,1
20250720,23,02191,1
20250720,23,02198,4
20250720,23,03310,1
20250720,3,02179,1
20250720,5,03310,1
20250720,6,02139,1
20250720,6,02185,1
20250720,6,03310,1
20250720,7,02116,1
20250720,7,02122,1
20250720,7,02128,1
20250720,7,02179,1
20250720,7,02191,2
20250720,7,03310,2
20250720,7,03802,1
20250720,8,02116,2
20250720,8,02139,1
20250720,8,02185,1
20250720,8,02191,2
20250720,8,02198,2
20250720,8,03310,1
20250720,9,02116,1
20250720,9,02128,1
20250720,9,02143,1
20250720,9,02148,1
20250720,9,02171,1
20250720,9,02172,2
20250720,9,02185,1
20250720,9,02186,1
20250720,9,02191,2
20250720,9,03311,1
20250721,0,02112,2
20250721,0,02116,2
20250721,0,02122,1
20250721,0,02171,3
20250721,0,02172,1
20250721,0,02178,1
20250721,0,02179,1
20250721,0,02198,1
20250721,0,03311,1
20250721,1,02139,1
20250721,1,02143,1
20250721,1,02159,1
20250721,1,02171,1
20250721,1,02172,1
20250721,1,02191,1
20250721,1,02198,1
20250721,10,02111,1
20250721,10,02112,1
20250721,10,02128,1
20250721,10,02129,1
20250721,10,02139,1
20250721,10,02171,1
20250721,10,02172,1
20250721,10,02179,1
20250721,10,02185,1
20250721,10,02186,1
20250721,10,02191,2
20250721,10,02198,1
20250721,10,03311,1
20250721,10,03802,1
20250721,11,02111,2
20250721,11,02112,1
20250721,11,02116,1
20250721,11,02148,1
20250721,11,02159,1
20250721,11,02172,2
20250721,11,02178,1
20250721,11,02179,1
20250721,11,02185,1
20250721,11,02198,2
20250721,11,03311,2
20250721,12,02122,1
20250721,12,02148,5
20250721,12,02171,4
20250721,12,02178,3
20250721,12,02179,1
20250721,12,02185,1
20250721,12,02191,2
20250721,12,02198,4
20250721,12,02199,1
20250721,12,03310,1
20250721,12,03311,1
20250721,12,03802,2
20250721,13,02111,2
20250721,13,02112,1
20250721,13,02122,1
20250721,13,02129,2
20250721,13,02130,1
20250721,13,02143,1
20250721,13,02148,3
20250721,13,02171,1
20250721,13,02172,1
20250721,13,02179,1
20250721,13,02185,1
20250721,13,02198,2
20250721,13,03310,3
20250721,13,03311,1
20250721,14,02111,2
20250721,14,02112,1
20250721,14,02139,1
20250721,14,02143,1
20250721,14,02148,2
20250721,14,02171,1
20250721,14,02172,2
20250721,14,02179,3
20250721,14,02185,2
20250721,14,02191,2
20250721,14,02198,1
20250721,14,03311,1
20250721,15,02122,1
20250721,15,02139,1
20250721,15,02148,1
20250721,15,02171,2
20250721,15,02172,3
20250721,15,02178,3
20250721,15,02179,1
20250721,15,02185,3
20250721,15,02186,1
20250721,15,02191,1
20250721,15,02198,1
20250721,15,02199,1
20250721,15,03311,2
20250721,15,03802,1
20250721,16,02111,2
20250721,16,02112,1
20250721,16,02116,2
20250721,16,02128,3
20250721,16,02139,1
20250721,16,02143,1
20250721,16,02148,2
20250721,16,02171,2
20250721,16,02172,2
20250721,16,02179,1
20250721,16,02185,2
20250721,16,02191,2
20250721,16,02198,2
20250721,16,03310,2
20250721,16,03311,1
20250721,17,02111,2
20250721,17,02112,2
20250721,17,02116,1
20250721,17,02122,1
20250721,17,02129,1
20250721,17,02130,1
20250721,17,02139,1
20250721,17,02143,1
20250721,17,02148,1
20250721,17,02171,1
20250721,17,02172,2
20250721,17,02178,2
20250721,17,02179,1
20250721,17,02185,2
20250721,17,02186,1
20250721,17,02191,1
20250721,17,03310,3
20250721,17,03311,4
20250721,17,03802,1
20250721,18,02111,6
20250721,18,02112,1
20250721,18,02116,2
20250721,18,02122,4
20250721,18,02128,1
20250721,18,02129,1
20250721,18,02130,4
20250721,18,02139,3
20250721,18,02143,2
20250721,18,02148,2
20250721,18,02171,6
20250721,18,02172,1
20250721,18,02178,2
20250721,18,02179,1
20250721,18,02185,4
20250721,18,02186,1
20250721,18,02198,2
20250721,18,03310,3
20250721,18,03311,5
20250721,18,03802,1
20250721,19,02111,5
20250721,19,02112,2
20250721,19,02116,2
20250721,19,02128,3
20250721,19,02139,3
20250721,19,02148,1
20250721,19,02171,5
20250721,19,02172,1
20250721,19,02178,2
20250721,19,02179,2
20250721,19,02185,3
20250721,19,02186,3
20250721,19,02191,5
20250721,19,02198,2
20250721,19,03310,2
20250721,19,03311,3
20250721,19,03802,2
20250721,2,02111,1
20250721,2,02159,1
20250721,2,02171,2
20250721,2,03311,1
20250721,20,02112,4
20250721,20,02116,3
20250721,20,02122,2
20250721,20,02128,2
20250721,20,02129,3
20250721,20,02139,2
20250721,20,02148,4
20250721,20,02171,5
20250721,20,02172,1
20250721,20,02178,1
20250721,20,02179,2
20250721,20,02185,4
20250721,20,02186,1
20250721,20,02191,3
20250721,20,02198,4
20250721,20,03310,1
20250721,20,03311,2
20250721,20,03802,2
20250721,21,02111,1
20250721,21,02112,1
20250721,21,02116,3
20250721,21,02129,1
20250721,21,02130,2
20250721,21,02139,1
20250721,21,02143,1
20250721,21,02159,1
20250721,21,02171,4
20250721,21,02178,3
20250721,21,02185,4
20250721,21,02186,4
20250721,21,02191,2
20250721,21,02198,2
20250721,21,03311,1
20250721,22,02111,3
20250721,22,02112,1
20250721,22,02116,1
20250721,22,02122,1
20250721,22,02130,1
20250721,22,02139,1
20250721,22,02171,2
20250721,22,02172,1
20250721,22,02178,4
20250721,22,02185,1
20250721,22,02186,3
20250721,22,02191,1
20250721,22,02198,3
20250721,22,03311,6
20250721,22,03802,2
20250721,23,02111,4
20250721,23,02112,3
20250721,23,02116,2
20250721,23,02148,1
20250721,23,02171,3
20250721,23,02179,3
20250721,23,02185,4
20250721,23,02186,2
20250721,23,02191,3
20250721,23,03310,1
20250721,23,03311,3
20250721,3,02185,1
20250721,3,03311,1
20250721,4,02122,1
20250721,4,02185,1
20250721,4,02191,3
20250721,5,02172,1
20250721,5,02186,1
20250721,5,02191,1
20250721,5,02198,1
20250721,5,03311,1
20250721,6,02116,1
20250721,6,02122,1
20250721,6,02139,2
20250721,6,02143,1
20250721,6,02186,1
20250721,6,03310,2
20250721,6,03802,1
20250721,7,02112,1
20250721,7,02122,2
20250721,7,02128,1
20250721,7,02139,2
20250721,7,02148,1
20250721,7,02159,1
20250721,7,02171,3
20250721,7,02172,1
20250721,7,02185,2
20250721,7,02186,1
20250721,7,02191,1
20250721,7,02198,3
20250721,7,03310,1
20250721,7,03802,3
20250721,8,02112,1
20250721,8,02122,1
20250721,8,02128,2
20250721,8,02143,1
20250721,8,02148,1
20250721,8,02171,1
20250721,8,02172,2
20250721,8,02179,1
20250721,8,02185,3
20250721,8,02191,2
20250721,8,02198,1
20250721,8,03310,3
20250721,8,03311,3
20250721,8,03802,4
20250721,9,02112,1
20250721,9,02116,1
20250721,9,02122,2
20250721,9,02128,1
20250721,9,02139,1
20250721,9,02143,2
20250721,9,02171,4
20250721,9,02172,3
20250721,9,02178,1
20250721,9,02179,1
20250721,9,02185,3
20250721,9,02198,1
20250721,9,03310,1
20250721,9,03311,1
20250722,0,02112,3
20250722,0,02116,3
20250722,0,02139,1
20250722,0,02148,3
20250722,0,02171,3
20250722,0,02172,1
20250722,0,02179,1
20250722,0,02185,2
20250722,0,02186,1
20250722,0,02198,1
20250722,0,02199,1
20250722,0,03311,1
20250722,1,02111,1
20250722,1,02116,2
20250722,1,02128,1
20250722,1,02179,1
20250722,1,02186,1
20250722,1,02191,2
20250722,1,02198,2
20250722,10,02112,1
20250722,10,02116,1
20250722,10,02128,1
20250722,10,02139,1
20250722,10,02148,2
20250722,10,02171,1
20250722,10,02172,1
20250722,10,02185,1
20250722,10,02198,2
20250722,10,02199,1
20250722,10,03310,4
20250722,10,03311,1
20250722,11,02111,1
20250722,11,02122,1
20250722,11,02130,1
20250722,11,02172,2
20250722,11,02178,1
20250722,11,02185,1
20250722,11,02191,1
20250722,11,02198,1
20250722,11,03802,2
20250722,12,02111,1
20250722,12,02112,2
20250722,12,02122,1
20250722,12,02171,1
20250722,12,02179,1
20250722,12,02185,2
20250722,12,02186,1
20250722,12,02191,1
20250722,12,02198,2
20250722,12,03310,3
20250722,12,03311,2
20250722,13,02112,1
20250722,13,02122,2
20250722,13,02128,1
20250722,13,02129,1
20250722,13,02148,1
20250722,13,02171,3
20250722,13,02185,1
20250722,13,03310,2
20250722,13,03311,1
20250722,14,02129,1
20250722,14,02143,1
20250722,14,02159,1
20250722,14,02171,1
20250722,14,02185,3
20250722,14,02186,1
20250722,14,02191,1
20250722,14,02198,1
20250722,14,03310,2
20250722,14,03311,2
20250722,15,02111,3
20250722,15,02112,3
20250722,15,02128,1
20250722,15,02129,1
20250722,15,02130,1
20250722,15,02148,1
20250722,15,02159,1
20250722,15,02171,2
20250722,15,02172,2
20250722,15,02179,2
20250722,15,02185,2
20250722,15,03311,1
20250722,16,02111,1
20250722,16,02112,2
20250722,16,02122,1
20250722,16,02130,1
20250722,16,02171,2
20250722,16,02172,2
20250722,16,02179,2
20250722,16,02185,1
20250722,16,02186,1
20250722,16,02198,1
20250722,16,03310,2
20250722,16,03311,1
20250722,17,02111,4
20250722,17,02116,2
20250722,17,02128,1
20250722,17,02129,1
20250722,17,02139,2
20250722,17,02143,1
20250722,17,02148,1
20250722,17,02171,1
20250722,17,02172,2
20250722,17,02178,3
20250722,17,02179,2
20250722,17,02185,2
20250722,17,02186,1
20250722,17,02191,2
20250722,17,03310,3
20250722,17,03311,2
20250722,18,02111,4
20250722,18,02112,2
20250722,18,02116,2
20250722,18,02122,2
20250722,18,02128,1
20250722,18,02129,8
20250722,18,02130,1
20250722,18,02139,1
20250722,18,02148,5
20250722,18,02171,2
20250722,18,02172,2
20250722,18,02178,6
20250722,18,02179,1
20250722,18,02185,3
20250722,18,02186,1
20250722,18,02191,5
20250722,18,02199,1
20250722,18,03310,1
20250722,18,03311,5
20250722,18,03802,4
20250722,19,02111,1
20250722,19,02112,4
20250722,19,02116,1
20250722,19,02122,2
20250722,19,02128,3
20250722,19,02129,2
20250722,19,02139,1
20250722,19,02148,4
20250722,19,02159,1
20250722,19,02171,7
20250722,19,02172,1
20250722,19,02178,6
20250722,19,02179,1
20250722,19,02185,3
20250722,19,02186,3
20250722,19,02191,2
20250722,19,02198,1
20250722,19,02199,2
20250722,19,03311,2
20250722,19,03802,3
20250722,2,02111,1
20250722,2,02116,1
20250722,2,02128,1
20250722,2,02139,2
20250722,2,02171,1
20250722,2,02179,1
20250722,2,02185,2
20250722,2,02186,1
20250722,2,02191,1
20250722,2,02198,1
20250722,20,02111,4
20250722,20,02112,3
20250722,20,02116,1
20250722,20,02129,1
20250722,20,02143,1
20250722,20,02159,1
20250722,20,02171,5
20250722,20,02172,1
20250722,20,02178,2
20250722,20,02179,6
20250722,20,02185,1
20250722,20,02186,1
20250722,20,02191,3
20250722,20,02198,1
20250722,20,03310,4
20250722,20,03311,2
20250722,20,03802,3
20250722,21,02111,3
20250722,21,02112,3
20250722,21,02116,1
20250722,21,02122,3
20250722,21,02128,1
20250722,21,02139,1
20250722,21,02143,1
20250722,21,02148,4
20250722,21,02159,1
20250722,21,02171,3
20250722,21,02172,6
20250722,21,02179,1
20250722,21,02185,10
20250722,21,02186,4
20250722,21,02191,2
20250722,21,02198,4
20250722,21,03802,3
20250722,22,02111,8
20250722,22,02112,1
20250722,22,02116,3
20250722,22,02122,3
20250722,22,02128,1
20250722,22,02129,1
20250722,22,02139,2
20250722,22,02148,2
20250722,22,02159,1
20250722,22,02171,3
20250722,22,02172,3
20250722,22,02178,2
20250722,22,02185,2
20250722,22,02191,5
20250722,22,02198,3
20250722,22,03310,1
20250722,22,03311,1
20250722,22,03802,1
20250722,23,02111,1
20250722,23,02122,3
20250722,23,02128,1
20250722,23,02139,1
20250722,23,02148,1
20250722,23,02159,1
20250722,23,02171,3
20250722,23,02178,1
20250722,23,02179,2
20250722,23,02185,2
20250722,23,02191,2
20250722,23,02198,1
20250722,23,02199,1
20250722,23,03311,4
20250722,3,02112,1
20250722,3,02148,1
20250722,3,02178,1
20250722,3,02185,1
20250722,3,02191,1
20250722,4,02111,2
20250722,4,02122,1
20250722,4,02148,1
20250722,4,02191,1
20250722,5,02112,2
20250722,5,02116,1
20250722,5,02128,1
20250722,5,02139,1
20250722,5,02143,2
20250722,5,02159,1
20250722,5,02179,2
20250722,5,02186,1
20250722,5,03310,1
20250722,6,02111,1
20250722,6,02122,2
20250722,6,02128,1
20250722,6,02139,2
20250722,6,02143,2
20250722,6,02172,2
20250722,6,02191,2
20250722,6,02198,1
20250722,6,03310,2
20250722,6,03802,2
20250722,7,02112,1
20250722,7,02122,1
20250722,7,02128,1
20250722,7,02139,2
20250722,7,02148,2
20250722,7,02159,1
20250722,7,02171,1
20250722,7,02179,1
20250722,7,02185,3
20250722,7,02186,2
20250722,7,02191,3
20250722,7,02198,2
20250722,7,03310,2
20250722,7,03311,1
20250722,7,03802,4
20250722,8,02111,2
20250722,8,02112,2
20250722,8,02122,1
20250722,8,02128,1
20250722,8,02129,1
20250722,8,02143,1
20250722,8,02148,2
20250722,8,02159,1
20250722,8,02171,5
20250722,8,02172,1
20250722,8,02179,2
20250722,8,02185,4
20250722,8,02191,4
20250722,8,02198,1
20250722,8,03310,5
20250722,8,03311,3
20250722,8,03802,2
20250722,9,02111,1
20250722,9,02112,3
20250722,9,02122,1
20250722,9,02128,2
20250722,9,02129,1
20250722,9,02171,2
20250722,9,02178,3
20250722,9,02185,2
20250722,9,02191,5
20250722,9,02198,2
20250722,9,02199,2
20250722,9,03310,1
20250722,9,03802,3
20250723,0,02111,2
20250723,0,02112,2
20250723,0,02116,2
20250723,0,02129,1
20250723,0,02139,1
20250723,0,02171,2
20250723,0,02172,1
20250723,0,02179,4
20250723,0,02185,2
20250723,0,03311,2
20250723,1,02111,2
20250723,1,02128,2
20250723,1,02139,1
20250723,1,02171,2
20250723,1,02172,1
20250723,1,02179,1
20250723,1,02185,1
20250723,1,02186,1
20250723,1,02191,1
20250723,1,02198,3
20250723,1,02199,1
20250723,10,02111,3
20250723,10,02112,1
20250723,10,02116,1
20250723,10,02143,1
20250723,10,02148,1
20250723,10,02171,1
20250723,10,02172,3
20250723,10,02179,1
20250723,10,02185,3
20250723,10,02191,1
20250723,10,02198,1
20250723,10,03311,1
20250723,10,03802,2
20250723,11,02111,1
20250723,11,02112,2
20250723,11,02116,1
20250723,11,02128,2
20250723,11,02139,1
20250723,11,02159,1
20250723,11,02178,1
20250723,11,02179,1
20250723,11,02191,1
20250723,11,03802,2
20250723,12,02116,1
20250723,12,02122,2
20250723,12,02128,2
20250723,12,02129,1
20250723,12,02130,2
20250723,12,02148,1
20250723,12,02159,1
20250723,12,02171,2
20250723,12,02172,1
20250723,12,02178,1
20250723,12,02179,3
20250723,12,02185,1
20250723,12,02186,1
20250723,12,02191,2
20250723,12,02198,1
20250723,13,02116,1
20250723,13,02128,1
20250723,13,02130,1
20250723,13,02143,1
20250723,13,02148,1
20250723,13,02159,1
20250723,13,02171,3
20250723,13,02172,1
20250723,13,02179,2
20250723,13,02185,3
20250723,13,03310,1
20250723,13,03311,1
20250723,14,02111,1
20250723,14,02122,2
20250723,14,02128,2
20250723,14,02129,1
20250723,14,02139,1
20250723,14,02148,2
20250723,14,02171,3
20250723,14,02178,1
20250723,14,02179,2
20250723,14,02185,1
20250723,14,02191,1
20250723,14,03310,1
20250723,14,03311,1
20250723,15,02111,4
20250723,15,02112,3
20250723,15,02116,2
20250723,15,02122,1
20250723,15,02129,1
20250723,15,02148,2
20250723,15,02172,2
20250723,15,02179,1
20250723,15,02185,1
20250723,15,03310,2
20250723,15,03802,1
20250723,16,02111,1
20250723,16,02116,1
20250723,16,02129,1
20250723,16,02130,1
20250723,16,02143,1
20250723,16,02171,1
20250723,16,02172,3
20250723,16,02185,1
20250723,16,02198,1
20250723,16,02199,1
20250723,16,03310,3
20250723,16,03311,2
20250723,17,02111,3
20250723,17,02116,1
20250723,17,02129,1
20250723,17,02143,2
20250723,17,02148,2
20250723,17,02171,1
20250723,17,02172,6
20250723,17,02178,3
20250723,17,02179,2
20250723,17,02185,2
20250723,17,02191,2
20250723,17,02198,2
20250723,17,03310,1
20250723,17,03311,3
20250723,18,02111,4
20250723,18,02116,1
20250723,18,02122,3
20250723,18,02130,1
20250723,18,02139,1
20250723,18,02143,3
20250723,18,02159,1
20250723,18,02171,8
20250723,18,02172,1
20250723,18,02178,4
20250723,18,02179,4
20250723,18,02185,3
20250723,18,02186,1
20250723,18,02198,1
20250723,18,03310,3
20250723,18,03311,5
20250723,18,03802,1
20250723,19,02111,4
20250723,19,02112,3
20250723,19,02116,1
20250723,19,02122,3
20250723,19,02128,1
20250723,19,02130,1
20250723,19,02139,1
20250723,19,02143,1
20250723,19,02148,4
20250723,19,02159,1
20250723,19,02171,7
20250723,19,02172,2
20250723,19,02178,1
20250723,19,02179,3
20250723,19,02185,2
20250723,19,02186,1
20250723,19,02191,2
20250723,19,02198,1
20250723,19,02199,1
20250723,19,03310,2
20250723,19,03311,2
20250723,19,03802,3
20250723,2,02116,1
20250723,2,02122,1
20250723,2,02128,1
20250723,2,02139,1
20250723,2,02143,1
20250723,2,02178,1
20250723,2,02185,1
20250723,2,03310,1
20250723,20,02111,1
20250723,20,02112,3
20250723,20,02116,1
20250723,20,02122,1
20250723,20,02128,1
20250723,20,02129,1
20250723,20,02130,1
20250723,20,02148,3
20250723,20,02159,1
20250723,20,02171,3
20250723,20,02172,3
20250723,20,02178,3
20250723,20,02179,2
20250723,20,02186,1
20250723,20,02191,2
20250723,20,02198,3
20250723,20,02199,2
20250723,20,03310,1
20250723,20,03311,1
20250723,20,03802,1
20250723,21,02111,4
20250723,21,02112,4
20250723,21,02116,1
20250723,21,02122,1
20250723,21,02129,1
20250723,21,02143,2
20250723,21,02148,2
20250723,21,02171,8
20250723,21,02172,2
20250723,21,02178,3
20250723,21,02179,4
20250723,21,02186,5
20250723,21,02191,1
20250723,21,02198,1
20250723,21,03310,1
20250723,21,03311,2
20250723,22,02112,7
20250723,22,02116,2
20250723,22,02122,1
20250723,22,02128,2
20250723,22,02129,1
20250723,22,02139,1
20250723,22,02143,2
20250723,22,02159,1
20250723,22,02171,5
20250723,22,02178,1
20250723,22,02179,1
20250723,22,02185,2
20250723,22,02186,1
20250723,22,02191,2
20250723,22,03802,3
20250723,23,02111,2
20250723,23,02112,2
20250723,23,02116,5
20250723,23,02122,2
20250723,23,02128,2
20250723,23,02139,2
20250723,23,02148,1
20250723,23,02171,3
20250723,23,02178,1
20250723,23,02179,1
20250723,23,02185,8
20250723,23,02186,1
20250723,23,02191,1
20250723,23,02199,2
20250723,23,03311,3
20250723,3,02116,1
20250723,3,02191,1
20250723,3,03310,1
20250723,4,02122,1
20250723,4,02185,1
20250723,4,02191,1
20250723,5,02159,1
20250723,5,02186,1
20250723,5,03310,1
20250723,6,02111,2
20250723,6,02122,2
20250723,6,02129,1
20250723,6,02143,2
20250723,6,02148,3
20250723,6,02191,1
20250723,6,02198,2
20250723,6,02199,1
20250723,6,03310,1
20250723,6,03802,1
20250723,7,02112,1
20250723,7,02122,1
20250723,7,02139,3
20250723,7,02148,2
20250723,7,02171,1
20250723,7,02178,1
20250723,7,02179,1
20250723,7,02185,5
20250723,7,02186,2
20250723,7,02191,3
20250723,7,02198,3
20250723,7,03802,2
20250723,8,02111,1
20250723,8,02112,1
20250723,8,02122,1
20250723,8,02139,1
20250723,8,02143,2
20250723,8,02148,1
20250723,8,02171,2
20250723,8,02179,1
20250723,8,02185,5
20250723,8,02191,3
20250723,8,02198,1
20250723,8,02199,1
20250723,8,03311,3
20250723,8,03802,2
20250723,9,02111,1
20250723,9,02112,1
20250723,9,02116,2
20250723,9,02122,1
20250723,9,02128,3
20250723,9,02148,1
20250723,9,02171,3
20250723,9,02172,2
20250723,9,02178,1
20250723,9,02185,1
20250723,9,02191,1
20250723,9,02198,1
20250723,9,02199,1
20250723,9,03311,1
20250723,9,03802,2
20250724,0,02111,1
20250724,0,02112,1
20250724,0,02116,3
20250724,0,02139,1
20250724,0,02143,1
20250724,0,02148,1
20250724,0,02171,4
20250724,0,02179,1
20250724,0,02186,1
20250724,0,02198,1
20250724,1,02111,1
20250724,1,02112,1
20250724,1,02116,1
20250724,1,02139,1
20250724,1,02171,2
20250724,1,02172,1
20250724,1,02179,2
20250724,1,02185,1
20250724,1,02186,2
20250724,1,02191,2
20250724,10,02111,1
20250724,10,02116,3
20250724,10,02122,1
20250724,10,02128,1
20250724,10,02148,1
20250724,10,02171,4
20250724,10,02172,1
20250724,10,02178,1
20250724,10,02179,1
20250724,10,02185,1
20250724,10,02186,1
20250724,10,03802,2
20250724,11,02111,2
20250724,11,02112,1
20250724,11,02116,2
20250724,11,02129,1
20250724,11,02139,3
20250724,11,02159,1
20250724,11,02172,1
20250724,11,02178,2
20250724,11,02186,1
20250724,11,02198,3
20250724,11,02199,2
20250724,11,03310,1
20250724,11,03311,1
20250724,12,02112,2
20250724,12,02116,2
20250724,12,02122,1
20250724,12,02128,2
20250724,12,02139,1
20250724,12,02171,3
20250724,12,02178,2
20250724,12,02179,2
20250724,12,02185,1
20250724,12,02186,2
20250724,12,02191,2
20250724,12,02198,2
20250724,12,03311,3
20250724,13,02111,2
20250724,13,02122,1
20250724,13,02128,1
20250724,13,02130,1
20250724,13,02171,1
20250724,13,02172,1
20250724,13,02178,1
20250724,13,02179,2
20250724,13,02185,1
20250724,13,02198,1
20250724,13,03310,1
20250724,13,03311,2
20250724,14,02112,1
20250724,14,02122,1
20250724,14,02128,2
20250724,14,02130,1
20250724,14,02148,1
20250724,14,02171,1
20250724,14,02172,1
20250724,14,02179,1
20250724,14,02185,1
20250724,14,02199,1
20250724,14,03311,1
20250724,15,02111,1
20250724,15,02122,1
20250724,15,02139,1
20250724,15,02143,1
20250724,15,02148,3
20250724,15,02172,1
20250724,15,02178,1
20250724,15,02185,1
20250724,15,02186,1
20250724,15,02191,1
20250724,15,03310,4
20250724,15,03311,2
20250724,16,02111,1
20250724,16,02112,1
20250724,16,02128,2
20250724,16,02159,1
20250724,16,02171,1
20250724,16,02172,2
20250724,16,02178,1
20250724,16,02179,3
20250724,16,02191,1
20250724,16,02198,2
20250724,16,03310,1
20250724,16,03311,1
20250724,16,03802,1
20250724,17,02111,1
20250724,17,02112,1
20250724,17,02116,1
20250724,17,02128,1
20250724,17,02139,1
20250724,17,02159,1
20250724,17,02171,3
20250724,17,02172,1
20250724,17,02178,4
20250724,17,02179,5
20250724,17,02185,1
20250724,17,02191,1
20250724,17,02198,1
20250724,17,02199,1
20250724,17,03310,1
20250724,17,03311,3
20250724,18,02111,1
20250724,18,02112,1
20250724,18,02116,1
20250724,18,02122,3
20250724,18,02148,3
20250724,18,02171,6
20250724,18,02172,1
20250724,18,02178,6
20250724,18,02179,2
20250724,18,02185,1
20250724,18,02191,3
20250724,18,03310,1
20250724,18,03311,7
20250724,19,02111,4
20250724,19,02112,4
20250724,19,02122,1
20250724,19,02128,1
20250724,19,02129,1
20250724,19,02139,1
20250724,19,02171,3
20250724,19,02172,1
20250724,19,02178,2
20250724,19,02179,3
20250724,19,02185,4
20250724,19,02186,1
20250724,19,02191,1
20250724,19,02198,3
20250724,19,02199,1
20250724,19,03310,3
20250724,19,03311,4
20250724,19,03802,1
20250724,2,02112,1
20250724,2,02171,2
20250724,2,02179,1
20250724,2,02185,1
20250724,2,02186,1
20250724,2,02191,2
20250724,2,02198,2
20250724,2,03310,1
20250724,20,02111,7
20250724,20,02112,2
20250724,20,02116,1
20250724,20,02122,3
20250724,20,02130,2
20250724,20,02139,3
20250724,20,02171,5
20250724,20,02172,2
20250724,20,02179,6
20250724,20,02186,5
20250724,20,02191,3
20250724,20,02198,2
20250724,20,03311,2
20250724,20,03802,4
20250724,21,02111,2
20250724,21,02112,4
20250724,21,02122,2
20250724,21,02128,1
20250724,21,02143,2
20250724,21,02148,1
20250724,21,02171,3
20250724,21,02172,3
20250724,21,02178,2
20250724,21,02179,1
20250724,21,02185,4
20250724,21,02191,2
20250724,21,02198,3
20250724,21,03310,1
20250724,21,03311,2
20250724,21,03802,2
20250724,22,02111,2
20250724,22,02112,2
20250724,22,02116,2
20250724,22,02122,1
20250724,22,02143,1
20250724,22,02148,2
20250724,22,02159,2
20250724,22,02172,1
20250724,22,02178,2
20250724,22,02179,2
20250724,22,02185,1
20250724,22,02186,2
20250724,22,02198,3
20250724,22,03310,1
20250724,22,03311,6
20250724,22,03802,1
20250724,23,02111,3
20250724,23,02139,2
20250724,23,02148,1
20250724,23,02171,3
20250724,23,02172,2
20250724,23,02179,1
20250724,23,02185,3
20250724,23,02191,2
20250724,23,02199,2
20250724,23,03311,3
20250724,3,02116,1
20250724,3,02122,2
20250724,3,02185,2
20250724,3,02191,2
20250724,4,02112,1
20250724,4,02122,1
20250724,4,02191,1
20250724,5,02112,1
20250724,5,02122,1
20250724,5,02128,1
20250724,5,02148,1
20250724,5,02172,1
20250724,5,02186,1
20250724,5,02191,1
20250724,6,02111,1
20250724,6,02122,1
20250724,6,02128,1
20250724,6,02139,1
20250724,6,02172,1
20250724,6,02178,1
20250724,6,02185,1
20250724,6,02191,3
20250724,6,03310,2
20250724,7,02122,1
20250724,7,02139,2
20250724,7,02172,1
20250724,7,02179,1
20250724,7,02185,2
20250724,7,02186,1
20250724,7,02191,1
20250724,7,02198,5
20250724,7,03310,6
20250724,7,03802,3
20250724,8,02111,2
20250724,8,02128,1
20250724,8,02129,1
20250724,8,02139,1
20250724,8,02143,2
20250724,8,02148,1
20250724,8,02171,2
20250724,8,02172,2
20250724,8,02178,1
20250724,8,02179,2
20250724,8,02185,3
20250724,8,02186,1
20250724,8,02191,2
20250724,8,02198,2
20250724,8,03310,4
20250724,8,03311,2
20250724,8,03802,1
20250724,9,02122,1
20250724,9,02128,2
20250724,9,02139,1
20250724,9,02148,1
20250724,9,02171,1
20250724,9,02178,1
20250724,9,02185,2
20250724,9,02191,2
20250724,9,02198,1
20250725,0,02111,1
20250725,0,02112,1
20250725,0,02116,1
20250725,0,02148,1
20250725,0,02159,1
20250725,0,02171,2
20250725,0,02172,2
20250725,0,02179,2
20250725,0,02186,1
20250725,0,02198,2
20250725,0,03310,2
20250725,0,03311,3
20250725,1,02111,3
20250725,1,02116,1
20250725,1,02128,1
20250725,1,02139,1
20250725,1,02148,1
20250725,1,02159,1
20250725,1,02171,1
20250725,1,02172,1
20250725,1,02179,1
20250725,1,02186,2
20250725,1,02191,1
20250725,1,02198,3
20250725,1,03311,1
20250725,10,02111,1
20250725,10,02112,1
20250725,10,02116,1
20250725,10,02148,3
20250725,10,02171,1
20250725,10,02172,3
20250725,10,02179,2
20250725,10,02185,1
20250725,10,02186,1
20250725,10,02198,1
20250725,10,03310,1
20250725,10,03311,1
20250725,10,03802,2
20250725,11,02111,4
20250725,11,02128,1
20250725,11,02143,1
20250725,11,02171,2
20250725,11,02178,1
20250725,11,02179,2
20250725,11,02185,3
20250725,11,02186,1
20250725,11,02198,2
20250725,11,02199,1
20250725,11,03802,2
20250725,12,02111,2
20250725,12,02116,1
20250725,12,02128,1
20250725,12,02139,1
20250725,12,02148,1
20250725,12,02159,1
20250725,12,02171,2
20250725,12,02178,1
20250725,12,02179,2
20250725,12,02191,2
20250725,12,02198,3
20250725,12,03310,1
20250725,12,03802,1
20250725,13,02111,2
20250725,13,02112,2
20250725,13,02116,1
20250725,13,02122,1
20250725,13,02143,1
20250725,13,02148,1
20250725,13,02159,1
20250725,13,02171,1
20250725,13,02178,1
20250725,13,02179,1
20250725,13,02191,1
20250725,13,03310,1
20250725,13,03311,1
20250725,14,02111,1
20250725,14,02112,1
20250725,14,02116,2
20250725,14,02129,1
20250725,14,02130,1
20250725,14,02143,1
20250725,14,02148,2
20250725,14,02171,2
20250725,14,02178,1
20250725,14,02191,1
20250725,14,02199,1
20250725,14,03310,1
20250725,14,03311,2
20250725,15,02111,2
20250725,15,02112,3
20250725,15,02130,1
20250725,15,02139,1
20250725,15,02159,1
20250725,15,02172,1
20250725,15,02178,1
20250725,15,02179,2
20250725,15,02185,2
20250725,15,02191,2
20250725,15,03310,4
20250725,15,03311,1
20250725,15,03802,1
20250725,16,02111,1
20250725,16,02112,2
20250725,16,02139,1
20250725,16,02143,1
20250725,16,02179,1
20250725,16,02185,1
20250725,16,02186,1
20250725,16,02191,1
20250725,16,02198,2
20250725,16,03310,2
20250725,16,03802,2
20250725,17,02111,1
20250725,17,02112,3
20250725,17,02122,1
20250725,17,02128,1
20250725,17,02139,1
20250725,17,02171,3
20250725,17,02172,3
20250725,17,02178,2
20250725,17,02179,3
20250725,17,02185,2
20250725,17,02191,2
20250725,17,03310,1
20250725,17,03311,4
20250725,18,02111,1
20250725,18,02112,1
20250725,18,02122,1
20250725,18,02130,4
20250725,18,02139,3
20250725,18,02148,1
20250725,18,02171,4
20250725,18,02172,1
20250725,18,02178,2
20250725,18,02179,2
20250725,18,02185,4
20250725,18,02191,2
20250725,18,02198,3
20250725,18,03311,6
20250725,18,03802,1
20250725,19,02111,4
20250725,19,02112,1
20250725,19,02116,4
20250725,19,02122,1
20250725,19,02128,1
20250725,19,02139,2
20250725,19,02143,1
20250725,19,02148,4
20250725,19,02171,5
20250725,19,02172,1
20250725,19,02178,1
20250725,19,02179,1
20250725,19,02185,4
20250725,19,02191,3
20250725,19,02198,1
20250725,19,03310,1
20250725,19,03311,1
20250725,19,03802,2
20250725,2,02128,1
20250725,2,02171,2
20250725,2,02178,1
20250725,2,02179,1
20250725,2,02191,1
20250725,2,02198,2
20250725,20,02111,1
20250725,20,02112,4
20250725,20,02116,3
20250725,20,02122,1
20250725,20,02139,1
20250725,20,02143,1
20250725,20,02148,2
20250725,20,02171,4
20250725,20,02172,1
20250725,20,02178,4
20250725,20,02179,4
20250725,20,02185,3
20250725,20,02186,3
20250725,20,02191,3
20250725,20,02198,1
20250725,20,02199,1
20250725,20,03310,1
20250725,20,03311,4
20250725,21,02116,1
20250725,21,02128,2
20250725,21,02139,2
20250725,21,02143,1
20250725,21,02159,1
20250725,21,02171,2
20250725,21,02172,4
20250725,21,02178,3
20250725,21,02186,3
20250725,21,02191,1
20250725,21,02198,4
20250725,21,02199,1
20250725,21,03802,1
20250725,22,02111,3
20250725,22,02112,3
20250725,22,02116,1
20250725,22,02122,1
20250725,22,02128,2
20250725,22,02129,1
20250725,22,02148,1
20250725,22,02171,1
20250725,22,02172,2
20250725,22,02178,4
20250725,22,02179,1
20250725,22,02185,3
20250725,22,02191,3
20250725,22,02198,1
20250725,22,03311,3
20250725,22,03802,2
20250725,23,02111,2
20250725,23,02116,1
20250725,23,02128,1
20250725,23,02129,1
20250725,23,02139,2
20250725,23,02143,1
20250725,23,02148,1
20250725,23,02171,2
20250725,23,02178,1
20250725,23,02185,5
20250725,23,02198,1
20250725,23,03310,2
20250725,23,03311,2
20250725,23,03802,1
20250725,3,02111,1
20250725,3,02116,2
20250725,3,02129,1
20250725,3,02179,1
20250725,3,02185,3
20250725,4,02111,1
20250725,4,02122,2
20250725,4,02191,2
20250725,5,02112,1
20250725,5,02128,1
20250725,5,02129,1
20250725,5,02186,1
20250725,5,03310,1
20250725,6,02111,2
20250725,6,02122,1
20250725,6,02139,1
20250725,6,02143,1
20250725,6,02148,2
20250725,6,02171,2
20250725,6,02179,1
20250725,6,02191,2
20250725,6,03310,2
20250725,6,03802,2
20250725,7,02112,1
20250725,7,02122,2
20250725,7,02139,4
20250725,7,02148,1
20250725,7,02178,1
20250725,7,02179,1
20250725,7,02185,4
20250725,7,02186,1
20250725,7,02191,1
20250725,7,02198,3
20250725,7,03310,2
20250725,7,03802,4
20250725,8,02111,1
20250725,8,02143,1
20250725,8,02148,2
20250725,8,02172,1
20250725,8,02179,1
20250725,8,02185,6
20250725,8,02191,2
20250725,8,02198,1
20250725,8,02199,1
20250725,8,03311,3
20250725,8,03802,1
20250725,9,02116,1
20250725,9,02122,2
20250725,9,02128,1
20250725,9,02130,1
20250725,9,02171,1
20250725,9,02172,2
20250725,9,02178,1
20250725,9,02191,1
20250725,9,02198,2
20250726,0,02112,2
20250726,0,02116,2
20250726,0,02128,1
20250726,0,02148,1
20250726,0,02171,2
20250726,0,02178,2
20250726,0,02179,2
20250726,0,02186,2
20250726,0,03311,3
20250726,1,02112,1
20250726,1,02171,3
20250726,1,02172,2
20250726,1,02179,2
20250726,1,02185,1
20250726,1,02198,2
20250726,1,03311,1
20250726,10,02112,1
20250726,10,02116,1
20250726,10,02139,1
20250726,10,02148,1
20250726,10,02171,1
20250726,10,02172,1
20250726,10,02179,2
20250726,10,02185,3
20250726,10,02191,1
20250726,10,02198,2
20250726,10,03802,2
20250726,11,02111,1
20250726,11,02112,1
20250726,11,02116,2
20250726,11,02128,1
20250726,11,02129,1
20250726,11,02143,1
20250726,11,02159,2
20250726,11,02171,2
20250726,11,02178,1
20250726,11,02179,2
20250726,11,02185,2
20250726,11,02186,1
20250726,11,02191,1
20250726,11,03311,1
20250726,12,02111,4
20250726,12,02112,1
20250726,12,02139,1
20250726,12,02148,1
20250726,12,02159,1
20250726,12,02171,3
20250726,12,02172,2
20250726,12,02179,4
20250726,12,02191,1
20250726,12,03310,2
20250726,12,03311,1
20250726,13,02111,1
20250726,13,02116,2
20250726,13,02128,2
20250726,13,02172,1
20250726,13,02178,3
20250726,13,02179,3
20250726,13,02185,2
20250726,13,02198,1
20250726,13,03310,1
20250726,13,03311,1
20250726,14,02112,2
20250726,14,02116,2
20250726,14,02122,1
20250726,14,02128,1
20250726,14,02171,2
20250726,14,02178,1
20250726,14,02179,1
20250726,14,02191,2
20250726,14,02199,1
20250726,14,03310,2
20250726,14,03311,2
20250726,15,02111,2
20250726,15,02116,2
20250726,15,02139,1
20250726,15,02148,1
20250726,15,02171,2
20250726,15,02172,1
20250726,15,02179,2
20250726,15,02185,4
20250726,15,02186,1
20250726,16,02112,2
20250726,16,02116,2
20250726,16,02122,1
20250726,16,02171,2
20250726,16,02172,1
20250726,16,02179,6
20250726,16,02185,2
20250726,17,02112,4
20250726,17,02116,2
20250726,17,02122,1
20250726,17,02129,1
20250726,17,02139,1
20250726,17,02171,4
20250726,17,02172,4
20250726,17,02179,3
20250726,17,02185,1
20250726,17,02191,3
20250726,17,02198,1
20250726,17,03311,2
20250726,18,02111,3
20250726,18,02128,1
20250726,18,02143,1
20250726,18,02148,1
20250726,18,02171,3
20250726,18,02172,2
20250726,18,02178,1
20250726,18,02179,4
20250726,18,02185,3
20250726,18,02186,1
20250726,18,02191,1
20250726,18,02198,3
20250726,18,02199,2
20250726,18,03311,5
20250726,19,02111,1
20250726,19,02112,1
20250726,19,02116,4
20250726,19,02148,4
20250726,19,02171,5
20250726,19,02172,1
20250726,19,02178,3
20250726,19,02179,1
20250726,19,02185,2
20250726,19,02186,1
20250726,19,02191,1
20250726,19,03310,4
20250726,19,03311,3
20250726,2,02111,2
20250726,2,02122,1
20250726,2,02128,3
20250726,2,02159,2
20250726,2,02171,1
20250726,2,02179,1
20250726,2,02186,1
20250726,2,02191,3
20250726,2,02198,2
20250726,20,02111,2
20250726,20,02112,2
20250726,20,02116,1
20250726,20,02122,4
20250726,20,02128,1
20250726,20,02129,3
20250726,20,02148,1
20250726,20,02171,1
20250726,20,02172,2
20250726,20,02178,4
20250726,20,02179,3
20250726,20,02185,1
20250726,20,02186,1
20250726,20,02191,1
20250726,20,02198,3
20250726,21,02111,4
20250726,21,02122,2
20250726,21,02128,2
20250726,21,02159,1
20250726,21,02172,2
20250726,21,02178,1
20250726,21,02179,1
20250726,21,02185,2
20250726,21,02186,4
20250726,21,02191,2
20250726,21,02198,1
20250726,21,03311,1
20250726,21,03802,5
20250726,22,02112,2
20250726,22,02116,2
20250726,22,02128,2
20250726,22,02139,1
20250726,22,02143,1
20250726,22,02148,2
20250726,22,02159,2
20250726,22,02171,1
20250726,22,02178,1
20250726,22,02179,3
20250726,22,02185,6
20250726,22,02191,2
20250726,22,02198,2
20250726,22,02199,1
20250726,22,03310,2
20250726,22,03311,2
20250726,23,02111,3
20250726,23,02112,3
20250726,23,02122,1
20250726,23,02128,3
20250726,23,02139,1
20250726,23,02143,1
20250726,23,02171,1
20250726,23,02178,3
20250726,23,02179,1
20250726,23,02191,1
20250726,23,02198,4
20250726,23,03311,2
20250726,3,02111,1
20250726,3,02112,2
20250726,3,02122,1
20250726,3,02179,1
20250726,3,02185,1
20250726,3,02198,1
20250726,5,02116,1
20250726,5,02128,1
20250726,5,02129,2
20250726,5,02148,2
20250726,5,02186,1
20250726,5,02191,1
20250726,5,02199,1
20250726,6,02111,2
20250726,6,02143,1
20250726,6,02148,1
20250726,6,02159,1
20250726,6,02185,3
20250726,6,02191,1
20250726,6,03802,2
20250726,7,02111,1
20250726,7,02148,1
20250726,7,02172,1
20250726,7,02179,1
20250726,7,02191,2
20250726,7,02198,1
20250726,7,03310,1
20250726,7,03311,1
20250726,8,02111,1
20250726,8,02112,1
20250726,8,02122,2
20250726,8,02139,1
20250726,8,02143,1
20250726,8,02172,1
20250726,8,02178,1
20250726,8,02185,1
20250726,8,02191,1
20250726,8,02198,1
20250726,8,03310,4
20250726,8,03311,1
20250726,9,02111,1
20250726,9,02112,1
20250726,9,02116,2
20250726,9,02172,2
20250726,9,02185,2
20250726,9,02186,1
20250726,9,02191,3
20250726,9,03310,2
20250726,9,03311,2
20250726,9,03802,1
20250727,0,02111,5
20250727,0,02112,2
20250727,0,02116,2
20250727,0,02122,1
20250727,0,02139,3
20250727,0,02148,1
20250727,0,02171,3
20250727,0,02179,4
20250727,0,02185,2
20250727,0,03311,2
20250727,1,02111,2
20250727,1,02116,4
20250727,1,02122,1
20250727,1,02159,1
20250727,1,02171,2
20250727,1,02172,1
20250727,1,02178,1
20250727,1,02179,1
20250727,1,02186,1
20250727,1,03310,1
20250727,1,03311,1
20250727,10,02122,2
20250727,10,02143,1
20250727,10,02179,1
20250727,10,02185,2
20250727,10,03802,1
20250727,11,02111,1
20250727,11,02128,2
20250727,11,02130,3
20250727,11,02148,1
20250727,11,02178,1
20250727,11,02185,2
20250727,11,02186,1
20250727,11,02198,1
20250727,11,03310,2
20250727,11,03311,1
20250727,12,02112,1
20250727,12,02116,1
20250727,12,02139,1
20250727,12,02179,1
20250727,12,02185,1
20250727,12,02198,2
20250727,12,02199,1
20250727,13,02111,1
20250727,13,02112,2
20250727,13,02122,1
20250727,13,02129,1
20250727,13,02171,2
20250727,13,02172,1
20250727,13,02178,2
20250727,13,02185,1
20250727,13,02186,1
20250727,13,03310,2
20250727,14,02111,3
20250727,14,02116,1
20250727,14,02122,1
20250727,14,02171,1
20250727,14,02179,2
20250727,14,02191,2
20250727,14,02198,1
20250727,14,03310,1
20250727,14,03311,4
20250727,15,02128,2
20250727,15,02139,1
20250727,15,02148,1
20250727,15,02159,1
20250727,15,02171,1
20250727,15,02172,1
20250727,15,02179,2
20250727,15,02185,1
20250727,15,02186,2
20250727,15,02191,2
20250727,15,03310,2
20250727,15,03311,1
20250727,16,02111,1
20250727,16,02112,2
20250727,16,02122,2
20250727,16,02128,1
20250727,16,02129,1
20250727,16,02159,1
20250727,16,02172,3
20250727,16,02178,2
20250727,16,02179,1
20250727,16,02185,1
20250727,16,02191,1
20250727,16,03310,1
20250727,16,03311,1
20250727,16,03802,3
20250727,17,02111,1
20250727,17,02112,2
20250727,17,02116,2
20250727,17,02128,1
20250727,17,02139,2
20250727,17,02143,4
20250727,17,02171,2
20250727,17,02172,7
20250727,17,02178,1
20250727,17,02185,4
20250727,17,02186,4
20250727,17,02191,2
20250727,17,03310,1
20250727,17,03311,1
20250727,18,02111,2
20250727,18,02122,2
20250727,18,02130,1
20250727,18,02139,1
20250727,18,02143,2
20250727,18,02172,4
20250727,18,02178,1
20250727,18,02179,1
20250727,18,02185,1
20250727,18,02186,1
20250727,18,02191,2
20250727,18,02199,1
20250727,18,03311,2
20250727,19,02112,1
20250727,19,02116,4
20250727,19,02122,1
20250727,19,02128,2
20250727,19,02143,1
20250727,19,02159,1
20250727,19,02171,1
20250727,19,02172,1
20250727,19,02179,2
20250727,19,02185,2
20250727,19,02191,2
20250727,19,02198,4
20250727,19,03310,2
20250727,19,03311,2
20250727,2,02111,2
20250727,2,02116,1
20250727,2,02198,1
20250727,20,02111,1
20250727,20,02112,3
20250727,20,02116,1
20250727,20,02122,1
20250727,20,02143,1
20250727,20,02148,1
20250727,20,02159,1
20250727,20,02171,1
20250727,20,02172,1
20250727,20,02178,2
20250727,20,02179,2
20250727,20,02185,2
20250727,20,02186,1
20250727,20,02191,1
20250727,20,02198,1
20250727,20,02199,1
20250727,20,03310,1
20250727,21,02111,3
20250727,21,02112,1
20250727,21,02116,1
20250727,21,02122,1
20250727,21,02143,2
20250727,21,02171,1
20250727,21,02172,2
20250727,21,02178,3
20250727,21,02179,7
20250727,21,02185,5
20250727,21,02191,2
20250727,21,02198,2
20250727,22,02111,2
20250727,22,02112,3
20250727,22,02116,1
20250727,22,02143,1
20250727,22,02171,2
20250727,22,02178,3
20250727,22,02179,1
20250727,22,02185,1
20250727,22,02186,2
20250727,22,02191,3
20250727,22,02199,1
20250727,22,03311,3
20250727,23,02111,2
20250727,23,02112,1
20250727,23,02122,1
20250727,23,02128,1
20250727,23,02129,1
20250727,23,02171,2
20250727,23,02178,1
20250727,23,02179,1
20250727,23,02185,3
20250727,23,02186,1
20250727,23,02198,1
20250727,23,03310,1
20250727,23,03311,4
20250727,3,02122,1
20250727,3,02179,1
20250727,3,02185,1
20250727,3,02191,1
20250727,3,02198,1
20250727,4,02111,1
20250727,4,02129,1
20250727,4,03311,2
20250727,5,02122,1
20250727,5,02171,1
20250727,5,02178,1
20250727,6,02122,1
20250727,6,02139,3
20250727,6,02159,1
20250727,6,02185,1
20250727,6,02191,1
20250727,7,02179,1
20250727,7,02186,1
20250727,7,02191,2
20250727,7,03311,1
20250727,8,02111,1
20250727,8,02112,1
20250727,8,02130,1
20250727,8,02139,1
20250727,8,02172,4
20250727,8,02179,1
20250727,8,02185,1
20250727,8,02191,1
20250727,8,03310,2
20250727,9,02116,1
20250727,9,02130,1
20250727,9,02139,1
20250727,9,02148,2
20250727,9,02172,2
20250727,9,02178,1
20250727,9,02185,1
20250727,9,02191,1
20250727,9,03310,2
20250728,0,02111,2
20250728,0,02112,9
20250728,0,02116,1
20250728,0,02122,1
20250728,0,02171,4
20250728,0,02178,3
20250728,0,02185,4
20250728,0,02198,2
20250728,0,03311,1
20250728,1,02111,2
20250728,1,02112,1
20250728,1,02116,1
20250728,1,02172,1
20250728,1,02179,2
20250728,1,02185,1
20250728,1,02191,1
20250728,1,02198,3
20250728,1,03310,1
20250728,10,02116,1
20250728,10,02122,1
20250728,10,02139,3
20250728,10,02148,1
20250728,10,02171,3
20250728,10,02178,1
20250728,10,02179,1
20250728,10,02186,3
20250728,10,02191,1
20250728,10,02198,1
20250728,10,03310,2
20250728,10,03802,1
20250728,11,02112,2
20250728,11,02128,3
20250728,11,02171,2
20250728,11,02178,2
20250728,11,02185,1
20250728,11,02191,1
20250728,11,02198,1
20250728,11,03310,3
20250728,11,03311,1
20250728,11,03802,4
20250728,12,02122,3
20250728,12,02129,1
20250728,12,02171,1
20250728,12,02172,1
20250728,12,02179,2
20250728,12,02185,5
20250728,12,02186,1
20250728,12,02191,1
20250728,12,02198,2
20250728,12,03802,2
20250728,13,02111,3
20250728,13,02128,1
20250728,13,02129,1
20250728,13,02143,1
20250728,13,02172,1
20250728,13,02178,1
20250728,13,02179,1
20250728,13,02185,2
20250728,13,02191,2
20250728,13,03310,1
20250728,13,03311,2
20250728,13,03802,1
20250728,14,02112,1
20250728,14,02116,2
20250728,14,02171,3
20250728,14,02178,1
20250728,14,02185,1
20250728,14,02191,1
20250728,14,02198,1
20250728,14,02199,1
20250728,14,03311,2
20250728,15,02112,2
20250728,15,02116,1
20250728,15,02129,1
20250728,15,02139,1
20250728,15,02148,1
20250728,15,02171,1
20250728,15,02172,1
20250728,15,02178,1
20250728,15,02179,1
20250728,15,02185,4
20250728,15,02191,3
20250728,15,03311,2
20250728,16,02111,1
20250728,16,02112,2
20250728,16,02116,3
20250728,16,02130,1
20250728,16,02143,1
20250728,16,02159,1
20250728,16,02171,1
20250728,16,02179,2
20250728,16,02185,1
20250728,17,02111,2
20250728,17,02112,3
20250728,17,02116,2
20250728,17,02122,1
20250728,17,02128,1
20250728,17,02129,2
20250728,17,02139,2
20250728,17,02148,1
20250728,17,02171,3
20250728,17,02172,1
20250728,17,02178,4
20250728,17,02179,4
20250728,17,02185,3
20250728,17,02186,1
20250728,17,02191,2
20250728,17,02198,1
20250728,17,02199,1
20250728,17,03310,1
20250728,17,03311,2
20250728,18,02111,4
20250728,18,02112,2
20250728,18,02116,1
20250728,18,02122,4
20250728,18,02128,2
20250728,18,02129,1
20250728,18,02130,1
20250728,18,02143,4
20250728,18,02148,3
20250728,18,02171,4
20250728,18,02172,1
20250728,18,02179,3
20250728,18,02185,2
20250728,18,02186,1
20250728,18,02198,1
20250728,18,02199,1
20250728,18,03310,1
20250728,18,03311,6
20250728,18,03802,1
20250728,19,02111,3
20250728,19,02112,4
20250728,19,02128,1
20250728,19,02139,1
20250728,19,02143,2
20250728,19,02148,2
20250728,19,02171,5
20250728,19,02178,1
20250728,19,02179,4
20250728,19,02186,1
20250728,19,02191,3
20250728,19,02198,3
20250728,19,03310,1
20250728,19,03311,5
20250728,2,02111,1
20250728,2,02116,1
20250728,2,02128,2
20250728,2,02171,1
20250728,20,02111,2
20250728,20,02112,4
20250728,20,02116,4
20250728,20,02122,1
20250728,20,02128,2
20250728,20,02129,1
20250728,20,02130,3
20250728,20,02143,1
20250728,20,02148,3
20250728,20,02171,4
20250728,20,02179,4
20250728,20,02185,3
20250728,20,02186,2
20250728,20,02191,2
20250728,20,02198,2
20250728,20,03311,2
20250728,20,03802,1
20250728,21,02111,3
20250728,21,02112,3
20250728,21,02116,2
20250728,21,02122,1
20250728,21,02128,1
20250728,21,02130,1
20250728,21,02148,3
20250728,21,02159,1
20250728,21,02171,2
20250728,21,02172,1
20250728,21,02178,1
20250728,21,02179,6
20250728,21,02185,2
20250728,21,02186,2
20250728,21,02198,2
20250728,21,02199,2
20250728,21,03310,1
20250728,21,03311,1
20250728,22,02111,4
20250728,22,02112,1
20250728,22,02116,3
20250728,22,02122,2
20250728,22,02128,2
20250728,22,02129,1
20250728,22,02159,1
20250728,22,02171,4
20250728,22,02179,1
20250728,22,02185,2
20250728,22,02198,3
20250728,22,03802,2
20250728,23,02111,7
20250728,23,02112,1
20250728,23,02116,3
20250728,23,02128,1
20250728,23,02139,1
20250728,23,02148,1
20250728,23,02172,1
20250728,23,02179,1
20250728,23,02185,1
20250728,23,02191,2
20250728,23,02198,3
20250728,23,03311,1
20250728,3,02139,1
20250728,4,02112,1
20250728,4,02122,1
20250728,4,02139,1
20250728,4,02191,2
20250728,5,02111,1
20250728,5,02128,1
20250728,5,02143,1
20250728,5,02186,1
20250728,5,02191,1
20250728,5,03310,2
20250728,6,02111,1
20250728,6,02116,1
20250728,6,02122,3
20250728,6,02139,1
20250728,6,02148,2
20250728,6,02159,1
20250728,6,02185,1
20250728,6,02191,1
20250728,6,03310,2
20250728,6,03802,2
20250728,7,02111,1
20250728,7,02112,1
20250728,7,02122,1
20250728,7,02128,1
20250728,7,02129,1
20250728,7,02139,3
20250728,7,02148,1
20250728,7,02171,1
20250728,7,02172,1
20250728,7,02178,1
20250728,7,02179,2
20250728,7,02185,2
20250728,7,02186,2
20250728,7,02191,1
20250728,7,02198,4
20250728,7,03310,5
20250728,7,03802,5
20250728,8,02111,3
20250728,8,02112,2
20250728,8,02122,1
20250728,8,02128,1
20250728,8,02148,2
20250728,8,02171,2
20250728,8,02172,1
20250728,8,02178,2
20250728,8,02179,1
20250728,8,02185,4
20250728,8,02186,1
20250728,8,02191,3
20250728,8,03310,4
20250728,8,03802,3
20250728,9,02111,4
20250728,9,02112,1
20250728,9,02122,1
20250728,9,02128,1
20250728,9,02130,1
20250728,9,02159,1
20250728,9,02171,2
20250728,9,02172,1
20250728,9,02185,1
20250728,9,02198,1
20250728,9,02199,1
20250728,9,03310,2
20250728,9,03802,3
20250729,0,02111,2
20250729,0,02116,1
20250729,0,02122,1
20250729,0,02128,1
20250729,0,02129,1
20250729,0,02139,1
20250729,0,02143,1
20250729,0,02171,1
20250729,0,02172,1
20250729,0,02179,2
20250729,0,02185,1
20250729,0,03310,1
20250729,1,02111,1
20250729,1,02112,1
20250729,1,02159,1
20250729,1,02171,1
20250729,1,02172,2
20250729,1,02179,2
20250729,1,02185,1
20250729,1,02191,1
20250729,1,02198,2
20250729,10,02111,3
20250729,10,02116,2
20250729,10,02139,1
20250729,10,02148,1
20250729,10,02172,1
20250729,10,02179,4
20250729,10,02185,1
20250729,10,03310,1
20250729,10,03802,1
20250729,11,02111,1
20250729,11,02112,1
20250729,11,02116,1
20250729,11,02129,1
20250729,11,02130,1
20250729,11,02171,1
20250729,11,02179,1
20250729,11,02198,2
20250729,11,02199,1
20250729,11,03802,1
20250729,12,02111,2
20250729,12,02112,1
20250729,12,02116,1
20250729,12,02148,5
20250729,12,02171,1
20250729,12,02172,1
20250729,12,02179,3
20250729,12,02185,1
20250729,12,02186,1
20250729,12,02191,1
20250729,12,02199,1
20250729,12,03310,1
20250729,12,03311,1
20250729,13,02111,2
20250729,13,02112,1
20250729,13,02122,1
20250729,13,02171,3
20250729,13,02172,1
20250729,13,02178,1
20250729,13,02179,1
20250729,13,02185,1
20250729,13,03310,3
20250729,13,03311,2
20250729,14,02112,1
20250729,14,02116,1
20250729,14,02128,2
20250729,14,02148,5
20250729,14,02159,1
20250729,14,02172,1
20250729,14,02179,1
20250729,14,02186,2
20250729,14,02191,1
20250729,14,02198,1
20250729,14,02199,1
20250729,14,03311,2
20250729,15,02111,1
20250729,15,02112,1
20250729,15,02116,1
20250729,15,02122,1
20250729,15,02129,3
20250729,15,02139,1
20250729,15,02148,2
20250729,15,02172,2
20250729,15,02178,1
20250729,15,02179,1
20250729,15,02185,2
20250729,15,03310,2
20250729,15,03311,2
20250729,16,02111,1
20250729,16,02116,2
20250729,16,02122,1
20250729,16,02130,1
20250729,16,02172,1
20250729,16,02178,1
20250729,16,02179,1
20250729,16,02191,2
20250729,16,03311,2
20250729,17,02111,4
20250729,17,02112,2
20250729,17,02128,1
20250729,17,02129,2
20250729,17,02143,1
20250729,17,02148,1
20250729,17,02171,3
20250729,17,02178,5
20250729,17,02179,2
20250729,17,02185,3
20250729,17,02191,2
20250729,17,03310,1
20250729,17,03311,4
20250729,18,02111,2
20250729,18,02122,3
20250729,18,02128,1
20250729,18,02129,1
20250729,18,02130,2
20250729,18,02139,2
20250729,18,02143,2
20250729,18,02148,2
20250729,18,02171,6
20250729,18,02178,5
20250729,18,02179,2
20250729,18,02186,1
20250729,18,02191,2
20250729,18,02198,1
20250729,18,02199,1
20250729,18,03311,5
20250729,18,03802,1
20250729,19,02111,4
20250729,19,02112,2
20250729,19,02129,1
20250729,19,02159,1
20250729,19,02171,3
20250729,19,02178,2
20250729,19,02179,7
20250729,19,02185,1
20250729,19,02186,2
20250729,19,02191,1
20250729,19,02198,1
20250729,19,02199,2
20250729,19,03311,2
20250729,19,03802,1
20250729,2,02111,1
20250729,2,02116,1
20250729,2,02128,1
20250729,2,02130,1
20250729,2,02171,1
20250729,2,02179,3
20250729,2,02185,1
20250729,2,02198,3
20250729,2,03310,1
20250729,20,02111,2
20250729,20,02112,2
20250729,20,02116,1
20250729,20,02122,3
20250729,20,02128,1
20250729,20,02129,3
20250729,20,02148,2
20250729,20,02159,1
20250729,20,02171,4
20250729,20,02178,1
20250729,20,02179,4
20250729,20,02185,1
20250729,20,02186,2
20250729,20,02191,2
20250729,20,02198,1
20250729,20,03311,6
20250729,20,03802,3
20250729,21,02111,3
20250729,21,02112,5
20250729,21,02116,4
20250729,21,02122,1
20250729,21,02139,1
20250729,21,02143,2
20250729,21,02148,1
20250729,21,02159,2
20250729,21,02171,4
20250729,21,02172,2
20250729,21,02178,2
20250729,21,02179,3
20250729,21,02185,4
20250729,21,02186,2
20250729,21,02198,4
20250729,21,03310,1
20250729,21,03311,4
20250729,21,03802,2
20250729,22,02111,2
20250729,22,02112,2
20250729,22,02116,2
20250729,22,02122,2
20250729,22,02128,1
20250729,22,02130,1
20250729,22,02139,3
20250729,22,02148,1
20250729,22,02159,2
20250729,22,02171,3
20250729,22,02172,1
20250729,22,02179,3
20250729,22,02185,2
20250729,22,02186,2
20250729,22,02198,1
20250729,22,03311,4
20250729,22,03802,3
20250729,23,02112,2
20250729,23,02128,3
20250729,23,02139,2
20250729,23,02171,1
20250729,23,02172,1
20250729,23,02179,4
20250729,23,02185,5
20250729,23,02198,1
20250729,23,03310,2
20250729,23,03311,4
20250729,3,02112,1
20250729,3,02185,1
20250729,3,02198,2
20250729,4,02112,1
20250729,4,02122,1
20250729,4,02139,1
20250729,4,02171,1
20250729,4,02172,1
20250729,4,02191,1
20250729,5,02116,1
20250729,5,02148,1
20250729,5,02171,1
20250729,5,02179,1
20250729,5,02185,1
20250729,5,02186,1
20250729,5,02191,3
20250729,5,02198,2
20250729,5,03310,1
20250729,6,02111,1
20250729,6,02122,3
20250729,6,02143,1
20250729,6,02159,1
20250729,6,02171,1
20250729,6,02185,1
20250729,6,02191,2
20250729,6,03310,2
20250729,6,03311,2
20250729,6,03802,1
20250729,7,02111,2
20250729,7,02112,1
20250729,7,02122,3
20250729,7,02139,2
20250729,7,02143,1
20250729,7,02148,2
20250729,7,02179,3
20250729,7,02185,1
20250729,7,02186,1
20250729,7,02191,2
20250729,7,02199,1
20250729,7,03310,5
20250729,7,03802,4
20250729,8,02111,1
20250729,8,02112,1
20250729,8,02128,1
20250729,8,02139,2
20250729,8,02148,1
20250729,8,02171,2
20250729,8,02178,1
20250729,8,02185,4
20250729,8,02191,4
20250729,8,03310,2
20250729,8,03311,1
20250729,8,03802,2
20250729,9,02111,2
20250729,9,02112,1
20250729,9,02122,1
20250729,9,02128,1
20250729,9,02130,1
20250729,9,02139,1
20250729,9,02148,2
20250729,9,02171,2
20250729,9,02178,1
20250729,9,02179,1
20250729,9,02185,3
20250729,9,02191,1
20250729,9,03310,1
20250729,9,03802,2
20250730,0,02111,2
20250730,0,02116,1
20250730,0,02122,3
20250730,0,02129,1
20250730,0,02171,2
20250730,0,02186,1
20250730,0,02191,2
20250730,0,02198,1
20250730,1,02111,2
20250730,1,02116,1
20250730,1,02128,1
20250730,1,02139,2
20250730,1,02171,1
20250730,1,02185,2
20250730,1,02198,1
20250730,1,03310,1
20250730,10,02116,2
20250730,10,02128,1
20250730,10,02129,1
20250730,10,02148,2
20250730,10,02171,1
20250730,10,02172,2
20250730,10,02179,3
20250730,10,02185,1
20250730,10,03310,1
20250730,11,02111,1
20250730,11,02116,1
20250730,11,02122,1
20250730,11,02128,1
20250730,11,02139,1
20250730,11,02143,1
20250730,11,02148,3
20250730,11,02171,1
20250730,11,02172,1
20250730,11,02178,1
20250730,11,02179,2
20250730,11,02185,1
20250730,11,02191,2
20250730,11,02198,3
20250730,11,02199,1
20250730,11,03310,1
20250730,11,03311,1
20250730,11,03802,3
20250730,12,02111,3
20250730,12,02112,3
20250730,12,02122,2
20250730,12,02128,1
20250730,12,02130,1
20250730,12,02139,1
20250730,12,02148,1
20250730,12,02171,3
20250730,12,02172,1
20250730,12,02179,1
20250730,12,02185,3
20250730,12,02186,1
20250730,12,02191,2
20250730,12,02198,3
20250730,12,03310,1
20250730,12,03311,1
20250730,12,03802,1
20250730,13,02111,4
20250730,13,02122,2
20250730,13,02139,1
20250730,13,02171,3
20250730,13,02172,1
20250730,13,02185,1
20250730,13,02186,1
20250730,13,02198,2
20250730,13,03310,2
20250730,13,03311,1
20250730,14,02112,2
20250730,14,02116,1
20250730,14,02128,1
20250730,14,02148,1
20250730,14,02178,1
20250730,14,02185,1
20250730,14,02198,1
20250730,14,03310,1
20250730,14,03311,2
20250730,15,02111,1
20250730,15,02112,1
20250730,15,02122,1
20250730,15,02129,1
20250730,15,02143,1
20250730,15,02148,2
20250730,15,02171,1
20250730,15,02179,1
20250730,15,02185,1
20250730,15,02191,1
20250730,15,02198,2
20250730,15,03310,1
20250730,15,03311,3
20250730,16,02116,2
20250730,16,02129,1
20250730,16,02130,1
20250730,16,02143,1
20250730,16,02171,1
20250730,16,02172,3
20250730,16,02179,2
20250730,16,02191,1
20250730,16,02199,1
20250730,16,03310,1
20250730,16,03311,1
20250730,17,02111,1
20250730,17,02112,3
20250730,17,02128,1
20250730,17,02129,1
20250730,17,02130,1
20250730,17,02139,1
20250730,17,02171,2
20250730,17,02172,4
20250730,17,02178,4
20250730,17,02185,3
20250730,17,02186,1
20250730,17,02191,1
20250730,17,02198,1
20250730,17,03310,2
20250730,17,03311,1
20250730,18,02111,5
20250730,18,02112,2
20250730,18,02116,3
20250730,18,02122,2
20250730,18,02139,1
20250730,18,02143,1
20250730,18,02148,2
20250730,18,02159,1
20250730,18,02171,6
20250730,18,02172,8
20250730,18,02178,5
20250730,18,02179,2
20250730,18,02185,2
20250730,18,02191,2
20250730,18,02198,2
20250730,18,02199,1
20250730,18,03311,6
20250730,18,03802,2
20250730,19,02111,4
20250730,19,02112,4
20250730,19,02116,2
20250730,19,02122,1
20250730,19,02128,1
20250730,19,02148,1
20250730,19,02171,3
20250730,19,02172,4
20250730,19,02178,2
20250730,19,02179,2
20250730,19,02185,3
20250730,19,02186,2
20250730,19,02191,1
20250730,19,02198,1
20250730,19,03802,2
20250730,2,02159,1
20250730,2,02171,1
20250730,2,02179,1
20250730,2,02185,1
20250730,2,02198,1
20250730,20,02111,3
20250730,20,02112,1
20250730,20,02122,1
20250730,20,02128,1
20250730,20,02129,1
20250730,20,02130,2
20250730,20,02139,2
20250730,20,02143,3
20250730,20,02159,2
20250730,20,02171,7
20250730,20,02172,3
20250730,20,02178,3
20250730,20,02179,3
20250730,20,02185,5
20250730,20,02186,2
20250730,20,02191,2
20250730,20,03310,1
20250730,20,03311,4
20250730,20,03802,1
20250730,21,02111,4
20250730,21,02112,1
20250730,21,02116,3
20250730,21,02130,2
20250730,21,02143,3
20250730,21,02148,2
20250730,21,02171,3
20250730,21,02172,4
20250730,21,02178,4
20250730,21,02179,3
20250730,21,02185,2
20250730,21,02186,1
20250730,21,02191,1
20250730,21,02198,2
20250730,21,02199,1
20250730,21,03310,1
20250730,21,03311,3
20250730,21,03802,1
20250730,22,02111,3
20250730,22,02122,1
20250730,22,02128,2
20250730,22,02139,2
20250730,22,02148,3
20250730,22,02159,1
20250730,22,02171,1
20250730,22,02178,2
20250730,22,02179,2
20250730,22,02185,1
20250730,22,02186,1
20250730,22,02191,3
20250730,22,02198,3
20250730,22,02199,2
20250730,22,03310,2
20250730,22,03311,4
20250730,22,03802,3
20250730,23,02111,3
20250730,23,02116,1
20250730,23,02122,1
20250730,23,02128,1
20250730,23,02148,2
20250730,23,02171,3
20250730,23,02172,2
20250730,23,02178,1
20250730,23,02179,1
20250730,23,02185,2
20250730,23,02186,1
20250730,23,02191,3
20250730,23,02198,2
20250730,23,03311,1
20250730,3,02116,1
20250730,3,02128,1
20250730,3,02185,1
20250730,3,03311,2
20250730,4,02111,1
20250730,4,02112,1
20250730,4,02116,1
20250730,4,02122,1
20250730,4,02172,1
20250730,4,02179,1
20250730,4,02191,1
20250730,4,02198,1
20250730,5,02159,1
20250730,5,02179,1
20250730,5,02185,1
20250730,5,02198,1
20250730,5,03310,1
20250730,6,02111,1
20250730,6,02139,2
20250730,6,02143,2
20250730,6,02148,1
20250730,6,02171,1
20250730,6,02172,1
20250730,6,02178,1
20250730,6,02179,2
20250730,6,02185,1
20250730,6,02191,3
20250730,6,02198,1
20250730,6,03310,1
20250730,6,03802,1
20250730,7,02122,2
20250730,7,02139,2
20250730,7,02148,3
20250730,7,02171,1
20250730,7,02178,2
20250730,7,02179,1
20250730,7,02185,3
20250730,7,02191,2
20250730,7,02198,3
20250730,7,03310,1
20250730,7,03802,5
20250730,8,02112,3
20250730,8,02139,3
20250730,8,02148,2
20250730,8,02171,1
20250730,8,02179,2
20250730,8,02185,4
20250730,8,02191,3
20250730,8,03802,2
20250730,9,02111,3
20250730,9,02116,1
20250730,9,02122,1
20250730,9,02128,1
20250730,9,02139,2
20250730,9,02148,1
20250730,9,02171,1
20250730,9,02185,2
20250730,9,02186,1
20250730,9,02191,1
20250730,9,02198,1
20250730,9,02199,1
20250730,9,03310,3
20250730,9,03802,2
20250731,0,02111,2
20250731,0,02112,1
20250731,0,02116,2
20250731,0,02122,1
20250731,0,02139,1
20250731,0,02171,1
20250731,0,02178,1
20250731,0,02179,2
20250731,0,02185,2
20250731,0,02198,1
20250731,0,03310,1
20250731,0,03311,1
20250731,1,02111,3
20250731,1,02112,1
20250731,1,02116,5
20250731,1,02128,1
20250731,1,02139,1
20250731,1,02171,2
20250731,1,02172,1
20250731,1,02179,1
20250731,1,02198,1
20250731,10,02122,1
20250731,10,02148,2
20250731,10,02171,2
20250731,10,02179,2
20250731,10,02185,1
20250731,10,02191,1
20250731,10,03310,1
20250731,10,03311,1
20250731,11,02111,1
20250731,11,02116,1
20250731,11,02122,2
20250731,11,02159,1
20250731,11,02185,1
20250731,11,02186,3
20250731,11,02198,1
20250731,11,02199,1
20250731,11,03310,1
20250731,11,03311,1
20250731,11,03802,1
20250731,12,02116,1
20250731,12,02128,1
20250731,12,02139,1
20250731,12,02171,1
20250731,12,02172,2
20250731,12,02179,3
20250731,12,02185,2
20250731,12,02191,1
20250731,12,02198,2
20250731,13,02111,2
20250731,13,02122,1
20250731,13,02128,1
20250731,13,02129,1
20250731,13,02179,2
20250731,13,02186,1
20250731,13,02199,1
20250731,13,03311,1
20250731,14,02111,3
20250731,14,02112,2
20250731,14,02122,1
20250731,14,02139,1
20250731,14,02148,1
20250731,14,02171,1
20250731,14,02179,1
20250731,14,02185,2
20250731,14,02191,1
20250731,14,03310,1
20250731,14,03311,5
20250731,15,02111,1
20250731,15,02112,2
20250731,15,02139,1
20250731,15,02143,1
20250731,15,02159,1
20250731,15,02171,2
20250731,15,02191,1
20250731,15,02199,1
20250731,15,03310,3
20250731,16,02111,2
20250731,16,02112,1
20250731,16,02116,2
20250731,16,02122,1
20250731,16,02143,1
20250731,16,02148,2
20250731,16,02171,2
20250731,16,02179,1
20250731,16,02185,2
20250731,16,02186,1
20250731,16,02191,3
20250731,16,03310,2
20250731,16,03311,3
20250731,17,02111,5
20250731,17,02112,1
20250731,17,02116,1
20250731,17,02148,1
20250731,17,02171,3
20250731,17,02172,2
20250731,17,02178,5
20250731,17,02179,5
20250731,17,02185,6
20250731,17,02191,2
20250731,17,02198,1
20250731,17,03310,2
20250731,17,03311,4
20250731,18,02111,5
20250731,18,02116,1
20250731,18,02139,3
20250731,18,02171,6
20250731,18,02172,5
20250731,18,02178,6
20250731,18,02179,2
20250731,18,02185,3
20250731,18,02186,1
20250731,18,02191,2
20250731,18,02198,1
20250731,18,03310,1
20250731,18,03311,4
20250731,18,03802,1
20250731,19,02111,1
20250731,19,02112,4
20250731,19,02116,4
20250731,19,02122,1
20250731,19,02143,2
20250731,19,02148,1
20250731,19,02171,3
20250731,19,02172,3
20250731,19,02179,5
20250731,19,02185,5
20250731,19,02186,1
20250731,19,02191,1
20250731,19,02198,2
20250731,19,03310,3
20250731,19,03311,8
20250731,2,02111,1
20250731,2,02112,1
20250731,2,02122,1
20250731,2,02159,1
20250731,2,02185,2
20250731,2,02199,1
20250731,2,03311,1
20250731,20,02111,1
20250731,20,02112,5
20250731,20,02116,3
20250731,20,02122,1
20250731,20,02139,1
20250731,20,02143,1
20250731,20,02148,3
20250731,20,02159,1
20250731,20,02171,5
20250731,20,02178,2
20250731,20,02179,4
20250731,20,02185,4
20250731,20,02186,2
20250731,20,02191,1
20250731,20,02198,2
20250731,20,02199,3
20250731,20,03311,5
20250731,21,02111,2
20250731,21,02112,1
20250731,21,02116,4
20250731,21,02122,2
20250731,21,02129,2
20250731,21,02139,3
20250731,21,02143,1
20250731,21,02178,1
20250731,21,02179,3
20250731,21,02185,2
20250731,21,02186,2
20250731,21,02198,1
20250731,21,03311,3
20250731,21,03802,2
20250731,22,02112,1
20250731,22,02116,1
20250731,22,02171,6
20250731,22,02172,3
20250731,22,02178,1
20250731,22,02179,4
20250731,22,02185,1
20250731,22,02186,1
20250731,22,02191,2
20250731,22,02198,1
20250731,22,03311,3
20250731,23,02111,3
20250731,23,02112,1
20250731,23,02116,2
20250731,23,02139,1
20250731,23,02148,1
20250731,23,02171,3
20250731,23,02172,2
20250731,23,02185,3
20250731,23,02191,2
20250731,23,02198,1
20250731,23,03310,1
20250731,23,03311,2
20250731,3,02111,1
20250731,3,02128,1
20250731,3,02139,1
20250731,3,02179,1
20250731,3,02185,2
20250731,3,02198,1
20250731,4,02112,2
20250731,4,02122,1
20250731,4,02191,1
20250731,5,02116,2
20250731,5,02129,2
20250731,5,02139,1
20250731,5,02179,1
20250731,5,02186,1
20250731,5,02191,1
20250731,5,03310,1
20250731,5,03311,1
20250731,6,02116,1
20250731,6,02148,1
20250731,6,02171,2
20250731,6,02178,1
20250731,6,02179,1
20250731,6,02185,1
20250731,6,02186,1
20250731,6,02191,2
20250731,6,03802,2
20250731,7,02111,1
20250731,7,02116,1
20250731,7,02122,1
20250731,7,02139,3
20250731,7,02172,1
20250731,7,02178,1
20250731,7,02179,3
20250731,7,02185,5
20250731,7,02198,2
20250731,7,03310,2
20250731,7,03311,1
20250731,7,03802,1
20250731,8,02111,1
20250731,8,02112,2
20250731,8,02128,1
20250731,8,02129,1
20250731,8,02130,1
20250731,8,02139,2
20250731,8,02143,1
20250731,8,02148,2
20250731,8,02171,1
20250731,8,02179,1
20250731,8,02185,2
20250731,8,02191,4
20250731,8,02198,1
20250731,8,03802,1
20250731,9,02112,1
20250731,9,02128,1
20250731,9,02130,1
20250731,9,02139,1
20250731,9,02148,2
20250731,9,02171,1
20250731,9,02172,1
20250731,9,02178,2
20250731,9,02179,1
20250731,9,02185,2
20250731,9,02198,1
20250731,9,03802,1
