RENT_DATE,RENT_TIME,RENT_ID,CNT
20250601,0,02111,6
20250601,0,02112,4
20250601,0,02116,3
20250601,0,02122,1
20250601,0,02128,4
20250601,0,02139,1
20250601,0,02171,3
20250601,0,02179,1
20250601,0,02185,2
20250601,0,02191,1
20250601,0,02198,1
20250601,0,03310,1
20250601,0,03311,4
20250601,1,02111,4
20250601,1,02112,2
20250601,1,02116,1
20250601,1,02148,3
20250601,1,02171,1
20250601,1,02178,1
20250601,1,02179,2
20250601,1,02186,1
20250601,1,02198,1
20250601,1,03310,1
20250601,10,02111,2
20250601,10,02112,1
20250601,10,02116,1
20250601,10,02122,1
20250601,10,02130,1
20250601,10,02178,1
20250601,10,02179,2
20250601,10,02185,3
20250601,10,02191,2
20250601,10,02198,2
20250601,10,03310,2
20250601,10,03802,2
20250601,11,02111,4
20250601,11,02112,1
20250601,11,02122,2
20250601,11,02130,1
20250601,11,02143,1
20250601,11,02171,1
20250601,11,02172,3
20250601,11,02178,2
20250601,11,02185,3
20250601,11,02186,2
20250601,11,02191,3
20250601,11,03310,2
20250601,11,03311,1
20250601,12,02111,2
20250601,12,02112,1
20250601,12,02116,1
20250601,12,02128,2
20250601,12,02130,2
20250601,12,02139,2
20250601,12,02143,1
20250601,12,02148,2
20250601,12,02171,1
20250601,12,02172,3
20250601,12,02179,2
20250601,12,02185,4
20250601,12,02186,2
20250601,12,02191,2
20250601,12,02198,1
20250601,12,03310,2
20250601,13,02111,3
20250601,13,02112,3
20250601,13,02116,3
20250601,13,02129,1
20250601,13,02130,1
20250601,13,02139,1
20250601,13,02148,1
20250601,13,02171,2
20250601,13,02172,6
20250601,13,02178,1
20250601,13,02179,4
20250601,13,02185,2
20250601,13,02191,1
20250601,13,03310,1
20250601,13,03311,1
20250601,14,02112,1
20250601,14,02116,1
20250601,14,02122,1
20250601,14,02129,2
20250601,14,02130,2
20250601,14,02148,3
20250601,14,02159,1
20250601,14,02171,2
20250601,14,02172,1
20250601,14,02178,4
20250601,14,02179,2
20250601,14,02185,2
20250601,14,02186,2
20250601,14,02191,3
20250601,14,03310,5
20250601,14,03311,1
20250601,15,02111,4
20250601,15,02112,2
20250601,15,02122,1
20250601,15,02128,1
20250601,15,02129,3
20250601,15,02143,1
20250601,15,02148,1
20250601,15,02171,2
20250601,15,02172,5
20250601,15,02178,1
20250601,15,02179,4
20250601,15,02185,1
20250601,15,02191,2
20250601,15,02198,1
20250601,15,03310,2
20250601,15,03311,1
20250601,16,02111,2
20250601,16,02112,2
20250601,16,02116,1
20250601,16,02122,1
20250601,16,02129,2
20250601,16,02148,2
20250601,16,02171,6
20250601,16,02172,2
20250601,16,02178,4
20250601,16,02179,3
20250601,16,02185,2
20250601,16,02198,1
20250601,16,03310,1
20250601,16,03311,4
20250601,17,02111,1
20250601,17,02112,1
20250601,17,02116,4
20250601,17,02122,2
20250601,17,02128,1
20250601,17,02129,3
20250601,17,02139,2
20250601,17,02143,1
20250601,17,02148,5
20250601,17,02159,3
20250601,17,02171,6
20250601,17,02172,7
20250601,17,02178,3
20250601,17,02179,5
20250601,17,02185,2
20250601,17,02186,1
20250601,17,02191,5
20250601,17,03310,3
20250601,17,03311,4
20250601,18,02111,1
20250601,18,02112,3
20250601,18,02116,2
20250601,18,02122,6
20250601,18,02128,3
20250601,18,02129,2
20250601,18,02130,1
20250601,18,02139,2
20250601,18,02143,1
20250601,18,02148,4
20250601,18,02171,2
20250601,18,02172,4
20250601,18,02178,3
20250601,18,02185,2
20250601,18,02186,1
20250601,18,02191,2
20250601,18,02198,1
20250601,18,03311,3
20250601,19,02112,7
20250601,19,02116,3
20250601,19,02122,1
20250601,19,02129,1
20250601,19,02130,1
20250601,19,02139,2
20250601,19,02143,2
20250601,19,02148,1
20250601,19,02159,1
20250601,19,02171,1
20250601,19,02172,1
20250601,19,02179,1
20250601,19,02185,3
20250601,19,02191,2
20250601,19,02198,1
20250601,19,03311,2
20250601,2,02111,1
20250601,2,02122,1
20250601,2,02128,1
20250601,2,02159,1
20250601,2,02171,2
20250601,2,02179,2
20250601,2,02186,2
20250601,2,02198,1
20250601,2,03311,1
20250601,20,02112,1
20250601,20,02116,2
20250601,20,02122,2
20250601,20,02128,2
20250601,20,02129,3
20250601,20,02143,1
20250601,20,02148,2
20250601,20,02159,1
20250601,20,02171,5
20250601,20,02179,3
20250601,20,02185,6
20250601,20,02191,3
20250601,20,02198,2
20250601,20,02199,1
20250601,20,03310,1
20250601,20,03311,2
20250601,21,02111,4
20250601,21,02112,3
20250601,21,02116,1
20250601,21,02122,2
20250601,21,02128,1
20250601,21,02129,1
20250601,21,02139,1
20250601,21,02148,1
20250601,21,02171,2
20250601,21,02172,4
20250601,21,02178,1
20250601,21,02179,3
20250601,21,02185,1
20250601,21,02186,3
20250601,21,02191,1
20250601,21,02198,3
20250601,21,03310,1
20250601,21,03311,1
20250601,22,02122,1
20250601,22,02129,1
20250601,22,02139,1
20250601,22,02143,3
20250601,22,02148,2
20250601,22,02171,5
20250601,22,02172,2
20250601,22,02178,3
20250601,22,02179,1
20250601,22,02185,2
20250601,22,02191,3
20250601,22,02198,3
20250601,22,03310,4
20250601,22,03311,2
20250601,23,02111,4
20250601,23,02112,3
20250601,23,02116,4
20250601,23,02129,1
20250601,23,02143,1
20250601,23,02171,3
20250601,23,02172,3
20250601,23,02178,2
20250601,23,02179,3
20250601,23,02185,1
20250601,23,02186,1
20250601,23,02198,1
20250601,23,03311,1
20250601,3,02116,2
20250601,3,02129,1
20250601,3,02171,1
20250601,3,02185,1
20250601,3,02191,1
20250601,3,03310,1
20250601,4,02111,1
20250601,4,02139,1
20250601,4,03310,1
20250601,5,02112,1
20250601,5,02122,2
20250601,5,02172,1
20250601,5,02178,1
20250601,5,02191,1
20250601,6,02128,1
20250601,6,02171,1
20250601,6,02178,1
20250601,6,02179,1
20250601,6,02185,1
20250601,6,03310,1
20250601,7,02112,1
20250601,7,02122,1
20250601,7,02139,1
20250601,7,02159,1
20250601,7,02191,1
20250601,7,02198,2
20250601,8,02143,1
20250601,8,02159,1
20250601,8,02171,1
20250601,8,02179,2
20250601,8,02185,2
20250601,8,02191,4
20250601,8,03310,1
20250601,9,02112,1
20250601,9,02116,4
20250601,9,02130,1
20250601,9,02139,2
20250601,9,02143,1
20250601,9,02159,1
20250601,9,02172,1
20250601,9,02178,3
20250601,9,02179,1
20250601,9,02185,3
20250601,9,02186,1
20250601,9,02191,2
20250602,0,02111,2
20250602,0,02112,2
20250602,0,02116,3
20250602,0,02129,1
20250602,0,02148,1
20250602,0,02171,3
20250602,0,02172,1
20250602,0,02179,1
20250602,0,02185,3
20250602,0,02191,1
20250602,0,02198,1
20250602,1,02112,2
20250602,1,02116,1
20250602,1,02129,1
20250602,1,02159,1
20250602,1,02171,1
20250602,1,02178,1
20250602,1,02179,1
20250602,1,02185,1
20250602,10,02111,2
20250602,10,02122,1
20250602,10,02128,1
20250602,10,02129,1
20250602,10,02143,1
20250602,10,02148,1
20250602,10,02171,2
20250602,10,02179,1
20250602,10,02185,1
20250602,10,02186,1
20250602,10,02191,2
20250602,10,02198,1
20250602,10,03311,2
20250602,10,03802,1
20250602,11,02111,1
20250602,11,02116,1
20250602,11,02148,2
20250602,11,02171,1
20250602,11,02178,1
20250602,11,02179,1
20250602,11,02185,1
20250602,11,02191,1
20250602,11,03802,4
20250602,12,02116,1
20250602,12,02128,1
20250602,12,02129,1
20250602,12,02159,1
20250602,12,02179,2
20250602,12,02185,1
20250602,12,02198,3
20250602,12,03311,1
20250602,13,02122,1
20250602,13,02139,2
20250602,13,02148,1
20250602,13,02171,3
20250602,13,02178,2
20250602,13,02185,1
20250602,13,02186,1
20250602,13,02191,1
20250602,13,03311,1
20250602,14,02112,1
20250602,14,02116,1
20250602,14,02139,2
20250602,14,02143,1
20250602,14,02171,5
20250602,14,02172,1
20250602,14,02178,2
20250602,14,02179,1
20250602,14,02186,1
20250602,14,02191,3
20250602,14,02198,1
20250602,14,03311,3
20250602,15,02111,4
20250602,15,02116,1
20250602,15,02129,1
20250602,15,02171,4
20250602,15,02172,3
20250602,15,02178,1
20250602,15,02179,1
20250602,15,02185,2
20250602,15,02186,1
20250602,15,02191,4
20250602,15,03310,2
20250602,15,03311,2
20250602,15,03802,1
20250602,16,02111,2
20250602,16,02116,1
20250602,16,02122,1
20250602,16,02128,1
20250602,16,02130,2
20250602,16,02143,1
20250602,16,02148,1
20250602,16,02171,2
20250602,16,02172,2
20250602,16,02178,1
20250602,16,02185,2
20250602,16,02186,1
20250602,16,02191,2
20250602,16,03311,3
20250602,17,02111,2
20250602,17,02112,1
20250602,17,02116,3
20250602,17,02122,2
20250602,17,02128,2
20250602,17,02129,1
20250602,17,02130,3
20250602,17,02143,1
20250602,17,02148,3
20250602,17,02159,1
20250602,17,02171,2
20250602,17,02178,5
20250602,17,02179,1
20250602,17,02185,3
20250602,17,02191,3
20250602,17,02198,3
20250602,17,03310,3
20250602,17,03311,4
20250602,18,02111,5
20250602,18,02112,3
20250602,18,02116,4
20250602,18,02128,1
20250602,18,02130,1
20250602,18,02139,2
20250602,18,02143,1
20250602,18,02148,2
20250602,18,02171,5
20250602,18,02172,4
20250602,18,02178,10
20250602,18,02185,1
20250602,18,02186,5
20250602,18,02191,2
20250602,18,02198,1
20250602,18,02199,1
20250602,18,03310,7
20250602,18,03311,4
20250602,19,02111,2
20250602,19,02112,4
20250602,19,02116,5
20250602,19,02122,1
20250602,19,02128,1
20250602,19,02143,1
20250602,19,02148,2
20250602,19,02159,1
20250602,19,02171,4
20250602,19,02172,2
20250602,19,02178,2
20250602,19,02185,1
20250602,19,02186,1
20250602,19,02191,1
20250602,19,02198,3
20250602,19,03310,2
20250602,19,03311,1
20250602,19,03802,2
20250602,2,02111,2
20250602,2,02198,1
20250602,20,02111,3
20250602,20,02112,4
20250602,20,02116,3
20250602,20,02122,1
20250602,20,02128,1
20250602,20,02129,6
20250602,20,02130,1
20250602,20,02148,1
20250602,20,02179,2
20250602,20,02185,1
20250602,20,02186,1
20250602,20,02191,1
20250602,20,02199,3
20250602,20,03310,1
20250602,20,03311,2
20250602,20,03802,2
20250602,21,02111,3
20250602,21,02112,6
20250602,21,02116,1
20250602,21,02122,2
20250602,21,02128,1
20250602,21,02129,1
20250602,21,02143,1
20250602,21,02148,1
20250602,21,02159,1
20250602,21,02171,4
20250602,21,02172,1
20250602,21,02178,1
20250602,21,02185,3
20250602,21,02186,1
20250602,21,02191,2
20250602,21,02199,1
20250602,21,03311,1
20250602,21,03802,3
20250602,22,02111,1
20250602,22,02112,3
20250602,22,02122,2
20250602,22,02129,2
20250602,22,02143,1
20250602,22,02148,1
20250602,22,02159,1
20250602,22,02171,4
20250602,22,02172,1
20250602,22,02178,3
20250602,22,02179,4
20250602,22,02191,1
20250602,22,02198,3
20250602,22,03311,3
20250602,22,03802,1
20250602,23,02111,2
20250602,23,02112,1
20250602,23,02116,1
20250602,23,02122,1
20250602,23,02129,4
20250602,23,02139,2
20250602,23,02148,1
20250602,23,02171,2
20250602,23,02172,1
20250602,23,02178,3
20250602,23,02185,2
20250602,23,02191,1
20250602,23,02198,2
20250602,3,02111,2
20250602,3,02171,1
20250602,4,02111,1
20250602,4,02122,2
20250602,4,02179,2
20250602,5,02116,1
20250602,5,02128,2
20250602,5,02148,1
20250602,5,02171,1
20250602,5,02179,2
20250602,5,02191,2
20250602,5,03310,1
20250602,6,02112,1
20250602,6,02122,1
20250602,6,02129,1
20250602,6,02139,1
20250602,6,02148,1
20250602,6,02171,1
20250602,6,02179,3
20250602,6,02185,1
20250602,6,02186,1
20250602,6,02191,1
20250602,6,03310,3
20250602,6,03802,2
20250602,7,02111,3
20250602,7,02112,1
20250602,7,02129,1
20250602,7,02139,2
20250602,7,02148,2
20250602,7,02171,1
20250602,7,02179,2
20250602,7,02185,2
20250602,7,02191,2
20250602,7,02199,1
20250602,7,03310,1
20250602,7,03311,4
20250602,7,03802,2
20250602,8,02122,1
20250602,8,02128,1
20250602,8,02139,1
20250602,8,02171,1
20250602,8,02172,1
20250602,8,02179,2
20250602,8,02185,7
20250602,8,02191,5
20250602,8,02198,1
20250602,8,03310,4
20250602,8,03311,1
20250602,8,03802,2
20250602,9,02111,1
20250602,9,02112,2
20250602,9,02122,1
20250602,9,02128,1
20250602,9,02148,1
20250602,9,02171,1
20250602,9,02178,1
20250602,9,02179,1
20250602,9,02185,2
20250602,9,02186,1
20250602,9,02191,1
20250602,9,03310,2
20250602,9,03311,1
20250602,9,03802,1
20250603,0,02111,4
20250603,0,02112,1
20250603,0,02116,2
20250603,0,02122,1
20250603,0,02128,1
20250603,0,02129,1
20250603,0,02139,1
20250603,0,02143,1
20250603,0,02171,2
20250603,0,02172,2
20250603,0,02178,1
20250603,0,02179,2
20250603,0,02198,3
20250603,0,02199,2
20250603,0,03311,1
20250603,1,02111,4
20250603,1,02112,1
20250603,1,02116,1
20250603,1,02128,4
20250603,1,02129,3
20250603,1,02171,1
20250603,1,02172,2
20250603,1,02179,1
20250603,1,02186,1
20250603,1,02191,1
20250603,1,02198,1
20250603,1,03310,1
20250603,1,03311,1
20250603,10,02111,1
20250603,10,02112,3
20250603,10,02116,1
20250603,10,02122,1
20250603,10,02130,1
20250603,10,02143,1
20250603,10,02148,2
20250603,10,02159,1
20250603,10,02171,4
20250603,10,02172,1
20250603,10,02179,3
20250603,10,02185,4
20250603,10,02191,2
20250603,10,03310,2
20250603,11,02111,2
20250603,11,02122,1
20250603,11,02159,2
20250603,11,02171,2
20250603,11,02172,1
20250603,11,02178,1
20250603,11,02179,6
20250603,11,02185,1
20250603,11,02186,1
20250603,11,02191,6
20250603,11,03311,1
20250603,12,02111,4
20250603,12,02129,1
20250603,12,02143,2
20250603,12,02148,1
20250603,12,02171,2
20250603,12,02172,2
20250603,12,02178,3
20250603,12,02179,3
20250603,12,02185,2
20250603,12,02191,1
20250603,12,02198,2
20250603,12,03310,4
20250603,13,02111,5
20250603,13,02112,1
20250603,13,02122,2
20250603,13,02139,6
20250603,13,02143,2
20250603,13,02171,8
20250603,13,02172,1
20250603,13,02178,2
20250603,13,02179,4
20250603,13,02185,3
20250603,13,02186,2
20250603,13,02191,4
20250603,13,03310,3
20250603,13,03311,1
20250603,14,02111,1
20250603,14,02112,3
20250603,14,02116,4
20250603,14,02122,1
20250603,14,02128,4
20250603,14,02130,2
20250603,14,02139,7
20250603,14,02143,1
20250603,14,02148,1
20250603,14,02171,7
20250603,14,02172,6
20250603,14,02178,1
20250603,14,02179,5
20250603,14,02185,1
20250603,14,02191,1
20250603,14,02198,1
20250603,14,03310,4
20250603,14,03311,2
20250603,15,02111,5
20250603,15,02112,2
20250603,15,02116,3
20250603,15,02128,1
20250603,15,02130,3
20250603,15,02139,1
20250603,15,02148,2
20250603,15,02171,4
20250603,15,02172,2
20250603,15,02178,2
20250603,15,02179,3
20250603,15,02185,4
20250603,15,02191,3
20250603,15,02198,1
20250603,15,02199,1
20250603,15,03310,1
20250603,15,03311,2
20250603,16,02111,2
20250603,16,02112,1
20250603,16,02122,2
20250603,16,02128,2
20250603,16,02139,3
20250603,16,02148,1
20250603,16,02171,7
20250603,16,02172,3
20250603,16,02178,1
20250603,16,02179,2
20250603,16,02185,6
20250603,16,02186,1
20250603,16,02191,3
20250603,16,02198,2
20250603,16,02199,1
20250603,16,03311,6
20250603,17,02111,2
20250603,17,02112,4
20250603,17,02116,3
20250603,17,02122,4
20250603,17,02128,1
20250603,17,02130,1
20250603,17,02143,5
20250603,17,02159,1
20250603,17,02171,3
20250603,17,02172,4
20250603,17,02178,3
20250603,17,02179,6
20250603,17,02185,2
20250603,17,02191,1
20250603,17,02198,2
20250603,17,02199,1
20250603,18,02111,3
20250603,18,02112,5
20250603,18,02116,2
20250603,18,02128,1
20250603,18,02129,1
20250603,18,02130,3
20250603,18,02139,3
20250603,18,02143,1
20250603,18,02148,2
20250603,18,02171,6
20250603,18,02172,6
20250603,18,02178,2
20250603,18,02179,4
20250603,18,02185,2
20250603,18,02186,1
20250603,18,02191,3
20250603,18,02198,2
20250603,18,03310,2
20250603,18,03311,5
20250603,19,02111,5
20250603,19,02112,6
20250603,19,02116,3
20250603,19,02122,2
20250603,19,02130,1
20250603,19,02143,3
20250603,19,02148,2
20250603,19,02159,1
20250603,19,02171,7
20250603,19,02172,6
20250603,19,02178,1
20250603,19,02179,4
20250603,19,02185,4
20250603,19,02191,4
20250603,19,02198,1
20250603,19,02199,1
20250603,19,03310,1
20250603,19,03311,2
20250603,19,03802,1
20250603,2,02112,1
20250603,2,02122,1
20250603,2,02128,2
20250603,2,02171,1
20250603,2,02179,1
20250603,2,02185,1
20250603,2,02191,2
20250603,2,02198,1
20250603,20,02111,1
20250603,20,02112,5
20250603,20,02116,2
20250603,20,02122,5
20250603,20,02130,3
20250603,20,02143,2
20250603,20,02148,3
20250603,20,02171,3
20250603,20,02172,2
20250603,20,02178,5
20250603,20,02179,2
20250603,20,02185,2
20250603,20,02186,1
20250603,20,02191,2
20250603,20,02198,3
20250603,20,02199,1
20250603,20,03310,2
20250603,21,02111,1
20250603,21,02112,3
20250603,21,02116,1
20250603,21,02122,2
20250603,21,02128,2
20250603,21,02171,2
20250603,21,02178,3
20250603,21,02179,3
20250603,21,02185,5
20250603,21,02191,2
20250603,21,02198,1
20250603,21,02199,4
20250603,21,03310,1
20250603,22,02111,1
20250603,22,02112,3
20250603,22,02122,2
20250603,22,02128,1
20250603,22,02159,1
20250603,22,02171,2
20250603,22,02172,2
20250603,22,02178,2
20250603,22,02179,2
20250603,22,02185,3
20250603,22,02191,3
20250603,22,02198,2
20250603,22,03311,2
20250603,23,02111,2
20250603,23,02116,3
20250603,23,02143,1
20250603,23,02171,2
20250603,23,02172,1
20250603,23,02178,1
20250603,23,02179,2
20250603,23,02198,5
20250603,23,02199,1
20250603,23,03310,1
20250603,23,03311,1
20250603,3,02122,1
20250603,3,02129,1
20250603,3,02172,1
20250603,3,02179,2
20250603,3,02185,1
20250603,4,02111,1
20250603,4,02143,2
20250603,4,02171,2
20250603,4,02185,1
20250603,4,02191,1
20250603,5,02112,1
20250603,5,02129,1
20250603,5,02139,1
20250603,5,02179,1
20250603,5,02198,1
20250603,6,02129,1
20250603,6,02139,1
20250603,6,02143,1
20250603,6,02148,1
20250603,6,02186,1
20250603,6,02191,1
20250603,6,03310,1
20250603,7,02128,1
20250603,7,02139,2
20250603,7,02171,2
20250603,7,02172,1
20250603,7,02179,1
20250603,7,02186,1
20250603,7,02191,1
20250603,7,02198,1
20250603,7,02199,1
20250603,7,03311,1
20250603,8,02112,1
20250603,8,02129,1
20250603,8,02143,2
20250603,8,02148,1
20250603,8,02172,1
20250603,8,02178,1
20250603,8,02185,4
20250603,8,02186,1
20250603,8,02191,2
20250603,8,02198,2
20250603,9,02111,4
20250603,9,02122,1
20250603,9,02128,1
20250603,9,02139,1
20250603,9,02148,2
20250603,9,02171,3
20250603,9,02172,4
20250603,9,02178,2
20250603,9,02185,3
20250603,9,02191,1
20250603,9,03311,1
20250604,0,02111,2
20250604,0,02116,2
20250604,0,02129,1
20250604,0,02148,1
20250604,0,02171,1
20250604,0,02172,1
20250604,0,02179,1
20250604,0,02185,1
20250604,0,02198,1
20250604,1,02112,2
20250604,1,02116,1
20250604,1,02148,2
20250604,1,02172,1
20250604,1,02185,1
20250604,1,02191,1
20250604,1,02198,1
20250604,10,02116,1
20250604,10,02128,1
20250604,10,02148,2
20250604,10,02171,1
20250604,10,02178,1
20250604,10,02179,2
20250604,10,02185,1
20250604,10,02186,1
20250604,10,02191,3
20250604,10,03311,1
20250604,10,03802,2
20250604,11,02111,6
20250604,11,02112,1
20250604,11,02116,1
20250604,11,02122,1
20250604,11,02128,1
20250604,11,02129,1
20250604,11,02139,1
20250604,11,02148,2
20250604,11,02159,1
20250604,11,02171,2
20250604,11,02172,1
20250604,11,02178,4
20250604,11,02185,2
20250604,11,02191,3
20250604,11,02198,2
20250604,11,02199,1
20250604,11,03802,3
20250604,12,02111,1
20250604,12,02112,1
20250604,12,02148,3
20250604,12,02171,5
20250604,12,02172,2
20250604,12,02185,3
20250604,12,02186,1
20250604,12,02191,1
20250604,12,02199,2
20250604,12,03311,1
20250604,12,03802,1
20250604,13,02111,1
20250604,13,02112,1
20250604,13,02143,1
20250604,13,02148,2
20250604,13,02172,4
20250604,13,02179,3
20250604,13,02185,3
20250604,13,02191,1
20250604,13,03310,1
20250604,13,03311,2
20250604,13,03802,1
20250604,14,02111,2
20250604,14,02112,2
20250604,14,02129,2
20250604,14,02148,1
20250604,14,02159,1
20250604,14,02171,5
20250604,14,02172,1
20250604,14,02179,2
20250604,14,02186,1
20250604,14,02191,3
20250604,14,03311,4
20250604,14,03802,1
20250604,15,02111,3
20250604,15,02112,1
20250604,15,02116,1
20250604,15,02122,2
20250604,15,02128,1
20250604,15,02129,1
20250604,15,02130,1
20250604,15,02148,2
20250604,15,02159,1
20250604,15,02171,1
20250604,15,02172,3
20250604,15,02179,1
20250604,15,02185,1
20250604,15,02186,1
20250604,15,02191,3
20250604,15,02198,1
20250604,15,03311,3
20250604,16,02111,5
20250604,16,02112,1
20250604,16,02116,1
20250604,16,02128,1
20250604,16,02129,3
20250604,16,02130,2
20250604,16,02139,2
20250604,16,02143,2
20250604,16,02148,1
20250604,16,02159,2
20250604,16,02171,5
20250604,16,02172,3
20250604,16,02178,3
20250604,16,02179,2
20250604,16,02185,2
20250604,16,02186,1
20250604,16,02191,1
20250604,16,03310,2
20250604,16,03311,2
20250604,17,02111,4
20250604,17,02116,5
20250604,17,02129,2
20250604,17,02143,1
20250604,17,02148,4
20250604,17,02171,5
20250604,17,02172,1
20250604,17,02178,5
20250604,17,02179,3
20250604,17,02185,4
20250604,17,02191,4
20250604,17,02198,2
20250604,17,03310,2
20250604,17,03802,1
20250604,18,02111,2
20250604,18,02112,3
20250604,18,02116,3
20250604,18,02122,2
20250604,18,02129,3
20250604,18,02130,1
20250604,18,02139,3
20250604,18,02143,1
20250604,18,02148,2
20250604,18,02171,4
20250604,18,02172,4
20250604,18,02178,6
20250604,18,02179,5
20250604,18,02185,3
20250604,18,02186,1
20250604,18,02191,3
20250604,18,02198,1
20250604,18,03310,1
20250604,18,03311,8
20250604,18,03802,1
20250604,19,02111,3
20250604,19,02112,5
20250604,19,02116,3
20250604,19,02122,1
20250604,19,02128,3
20250604,19,02130,1
20250604,19,02139,2
20250604,19,02143,1
20250604,19,02148,2
20250604,19,02159,1
20250604,19,02171,3
20250604,19,02172,1
20250604,19,02178,3
20250604,19,02179,1
20250604,19,02185,2
20250604,19,02186,1
20250604,19,02191,1
20250604,19,02199,2
20250604,19,03310,1
20250604,19,03311,4
20250604,19,03802,1
20250604,2,02116,1
20250604,2,02122,1
20250604,2,02148,2
20250604,2,02171,2
20250604,2,02172,1
20250604,2,02179,1
20250604,20,02111,4
20250604,20,02112,2
20250604,20,02116,6
20250604,20,02122,2
20250604,20,02128,1
20250604,20,02129,2
20250604,20,02130,2
20250604,20,02139,3
20250604,20,02143,3
20250604,20,02171,4
20250604,20,02172,2
20250604,20,02178,9
20250604,20,02179,2
20250604,20,02185,1
20250604,20,02186,1
20250604,20,02191,2
20250604,20,02198,4
20250604,21,02111,8
20250604,21,02112,1
20250604,21,02116,3
20250604,21,02122,4
20250604,21,02128,1
20250604,21,02143,1
20250604,21,02148,3
20250604,21,02171,1
20250604,21,02172,1
20250604,21,02178,3
20250604,21,02179,5
20250604,21,02185,4
20250604,21,02186,1
20250604,21,02191,1
20250604,21,02198,1
20250604,21,02199,1
20250604,21,03311,3
20250604,21,03802,3
20250604,22,02111,1
20250604,22,02112,1
20250604,22,02116,3
20250604,22,02122,1
20250604,22,02128,2
20250604,22,02129,2
20250604,22,02139,1
20250604,22,02143,1
20250604,22,02148,2
20250604,22,02171,2
20250604,22,02172,2
20250604,22,02178,5
20250604,22,02179,2
20250604,22,02185,3
20250604,22,02186,1
20250604,22,02191,2
20250604,22,02198,4
20250604,22,03311,3
20250604,22,03802,1
20250604,23,02111,2
20250604,23,02112,5
20250604,23,02116,1
20250604,23,02128,1
20250604,23,02139,1
20250604,23,02143,1
20250604,23,02171,2
20250604,23,02178,1
20250604,23,02185,2
20250604,23,02186,1
20250604,23,02191,2
20250604,23,02198,5
20250604,3,02172,3
20250604,3,02185,1
20250604,3,03802,1
20250604,4,02111,1
20250604,4,02143,1
20250604,4,02171,1
20250604,4,02172,1
20250604,4,02185,1
20250604,4,02191,1
20250604,4,03311,1
20250604,5,02111,1
20250604,5,02128,1
20250604,5,02129,1
20250604,5,02139,1
20250604,5,02171,1
20250604,5,02179,1
20250604,5,02186,1
20250604,5,02191,1
20250604,5,02199,3
20250604,5,03310,2
20250604,5,03311,1
20250604,6,02111,1
20250604,6,02112,1
20250604,6,02116,1
20250604,6,02122,1
20250604,6,02139,1
20250604,6,02179,2
20250604,6,02185,1
20250604,6,02186,1
20250604,6,02191,2
20250604,6,03310,1
20250604,6,03311,1
20250604,6,03802,1
20250604,7,02111,2
20250604,7,02112,1
20250604,7,02122,2
20250604,7,02128,1
20250604,7,02139,4
20250604,7,02148,1
20250604,7,02172,1
20250604,7,02185,1
20250604,7,02186,1
20250604,7,02191,2
20250604,7,02198,2
20250604,7,03310,4
20250604,7,03311,2
20250604,7,03802,5
20250604,8,02111,1
20250604,8,02122,1
20250604,8,02148,1
20250604,8,02171,3
20250604,8,02172,1
20250604,8,02179,1
20250604,8,02185,7
20250604,8,02191,2
20250604,8,02198,1
20250604,8,03310,5
20250604,8,03311,1
20250604,8,03802,2
20250604,9,02112,1
20250604,9,02116,1
20250604,9,02139,1
20250604,9,02143,2
20250604,9,02148,1
20250604,9,02171,1
20250604,9,02179,1
20250604,9,02185,1
20250604,9,02191,2
20250604,9,02198,1
20250604,9,02199,1
20250604,9,03310,1
20250604,9,03311,1
20250604,9,03802,1
20250605,0,02111,2
20250605,0,02116,2
20250605,0,02122,1
20250605,0,02139,1
20250605,0,02178,1
20250605,0,02179,2
20250605,0,02185,4
20250605,0,02198,1
20250605,0,02199,1
20250605,0,03311,3
20250605,1,02111,1
20250605,1,02112,3
20250605,1,02116,1
20250605,1,02122,1
20250605,1,02171,1
20250605,1,02179,3
20250605,1,02185,3
20250605,1,02198,2
20250605,10,02111,1
20250605,10,02116,2
20250605,10,02122,4
20250605,10,02128,1
20250605,10,02129,1
20250605,10,02130,1
20250605,10,02148,1
20250605,10,02159,1
20250605,10,02171,1
20250605,10,02179,1
20250605,10,02185,1
20250605,10,02186,1
20250605,10,02191,4
20250605,10,02198,1
20250605,10,02199,1
20250605,10,03311,1
20250605,11,02111,5
20250605,11,02116,1
20250605,11,02122,2
20250605,11,02128,2
20250605,11,02129,1
20250605,11,02139,3
20250605,11,02148,1
20250605,11,02159,1
20250605,11,02171,1
20250605,11,02178,1
20250605,11,02179,3
20250605,11,02185,1
20250605,11,02186,1
20250605,11,02198,1
20250605,11,02199,1
20250605,11,03310,3
20250605,11,03311,1
20250605,11,03802,1
20250605,12,02116,1
20250605,12,02122,1
20250605,12,02143,2
20250605,12,02148,3
20250605,12,02172,1
20250605,12,02179,1
20250605,12,02185,3
20250605,12,02198,3
20250605,12,03310,1
20250605,12,03311,3
20250605,13,02111,1
20250605,13,02122,2
20250605,13,02128,2
20250605,13,02143,1
20250605,13,02171,2
20250605,13,02172,1
20250605,13,02179,2
20250605,13,02185,1
20250605,13,02186,1
20250605,13,02191,1
20250605,13,02199,1
20250605,13,03310,1
20250605,13,03311,1
20250605,14,02111,1
20250605,14,02116,1
20250605,14,02129,2
20250605,14,02148,2
20250605,14,02171,2
20250605,14,02172,3
20250605,14,02178,4
20250605,14,02179,1
20250605,14,02185,1
20250605,14,02186,2
20250605,14,02191,1
20250605,14,02198,3
20250605,14,02199,2
20250605,14,03311,3
20250605,15,02112,2
20250605,15,02129,1
20250605,15,02130,1
20250605,15,02171,2
20250605,15,02172,1
20250605,15,02178,3
20250605,15,02186,1
20250605,15,02191,1
20250605,15,03310,1
20250605,15,03311,2
20250605,16,02111,1
20250605,16,02112,1
20250605,16,02116,1
20250605,16,02130,2
20250605,16,02139,1
20250605,16,02148,1
20250605,16,02171,1
20250605,16,02172,3
20250605,16,02178,1
20250605,16,02179,2
20250605,16,02185,1
20250605,16,02191,3
20250605,16,03310,3
20250605,16,03311,3
20250605,17,02111,4
20250605,17,02112,1
20250605,17,02122,2
20250605,17,02128,2
20250605,17,02129,3
20250605,17,02130,1
20250605,17,02139,2
20250605,17,02148,2
20250605,17,02159,4
20250605,17,02171,7
20250605,17,02172,2
20250605,17,02178,1
20250605,17,02179,7
20250605,17,02185,1
20250605,17,02186,2
20250605,17,02191,3
20250605,17,02198,2
20250605,17,03311,4
20250605,17,03802,2
20250605,18,02111,2
20250605,18,02112,3
20250605,18,02116,3
20250605,18,02122,5
20250605,18,02128,2
20250605,18,02129,4
20250605,18,02139,4
20250605,18,02143,3
20250605,18,02148,4
20250605,18,02159,1
20250605,18,02171,4
20250605,18,02172,2
20250605,18,02178,7
20250605,18,02179,5
20250605,18,02185,4
20250605,18,02186,3
20250605,18,02191,3
20250605,18,03310,3
20250605,18,03311,4
20250605,18,03802,3
20250605,19,02111,2
20250605,19,02112,1
20250605,19,02122,2
20250605,19,02129,1
20250605,19,02130,1
20250605,19,02139,1
20250605,19,02143,2
20250605,19,02148,2
20250605,19,02159,1
20250605,19,02171,7
20250605,19,02172,1
20250605,19,02178,2
20250605,19,02179,2
20250605,19,02185,2
20250605,19,02186,3
20250605,19,02198,4
20250605,19,03310,1
20250605,19,03311,2
20250605,19,03802,3
20250605,2,02112,1
20250605,2,02122,1
20250605,2,02128,1
20250605,2,02129,1
20250605,2,02171,1
20250605,2,02179,4
20250605,2,02185,1
20250605,2,02186,1
20250605,2,02191,1
20250605,2,02198,2
20250605,20,02111,2
20250605,20,02112,3
20250605,20,02116,2
20250605,20,02122,1
20250605,20,02128,3
20250605,20,02129,1
20250605,20,02139,1
20250605,20,02143,3
20250605,20,02148,1
20250605,20,02159,2
20250605,20,02171,3
20250605,20,02172,1
20250605,20,02178,6
20250605,20,02185,5
20250605,20,02186,1
20250605,20,02191,5
20250605,20,02199,3
20250605,20,03310,1
20250605,20,03311,6
20250605,20,03802,4
20250605,21,02111,5
20250605,21,02112,4
20250605,21,02122,1
20250605,21,02128,3
20250605,21,02139,2
20250605,21,02148,1
20250605,21,02159,3
20250605,21,02171,6
20250605,21,02172,1
20250605,21,02178,3
20250605,21,02179,5
20250605,21,02185,3
20250605,21,02191,2
20250605,21,02198,5
20250605,21,02199,1
20250605,21,03311,5
20250605,22,02111,4
20250605,22,02112,2
20250605,22,02116,2
20250605,22,02122,1
20250605,22,02128,2
20250605,22,02148,3
20250605,22,02159,1
20250605,22,02171,3
20250605,22,02172,1
20250605,22,02179,5
20250605,22,02185,4
20250605,22,02186,1
20250605,22,02198,3
20250605,22,03310,1
20250605,22,03311,1
20250605,23,02111,3
20250605,23,02112,2
20250605,23,02116,2
20250605,23,02129,1
20250605,23,02143,3
20250605,23,02148,1
20250605,23,02171,2
20250605,23,02178,1
20250605,23,02179,3
20250605,23,02185,3
20250605,23,02191,1
20250605,23,02198,2
20250605,23,02199,1
20250605,23,03310,2
20250605,23,03311,1
20250605,3,02185,1
20250605,3,02191,1
20250605,4,02111,1
20250605,4,02112,1
20250605,4,02116,1
20250605,4,02122,1
20250605,4,02139,1
20250605,4,02185,1
20250605,4,02186,1
20250605,4,02191,1
20250605,4,02198,1
20250605,5,02112,1
20250605,5,02122,2
20250605,5,02129,1
20250605,5,02139,1
20250605,5,02148,1
20250605,5,02171,1
20250605,5,02172,1
20250605,5,02179,1
20250605,5,02185,1
20250605,5,02186,1
20250605,5,02191,1
20250605,6,02111,1
20250605,6,02112,2
20250605,6,02122,1
20250605,6,02129,1
20250605,6,02148,2
20250605,6,02159,1
20250605,6,02179,1
20250605,6,02185,1
20250605,6,02191,4
20250605,6,03310,2
20250605,6,03802,3
20250605,7,02111,2
20250605,7,02122,2
20250605,7,02128,2
20250605,7,02139,4
20250605,7,02143,1
20250605,7,02148,2
20250605,7,02171,1
20250605,7,02172,1
20250605,7,02179,3
20250605,7,02185,2
20250605,7,02186,1
20250605,7,02191,1
20250605,7,02198,2
20250605,7,03310,2
20250605,7,03311,1
20250605,7,03802,3
20250605,8,02111,2
20250605,8,02112,3
20250605,8,02122,1
20250605,8,02139,2
20250605,8,02148,1
20250605,8,02159,1
20250605,8,02171,3
20250605,8,02172,2
20250605,8,02179,1
20250605,8,02185,4
20250605,8,02191,5
20250605,8,03310,3
20250605,8,03311,2
20250605,8,03802,3
20250605,9,02111,1
20250605,9,02112,1
20250605,9,02116,2
20250605,9,02129,1
20250605,9,02139,1
20250605,9,02143,1
20250605,9,02148,4
20250605,9,02171,2
20250605,9,02178,1
20250605,9,02179,1
20250605,9,02191,3
20250605,9,02198,1
20250605,9,03310,3
20250605,9,03311,1
20250605,9,03802,3
20250606,0,02111,2
20250606,0,02112,1
20250606,0,02116,1
20250606,0,02122,1
20250606,0,02128,1
20250606,0,02129,1
20250606,0,02139,1
20250606,0,02171,2
20250606,0,02178,1
20250606,0,02179,3
20250606,0,02191,1
20250606,0,02198,2
20250606,0,02199,1
20250606,0,03311,1
20250606,1,02111,1
20250606,1,02112,2
20250606,1,02116,5
20250606,1,02128,1
20250606,1,02139,1
20250606,1,02143,1
20250606,1,02148,2
20250606,1,02171,4
20250606,1,02179,1
20250606,1,02191,2
20250606,1,02198,2
20250606,1,03311,4
20250606,10,02112,1
20250606,10,02116,2
20250606,10,02122,2
20250606,10,02129,3
20250606,10,02148,1
20250606,10,02159,1
20250606,10,02178,1
20250606,10,02179,2
20250606,10,02185,2
20250606,10,02191,2
20250606,10,03311,2
20250606,11,02111,1
20250606,11,02112,5
20250606,11,02116,1
20250606,11,02122,3
20250606,11,02128,1
20250606,11,02139,1
20250606,11,02148,2
20250606,11,02159,2
20250606,11,02171,2
20250606,11,02172,2
20250606,11,02178,2
20250606,11,02179,5
20250606,11,02185,1
20250606,11,02186,1
20250606,11,02198,1
20250606,11,02199,3
20250606,11,03311,1
20250606,12,02112,1
20250606,12,02116,1
20250606,12,02122,1
20250606,12,02128,1
20250606,12,02129,5
20250606,12,02148,1
20250606,12,02159,1
20250606,12,02171,1
20250606,12,02172,1
20250606,12,02178,1
20250606,12,02179,2
20250606,12,02185,1
20250606,12,02186,1
20250606,12,02191,4
20250606,12,02198,1
20250606,12,02199,1
20250606,13,02111,2
20250606,13,02112,3
20250606,13,02116,1
20250606,13,02122,5
20250606,13,02128,1
20250606,13,02129,3
20250606,13,02130,2
20250606,13,02143,1
20250606,13,02148,2
20250606,13,02159,1
20250606,13,02171,1
20250606,13,02172,4
20250606,13,02178,2
20250606,13,02179,4
20250606,14,02111,2
20250606,14,02112,1
20250606,14,02116,2
20250606,14,02122,1
20250606,14,02129,1
20250606,14,02139,2
20250606,14,02148,1
20250606,14,02171,5
20250606,14,02172,2
20250606,14,02178,2
20250606,14,02185,2
20250606,14,02198,2
20250606,14,03311,4
20250606,15,02111,2
20250606,15,02116,3
20250606,15,02122,1
20250606,15,02128,1
20250606,15,02139,1
20250606,15,02171,1
20250606,15,02172,3
20250606,15,02178,1
20250606,15,02179,2
20250606,15,02185,2
20250606,15,02186,1
20250606,15,02191,3
20250606,15,02198,3
20250606,15,03310,3
20250606,15,03311,2
20250606,16,02111,1
20250606,16,02112,2
20250606,16,02116,2
20250606,16,02122,3
20250606,16,02128,3
20250606,16,02129,2
20250606,16,02130,1
20250606,16,02139,1
20250606,16,02148,1
20250606,16,02172,3
20250606,16,02178,1
20250606,16,02179,3
20250606,16,02185,5
20250606,16,02186,2
20250606,16,02191,2
20250606,16,02198,4
20250606,16,03310,2
20250606,16,03311,4
20250606,17,02111,2
20250606,17,02112,1
20250606,17,02116,4
20250606,17,02128,1
20250606,17,02129,2
20250606,17,02139,1
20250606,17,02148,3
20250606,17,02171,4
20250606,17,02172,2
20250606,17,02178,2
20250606,17,02179,1
20250606,17,02185,2
20250606,17,02198,3
20250606,17,03310,2
20250606,17,03311,2
20250606,18,02111,4
20250606,18,02112,5
20250606,18,02116,3
20250606,18,02122,2
20250606,18,02128,2
20250606,18,02139,6
20250606,18,02148,3
20250606,18,02171,6
20250606,18,02172,4
20250606,18,02178,4
20250606,18,02179,4
20250606,18,02185,3
20250606,18,02186,1
20250606,18,02191,8
20250606,18,02198,3
20250606,18,03311,2
20250606,19,02111,6
20250606,19,02112,5
20250606,19,02116,6
20250606,19,02122,6
20250606,19,02128,3
20250606,19,02139,1
20250606,19,02148,2
20250606,19,02171,3
20250606,19,02172,1
20250606,19,02179,5
20250606,19,02185,2
20250606,19,02186,2
20250606,19,02191,2
20250606,19,02198,2
20250606,19,03310,1
20250606,19,03311,1
20250606,2,02111,1
20250606,2,02116,1
20250606,2,02128,1
20250606,2,02139,1
20250606,2,02148,2
20250606,2,02185,2
20250606,2,02186,1
20250606,2,02191,1
20250606,2,02198,2
20250606,2,03311,1
20250606,20,02111,6
20250606,20,02112,2
20250606,20,02116,3
20250606,20,02122,3
20250606,20,02128,4
20250606,20,02129,2
20250606,20,02148,2
20250606,20,02159,2
20250606,20,02171,4
20250606,20,02172,1
20250606,20,02178,5
20250606,20,02179,3
20250606,20,02185,4
20250606,20,02191,3
20250606,20,02198,4
20250606,20,03311,2
20250606,21,02111,2
20250606,21,02116,1
20250606,21,02128,3
20250606,21,02143,5
20250606,21,02148,2
20250606,21,02171,2
20250606,21,02172,1
20250606,21,02179,1
20250606,21,02185,1
20250606,21,02191,2
20250606,21,02198,1
20250606,21,03311,4
20250606,22,02111,4
20250606,22,02112,1
20250606,22,02116,2
20250606,22,02128,1
20250606,22,02130,1
20250606,22,02143,2
20250606,22,02159,1
20250606,22,02171,2
20250606,22,02172,1
20250606,22,02178,3
20250606,22,02179,2
20250606,22,02185,6
20250606,22,02186,1
20250606,22,02191,1
20250606,22,02198,2
20250606,22,03311,3
20250606,23,02111,2
20250606,23,02112,1
20250606,23,02122,2
20250606,23,02128,1
20250606,23,02129,1
20250606,23,02139,1
20250606,23,02148,1
20250606,23,02171,1
20250606,23,02178,2
20250606,23,02179,1
20250606,23,02185,2
20250606,23,02198,1
20250606,23,02199,1
20250606,3,02171,3
20250606,3,02172,1
20250606,3,02179,2
20250606,3,02185,1
20250606,3,02186,1
20250606,3,02191,1
20250606,3,02198,1
20250606,4,02112,1
20250606,4,02148,1
20250606,4,02171,1
20250606,4,02185,2
20250606,4,02191,1
20250606,5,02116,2
20250606,5,02179,1
20250606,5,02191,1
20250606,6,02111,1
20250606,6,02122,1
20250606,6,02139,1
20250606,6,02179,2
20250606,6,02191,1
20250606,6,02198,1
20250606,6,03311,1
20250606,7,02128,1
20250606,7,02129,1
20250606,7,02139,2
20250606,7,02143,2
20250606,7,02148,1
20250606,7,02191,2
20250606,7,02198,1
20250606,8,02112,1
20250606,8,02128,1
20250606,8,02130,1
20250606,8,02159,1
20250606,8,02172,1
20250606,8,02179,1
20250606,8,02185,2
20250606,8,02191,2
20250606,8,02198,2
20250606,8,03310,1
20250606,9,02111,1
20250606,9,02122,2
20250606,9,02128,1
20250606,9,02130,1
20250606,9,02139,1
20250606,9,02143,1
20250606,9,02148,1
20250606,9,02159,1
20250606,9,02172,3
20250606,9,02178,1
20250606,9,02185,2
20250606,9,03310,1
20250607,0,02111,2
20250607,0,02112,2
20250607,0,02116,2
20250607,0,02128,1
20250607,0,02129,1
20250607,0,02139,2
20250607,0,02171,8
20250607,0,02178,3
20250607,0,02179,1
20250607,0,02186,1
20250607,0,02191,1
20250607,0,02198,1
20250607,0,03311,1
20250607,1,02111,1
20250607,1,02112,1
20250607,1,02116,2
20250607,1,02122,1
20250607,1,02139,1
20250607,1,02148,3
20250607,1,02171,3
20250607,1,02178,1
20250607,1,02185,2
20250607,10,02111,1
20250607,10,02112,2
20250607,10,02116,1
20250607,10,02122,1
20250607,10,02128,2
20250607,10,02139,2
20250607,10,02143,1
20250607,10,02148,2
20250607,10,02171,1
20250607,10,02172,3
20250607,10,02178,1
20250607,10,02179,1
20250607,10,02185,2
20250607,10,02191,1
20250607,10,03310,3
20250607,10,03311,1
20250607,10,03802,1
20250607,11,02111,2
20250607,11,02112,1
20250607,11,02122,1
20250607,11,02148,4
20250607,11,02159,1
20250607,11,02171,6
20250607,11,02172,2
20250607,11,02179,2
20250607,11,02185,2
20250607,11,02186,1
20250607,11,02191,1
20250607,11,02198,2
20250607,11,02199,1
20250607,11,03311,2
20250607,11,03802,1
20250607,12,02111,5
20250607,12,02112,1
20250607,12,02128,2
20250607,12,02130,1
20250607,12,02139,1
20250607,12,02148,4
20250607,12,02159,1
20250607,12,02171,5
20250607,12,02172,3
20250607,12,02178,4
20250607,12,02185,2
20250607,12,02191,1
20250607,12,02198,1
20250607,12,03310,4
20250607,12,03311,2
20250607,12,03802,1
20250607,13,02111,3
20250607,13,02112,4
20250607,13,02128,2
20250607,13,02148,3
20250607,13,02172,5
20250607,13,02178,1
20250607,13,02179,1
20250607,13,02185,2
20250607,13,02186,2
20250607,13,02198,1
20250607,13,02199,1
20250607,13,03310,3
20250607,13,03311,2
20250607,13,03802,1
20250607,14,02111,1
20250607,14,02128,2
20250607,14,02129,1
20250607,14,02139,1
20250607,14,02143,1
20250607,14,02148,1
20250607,14,02171,2
20250607,14,02172,2
20250607,14,02178,1
20250607,14,02179,4
20250607,14,02185,2
20250607,14,02191,3
20250607,14,02198,4
20250607,14,03310,1
20250607,14,03311,2
20250607,14,03802,2
20250607,15,02111,5
20250607,15,02112,2
20250607,15,02116,3
20250607,15,02122,1
20250607,15,02139,1
20250607,15,02148,4
20250607,15,02159,1
20250607,15,02171,2
20250607,15,02172,3
20250607,15,02178,1
20250607,15,02179,6
20250607,15,02185,3
20250607,15,02186,1
20250607,15,02191,5
20250607,15,02198,1
20250607,15,03310,4
20250607,15,03311,2
20250607,16,02112,2
20250607,16,02116,1
20250607,16,02122,3
20250607,16,02128,1
20250607,16,02130,1
20250607,16,02139,3
20250607,16,02143,1
20250607,16,02148,2
20250607,16,02159,3
20250607,16,02171,7
20250607,16,02172,8
20250607,16,02178,7
20250607,16,02179,3
20250607,16,02185,2
20250607,16,03310,1
20250607,16,03311,3
20250607,16,03802,2
20250607,17,02111,4
20250607,17,02112,1
20250607,17,02116,2
20250607,17,02122,2
20250607,17,02130,1
20250607,17,02139,2
20250607,17,02143,3
20250607,17,02148,2
20250607,17,02159,1
20250607,17,02171,3
20250607,17,02172,4
20250607,17,02178,5
20250607,17,02179,2
20250607,17,02185,5
20250607,17,02186,1
20250607,17,02191,4
20250607,17,03310,1
20250607,17,03311,1
20250607,17,03802,3
20250607,18,02111,6
20250607,18,02112,4
20250607,18,02122,1
20250607,18,02128,2
20250607,18,02139,2
20250607,18,02143,1
20250607,18,02148,3
20250607,18,02171,5
20250607,18,02172,3
20250607,18,02178,2
20250607,18,02179,3
20250607,18,02185,2
20250607,18,02186,1
20250607,18,02191,1
20250607,18,02198,1
20250607,18,02199,3
20250607,18,03311,2
20250607,18,03802,2
20250607,19,02111,3
20250607,19,02112,1
20250607,19,02116,2
20250607,19,02122,1
20250607,19,02128,3
20250607,19,02139,3
20250607,19,02148,2
20250607,19,02171,4
20250607,19,02178,3
20250607,19,02179,3
20250607,19,02185,2
20250607,19,02186,2
20250607,19,02191,2
20250607,19,02198,1
20250607,19,02199,2
20250607,19,03311,7
20250607,19,03802,6
20250607,2,02116,2
20250607,2,02122,1
20250607,2,02128,1
20250607,2,02130,1
20250607,2,02179,2
20250607,2,02198,2
20250607,20,02111,5
20250607,20,02112,6
20250607,20,02116,1
20250607,20,02122,1
20250607,20,02128,2
20250607,20,02139,1
20250607,20,02171,3
20250607,20,02172,3
20250607,20,02178,2
20250607,20,02179,1
20250607,20,02185,3
20250607,20,02186,2
20250607,20,02191,2
20250607,20,03310,2
20250607,20,03311,3
20250607,20,03802,1
20250607,21,02111,2
20250607,21,02112,1
20250607,21,02116,1
20250607,21,02122,5
20250607,21,02128,1
20250607,21,02171,4
20250607,21,02179,3
20250607,21,02185,4
20250607,21,02186,3
20250607,21,02191,6
20250607,21,02198,2
20250607,21,03310,1
20250607,21,03802,5
20250607,22,02111,1
20250607,22,02112,3
20250607,22,02116,1
20250607,22,02128,1
20250607,22,02139,1
20250607,22,02171,5
20250607,22,02172,3
20250607,22,02178,1
20250607,22,02185,3
20250607,22,02191,3
20250607,22,02198,3
20250607,22,02199,2
20250607,22,03311,3
20250607,22,03802,2
20250607,23,02112,2
20250607,23,02116,1
20250607,23,02139,1
20250607,23,02159,1
20250607,23,02171,3
20250607,23,02172,1
20250607,23,02178,1
20250607,23,02179,1
20250607,23,02185,1
20250607,23,02191,2
20250607,23,02198,1
20250607,23,03310,1
20250607,23,03802,1
20250607,3,02111,2
20250607,3,02128,2
20250607,3,02171,1
20250607,3,02178,2
20250607,3,02179,2
20250607,3,02185,2
20250607,4,02112,1
20250607,4,02172,1
20250607,4,02179,1
20250607,4,02185,1
20250607,4,02186,1
20250607,4,02191,1
20250607,4,02198,1
20250607,5,02122,1
20250607,5,02128,1
20250607,5,02171,1
20250607,5,02185,1
20250607,5,02191,1
20250607,6,02111,1
20250607,6,02143,1
20250607,6,02148,1
20250607,6,02179,2
20250607,6,02185,2
20250607,6,03802,1
20250607,7,02179,2
20250607,7,02198,1
20250607,7,03310,2
20250607,7,03802,1
20250607,8,02111,1
20250607,8,02128,1
20250607,8,02129,1
20250607,8,02130,1
20250607,8,02139,1
20250607,8,02148,1
20250607,8,02159,1
20250607,8,02179,1
20250607,8,02191,4
20250607,8,02198,1
20250607,8,03310,3
20250607,9,02116,1
20250607,9,02122,1
20250607,9,02130,1
20250607,9,02148,4
20250607,9,02171,1
20250607,9,02172,1
20250607,9,02178,2
20250607,9,02179,1
20250607,9,02185,1
20250607,9,02191,2
20250607,9,02199,1
20250607,9,03310,3
20250607,9,03311,1
20250607,9,03802,2
20250608,0,02116,1
20250608,0,02148,1
20250608,0,02159,1
20250608,0,02171,1
20250608,0,02178,1
20250608,0,02179,1
20250608,0,02186,1
20250608,0,02191,1
20250608,1,02111,1
20250608,1,02112,1
20250608,1,02148,1
20250608,1,02171,1
20250608,1,02172,3
20250608,1,02178,1
20250608,1,02185,3
20250608,1,02186,2
20250608,1,02198,1
20250608,1,03802,1
20250608,10,02111,1
20250608,10,02128,1
20250608,10,02143,1
20250608,10,02148,1
20250608,10,02171,1
20250608,10,02185,2
20250608,10,02191,2
20250608,10,02198,1
20250608,10,03311,1
20250608,11,02111,3
20250608,11,02116,1
20250608,11,02143,1
20250608,11,02148,2
20250608,11,02159,1
20250608,11,02172,2
20250608,11,02185,3
20250608,11,02191,3
20250608,11,02198,1
20250608,11,03311,1
20250608,12,02111,3
20250608,12,02116,1
20250608,12,02128,2
20250608,12,02139,3
20250608,12,02148,1
20250608,12,02159,1
20250608,12,02172,3
20250608,12,02178,1
20250608,12,02185,5
20250608,12,02186,1
20250608,12,02191,2
20250608,12,03311,2
20250608,13,02111,3
20250608,13,02112,1
20250608,13,02116,2
20250608,13,02122,4
20250608,13,02128,1
20250608,13,02129,3
20250608,13,02139,2
20250608,13,02171,1
20250608,13,02172,1
20250608,13,02178,2
20250608,13,02179,2
20250608,13,02185,3
20250608,13,02191,1
20250608,13,02198,2
20250608,13,03311,1
20250608,13,03802,1
20250608,14,02112,3
20250608,14,02116,2
20250608,14,02128,1
20250608,14,02148,1
20250608,14,02159,2
20250608,14,02171,4
20250608,14,02172,1
20250608,14,02178,3
20250608,14,02179,3
20250608,14,02185,1
20250608,14,02191,3
20250608,14,03311,2
20250608,14,03802,1
20250608,15,02111,3
20250608,15,02112,2
20250608,15,02116,1
20250608,15,02122,1
20250608,15,02143,1
20250608,15,02159,1
20250608,15,02171,4
20250608,15,02172,2
20250608,15,02178,3
20250608,15,02179,2
20250608,15,02185,3
20250608,15,02191,2
20250608,15,02198,1
20250608,15,02199,2
20250608,15,03311,3
20250608,16,02112,2
20250608,16,02116,1
20250608,16,02122,1
20250608,16,02129,1
20250608,16,02139,3
20250608,16,02143,2
20250608,16,02171,4
20250608,16,02172,6
20250608,16,02178,5
20250608,16,02179,4
20250608,16,02185,3
20250608,16,02186,1
20250608,16,02191,2
20250608,16,02198,1
20250608,16,03311,3
20250608,16,03802,1
20250608,17,02111,4
20250608,17,02112,6
20250608,17,02116,1
20250608,17,02129,4
20250608,17,02159,1
20250608,17,02171,5
20250608,17,02172,4
20250608,17,02178,1
20250608,17,02179,2
20250608,17,02185,2
20250608,17,02191,4
20250608,17,03802,1
20250608,18,02111,6
20250608,18,02112,4
20250608,18,02116,5
20250608,18,02122,2
20250608,18,02128,2
20250608,18,02129,2
20250608,18,02130,1
20250608,18,02139,1
20250608,18,02143,1
20250608,18,02148,1
20250608,18,02159,1
20250608,18,02171,2
20250608,18,02172,3
20250608,18,02178,1
20250608,18,02179,3
20250608,18,02185,1
20250608,18,02186,1
20250608,18,02191,4
20250608,18,02198,2
20250608,18,03310,1
20250608,18,03311,2
20250608,18,03802,1
20250608,19,02111,1
20250608,19,02112,4
20250608,19,02116,2
20250608,19,02128,4
20250608,19,02130,1
20250608,19,02139,1
20250608,19,02148,1
20250608,19,02171,1
20250608,19,02172,1
20250608,19,02178,1
20250608,19,02179,2
20250608,19,02185,2
20250608,19,02186,2
20250608,19,02191,2
20250608,19,02198,4
20250608,19,02199,1
20250608,19,03311,1
20250608,2,02112,1
20250608,2,02116,1
20250608,2,02171,2
20250608,2,02179,3
20250608,2,02191,1
20250608,20,02111,3
20250608,20,02112,3
20250608,20,02116,3
20250608,20,02122,2
20250608,20,02128,2
20250608,20,02130,1
20250608,20,02171,2
20250608,20,02172,6
20250608,20,02179,4
20250608,20,02185,2
20250608,20,02186,2
20250608,20,02191,4
20250608,20,02198,1
20250608,20,03311,1
20250608,21,02111,6
20250608,21,02112,3
20250608,21,02116,1
20250608,21,02122,1
20250608,21,02128,3
20250608,21,02129,1
20250608,21,02143,1
20250608,21,02148,3
20250608,21,02171,3
20250608,21,02172,4
20250608,21,02178,2
20250608,21,02179,4
20250608,21,02186,6
20250608,21,03311,2
20250608,22,02111,1
20250608,22,02112,2
20250608,22,02116,2
20250608,22,02128,3
20250608,22,02129,1
20250608,22,02139,1
20250608,22,02143,1
20250608,22,02171,7
20250608,22,02172,4
20250608,22,02179,1
20250608,22,02185,2
20250608,22,02186,1
20250608,22,02198,2
20250608,22,03311,4
20250608,23,02112,5
20250608,23,02139,2
20250608,23,02159,1
20250608,23,02171,4
20250608,23,02178,3
20250608,23,02185,2
20250608,23,02186,2
20250608,23,02198,1
20250608,3,02112,1
20250608,3,02116,2
20250608,3,02171,1
20250608,3,02172,1
20250608,3,02179,3
20250608,3,02185,1
20250608,3,02198,1
20250608,3,03802,1
20250608,4,02111,2
20250608,4,02128,1
20250608,4,02143,1
20250608,4,03310,1
20250608,5,02112,1
20250608,5,02122,1
20250608,5,02129,1
20250608,5,02172,1
20250608,5,02178,1
20250608,5,02198,1
20250608,6,02143,1
20250608,6,02148,1
20250608,6,02159,1
20250608,6,02179,1
20250608,6,02185,2
20250608,7,02116,1
20250608,7,02143,1
20250608,7,02159,1
20250608,7,02172,1
20250608,7,02185,1
20250608,7,02186,1
20250608,7,02191,1
20250608,8,02116,1
20250608,8,02128,1
20250608,8,02130,1
20250608,8,02171,1
20250608,8,02172,1
20250608,8,02185,1
20250608,8,02186,1
20250608,8,02191,3
20250608,9,02112,1
20250608,9,02129,1
20250608,9,02148,1
20250608,9,02171,3
20250608,9,02172,1
20250608,9,02185,2
20250608,9,02191,1
20250608,9,03311,1
20250609,0,02111,3
20250609,0,02112,4
20250609,0,02116,5
20250609,0,02143,1
20250609,0,02159,1
20250609,0,02178,3
20250609,0,02179,2
20250609,0,02185,2
20250609,0,02186,2
20250609,0,02198,1
20250609,0,03311,1
20250609,1,02111,1
20250609,1,02112,1
20250609,1,02139,1
20250609,1,02159,1
20250609,1,02172,2
20250609,1,02178,1
20250609,1,02179,1
20250609,1,02185,2
20250609,1,02186,2
20250609,1,02191,2
20250609,1,02198,1
20250609,10,02128,1
20250609,10,02139,1
20250609,10,02148,1
20250609,10,02171,1
20250609,10,02172,2
20250609,10,02178,1
20250609,10,02179,1
20250609,10,02191,1
20250609,10,03311,1
20250609,10,03802,2
20250609,11,02111,1
20250609,11,02112,1
20250609,11,02139,1
20250609,11,02143,1
20250609,11,02148,1
20250609,11,02159,4
20250609,11,02171,1
20250609,11,02178,1
20250609,11,02179,3
20250609,11,02185,2
20250609,11,02191,2
20250609,11,02198,2
20250609,11,03311,3
20250609,12,02111,3
20250609,12,02112,2
20250609,12,02116,1
20250609,12,02129,1
20250609,12,02139,2
20250609,12,02171,5
20250609,12,02172,2
20250609,12,02178,1
20250609,12,02179,2
20250609,12,02198,2
20250609,12,03311,1
20250609,13,02111,3
20250609,13,02128,1
20250609,13,02148,1
20250609,13,02159,2
20250609,13,02172,1
20250609,13,02186,1
20250609,13,02191,1
20250609,13,02199,1
20250609,13,03310,1
20250609,13,03311,2
20250609,13,03802,1
20250609,14,02111,1
20250609,14,02112,1
20250609,14,02129,1
20250609,14,02148,1
20250609,14,02171,2
20250609,14,02178,2
20250609,14,02185,1
20250609,14,02186,1
20250609,14,03310,2
20250609,14,03311,2
20250609,15,02111,2
20250609,15,02112,3
20250609,15,02116,2
20250609,15,02122,1
20250609,15,02129,1
20250609,15,02148,1
20250609,15,02172,1
20250609,15,02179,1
20250609,15,02191,1
20250609,15,02199,1
20250609,15,03310,2
20250609,15,03311,3
20250609,16,02111,2
20250609,16,02129,2
20250609,16,02139,1
20250609,16,02171,2
20250609,16,02172,1
20250609,16,02179,1
20250609,16,02185,1
20250609,16,02191,2
20250609,16,03310,1
20250609,16,03311,2
20250609,17,02111,2
20250609,17,02122,2
20250609,17,02128,1
20250609,17,02129,4
20250609,17,02139,2
20250609,17,02143,1
20250609,17,02148,1
20250609,17,02171,4
20250609,17,02178,4
20250609,17,02186,2
20250609,17,02191,2
20250609,17,02198,1
20250609,17,03310,2
20250609,17,03311,1
20250609,18,02111,2
20250609,18,02112,1
20250609,18,02116,2
20250609,18,02122,2
20250609,18,02129,4
20250609,18,02130,1
20250609,18,02139,4
20250609,18,02148,8
20250609,18,02171,4
20250609,18,02172,5
20250609,18,02178,5
20250609,18,02185,3
20250609,18,02186,2
20250609,18,02191,2
20250609,18,02198,1
20250609,18,03310,3
20250609,18,03311,6
20250609,18,03802,1
20250609,19,02112,4
20250609,19,02122,1
20250609,19,02128,2
20250609,19,02130,1
20250609,19,02139,1
20250609,19,02171,4
20250609,19,02172,3
20250609,19,02178,3
20250609,19,02179,1
20250609,19,02185,1
20250609,19,02186,2
20250609,19,02198,2
20250609,19,03310,1
20250609,19,03311,5
20250609,19,03802,1
20250609,2,02111,1
20250609,2,02116,1
20250609,2,02185,1
20250609,2,02198,1
20250609,20,02111,7
20250609,20,02112,4
20250609,20,02116,3
20250609,20,02122,2
20250609,20,02128,2
20250609,20,02129,3
20250609,20,02130,1
20250609,20,02139,1
20250609,20,02148,1
20250609,20,02159,2
20250609,20,02171,5
20250609,20,02172,4
20250609,20,02178,6
20250609,20,02185,8
20250609,20,02186,2
20250609,20,02191,2
20250609,20,02198,3
20250609,20,03311,3
20250609,20,03802,2
20250609,21,02111,2
20250609,21,02112,5
20250609,21,02116,3
20250609,21,02122,1
20250609,21,02128,1
20250609,21,02129,1
20250609,21,02130,1
20250609,21,02139,1
20250609,21,02143,1
20250609,21,02159,4
20250609,21,02171,2
20250609,21,02172,1
20250609,21,02178,5
20250609,21,02179,4
20250609,21,02185,5
20250609,21,02186,2
20250609,21,02191,4
20250609,21,02198,3
20250609,21,02199,2
20250609,21,03311,3
20250609,21,03802,3
20250609,22,02111,3
20250609,22,02112,2
20250609,22,02116,2
20250609,22,02122,1
20250609,22,02128,1
20250609,22,02130,1
20250609,22,02148,1
20250609,22,02159,1
20250609,22,02171,6
20250609,22,02172,2
20250609,22,02178,3
20250609,22,02179,2
20250609,22,02185,1
20250609,22,02198,3
20250609,22,03310,1
20250609,22,03311,2
20250609,23,02111,3
20250609,23,02116,3
20250609,23,02122,1
20250609,23,02129,1
20250609,23,02143,1
20250609,23,02148,1
20250609,23,02159,1
20250609,23,02171,1
20250609,23,02172,1
20250609,23,02179,2
20250609,23,02185,1
20250609,23,02186,1
20250609,23,02191,3
20250609,23,02198,1
20250609,23,02199,1
20250609,23,03802,1
20250609,3,02112,1
20250609,3,02178,1
20250609,3,02185,3
20250609,3,02199,1
20250609,3,03310,1
20250609,4,02112,1
20250609,4,02122,1
20250609,4,03311,1
20250609,5,02111,1
20250609,5,02112,1
20250609,5,02128,1
20250609,5,02148,1
20250609,5,02159,2
20250609,5,02185,2
20250609,5,02191,3
20250609,6,02112,1
20250609,6,02139,3
20250609,6,02143,1
20250609,6,02148,1
20250609,6,02159,1
20250609,6,02172,1
20250609,6,02186,1
20250609,6,02191,2
20250609,6,03802,1
20250609,7,02111,1
20250609,7,02112,1
20250609,7,02128,2
20250609,7,02130,1
20250609,7,02139,2
20250609,7,02148,2
20250609,7,02159,2
20250609,7,02171,1
20250609,7,02179,2
20250609,7,02185,2
20250609,7,02186,1
20250609,7,02191,2
20250609,7,02198,3
20250609,7,03802,7
20250609,8,02111,1
20250609,8,02112,1
20250609,8,02128,2
20250609,8,02139,1
20250609,8,02148,1
20250609,8,02171,3
20250609,8,02179,2
20250609,8,02185,7
20250609,8,02186,1
20250609,8,02191,3
20250609,8,02198,1
20250609,8,02199,1
20250609,8,03311,1
20250609,8,03802,1
20250609,9,02111,2
20250609,9,02112,1
20250609,9,02116,2
20250609,9,02122,3
20250609,9,02128,2
20250609,9,02139,1
20250609,9,02143,1
20250609,9,02171,3
20250609,9,02178,2
20250609,9,02185,1
20250609,9,02186,1
20250609,9,02191,3
20250609,9,03311,2
20250609,9,03802,1
20250610,0,02111,1
20250610,0,02112,1
20250610,0,02116,3
20250610,0,02122,1
20250610,0,02129,2
20250610,0,02139,3
20250610,0,02143,3
20250610,0,02171,1
20250610,0,02179,1
20250610,0,02185,1
20250610,0,02198,3
20250610,0,03311,2
20250610,1,02111,4
20250610,1,02116,1
20250610,1,02148,1
20250610,1,02172,1
20250610,1,02179,1
20250610,1,02198,3
20250610,1,03311,2
20250610,10,02111,2
20250610,10,02116,2
20250610,10,02122,3
20250610,10,02128,1
20250610,10,02143,1
20250610,10,02148,4
20250610,10,02159,2
20250610,10,02172,1
20250610,10,02185,2
20250610,10,02191,1
20250610,10,02198,2
20250610,11,02111,1
20250610,11,02116,1
20250610,11,02128,1
20250610,11,02129,2
20250610,11,02130,1
20250610,11,02148,5
20250610,11,02159,1
20250610,11,02171,1
20250610,11,02172,1
20250610,11,02179,2
20250610,11,02185,5
20250610,11,02191,1
20250610,11,02198,1
20250610,11,03311,1
20250610,12,02111,1
20250610,12,02122,2
20250610,12,02129,2
20250610,12,02143,1
20250610,12,02148,3
20250610,12,02159,1
20250610,12,02171,1
20250610,12,02172,2
20250610,12,02178,1
20250610,12,02179,1
20250610,12,02185,1
20250610,12,02186,2
20250610,12,02191,1
20250610,12,02198,2
20250610,12,03311,2
20250610,13,02116,1
20250610,13,02122,1
20250610,13,02128,1
20250610,13,02171,1
20250610,13,02172,3
20250610,13,02185,2
20250610,13,02186,1
20250610,13,02191,2
20250610,13,02199,1
20250610,13,03311,2
20250610,14,02122,1
20250610,14,02129,1
20250610,14,02148,2
20250610,14,02171,2
20250610,14,02172,3
20250610,14,02178,4
20250610,14,02179,1
20250610,14,02191,1
20250610,14,03311,5
20250610,15,02111,3
20250610,15,02116,2
20250610,15,02122,1
20250610,15,02171,4
20250610,15,02179,3
20250610,15,02186,2
20250610,15,02198,1
20250610,15,03311,1
20250610,16,02112,2
20250610,16,02116,1
20250610,16,02122,1
20250610,16,02128,1
20250610,16,02129,2
20250610,16,02139,1
20250610,16,02148,1
20250610,16,02159,1
20250610,16,02171,1
20250610,16,02172,3
20250610,16,02178,3
20250610,16,02179,1
20250610,16,02185,2
20250610,16,02191,2
20250610,16,02198,2
20250610,16,03310,1
20250610,16,03311,2
20250610,17,02111,2
20250610,17,02112,2
20250610,17,02116,1
20250610,17,02122,1
20250610,17,02128,1
20250610,17,02139,2
20250610,17,02143,2
20250610,17,02148,1
20250610,17,02171,7
20250610,17,02172,9
20250610,17,02178,3
20250610,17,02179,1
20250610,17,02185,2
20250610,17,02191,2
20250610,17,02198,2
20250610,17,03310,4
20250610,17,03311,1
20250610,18,02111,4
20250610,18,02112,1
20250610,18,02116,5
20250610,18,02122,4
20250610,18,02128,2
20250610,18,02129,4
20250610,18,02130,4
20250610,18,02139,1
20250610,18,02143,3
20250610,18,02148,5
20250610,18,02171,9
20250610,18,02172,2
20250610,18,02178,10
20250610,18,02179,3
20250610,18,02186,3
20250610,18,02191,2
20250610,18,02198,1
20250610,18,02199,1
20250610,18,03310,2
20250610,18,03311,8
20250610,18,03802,1
20250610,19,02111,4
20250610,19,02112,1
20250610,19,02116,5
20250610,19,02122,3
20250610,19,02128,1
20250610,19,02143,2
20250610,19,02148,2
20250610,19,02171,4
20250610,19,02172,4
20250610,19,02179,3
20250610,19,02185,2
20250610,19,02186,1
20250610,19,02191,1
20250610,19,02198,2
20250610,19,03311,4
20250610,2,02111,1
20250610,2,02112,1
20250610,2,02128,1
20250610,2,02159,1
20250610,2,02171,2
20250610,2,02172,1
20250610,2,02179,2
20250610,2,02191,1
20250610,2,02198,1
20250610,20,02111,3
20250610,20,02112,6
20250610,20,02116,3
20250610,20,02130,1
20250610,20,02139,1
20250610,20,02143,5
20250610,20,02148,3
20250610,20,02159,2
20250610,20,02171,7
20250610,20,02172,2
20250610,20,02179,3
20250610,20,02185,4
20250610,20,02186,2
20250610,20,02191,4
20250610,20,02198,2
20250610,20,03310,1
20250610,20,03311,5
20250610,20,03802,5
20250610,21,02111,9
20250610,21,02112,1
20250610,21,02116,3
20250610,21,02122,3
20250610,21,02128,2
20250610,21,02129,2
20250610,21,02139,1
20250610,21,02143,5
20250610,21,02148,3
20250610,21,02159,1
20250610,21,02171,1
20250610,21,02172,2
20250610,21,02178,1
20250610,21,02179,4
20250610,21,02185,3
20250610,21,02191,2
20250610,21,03311,3
20250610,21,03802,5
20250610,22,02111,1
20250610,22,02112,6
20250610,22,02122,1
20250610,22,02128,1
20250610,22,02143,2
20250610,22,02148,1
20250610,22,02159,3
20250610,22,02171,4
20250610,22,02172,3
20250610,22,02179,1
20250610,22,02185,3
20250610,22,02198,2
20250610,22,03311,1
20250610,22,03802,1
20250610,23,02111,2
20250610,23,02112,1
20250610,23,02116,2
20250610,23,02122,1
20250610,23,02139,1
20250610,23,02143,2
20250610,23,02148,1
20250610,23,02171,2
20250610,23,02179,2
20250610,23,02185,2
20250610,23,02186,2
20250610,23,02191,3
20250610,23,02198,1
20250610,23,02199,2
20250610,3,02112,1
20250610,3,02139,1
20250610,3,02171,1
20250610,3,02179,3
20250610,3,02185,1
20250610,3,02198,1
20250610,4,02112,1
20250610,4,02122,1
20250610,4,02143,1
20250610,4,02185,2
20250610,4,02191,1
20250610,4,03310,1
20250610,5,02112,1
20250610,5,02116,1
20250610,5,02122,2
20250610,5,02179,2
20250610,5,02186,2
20250610,5,02191,2
20250610,6,02111,2
20250610,6,02112,1
20250610,6,02116,1
20250610,6,02122,1
20250610,6,02139,1
20250610,6,02143,1
20250610,6,02159,1
20250610,6,02172,2
20250610,6,02178,2
20250610,6,02179,1
20250610,6,02185,2
20250610,6,02186,1
20250610,6,03310,2
20250610,6,03802,1
20250610,7,02111,2
20250610,7,02122,1
20250610,7,02139,2
20250610,7,02143,1
20250610,7,02148,2
20250610,7,02171,2
20250610,7,02179,3
20250610,7,02191,2
20250610,7,02198,1
20250610,7,03310,2
20250610,7,03802,5
20250610,8,02111,1
20250610,8,02112,1
20250610,8,02122,2
20250610,8,02139,2
20250610,8,02148,2
20250610,8,02159,2
20250610,8,02171,3
20250610,8,02179,3
20250610,8,02185,7
20250610,8,02191,3
20250610,8,03311,2
20250610,8,03802,5
20250610,9,02122,3
20250610,9,02128,1
20250610,9,02129,1
20250610,9,02139,1
20250610,9,02171,3
20250610,9,02172,1
20250610,9,02178,1
20250610,9,02179,1
20250610,9,02185,2
20250610,9,02191,1
20250610,9,02198,1
20250610,9,03311,1
20250610,9,03802,3
20250611,0,02111,1
20250611,0,02112,3
20250611,0,02116,1
20250611,0,02122,1
20250611,0,02129,2
20250611,0,02139,1
20250611,0,02143,1
20250611,0,02171,4
20250611,0,02172,1
20250611,0,02178,1
20250611,0,02179,5
20250611,0,02191,2
20250611,0,02198,2
20250611,0,02199,2
20250611,1,02111,1
20250611,1,02112,1
20250611,1,02130,1
20250611,1,02139,1
20250611,1,02143,1
20250611,1,02171,1
20250611,1,02179,1
20250611,1,02185,1
20250611,1,02198,4
20250611,1,03310,1
20250611,10,02116,2
20250611,10,02128,2
20250611,10,02130,1
20250611,10,02148,4
20250611,10,02171,2
20250611,10,02172,1
20250611,10,02178,1
20250611,10,02179,3
20250611,10,02185,1
20250611,10,02186,1
20250611,10,02191,1
20250611,10,03311,3
20250611,10,03802,3
20250611,11,02112,1
20250611,11,02116,1
20250611,11,02122,2
20250611,11,02128,1
20250611,11,02130,1
20250611,11,02139,1
20250611,11,02148,2
20250611,11,02159,1
20250611,11,02171,2
20250611,11,02172,1
20250611,11,02178,3
20250611,11,02179,1
20250611,11,02185,5
20250611,11,02191,1
20250611,11,02198,2
20250611,11,02199,1
20250611,11,03310,1
20250611,11,03802,2
20250611,12,02111,1
20250611,12,02112,2
20250611,12,02148,1
20250611,12,02171,5
20250611,12,02172,3
20250611,12,02178,2
20250611,12,02185,1
20250611,12,02186,1
20250611,12,02191,2
20250611,12,02198,2
20250611,12,03310,3
20250611,12,03802,2
20250611,13,02111,4
20250611,13,02122,1
20250611,13,02128,1
20250611,13,02148,2
20250611,13,02171,1
20250611,13,02172,3
20250611,13,02178,2
20250611,13,02179,1
20250611,13,02185,2
20250611,13,02186,1
20250611,13,02191,1
20250611,13,03310,2
20250611,13,03311,2
20250611,13,03802,2
20250611,14,02111,2
20250611,14,02112,2
20250611,14,02116,1
20250611,14,02129,1
20250611,14,02171,5
20250611,14,02172,1
20250611,14,02178,2
20250611,14,02185,1
20250611,14,02191,1
20250611,14,02198,1
20250611,14,03310,2
20250611,14,03311,2
20250611,14,03802,1
20250611,15,02111,6
20250611,15,02116,1
20250611,15,02128,1
20250611,15,02159,1
20250611,15,02171,2
20250611,15,02172,4
20250611,15,02178,3
20250611,15,02186,1
20250611,15,02191,1
20250611,15,02199,1
20250611,15,03310,3
20250611,15,03311,3
20250611,16,02112,1
20250611,16,02116,1
20250611,16,02130,1
20250611,16,02139,1
20250611,16,02143,3
20250611,16,02148,1
20250611,16,02171,4
20250611,16,02172,1
20250611,16,02178,2
20250611,16,02191,2
20250611,16,03310,1
20250611,16,03311,2
20250611,16,03802,3
20250611,17,02112,1
20250611,17,02116,1
20250611,17,02128,2
20250611,17,02130,2
20250611,17,02139,1
20250611,17,02143,3
20250611,17,02148,3
20250611,17,02171,4
20250611,17,02178,5
20250611,17,02179,3
20250611,17,02185,2
20250611,17,02186,1
20250611,17,02191,2
20250611,17,02198,4
20250611,17,03311,7
20250611,18,02111,1
20250611,18,02112,5
20250611,18,02116,3
20250611,18,02122,3
20250611,18,02128,2
20250611,18,02129,1
20250611,18,02130,2
20250611,18,02143,1
20250611,18,02148,1
20250611,18,02171,7
20250611,18,02172,3
20250611,18,02178,6
20250611,18,02179,2
20250611,18,02185,5
20250611,18,02186,3
20250611,18,02191,5
20250611,18,02198,4
20250611,18,02199,2
20250611,18,03310,2
20250611,18,03311,2
20250611,18,03802,1
20250611,19,02111,5
20250611,19,02116,4
20250611,19,02122,2
20250611,19,02128,1
20250611,19,02129,1
20250611,19,02139,3
20250611,19,02143,1
20250611,19,02171,4
20250611,19,02172,1
20250611,19,02178,1
20250611,19,02179,2
20250611,19,02185,4
20250611,19,02186,1
20250611,19,02191,1
20250611,19,02198,1
20250611,19,03311,3
20250611,2,02122,1
20250611,2,02128,1
20250611,2,02171,1
20250611,2,02179,1
20250611,2,02185,1
20250611,2,02198,1
20250611,2,03310,1
20250611,20,02111,5
20250611,20,02112,4
20250611,20,02116,1
20250611,20,02122,5
20250611,20,02139,1
20250611,20,02148,2
20250611,20,02159,1
20250611,20,02171,5
20250611,20,02172,3
20250611,20,02178,4
20250611,20,02179,4
20250611,20,02185,3
20250611,20,02186,2
20250611,20,02191,4
20250611,20,02198,4
20250611,20,02199,1
20250611,20,03311,4
20250611,20,03802,2
20250611,21,02111,2
20250611,21,02112,1
20250611,21,02116,2
20250611,21,02122,2
20250611,21,02128,1
20250611,21,02148,2
20250611,21,02159,3
20250611,21,02171,3
20250611,21,02172,2
20250611,21,02178,1
20250611,21,02179,2
20250611,21,02185,5
20250611,21,02191,1
20250611,21,02198,4
20250611,21,03311,2
20250611,22,02111,2
20250611,22,02112,6
20250611,22,02116,1
20250611,22,02122,3
20250611,22,02128,3
20250611,22,02148,2
20250611,22,02159,1
20250611,22,02171,9
20250611,22,02172,3
20250611,22,02179,2
20250611,22,02185,2
20250611,22,02186,1
20250611,22,02191,4
20250611,22,02198,4
20250611,22,02199,1
20250611,22,03311,6
20250611,22,03802,1
20250611,23,02111,2
20250611,23,02112,2
20250611,23,02116,4
20250611,23,02139,1
20250611,23,02143,1
20250611,23,02171,2
20250611,23,02178,1
20250611,23,02179,2
20250611,23,02185,2
20250611,23,02191,2
20250611,23,02198,1
20250611,23,03310,1
20250611,23,03311,1
20250611,3,02116,1
20250611,3,02148,1
20250611,3,02159,1
20250611,3,02179,1
20250611,3,02191,1
20250611,3,03310,1
20250611,4,02112,1
20250611,4,02122,1
20250611,4,02171,2
20250611,4,02185,1
20250611,4,02198,1
20250611,5,02159,1
20250611,5,02178,1
20250611,5,02191,1
20250611,5,03310,1
20250611,6,02111,2
20250611,6,02116,1
20250611,6,02129,1
20250611,6,02143,1
20250611,6,02159,1
20250611,6,02179,1
20250611,6,02185,1
20250611,6,02191,2
20250611,6,03310,1
20250611,6,03802,1
20250611,7,02111,3
20250611,7,02112,2
20250611,7,02122,2
20250611,7,02128,1
20250611,7,02139,3
20250611,7,02148,3
20250611,7,02159,1
20250611,7,02171,3
20250611,7,02179,4
20250611,7,02185,1
20250611,7,02186,2
20250611,7,02191,2
20250611,7,02198,5
20250611,7,03310,3
20250611,7,03311,2
20250611,7,03802,4
20250611,8,02111,4
20250611,8,02116,1
20250611,8,02139,3
20250611,8,02159,1
20250611,8,02171,2
20250611,8,02172,1
20250611,8,02179,4
20250611,8,02185,7
20250611,8,02186,2
20250611,8,02191,3
20250611,8,02198,2
20250611,8,03310,2
20250611,8,03311,4
20250611,8,03802,2
20250611,9,02112,1
20250611,9,02122,2
20250611,9,02128,1
20250611,9,02139,2
20250611,9,02143,1
20250611,9,02148,2
20250611,9,02171,2
20250611,9,02178,1
20250611,9,02185,2
20250611,9,02191,1
20250611,9,02198,4
20250611,9,02199,2
20250611,9,03310,1
20250611,9,03311,1
20250611,9,03802,3
20250612,0,02111,1
20250612,0,02112,1
20250612,0,02116,2
20250612,0,02122,1
20250612,0,02139,1
20250612,0,02148,2
20250612,0,02171,2
20250612,0,02179,1
20250612,0,02185,2
20250612,0,02186,1
20250612,0,02191,2
20250612,0,02198,2
20250612,0,03311,1
20250612,1,02111,3
20250612,1,02122,1
20250612,1,02148,2
20250612,1,02171,3
20250612,1,02179,2
20250612,1,02198,2
20250612,10,02112,1
20250612,10,02116,1
20250612,10,02130,1
20250612,10,02139,2
20250612,10,02143,1
20250612,10,02159,1
20250612,10,02171,1
20250612,10,02178,2
20250612,10,02179,2
20250612,10,02191,2
20250612,10,02198,1
20250612,10,03311,1
20250612,11,02116,1
20250612,11,02122,2
20250612,11,02139,1
20250612,11,02143,1
20250612,11,02148,1
20250612,11,02159,1
20250612,11,02171,3
20250612,11,02172,1
20250612,11,02178,2
20250612,11,02179,5
20250612,11,02185,1
20250612,11,02186,1
20250612,12,02122,4
20250612,12,02143,1
20250612,12,02148,2
20250612,12,02171,7
20250612,12,02172,5
20250612,12,02178,1
20250612,12,02179,1
20250612,12,02186,1
20250612,12,02191,2
20250612,12,03311,2
20250612,12,03802,1
20250612,13,02111,1
20250612,13,02116,1
20250612,13,02122,1
20250612,13,02129,1
20250612,13,02171,2
20250612,13,02178,2
20250612,13,02185,3
20250612,13,02191,2
20250612,13,02198,1
20250612,13,03311,3
20250612,14,02112,3
20250612,14,02122,1
20250612,14,02128,1
20250612,14,02129,1
20250612,14,02148,2
20250612,14,02171,4
20250612,14,02172,1
20250612,14,02178,5
20250612,14,02179,1
20250612,14,02185,1
20250612,14,02191,1
20250612,14,02198,1
20250612,14,03311,1
20250612,14,03802,1
20250612,15,02111,3
20250612,15,02116,2
20250612,15,02128,1
20250612,15,02129,1
20250612,15,02139,1
20250612,15,02148,1
20250612,15,02171,2
20250612,15,02172,1
20250612,15,02178,1
20250612,15,02179,1
20250612,15,02185,4
20250612,15,02186,1
20250612,15,02198,1
20250612,15,03311,4
20250612,16,02111,4
20250612,16,02112,1
20250612,16,02116,1
20250612,16,02122,1
20250612,16,02130,1
20250612,16,02139,4
20250612,16,02159,1
20250612,16,02171,4
20250612,16,02172,5
20250612,16,02178,4
20250612,16,02179,3
20250612,16,02185,1
20250612,16,02191,1
20250612,16,03311,2
20250612,17,02111,5
20250612,17,02112,1
20250612,17,02116,3
20250612,17,02122,1
20250612,17,02129,1
20250612,17,02139,1
20250612,17,02143,1
20250612,17,02148,1
20250612,17,02159,1
20250612,17,02171,3
20250612,17,02172,4
20250612,17,02178,3
20250612,17,02179,1
20250612,17,02185,1
20250612,17,02186,4
20250612,17,02191,2
20250612,17,02199,1
20250612,17,03311,4
20250612,17,03802,1
20250612,18,02111,3
20250612,18,02112,2
20250612,18,02116,2
20250612,18,02122,1
20250612,18,02139,4
20250612,18,02143,3
20250612,18,02148,3
20250612,18,02159,1
20250612,18,02171,6
20250612,18,02172,1
20250612,18,02178,4
20250612,18,02179,3
20250612,18,02185,4
20250612,18,02186,3
20250612,18,03311,2
20250612,19,02111,5
20250612,19,02112,2
20250612,19,02116,2
20250612,19,02122,1
20250612,19,02128,3
20250612,19,02129,1
20250612,19,02130,1
20250612,19,02143,4
20250612,19,02148,3
20250612,19,02159,2
20250612,19,02171,3
20250612,19,02172,2
20250612,19,02178,3
20250612,19,02179,4
20250612,19,02185,3
20250612,19,02186,5
20250612,19,02191,3
20250612,19,02198,2
20250612,19,02199,2
20250612,19,03311,1
20250612,19,03802,3
20250612,2,02111,2
20250612,2,02129,1
20250612,2,02171,2
20250612,2,02179,2
20250612,2,02191,2
20250612,2,02198,1
20250612,20,02111,5
20250612,20,02112,4
20250612,20,02116,4
20250612,20,02122,2
20250612,20,02128,1
20250612,20,02129,1
20250612,20,02139,4
20250612,20,02143,1
20250612,20,02148,3
20250612,20,02159,3
20250612,20,02171,3
20250612,20,02172,2
20250612,20,02178,4
20250612,20,02179,2
20250612,20,02185,2
20250612,20,02186,1
20250612,20,02191,4
20250612,20,02198,2
20250612,20,02199,5
20250612,20,03311,3
20250612,20,03802,7
20250612,21,02111,4
20250612,21,02112,5
20250612,21,02116,1
20250612,21,02122,3
20250612,21,02128,1
20250612,21,02139,1
20250612,21,02143,2
20250612,21,02148,4
20250612,21,02159,2
20250612,21,02171,1
20250612,21,02172,1
20250612,21,02178,1
20250612,21,02179,4
20250612,21,02185,10
20250612,21,02186,3
20250612,21,02191,3
20250612,21,02198,3
20250612,21,03311,3
20250612,22,02112,5
20250612,22,02116,2
20250612,22,02122,2
20250612,22,02128,2
20250612,22,02143,1
20250612,22,02159,1
20250612,22,02171,6
20250612,22,02172,2
20250612,22,02179,4
20250612,22,02185,3
20250612,22,02186,1
20250612,22,02191,3
20250612,22,02198,3
20250612,22,03311,5
20250612,23,02111,2
20250612,23,02112,1
20250612,23,02116,3
20250612,23,02128,1
20250612,23,02129,1
20250612,23,02148,1
20250612,23,02171,3
20250612,23,02172,2
20250612,23,02179,1
20250612,23,02185,2
20250612,23,02186,2
20250612,23,02191,2
20250612,23,02198,1
20250612,23,03311,1
20250612,3,02116,1
20250612,3,02179,1
20250612,3,02191,2
20250612,3,03310,1
20250612,4,02122,1
20250612,4,02185,1
20250612,4,02186,2
20250612,5,02112,1
20250612,5,02122,1
20250612,5,02128,1
20250612,5,02171,1
20250612,5,02178,2
20250612,5,02186,1
20250612,5,02191,2
20250612,5,03310,1
20250612,6,02111,1
20250612,6,02122,1
20250612,6,02139,1
20250612,6,02143,1
20250612,6,02172,1
20250612,6,02178,1
20250612,6,02179,2
20250612,6,02185,1
20250612,6,03311,1
20250612,6,03802,3
20250612,7,02111,2
20250612,7,02129,2
20250612,7,02139,5
20250612,7,02148,2
20250612,7,02171,2
20250612,7,02179,5
20250612,7,02185,1
20250612,7,02186,2
20250612,7,02191,3
20250612,7,02198,3
20250612,7,02199,2
20250612,7,03311,1
20250612,7,03802,5
20250612,8,02111,2
20250612,8,02112,1
20250612,8,02128,2
20250612,8,02129,1
20250612,8,02139,3
20250612,8,02171,2
20250612,8,02179,3
20250612,8,02185,9
20250612,8,02191,4
20250612,8,03311,4
20250612,8,03802,3
20250612,9,02111,2
20250612,9,02122,3
20250612,9,02128,1
20250612,9,02130,1
20250612,9,02139,1
20250612,9,02148,3
20250612,9,02159,1
20250612,9,02171,2
20250612,9,02172,1
20250612,9,02178,1
20250612,9,02179,2
20250612,9,02185,1
20250612,9,02191,6
20250612,9,02198,2
20250612,9,02199,1
20250612,9,03311,1
20250613,0,02112,3
20250613,0,02128,2
20250613,0,02148,1
20250613,0,02159,1
20250613,0,02179,2
20250613,0,02185,1
20250613,0,02186,2
20250613,0,02191,1
20250613,0,02198,2
20250613,0,03311,1
20250613,1,02111,1
20250613,1,02112,1
20250613,1,02116,1
20250613,1,02128,1
20250613,1,02129,1
20250613,1,02139,1
20250613,1,02148,1
20250613,1,02171,1
20250613,1,02179,1
20250613,1,02185,1
20250613,1,02186,1
20250613,1,02191,1
20250613,1,02198,3
20250613,10,02111,2
20250613,10,02116,1
20250613,10,02139,1
20250613,10,02143,1
20250613,10,02148,2
20250613,10,02159,1
20250613,10,02172,1
20250613,10,02179,2
20250613,10,02185,1
20250613,10,02186,2
20250613,10,02191,3
20250613,10,02198,1
20250613,10,03311,1
20250613,10,03802,1
20250613,11,02111,3
20250613,11,02128,1
20250613,11,02129,1
20250613,11,02139,2
20250613,11,02143,1
20250613,11,02159,1
20250613,11,02171,3
20250613,11,02172,2
20250613,11,02178,1
20250613,11,02185,1
20250613,11,02186,1
20250613,11,02191,1
20250613,11,02198,2
20250613,11,03310,1
20250613,11,03311,4
20250613,11,03802,1
20250613,12,02111,1
20250613,12,02112,2
20250613,12,02116,2
20250613,12,02128,1
20250613,12,02139,2
20250613,12,02171,2
20250613,12,02172,1
20250613,12,02179,2
20250613,12,02185,2
20250613,12,02186,1
20250613,12,02191,1
20250613,12,02198,1
20250613,12,03310,1
20250613,12,03311,6
20250613,12,03802,2
20250613,13,02111,2
20250613,13,02112,4
20250613,13,02116,3
20250613,13,02139,2
20250613,13,02143,2
20250613,13,02172,4
20250613,13,02178,4
20250613,13,02179,2
20250613,13,02186,1
20250613,13,02191,2
20250613,13,03311,2
20250613,13,03802,1
20250613,14,02111,2
20250613,14,02139,2
20250613,14,02148,3
20250613,14,02171,3
20250613,14,02172,2
20250613,14,02178,3
20250613,14,02179,3
20250613,14,02186,2
20250613,14,02191,2
20250613,14,02198,1
20250613,14,03310,2
20250613,14,03311,3
20250613,15,02111,1
20250613,15,02112,1
20250613,15,02116,1
20250613,15,02129,2
20250613,15,02130,1
20250613,15,02148,2
20250613,15,02171,4
20250613,15,02172,2
20250613,15,02178,1
20250613,15,02179,2
20250613,15,02185,1
20250613,15,02186,2
20250613,15,02191,1
20250613,15,03310,1
20250613,15,03311,4
20250613,16,02111,2
20250613,16,02112,1
20250613,16,02116,2
20250613,16,02128,1
20250613,16,02130,1
20250613,16,02139,1
20250613,16,02143,1
20250613,16,02148,1
20250613,16,02159,1
20250613,16,02171,1
20250613,16,02172,2
20250613,16,02178,1
20250613,16,02179,3
20250613,16,02185,3
20250613,16,02186,1
20250613,16,02191,2
20250613,16,02198,1
20250613,16,03310,3
20250613,16,03311,3
20250613,17,02111,3
20250613,17,02139,2
20250613,17,02172,1
20250613,17,02178,2
20250613,17,02179,4
20250613,17,02186,1
20250613,17,02191,2
20250613,17,03310,1
20250613,17,03311,2
20250613,18,02139,1
20250613,18,02171,1
20250613,18,02178,1
20250613,18,02179,1
20250613,18,03311,1
20250613,19,02112,1
20250613,19,02116,1
20250613,19,02178,1
20250613,19,02199,1
20250613,19,03311,1
20250613,2,02111,1
20250613,2,02128,1
20250613,2,02143,1
20250613,2,02171,3
20250613,2,02191,1
20250613,2,02198,3
20250613,2,02199,1
20250613,20,02116,1
20250613,20,02148,2
20250613,20,02159,1
20250613,20,02172,1
20250613,20,02191,1
20250613,21,02171,1
20250613,21,02185,1
20250613,21,03311,1
20250613,22,02116,1
20250613,22,02128,1
20250613,22,02130,1
20250613,22,02139,1
20250613,22,02148,1
20250613,22,02178,1
20250613,22,02179,1
20250613,22,02186,1
20250613,22,03310,1
20250613,22,03311,1
20250613,23,02112,1
20250613,23,02116,2
20250613,23,02122,1
20250613,23,02139,1
20250613,23,02178,1
20250613,23,02179,1
20250613,23,02198,2
20250613,3,02116,1
20250613,3,02128,2
20250613,3,02143,1
20250613,3,02171,1
20250613,3,02178,1
20250613,3,02179,1
20250613,3,02185,3
20250613,3,02186,1
20250613,4,02112,2
20250613,4,02122,1
20250613,4,02128,2
20250613,4,02179,2
20250613,4,02191,1
20250613,5,02112,1
20250613,5,02122,2
20250613,5,02128,1
20250613,5,02139,1
20250613,5,02178,1
20250613,5,02191,1
20250613,5,03310,1
20250613,6,02111,2
20250613,6,02122,1
20250613,6,02143,1
20250613,6,02159,1
20250613,6,02171,1
20250613,6,02172,1
20250613,6,02186,1
20250613,6,02191,2
20250613,6,03310,2
20250613,6,03802,1
20250613,7,02111,3
20250613,7,02112,1
20250613,7,02128,1
20250613,7,02139,4
20250613,7,02148,2
20250613,7,02159,1
20250613,7,02171,1
20250613,7,02179,2
20250613,7,02186,1
20250613,7,02191,1
20250613,7,02198,4
20250613,7,03311,1
20250613,7,03802,4
20250613,8,02111,1
20250613,8,02112,1
20250613,8,02116,1
20250613,8,02122,2
20250613,8,02128,1
20250613,8,02148,1
20250613,8,02159,1
20250613,8,02171,5
20250613,8,02172,1
20250613,8,02179,2
20250613,8,02185,6
20250613,8,02191,3
20250613,8,02198,1
20250613,8,03311,4
20250613,8,03802,2
20250613,9,02111,2
20250613,9,02112,2
20250613,9,02116,2
20250613,9,02122,1
20250613,9,02128,1
20250613,9,02129,1
20250613,9,02139,2
20250613,9,02148,4
20250613,9,02171,2
20250613,9,02178,1
20250613,9,02185,1
20250613,9,02186,1
20250613,9,02191,1
20250613,9,02198,3
20250613,9,03311,1
20250613,9,03802,2
20250614,0,02111,2
20250614,0,02112,2
20250614,0,02116,1
20250614,0,02122,1
20250614,0,02129,1
20250614,0,02148,1
20250614,0,02171,4
20250614,0,02172,1
20250614,0,02178,2
20250614,0,02179,3
20250614,0,02185,1
20250614,0,02186,1
20250614,0,02198,3
20250614,1,02111,1
20250614,1,02112,4
20250614,1,02116,5
20250614,1,02122,2
20250614,1,02130,2
20250614,1,02139,1
20250614,1,02148,1
20250614,1,02171,4
20250614,1,02178,3
20250614,1,02179,3
20250614,1,02185,1
20250614,1,02186,1
20250614,1,02198,3
20250614,1,03311,2
20250614,10,02111,2
20250614,10,02112,1
20250614,10,02116,1
20250614,10,02148,2
20250614,10,02171,2
20250614,10,02178,1
20250614,10,02179,3
20250614,10,02185,2
20250614,10,02191,2
20250614,10,02198,1
20250614,10,02199,2
20250614,10,03310,2
20250614,10,03802,2
20250614,11,02112,1
20250614,11,02116,1
20250614,11,02129,2
20250614,11,02171,3
20250614,11,02172,2
20250614,11,02178,3
20250614,11,02179,1
20250614,11,02185,2
20250614,11,02186,2
20250614,11,03310,4
20250614,11,03311,4
20250614,11,03802,3
20250614,12,02111,1
20250614,12,02112,1
20250614,12,02116,2
20250614,12,02122,1
20250614,12,02129,3
20250614,12,02139,1
20250614,12,02143,1
20250614,12,02148,3
20250614,12,02159,1
20250614,12,02172,2
20250614,12,02178,1
20250614,12,02179,1
20250614,12,02185,2
20250614,12,02191,3
20250614,12,02198,1
20250614,12,03310,3
20250614,12,03311,2
20250614,12,03802,2
20250614,13,02111,1
20250614,13,02122,2
20250614,13,02128,1
20250614,13,02143,1
20250614,13,02148,2
20250614,13,02159,1
20250614,13,02171,1
20250614,13,02172,2
20250614,13,02178,4
20250614,13,02185,5
20250614,13,02198,3
20250614,13,03310,2
20250614,13,03311,1
20250614,13,03802,1
20250614,14,02111,1
20250614,14,02112,1
20250614,14,02128,1
20250614,14,02139,1
20250614,14,02143,2
20250614,14,02172,5
20250614,14,02179,1
20250614,14,02185,3
20250614,14,02186,1
20250614,14,02191,4
20250614,14,03310,1
20250614,14,03311,2
20250614,15,02111,5
20250614,15,02112,1
20250614,15,02143,1
20250614,15,02148,1
20250614,15,02171,5
20250614,15,02172,3
20250614,15,02178,1
20250614,15,02179,2
20250614,15,02185,2
20250614,15,02191,1
20250614,15,02198,2
20250614,15,03310,2
20250614,15,03311,3
20250614,16,02111,3
20250614,16,02112,2
20250614,16,02122,4
20250614,16,02139,1
20250614,16,02143,2
20250614,16,02148,1
20250614,16,02171,7
20250614,16,02172,1
20250614,16,02178,1
20250614,16,02179,4
20250614,16,02185,1
20250614,16,02191,3
20250614,16,03311,4
20250614,17,02111,2
20250614,17,02112,4
20250614,17,02116,1
20250614,17,02128,2
20250614,17,02130,1
20250614,17,02139,1
20250614,17,02143,1
20250614,17,02148,5
20250614,17,02172,6
20250614,17,02178,3
20250614,17,02179,3
20250614,17,02185,4
20250614,17,02191,3
20250614,17,02198,2
20250614,17,03311,1
20250614,17,03802,2
20250614,18,02111,3
20250614,18,02128,2
20250614,18,02130,3
20250614,18,02139,5
20250614,18,02148,2
20250614,18,02171,7
20250614,18,02172,2
20250614,18,02178,2
20250614,18,02179,3
20250614,18,02185,4
20250614,18,02191,3
20250614,18,02198,2
20250614,18,02199,1
20250614,18,03311,4
20250614,18,03802,2
20250614,19,02111,2
20250614,19,02112,5
20250614,19,02122,2
20250614,19,02128,2
20250614,19,02130,1
20250614,19,02139,2
20250614,19,02159,1
20250614,19,02171,4
20250614,19,02172,2
20250614,19,02178,1
20250614,19,02179,2
20250614,19,02185,4
20250614,19,02191,3
20250614,19,03311,5
20250614,2,02112,2
20250614,2,02116,1
20250614,2,02122,2
20250614,2,02178,1
20250614,2,02179,4
20250614,2,02191,1
20250614,2,02198,2
20250614,2,03311,1
20250614,20,02112,3
20250614,20,02116,5
20250614,20,02122,1
20250614,20,02129,2
20250614,20,02139,2
20250614,20,02148,1
20250614,20,02171,5
20250614,20,02172,2
20250614,20,02178,2
20250614,20,02179,5
20250614,20,02185,3
20250614,20,02191,1
20250614,20,02198,2
20250614,20,02199,1
20250614,20,03311,3
20250614,20,03802,2
20250614,21,02111,2
20250614,21,02112,1
20250614,21,02116,1
20250614,21,02128,3
20250614,21,02129,2
20250614,21,02139,2
20250614,21,02148,2
20250614,21,02159,1
20250614,21,02171,2
20250614,21,02172,2
20250614,21,02178,4
20250614,21,02179,3
20250614,21,02185,8
20250614,21,02186,1
20250614,21,02191,2
20250614,21,02198,1
20250614,21,03311,4
20250614,22,02111,1
20250614,22,02112,2
20250614,22,02116,5
20250614,22,02139,1
20250614,22,02143,1
20250614,22,02159,2
20250614,22,02171,3
20250614,22,02172,2
20250614,22,02178,3
20250614,22,02179,5
20250614,22,02185,2
20250614,22,02186,2
20250614,22,02198,1
20250614,22,03311,5
20250614,22,03802,1
20250614,23,02111,3
20250614,23,02112,2
20250614,23,02116,1
20250614,23,02122,3
20250614,23,02128,1
20250614,23,02129,2
20250614,23,02139,1
20250614,23,02148,2
20250614,23,02159,2
20250614,23,02172,1
20250614,23,02178,2
20250614,23,02179,3
20250614,23,02185,1
20250614,23,02186,2
20250614,23,02198,1
20250614,3,02112,1
20250614,3,02139,1
20250614,3,02178,1
20250614,3,02179,1
20250614,4,02122,1
20250614,4,02185,1
20250614,4,02191,2
20250614,4,02198,1
20250614,5,02112,1
20250614,5,02122,1
20250614,5,02178,1
20250614,5,02186,1
20250614,5,02191,1
20250614,6,02111,1
20250614,6,02129,1
20250614,6,02178,1
20250614,6,02185,1
20250614,6,02186,1
20250614,6,02198,1
20250614,6,03311,1
20250614,7,02112,2
20250614,7,02122,1
20250614,7,02148,1
20250614,7,02171,1
20250614,7,02185,1
20250614,7,02186,1
20250614,7,02191,1
20250614,7,02198,1
20250614,7,03311,2
20250614,8,02111,1
20250614,8,02112,1
20250614,8,02129,1
20250614,8,02139,1
20250614,8,02159,1
20250614,8,02172,1
20250614,8,02179,2
20250614,8,02191,4
20250614,9,02111,4
20250614,9,02112,1
20250614,9,02116,1
20250614,9,02128,1
20250614,9,02129,2
20250614,9,02130,1
20250614,9,02143,1
20250614,9,02172,1
20250614,9,02179,4
20250614,9,02185,1
20250614,9,02186,2
20250614,9,02191,1
20250614,9,02198,1
20250614,9,03310,2
20250615,0,02111,2
20250615,0,02112,2
20250615,0,02116,3
20250615,0,02128,3
20250615,0,02139,1
20250615,0,02171,2
20250615,0,02178,2
20250615,0,02179,2
20250615,0,02198,1
20250615,0,02199,1
20250615,0,03311,2
20250615,1,02111,2
20250615,1,02122,1
20250615,1,02128,2
20250615,1,02130,1
20250615,1,02139,4
20250615,1,02148,1
20250615,1,02171,1
20250615,1,02172,1
20250615,1,02178,1
20250615,1,02179,1
20250615,1,02185,1
20250615,1,02191,1
20250615,1,02198,3
20250615,1,02199,1
20250615,10,02111,1
20250615,10,02116,1
20250615,10,02122,4
20250615,10,02129,1
20250615,10,02130,1
20250615,10,02143,1
20250615,10,02148,2
20250615,10,02172,1
20250615,10,02178,1
20250615,10,02179,1
20250615,10,02185,1
20250615,10,02191,1
20250615,11,02111,1
20250615,11,02112,1
20250615,11,02116,1
20250615,11,02122,2
20250615,11,02128,1
20250615,11,02129,2
20250615,11,02130,1
20250615,11,02143,1
20250615,11,02148,1
20250615,11,02159,1
20250615,11,02172,4
20250615,11,02178,1
20250615,11,02179,1
20250615,11,02186,1
20250615,11,02191,3
20250615,11,02198,2
20250615,11,03311,1
20250615,11,03802,1
20250615,12,02111,2
20250615,12,02139,1
20250615,12,02143,1
20250615,12,02148,2
20250615,12,02159,1
20250615,12,02171,2
20250615,12,02172,5
20250615,12,02178,2
20250615,12,02179,1
20250615,12,02185,2
20250615,12,02186,1
20250615,12,02198,3
20250615,13,02111,2
20250615,13,02112,3
20250615,13,02116,3
20250615,13,02139,3
20250615,13,02171,3
20250615,13,02172,2
20250615,13,02178,2
20250615,13,02179,5
20250615,13,02185,1
20250615,13,02199,1
20250615,13,03311,2
20250615,13,03802,4
20250615,14,02111,2
20250615,14,02112,1
20250615,14,02116,2
20250615,14,02122,2
20250615,14,02128,2
20250615,14,02129,3
20250615,14,02139,1
20250615,14,02143,4
20250615,14,02148,1
20250615,14,02159,1
20250615,14,02171,2
20250615,14,02172,3
20250615,14,02185,3
20250615,14,02198,1
20250615,14,02199,1
20250615,15,02111,1
20250615,15,02112,1
20250615,15,02116,1
20250615,15,02122,2
20250615,15,02128,3
20250615,15,02129,2
20250615,15,02143,1
20250615,15,02159,1
20250615,15,02171,4
20250615,15,02172,2
20250615,15,02178,2
20250615,15,02179,2
20250615,15,02185,2
20250615,15,02191,2
20250615,15,02198,1
20250615,15,02199,1
20250615,15,03311,3
20250615,16,02111,1
20250615,16,02112,1
20250615,16,02116,1
20250615,16,02122,1
20250615,16,02129,2
20250615,16,02130,1
20250615,16,02139,1
20250615,16,02143,3
20250615,16,02148,1
20250615,16,02171,4
20250615,16,02172,1
20250615,16,02178,2
20250615,16,02179,5
20250615,16,02185,1
20250615,16,02191,3
20250615,16,02198,1
20250615,16,03311,1
20250615,16,03802,1
20250615,17,02111,2
20250615,17,02116,5
20250615,17,02122,1
20250615,17,02128,1
20250615,17,02129,1
20250615,17,02139,1
20250615,17,02143,2
20250615,17,02171,2
20250615,17,02172,1
20250615,17,02178,3
20250615,17,02179,3
20250615,17,02185,1
20250615,17,02198,3
20250615,17,02199,3
20250615,17,03310,2
20250615,17,03311,3
20250615,17,03802,2
20250615,18,02111,1
20250615,18,02112,2
20250615,18,02116,1
20250615,18,02122,1
20250615,18,02128,1
20250615,18,02171,3
20250615,18,02172,1
20250615,18,02178,1
20250615,18,02179,2
20250615,18,02185,2
20250615,18,02186,1
20250615,18,02191,1
20250615,19,02111,1
20250615,19,02112,2
20250615,19,02122,1
20250615,19,02143,2
20250615,19,02159,1
20250615,19,02178,4
20250615,19,02179,1
20250615,19,02185,1
20250615,19,02186,1
20250615,19,02191,1
20250615,2,02112,1
20250615,2,02148,1
20250615,2,02171,1
20250615,2,02178,1
20250615,2,02185,1
20250615,2,02198,2
20250615,2,03310,1
20250615,20,02111,4
20250615,20,02112,1
20250615,20,02116,1
20250615,20,02122,1
20250615,20,02143,1
20250615,20,02171,2
20250615,20,02178,2
20250615,20,02179,4
20250615,20,02185,2
20250615,20,02199,1
20250615,21,02112,1
20250615,21,02122,1
20250615,21,02148,1
20250615,21,02179,1
20250615,21,03311,1
20250615,23,02178,1
20250615,3,02185,1
20250615,3,02191,1
20250615,3,03310,1
20250615,3,03311,1
20250615,4,02112,2
20250615,4,02139,1
20250615,4,02198,1
20250615,5,02148,1
20250615,6,02139,1
20250615,6,02172,1
20250615,6,02185,1
20250615,7,02111,1
20250615,7,02112,1
20250615,7,02139,2
20250615,7,02172,1
20250615,7,02185,1
20250615,7,02191,2
20250615,7,02198,2
20250615,8,02111,1
20250615,8,02112,1
20250615,8,02116,2
20250615,8,02130,1
20250615,8,02143,1
20250615,8,02159,1
20250615,8,02171,1
20250615,8,02179,1
20250615,8,02191,1
20250615,9,02111,1
20250615,9,02112,1
20250615,9,02122,1
20250615,9,02128,1
20250615,9,02130,1
20250615,9,02148,2
20250615,9,02171,2
20250615,9,02172,2
20250615,9,02179,1
20250615,9,02185,2
20250615,9,02191,2
20250615,9,03311,1
20250615,9,03802,1
20250616,0,02112,1
20250616,0,03311,1
20250616,1,02185,1
20250616,10,02111,1
20250616,10,02128,1
20250616,10,02129,1
20250616,10,02171,2
20250616,10,02179,1
20250616,10,02185,2
20250616,10,02186,1
20250616,10,02191,4
20250616,10,02198,1
20250616,10,03311,1
20250616,11,02111,1
20250616,11,02128,1
20250616,11,02148,2
20250616,11,02159,1
20250616,11,02171,2
20250616,11,02178,2
20250616,11,02179,2
20250616,11,02185,2
20250616,11,02191,3
20250616,11,03311,1
20250616,11,03802,1
20250616,12,02111,2
20250616,12,02116,2
20250616,12,02122,3
20250616,12,02139,1
20250616,12,02143,1
20250616,12,02178,1
20250616,12,02179,1
20250616,12,02186,2
20250616,12,02191,1
20250616,12,02198,1
20250616,12,02199,2
20250616,12,03311,1
20250616,12,03802,1
20250616,13,02148,1
20250616,13,02179,1
20250616,13,02198,1
20250616,14,02112,1
20250616,14,02129,1
20250616,14,02178,1
20250616,14,02185,1
20250616,14,02191,1
20250616,14,02199,1
20250616,14,03310,1
20250616,14,03311,2
20250616,14,03802,2
20250616,15,02111,1
20250616,15,02112,1
20250616,15,02116,3
20250616,15,02122,2
20250616,15,02128,1
20250616,15,02159,2
20250616,15,02172,1
20250616,15,02178,2
20250616,15,02179,1
20250616,15,02186,2
20250616,15,03310,2
20250616,15,03311,1
20250616,16,02111,2
20250616,16,02112,3
20250616,16,02116,1
20250616,16,02139,2
20250616,16,02148,1
20250616,16,02171,1
20250616,16,02172,1
20250616,16,02178,1
20250616,16,02185,4
20250616,16,02186,1
20250616,16,02191,1
20250616,16,02198,1
20250616,16,03310,1
20250616,17,02111,1
20250616,17,02112,1
20250616,17,02116,2
20250616,17,02122,1
20250616,17,02128,2
20250616,17,02129,1
20250616,17,02130,2
20250616,17,02139,3
20250616,17,02143,1
20250616,17,02148,2
20250616,17,02178,2
20250616,17,02179,2
20250616,17,02185,1
20250616,17,02191,1
20250616,17,03310,2
20250616,17,03311,4
20250616,18,02111,6
20250616,18,02112,5
20250616,18,02116,2
20250616,18,02128,2
20250616,18,02143,2
20250616,18,02148,2
20250616,18,02171,6
20250616,18,02172,3
20250616,18,02178,3
20250616,18,02179,4
20250616,18,02185,3
20250616,18,02186,2
20250616,18,02191,3
20250616,18,02198,4
20250616,18,03310,1
20250616,18,03802,1
20250616,19,02111,6
20250616,19,02112,3
20250616,19,02116,3
20250616,19,02122,1
20250616,19,02128,3
20250616,19,02130,1
20250616,19,02139,2
20250616,19,02143,1
20250616,19,02148,1
20250616,19,02159,1
20250616,19,02171,2
20250616,19,02172,3
20250616,19,02178,1
20250616,19,02179,1
20250616,19,02185,4
20250616,19,02186,4
20250616,19,02191,1
20250616,19,02198,3
20250616,19,02199,1
20250616,19,03310,3
20250616,2,02185,1
20250616,20,02111,6
20250616,20,02112,4
20250616,20,02116,2
20250616,20,02122,1
20250616,20,02128,2
20250616,20,02129,2
20250616,20,02139,2
20250616,20,02143,2
20250616,20,02148,1
20250616,20,02159,1
20250616,20,02171,3
20250616,20,02172,1
20250616,20,02178,2
20250616,20,02179,2
20250616,20,02185,5
20250616,20,02186,1
20250616,20,02191,1
20250616,20,02198,2
20250616,20,02199,3
20250616,20,03311,2
20250616,21,02111,1
20250616,21,02116,1
20250616,21,02122,1
20250616,21,02128,2
20250616,21,02129,1
20250616,21,02130,1
20250616,21,02139,2
20250616,21,02143,1
20250616,21,02148,1
20250616,21,02171,7
20250616,21,02178,6
20250616,21,02179,1
20250616,21,02185,3
20250616,21,02191,4
20250616,21,02198,2
20250616,21,03310,2
20250616,21,03311,2
20250616,22,02112,4
20250616,22,02122,1
20250616,22,02148,3
20250616,22,02171,5
20250616,22,02172,3
20250616,22,02178,1
20250616,22,02179,2
20250616,22,02186,1
20250616,22,02191,2
20250616,22,02198,1
20250616,22,03311,3
20250616,23,02111,3
20250616,23,02112,1
20250616,23,02122,1
20250616,23,02128,1
20250616,23,02143,1
20250616,23,02148,2
20250616,23,02171,4
20250616,23,02172,1
20250616,23,02178,1
20250616,23,02179,1
20250616,23,02191,1
20250616,23,02198,1
20250616,23,03311,1
20250616,3,02171,1
20250616,4,02112,1
20250616,4,02122,1
20250616,4,02139,1
20250616,4,02159,1
20250616,5,02191,1
20250616,6,02111,1
20250616,6,02139,1
20250616,6,02159,1
20250616,6,02172,1
20250616,6,02185,1
20250616,6,02191,1
20250616,6,03311,1
20250616,6,03802,1
20250616,7,02111,3
20250616,7,02112,1
20250616,7,02129,1
20250616,7,02139,2
20250616,7,02143,1
20250616,7,02179,1
20250616,7,02198,3
20250616,7,03311,2
20250616,7,03802,1
20250616,8,02112,1
20250616,8,02128,2
20250616,8,02130,1
20250616,8,02171,2
20250616,8,02179,2
20250616,8,02185,3
20250616,8,02191,2
20250616,8,02198,1
20250616,8,03311,1
20250616,8,03802,1
20250616,9,02111,1
20250616,9,02122,1
20250616,9,02128,1
20250616,9,02143,1
20250616,9,02148,2
20250616,9,02172,1
20250616,9,02178,3
20250616,9,02185,1
20250616,9,02186,2
20250616,9,02191,1
20250616,9,02199,1
20250616,9,03310,2
20250616,9,03311,1
20250616,9,03802,1
20250617,0,02111,2
20250617,0,02112,2
20250617,0,02116,2
20250617,0,02129,1
20250617,0,02139,2
20250617,0,02143,2
20250617,0,02148,3
20250617,0,02171,3
20250617,0,02179,2
20250617,0,02185,2
20250617,0,02186,1
20250617,0,02198,7
20250617,0,03311,2
20250617,1,02111,4
20250617,1,02112,3
20250617,1,02116,3
20250617,1,02128,1
20250617,1,02159,1
20250617,1,02171,2
20250617,1,02172,1
20250617,1,02186,1
20250617,1,02191,1
20250617,1,02198,3
20250617,10,02111,1
20250617,10,02112,1
20250617,10,02116,2
20250617,10,02128,1
20250617,10,02129,1
20250617,10,02139,1
20250617,10,02143,2
20250617,10,02148,1
20250617,10,02171,2
20250617,10,02172,2
20250617,10,02185,2
20250617,10,02191,2
20250617,10,02198,2
20250617,10,03311,1
20250617,11,02111,4
20250617,11,02112,1
20250617,11,02116,1
20250617,11,02122,3
20250617,11,02129,3
20250617,11,02130,2
20250617,11,02139,2
20250617,11,02148,1
20250617,11,02172,2
20250617,11,02179,1
20250617,11,02186,2
20250617,11,02191,1
20250617,11,02198,2
20250617,11,03310,2
20250617,11,03311,3
20250617,11,03802,1
20250617,12,02111,4
20250617,12,02112,2
20250617,12,02122,2
20250617,12,02129,1
20250617,12,02148,4
20250617,12,02172,2
20250617,12,02179,2
20250617,12,02191,2
20250617,12,02199,1
20250617,13,02111,4
20250617,13,02112,2
20250617,13,02128,1
20250617,13,02139,1
20250617,13,02143,1
20250617,13,02148,1
20250617,13,02171,3
20250617,13,02178,1
20250617,13,02179,1
20250617,13,02185,1
20250617,13,02186,1
20250617,13,03310,3
20250617,13,03311,1
20250617,14,02111,2
20250617,14,02112,1
20250617,14,02128,1
20250617,14,02129,2
20250617,14,02148,1
20250617,14,02171,3
20250617,14,02172,4
20250617,14,02178,2
20250617,14,02179,1
20250617,14,02191,1
20250617,14,03310,2
20250617,14,03311,1
20250617,14,03802,2
20250617,15,02111,1
20250617,15,02112,1
20250617,15,02116,1
20250617,15,02122,1
20250617,15,02128,2
20250617,15,02171,6
20250617,15,02178,2
20250617,15,02185,2
20250617,15,03311,2
20250617,16,02111,1
20250617,16,02112,1
20250617,16,02128,1
20250617,16,02129,2
20250617,16,02148,1
20250617,16,02171,3
20250617,16,02172,6
20250617,16,02178,2
20250617,16,02179,3
20250617,16,02185,2
20250617,16,02191,3
20250617,16,03311,3
20250617,17,02111,2
20250617,17,02112,2
20250617,17,02116,2
20250617,17,02128,1
20250617,17,02129,4
20250617,17,02139,1
20250617,17,02148,3
20250617,17,02171,6
20250617,17,02172,6
20250617,17,02178,4
20250617,17,02179,2
20250617,17,02185,2
20250617,17,02191,3
20250617,17,02198,2
20250617,17,03311,1
20250617,17,03802,1
20250617,18,02111,2
20250617,18,02112,2
20250617,18,02116,2
20250617,18,02122,1
20250617,18,02129,6
20250617,18,02139,1
20250617,18,02143,1
20250617,18,02148,4
20250617,18,02171,9
20250617,18,02172,5
20250617,18,02178,7
20250617,18,02179,3
20250617,18,02185,4
20250617,18,02186,4
20250617,18,02191,5
20250617,18,02198,1
20250617,18,03310,4
20250617,18,03311,5
20250617,18,03802,1
20250617,19,02112,4
20250617,19,02116,1
20250617,19,02122,5
20250617,19,02128,3
20250617,19,02129,2
20250617,19,02143,3
20250617,19,02148,4
20250617,19,02171,5
20250617,19,02172,3
20250617,19,02178,6
20250617,19,02179,3
20250617,19,02185,2
20250617,19,02186,1
20250617,19,02191,1
20250617,19,02198,2
20250617,19,03311,6
20250617,2,02111,1
20250617,2,02139,1
20250617,2,02171,2
20250617,2,02178,1
20250617,2,02179,1
20250617,2,02185,1
20250617,2,02198,1
20250617,20,02111,3
20250617,20,02112,7
20250617,20,02116,6
20250617,20,02122,2
20250617,20,02139,1
20250617,20,02143,1
20250617,20,02148,2
20250617,20,02159,1
20250617,20,02171,5
20250617,20,02172,3
20250617,20,02178,1
20250617,20,02179,4
20250617,20,02185,3
20250617,20,02186,2
20250617,20,02198,6
20250617,20,02199,1
20250617,20,03311,5
20250617,20,03802,4
20250617,21,02111,5
20250617,21,02112,3
20250617,21,02116,1
20250617,21,02122,2
20250617,21,02128,2
20250617,21,02129,1
20250617,21,02139,1
20250617,21,02143,6
20250617,21,02148,1
20250617,21,02159,2
20250617,21,02171,2
20250617,21,02172,1
20250617,21,02178,5
20250617,21,02179,3
20250617,21,02185,4
20250617,21,02186,1
20250617,21,02191,1
20250617,21,02198,2
20250617,21,02199,1
20250617,21,03310,2
20250617,21,03311,3
20250617,21,03802,8
20250617,22,02111,1
20250617,22,02112,3
20250617,22,02116,1
20250617,22,02122,1
20250617,22,02129,2
20250617,22,02139,1
20250617,22,02148,1
20250617,22,02159,1
20250617,22,02171,5
20250617,22,02172,2
20250617,22,02179,2
20250617,22,02185,2
20250617,22,02186,1
20250617,22,02191,1
20250617,22,02198,3
20250617,22,02199,2
20250617,22,03310,3
20250617,22,03802,1
20250617,23,02111,2
20250617,23,02112,1
20250617,23,02116,2
20250617,23,02139,2
20250617,23,02143,4
20250617,23,02159,1
20250617,23,02171,2
20250617,23,02172,2
20250617,23,02179,4
20250617,23,02185,1
20250617,23,02186,1
20250617,23,02191,2
20250617,23,03311,2
20250617,3,02139,1
20250617,3,02148,1
20250617,3,02179,1
20250617,3,02191,1
20250617,3,03310,1
20250617,4,02112,1
20250617,4,02122,1
20250617,4,02171,1
20250617,4,02178,1
20250617,4,02179,2
20250617,4,02185,1
20250617,4,03310,1
20250617,5,02111,1
20250617,5,02116,1
20250617,5,02171,1
20250617,5,02172,1
20250617,5,02178,1
20250617,5,02179,3
20250617,5,02186,1
20250617,5,02191,2
20250617,5,03310,2
20250617,6,02111,2
20250617,6,02129,2
20250617,6,02139,1
20250617,6,02143,1
20250617,6,02172,1
20250617,6,02179,1
20250617,6,02191,2
20250617,6,03802,3
20250617,7,02111,1
20250617,7,02112,1
20250617,7,02122,1
20250617,7,02129,2
20250617,7,02139,2
20250617,7,02148,1
20250617,7,02172,1
20250617,7,02179,1
20250617,7,02185,2
20250617,7,02186,1
20250617,7,02191,2
20250617,7,03802,2
20250617,8,02128,3
20250617,8,02139,2
20250617,8,02143,2
20250617,8,02148,2
20250617,8,02171,4
20250617,8,02172,1
20250617,8,02179,3
20250617,8,02185,6
20250617,8,02191,5
20250617,8,02198,2
20250617,8,03310,3
20250617,8,03311,2
20250617,8,03802,4
20250617,9,02111,1
20250617,9,02129,1
20250617,9,02148,4
20250617,9,02159,1
20250617,9,02171,3
20250617,9,02178,3
20250617,9,02179,1
20250617,9,02185,4
20250617,9,02191,5
20250617,9,02199,1
20250617,9,03310,5
20250617,9,03311,1
20250618,0,02111,2
20250618,0,02116,2
20250618,0,02129,1
20250618,0,02139,1
20250618,0,02171,6
20250618,0,02172,1
20250618,0,02179,1
20250618,0,02185,1
20250618,0,02198,1
20250618,0,02199,3
20250618,1,02111,3
20250618,1,02112,4
20250618,1,02116,3
20250618,1,02122,1
20250618,1,02139,1
20250618,1,02148,1
20250618,1,02178,1
20250618,1,02191,1
20250618,1,02198,5
20250618,1,03311,1
20250618,10,02112,1
20250618,10,02116,2
20250618,10,02122,1
20250618,10,02148,4
20250618,10,02179,2
20250618,10,02185,1
20250618,10,02186,1
20250618,10,02191,5
20250618,10,02199,1
20250618,10,03802,2
20250618,11,02128,1
20250618,11,02148,3
20250618,11,02159,1
20250618,11,02178,1
20250618,11,02185,4
20250618,11,02191,2
20250618,11,03311,4
20250618,11,03802,2
20250618,12,02111,5
20250618,12,02112,2
20250618,12,02116,1
20250618,12,02128,1
20250618,12,02130,1
20250618,12,02139,1
20250618,12,02143,1
20250618,12,02159,1
20250618,12,02172,1
20250618,12,02179,6
20250618,12,02185,5
20250618,12,02191,4
20250618,12,02198,3
20250618,12,03311,2
20250618,12,03802,1
20250618,13,02111,1
20250618,13,02116,1
20250618,13,02122,1
20250618,13,02128,1
20250618,13,02139,1
20250618,13,02148,2
20250618,13,02171,2
20250618,13,02172,1
20250618,13,02178,2
20250618,13,02179,1
20250618,13,02185,1
20250618,13,02198,1
20250618,13,02199,1
20250618,13,03311,1
20250618,14,02111,2
20250618,14,02112,4
20250618,14,02129,2
20250618,14,02139,2
20250618,14,02171,3
20250618,14,02172,3
20250618,14,02178,2
20250618,14,02179,1
20250618,14,02198,1
20250618,14,03311,5
20250618,14,03802,2
20250618,15,02111,2
20250618,15,02112,1
20250618,15,02116,2
20250618,15,02122,1
20250618,15,02129,2
20250618,15,02148,1
20250618,15,02171,2
20250618,15,02172,2
20250618,15,02178,1
20250618,15,02185,4
20250618,15,02186,2
20250618,15,02191,4
20250618,15,02199,1
20250618,16,02111,2
20250618,16,02112,2
20250618,16,02116,1
20250618,16,02128,1
20250618,16,02129,1
20250618,16,02130,1
20250618,16,02139,1
20250618,16,02148,2
20250618,16,02171,5
20250618,16,02172,1
20250618,16,02178,5
20250618,16,02179,4
20250618,16,02191,1
20250618,16,02198,1
20250618,16,03311,2
20250618,17,02111,3
20250618,17,02112,1
20250618,17,02122,1
20250618,17,02128,1
20250618,17,02129,1
20250618,17,02139,2
20250618,17,02143,2
20250618,17,02148,2
20250618,17,02159,1
20250618,17,02171,6
20250618,17,02172,4
20250618,17,02178,3
20250618,17,02179,3
20250618,17,02185,2
20250618,17,02186,1
20250618,17,02191,1
20250618,17,02198,1
20250618,17,02199,1
20250618,17,03310,5
20250618,17,03311,2
20250618,18,02111,6
20250618,18,02112,4
20250618,18,02116,1
20250618,18,02122,3
20250618,18,02129,2
20250618,18,02143,1
20250618,18,02148,1
20250618,18,02171,11
20250618,18,02172,4
20250618,18,02178,3
20250618,18,02179,4
20250618,18,02185,2
20250618,18,02186,1
20250618,18,02191,1
20250618,18,02198,4
20250618,18,02199,2
20250618,18,03310,3
20250618,18,03311,6
20250618,18,03802,1
20250618,19,02111,5
20250618,19,02112,3
20250618,19,02116,1
20250618,19,02122,3
20250618,19,02128,1
20250618,19,02139,3
20250618,19,02143,1
20250618,19,02148,1
20250618,19,02159,1
20250618,19,02171,10
20250618,19,02172,2
20250618,19,02178,2
20250618,19,02179,3
20250618,19,02185,2
20250618,19,02186,4
20250618,19,02191,3
20250618,19,02198,3
20250618,19,02199,1
20250618,19,03310,2
20250618,19,03311,2
20250618,2,02191,2
20250618,2,02198,1
20250618,20,02111,4
20250618,20,02112,2
20250618,20,02122,1
20250618,20,02128,1
20250618,20,02129,1
20250618,20,02139,1
20250618,20,02143,1
20250618,20,02148,1
20250618,20,02159,2
20250618,20,02171,3
20250618,20,02172,2
20250618,20,02178,3
20250618,20,02179,4
20250618,20,02185,5
20250618,20,02198,2
20250618,20,03311,3
20250618,21,02111,4
20250618,21,02112,7
20250618,21,02116,3
20250618,21,02122,2
20250618,21,02128,2
20250618,21,02139,3
20250618,21,02143,1
20250618,21,02148,2
20250618,21,02172,2
20250618,21,02178,5
20250618,21,02179,3
20250618,21,02185,3
20250618,21,02186,1
20250618,21,02191,2
20250618,21,02198,5
20250618,21,02199,2
20250618,21,03311,5
20250618,21,03802,1
20250618,22,02111,3
20250618,22,02112,4
20250618,22,02122,4
20250618,22,02143,1
20250618,22,02148,1
20250618,22,02171,6
20250618,22,02172,5
20250618,22,02178,3
20250618,22,02179,4
20250618,22,02185,2
20250618,22,02191,5
20250618,22,02198,3
20250618,22,03311,1
20250618,22,03802,1
20250618,23,02112,4
20250618,23,02116,1
20250618,23,02148,1
20250618,23,02171,2
20250618,23,02172,2
20250618,23,02178,1
20250618,23,02179,3
20250618,23,02185,3
20250618,23,02191,1
20250618,23,02198,2
20250618,3,02129,1
20250618,3,02179,1
20250618,3,02185,3
20250618,3,02191,1
20250618,3,03310,1
20250618,4,02122,1
20250618,4,02171,1
20250618,4,02172,1
20250618,5,02111,1
20250618,5,02112,1
20250618,5,02122,2
20250618,5,02179,3
20250618,5,02191,1
20250618,6,02111,1
20250618,6,02122,1
20250618,6,02129,1
20250618,6,02139,1
20250618,6,02143,1
20250618,6,02191,2
20250618,6,03310,1
20250618,6,03802,4
20250618,7,02111,3
20250618,7,02112,1
20250618,7,02122,2
20250618,7,02128,1
20250618,7,02139,5
20250618,7,02148,2
20250618,7,02171,1
20250618,7,02179,2
20250618,7,02185,2
20250618,7,02186,4
20250618,7,02191,2
20250618,7,02198,2
20250618,7,02199,1
20250618,7,03310,2
20250618,7,03802,5
20250618,8,02111,1
20250618,8,02116,2
20250618,8,02128,1
20250618,8,02139,2
20250618,8,02143,2
20250618,8,02148,2
20250618,8,02171,3
20250618,8,02179,2
20250618,8,02185,6
20250618,8,02191,1
20250618,8,02198,1
20250618,8,03310,2
20250618,8,03311,1
20250618,8,03802,3
20250618,9,02111,2
20250618,9,02112,1
20250618,9,02116,1
20250618,9,02122,2
20250618,9,02128,1
20250618,9,02148,3
20250618,9,02171,3
20250618,9,02172,1
20250618,9,02178,1
20250618,9,02191,3
20250618,9,02198,2
20250618,9,03311,4
20250618,9,03802,2
20250619,0,02111,2
20250619,0,02116,1
20250619,0,02122,2
20250619,0,02128,1
20250619,0,02129,1
20250619,0,02143,1
20250619,0,02171,6
20250619,0,02179,3
20250619,0,02185,1
20250619,0,02191,1
20250619,0,02198,2
20250619,0,02199,1
20250619,0,03311,2
20250619,1,02111,1
20250619,1,02112,1
20250619,1,02116,1
20250619,1,02129,1
20250619,1,02179,5
20250619,1,02185,1
20250619,1,02191,1
20250619,1,02198,1
20250619,1,03311,1
20250619,10,02112,1
20250619,10,02116,1
20250619,10,02128,1
20250619,10,02139,1
20250619,10,02148,1
20250619,10,02179,1
20250619,10,02185,2
20250619,10,02186,1
20250619,10,02191,4
20250619,10,02198,1
20250619,10,03310,2
20250619,10,03311,1
20250619,11,02111,2
20250619,11,02112,1
20250619,11,02122,1
20250619,11,02128,1
20250619,11,02130,1
20250619,11,02148,2
20250619,11,02178,2
20250619,11,02185,1
20250619,11,02191,1
20250619,11,02199,1
20250619,11,03311,1
20250619,12,02111,2
20250619,12,02112,2
20250619,12,02130,1
20250619,12,02148,3
20250619,12,02171,1
20250619,12,02172,4
20250619,12,02179,1
20250619,12,02185,2
20250619,12,02191,2
20250619,12,02198,3
20250619,12,02199,1
20250619,12,03310,2
20250619,12,03311,3
20250619,13,02111,1
20250619,13,02122,3
20250619,13,02171,1
20250619,13,02172,2
20250619,13,02186,2
20250619,13,02191,1
20250619,13,03310,2
20250619,14,02122,1
20250619,14,02128,1
20250619,14,02129,1
20250619,14,02139,1
20250619,14,02159,1
20250619,14,02171,5
20250619,14,02172,3
20250619,14,02178,4
20250619,14,02179,1
20250619,14,02185,1
20250619,14,02199,1
20250619,14,03310,2
20250619,14,03311,1
20250619,15,02111,2
20250619,15,02112,1
20250619,15,02116,1
20250619,15,02122,2
20250619,15,02148,1
20250619,15,02171,1
20250619,15,02172,1
20250619,15,02178,1
20250619,15,02185,1
20250619,15,02186,1
20250619,15,02199,2
20250619,15,03310,2
20250619,15,03311,4
20250619,16,02111,1
20250619,16,02116,2
20250619,16,02129,3
20250619,16,02130,1
20250619,16,02143,1
20250619,16,02148,1
20250619,16,02171,1
20250619,16,02172,5
20250619,16,02179,2
20250619,16,02185,2
20250619,16,02191,4
20250619,16,02198,1
20250619,16,03310,2
20250619,16,03311,2
20250619,17,02111,3
20250619,17,02128,4
20250619,17,02129,1
20250619,17,02130,1
20250619,17,02139,2
20250619,17,02143,1
20250619,17,02148,2
20250619,17,02171,6
20250619,17,02172,3
20250619,17,02178,3
20250619,17,02179,3
20250619,17,02185,3
20250619,17,02191,3
20250619,17,03311,4
20250619,18,02111,2
20250619,18,02116,3
20250619,18,02122,4
20250619,18,02129,2
20250619,18,02130,1
20250619,18,02139,2
20250619,18,02143,2
20250619,18,02148,1
20250619,18,02171,6
20250619,18,02172,3
20250619,18,02178,7
20250619,18,02179,3
20250619,18,02185,3
20250619,18,02191,3
20250619,18,02198,3
20250619,18,02199,1
20250619,18,03311,5
20250619,18,03802,2
20250619,19,02111,2
20250619,19,02112,1
20250619,19,02116,1
20250619,19,02122,3
20250619,19,02128,3
20250619,19,02130,3
20250619,19,02139,1
20250619,19,02143,1
20250619,19,02159,1
20250619,19,02171,5
20250619,19,02172,2
20250619,19,02178,1
20250619,19,02179,3
20250619,19,02185,1
20250619,19,02186,4
20250619,19,02198,1
20250619,19,02199,2
20250619,19,03311,2
20250619,19,03802,1
20250619,2,02111,2
20250619,2,02178,1
20250619,2,02179,1
20250619,2,02191,1
20250619,2,02198,2
20250619,20,02111,2
20250619,20,02112,4
20250619,20,02116,2
20250619,20,02122,3
20250619,20,02128,1
20250619,20,02130,2
20250619,20,02139,2
20250619,20,02148,1
20250619,20,02171,1
20250619,20,02172,2
20250619,20,02178,4
20250619,20,02179,1
20250619,20,02185,3
20250619,20,02186,10
20250619,20,02191,2
20250619,20,02199,1
20250619,20,03311,4
20250619,20,03802,6
20250619,21,02111,5
20250619,21,02112,1
20250619,21,02116,2
20250619,21,02122,1
20250619,21,02129,3
20250619,21,02130,3
20250619,21,02139,1
20250619,21,02159,1
20250619,21,02171,3
20250619,21,02172,2
20250619,21,02178,2
20250619,21,02179,2
20250619,21,02185,1
20250619,21,02186,1
20250619,21,02191,2
20250619,21,02198,5
20250619,21,03311,1
20250619,21,03802,3
20250619,22,02111,4
20250619,22,02112,1
20250619,22,02122,1
20250619,22,02128,1
20250619,22,02129,2
20250619,22,02139,1
20250619,22,02143,1
20250619,22,02159,3
20250619,22,02171,3
20250619,22,02172,4
20250619,22,02179,3
20250619,22,02185,1
20250619,22,02191,1
20250619,22,02198,1
20250619,22,03311,5
20250619,23,02111,3
20250619,23,02112,2
20250619,23,02122,1
20250619,23,02128,1
20250619,23,02129,1
20250619,23,02139,1
20250619,23,02148,1
20250619,23,02159,1
20250619,23,02179,4
20250619,23,02185,1
20250619,23,02198,2
20250619,23,03311,4
20250619,3,02111,1
20250619,3,02143,2
20250619,3,02179,3
20250619,3,02185,1
20250619,4,02112,1
20250619,4,02122,1
20250619,4,02143,1
20250619,4,02178,1
20250619,4,02191,1
20250619,4,02198,1
20250619,5,02112,1
20250619,5,02116,1
20250619,5,02122,1
20250619,5,02139,1
20250619,5,02143,1
20250619,5,02148,1
20250619,5,02179,2
20250619,5,02186,1
20250619,5,02191,1
20250619,6,02111,1
20250619,6,02143,1
20250619,6,02148,1
20250619,6,02179,1
20250619,6,02185,2
20250619,6,02191,1
20250619,6,03802,2
20250619,7,02111,2
20250619,7,02122,2
20250619,7,02129,1
20250619,7,02130,1
20250619,7,02139,5
20250619,7,02148,1
20250619,7,02159,3
20250619,7,02171,1
20250619,7,02179,3
20250619,7,02185,4
20250619,7,02191,2
20250619,7,02198,3
20250619,7,02199,1
20250619,7,03802,1
20250619,8,02112,1
20250619,8,02128,1
20250619,8,02129,1
20250619,8,02139,1
20250619,8,02143,2
20250619,8,02148,1
20250619,8,02171,2
20250619,8,02178,1
20250619,8,02179,1
20250619,8,02185,8
20250619,8,02191,6
20250619,8,03310,1
20250619,8,03311,2
20250619,8,03802,4
20250619,9,02112,1
20250619,9,02116,1
20250619,9,02122,1
20250619,9,02128,1
20250619,9,02130,1
20250619,9,02148,2
20250619,9,02171,5
20250619,9,02178,2
20250619,9,02179,2
20250619,9,02185,1
20250619,9,02191,2
20250619,9,02198,1
20250620,0,02111,1
20250620,0,02112,1
20250620,0,02116,1
20250620,0,02143,1
20250620,0,02171,1
20250620,0,02172,1
20250620,0,02185,3
20250620,0,02191,2
20250620,0,02198,2
20250620,0,02199,1
20250620,1,02112,1
20250620,1,02129,1
20250620,1,02139,1
20250620,11,02148,1
20250620,12,02112,2
20250620,12,02128,1
20250620,12,02199,1
20250620,12,03802,1
20250620,13,02112,1
20250620,13,02122,1
20250620,13,02178,1
20250620,14,02172,1
20250620,14,03310,1
20250620,15,02111,1
20250620,17,02178,1
20250620,18,02112,1
20250620,18,02148,1
20250620,18,03310,1
20250620,19,02111,1
20250620,2,02128,1
20250620,20,02171,1
20250620,20,02185,1
20250620,21,02148,1
20250620,21,02185,1
20250620,22,02178,1
20250620,22,02179,1
20250620,22,02185,1
20250620,23,02111,1
20250620,23,03311,1
20250620,3,02179,1
20250620,3,02198,1
20250620,3,02199,1
20250620,7,02139,1
20250620,7,02143,1
20250620,8,02148,1
20250620,8,02191,1
20250620,9,02122,1
20250621,0,02129,1
20250621,0,02171,1
20250621,0,02179,1
20250621,0,02185,1
20250621,1,02111,1
20250621,1,02139,1
20250621,1,02148,1
20250621,1,02171,1
20250621,1,02198,1
20250621,1,02199,1
20250621,1,03311,1
20250621,10,02111,1
20250621,10,02112,1
20250621,10,02116,1
20250621,10,02122,2
20250621,10,02129,3
20250621,10,02130,1
20250621,10,02148,1
20250621,10,02171,1
20250621,10,02178,1
20250621,10,02179,1
20250621,10,02185,1
20250621,10,02186,2
20250621,10,02191,1
20250621,10,02198,1
20250621,10,03310,2
20250621,10,03311,4
20250621,10,03802,2
20250621,11,02111,2
20250621,11,02112,4
20250621,11,02116,1
20250621,11,02122,3
20250621,11,02128,1
20250621,11,02143,1
20250621,11,02159,1
20250621,11,02171,2
20250621,11,02172,3
20250621,11,02179,1
20250621,11,02191,3
20250621,11,02199,1
20250621,11,03310,1
20250621,11,03311,2
20250621,11,03802,2
20250621,12,02112,1
20250621,12,02128,2
20250621,12,02129,1
20250621,12,02143,1
20250621,12,02148,2
20250621,12,02159,1
20250621,12,02172,3
20250621,12,02178,4
20250621,12,02179,2
20250621,12,02185,1
20250621,12,02191,1
20250621,12,02198,1
20250621,12,03310,1
20250621,12,03311,2
20250621,13,02111,4
20250621,13,02112,1
20250621,13,02116,2
20250621,13,02128,1
20250621,13,02130,1
20250621,13,02139,1
20250621,13,02159,1
20250621,13,02171,3
20250621,13,02172,1
20250621,13,02178,4
20250621,13,02179,2
20250621,13,02185,2
20250621,13,02191,2
20250621,13,03310,1
20250621,14,02111,3
20250621,14,02122,2
20250621,14,02128,1
20250621,14,02129,1
20250621,14,02159,1
20250621,14,02171,2
20250621,14,02172,1
20250621,14,02178,1
20250621,14,02179,2
20250621,14,02185,1
20250621,14,02191,1
20250621,14,02198,1
20250621,14,03311,1
20250621,15,02111,1
20250621,15,02112,3
20250621,15,02116,1
20250621,15,02128,1
20250621,15,02129,1
20250621,15,02139,2
20250621,15,02143,1
20250621,15,02148,1
20250621,15,02159,4
20250621,15,02171,2
20250621,15,02172,1
20250621,15,02179,3
20250621,15,02185,1
20250621,15,02191,2
20250621,15,02199,1
20250621,15,03310,2
20250621,15,03311,2
20250621,15,03802,2
20250621,16,02111,4
20250621,16,02112,1
20250621,16,02122,2
20250621,16,02129,1
20250621,16,02139,3
20250621,16,02143,1
20250621,16,02148,2
20250621,16,02171,1
20250621,16,02172,1
20250621,16,02178,2
20250621,16,02179,3
20250621,16,02185,1
20250621,16,02186,2
20250621,16,03310,1
20250621,16,03311,1
20250621,16,03802,2
20250621,17,02111,3
20250621,17,02112,4
20250621,17,02116,1
20250621,17,02128,1
20250621,17,02143,1
20250621,17,02148,1
20250621,17,02171,2
20250621,17,02172,5
20250621,17,02178,2
20250621,17,02179,2
20250621,17,02185,4
20250621,17,02191,4
20250621,17,02198,1
20250621,17,02199,1
20250621,17,03310,1
20250621,17,03311,1
20250621,17,03802,2
20250621,18,02111,1
20250621,18,02128,1
20250621,18,02139,2
20250621,18,02143,1
20250621,18,02148,3
20250621,18,02171,2
20250621,18,02172,6
20250621,18,02178,3
20250621,18,02179,3
20250621,18,02185,5
20250621,18,02191,1
20250621,18,02198,1
20250621,18,03310,1
20250621,18,03311,1
20250621,19,02111,4
20250621,19,02112,4
20250621,19,02116,1
20250621,19,02122,1
20250621,19,02128,2
20250621,19,02129,1
20250621,19,02139,1
20250621,19,02148,1
20250621,19,02171,8
20250621,19,02179,1
20250621,19,02185,6
20250621,19,02186,1
20250621,19,02198,1
20250621,19,02199,1
20250621,19,03311,2
20250621,2,02129,1
20250621,2,02186,1
20250621,20,02111,4
20250621,20,02112,2
20250621,20,02116,1
20250621,20,02122,1
20250621,20,02139,2
20250621,20,02143,1
20250621,20,02148,1
20250621,20,02159,1
20250621,20,02171,4
20250621,20,02172,2
20250621,20,02178,1
20250621,20,02179,6
20250621,20,02185,5
20250621,20,02191,3
20250621,20,02199,1
20250621,20,03310,3
20250621,20,03802,1
20250621,21,02111,4
20250621,21,02128,1
20250621,21,02143,2
20250621,21,02148,2
20250621,21,02171,4
20250621,21,02172,2
20250621,21,02178,1
20250621,21,02179,1
20250621,21,02185,5
20250621,21,02186,1
20250621,21,02191,1
20250621,21,02199,1
20250621,21,03310,1
20250621,22,02111,2
20250621,22,02112,2
20250621,22,02116,1
20250621,22,02122,1
20250621,22,02139,1
20250621,22,02143,2
20250621,22,02171,3
20250621,22,02172,5
20250621,22,02178,2
20250621,22,02179,3
20250621,22,02185,2
20250621,22,02191,3
20250621,22,02198,1
20250621,22,03311,5
20250621,23,02112,1
20250621,23,02116,1
20250621,23,02122,1
20250621,23,02143,1
20250621,23,02148,1
20250621,23,02159,1
20250621,23,02171,2
20250621,23,02179,1
20250621,23,02185,3
20250621,23,02186,2
20250621,23,02191,3
20250621,3,02171,1
20250621,4,02191,1
20250621,4,03311,1
20250621,5,02112,2
20250621,5,02159,1
20250621,5,02179,1
20250621,5,03311,1
20250621,6,02111,1
20250621,6,02112,1
20250621,6,02139,2
20250621,6,02185,1
20250621,6,02186,2
20250621,6,02191,1
20250621,6,03310,1
20250621,6,03802,1
20250621,7,02129,1
20250621,7,02172,1
20250621,7,02179,1
20250621,7,02185,1
20250621,7,02186,1
20250621,7,02191,3
20250621,8,02122,1
20250621,8,02129,1
20250621,8,02143,1
20250621,8,02171,1
20250621,8,02178,1
20250621,8,02191,3
20250621,8,03310,2
20250621,9,02111,1
20250621,9,02112,2
20250621,9,02122,1
20250621,9,02129,1
20250621,9,02130,1
20250621,9,02148,1
20250621,9,02171,1
20250621,9,02172,1
20250621,9,02179,3
20250621,9,02185,1
20250621,9,02186,1
20250621,9,03310,2
20250622,0,02112,4
20250622,0,02122,2
20250622,0,02128,1
20250622,0,02139,1
20250622,0,02143,1
20250622,0,02148,1
20250622,0,02159,1
20250622,0,02171,6
20250622,0,02178,1
20250622,0,02179,2
20250622,0,02185,4
20250622,0,02191,1
20250622,0,02198,2
20250622,0,03310,2
20250622,0,03311,1
20250622,1,02111,2
20250622,1,02116,1
20250622,1,02128,3
20250622,1,02139,1
20250622,1,02148,2
20250622,1,02159,1
20250622,1,02171,1
20250622,1,02179,1
20250622,1,02185,1
20250622,1,02186,1
20250622,1,02198,1
20250622,1,03311,1
20250622,10,02111,1
20250622,10,02112,1
20250622,10,02116,1
20250622,10,02122,1
20250622,10,02139,3
20250622,10,02143,2
20250622,10,02148,1
20250622,10,02159,1
20250622,10,02171,1
20250622,10,02172,3
20250622,10,02185,1
20250622,10,02191,4
20250622,10,03310,1
20250622,10,03802,1
20250622,11,02116,1
20250622,11,02128,4
20250622,11,02143,3
20250622,11,02159,2
20250622,11,02171,2
20250622,11,02172,5
20250622,11,02178,3
20250622,11,02179,2
20250622,11,02185,2
20250622,11,02186,3
20250622,11,02191,1
20250622,11,02198,3
20250622,11,03310,1
20250622,11,03311,1
20250622,11,03802,2
20250622,12,02111,1
20250622,12,02112,1
20250622,12,02116,4
20250622,12,02128,2
20250622,12,02129,1
20250622,12,02139,2
20250622,12,02148,2
20250622,12,02159,1
20250622,12,02171,1
20250622,12,02172,3
20250622,12,02178,5
20250622,12,02185,1
20250622,12,02186,2
20250622,12,02191,1
20250622,12,02199,2
20250622,12,03310,2
20250622,12,03311,1
20250622,13,02112,1
20250622,13,02122,1
20250622,13,02128,1
20250622,13,02129,1
20250622,13,02139,1
20250622,13,02143,1
20250622,13,02159,1
20250622,13,02171,1
20250622,13,02172,3
20250622,13,02179,5
20250622,13,02185,1
20250622,13,02191,1
20250622,13,02198,1
20250622,13,03310,3
20250622,13,03311,1
20250622,13,03802,1
20250622,14,02112,1
20250622,14,02116,1
20250622,14,02122,1
20250622,14,02128,1
20250622,14,02129,6
20250622,14,02130,1
20250622,14,02139,1
20250622,14,02143,1
20250622,14,02148,2
20250622,14,02159,1
20250622,14,02171,2
20250622,14,02172,5
20250622,14,02178,2
20250622,14,02179,3
20250622,14,02185,1
20250622,14,02191,3
20250622,14,02198,2
20250622,14,03310,1
20250622,14,03802,1
20250622,15,02112,1
20250622,15,02116,2
20250622,15,02130,1
20250622,15,02139,2
20250622,15,02171,3
20250622,15,02172,3
20250622,15,02178,1
20250622,15,02179,4
20250622,15,02185,1
20250622,15,02191,5
20250622,15,03310,3
20250622,15,03311,1
20250622,15,03802,1
20250622,16,02111,4
20250622,16,02112,1
20250622,16,02116,4
20250622,16,02128,1
20250622,16,02129,3
20250622,16,02171,3
20250622,16,02172,8
20250622,16,02178,1
20250622,16,02179,7
20250622,16,02185,1
20250622,16,02191,3
20250622,16,02198,1
20250622,16,03310,2
20250622,16,03311,1
20250622,16,03802,4
20250622,17,02111,4
20250622,17,02112,6
20250622,17,02122,4
20250622,17,02128,2
20250622,17,02129,1
20250622,17,02148,2
20250622,17,02159,3
20250622,17,02171,3
20250622,17,02172,6
20250622,17,02178,3
20250622,17,02185,7
20250622,17,02191,5
20250622,17,02198,3
20250622,17,03311,1
20250622,18,02112,5
20250622,18,02116,4
20250622,18,02122,3
20250622,18,02129,3
20250622,18,02139,1
20250622,18,02143,1
20250622,18,02148,2
20250622,18,02171,4
20250622,18,02172,3
20250622,18,02178,4
20250622,18,02179,2
20250622,18,02185,5
20250622,18,02191,2
20250622,18,02198,4
20250622,18,03310,1
20250622,18,03311,5
20250622,19,02111,3
20250622,19,02112,5
20250622,19,02116,1
20250622,19,02122,3
20250622,19,02128,2
20250622,19,02129,2
20250622,19,02148,1
20250622,19,02159,2
20250622,19,02171,5
20250622,19,02172,4
20250622,19,02178,1
20250622,19,02179,1
20250622,19,02185,4
20250622,19,02186,1
20250622,19,02191,1
20250622,19,02198,2
20250622,19,03310,1
20250622,19,03311,2
20250622,2,02111,1
20250622,2,02112,2
20250622,2,02116,2
20250622,2,02171,5
20250622,2,02179,2
20250622,2,02185,2
20250622,20,02111,3
20250622,20,02112,2
20250622,20,02116,6
20250622,20,02122,3
20250622,20,02128,2
20250622,20,02139,1
20250622,20,02143,1
20250622,20,02159,1
20250622,20,02171,4
20250622,20,02172,1
20250622,20,02178,1
20250622,20,02179,6
20250622,20,02185,6
20250622,20,02186,2
20250622,20,02191,2
20250622,20,02198,1
20250622,20,03310,2
20250622,20,03311,3
20250622,21,02111,3
20250622,21,02112,2
20250622,21,02116,7
20250622,21,02122,3
20250622,21,02128,1
20250622,21,02130,3
20250622,21,02139,1
20250622,21,02143,1
20250622,21,02148,2
20250622,21,02171,3
20250622,21,02172,1
20250622,21,02178,3
20250622,21,02179,3
20250622,21,02185,6
20250622,21,02191,4
20250622,21,02198,4
20250622,21,02199,1
20250622,21,03311,3
20250622,22,02111,1
20250622,22,02112,5
20250622,22,02116,2
20250622,22,02122,1
20250622,22,02128,2
20250622,22,02129,1
20250622,22,02148,1
20250622,22,02159,3
20250622,22,02171,4
20250622,22,02172,1
20250622,22,02178,2
20250622,22,02179,3
20250622,22,02185,3
20250622,22,02186,2
20250622,22,02191,2
20250622,22,03310,1
20250622,22,03311,3
20250622,23,02112,2
20250622,23,02116,1
20250622,23,02139,2
20250622,23,02143,1
20250622,23,02171,1
20250622,23,02172,1
20250622,23,02179,7
20250622,23,02185,1
20250622,23,02191,1
20250622,23,02198,2
20250622,3,02122,1
20250622,3,02171,1
20250622,3,02179,1
20250622,3,02186,1
20250622,4,02112,1
20250622,4,02139,1
20250622,4,02178,2
20250622,4,02191,1
20250622,4,02198,1
20250622,5,02178,1
20250622,5,02198,1
20250622,5,03310,1
20250622,6,02112,1
20250622,6,02116,1
20250622,6,02139,2
20250622,6,02148,1
20250622,6,02185,1
20250622,6,02191,1
20250622,7,02116,1
20250622,7,02128,2
20250622,7,02178,1
20250622,7,02185,2
20250622,7,02191,4
20250622,8,02116,1
20250622,8,02128,1
20250622,8,02139,1
20250622,8,02148,1
20250622,8,02159,1
20250622,8,02172,1
20250622,8,02178,1
20250622,8,02179,1
20250622,8,02191,2
20250622,8,03310,1
20250622,9,02111,1
20250622,9,02112,1
20250622,9,02171,2
20250622,9,02172,2
20250622,9,02179,1
20250622,9,02185,2
20250622,9,03310,1
20250622,9,03311,1
20250623,0,02112,1
20250623,0,02116,4
20250623,0,02128,2
20250623,0,02139,1
20250623,0,02159,1
20250623,0,02171,3
20250623,0,02179,1
20250623,0,02185,4
20250623,0,02198,2
20250623,0,03311,1
20250623,1,02111,3
20250623,1,02112,3
20250623,1,02128,1
20250623,1,02139,1
20250623,1,02159,1
20250623,1,02171,3
20250623,1,02172,1
20250623,1,02178,1
20250623,1,02179,2
20250623,1,02186,1
20250623,1,02191,1
20250623,1,02198,2
20250623,10,02111,1
20250623,10,02122,1
20250623,10,02128,1
20250623,10,02129,3
20250623,10,02143,1
20250623,10,02148,2
20250623,10,02171,1
20250623,10,02185,1
20250623,10,02186,1
20250623,10,02191,2
20250623,10,03310,1
20250623,10,03802,1
20250623,11,02111,2
20250623,11,02112,2
20250623,11,02116,1
20250623,11,02122,1
20250623,11,02128,1
20250623,11,02129,1
20250623,11,02148,1
20250623,11,02171,2
20250623,11,02172,1
20250623,11,02178,3
20250623,11,02179,1
20250623,11,02185,1
20250623,11,02191,3
20250623,11,02198,1
20250623,11,03310,2
20250623,11,03311,1
20250623,11,03802,3
20250623,12,02111,1
20250623,12,02122,1
20250623,12,02130,1
20250623,12,02139,3
20250623,12,02148,3
20250623,12,02178,2
20250623,12,02179,2
20250623,12,02185,1
20250623,12,02198,1
20250623,12,03311,1
20250623,12,03802,1
20250623,13,02111,1
20250623,13,02116,1
20250623,13,02122,1
20250623,13,02139,1
20250623,13,02171,3
20250623,13,02178,1
20250623,13,02179,1
20250623,13,02185,1
20250623,13,02199,1
20250623,13,03310,2
20250623,13,03311,3
20250623,14,02112,2
20250623,14,02122,1
20250623,14,02148,2
20250623,14,02171,6
20250623,14,02172,1
20250623,14,02178,1
20250623,14,02179,1
20250623,14,02185,1
20250623,14,03310,2
20250623,14,03311,2
20250623,15,02111,1
20250623,15,02112,1
20250623,15,02122,2
20250623,15,02128,1
20250623,15,02139,1
20250623,15,02143,1
20250623,15,02171,2
20250623,15,02172,2
20250623,15,02178,2
20250623,15,02179,3
20250623,15,02185,4
20250623,15,02191,3
20250623,15,02198,3
20250623,15,03310,2
20250623,15,03311,1
20250623,15,03802,1
20250623,16,02111,4
20250623,16,02112,2
20250623,16,02139,2
20250623,16,02171,2
20250623,16,02172,1
20250623,16,02179,2
20250623,16,02185,3
20250623,16,03311,3
20250623,17,02111,1
20250623,17,02112,2
20250623,17,02116,3
20250623,17,02128,2
20250623,17,02130,3
20250623,17,02139,6
20250623,17,02143,1
20250623,17,02148,1
20250623,17,02171,4
20250623,17,02172,2
20250623,17,02178,4
20250623,17,02185,3
20250623,17,03310,1
20250623,17,03311,1
20250623,18,02111,5
20250623,18,02112,2
20250623,18,02116,7
20250623,18,02122,1
20250623,18,02128,2
20250623,18,02130,3
20250623,18,02143,1
20250623,18,02148,2
20250623,18,02171,2
20250623,18,02172,5
20250623,18,02178,1
20250623,18,02179,2
20250623,18,02185,2
20250623,18,02186,1
20250623,18,03310,1
20250623,18,03311,6
20250623,19,02111,1
20250623,19,02112,1
20250623,19,02116,7
20250623,19,02122,2
20250623,19,02128,1
20250623,19,02130,1
20250623,19,02139,1
20250623,19,02148,2
20250623,19,02171,4
20250623,19,02178,4
20250623,19,02179,3
20250623,19,02191,4
20250623,19,02198,1
20250623,19,03310,2
20250623,19,03311,5
20250623,19,03802,1
20250623,2,02116,1
20250623,2,02128,2
20250623,2,02139,1
20250623,2,02185,1
20250623,20,02111,7
20250623,20,02112,5
20250623,20,02128,2
20250623,20,02130,4
20250623,20,02139,1
20250623,20,02148,3
20250623,20,02171,3
20250623,20,02172,4
20250623,20,02178,1
20250623,20,02179,2
20250623,20,02185,3
20250623,20,02191,3
20250623,20,02198,2
20250623,20,03311,6
20250623,20,03802,2
20250623,21,02111,3
20250623,21,02116,3
20250623,21,02122,4
20250623,21,02128,2
20250623,21,02130,3
20250623,21,02139,1
20250623,21,02148,1
20250623,21,02159,1
20250623,21,02171,3
20250623,21,02172,7
20250623,21,02178,2
20250623,21,02179,1
20250623,21,02185,4
20250623,21,02186,1
20250623,21,02191,2
20250623,21,02198,5
20250623,21,03310,1
20250623,21,03311,1
20250623,22,02111,2
20250623,22,02112,4
20250623,22,02122,2
20250623,22,02129,1
20250623,22,02130,1
20250623,22,02143,1
20250623,22,02159,1
20250623,22,02171,6
20250623,22,02172,1
20250623,22,02179,5
20250623,22,02185,2
20250623,22,02186,3
20250623,22,02191,4
20250623,22,02198,1
20250623,22,03311,5
20250623,23,02111,6
20250623,23,02112,4
20250623,23,02116,3
20250623,23,02122,1
20250623,23,02128,1
20250623,23,02129,1
20250623,23,02130,1
20250623,23,02139,3
20250623,23,02143,1
20250623,23,02159,1
20250623,23,02171,1
20250623,23,02172,1
20250623,23,02179,1
20250623,23,02185,1
20250623,23,02186,1
20250623,23,02198,2
20250623,23,02199,1
20250623,23,03310,1
20250623,23,03311,2
20250623,3,02122,1
20250623,3,02143,1
20250623,4,02112,1
20250623,4,02122,2
20250623,4,02139,1
20250623,4,03311,1
20250623,5,02148,1
20250623,5,02179,2
20250623,5,02186,1
20250623,5,02198,2
20250623,5,03310,1
20250623,6,02116,1
20250623,6,02139,1
20250623,6,02148,2
20250623,6,02159,1
20250623,6,02185,1
20250623,6,02191,3
20250623,6,03310,2
20250623,6,03802,1
20250623,7,02111,2
20250623,7,02122,1
20250623,7,02129,1
20250623,7,02130,1
20250623,7,02139,2
20250623,7,02148,1
20250623,7,02159,1
20250623,7,02171,3
20250623,7,02179,3
20250623,7,02185,1
20250623,7,02186,3
20250623,7,02191,3
20250623,7,02198,1
20250623,7,03310,2
20250623,7,03311,2
20250623,7,03802,6
20250623,8,02111,4
20250623,8,02112,1
20250623,8,02122,2
20250623,8,02139,2
20250623,8,02143,2
20250623,8,02148,4
20250623,8,02171,2
20250623,8,02179,1
20250623,8,02185,5
20250623,8,02191,4
20250623,8,02198,2
20250623,8,03310,1
20250623,8,03802,3
20250623,9,02111,1
20250623,9,02128,2
20250623,9,02143,1
20250623,9,02148,1
20250623,9,02171,1
20250623,9,02178,2
20250623,9,02179,2
20250623,9,02185,1
20250623,9,02191,2
20250623,9,02199,1
20250623,9,03310,1
20250623,9,03802,1
20250624,0,02111,1
20250624,0,02112,1
20250624,0,02116,3
20250624,0,02130,1
20250624,0,02171,2
20250624,0,02178,1
20250624,0,02185,2
20250624,0,02191,1
20250624,0,02198,2
20250624,0,02199,1
20250624,1,02139,2
20250624,1,02143,1
20250624,1,02148,1
20250624,1,02171,4
20250624,1,02179,1
20250624,1,02198,2
20250624,1,03311,1
20250624,10,02111,1
20250624,10,02122,1
20250624,10,02129,1
20250624,10,02143,1
20250624,10,02148,1
20250624,10,02172,1
20250624,10,02185,1
20250624,10,03311,1
20250624,11,02111,2
20250624,11,02116,1
20250624,11,02122,1
20250624,11,02129,2
20250624,11,02130,1
20250624,11,02139,1
20250624,11,02148,1
20250624,11,02171,1
20250624,11,02178,2
20250624,11,02185,1
20250624,11,02186,2
20250624,11,02191,2
20250624,11,02198,1
20250624,11,03310,1
20250624,11,03311,2
20250624,12,02112,1
20250624,12,02129,2
20250624,12,02139,1
20250624,12,02171,3
20250624,12,02172,3
20250624,12,02178,1
20250624,12,02179,1
20250624,12,02185,1
20250624,12,02186,2
20250624,12,02198,4
20250624,12,03310,2
20250624,13,02111,4
20250624,13,02112,1
20250624,13,02122,1
20250624,13,02148,1
20250624,13,02171,1
20250624,13,02178,4
20250624,13,02179,2
20250624,13,02191,4
20250624,13,02199,1
20250624,13,03310,2
20250624,13,03311,1
20250624,14,02111,2
20250624,14,02112,2
20250624,14,02116,1
20250624,14,02122,1
20250624,14,02129,1
20250624,14,02143,2
20250624,14,02148,1
20250624,14,02171,5
20250624,14,02172,1
20250624,14,02178,1
20250624,14,02179,2
20250624,14,02186,1
20250624,14,02191,1
20250624,14,02199,1
20250624,14,03310,1
20250624,14,03311,2
20250624,14,03802,2
20250624,15,02111,3
20250624,15,02112,3
20250624,15,02116,2
20250624,15,02122,3
20250624,15,02128,1
20250624,15,02139,2
20250624,15,02148,1
20250624,15,02171,1
20250624,15,02172,2
20250624,15,02179,1
20250624,15,02185,1
20250624,15,02186,1
20250624,15,02191,1
20250624,15,03311,1
20250624,16,02111,1
20250624,16,02128,1
20250624,16,02129,1
20250624,16,02130,3
20250624,16,02148,1
20250624,16,02171,3
20250624,16,02172,6
20250624,16,02178,1
20250624,16,02179,1
20250624,16,02185,1
20250624,16,02191,1
20250624,16,02198,5
20250624,16,03310,1
20250624,16,03311,1
20250624,17,02111,4
20250624,17,02112,1
20250624,17,02122,2
20250624,17,02128,2
20250624,17,02129,2
20250624,17,02130,1
20250624,17,02139,1
20250624,17,02143,1
20250624,17,02171,7
20250624,17,02172,3
20250624,17,02178,3
20250624,17,02179,3
20250624,17,02185,1
20250624,17,02186,1
20250624,17,03310,4
20250624,17,03311,1
20250624,18,02111,1
20250624,18,02112,1
20250624,18,02116,3
20250624,18,02122,4
20250624,18,02129,2
20250624,18,02139,1
20250624,18,02143,1
20250624,18,02148,4
20250624,18,02171,3
20250624,18,02172,4
20250624,18,02179,2
20250624,18,02185,3
20250624,18,02186,2
20250624,18,02191,3
20250624,18,02198,1
20250624,18,03310,3
20250624,18,03311,2
20250624,19,02111,2
20250624,19,02116,1
20250624,19,02128,2
20250624,19,02148,2
20250624,19,02159,2
20250624,19,02171,3
20250624,19,02172,2
20250624,19,02179,2
20250624,19,02185,1
20250624,19,02199,1
20250624,19,03310,1
20250624,19,03311,4
20250624,19,03802,1
20250624,2,02112,2
20250624,2,02139,1
20250624,2,02159,1
20250624,2,02185,1
20250624,2,02191,1
20250624,2,02198,2
20250624,20,02143,1
20250624,20,02171,1
20250624,20,02186,1
20250624,20,02199,1
20250624,21,02111,1
20250624,21,02178,1
20250624,22,02148,1
20250624,22,02185,1
20250624,22,02186,2
20250624,22,02191,1
20250624,22,03311,3
20250624,22,03802,2
20250624,23,02112,1
20250624,23,02128,2
20250624,23,02139,1
20250624,23,02171,3
20250624,23,02179,1
20250624,23,02185,2
20250624,23,02199,1
20250624,23,03311,5
20250624,3,02171,1
20250624,3,02179,1
20250624,3,02185,1
20250624,3,03310,1
20250624,4,02122,1
20250624,4,02139,1
20250624,4,02171,1
20250624,4,02185,1
20250624,5,02116,1
20250624,5,02139,1
20250624,5,02186,2
20250624,6,02111,1
20250624,6,02116,1
20250624,6,02129,2
20250624,6,02139,1
20250624,6,02143,2
20250624,6,02148,1
20250624,6,02159,1
20250624,6,02179,1
20250624,6,02191,2
20250624,6,03310,2
20250624,6,03311,1
20250624,6,03802,2
20250624,7,02111,1
20250624,7,02112,1
20250624,7,02122,1
20250624,7,02128,2
20250624,7,02139,4
20250624,7,02159,1
20250624,7,02171,1
20250624,7,02179,1
20250624,7,02186,4
20250624,7,02191,2
20250624,7,02198,1
20250624,7,03311,1
20250624,7,03802,3
20250624,8,02111,2
20250624,8,02116,3
20250624,8,02128,2
20250624,8,02130,2
20250624,8,02139,5
20250624,8,02143,2
20250624,8,02148,1
20250624,8,02159,1
20250624,8,02171,4
20250624,8,02179,4
20250624,8,02185,8
20250624,8,02186,3
20250624,8,02191,3
20250624,8,02198,1
20250624,8,03311,1
20250624,8,03802,5
20250624,9,02122,1
20250624,9,02128,1
20250624,9,02143,1
20250624,9,02159,1
20250624,9,02171,3
20250624,9,02178,1
20250624,9,02185,2
20250624,9,02186,3
20250624,9,02191,3
20250624,9,02198,1
20250624,9,03311,2
20250625,0,02111,2
20250625,0,02112,1
20250625,0,02116,1
20250625,0,02128,2
20250625,0,02129,1
20250625,0,02148,1
20250625,0,02185,1
20250625,0,02191,1
20250625,0,02199,1
20250625,1,02111,1
20250625,1,02116,2
20250625,1,02128,1
20250625,1,02171,2
20250625,1,02172,1
20250625,1,02185,1
20250625,1,02186,2
20250625,1,02191,1
20250625,1,02198,4
20250625,1,03311,1
20250625,10,02112,1
20250625,10,02116,1
20250625,10,02128,1
20250625,10,02129,1
20250625,10,02139,1
20250625,10,02148,1
20250625,10,02185,1
20250625,11,02111,1
20250625,11,02122,1
20250625,11,02129,2
20250625,11,02171,1
20250625,11,02178,1
20250625,11,02179,1
20250625,11,02185,1
20250625,11,03311,1
20250625,11,03802,4
20250625,12,02128,1
20250625,12,02129,1
20250625,12,02198,1
20250625,12,03802,1
20250625,13,02111,1
20250625,13,02122,1
20250625,13,02148,2
20250625,13,02185,1
20250625,13,02198,1
20250625,13,03311,1
20250625,14,02171,1
20250625,14,03311,1
20250625,16,02191,1
20250625,17,02139,1
20250625,17,02191,1
20250625,18,02112,1
20250625,18,02122,1
20250625,18,02148,1
20250625,18,02171,2
20250625,18,02185,1
20250625,18,02191,1
20250625,19,02111,2
20250625,19,02148,1
20250625,19,02179,1
20250625,19,03311,1
20250625,2,02128,1
20250625,2,02179,1
20250625,2,02185,1
20250625,2,03802,1
20250625,20,02111,2
20250625,20,02112,2
20250625,20,02116,1
20250625,20,02128,1
20250625,20,02148,2
20250625,20,02172,3
20250625,20,02199,1
20250625,21,02111,1
20250625,21,02112,1
20250625,21,02122,1
20250625,21,02128,1
20250625,21,02148,4
20250625,21,02171,2
20250625,21,02172,1
20250625,21,02179,3
20250625,21,02185,3
20250625,21,02191,1
20250625,21,02199,1
20250625,21,03311,2
20250625,22,02112,2
20250625,22,02122,2
20250625,22,02171,2
20250625,22,02172,1
20250625,22,02179,1
20250625,22,02185,2
20250625,22,02186,1
20250625,22,02191,1
20250625,22,03311,5
20250625,22,03802,1
20250625,23,02116,1
20250625,23,02128,2
20250625,23,02159,1
20250625,23,02171,1
20250625,23,02179,1
20250625,23,02198,1
20250625,23,03311,1
20250625,3,02186,1
20250625,4,02122,1
20250625,4,02185,1
20250625,4,02191,2
20250625,5,02122,1
20250625,5,02139,1
20250625,5,02178,1
20250625,5,03310,1
20250625,6,02111,2
20250625,6,02116,1
20250625,6,02143,1
20250625,6,02148,1
20250625,6,02179,1
20250625,7,02171,1
20250625,7,02186,1
20250625,7,02191,1
20250625,7,02198,1
20250625,7,03802,2
20250625,8,02143,1
20250625,8,02179,1
20250625,8,02191,4
20250625,8,03311,1
20250625,8,03802,1
20250625,9,02111,1
20250625,9,02171,1
20250625,9,02172,1
20250625,9,02185,1
20250625,9,02186,1
20250625,9,02191,2
20250625,9,02198,1
20250625,9,03311,1
20250626,0,02111,3
20250626,0,02116,1
20250626,0,02122,2
20250626,0,02128,2
20250626,0,02171,1
20250626,0,02178,1
20250626,0,02179,2
20250626,0,02185,2
20250626,0,02191,2
20250626,0,02198,1
20250626,0,03311,1
20250626,1,02111,5
20250626,1,02116,1
20250626,1,02139,1
20250626,1,02148,1
20250626,1,02171,3
20250626,1,02178,1
20250626,1,02179,1
20250626,1,02185,1
20250626,1,02198,1
20250626,10,02111,1
20250626,10,02112,1
20250626,10,02129,1
20250626,10,02139,1
20250626,10,02143,1
20250626,10,02148,3
20250626,10,02171,2
20250626,10,02179,1
20250626,10,02186,1
20250626,10,02191,1
20250626,10,03310,1
20250626,11,02111,1
20250626,11,02116,1
20250626,11,02128,1
20250626,11,02129,2
20250626,11,02130,1
20250626,11,02148,2
20250626,11,02171,2
20250626,11,02179,1
20250626,11,02185,2
20250626,11,02186,2
20250626,11,02191,1
20250626,11,02198,1
20250626,11,03311,2
20250626,11,03802,1
20250626,12,02112,1
20250626,12,02116,2
20250626,12,02122,3
20250626,12,02130,1
20250626,12,02139,1
20250626,12,02148,1
20250626,12,02171,3
20250626,12,02172,1
20250626,12,02178,1
20250626,12,02179,3
20250626,12,02186,1
20250626,12,02191,4
20250626,12,02198,2
20250626,12,03310,1
20250626,13,02111,3
20250626,13,02112,2
20250626,13,02129,1
20250626,13,02148,1
20250626,13,02171,1
20250626,13,02179,2
20250626,13,02191,3
20250626,13,03311,3
20250626,14,02111,1
20250626,14,02112,1
20250626,14,02122,2
20250626,14,02128,1
20250626,14,02129,2
20250626,14,02139,2
20250626,14,02171,1
20250626,14,02172,1
20250626,14,02178,2
20250626,14,02179,1
20250626,14,02185,2
20250626,14,02191,1
20250626,14,02198,1
20250626,14,02199,1
20250626,14,03311,1
20250626,15,02112,1
20250626,15,02116,2
20250626,15,02122,2
20250626,15,02128,1
20250626,15,02129,1
20250626,15,02159,1
20250626,15,02172,1
20250626,15,02178,2
20250626,15,02185,3
20250626,15,02186,1
20250626,15,02198,1
20250626,15,03310,1
20250626,15,03311,1
20250626,15,03802,1
20250626,16,02112,1
20250626,16,02116,1
20250626,16,02139,2
20250626,16,02143,1
20250626,16,02148,1
20250626,16,02171,2
20250626,16,02172,3
20250626,16,02178,2
20250626,16,02179,2
20250626,16,02185,1
20250626,16,02186,1
20250626,16,03310,2
20250626,16,03311,3
20250626,17,02111,1
20250626,17,02112,2
20250626,17,02116,2
20250626,17,02128,1
20250626,17,02139,2
20250626,17,02143,1
20250626,17,02148,2
20250626,17,02171,2
20250626,17,02172,4
20250626,17,02178,6
20250626,17,02179,3
20250626,17,02185,3
20250626,17,02186,1
20250626,17,02191,1
20250626,17,02198,2
20250626,17,02199,3
20250626,17,03310,1
20250626,17,03311,3
20250626,18,02111,7
20250626,18,02116,1
20250626,18,02128,3
20250626,18,02130,3
20250626,18,02139,1
20250626,18,02143,3
20250626,18,02148,1
20250626,18,02171,4
20250626,18,02172,3
20250626,18,02178,3
20250626,18,02179,4
20250626,18,02185,3
20250626,18,02186,2
20250626,18,02191,3
20250626,18,02198,2
20250626,18,02199,1
20250626,18,03310,2
20250626,18,03311,2
20250626,18,03802,1
20250626,19,02111,3
20250626,19,02116,1
20250626,19,02122,1
20250626,19,02128,1
20250626,19,02129,1
20250626,19,02139,2
20250626,19,02143,1
20250626,19,02148,3
20250626,19,02171,4
20250626,19,02172,3
20250626,19,02179,2
20250626,19,02185,4
20250626,19,02191,5
20250626,19,02198,1
20250626,19,02199,1
20250626,19,03310,1
20250626,19,03311,3
20250626,2,02111,3
20250626,2,02128,1
20250626,2,02143,1
20250626,2,02185,1
20250626,20,02111,6
20250626,20,02112,1
20250626,20,02122,1
20250626,20,02129,2
20250626,20,02148,4
20250626,20,02171,5
20250626,20,02172,3
20250626,20,02178,1
20250626,20,02179,1
20250626,20,02185,5
20250626,20,02186,1
20250626,20,02191,4
20250626,20,02198,1
20250626,20,03310,1
20250626,20,03311,2
20250626,20,03802,6
20250626,21,02111,3
20250626,21,02112,3
20250626,21,02122,3
20250626,21,02128,3
20250626,21,02129,1
20250626,21,02148,3
20250626,21,02172,1
20250626,21,02178,1
20250626,21,02179,1
20250626,21,02185,7
20250626,21,02186,2
20250626,21,02191,2
20250626,21,02198,3
20250626,21,03311,5
20250626,21,03802,2
20250626,22,02111,6
20250626,22,02112,1
20250626,22,02116,2
20250626,22,02122,3
20250626,22,02130,3
20250626,22,02139,1
20250626,22,02148,1
20250626,22,02171,8
20250626,22,02172,1
20250626,22,02179,2
20250626,22,02185,1
20250626,22,02186,1
20250626,22,02191,1
20250626,22,02198,3
20250626,22,03311,3
20250626,23,02111,3
20250626,23,02112,1
20250626,23,02122,1
20250626,23,02128,1
20250626,23,02129,1
20250626,23,02139,1
20250626,23,02143,1
20250626,23,02171,2
20250626,23,02172,2
20250626,23,02179,2
20250626,23,02185,1
20250626,23,02186,1
20250626,23,02191,2
20250626,23,02198,1
20250626,23,03311,7
20250626,3,02185,1
20250626,3,02198,1
20250626,4,02122,1
20250626,5,02116,1
20250626,5,02148,1
20250626,5,02179,1
20250626,5,02186,1
20250626,5,03311,1
20250626,6,02111,1
20250626,6,02116,1
20250626,6,02159,1
20250626,6,02171,2
20250626,6,02185,1
20250626,6,02186,1
20250626,6,02191,2
20250626,6,03802,1
20250626,7,02111,4
20250626,7,02122,1
20250626,7,02139,3
20250626,7,02148,2
20250626,7,02185,1
20250626,7,02186,3
20250626,7,02191,1
20250626,7,02198,2
20250626,7,03802,2
20250626,8,02129,1
20250626,8,02143,2
20250626,8,02148,2
20250626,8,02159,2
20250626,8,02171,3
20250626,8,02172,1
20250626,8,02179,1
20250626,8,02185,2
20250626,8,02191,5
20250626,8,02198,2
20250626,8,02199,1
20250626,8,03311,1
20250626,8,03802,1
20250626,9,02112,1
20250626,9,02128,3
20250626,9,02148,2
20250626,9,02171,2
20250626,9,02178,3
20250626,9,02179,1
20250626,9,02191,2
20250626,9,02198,1
20250626,9,03310,1
20250626,9,03802,1
20250627,0,02143,1
20250627,0,02148,2
20250627,0,02171,2
20250627,0,02172,1
20250627,0,02178,1
20250627,0,02198,4
20250627,0,02199,1
20250627,0,03311,2
20250627,1,02111,8
20250627,1,02116,3
20250627,1,02143,2
20250627,1,02171,4
20250627,1,02186,1
20250627,1,02198,1
20250627,1,03311,5
20250627,10,02111,1
20250627,10,02128,2
20250627,10,02129,1
20250627,10,02130,1
20250627,10,02148,1
20250627,10,02171,3
20250627,10,02185,3
20250627,10,02191,3
20250627,10,02198,1
20250627,10,03311,2
20250627,11,02112,2
20250627,11,02116,3
20250627,11,02128,1
20250627,11,02148,1
20250627,11,02159,1
20250627,11,02172,1
20250627,11,02178,2
20250627,11,02179,2
20250627,11,02191,2
20250627,11,02199,1
20250627,11,03311,2
20250627,11,03802,4
20250627,12,02111,4
20250627,12,02112,1
20250627,12,02116,1
20250627,12,02122,3
20250627,12,02129,3
20250627,12,02148,2
20250627,12,02171,2
20250627,12,02172,1
20250627,12,02179,4
20250627,12,02185,4
20250627,12,02191,1
20250627,12,03311,2
20250627,12,03802,1
20250627,13,02111,2
20250627,13,02116,2
20250627,13,02122,2
20250627,13,02129,1
20250627,13,02148,1
20250627,13,02171,1
20250627,13,02172,3
20250627,13,02178,2
20250627,13,02179,4
20250627,13,02185,4
20250627,13,02186,1
20250627,13,02191,1
20250627,13,02198,2
20250627,13,03311,1
20250627,14,02111,2
20250627,14,02112,3
20250627,14,02122,1
20250627,14,02130,1
20250627,14,02148,1
20250627,14,02171,1
20250627,14,02172,3
20250627,14,02178,2
20250627,14,02179,3
20250627,14,02198,1
20250627,14,03310,1
20250627,14,03311,1
20250627,15,02111,1
20250627,15,02116,1
20250627,15,02128,3
20250627,15,02129,1
20250627,15,02130,1
20250627,15,02171,2
20250627,15,02172,2
20250627,15,02179,1
20250627,15,02185,1
20250627,15,02191,1
20250627,15,03311,1
20250627,15,03802,1
20250627,16,02111,2
20250627,16,02112,1
20250627,16,02116,1
20250627,16,02122,1
20250627,16,02128,1
20250627,16,02129,1
20250627,16,02130,3
20250627,16,02148,2
20250627,16,02171,3
20250627,16,02172,2
20250627,16,02178,2
20250627,16,02179,1
20250627,16,02185,1
20250627,16,02186,2
20250627,16,02191,3
20250627,16,02198,2
20250627,16,03310,4
20250627,16,03311,2
20250627,17,02111,1
20250627,17,02112,2
20250627,17,02128,2
20250627,17,02130,5
20250627,17,02139,3
20250627,17,02143,1
20250627,17,02148,1
20250627,17,02159,1
20250627,17,02171,2
20250627,17,02172,2
20250627,17,02178,3
20250627,17,02179,4
20250627,17,02185,2
20250627,17,02191,5
20250627,17,02198,1
20250627,17,02199,1
20250627,17,03310,3
20250627,17,03311,4
20250627,18,02111,1
20250627,18,02116,1
20250627,18,02128,2
20250627,18,02139,2
20250627,18,02143,7
20250627,18,02148,6
20250627,18,02159,2
20250627,18,02171,8
20250627,18,02172,2
20250627,18,02178,4
20250627,18,02179,5
20250627,18,02185,2
20250627,18,02186,5
20250627,18,02191,2
20250627,18,03310,2
20250627,18,03311,3
20250627,19,02111,3
20250627,19,02112,2
20250627,19,02116,4
20250627,19,02122,3
20250627,19,02139,1
20250627,19,02143,3
20250627,19,02148,5
20250627,19,02171,6
20250627,19,02172,3
20250627,19,02179,2
20250627,19,02185,4
20250627,19,02191,5
20250627,19,02198,2
20250627,19,02199,1
20250627,19,03311,3
20250627,2,02111,1
20250627,2,02116,1
20250627,2,02128,1
20250627,2,02139,1
20250627,2,02159,1
20250627,2,02172,1
20250627,2,02179,1
20250627,2,02185,1
20250627,2,02198,4
20250627,20,02111,3
20250627,20,02112,2
20250627,20,02128,1
20250627,20,02130,2
20250627,20,02143,2
20250627,20,02148,4
20250627,20,02171,5
20250627,20,02172,3
20250627,20,02178,2
20250627,20,02179,5
20250627,20,02185,5
20250627,20,02186,1
20250627,20,02191,1
20250627,20,02199,1
20250627,20,03310,1
20250627,20,03802,1
20250627,21,02111,2
20250627,21,02112,3
20250627,21,02116,1
20250627,21,02122,1
20250627,21,02143,1
20250627,21,02148,1
20250627,21,02159,2
20250627,21,02171,5
20250627,21,02172,2
20250627,21,02178,2
20250627,21,02179,4
20250627,21,02185,4
20250627,21,02186,2
20250627,21,02191,4
20250627,21,02198,4
20250627,21,03310,1
20250627,21,03311,5
20250627,22,02112,1
20250627,22,02116,2
20250627,22,02128,1
20250627,22,02148,3
20250627,22,02159,2
20250627,22,02171,3
20250627,22,02172,1
20250627,22,02178,1
20250627,22,02185,1
20250627,22,02186,1
20250627,22,02191,2
20250627,22,02198,1
20250627,22,03310,1
20250627,22,03311,4
20250627,23,02111,3
20250627,23,02112,1
20250627,23,02116,1
20250627,23,02122,1
20250627,23,02130,2
20250627,23,02139,1
20250627,23,02143,1
20250627,23,02148,1
20250627,23,02159,1
20250627,23,02171,2
20250627,23,02178,1
20250627,23,02179,4
20250627,23,02185,1
20250627,23,02186,1
20250627,23,02191,3
20250627,23,03311,1
20250627,23,03802,1
20250627,3,02111,2
20250627,3,02139,1
20250627,3,02179,1
20250627,3,02191,1
20250627,3,03310,1
20250627,4,02112,1
20250627,4,02122,1
20250627,4,02171,1
20250627,4,02185,2
20250627,4,02191,1
20250627,5,02128,1
20250627,5,02139,1
20250627,5,02143,1
20250627,5,02186,2
20250627,5,03311,1
20250627,6,02116,1
20250627,6,02139,3
20250627,6,02159,2
20250627,6,02185,1
20250627,6,02186,1
20250627,6,02191,1
20250627,6,03310,1
20250627,6,03802,2
20250627,7,02111,3
20250627,7,02112,1
20250627,7,02122,1
20250627,7,02139,1
20250627,7,02171,2
20250627,7,02179,4
20250627,7,02185,3
20250627,7,02191,2
20250627,7,02198,1
20250627,7,03310,3
20250627,7,03802,3
20250627,8,02111,1
20250627,8,02112,1
20250627,8,02116,1
20250627,8,02139,1
20250627,8,02143,2
20250627,8,02148,2
20250627,8,02171,1
20250627,8,02172,1
20250627,8,02179,1
20250627,8,02185,3
20250627,8,02186,1
20250627,8,02191,3
20250627,8,03310,5
20250627,8,03311,1
20250627,8,03802,1
20250627,9,02112,1
20250627,9,02122,1
20250627,9,02128,2
20250627,9,02139,2
20250627,9,02171,4
20250627,9,02178,1
20250627,9,02179,2
20250627,9,02185,2
20250627,9,02191,2
20250627,9,02198,1
20250627,9,03310,1
20250627,9,03311,1
20250628,0,02111,3
20250628,0,02112,1
20250628,0,02122,1
20250628,0,02128,3
20250628,0,02129,1
20250628,0,02148,2
20250628,0,02159,1
20250628,0,02171,2
20250628,0,02178,3
20250628,0,02179,4
20250628,0,02186,1
20250628,0,02198,3
20250628,0,03311,2
20250628,1,02111,3
20250628,1,02112,2
20250628,1,02116,3
20250628,1,02122,2
20250628,1,02148,1
20250628,1,02159,1
20250628,1,02171,1
20250628,1,02179,1
20250628,1,02185,1
20250628,1,02191,2
20250628,1,02198,1
20250628,1,02199,2
20250628,1,03311,3
20250628,10,02111,1
20250628,10,02122,1
20250628,10,02148,1
20250628,10,02159,1
20250628,10,02171,1
20250628,10,02179,2
20250628,10,02185,2
20250628,10,02191,1
20250628,10,02198,1
20250628,10,02199,1
20250628,10,03310,1
20250628,10,03802,2
20250628,11,02111,2
20250628,11,02112,3
20250628,11,02116,1
20250628,11,02122,1
20250628,11,02128,1
20250628,11,02130,2
20250628,11,02139,1
20250628,11,02143,1
20250628,11,02172,3
20250628,11,02178,2
20250628,11,02179,3
20250628,11,02185,2
20250628,11,02186,1
20250628,11,02191,1
20250628,11,02198,1
20250628,11,03310,1
20250628,11,03802,1
20250628,12,02111,2
20250628,12,02112,3
20250628,12,02116,1
20250628,12,02122,4
20250628,12,02129,1
20250628,12,02148,1
20250628,12,02159,1
20250628,12,02171,3
20250628,12,02172,2
20250628,12,02178,4
20250628,12,02179,1
20250628,12,02185,4
20250628,12,02191,2
20250628,12,03310,1
20250628,12,03311,1
20250628,13,02111,1
20250628,13,02128,1
20250628,13,02148,2
20250628,13,02172,1
20250628,13,02179,1
20250628,13,02186,1
20250628,13,03311,1
20250628,14,02111,3
20250628,14,02112,1
20250628,14,02139,1
20250628,14,02148,2
20250628,14,02171,4
20250628,14,02178,1
20250628,14,02179,2
20250628,14,02185,3
20250628,14,02198,1
20250628,14,02199,2
20250628,15,02111,2
20250628,15,02112,2
20250628,15,02116,3
20250628,15,02122,1
20250628,15,02128,4
20250628,15,02129,1
20250628,15,02130,1
20250628,15,02143,1
20250628,15,02148,1
20250628,15,02171,4
20250628,15,02178,3
20250628,15,02179,1
20250628,15,02185,2
20250628,15,02186,1
20250628,15,02191,2
20250628,15,03311,1
20250628,16,02111,3
20250628,16,02122,2
20250628,16,02129,2
20250628,16,02130,1
20250628,16,02139,1
20250628,16,02148,2
20250628,16,02171,1
20250628,16,02172,5
20250628,16,02178,1
20250628,16,02179,1
20250628,16,02185,2
20250628,16,02186,1
20250628,16,02191,1
20250628,16,02198,2
20250628,16,02199,1
20250628,16,03310,2
20250628,16,03311,6
20250628,16,03802,1
20250628,17,02111,2
20250628,17,02112,3
20250628,17,02116,1
20250628,17,02128,2
20250628,17,02129,1
20250628,17,02139,2
20250628,17,02148,2
20250628,17,02171,1
20250628,17,02172,3
20250628,17,02178,3
20250628,17,02179,1
20250628,17,02185,6
20250628,17,02186,2
20250628,17,02191,2
20250628,17,02198,4
20250628,17,02199,1
20250628,17,03310,1
20250628,17,03311,1
20250628,17,03802,4
20250628,18,02111,3
20250628,18,02112,1
20250628,18,02116,1
20250628,18,02122,4
20250628,18,02129,1
20250628,18,02143,1
20250628,18,02171,4
20250628,18,02172,2
20250628,18,02178,3
20250628,18,02179,3
20250628,18,02185,6
20250628,18,02186,3
20250628,18,02198,3
20250628,18,03311,1
20250628,18,03802,2
20250628,19,02111,3
20250628,19,02116,2
20250628,19,02128,1
20250628,19,02148,2
20250628,19,02159,1
20250628,19,02171,3
20250628,19,02172,3
20250628,19,02178,4
20250628,19,02185,1
20250628,19,02191,2
20250628,19,02198,3
20250628,19,03310,1
20250628,19,03311,1
20250628,2,02111,1
20250628,2,02139,1
20250628,2,02143,1
20250628,2,02148,1
20250628,2,02159,1
20250628,2,02171,1
20250628,2,02198,1
20250628,20,02111,1
20250628,20,02112,2
20250628,20,02116,2
20250628,20,02122,4
20250628,20,02128,2
20250628,20,02143,1
20250628,20,02171,1
20250628,20,02179,4
20250628,20,02185,4
20250628,20,02186,1
20250628,20,02191,2
20250628,20,02198,3
20250628,20,03311,2
20250628,20,03802,2
20250628,21,02111,1
20250628,21,02122,2
20250628,21,02129,1
20250628,21,02139,2
20250628,21,02143,1
20250628,21,02148,1
20250628,21,02171,2
20250628,21,02178,2
20250628,21,02179,1
20250628,21,02185,1
20250628,21,02191,1
20250628,21,02198,2
20250628,21,03311,1
20250628,21,03802,1
20250628,22,02111,3
20250628,22,02112,4
20250628,22,02116,1
20250628,22,02128,1
20250628,22,02139,1
20250628,22,02143,1
20250628,22,02171,2
20250628,22,02172,1
20250628,22,02178,1
20250628,22,02179,1
20250628,22,02185,2
20250628,22,02186,1
20250628,22,02191,3
20250628,22,03310,1
20250628,22,03311,1
20250628,23,02116,2
20250628,23,02139,1
20250628,23,02148,1
20250628,23,02171,8
20250628,23,02179,2
20250628,23,02185,1
20250628,23,02191,3
20250628,23,02198,1
20250628,23,03310,1
20250628,3,02111,1
20250628,3,02185,1
20250628,3,02191,4
20250628,3,02198,1
20250628,3,03310,1
20250628,4,02185,1
20250628,5,02122,1
20250628,5,02129,1
20250628,5,02178,1
20250628,5,02186,2
20250628,5,02191,1
20250628,5,03311,1
20250628,6,02122,1
20250628,6,02139,1
20250628,6,02172,1
20250628,6,02185,1
20250628,6,02198,1
20250628,6,03310,1
20250628,6,03802,1
20250628,7,02129,1
20250628,7,02143,1
20250628,7,02172,1
20250628,7,02191,1
20250628,8,02129,1
20250628,8,02178,1
20250628,8,02185,1
20250628,8,02191,1
20250628,8,03310,2
20250628,9,02112,1
20250628,9,02129,2
20250628,9,02143,1
20250628,9,02148,2
20250628,9,02172,1
20250628,9,02179,3
20250628,9,02186,1
20250628,9,02191,2
20250628,9,03310,2
20250628,9,03802,1
20250629,0,02111,4
20250629,0,02116,2
20250629,0,02122,2
20250629,0,02128,1
20250629,0,02129,1
20250629,0,02143,2
20250629,0,02148,1
20250629,0,02159,1
20250629,0,02171,5
20250629,0,02172,1
20250629,0,02178,1
20250629,0,02179,2
20250629,0,02185,5
20250629,0,02186,2
20250629,0,02198,2
20250629,0,03311,2
20250629,1,02111,2
20250629,1,02112,3
20250629,1,02122,1
20250629,1,02128,1
20250629,1,02139,2
20250629,1,02171,1
20250629,1,02172,1
20250629,1,02178,4
20250629,1,02185,2
20250629,1,02198,3
20250629,10,02116,1
20250629,10,02139,1
20250629,10,02171,1
20250629,10,02172,3
20250629,10,02178,3
20250629,10,02179,1
20250629,10,02185,2
20250629,10,02186,1
20250629,10,02191,2
20250629,10,02198,1
20250629,10,03311,1
20250629,10,03802,2
20250629,11,02111,1
20250629,11,02122,1
20250629,11,02128,1
20250629,11,02130,1
20250629,11,02148,2
20250629,11,02171,2
20250629,11,02178,5
20250629,11,02179,1
20250629,11,02185,1
20250629,11,02186,3
20250629,11,03310,1
20250629,11,03311,1
20250629,12,02122,1
20250629,12,02129,1
20250629,12,02130,1
20250629,12,02139,1
20250629,12,02143,1
20250629,12,02148,1
20250629,12,02159,1
20250629,12,02172,3
20250629,12,02178,2
20250629,12,02179,1
20250629,12,02185,3
20250629,12,02191,1
20250629,12,02198,1
20250629,12,03310,2
20250629,12,03311,3
20250629,13,02111,1
20250629,13,02112,1
20250629,13,02128,1
20250629,13,02130,1
20250629,13,02139,2
20250629,13,02148,1
20250629,13,02159,2
20250629,13,02171,2
20250629,13,02172,1
20250629,13,02179,2
20250629,13,02185,4
20250629,13,02186,2
20250629,13,02191,4
20250629,13,02198,5
20250629,13,02199,1
20250629,13,03310,3
20250629,13,03311,2
20250629,13,03802,1
20250629,14,02111,1
20250629,14,02116,1
20250629,14,02128,1
20250629,14,02130,1
20250629,14,02148,3
20250629,14,02159,1
20250629,14,02171,2
20250629,14,02172,1
20250629,14,02178,1
20250629,14,02185,2
20250629,14,02186,4
20250629,14,02191,2
20250629,14,02198,1
20250629,14,03310,3
20250629,14,03311,2
20250629,14,03802,2
20250629,15,02111,1
20250629,15,02128,1
20250629,15,02129,2
20250629,15,02139,2
20250629,15,02143,1
20250629,15,02148,4
20250629,15,02171,2
20250629,15,02172,2
20250629,15,02178,1
20250629,15,02185,1
20250629,15,02186,1
20250629,15,03310,1
20250629,15,03311,1
20250629,16,02111,3
20250629,16,02116,4
20250629,16,02122,2
20250629,16,02171,4
20250629,16,02172,4
20250629,16,02178,1
20250629,16,02179,2
20250629,16,02185,1
20250629,16,02186,2
20250629,16,02191,1
20250629,16,02198,1
20250629,16,03310,1
20250629,16,03311,2
20250629,17,02111,1
20250629,17,02112,2
20250629,17,02116,1
20250629,17,02122,1
20250629,17,02128,1
20250629,17,02129,3
20250629,17,02139,1
20250629,17,02143,1
20250629,17,02171,1
20250629,17,02172,3
20250629,17,02178,2
20250629,17,02185,5
20250629,17,02191,1
20250629,17,02198,2
20250629,17,03311,1
20250629,17,03802,3
20250629,18,02111,2
20250629,18,02116,2
20250629,18,02122,1
20250629,18,02129,1
20250629,18,02143,1
20250629,18,02171,1
20250629,18,02172,2
20250629,18,02178,2
20250629,18,02179,3
20250629,18,02185,1
20250629,18,02186,3
20250629,18,02191,1
20250629,18,03311,2
20250629,19,02111,3
20250629,19,02112,3
20250629,19,02116,1
20250629,19,02122,4
20250629,19,02129,1
20250629,19,02130,1
20250629,19,02139,1
20250629,19,02148,2
20250629,19,02171,5
20250629,19,02172,1
20250629,19,02179,4
20250629,19,02185,3
20250629,19,02186,1
20250629,19,02191,1
20250629,19,02198,1
20250629,19,03311,1
20250629,2,02111,1
20250629,2,02112,3
20250629,2,02116,1
20250629,2,02129,1
20250629,2,02139,1
20250629,2,02171,1
20250629,2,02185,4
20250629,2,03310,1
20250629,20,02111,1
20250629,20,02112,3
20250629,20,02116,5
20250629,20,02122,1
20250629,20,02128,2
20250629,20,02129,4
20250629,20,02139,1
20250629,20,02143,3
20250629,20,02148,1
20250629,20,02171,6
20250629,20,02172,2
20250629,20,02179,4
20250629,20,02185,3
20250629,20,02186,1
20250629,20,02191,2
20250629,20,02198,1
20250629,20,03311,3
20250629,21,02111,2
20250629,21,02112,3
20250629,21,02122,1
20250629,21,02128,1
20250629,21,02143,1
20250629,21,02148,1
20250629,21,02171,9
20250629,21,02172,5
20250629,21,02178,2
20250629,21,02179,2
20250629,21,02185,4
20250629,21,02186,1
20250629,21,02198,2
20250629,22,02111,3
20250629,22,02112,5
20250629,22,02116,1
20250629,22,02122,1
20250629,22,02143,1
20250629,22,02148,3
20250629,22,02171,3
20250629,22,02172,2
20250629,22,02179,1
20250629,22,02185,3
20250629,22,02186,1
20250629,22,02198,3
20250629,22,03311,1
20250629,23,02111,1
20250629,23,02112,3
20250629,23,02116,1
20250629,23,02122,1
20250629,23,02128,3
20250629,23,02139,1
20250629,23,02171,3
20250629,23,02178,1
20250629,23,02179,3
20250629,23,02185,2
20250629,23,02191,2
20250629,23,02198,4
20250629,3,02139,1
20250629,3,02179,1
20250629,3,02191,1
20250629,4,02128,2
20250629,4,02148,2
20250629,4,02178,1
20250629,4,02179,2
20250629,4,02185,2
20250629,5,02139,1
20250629,5,02143,1
20250629,5,02148,1
20250629,5,02171,2
20250629,5,02186,1
20250629,6,02148,1
20250629,6,02185,1
20250629,6,02191,3
20250629,6,03310,1
20250629,7,02116,1
20250629,7,02172,1
20250629,7,02178,1
20250629,7,02179,2
20250629,7,02186,1
20250629,7,02191,2
20250629,8,02116,1
20250629,8,02128,1
20250629,8,02139,3
20250629,8,02172,4
20250629,8,02179,2
20250629,8,02185,1
20250629,8,02191,4
20250629,8,03310,3
20250629,9,02111,1
20250629,9,02171,1
20250629,9,02172,1
20250629,9,02179,1
20250629,9,02185,1
20250629,9,02191,1
20250629,9,03310,2
20250630,0,02111,1
20250630,0,02112,3
20250630,0,02116,3
20250630,0,02139,1
20250630,0,02159,1
20250630,0,02172,2
20250630,0,02178,2
20250630,0,02179,5
20250630,0,02185,1
20250630,0,02198,1
20250630,0,02199,2
20250630,0,03310,1
20250630,0,03311,1
20250630,1,02111,6
20250630,1,02128,1
20250630,1,02172,1
20250630,1,02178,1
20250630,1,02179,1
20250630,1,02186,1
20250630,1,02198,1
20250630,10,02116,1
20250630,10,02143,1
20250630,10,02171,1
20250630,10,02172,1
20250630,10,02179,3
20250630,10,02185,2
20250630,10,02186,2
20250630,10,02191,3
20250630,10,02198,1
20250630,10,03310,3
20250630,10,03311,2
20250630,11,02112,1
20250630,11,02116,1
20250630,11,02130,1
20250630,11,02148,2
20250630,11,02159,1
20250630,11,02171,1
20250630,11,02172,2
20250630,11,02178,1
20250630,11,02179,1
20250630,11,02185,1
20250630,11,02186,3
20250630,11,02191,1
20250630,11,02198,3
20250630,11,03310,1
20250630,11,03802,2
20250630,12,02111,2
20250630,12,02116,1
20250630,12,02122,1
20250630,12,02139,2
20250630,12,02148,2
20250630,12,02179,2
20250630,12,02185,2
20250630,12,02186,1
20250630,12,02191,2
20250630,12,02198,1
20250630,12,02199,2
20250630,12,03802,1
20250630,13,02112,1
20250630,13,02122,2
20250630,13,02129,1
20250630,13,02130,2
20250630,13,02148,3
20250630,13,02171,1
20250630,13,02178,2
20250630,13,02179,1
20250630,13,02185,1
20250630,13,02186,2
20250630,13,03310,2
20250630,13,03311,1
20250630,14,02111,2
20250630,14,02116,1
20250630,14,02122,1
20250630,14,02130,1
20250630,14,02139,1
20250630,14,02148,3
20250630,14,02172,2
20250630,14,02191,2
20250630,14,03310,1
20250630,14,03311,2
20250630,15,02116,2
20250630,15,02122,1
20250630,15,02129,3
20250630,15,02159,1
20250630,15,02171,1
20250630,15,02172,1
20250630,15,02178,1
20250630,15,02185,1
20250630,15,02186,1
20250630,15,02191,1
20250630,15,02198,2
20250630,15,03310,1
20250630,15,03311,3
20250630,15,03802,1
20250630,16,02112,1
20250630,16,02116,1
20250630,16,02128,1
20250630,16,02129,1
20250630,16,02139,2
20250630,16,02148,1
20250630,16,02171,3
20250630,16,02172,1
20250630,16,02178,1
20250630,16,02179,1
20250630,16,02185,2
20250630,16,02186,1
20250630,16,02191,4
20250630,16,03311,1
20250630,17,02122,1
20250630,17,02129,1
20250630,17,02171,5
20250630,17,02172,2
20250630,17,02178,1
20250630,17,02179,2
20250630,17,02185,1
20250630,17,02186,1
20250630,17,02191,1
20250630,17,03310,1
20250630,17,03311,2
20250630,18,02111,7
20250630,18,02112,6
20250630,18,02116,1
20250630,18,02122,2
20250630,18,02128,1
20250630,18,02129,4
20250630,18,02130,2
20250630,18,02139,1
20250630,18,02148,1
20250630,18,02171,6
20250630,18,02172,3
20250630,18,02178,4
20250630,18,02179,1
20250630,18,02186,3
20250630,18,02191,5
20250630,18,02199,3
20250630,18,03311,4
20250630,19,02111,2
20250630,19,02112,4
20250630,19,02116,3
20250630,19,02128,2
20250630,19,02129,1
20250630,19,02139,2
20250630,19,02148,3
20250630,19,02159,1
20250630,19,02171,4
20250630,19,02172,1
20250630,19,02178,1
20250630,19,02179,6
20250630,19,02185,1
20250630,19,02191,3
20250630,19,02198,1
20250630,19,02199,1
20250630,19,03310,1
20250630,19,03311,3
20250630,2,02111,1
20250630,2,02112,1
20250630,2,02139,1
20250630,2,02179,2
20250630,2,02185,1
20250630,2,02186,1
20250630,20,02111,6
20250630,20,02112,3
20250630,20,02116,3
20250630,20,02122,4
20250630,20,02139,1
20250630,20,02143,3
20250630,20,02148,3
20250630,20,02159,1
20250630,20,02171,7
20250630,20,02172,3
20250630,20,02178,3
20250630,20,02179,2
20250630,20,02185,3
20250630,20,02186,2
20250630,20,02191,3
20250630,20,02198,1
20250630,20,02199,3
20250630,20,03310,1
20250630,20,03311,1
20250630,21,02111,2
20250630,21,02112,3
20250630,21,02116,1
20250630,21,02122,1
20250630,21,02128,2
20250630,21,02129,1
20250630,21,02139,1
20250630,21,02148,1
20250630,21,02159,1
20250630,21,02171,3
20250630,21,02178,1
20250630,21,02179,2
20250630,21,02185,7
20250630,21,02186,4
20250630,21,02191,4
20250630,21,02198,1
20250630,21,02199,1
20250630,22,02111,2
20250630,22,02112,1
20250630,22,02116,1
20250630,22,02122,1
20250630,22,02128,3
20250630,22,02129,1
20250630,22,02139,1
20250630,22,02171,8
20250630,22,02172,3
20250630,22,02178,3
20250630,22,02179,3
20250630,22,02185,6
20250630,22,02186,2
20250630,22,02191,2
20250630,22,02198,3
20250630,22,03311,4
20250630,23,02111,2
20250630,23,02112,1
20250630,23,02122,1
20250630,23,02128,1
20250630,23,02139,2
20250630,23,02143,1
20250630,23,02148,2
20250630,23,02171,7
20250630,23,02172,2
20250630,23,02179,2
20250630,23,02185,1
20250630,23,02186,1
20250630,23,02191,2
20250630,23,02198,1
20250630,23,03802,1
20250630,3,02111,1
20250630,3,02191,2
20250630,4,02122,1
20250630,4,02191,1
20250630,5,02122,2
20250630,5,02128,1
20250630,5,02178,2
20250630,6,02111,1
20250630,6,02122,1
20250630,6,02143,1
20250630,6,02179,2
20250630,6,02186,1
20250630,6,02191,2
20250630,6,03310,1
20250630,6,03802,1
20250630,7,02111,1
20250630,7,02112,1
20250630,7,02122,1
20250630,7,02128,1
20250630,7,02139,3
20250630,7,02143,2
20250630,7,02148,2
20250630,7,02171,3
20250630,7,02179,2
20250630,7,02185,2
20250630,7,02186,2
20250630,7,02198,2
20250630,7,03311,3
20250630,7,03802,5
20250630,8,02111,1
20250630,8,02122,1
20250630,8,02128,1
20250630,8,02130,2
20250630,8,02148,1
20250630,8,02171,2
20250630,8,02179,4
20250630,8,02185,6
20250630,8,02186,2
20250630,8,02191,4
20250630,8,03310,3
20250630,8,03311,2
20250630,8,03802,2
20250630,9,02112,4
20250630,9,02122,1
20250630,9,02128,2
20250630,9,02139,1
20250630,9,02148,1
20250630,9,02171,4
20250630,9,02172,2
20250630,9,02179,1
20250630,9,02185,2
20250630,9,02191,1
20250630,9,02199,1
20250630,9,03310,2
20250630,9,03802,1
