RENT_DATE,RENT_TIME,RENT_ID,CNT
20230101,0,02116,1
20230101,0,02185,1
20230101,0,02186,1
20230101,0,02191,2
20230101,1,02111,1
20230101,1,02116,1
20230101,1,02128,1
20230101,1,02130,1
20230101,1,02171,1
20230101,1,02179,1
20230101,1,03311,1
20230101,10,02111,1
20230101,10,02128,1
20230101,10,02129,1
20230101,10,02148,1
20230101,10,02159,1
20230101,10,02171,1
20230101,10,02172,2
20230101,10,02178,2
20230101,10,02191,1
20230101,11,02111,1
20230101,11,02122,1
20230101,11,02128,1
20230101,11,02130,1
20230101,11,02143,1
20230101,11,02171,1
20230101,11,02172,5
20230101,11,02179,1
20230101,11,02186,2
20230101,11,02191,1
20230101,12,02122,1
20230101,12,02139,2
20230101,12,02159,2
20230101,12,02171,1
20230101,12,02178,1
20230101,12,02179,1
20230101,12,02191,1
20230101,13,02116,1
20230101,13,02159,1
20230101,13,02171,3
20230101,13,02179,2
20230101,13,02198,2
20230101,13,03311,1
20230101,14,02111,1
20230101,14,02112,1
20230101,14,02116,1
20230101,14,02128,1
20230101,14,02139,1
20230101,14,02159,1
20230101,14,02178,2
20230101,14,02198,1
20230101,15,02112,3
20230101,15,02116,1
20230101,15,02130,1
20230101,15,02143,1
20230101,15,02172,1
20230101,15,02179,1
20230101,15,02191,1
20230101,15,03310,1
20230101,15,03311,1
20230101,15,03802,1
20230101,16,02112,2
20230101,16,02116,1
20230101,16,02130,1
20230101,16,02139,3
20230101,16,02148,1
20230101,16,02171,4
20230101,16,02172,2
20230101,16,02179,3
20230101,16,02185,1
20230101,16,02199,1
20230101,16,03311,1
20230101,17,02112,1
20230101,17,02116,1
20230101,17,02148,1
20230101,17,02171,1
20230101,17,02172,1
20230101,17,02178,2
20230101,17,02179,3
20230101,17,02198,2
20230101,17,03311,2
20230101,18,02112,1
20230101,18,02148,1
20230101,18,02159,1
20230101,18,02171,3
20230101,19,02116,2
20230101,19,02122,1
20230101,19,02129,1
20230101,19,02171,2
20230101,19,02179,2
20230101,19,02199,1
20230101,19,03311,2
20230101,2,02112,2
20230101,2,02171,1
20230101,2,03311,4
20230101,20,02139,2
20230101,20,02148,1
20230101,20,02171,1
20230101,20,02172,2
20230101,20,03311,1
20230101,21,02112,1
20230101,21,02116,1
20230101,21,02139,1
20230101,21,02171,1
20230101,21,02185,2
20230101,21,02186,1
20230101,21,02198,3
20230101,21,03802,1
20230101,22,02128,1
20230101,22,02148,1
20230101,22,02179,1
20230101,22,02186,2
20230101,22,02198,1
20230101,22,03310,1
20230101,23,02112,3
20230101,23,02128,1
20230101,23,02139,2
20230101,23,02171,3
20230101,23,02191,1
20230101,3,02159,1
20230101,3,02171,2
20230101,3,02185,1
20230101,4,02130,1
20230101,4,02139,3
20230101,4,02148,1
20230101,4,02172,2
20230101,4,02198,3
20230101,4,03311,1
20230101,5,02111,1
20230101,5,02148,1
20230101,5,02171,1
20230101,5,02191,2
20230101,6,02185,1
20230101,7,02198,1
20230101,7,03802,1
20230101,8,02111,1
20230101,8,02116,1
20230101,8,02128,1
20230101,9,02116,1
20230101,9,02128,3
20230101,9,02130,1
20230101,9,02148,1
20230101,9,02172,1
20230101,9,02178,1
20230101,9,02179,1
20230102,0,02111,2
20230102,0,02116,1
20230102,0,02148,2
20230102,0,02171,1
20230102,0,02191,1
20230102,1,02112,1
20230102,1,02186,1
20230102,1,02198,1
20230102,10,02112,1
20230102,10,02116,1
20230102,10,02122,1
20230102,10,02128,2
20230102,10,02148,4
20230102,10,02178,1
20230102,10,02179,1
20230102,10,02191,1
20230102,10,02199,1
20230102,10,03311,1
20230102,11,02111,2
20230102,11,02139,1
20230102,11,02159,2
20230102,11,02171,2
20230102,11,02198,1
20230102,12,02112,1
20230102,12,02148,1
20230102,12,02171,1
20230102,12,02172,1
20230102,12,02179,2
20230102,12,02198,1
20230102,12,03311,2
20230102,13,02111,1
20230102,13,02139,1
20230102,13,02143,2
20230102,13,02148,1
20230102,13,02171,1
20230102,13,02179,1
20230102,13,03311,2
20230102,13,03802,1
20230102,14,02148,1
20230102,14,02171,1
20230102,14,02172,1
20230102,14,02178,1
20230102,14,02179,2
20230102,14,02191,1
20230102,14,02198,1
20230102,14,03311,2
20230102,15,02111,1
20230102,15,02112,1
20230102,15,02122,1
20230102,15,02130,1
20230102,15,02139,1
20230102,15,02172,1
20230102,15,02179,1
20230102,15,02185,1
20230102,15,02191,1
20230102,15,03311,2
20230102,16,02122,1
20230102,16,02128,3
20230102,16,02139,1
20230102,16,02148,1
20230102,16,02159,1
20230102,16,02171,3
20230102,16,02172,1
20230102,16,02185,1
20230102,16,02191,1
20230102,16,02198,1
20230102,16,03311,3
20230102,17,02116,2
20230102,17,02122,2
20230102,17,02139,2
20230102,17,02148,1
20230102,17,02171,1
20230102,17,02178,1
20230102,17,02179,1
20230102,17,02185,2
20230102,17,02191,1
20230102,17,03311,1
20230102,18,02111,4
20230102,18,02112,3
20230102,18,02116,1
20230102,18,02122,1
20230102,18,02128,1
20230102,18,02148,1
20230102,18,02171,5
20230102,18,02178,1
20230102,18,02179,3
20230102,18,02185,1
20230102,18,02198,1
20230102,18,03311,1
20230102,18,03802,2
20230102,19,02111,1
20230102,19,02116,5
20230102,19,02122,1
20230102,19,02128,1
20230102,19,02139,1
20230102,19,02171,5
20230102,19,02172,1
20230102,19,02178,1
20230102,19,02179,4
20230102,19,02186,1
20230102,19,02191,1
20230102,19,02198,2
20230102,19,03311,2
20230102,2,02139,1
20230102,20,02112,1
20230102,20,02116,1
20230102,20,02128,1
20230102,20,02139,1
20230102,20,02171,1
20230102,20,02179,3
20230102,20,02198,2
20230102,20,03802,1
20230102,21,02111,1
20230102,21,02143,1
20230102,21,02171,1
20230102,21,02179,2
20230102,21,03311,1
20230102,21,03802,2
20230102,22,02111,1
20230102,22,02112,2
20230102,22,02128,1
20230102,22,02143,1
20230102,22,02171,4
20230102,22,02198,1
20230102,22,03311,2
20230102,22,03802,1
20230102,23,02112,2
20230102,23,02128,1
20230102,23,02171,2
20230102,23,02179,1
20230102,23,02198,1
20230102,23,03311,1
20230102,3,02148,1
20230102,3,02179,1
20230102,3,03311,1
20230102,4,02171,1
20230102,4,02199,1
20230102,5,02172,1
20230102,5,02198,1
20230102,5,03310,1
20230102,5,03311,1
20230102,6,02111,1
20230102,6,02128,1
20230102,6,02178,1
20230102,6,02185,1
20230102,6,03311,1
20230102,7,02112,1
20230102,7,02128,2
20230102,7,02139,2
20230102,7,02171,1
20230102,7,02179,1
20230102,7,02185,2
20230102,7,02186,3
20230102,7,02191,1
20230102,7,02198,1
20230102,7,03802,6
20230102,8,02111,1
20230102,8,02129,1
20230102,8,02139,3
20230102,8,02172,1
20230102,8,02179,6
20230102,8,02191,1
20230102,8,02198,2
20230102,8,03802,3
20230102,9,02111,1
20230102,9,02129,1
20230102,9,02139,2
20230102,9,02148,1
20230102,9,02171,1
20230102,9,02198,1
20230102,9,03802,3
20230103,0,02128,1
20230103,0,02139,1
20230103,0,02171,1
20230103,0,02191,2
20230103,0,03311,1
20230103,1,02111,2
20230103,1,02112,1
20230103,1,02139,2
20230103,1,02143,1
20230103,1,02171,3
20230103,1,02191,3
20230103,1,02198,1
20230103,10,02122,1
20230103,10,02179,1
20230103,10,02198,1
20230103,11,02111,1
20230103,11,02112,2
20230103,11,02116,1
20230103,11,02130,1
20230103,11,02171,1
20230103,11,02179,1
20230103,11,02198,2
20230103,11,03311,2
20230103,11,03802,1
20230103,12,02111,1
20230103,12,02129,1
20230103,12,02139,2
20230103,12,02148,1
20230103,12,02159,1
20230103,12,02171,1
20230103,12,02179,1
20230103,12,02191,1
20230103,12,02198,1
20230103,12,03311,2
20230103,13,02112,1
20230103,13,02116,1
20230103,13,02129,3
20230103,13,02139,1
20230103,13,02143,1
20230103,13,02178,1
20230103,13,03311,2
20230103,14,02111,2
20230103,14,02112,1
20230103,14,02116,1
20230103,14,02171,2
20230103,14,02186,1
20230103,14,03311,6
20230103,14,03802,1
20230103,15,02112,1
20230103,15,02130,1
20230103,15,02148,2
20230103,15,02159,1
20230103,15,02171,1
20230103,15,02172,1
20230103,15,02179,3
20230103,15,02191,1
20230103,15,02198,1
20230103,15,03311,1
20230103,16,02111,1
20230103,16,02122,1
20230103,16,02139,2
20230103,16,02171,2
20230103,16,02172,1
20230103,16,02179,1
20230103,16,02191,1
20230103,16,03310,1
20230103,16,03311,3
20230103,17,02129,1
20230103,17,02130,1
20230103,17,02148,2
20230103,17,02171,3
20230103,17,02178,2
20230103,17,02179,2
20230103,17,02185,1
20230103,17,02198,1
20230103,17,02199,1
20230103,17,03310,1
20230103,17,03311,2
20230103,18,02111,2
20230103,18,02112,2
20230103,18,02116,1
20230103,18,02122,4
20230103,18,02128,1
20230103,18,02130,2
20230103,18,02139,1
20230103,18,02148,1
20230103,18,02171,3
20230103,18,02178,1
20230103,18,02179,2
20230103,18,02185,1
20230103,18,02186,2
20230103,18,02198,1
20230103,18,03310,1
20230103,18,03311,2
20230103,19,02111,4
20230103,19,02112,1
20230103,19,02122,1
20230103,19,02128,1
20230103,19,02129,2
20230103,19,02148,1
20230103,19,02172,1
20230103,19,02179,5
20230103,19,02186,1
20230103,19,02198,1
20230103,19,03311,2
20230103,19,03802,1
20230103,2,02185,1
20230103,2,02186,1
20230103,20,02111,4
20230103,20,02112,1
20230103,20,02116,4
20230103,20,02171,3
20230103,20,02172,1
20230103,20,02179,2
20230103,20,02186,2
20230103,20,03311,4
20230103,20,03802,2
20230103,21,02111,2
20230103,21,02112,5
20230103,21,02116,2
20230103,21,02130,1
20230103,21,02148,1
20230103,21,02159,1
20230103,21,02171,6
20230103,21,02179,3
20230103,21,02186,1
20230103,21,02191,1
20230103,21,02198,1
20230103,21,03311,1
20230103,21,03802,4
20230103,22,02111,3
20230103,22,02112,1
20230103,22,02128,1
20230103,22,02159,1
20230103,22,02171,3
20230103,22,02179,3
20230103,22,02185,1
20230103,22,02186,1
20230103,22,02199,1
20230103,22,03802,4
20230103,23,02111,1
20230103,23,02171,1
20230103,23,02179,4
20230103,3,02112,1
20230103,3,02122,1
20230103,4,02139,1
20230103,5,02179,1
20230103,6,02112,1
20230103,6,02148,1
20230103,6,02171,1
20230103,6,02179,1
20230103,7,02128,2
20230103,7,02139,1
20230103,7,02143,1
20230103,7,02179,2
20230103,7,02185,1
20230103,7,02191,1
20230103,7,02198,2
20230103,7,03802,1
20230103,8,02139,1
20230103,8,02171,1
20230103,8,02179,5
20230103,8,02185,1
20230103,8,02191,2
20230103,8,03802,5
20230103,9,02111,2
20230103,9,02112,2
20230103,9,02159,1
20230103,9,02171,1
20230103,9,02179,2
20230103,9,02186,1
20230103,9,02198,1
20230103,9,03311,1
20230103,9,03802,2
20230104,0,02112,1
20230104,0,02116,1
20230104,0,02139,1
20230104,0,02143,1
20230104,0,02178,1
20230104,0,02179,1
20230104,0,02185,1
20230104,0,02186,1
20230104,0,02191,1
20230104,0,02198,1
20230104,0,03311,1
20230104,1,02122,1
20230104,1,02128,2
20230104,1,02139,2
20230104,1,02172,1
20230104,1,02179,1
20230104,1,02185,1
20230104,1,03311,1
20230104,10,02111,1
20230104,10,02148,1
20230104,10,02178,1
20230104,10,02179,1
20230104,10,02186,1
20230104,10,02191,1
20230104,10,03802,1
20230104,11,02111,2
20230104,11,02116,1
20230104,11,02130,1
20230104,11,02171,2
20230104,11,02172,1
20230104,11,02178,1
20230104,11,02179,1
20230104,11,02186,1
20230104,11,02198,1
20230104,12,02111,1
20230104,12,02112,1
20230104,12,02122,2
20230104,12,02128,1
20230104,12,02129,2
20230104,12,02139,3
20230104,12,02148,1
20230104,12,02179,3
20230104,12,02185,1
20230104,12,02198,1
20230104,12,03311,1
20230104,13,02111,1
20230104,13,02128,1
20230104,13,02139,1
20230104,13,02143,1
20230104,13,02159,1
20230104,13,02179,1
20230104,13,03310,1
20230104,13,03311,1
20230104,13,03802,1
20230104,14,02122,3
20230104,14,02148,1
20230104,14,02159,1
20230104,14,02171,2
20230104,14,02178,1
20230104,14,02179,1
20230104,14,02185,1
20230104,14,02198,1
20230104,14,03310,1
20230104,14,03311,2
20230104,15,02111,1
20230104,15,02112,3
20230104,15,02116,1
20230104,15,02129,1
20230104,15,02139,3
20230104,15,02148,3
20230104,15,02159,1
20230104,15,02171,4
20230104,15,02172,1
20230104,15,02178,1
20230104,15,02186,1
20230104,15,02191,1
20230104,15,03311,1
20230104,16,02111,1
20230104,16,02128,1
20230104,16,02139,1
20230104,16,02148,1
20230104,16,02159,1
20230104,16,02171,4
20230104,16,02179,1
20230104,16,03310,1
20230104,16,03311,2
20230104,16,03802,1
20230104,17,02116,2
20230104,17,02122,1
20230104,17,02129,1
20230104,17,02148,2
20230104,17,02171,3
20230104,17,02178,1
20230104,17,02185,1
20230104,17,02191,1
20230104,17,02198,1
20230104,17,03311,1
20230104,18,02111,1
20230104,18,02112,3
20230104,18,02116,3
20230104,18,02128,1
20230104,18,02129,3
20230104,18,02143,1
20230104,18,02148,1
20230104,18,02179,5
20230104,18,02185,2
20230104,18,02186,2
20230104,18,02191,1
20230104,18,03311,5
20230104,18,03802,2
20230104,19,02111,2
20230104,19,02112,1
20230104,19,02122,2
20230104,19,02128,2
20230104,19,02129,1
20230104,19,02143,1
20230104,19,02148,2
20230104,19,02171,3
20230104,19,02172,1
20230104,19,02179,1
20230104,19,02185,1
20230104,19,02198,1
20230104,19,02199,2
20230104,19,03311,2
20230104,2,02111,1
20230104,2,02185,1
20230104,20,02111,3
20230104,20,02112,3
20230104,20,02116,3
20230104,20,02171,1
20230104,20,02178,2
20230104,20,02179,3
20230104,20,02186,1
20230104,20,03311,1
20230104,21,02111,2
20230104,21,02112,1
20230104,21,02116,1
20230104,21,02129,2
20230104,21,02139,1
20230104,21,02178,1
20230104,21,02185,1
20230104,21,02198,1
20230104,21,03310,1
20230104,21,03311,1
20230104,21,03802,1
20230104,22,02111,2
20230104,22,02112,2
20230104,22,02116,1
20230104,22,02128,1
20230104,22,02129,1
20230104,22,02143,1
20230104,22,02148,1
20230104,22,02171,3
20230104,22,02179,2
20230104,22,02185,1
20230104,22,02186,1
20230104,22,02198,2
20230104,22,03802,5
20230104,23,02111,2
20230104,23,02148,1
20230104,23,02179,3
20230104,23,02185,2
20230104,23,02186,1
20230104,23,02191,1
20230104,23,02198,2
20230104,23,03310,1
20230104,3,02112,1
20230104,3,02179,1
20230104,3,03311,1
20230104,4,02148,1
20230104,4,02185,1
20230104,5,02112,2
20230104,5,02130,1
20230104,6,02199,1
20230104,6,03310,1
20230104,6,03802,1
20230104,7,02112,1
20230104,7,02128,1
20230104,7,02171,1
20230104,7,02185,2
20230104,7,02191,2
20230104,7,03802,2
20230104,8,02128,1
20230104,8,02139,1
20230104,8,02171,1
20230104,8,02179,3
20230104,8,02191,1
20230104,8,02198,1
20230104,8,03310,4
20230104,8,03802,2
20230104,9,02112,1
20230104,9,02116,1
20230104,9,02128,1
20230104,9,02130,1
20230104,9,02139,2
20230104,9,02148,2
20230104,9,02171,3
20230104,9,02178,1
20230104,9,02179,1
20230104,9,02191,3
20230105,0,02111,1
20230105,0,02116,1
20230105,0,02122,2
20230105,0,02171,1
20230105,0,02172,1
20230105,0,02178,1
20230105,0,02179,1
20230105,0,02185,1
20230105,0,02198,1
20230105,1,02112,1
20230105,1,02128,1
20230105,1,02171,1
20230105,1,02179,1
20230105,1,02191,2
20230105,1,02198,1
20230105,1,03311,1
20230105,10,02111,1
20230105,10,02139,1
20230105,10,02148,1
20230105,10,02171,1
20230105,10,02185,1
20230105,10,02191,1
20230105,10,02198,1
20230105,10,03311,1
20230105,10,03802,1
20230105,11,02116,1
20230105,11,02122,1
20230105,11,02129,1
20230105,11,02148,2
20230105,11,02159,1
20230105,11,02172,1
20230105,11,02185,1
20230105,11,02191,3
20230105,11,03310,2
20230105,11,03802,1
20230105,12,02111,1
20230105,12,02112,1
20230105,12,02129,1
20230105,12,02139,1
20230105,12,02148,2
20230105,12,02159,4
20230105,12,02171,1
20230105,12,02172,1
20230105,12,02179,3
20230105,12,02185,1
20230105,12,02186,1
20230105,12,03310,1
20230105,13,02111,1
20230105,13,02122,1
20230105,13,02148,1
20230105,13,02171,1
20230105,13,02172,1
20230105,13,02178,1
20230105,13,02185,2
20230105,13,02186,1
20230105,13,02198,1
20230105,13,03311,2
20230105,13,03802,1
20230105,14,02111,1
20230105,14,02171,2
20230105,14,02172,1
20230105,14,02179,1
20230105,14,02191,2
20230105,14,02198,1
20230105,14,03311,2
20230105,15,02111,2
20230105,15,02112,1
20230105,15,02122,1
20230105,15,02139,1
20230105,15,02148,2
20230105,15,02171,1
20230105,15,02172,1
20230105,15,02179,1
20230105,15,02186,2
20230105,15,02198,1
20230105,15,03310,2
20230105,15,03311,4
20230105,16,02111,1
20230105,16,02112,1
20230105,16,02116,1
20230105,16,02122,1
20230105,16,02129,3
20230105,16,02171,2
20230105,16,02178,1
20230105,16,02185,1
20230105,16,02191,2
20230105,16,02198,1
20230105,16,03310,1
20230105,17,02112,1
20230105,17,02116,1
20230105,17,02122,2
20230105,17,02129,1
20230105,17,02139,1
20230105,17,02159,1
20230105,17,02171,1
20230105,17,02172,2
20230105,17,02178,2
20230105,17,02185,2
20230105,17,02186,1
20230105,17,02198,1
20230105,17,03310,2
20230105,18,02111,4
20230105,18,02112,3
20230105,18,02116,1
20230105,18,02129,2
20230105,18,02130,1
20230105,18,02148,2
20230105,18,02171,7
20230105,18,02172,2
20230105,18,02178,1
20230105,18,02179,7
20230105,18,02185,1
20230105,18,02198,1
20230105,19,02111,1
20230105,19,02112,1
20230105,19,02122,1
20230105,19,02129,1
20230105,19,02148,2
20230105,19,02171,2
20230105,19,02179,2
20230105,19,02185,1
20230105,19,02186,3
20230105,19,02191,1
20230105,19,02198,1
20230105,19,03311,2
20230105,19,03802,4
20230105,2,02111,1
20230105,2,02112,1
20230105,2,02171,1
20230105,2,02191,1
20230105,2,03310,1
20230105,20,02111,2
20230105,20,02116,4
20230105,20,02122,1
20230105,20,02130,1
20230105,20,02148,1
20230105,20,02172,1
20230105,20,02178,1
20230105,20,02179,2
20230105,20,02185,1
20230105,20,02186,1
20230105,20,02198,2
20230105,20,03311,4
20230105,20,03802,3
20230105,21,02111,5
20230105,21,02112,2
20230105,21,02116,1
20230105,21,02129,1
20230105,21,02139,1
20230105,21,02143,1
20230105,21,02148,2
20230105,21,02159,1
20230105,21,02171,3
20230105,21,02172,2
20230105,21,02178,1
20230105,21,02179,4
20230105,21,02185,2
20230105,21,02198,2
20230105,21,03311,4
20230105,21,03802,4
20230105,22,02116,2
20230105,22,02122,2
20230105,22,02143,1
20230105,22,02148,1
20230105,22,02159,1
20230105,22,02171,2
20230105,22,02172,1
20230105,22,02185,2
20230105,22,02191,1
20230105,22,02198,3
20230105,22,03311,5
20230105,22,03802,1
20230105,23,02111,1
20230105,23,02116,1
20230105,23,02122,1
20230105,23,02148,1
20230105,23,02171,1
20230105,23,02179,1
20230105,3,02112,1
20230105,3,02122,1
20230105,4,02112,1
20230105,4,02139,1
20230105,5,02111,1
20230105,5,02116,1
20230105,5,02122,1
20230105,5,02191,2
20230105,5,03311,1
20230105,6,02111,2
20230105,6,02112,1
20230105,6,02148,1
20230105,6,02179,1
20230105,7,02128,2
20230105,7,02139,1
20230105,7,02148,1
20230105,7,02179,1
20230105,7,02185,1
20230105,7,02186,1
20230105,7,02191,1
20230105,7,02198,2
20230105,7,03310,1
20230105,7,03802,3
20230105,8,02116,1
20230105,8,02128,2
20230105,8,02139,1
20230105,8,02148,1
20230105,8,02171,2
20230105,8,02198,2
20230105,8,03310,1
20230105,8,03311,1
20230105,8,03802,6
20230105,9,02111,1
20230105,9,02112,1
20230105,9,02128,1
20230105,9,02129,1
20230105,9,02139,1
20230105,9,02148,2
20230105,9,02159,1
20230105,9,02171,1
20230105,9,02172,1
20230105,9,02179,1
20230105,9,02191,1
20230105,9,02198,1
20230105,9,03802,1
20230106,0,02111,2
20230106,0,02139,2
20230106,0,02185,3
20230106,0,02186,1
20230106,0,02191,2
20230106,0,02198,1
20230106,0,03311,4
20230106,1,02116,2
20230106,1,02148,1
20230106,1,02171,2
20230106,1,02172,1
20230106,1,02186,1
20230106,1,02191,1
20230106,1,02198,1
20230106,1,02199,1
20230106,1,03311,2
20230106,10,02111,1
20230106,10,02112,1
20230106,10,02116,1
20230106,10,02122,1
20230106,10,02128,1
20230106,10,02139,1
20230106,10,02148,3
20230106,10,02178,1
20230106,10,02179,1
20230106,10,02191,1
20230106,10,02198,1
20230106,10,03310,1
20230106,10,03311,1
20230106,11,02111,1
20230106,11,02112,2
20230106,11,02116,1
20230106,11,02128,1
20230106,11,02130,1
20230106,11,02139,1
20230106,11,02148,1
20230106,11,02171,4
20230106,11,02179,1
20230106,11,02191,1
20230106,11,02198,1
20230106,11,03310,2
20230106,11,03311,1
20230106,12,02111,2
20230106,12,02116,1
20230106,12,02122,2
20230106,12,02129,2
20230106,12,02159,1
20230106,12,02171,4
20230106,12,02179,4
20230106,12,02185,1
20230106,12,02186,1
20230106,12,02198,2
20230106,12,02199,1
20230106,13,02116,1
20230106,13,02139,1
20230106,13,02148,1
20230106,13,02179,2
20230106,13,02186,1
20230106,13,02191,1
20230106,13,03310,1
20230106,13,03311,1
20230106,14,02111,1
20230106,14,02112,1
20230106,14,02116,1
20230106,14,02129,1
20230106,14,02159,1
20230106,14,02172,2
20230106,14,03311,2
20230106,15,02111,1
20230106,15,02112,2
20230106,15,02116,1
20230106,15,02122,2
20230106,15,02128,4
20230106,15,02139,1
20230106,15,02148,1
20230106,15,02171,2
20230106,15,02172,1
20230106,15,02179,1
20230106,15,02186,1
20230106,15,02198,2
20230106,15,02199,1
20230106,15,03311,1
20230106,16,02111,1
20230106,16,02122,1
20230106,16,02128,2
20230106,16,02129,2
20230106,16,02130,1
20230106,16,02148,1
20230106,16,02171,3
20230106,16,02186,2
20230106,16,02191,1
20230106,16,03311,3
20230106,17,02111,1
20230106,17,02112,1
20230106,17,02122,1
20230106,17,02128,1
20230106,17,02129,2
20230106,17,02130,1
20230106,17,02148,1
20230106,17,02171,5
20230106,17,02178,2
20230106,17,02179,1
20230106,17,02185,1
20230106,17,02186,2
20230106,17,02191,2
20230106,17,02198,3
20230106,18,02111,3
20230106,18,02112,2
20230106,18,02116,1
20230106,18,02130,3
20230106,18,02139,1
20230106,18,02159,1
20230106,18,02171,6
20230106,18,02178,1
20230106,18,02179,3
20230106,18,02191,1
20230106,18,03311,5
20230106,18,03802,1
20230106,19,02111,1
20230106,19,02116,2
20230106,19,02122,1
20230106,19,02128,1
20230106,19,02139,1
20230106,19,02171,2
20230106,19,02172,1
20230106,19,02178,2
20230106,19,02179,1
20230106,19,03311,5
20230106,19,03802,1
20230106,2,02111,1
20230106,2,02112,1
20230106,2,02116,1
20230106,2,02171,1
20230106,2,02178,1
20230106,20,02111,2
20230106,20,02148,1
20230106,20,03311,2
20230106,21,02111,1
20230106,21,02112,1
20230106,21,02116,1
20230106,21,03311,1
20230106,22,02112,1
20230106,23,02112,1
20230106,23,02179,1
20230106,23,02191,2
20230106,23,02199,1
20230106,4,02112,1
20230106,5,02111,1
20230106,5,02112,1
20230106,6,02112,1
20230106,6,02116,1
20230106,6,02148,1
20230106,6,02179,1
20230106,6,02186,1
20230106,7,02111,1
20230106,7,02112,1
20230106,7,02139,1
20230106,7,02185,2
20230106,7,02186,1
20230106,7,02191,1
20230106,7,02198,1
20230106,7,03310,1
20230106,7,03802,6
20230106,8,02139,2
20230106,8,02148,1
20230106,8,02159,1
20230106,8,02179,1
20230106,8,02185,2
20230106,8,02191,2
20230106,8,02198,1
20230106,8,03310,1
20230106,8,03802,4
20230106,9,02116,1
20230106,9,02128,1
20230106,9,02130,1
20230106,9,02139,2
20230106,9,02159,2
20230106,9,02171,2
20230106,9,02178,1
20230106,9,02191,1
20230106,9,02198,2
20230106,9,03310,2
20230107,0,02111,2
20230107,0,02112,1
20230107,0,02171,1
20230107,0,02198,2
20230107,1,02112,1
20230107,1,02128,1
20230107,1,02171,1
20230107,1,02185,2
20230107,1,02191,1
20230107,10,02112,1
20230107,10,02116,1
20230107,10,02139,1
20230107,10,02148,1
20230107,10,02159,1
20230107,10,02171,1
20230107,10,02172,1
20230107,10,02179,1
20230107,10,02185,2
20230107,10,02186,1
20230107,10,03311,1
20230107,11,02112,1
20230107,11,02122,2
20230107,11,02159,1
20230107,11,02171,1
20230107,11,02179,3
20230107,11,02191,1
20230107,11,02199,1
20230107,11,03802,1
20230107,12,02111,3
20230107,12,02122,1
20230107,12,02148,2
20230107,12,02159,1
20230107,12,02171,3
20230107,12,02172,4
20230107,12,02179,1
20230107,12,02186,1
20230107,12,02191,2
20230107,12,02199,1
20230107,12,03311,2
20230107,13,02111,2
20230107,13,02116,1
20230107,13,02122,1
20230107,13,02128,1
20230107,13,02139,1
20230107,13,02159,1
20230107,13,02171,1
20230107,13,02172,3
20230107,13,02178,1
20230107,13,02179,1
20230107,13,02185,2
20230107,13,02191,3
20230107,13,02198,1
20230107,13,03311,1
20230107,14,02111,3
20230107,14,02112,4
20230107,14,02122,1
20230107,14,02128,1
20230107,14,02129,1
20230107,14,02139,1
20230107,14,02148,1
20230107,14,02171,3
20230107,14,02179,3
20230107,14,02185,3
20230107,14,02191,1
20230107,14,03311,3
20230107,15,02112,1
20230107,15,02116,2
20230107,15,02139,3
20230107,15,02148,3
20230107,15,02171,1
20230107,15,02172,1
20230107,15,02179,1
20230107,15,02186,1
20230107,15,03802,2
20230107,16,02116,1
20230107,16,02139,1
20230107,16,02148,2
20230107,16,02171,3
20230107,16,02172,2
20230107,16,02178,1
20230107,16,02179,1
20230107,16,02185,2
20230107,16,02198,1
20230107,17,02111,1
20230107,17,02122,1
20230107,17,02129,1
20230107,17,02139,1
20230107,17,02148,1
20230107,17,02171,4
20230107,17,02172,1
20230107,17,02178,1
20230107,17,02179,2
20230107,17,02186,1
20230107,17,02191,1
20230107,17,02198,2
20230107,17,02199,1
20230107,17,03311,1
20230107,17,03802,1
20230107,18,02116,1
20230107,18,02129,2
20230107,18,02139,1
20230107,18,02148,1
20230107,18,02171,1
20230107,18,02172,3
20230107,18,02179,3
20230107,18,02191,2
20230107,18,03311,1
20230107,19,02111,1
20230107,19,02116,1
20230107,19,02129,1
20230107,19,02139,1
20230107,19,02143,1
20230107,19,02171,2
20230107,19,02172,1
20230107,19,02178,1
20230107,19,02179,2
20230107,19,02191,1
20230107,19,03311,2
20230107,2,02112,2
20230107,2,02116,1
20230107,2,02122,1
20230107,2,02171,3
20230107,2,02179,1
20230107,20,02112,2
20230107,20,02122,1
20230107,20,02129,1
20230107,20,02148,1
20230107,20,02171,1
20230107,20,02172,1
20230107,20,02179,3
20230107,20,02186,2
20230107,20,02191,1
20230107,20,02198,2
20230107,20,03802,1
20230107,21,02122,3
20230107,21,02128,1
20230107,21,02172,1
20230107,21,02185,1
20230107,21,02198,1
20230107,21,03311,1
20230107,22,02111,1
20230107,22,02112,1
20230107,22,02171,1
20230107,22,02178,2
20230107,22,02179,1
20230107,22,02186,1
20230107,22,02198,1
20230107,22,03311,1
20230107,23,02111,2
20230107,23,02116,1
20230107,23,02128,4
20230107,23,02129,1
20230107,23,02171,2
20230107,23,02178,1
20230107,23,02185,1
20230107,23,02198,1
20230107,23,02199,1
20230107,23,03311,1
20230107,3,02139,1
20230107,3,02148,1
20230107,3,03311,1
20230107,4,02171,2
20230107,4,02191,1
20230107,4,03310,1
20230107,5,02128,1
20230107,5,02129,1
20230107,5,02139,1
20230107,5,02198,1
20230107,6,02116,1
20230107,6,02185,1
20230107,8,02139,1
20230107,8,02148,1
20230107,8,02159,1
20230107,8,02171,1
20230107,8,02172,1
20230107,8,02185,1
20230107,8,02198,2
20230107,8,03311,1
20230107,8,03802,1
20230107,9,02111,2
20230107,9,02122,1
20230107,9,02130,1
20230107,9,02139,1
20230107,9,02143,3
20230107,9,02171,2
20230107,9,02185,1
20230107,9,02191,1
20230108,0,02111,4
20230108,0,02116,4
20230108,0,02171,6
20230108,0,02179,1
20230108,0,02191,2
20230108,0,02198,5
20230108,0,03311,4
20230108,1,02111,3
20230108,1,02122,1
20230108,1,02148,1
20230108,1,02171,2
20230108,1,02179,2
20230108,1,02186,1
20230108,1,02191,1
20230108,1,03311,1
20230108,10,02122,1
20230108,10,02159,1
20230108,10,02172,1
20230108,10,02185,1
20230108,10,03311,1
20230108,10,03802,2
20230108,11,02111,1
20230108,11,02116,1
20230108,11,02128,1
20230108,11,02129,1
20230108,11,02171,1
20230108,11,02191,2
20230108,11,03311,1
20230108,11,03802,1
20230108,12,02112,1
20230108,12,02130,2
20230108,12,02143,1
20230108,12,02148,2
20230108,12,02159,1
20230108,12,02179,3
20230108,12,02199,1
20230108,13,02111,1
20230108,13,02112,1
20230108,13,02116,1
20230108,13,02129,3
20230108,13,02148,5
20230108,13,02159,1
20230108,13,02171,5
20230108,13,02172,2
20230108,13,02179,1
20230108,13,02185,3
20230108,13,02198,3
20230108,13,02199,1
20230108,13,03311,3
20230108,14,02111,1
20230108,14,02129,2
20230108,14,02130,1
20230108,14,02171,2
20230108,14,02179,4
20230108,15,02111,1
20230108,15,02112,1
20230108,15,02122,1
20230108,15,02129,3
20230108,15,02139,1
20230108,15,02143,1
20230108,15,02148,2
20230108,15,02159,1
20230108,15,02171,4
20230108,15,02172,3
20230108,15,02179,3
20230108,15,02185,1
20230108,15,02186,1
20230108,15,02198,4
20230108,15,03311,2
20230108,16,02111,1
20230108,16,02112,1
20230108,16,02116,1
20230108,16,02122,1
20230108,16,02128,2
20230108,16,02129,2
20230108,16,02130,1
20230108,16,02148,2
20230108,16,02171,1
20230108,16,02172,2
20230108,16,02178,2
20230108,16,02179,3
20230108,16,02185,1
20230108,16,02191,1
20230108,16,02199,2
20230108,16,03802,2
20230108,17,02111,2
20230108,17,02116,1
20230108,17,02128,1
20230108,17,02129,2
20230108,17,02139,1
20230108,17,02143,1
20230108,17,02159,1
20230108,17,02171,3
20230108,17,02172,1
20230108,17,02178,1
20230108,17,02185,1
20230108,17,02186,1
20230108,17,03311,2
20230108,17,03802,1
20230108,18,02111,1
20230108,18,02112,2
20230108,18,02128,1
20230108,18,02129,1
20230108,18,02171,6
20230108,18,02178,1
20230108,18,02179,2
20230108,18,02191,1
20230108,18,03311,1
20230108,19,02111,1
20230108,19,02122,1
20230108,19,02171,1
20230108,19,02172,1
20230108,19,02179,1
20230108,19,02186,1
20230108,19,02191,1
20230108,19,03311,1
20230108,2,02111,2
20230108,2,02139,2
20230108,2,02148,1
20230108,2,02178,2
20230108,2,02179,1
20230108,20,02112,2
20230108,20,02122,2
20230108,20,02129,1
20230108,20,02139,1
20230108,20,02171,5
20230108,20,02172,1
20230108,20,02185,1
20230108,20,02198,1
20230108,20,02199,1
20230108,20,03311,2
20230108,21,02111,1
20230108,21,02112,2
20230108,21,02129,1
20230108,21,02143,1
20230108,21,02148,1
20230108,21,02171,3
20230108,21,02172,1
20230108,21,02179,2
20230108,22,02112,2
20230108,22,02116,4
20230108,22,02128,1
20230108,22,02178,2
20230108,22,02179,2
20230108,22,02198,1
20230108,23,02111,1
20230108,23,02112,1
20230108,23,02116,1
20230108,23,02122,1
20230108,23,02171,2
20230108,23,02191,1
20230108,23,02198,1
20230108,23,02199,1
20230108,23,03311,1
20230108,3,02112,1
20230108,3,02171,2
20230108,3,02185,1
20230108,3,02191,1
20230108,4,02116,1
20230108,4,02128,1
20230108,4,02178,1
20230108,4,02186,1
20230108,5,02112,1
20230108,5,02191,1
20230108,6,02185,1
20230108,8,02116,1
20230108,8,02171,1
20230108,8,02198,1
20230108,9,02139,2
20230108,9,02171,1
20230109,0,02111,1
20230109,0,02112,1
20230109,0,02116,2
20230109,0,02128,1
20230109,0,02171,2
20230109,0,02179,1
20230109,0,02186,3
20230109,0,02198,1
20230109,1,02171,2
20230109,1,02185,1
20230109,1,02198,1
20230109,10,02111,1
20230109,10,02112,1
20230109,10,02122,1
20230109,10,02128,1
20230109,10,02130,1
20230109,10,02148,1
20230109,10,02159,1
20230109,10,02179,1
20230109,10,02199,1
20230109,10,03802,1
20230109,11,02111,1
20230109,11,02112,1
20230109,11,02116,1
20230109,11,02122,1
20230109,11,02128,1
20230109,11,02129,2
20230109,11,02130,1
20230109,11,02139,2
20230109,11,02143,1
20230109,11,02148,1
20230109,11,02171,1
20230109,11,02178,1
20230109,11,02179,1
20230109,11,02191,2
20230109,11,02198,2
20230109,11,03311,2
20230109,12,02122,1
20230109,12,02128,2
20230109,12,02130,1
20230109,12,02143,1
20230109,12,02148,1
20230109,12,02171,1
20230109,12,02178,1
20230109,12,02179,1
20230109,12,02191,1
20230109,12,03311,3
20230109,13,02112,1
20230109,13,02122,2
20230109,13,02171,2
20230109,13,02185,2
20230109,13,02186,1
20230109,13,02191,2
20230109,13,02198,2
20230109,13,02199,2
20230109,13,03802,1
20230109,14,02111,1
20230109,14,02112,2
20230109,14,02116,1
20230109,14,02128,1
20230109,14,02129,1
20230109,14,02139,1
20230109,14,02143,2
20230109,14,02159,1
20230109,14,02171,2
20230109,14,03311,1
20230109,15,02112,1
20230109,15,02122,1
20230109,15,02129,2
20230109,15,02130,2
20230109,15,02143,3
20230109,15,02148,1
20230109,15,02171,2
20230109,15,02191,1
20230109,15,02198,1
20230109,16,02112,1
20230109,16,02128,1
20230109,16,02130,1
20230109,16,02139,1
20230109,16,02171,2
20230109,16,02172,1
20230109,16,02178,1
20230109,16,02179,3
20230109,16,02191,1
20230109,16,02198,1
20230109,16,03311,1
20230109,16,03802,2
20230109,17,02112,1
20230109,17,02128,1
20230109,17,02130,1
20230109,17,02148,1
20230109,17,02171,4
20230109,17,02172,1
20230109,17,02178,2
20230109,17,02179,2
20230109,17,02198,1
20230109,17,03310,1
20230109,18,02111,1
20230109,18,02112,5
20230109,18,02122,1
20230109,18,02128,1
20230109,18,02130,1
20230109,18,02148,1
20230109,18,02171,4
20230109,18,02178,1
20230109,18,02179,2
20230109,18,02191,1
20230109,18,02199,1
20230109,18,03311,4
20230109,18,03802,1
20230109,19,02111,6
20230109,19,02112,2
20230109,19,02116,1
20230109,19,02128,2
20230109,19,02129,1
20230109,19,02130,2
20230109,19,02148,2
20230109,19,02171,5
20230109,19,02178,2
20230109,19,02186,2
20230109,19,02191,1
20230109,19,02198,1
20230109,19,03311,1
20230109,19,03802,3
20230109,2,02129,1
20230109,20,02112,3
20230109,20,02116,2
20230109,20,02128,1
20230109,20,02130,2
20230109,20,02139,1
20230109,20,02159,1
20230109,20,02171,3
20230109,20,02172,1
20230109,20,02178,1
20230109,20,02179,6
20230109,20,02185,1
20230109,20,02191,2
20230109,20,02198,1
20230109,20,03310,1
20230109,20,03311,4
20230109,20,03802,1
20230109,21,02111,5
20230109,21,02112,2
20230109,21,02116,1
20230109,21,02130,1
20230109,21,02143,1
20230109,21,02171,6
20230109,21,02178,1
20230109,21,02179,3
20230109,21,02198,1
20230109,21,03311,2
20230109,21,03802,2
20230109,22,02112,3
20230109,22,02116,3
20230109,22,02128,1
20230109,22,02148,1
20230109,22,02171,3
20230109,22,02172,1
20230109,22,02178,1
20230109,22,02185,1
20230109,22,02186,1
20230109,22,03310,1
20230109,22,03311,3
20230109,22,03802,2
20230109,23,02111,2
20230109,23,02112,6
20230109,23,02116,1
20230109,23,02122,1
20230109,23,02128,1
20230109,23,02148,2
20230109,23,02171,3
20230109,23,02179,1
20230109,23,03311,2
20230109,3,02172,1
20230109,4,02139,1
20230109,5,02122,2
20230109,5,02128,2
20230109,5,02129,1
20230109,5,02191,1
20230109,6,02112,1
20230109,6,02128,1
20230109,6,02185,1
20230109,6,03310,1
20230109,6,03802,2
20230109,7,02116,1
20230109,7,02139,3
20230109,7,02185,1
20230109,7,02191,1
20230109,7,03311,1
20230109,7,03802,4
20230109,8,02128,3
20230109,8,02129,1
20230109,8,02148,1
20230109,8,02159,1
20230109,8,02171,1
20230109,8,02179,2
20230109,8,02186,1
20230109,8,02191,2
20230109,8,03310,1
20230109,8,03802,3
20230109,9,02112,1
20230109,9,02128,1
20230109,9,02139,1
20230109,9,02148,4
20230109,9,02171,1
20230109,9,02172,1
20230109,9,02178,1
20230109,9,02179,1
20230109,9,02191,1
20230109,9,02198,1
20230109,9,03802,1
20230110,0,02112,2
20230110,0,02116,1
20230110,0,02128,1
20230110,0,02130,1
20230110,0,02171,1
20230110,0,02186,1
20230110,0,02191,2
20230110,0,02198,2
20230110,1,02111,1
20230110,1,02112,1
20230110,1,02139,1
20230110,1,02143,1
20230110,1,02148,1
20230110,1,02171,2
20230110,1,02172,1
20230110,1,02179,2
20230110,1,02185,1
20230110,1,03311,1
20230110,10,02111,1
20230110,10,02112,1
20230110,10,02122,1
20230110,10,02129,1
20230110,10,02143,1
20230110,10,02148,1
20230110,10,02171,2
20230110,10,02179,1
20230110,10,02186,1
20230110,10,02191,1
20230110,10,03310,1
20230110,11,02116,2
20230110,11,02128,1
20230110,11,02130,1
20230110,11,02139,1
20230110,11,02148,1
20230110,11,02159,1
20230110,11,02191,1
20230110,11,02198,1
20230110,11,03310,2
20230110,11,03311,1
20230110,12,02111,3
20230110,12,02116,1
20230110,12,02129,1
20230110,12,02130,1
20230110,12,02148,1
20230110,12,02159,1
20230110,12,02171,7
20230110,12,02172,1
20230110,12,02179,3
20230110,12,02198,2
20230110,12,03310,1
20230110,12,03311,1
20230110,13,02111,1
20230110,13,02129,1
20230110,13,02143,1
20230110,13,02159,1
20230110,13,02171,2
20230110,13,02172,1
20230110,13,02178,1
20230110,13,02179,2
20230110,13,02185,1
20230110,13,02191,2
20230110,13,03311,3
20230110,14,02112,1
20230110,14,02116,2
20230110,14,02122,2
20230110,14,02128,1
20230110,14,02130,1
20230110,14,02139,1
20230110,14,02148,1
20230110,14,02179,1
20230110,14,02186,1
20230110,14,02191,1
20230110,14,03311,2
20230110,14,03802,1
20230110,15,02111,3
20230110,15,02112,1
20230110,15,02122,2
20230110,15,02128,1
20230110,15,02143,2
20230110,15,02148,1
20230110,15,02171,1
20230110,15,02178,1
20230110,15,02179,1
20230110,15,02185,2
20230110,15,02186,1
20230110,15,02198,1
20230110,15,03311,3
20230110,15,03802,1
20230110,16,02112,2
20230110,16,02122,1
20230110,16,02128,1
20230110,16,02139,2
20230110,16,02171,3
20230110,16,02178,1
20230110,16,02185,1
20230110,16,02186,1
20230110,16,02198,1
20230110,16,02199,2
20230110,16,03310,1
20230110,16,03311,3
20230110,17,02111,1
20230110,17,02112,4
20230110,17,02116,3
20230110,17,02122,1
20230110,17,02128,1
20230110,17,02129,3
20230110,17,02143,1
20230110,17,02148,1
20230110,17,02171,3
20230110,17,02172,2
20230110,17,02178,2
20230110,17,02179,2
20230110,17,02191,1
20230110,17,02198,1
20230110,17,03310,3
20230110,17,03311,2
20230110,18,02111,6
20230110,18,02112,4
20230110,18,02116,2
20230110,18,02128,2
20230110,18,02129,7
20230110,18,02148,5
20230110,18,02171,2
20230110,18,02172,1
20230110,18,02179,5
20230110,18,02185,1
20230110,18,02191,2
20230110,18,02199,1
20230110,18,03311,3
20230110,19,02111,2
20230110,19,02112,1
20230110,19,02122,3
20230110,19,02128,3
20230110,19,02129,1
20230110,19,02148,1
20230110,19,02171,4
20230110,19,02179,6
20230110,19,02186,1
20230110,19,02198,1
20230110,19,02199,1
20230110,19,03310,1
20230110,19,03311,3
20230110,19,03802,1
20230110,2,02111,1
20230110,2,02179,2
20230110,2,02191,1
20230110,2,02198,1
20230110,2,03311,1
20230110,20,02111,3
20230110,20,02112,1
20230110,20,02116,4
20230110,20,02128,1
20230110,20,02148,1
20230110,20,02159,1
20230110,20,02171,2
20230110,20,02178,2
20230110,20,02179,1
20230110,20,02186,1
20230110,20,02191,1
20230110,20,03310,1
20230110,20,03311,1
20230110,20,03802,3
20230110,21,02111,2
20230110,21,02112,2
20230110,21,02116,1
20230110,21,02122,1
20230110,21,02129,1
20230110,21,02143,2
20230110,21,02148,1
20230110,21,02171,1
20230110,21,02179,3
20230110,21,02191,1
20230110,21,02198,2
20230110,21,03311,5
20230110,21,03802,4
20230110,22,02111,2
20230110,22,02112,3
20230110,22,02116,1
20230110,22,02122,1
20230110,22,02148,1
20230110,22,02171,5
20230110,22,02172,1
20230110,22,02178,1
20230110,22,02179,2
20230110,22,02185,1
20230110,22,02191,1
20230110,22,02198,1
20230110,22,02199,1
20230110,22,03311,3
20230110,22,03802,4
20230110,23,02111,2
20230110,23,02112,2
20230110,23,02116,1
20230110,23,02178,1
20230110,23,02186,1
20230110,3,02128,1
20230110,4,02112,2
20230110,4,02148,1
20230110,5,02122,1
20230110,5,02128,1
20230110,5,02148,1
20230110,6,02111,2
20230110,6,02112,2
20230110,6,02116,2
20230110,6,02148,1
20230110,6,02186,2
20230110,6,02191,1
20230110,6,03310,3
20230110,7,02116,1
20230110,7,02128,3
20230110,7,02139,2
20230110,7,02143,1
20230110,7,02148,1
20230110,7,02171,1
20230110,7,02179,1
20230110,7,02185,2
20230110,7,03310,1
20230110,7,03802,3
20230110,8,02139,1
20230110,8,02171,2
20230110,8,02179,2
20230110,8,02191,3
20230110,8,02198,1
20230110,8,03310,3
20230110,8,03802,6
20230110,9,02112,1
20230110,9,02116,2
20230110,9,02139,1
20230110,9,02159,1
20230110,9,02171,1
20230110,9,02172,1
20230110,9,02185,2
20230110,9,02186,1
20230110,9,02198,3
20230110,9,03802,3
20230111,0,02111,2
20230111,0,02128,1
20230111,0,02130,2
20230111,0,02159,1
20230111,0,02171,1
20230111,0,02179,1
20230111,0,02186,1
20230111,0,02191,1
20230111,0,02198,2
20230111,0,03311,2
20230111,1,02111,1
20230111,1,02112,2
20230111,1,02171,2
20230111,1,02172,1
20230111,1,02185,1
20230111,10,02111,1
20230111,10,02116,1
20230111,10,02143,1
20230111,10,02148,4
20230111,10,02179,1
20230111,10,02185,1
20230111,10,02186,2
20230111,10,02191,2
20230111,10,02198,3
20230111,10,03802,1
20230111,11,02111,3
20230111,11,02112,2
20230111,11,02116,1
20230111,11,02128,3
20230111,11,02129,1
20230111,11,02172,1
20230111,11,02185,2
20230111,11,02191,1
20230111,11,02198,2
20230111,11,03311,3
20230111,12,02112,2
20230111,12,02116,1
20230111,12,02122,1
20230111,12,02129,1
20230111,12,02139,2
20230111,12,02171,1
20230111,12,02179,2
20230111,12,02191,1
20230111,12,03311,1
20230111,13,02111,2
20230111,13,02112,4
20230111,13,02128,1
20230111,13,02139,1
20230111,13,02148,1
20230111,13,02171,3
20230111,13,02178,1
20230111,13,02185,2
20230111,13,02191,1
20230111,13,03310,1
20230111,13,03311,2
20230111,14,02111,2
20230111,14,02112,2
20230111,14,02130,1
20230111,14,02148,1
20230111,14,02159,1
20230111,14,02171,4
20230111,14,02178,2
20230111,14,02185,1
20230111,14,02191,2
20230111,14,03310,1
20230111,14,03311,1
20230111,15,02111,1
20230111,15,02112,2
20230111,15,02122,3
20230111,15,02129,2
20230111,15,02148,2
20230111,15,02171,2
20230111,15,02172,1
20230111,15,02178,1
20230111,15,02179,2
20230111,15,02185,1
20230111,15,02186,2
20230111,15,02191,1
20230111,15,02198,1
20230111,15,03310,1
20230111,16,02111,2
20230111,16,02128,2
20230111,16,02129,2
20230111,16,02139,1
20230111,16,02159,1
20230111,16,02171,3
20230111,16,02178,2
20230111,16,02179,4
20230111,16,02186,2
20230111,16,02198,2
20230111,16,03311,1
20230111,16,03802,1
20230111,17,02111,2
20230111,17,02112,1
20230111,17,02116,1
20230111,17,02128,2
20230111,17,02129,5
20230111,17,02139,1
20230111,17,02143,1
20230111,17,02148,1
20230111,17,02159,1
20230111,17,02171,2
20230111,17,02178,4
20230111,17,02179,3
20230111,17,02191,4
20230111,17,02198,1
20230111,17,03311,2
20230111,18,02111,2
20230111,18,02112,2
20230111,18,02116,4
20230111,18,02122,1
20230111,18,02129,3
20230111,18,02159,2
20230111,18,02171,6
20230111,18,02178,2
20230111,18,02179,3
20230111,18,02185,1
20230111,18,02186,1
20230111,18,02191,2
20230111,18,02198,1
20230111,18,03802,1
20230111,19,02111,2
20230111,19,02112,1
20230111,19,02122,1
20230111,19,02148,3
20230111,19,02171,4
20230111,19,02172,2
20230111,19,02179,2
20230111,19,02186,1
20230111,19,02198,2
20230111,19,03310,1
20230111,19,03311,2
20230111,2,02111,2
20230111,2,02122,1
20230111,2,03311,1
20230111,20,02111,3
20230111,20,02112,2
20230111,20,02116,4
20230111,20,02122,3
20230111,20,02128,1
20230111,20,02130,2
20230111,20,02148,3
20230111,20,02171,1
20230111,20,02179,1
20230111,20,02185,2
20230111,20,02186,3
20230111,20,02199,1
20230111,20,03311,1
20230111,20,03802,1
20230111,21,02111,4
20230111,21,02112,3
20230111,21,02116,6
20230111,21,02129,1
20230111,21,02139,2
20230111,21,02148,1
20230111,21,02171,1
20230111,21,02178,1
20230111,21,02179,1
20230111,21,02185,1
20230111,21,02186,2
20230111,21,02191,1
20230111,21,03311,2
20230111,21,03802,5
20230111,22,02112,1
20230111,22,02116,2
20230111,22,02171,7
20230111,22,02172,2
20230111,22,02179,3
20230111,22,02185,1
20230111,22,02191,2
20230111,22,03311,3
20230111,23,02111,1
20230111,23,02116,1
20230111,23,02159,1
20230111,23,02171,4
20230111,23,02179,4
20230111,23,02199,2
20230111,23,03311,1
20230111,3,02111,1
20230111,3,02148,2
20230111,3,02172,1
20230111,3,02179,1
20230111,3,02186,1
20230111,3,02198,1
20230111,4,02116,1
20230111,4,02139,2
20230111,4,03311,2
20230111,5,02112,1
20230111,5,02122,1
20230111,5,02128,1
20230111,5,02179,1
20230111,5,02186,1
20230111,6,02112,1
20230111,6,02116,1
20230111,6,02143,1
20230111,6,02148,1
20230111,6,02191,1
20230111,6,03310,2
20230111,6,03802,1
20230111,7,02128,1
20230111,7,02148,1
20230111,7,02185,2
20230111,7,02186,1
20230111,7,02191,3
20230111,7,03311,1
20230111,7,03802,6
20230111,8,02112,2
20230111,8,02116,1
20230111,8,02128,1
20230111,8,02139,3
20230111,8,02148,1
20230111,8,02159,1
20230111,8,02171,2
20230111,8,02178,1
20230111,8,02179,3
20230111,8,02191,3
20230111,8,02198,1
20230111,8,03310,2
20230111,8,03311,1
20230111,8,03802,2
20230111,9,02112,1
20230111,9,02116,2
20230111,9,02128,1
20230111,9,02129,1
20230111,9,02139,1
20230111,9,02148,2
20230111,9,02171,2
20230111,9,02178,1
20230111,9,02185,1
20230111,9,02191,1
20230111,9,02198,3
20230111,9,03310,1
20230111,9,03311,3
20230111,9,03802,3
20230112,0,02111,3
20230112,0,02139,1
20230112,0,02179,1
20230112,0,02186,1
20230112,0,02191,1
20230112,0,02198,1
20230112,1,02171,1
20230112,1,02179,2
20230112,1,02186,1
20230112,1,02191,2
20230112,1,02198,1
20230112,10,02111,2
20230112,10,02112,1
20230112,10,02129,1
20230112,10,02139,1
20230112,10,02172,1
20230112,10,02178,3
20230112,10,02185,2
20230112,10,02191,1
20230112,10,03311,2
20230112,10,03802,1
20230112,11,02111,1
20230112,11,02112,2
20230112,11,02116,1
20230112,11,02148,1
20230112,11,02171,4
20230112,11,02179,1
20230112,11,02186,1
20230112,11,02191,1
20230112,11,03311,2
20230112,11,03802,1
20230112,12,02111,2
20230112,12,02112,2
20230112,12,02128,1
20230112,12,02143,2
20230112,12,02148,2
20230112,12,02171,2
20230112,12,02172,1
20230112,12,02179,5
20230112,12,02185,1
20230112,12,02186,1
20230112,12,02198,2
20230112,12,02199,1
20230112,13,02130,1
20230112,13,02143,1
20230112,13,02148,1
20230112,13,02171,1
20230112,13,02172,2
20230112,13,02178,1
20230112,13,02179,1
20230112,13,02186,1
20230112,13,02191,1
20230112,13,03311,4
20230112,14,02112,2
20230112,14,02122,1
20230112,14,02171,6
20230112,14,02172,1
20230112,14,02179,1
20230112,14,02185,4
20230112,14,02191,3
20230112,14,03310,1
20230112,15,02111,2
20230112,15,02116,3
20230112,15,02128,1
20230112,15,02129,1
20230112,15,02148,1
20230112,15,02171,2
20230112,15,02172,2
20230112,15,02178,2
20230112,15,02198,2
20230112,15,02199,1
20230112,15,03310,1
20230112,15,03311,1
20230112,15,03802,1
20230112,16,02111,1
20230112,16,02116,1
20230112,16,02122,1
20230112,16,02128,2
20230112,16,02159,1
20230112,16,02171,4
20230112,16,02172,2
20230112,16,02179,1
20230112,16,02185,1
20230112,16,02186,1
20230112,16,02191,2
20230112,16,03310,1
20230112,16,03311,1
20230112,17,02111,2
20230112,17,02112,1
20230112,17,02122,1
20230112,17,02130,2
20230112,17,02148,2
20230112,17,02159,1
20230112,17,02171,2
20230112,17,02172,1
20230112,17,02179,4
20230112,17,02185,2
20230112,17,02186,1
20230112,17,02191,2
20230112,17,03310,1
20230112,17,03311,2
20230112,18,02111,4
20230112,18,02112,1
20230112,18,02116,3
20230112,18,02128,3
20230112,18,02130,1
20230112,18,02139,2
20230112,18,02143,1
20230112,18,02148,2
20230112,18,02159,1
20230112,18,02171,5
20230112,18,02172,2
20230112,18,02179,2
20230112,18,02186,1
20230112,18,02191,1
20230112,18,02198,3
20230112,18,03310,1
20230112,18,03311,4
20230112,19,02111,2
20230112,19,02112,1
20230112,19,02122,1
20230112,19,02129,1
20230112,19,02143,1
20230112,19,02148,1
20230112,19,02171,6
20230112,19,02179,4
20230112,19,02186,1
20230112,19,02191,1
20230112,19,03310,2
20230112,19,03311,3
20230112,19,03802,1
20230112,2,02116,1
20230112,2,02139,1
20230112,2,02143,1
20230112,2,02148,1
20230112,2,02171,1
20230112,2,02172,1
20230112,2,02179,1
20230112,2,02186,1
20230112,2,03311,2
20230112,20,02111,4
20230112,20,02112,1
20230112,20,02116,4
20230112,20,02128,1
20230112,20,02130,1
20230112,20,02171,4
20230112,20,02172,3
20230112,20,02179,5
20230112,20,02186,2
20230112,20,02191,1
20230112,20,02198,1
20230112,20,03310,1
20230112,20,03802,1
20230112,21,02111,4
20230112,21,02116,2
20230112,21,02122,3
20230112,21,02139,1
20230112,21,02143,1
20230112,21,02148,2
20230112,21,02159,2
20230112,21,02171,6
20230112,21,02172,2
20230112,21,02179,4
20230112,21,02186,1
20230112,21,02191,1
20230112,21,02198,4
20230112,21,03310,4
20230112,21,03311,4
20230112,21,03802,4
20230112,22,02111,1
20230112,22,02116,2
20230112,22,02122,1
20230112,22,02139,1
20230112,22,02143,2
20230112,22,02148,4
20230112,22,02171,5
20230112,22,02185,1
20230112,22,02186,1
20230112,22,02198,3
20230112,22,03311,3
20230112,22,03802,2
20230112,23,02111,2
20230112,23,02116,4
20230112,23,02179,1
20230112,23,02191,1
20230112,23,02198,1
20230112,3,02179,1
20230112,3,03311,1
20230112,4,02148,1
20230112,5,02122,1
20230112,5,02128,1
20230112,5,02139,1
20230112,5,02191,1
20230112,5,03311,1
20230112,6,02148,1
20230112,6,02186,1
20230112,6,02191,1
20230112,6,03311,2
20230112,7,02112,1
20230112,7,02128,2
20230112,7,02139,1
20230112,7,02179,1
20230112,7,02185,2
20230112,7,02186,1
20230112,7,02191,2
20230112,7,02198,2
20230112,7,03802,4
20230112,8,02111,1
20230112,8,02112,1
20230112,8,02128,1
20230112,8,02139,1
20230112,8,02148,1
20230112,8,02171,2
20230112,8,02179,1
20230112,8,02185,3
20230112,8,02191,4
20230112,8,03802,7
20230112,9,02112,2
20230112,9,02129,1
20230112,9,02130,1
20230112,9,02139,1
20230112,9,02143,1
20230112,9,02148,3
20230112,9,02171,1
20230112,9,02185,1
20230112,9,02191,1
20230112,9,02198,2
20230112,9,03311,2
20230112,9,03802,2
20230113,0,02116,1
20230113,0,02186,1
20230113,0,02191,1
20230113,1,02112,2
20230113,1,02139,1
20230113,1,02199,1
20230113,10,02198,1
20230113,11,02111,1
20230113,11,02112,1
20230113,11,02122,1
20230113,11,02128,1
20230113,11,02129,1
20230113,11,02139,1
20230113,11,02171,1
20230113,11,02179,2
20230113,11,02185,1
20230113,11,03311,1
20230113,11,03802,1
20230113,12,02129,1
20230113,12,02172,1
20230113,12,02179,1
20230113,12,02185,1
20230113,12,02191,1
20230113,12,02198,1
20230113,12,03310,1
20230113,12,03311,1
20230113,13,02111,1
20230113,13,02112,1
20230113,13,02148,1
20230113,13,02171,3
20230113,13,02191,1
20230113,14,02171,2
20230113,15,02112,1
20230113,15,02129,1
20230113,15,02172,1
20230113,16,02148,1
20230113,16,02171,2
20230113,16,02179,1
20230113,16,02185,1
20230113,16,03310,1
20230113,17,02148,1
20230113,17,02198,1
20230113,18,02112,2
20230113,18,02128,1
20230113,18,02171,1
20230113,18,02185,1
20230113,19,02116,1
20230113,19,02122,2
20230113,19,02130,1
20230113,19,02171,2
20230113,19,02172,1
20230113,19,02179,1
20230113,19,02198,2
20230113,19,03310,1
20230113,20,02112,1
20230113,20,02122,2
20230113,20,02128,1
20230113,20,02159,1
20230113,20,02179,1
20230113,20,02199,1
20230113,20,03310,1
20230113,20,03311,2
20230113,20,03802,1
20230113,21,02111,2
20230113,21,02128,1
20230113,21,02139,1
20230113,21,02148,1
20230113,21,02171,1
20230113,21,02172,1
20230113,21,02179,1
20230113,21,02185,1
20230113,21,02198,1
20230113,21,03311,5
20230113,21,03802,2
20230113,22,02122,2
20230113,22,02148,1
20230113,22,02179,3
20230113,23,02185,1
20230113,6,02112,1
20230113,7,03802,1
20230113,8,03310,1
20230113,8,03802,1
20230114,0,02112,1
20230114,0,02148,1
20230114,0,02179,3
20230114,0,02185,1
20230114,1,02111,1
20230114,1,02116,2
20230114,1,02122,1
20230114,1,02130,1
20230114,1,02186,2
20230114,1,02198,1
20230114,1,02199,1
20230114,10,02179,1
20230114,12,02111,1
20230114,13,03311,1
20230114,14,02112,1
20230114,14,02122,1
20230114,14,02128,1
20230114,14,02130,2
20230114,14,02171,1
20230114,15,02122,1
20230114,15,02179,1
20230114,16,02111,1
20230114,16,02116,1
20230114,16,02143,1
20230114,16,02171,1
20230114,16,02179,1
20230114,16,02186,1
20230114,16,02191,1
20230114,16,02198,1
20230114,17,02128,1
20230114,17,02130,1
20230114,17,02143,1
20230114,17,02159,1
20230114,17,02171,4
20230114,17,02172,1
20230114,17,02179,1
20230114,17,02185,1
20230114,17,02191,1
20230114,17,02198,1
20230114,17,03311,2
20230114,17,03802,1
20230114,18,02111,1
20230114,18,02122,1
20230114,18,02148,1
20230114,18,02171,1
20230114,18,02179,3
20230114,18,02191,1
20230114,18,03311,1
20230114,19,02111,1
20230114,19,02116,1
20230114,19,02139,1
20230114,19,02148,1
20230114,19,02171,1
20230114,19,02178,1
20230114,19,02179,1
20230114,19,02191,1
20230114,19,03311,1
20230114,2,02139,3
20230114,2,02179,2
20230114,20,02112,1
20230114,20,02128,2
20230114,20,02130,1
20230114,20,02171,1
20230114,20,02172,1
20230114,20,02179,3
20230114,20,02185,1
20230114,21,02143,1
20230114,22,02111,1
20230114,22,02112,2
20230114,22,02116,3
20230114,22,02185,1
20230114,22,03311,1
20230114,23,02111,2
20230114,23,02112,2
20230114,23,02139,1
20230114,23,02148,1
20230114,23,02171,1
20230114,4,02116,1
20230114,4,02172,1
20230114,4,02186,1
20230114,5,02111,1
20230114,5,02130,1
20230114,5,02159,1
20230114,5,02191,1
20230114,6,02172,1
20230114,6,02185,1
20230114,6,03311,1
20230114,7,02171,1
20230114,8,02128,1
20230114,8,02139,1
20230114,8,02148,1
20230114,8,02191,1
20230114,8,03802,1
20230114,9,02116,1
20230114,9,02128,1
20230114,9,02171,1
20230114,9,02179,1
20230114,9,03310,1
20230114,9,03311,1
20230114,9,03802,1
20230115,0,02112,5
20230115,0,02116,1
20230115,0,02139,2
20230115,0,02171,1
20230115,0,02179,1
20230115,0,02198,2
20230115,0,03311,1
20230115,1,02111,1
20230115,1,02112,1
20230115,10,03802,1
20230115,11,02128,1
20230115,11,02159,1
20230115,11,02199,2
20230115,12,02112,2
20230115,12,02139,3
20230115,12,02178,1
20230115,13,02179,1
20230115,14,02112,1
20230115,14,02128,1
20230115,14,02159,1
20230115,14,02171,1
20230115,14,02179,1
20230115,14,02198,3
20230115,14,03311,1
20230115,15,02111,1
20230115,15,02112,2
20230115,15,02172,1
20230115,16,02112,1
20230115,16,02116,1
20230115,16,02179,1
20230115,16,02185,2
20230115,16,02186,1
20230115,16,02191,1
20230115,16,02198,1
20230115,17,02128,1
20230115,17,02148,1
20230115,17,02172,1
20230115,17,02185,1
20230115,17,02198,1
20230115,18,02122,1
20230115,18,02128,1
20230115,19,02111,1
20230115,19,02116,2
20230115,19,02128,1
20230115,19,02171,1
20230115,2,02111,1
20230115,2,02179,1
20230115,20,02112,4
20230115,20,02148,1
20230115,20,02171,1
20230115,20,02172,1
20230115,20,02179,1
20230115,21,02111,1
20230115,21,02112,1
20230115,21,02116,1
20230115,21,02171,3
20230115,22,02172,1
20230115,22,02191,1
20230115,22,03311,1
20230115,23,02111,1
20230115,23,02112,1
20230115,23,02116,1
20230115,3,02139,1
20230115,8,02116,1
20230115,9,02191,1
20230116,0,02111,2
20230116,0,02112,1
20230116,0,02116,1
20230116,0,02128,1
20230116,0,02148,1
20230116,0,02171,2
20230116,0,02178,1
20230116,0,02186,1
20230116,1,02128,1
20230116,1,02185,2
20230116,10,02112,1
20230116,10,02122,1
20230116,10,02129,1
20230116,10,02143,1
20230116,10,02171,1
20230116,10,02179,2
20230116,10,02198,2
20230116,10,03311,1
20230116,10,03802,4
20230116,11,02112,1
20230116,11,02116,1
20230116,11,02148,2
20230116,11,02171,3
20230116,11,02179,2
20230116,11,02186,1
20230116,11,02191,1
20230116,11,02198,1
20230116,11,03311,1
20230116,12,02112,1
20230116,12,02116,1
20230116,12,02122,1
20230116,12,02130,1
20230116,12,02139,2
20230116,12,02159,2
20230116,12,02171,1
20230116,12,02179,2
20230116,12,02198,1
20230116,12,03311,1
20230116,13,02112,2
20230116,13,02122,2
20230116,13,02128,1
20230116,13,02148,1
20230116,13,02159,1
20230116,13,02171,3
20230116,13,02172,1
20230116,13,02179,1
20230116,13,02191,2
20230116,13,02198,1
20230116,13,03311,2
20230116,14,02112,1
20230116,14,02129,1
20230116,14,02148,1
20230116,14,02171,4
20230116,14,02179,1
20230116,14,02186,1
20230116,14,02191,4
20230116,14,03311,3
20230116,15,02111,1
20230116,15,02112,1
20230116,15,02116,2
20230116,15,02128,2
20230116,15,02143,1
20230116,15,02148,1
20230116,15,02159,1
20230116,15,02171,1
20230116,15,02191,2
20230116,16,02112,2
20230116,16,02116,2
20230116,16,02122,1
20230116,16,02128,1
20230116,16,02129,1
20230116,16,02143,2
20230116,16,02159,1
20230116,16,02172,3
20230116,16,02179,1
20230116,16,02198,1
20230116,16,03311,2
20230116,17,02111,1
20230116,17,02139,1
20230116,17,02148,2
20230116,17,02178,1
20230116,17,02179,2
20230116,17,03311,2
20230116,18,02128,1
20230116,18,02148,1
20230116,18,02171,3
20230116,18,02179,1
20230116,18,02186,2
20230116,18,02191,1
20230116,18,02198,1
20230116,18,03802,1
20230116,19,02111,3
20230116,19,02122,2
20230116,19,02139,1
20230116,19,02148,1
20230116,19,02159,1
20230116,19,02171,3
20230116,19,02172,1
20230116,19,02179,1
20230116,20,02111,5
20230116,20,02112,1
20230116,20,02116,2
20230116,20,02128,4
20230116,20,02130,1
20230116,20,02139,1
20230116,20,02148,1
20230116,20,02171,1
20230116,20,02179,1
20230116,20,02198,5
20230116,20,03311,4
20230116,21,02111,4
20230116,21,02112,1
20230116,21,02116,1
20230116,21,02129,2
20230116,21,02148,2
20230116,21,02172,1
20230116,21,02179,4
20230116,21,03311,2
20230116,21,03802,1
20230116,22,02111,1
20230116,22,02122,2
20230116,22,02128,2
20230116,22,02139,1
20230116,22,02171,3
20230116,22,02178,1
20230116,22,02179,1
20230116,22,02186,1
20230116,22,02198,2
20230116,22,03311,2
20230116,22,03802,1
20230116,23,02111,5
20230116,23,02112,1
20230116,23,02116,2
20230116,23,02143,1
20230116,23,02159,1
20230116,23,02179,3
20230116,23,02185,2
20230116,23,02191,1
20230116,23,02198,2
20230116,23,03311,1
20230116,3,02179,1
20230116,5,02129,1
20230116,6,02112,2
20230116,6,02191,1
20230116,6,03311,1
20230116,7,02128,1
20230116,7,02139,1
20230116,7,02171,1
20230116,7,02185,2
20230116,7,03311,1
20230116,7,03802,1
20230116,8,02111,1
20230116,8,02112,1
20230116,8,02116,1
20230116,8,02128,1
20230116,8,02171,1
20230116,8,02179,1
20230116,8,02186,1
20230116,8,03802,2
20230116,9,02111,1
20230116,9,02112,1
20230116,9,02128,1
20230116,9,02139,1
20230116,9,02148,1
20230116,9,02179,1
20230116,9,02185,1
20230116,9,02186,1
20230116,9,02198,1
20230117,0,02111,4
20230117,0,02122,1
20230117,0,02128,2
20230117,0,02139,1
20230117,0,02179,2
20230117,0,02185,1
20230117,0,02186,1
20230117,0,02191,1
20230117,0,02198,2
20230117,1,02111,1
20230117,1,02148,1
20230117,1,02172,1
20230117,1,02179,2
20230117,1,02185,1
20230117,1,02198,1
20230117,1,03311,2
20230117,10,02112,1
20230117,10,02139,1
20230117,10,02148,3
20230117,10,02186,1
20230117,10,03311,1
20230117,11,02111,2
20230117,11,02112,1
20230117,11,02122,1
20230117,11,02129,2
20230117,11,02139,1
20230117,11,02148,1
20230117,11,02171,1
20230117,11,02178,1
20230117,11,02185,1
20230117,11,02198,1
20230117,11,03311,3
20230117,12,02111,4
20230117,12,02112,1
20230117,12,02122,2
20230117,12,02148,1
20230117,12,02171,1
20230117,12,02172,2
20230117,12,02179,4
20230117,12,02185,1
20230117,12,02186,1
20230117,12,02191,2
20230117,12,03311,1
20230117,13,02111,2
20230117,13,02116,1
20230117,13,02128,2
20230117,13,02139,1
20230117,13,02159,1
20230117,13,02171,1
20230117,13,02172,1
20230117,13,02178,1
20230117,13,02185,1
20230117,13,02191,1
20230117,13,02198,2
20230117,14,02111,2
20230117,14,02171,1
20230117,14,02178,3
20230117,14,02179,2
20230117,14,02185,1
20230117,14,02191,1
20230117,14,03311,1
20230117,14,03802,2
20230117,15,02111,1
20230117,15,02116,1
20230117,15,02122,1
20230117,15,02139,1
20230117,15,02148,1
20230117,15,02179,1
20230117,15,02191,1
20230117,15,02198,1
20230117,15,03311,3
20230117,16,02122,1
20230117,16,02128,1
20230117,16,02171,1
20230117,16,02172,1
20230117,16,02178,1
20230117,16,02179,1
20230117,16,02185,1
20230117,16,02191,1
20230117,16,02198,1
20230117,16,02199,1
20230117,17,02112,2
20230117,17,02116,1
20230117,17,02122,2
20230117,17,02129,1
20230117,17,02148,1
20230117,17,02171,2
20230117,17,02172,1
20230117,17,02185,1
20230117,17,02186,2
20230117,17,02191,2
20230117,17,02198,2
20230117,17,03310,1
20230117,17,03311,1
20230117,18,02111,3
20230117,18,02112,1
20230117,18,02128,2
20230117,18,02130,2
20230117,18,02148,4
20230117,18,02159,2
20230117,18,02171,4
20230117,18,02172,1
20230117,18,02178,1
20230117,18,02179,3
20230117,18,02185,1
20230117,18,03310,2
20230117,18,03311,1
20230117,18,03802,1
20230117,19,02111,3
20230117,19,02116,2
20230117,19,02148,1
20230117,19,02159,1
20230117,19,02171,2
20230117,19,02178,2
20230117,19,02179,2
20230117,19,02185,1
20230117,19,02191,3
20230117,19,02198,2
20230117,19,03310,1
20230117,19,03311,1
20230117,2,02112,1
20230117,2,02185,1
20230117,2,02191,1
20230117,2,03311,1
20230117,20,02111,2
20230117,20,02116,2
20230117,20,02128,1
20230117,20,02148,2
20230117,20,02159,1
20230117,20,02171,5
20230117,20,02172,1
20230117,20,02178,1
20230117,20,02179,2
20230117,20,02185,1
20230117,20,02186,1
20230117,20,03310,1
20230117,20,03311,1
20230117,20,03802,4
20230117,21,02111,2
20230117,21,02112,1
20230117,21,02116,2
20230117,21,02122,1
20230117,21,02139,1
20230117,21,02159,1
20230117,21,02172,3
20230117,21,02179,2
20230117,21,02186,2
20230117,21,03310,1
20230117,21,03802,2
20230117,22,02111,2
20230117,22,02112,2
20230117,22,02116,2
20230117,22,02122,1
20230117,22,02129,1
20230117,22,02139,1
20230117,22,02143,1
20230117,22,02171,1
20230117,22,02172,1
20230117,22,02185,1
20230117,22,02191,1
20230117,22,02198,3
20230117,22,03310,1
20230117,22,03311,1
20230117,22,03802,2
20230117,23,02111,1
20230117,23,02122,1
20230117,23,02128,2
20230117,23,02139,2
20230117,23,02159,1
20230117,23,02178,1
20230117,23,02179,5
20230117,23,02186,1
20230117,23,02198,1
20230117,23,03310,1
20230117,23,03311,2
20230117,3,02171,1
20230117,4,02148,1
20230117,4,02179,1
20230117,4,03311,1
20230117,5,02111,1
20230117,5,02185,1
20230117,5,02186,1
20230117,5,02191,1
20230117,6,02112,3
20230117,6,02116,1
20230117,6,02186,1
20230117,6,02198,1
20230117,6,03311,1
20230117,7,02112,2
20230117,7,02128,2
20230117,7,02171,3
20230117,7,02179,1
20230117,7,02185,1
20230117,7,02186,1
20230117,7,02191,1
20230117,7,02198,2
20230117,7,03311,1
20230117,7,03802,1
20230117,8,02139,3
20230117,8,02148,1
20230117,8,02171,2
20230117,8,02172,1
20230117,8,02179,1
20230117,8,02186,1
20230117,8,02191,3
20230117,8,02199,1
20230117,8,03802,4
20230117,9,02129,1
20230117,9,02139,1
20230117,9,02143,1
20230117,9,02148,1
20230117,9,02171,2
20230117,9,02179,1
20230117,9,02198,1
20230117,9,03802,4
20230118,0,02111,1
20230118,0,02148,1
20230118,0,02159,1
20230118,0,02179,1
20230118,0,02185,1
20230118,0,02186,1
20230118,0,02198,1
20230118,1,02111,1
20230118,1,02128,1
20230118,1,02171,2
20230118,1,02179,1
20230118,1,02185,2
20230118,1,02191,1
20230118,1,02198,2
20230118,10,02116,1
20230118,10,02128,2
20230118,10,02129,1
20230118,10,02148,1
20230118,10,02159,1
20230118,10,02171,1
20230118,10,02198,1
20230118,10,03311,1
20230118,11,02112,1
20230118,11,02122,1
20230118,11,02128,1
20230118,11,02129,1
20230118,11,02139,1
20230118,11,02148,1
20230118,11,02179,1
20230118,11,02198,1
20230118,11,03311,1
20230118,11,03802,3
20230118,12,02111,1
20230118,12,02112,1
20230118,12,02122,1
20230118,12,02128,1
20230118,12,02129,1
20230118,12,02139,2
20230118,12,02148,1
20230118,12,02171,1
20230118,12,02172,3
20230118,12,02179,2
20230118,12,02186,1
20230118,12,02191,2
20230118,12,02198,3
20230118,12,03311,1
20230118,12,03802,1
20230118,13,02112,3
20230118,13,02116,1
20230118,13,02122,1
20230118,13,02129,1
20230118,13,02159,1
20230118,13,02171,3
20230118,13,02172,1
20230118,13,02178,1
20230118,13,02185,2
20230118,13,02198,2
20230118,13,03311,3
20230118,14,02112,1
20230118,14,02128,1
20230118,14,02129,1
20230118,14,02139,1
20230118,14,02171,3
20230118,14,02179,1
20230118,14,02185,2
20230118,14,02186,2
20230118,14,02191,2
20230118,14,03311,3
20230118,15,02111,1
20230118,15,02122,2
20230118,15,02148,2
20230118,15,03311,5
20230118,16,02111,1
20230118,16,02116,1
20230118,16,02128,2
20230118,16,02139,1
20230118,16,02159,1
20230118,16,02178,1
20230118,16,02191,2
20230118,16,02198,3
20230118,16,03311,1
20230118,17,02111,1
20230118,17,02122,1
20230118,17,02139,1
20230118,17,02143,1
20230118,17,02148,2
20230118,17,02178,1
20230118,17,02179,4
20230118,17,02191,2
20230118,17,02198,1
20230118,17,03311,2
20230118,18,02111,2
20230118,18,02112,4
20230118,18,02116,1
20230118,18,02128,1
20230118,18,02129,1
20230118,18,02148,3
20230118,18,02159,1
20230118,18,02171,7
20230118,18,02179,2
20230118,18,02186,2
20230118,18,02198,1
20230118,18,03311,1
20230118,19,02112,2
20230118,19,02116,1
20230118,19,02122,1
20230118,19,02128,1
20230118,19,02148,1
20230118,19,02171,2
20230118,19,02172,1
20230118,19,02179,1
20230118,19,02186,1
20230118,19,02191,2
20230118,19,02198,1
20230118,19,03311,1
20230118,19,03802,1
20230118,2,02122,1
20230118,2,02191,1
20230118,2,03311,2
20230118,20,02111,3
20230118,20,02112,2
20230118,20,02116,1
20230118,20,02122,2
20230118,20,02130,1
20230118,20,02159,2
20230118,20,02171,1
20230118,20,02172,3
20230118,20,02179,1
20230118,20,02185,1
20230118,20,02198,1
20230118,20,03311,2
20230118,20,03802,3
20230118,21,02111,2
20230118,21,02122,1
20230118,21,02139,1
20230118,21,02159,1
20230118,21,02172,1
20230118,21,02179,1
20230118,21,02185,1
20230118,21,02191,1
20230118,21,02198,1
20230118,21,03311,2
20230118,21,03802,2
20230118,22,02111,3
20230118,22,02112,2
20230118,22,02130,1
20230118,22,02148,2
20230118,22,02171,4
20230118,22,02172,2
20230118,22,02179,2
20230118,22,02185,1
20230118,22,02186,1
20230118,22,02191,1
20230118,22,03311,1
20230118,22,03802,1
20230118,23,02111,4
20230118,23,02112,3
20230118,23,02139,1
20230118,23,02172,1
20230118,3,02143,1
20230118,3,02178,1
20230118,3,02185,1
20230118,4,02112,1
20230118,4,02139,1
20230118,4,02185,1
20230118,5,02122,2
20230118,5,02128,1
20230118,5,02186,1
20230118,5,03310,2
20230118,6,02128,1
20230118,6,02171,1
20230118,6,02185,1
20230118,6,02191,1
20230118,6,03310,1
20230118,7,02111,1
20230118,7,02128,1
20230118,7,02143,1
20230118,7,02171,2
20230118,7,02179,1
20230118,7,02186,2
20230118,7,03310,2
20230118,7,03802,5
20230118,8,02111,1
20230118,8,02128,1
20230118,8,02139,1
20230118,8,02148,3
20230118,8,02171,3
20230118,8,02179,2
20230118,8,02185,1
20230118,8,02191,4
20230118,8,02198,2
20230118,8,03310,3
20230118,8,03802,3
20230118,9,02128,1
20230118,9,02129,2
20230118,9,02139,2
20230118,9,02143,1
20230118,9,02148,1
20230118,9,02171,2
20230118,9,02179,2
20230118,9,02191,1
20230118,9,02198,1
20230118,9,03802,2
20230119,0,02112,1
20230119,0,02139,2
20230119,0,02143,2
20230119,0,02148,1
20230119,0,02171,1
20230119,0,02186,1
20230119,0,02198,2
20230119,1,02122,2
20230119,1,02148,2
20230119,1,02171,1
20230119,1,02185,1
20230119,1,02186,1
20230119,10,02116,1
20230119,10,02122,1
20230119,10,02139,1
20230119,10,02148,2
20230119,10,02159,1
20230119,10,02172,1
20230119,10,02191,1
20230119,10,03802,1
20230119,11,02111,4
20230119,11,02112,1
20230119,11,02116,1
20230119,11,02122,1
20230119,11,02128,2
20230119,11,02143,1
20230119,11,02148,2
20230119,11,02179,1
20230119,12,02111,1
20230119,12,02129,3
20230119,12,02143,1
20230119,12,02159,1
20230119,12,02172,1
20230119,12,02179,3
20230119,12,02186,2
20230119,12,02191,2
20230119,12,03310,2
20230119,13,02111,1
20230119,13,02112,1
20230119,13,02116,1
20230119,13,02122,1
20230119,13,02128,2
20230119,13,02148,2
20230119,13,02171,2
20230119,13,02178,1
20230119,13,02179,1
20230119,13,03311,1
20230119,14,02112,2
20230119,14,02116,1
20230119,14,02139,2
20230119,14,02143,2
20230119,14,02178,1
20230119,14,02185,1
20230119,14,02191,2
20230119,14,02198,1
20230119,14,03310,2
20230119,14,03802,1
20230119,15,02111,1
20230119,15,02122,2
20230119,15,02128,1
20230119,15,02129,1
20230119,15,02178,1
20230119,15,02179,1
20230119,15,02198,1
20230119,15,03310,1
20230119,15,03311,2
20230119,16,02112,1
20230119,16,02116,1
20230119,16,02122,1
20230119,16,02130,1
20230119,16,02139,1
20230119,16,02148,1
20230119,16,02171,1
20230119,16,02179,2
20230119,16,02186,1
20230119,16,02198,1
20230119,16,03310,1
20230119,16,03311,2
20230119,17,02111,1
20230119,17,02112,1
20230119,17,02128,2
20230119,17,02130,1
20230119,17,02139,2
20230119,17,02148,1
20230119,17,02172,5
20230119,17,02179,3
20230119,17,02198,1
20230119,17,02199,1
20230119,17,03311,2
20230119,18,02111,2
20230119,18,02112,2
20230119,18,02122,1
20230119,18,02128,1
20230119,18,02130,1
20230119,18,02148,2
20230119,18,02159,1
20230119,18,02171,6
20230119,18,02179,3
20230119,18,02185,2
20230119,18,03311,3
20230119,19,02111,1
20230119,19,02112,2
20230119,19,02116,2
20230119,19,02148,1
20230119,19,02171,4
20230119,19,02179,3
20230119,19,02186,1
20230119,19,02198,3
20230119,19,03311,2
20230119,19,03802,3
20230119,2,02111,1
20230119,2,02112,2
20230119,20,02111,1
20230119,20,02116,1
20230119,20,02148,1
20230119,20,02171,2
20230119,20,02172,1
20230119,20,02179,2
20230119,20,02191,3
20230119,20,03311,5
20230119,20,03802,2
20230119,21,02111,1
20230119,21,02112,2
20230119,21,02171,1
20230119,21,02185,1
20230119,21,02186,1
20230119,21,03310,1
20230119,21,03311,1
20230119,21,03802,2
20230119,22,02111,1
20230119,22,02122,1
20230119,22,02171,2
20230119,22,02179,3
20230119,22,03802,1
20230119,23,02171,2
20230119,23,02179,1
20230119,23,03311,1
20230119,3,03311,1
20230119,4,02111,1
20230119,4,02116,1
20230119,4,02122,1
20230119,4,02172,1
20230119,5,02186,1
20230119,5,02198,1
20230119,5,03310,1
20230119,6,02128,1
20230119,6,02191,1
20230119,6,02198,1
20230119,7,02116,1
20230119,7,02122,1
20230119,7,02179,1
20230119,7,02185,1
20230119,7,02186,1
20230119,7,02191,1
20230119,7,02198,2
20230119,7,03311,1
20230119,7,03802,1
20230119,8,02122,1
20230119,8,02128,1
20230119,8,02139,3
20230119,8,02171,2
20230119,8,02179,2
20230119,8,02185,1
20230119,8,02191,3
20230119,8,02198,1
20230119,8,03311,2
20230119,8,03802,3
20230119,9,02111,1
20230119,9,02128,1
20230119,9,02171,1
20230119,9,02179,1
20230119,9,02186,1
20230119,9,02191,1
20230119,9,02198,1
20230119,9,03802,3
20230120,0,02112,1
20230120,0,02116,1
20230120,0,02171,2
20230120,0,02185,1
20230120,0,02186,1
20230120,0,03311,1
20230120,1,02111,1
20230120,1,02116,1
20230120,1,02143,1
20230120,1,02198,1
20230120,10,02148,1
20230120,10,02159,1
20230120,10,02171,1
20230120,10,02179,1
20230120,10,03311,1
20230120,11,02111,1
20230120,11,02128,2
20230120,11,02139,1
20230120,11,02148,1
20230120,11,02178,1
20230120,11,02179,1
20230120,11,02198,1
20230120,11,03311,1
20230120,12,02111,2
20230120,12,02116,1
20230120,12,02148,1
20230120,12,02171,4
20230120,12,02179,1
20230120,12,02186,1
20230120,12,02191,1
20230120,12,02198,2
20230120,13,02128,1
20230120,13,02129,1
20230120,13,02148,1
20230120,13,02171,1
20230120,13,02172,1
20230120,13,02178,1
20230120,13,02179,2
20230120,13,02191,1
20230120,13,02199,1
20230120,13,03310,1
20230120,14,02111,1
20230120,14,02112,1
20230120,14,02116,1
20230120,14,02159,1
20230120,14,02171,2
20230120,14,02185,1
20230120,14,02198,1
20230120,14,03802,1
20230120,15,02116,1
20230120,15,02122,1
20230120,15,02129,1
20230120,15,02139,1
20230120,15,02148,1
20230120,15,02171,1
20230120,15,02185,1
20230120,15,02191,3
20230120,15,03311,1
20230120,16,02111,1
20230120,16,02116,1
20230120,16,02122,1
20230120,16,02148,1
20230120,16,02171,1
20230120,16,02172,1
20230120,16,02179,4
20230120,16,02185,2
20230120,16,02198,1
20230120,16,03311,1
20230120,17,02111,1
20230120,17,02112,1
20230120,17,02116,2
20230120,17,02122,1
20230120,17,02128,1
20230120,17,02171,1
20230120,17,02172,2
20230120,17,02179,3
20230120,17,02198,1
20230120,17,03311,2
20230120,18,02112,3
20230120,18,02128,1
20230120,18,02148,3
20230120,18,02171,3
20230120,18,02172,1
20230120,18,02179,4
20230120,18,02185,2
20230120,18,03802,1
20230120,19,02116,2
20230120,19,02122,3
20230120,19,02128,1
20230120,19,02186,1
20230120,19,02191,1
20230120,19,03802,1
20230120,2,02111,1
20230120,2,02116,1
20230120,2,02179,1
20230120,20,02111,2
20230120,20,02116,1
20230120,20,02122,1
20230120,20,02139,1
20230120,20,02171,1
20230120,20,02179,1
20230120,20,02185,1
20230120,20,02186,1
20230120,20,02191,1
20230120,20,02198,2
20230120,21,02116,1
20230120,21,02139,1
20230120,21,02148,1
20230120,21,02159,1
20230120,21,02171,4
20230120,21,02179,3
20230120,21,03311,1
20230120,22,02111,1
20230120,22,02116,1
20230120,22,02122,1
20230120,22,02128,1
20230120,22,02130,1
20230120,22,02179,5
20230120,22,02191,1
20230120,22,02198,1
20230120,22,03802,1
20230120,23,02112,1
20230120,23,02122,1
20230120,23,02179,1
20230120,23,02186,1
20230120,3,02112,1
20230120,3,02179,2
20230120,3,02191,1
20230120,4,02116,1
20230120,4,02139,1
20230120,4,02191,1
20230120,4,02198,1
20230120,5,02116,1
20230120,6,02111,1
20230120,6,02139,1
20230120,6,02148,1
20230120,6,02171,1
20230120,6,02186,1
20230120,6,03310,1
20230120,7,02171,1
20230120,7,02185,1
20230120,7,03802,2
20230120,8,02122,1
20230120,8,02139,1
20230120,8,02148,1
20230120,8,02171,2
20230120,8,02179,1
20230120,8,03802,3
20230120,9,02116,1
20230120,9,02128,1
20230120,9,02171,1
20230120,9,02179,2
20230120,9,02186,1
20230120,9,02191,2
20230120,9,02198,1
20230120,9,03802,3
20230121,0,02111,2
20230121,0,02128,1
20230121,0,02179,1
20230121,0,02191,2
20230121,1,02111,3
20230121,1,02128,1
20230121,1,02179,3
20230121,1,02198,1
20230121,10,02122,1
20230121,10,02128,1
20230121,10,02148,1
20230121,10,02198,2
20230121,10,03310,1
20230121,11,02112,2
20230121,11,02116,1
20230121,11,02159,2
20230121,11,02179,1
20230121,12,02112,1
20230121,12,02122,2
20230121,12,02130,1
20230121,12,02148,1
20230121,12,02171,2
20230121,12,02179,1
20230121,12,03310,1
20230121,13,02112,2
20230121,13,02122,2
20230121,13,02128,2
20230121,13,02130,2
20230121,13,02171,1
20230121,13,02172,1
20230121,13,02178,1
20230121,13,02191,2
20230121,13,03310,1
20230121,13,03311,1
20230121,13,03802,1
20230121,14,02111,1
20230121,14,02116,1
20230121,14,02128,1
20230121,14,02130,1
20230121,14,02171,2
20230121,14,02179,2
20230121,14,02185,1
20230121,14,02191,1
20230121,14,02198,3
20230121,14,03311,1
20230121,15,02122,1
20230121,15,02143,1
20230121,15,02172,1
20230121,15,02179,1
20230121,15,02185,3
20230121,15,02198,2
20230121,16,02112,2
20230121,16,02122,1
20230121,16,02172,1
20230121,16,02178,1
20230121,16,02179,2
20230121,16,02185,2
20230121,17,02111,1
20230121,17,02112,1
20230121,17,02122,1
20230121,17,02130,1
20230121,17,02186,1
20230121,17,02191,1
20230121,17,02198,1
20230121,17,03311,3
20230121,18,02111,1
20230121,18,02122,1
20230121,18,02128,1
20230121,18,02172,1
20230121,18,02179,1
20230121,18,02191,3
20230121,18,03311,1
20230121,18,03802,1
20230121,19,02111,1
20230121,19,02148,1
20230121,19,02171,1
20230121,19,02185,1
20230121,19,02198,1
20230121,2,02128,1
20230121,2,02179,1
20230121,2,02185,1
20230121,2,03311,1
20230121,20,02111,1
20230121,20,02112,1
20230121,20,02128,1
20230121,20,02143,1
20230121,20,02148,1
20230121,20,02171,1
20230121,20,02185,2
20230121,21,02111,1
20230121,21,02116,1
20230121,21,02148,2
20230121,21,02171,3
20230121,21,02179,1
20230121,21,02198,1
20230121,22,02111,1
20230121,22,02116,2
20230121,22,02122,1
20230121,22,02171,1
20230121,23,02111,1
20230121,23,02139,1
20230121,23,02171,1
20230121,23,02179,1
20230121,4,02179,1
20230121,5,02198,1
20230121,6,02122,1
20230121,6,02185,1
20230121,6,02191,1
20230121,8,02128,1
20230121,9,02111,2
20230121,9,02116,1
20230121,9,02191,1
20230121,9,02198,1
20230121,9,03310,1
20230121,9,03311,1
20230121,9,03802,1
20230122,0,02111,1
20230122,0,02116,1
20230122,0,02171,4
20230122,0,02186,2
20230122,0,02191,1
20230122,0,03311,1
20230122,1,02128,1
20230122,1,02172,1
20230122,1,02178,1
20230122,10,02139,1
20230122,10,03802,2
20230122,11,02143,1
20230122,11,02191,1
20230122,12,02116,1
20230122,12,02130,1
20230122,13,02130,1
20230122,13,02172,1
20230122,14,02111,1
20230122,14,02128,1
20230122,15,02112,1
20230122,15,02116,2
20230122,15,02122,1
20230122,15,02129,1
20230122,15,02139,1
20230122,15,02172,1
20230122,15,02179,3
20230122,15,02198,1
20230122,16,02112,1
20230122,16,02143,1
20230122,16,02159,1
20230122,16,02171,1
20230122,16,02179,2
20230122,16,02185,1
20230122,16,02191,1
20230122,16,02198,1
20230122,17,02111,1
20230122,17,02128,2
20230122,17,02178,1
20230122,17,02198,2
20230122,17,03311,1
20230122,18,02111,1
20230122,18,02112,1
20230122,18,02122,1
20230122,18,02128,1
20230122,18,02148,1
20230122,18,02159,1
20230122,18,02171,1
20230122,18,02179,2
20230122,18,02198,1
20230122,18,03310,1
20230122,18,03311,2
20230122,19,02111,1
20230122,19,02112,2
20230122,19,02122,1
20230122,19,02128,1
20230122,19,02159,1
20230122,19,02171,1
20230122,19,02172,1
20230122,19,02178,1
20230122,19,02179,1
20230122,2,02128,1
20230122,20,02112,1
20230122,20,02171,1
20230122,20,02172,2
20230122,21,02111,2
20230122,21,02128,1
20230122,21,02171,2
20230122,21,02179,1
20230122,21,02186,1
20230122,22,02111,1
20230122,22,02128,1
20230122,22,02172,1
20230122,22,02178,1
20230122,22,03311,2
20230122,23,02111,2
20230122,23,02116,1
20230122,23,02178,1
20230122,23,02186,1
20230122,23,02191,1
20230122,3,02122,1
20230122,3,02148,1
20230122,4,02179,1
20230122,5,02128,1
20230122,6,02185,1
20230122,8,02112,1
20230122,8,02171,1
20230122,9,02112,1
20230122,9,02179,2
20230122,9,02186,1
20230122,9,02198,2
20230122,9,03310,1
20230123,0,02111,1
20230123,0,02122,1
20230123,0,02171,1
20230123,0,02172,1
20230123,0,02185,1
20230123,0,02191,2
20230123,0,02198,1
20230123,10,02172,1
20230123,10,02185,1
20230123,10,02186,1
20230123,10,03311,1
20230123,11,02148,1
20230123,11,02171,1
20230123,11,02172,1
20230123,11,03311,1
20230123,12,02122,1
20230123,12,02130,1
20230123,12,02159,1
20230123,12,02171,2
20230123,12,02172,1
20230123,12,02179,4
20230123,12,02185,1
20230123,12,02198,2
20230123,12,03311,1
20230123,13,02128,1
20230123,13,02139,1
20230123,13,02171,1
20230123,13,02179,1
20230123,13,02186,2
20230123,13,02191,2
20230123,13,03311,1
20230123,14,02111,1
20230123,14,02171,2
20230123,14,02172,1
20230123,14,02186,2
20230123,14,03311,1
20230123,14,03802,2
20230123,15,02130,1
20230123,15,02171,2
20230123,15,02172,1
20230123,15,02179,2
20230123,15,02185,3
20230123,15,02186,1
20230123,15,02198,2
20230123,15,03802,3
20230123,16,02111,1
20230123,16,02129,1
20230123,16,02143,1
20230123,16,02171,1
20230123,16,02172,1
20230123,16,02178,1
20230123,16,02179,2
20230123,16,02185,1
20230123,16,02198,2
20230123,17,02112,1
20230123,17,02171,5
20230123,17,02179,2
20230123,17,02185,1
20230123,17,02199,1
20230123,18,02112,1
20230123,18,02128,1
20230123,18,02148,1
20230123,18,02185,1
20230123,18,02191,1
20230123,18,03311,1
20230123,19,02172,1
20230123,19,02198,1
20230123,19,02199,1
20230123,2,02128,1
20230123,2,02171,1
20230123,20,02112,3
20230123,20,02116,1
20230123,20,02128,3
20230123,20,02148,1
20230123,20,02171,2
20230123,20,02172,1
20230123,20,02179,2
20230123,20,02198,2
20230123,20,03311,1
20230123,21,02111,1
20230123,21,02116,1
20230123,21,02172,2
20230123,21,02179,3
20230123,22,02111,1
20230123,22,02122,2
20230123,22,02171,1
20230123,22,02179,1
20230123,22,02185,1
20230123,22,02198,1
20230123,23,02111,1
20230123,23,02112,2
20230123,23,02116,2
20230123,23,02122,1
20230123,23,02129,1
20230123,23,02159,1
20230123,23,02172,1
20230123,23,02191,1
20230123,3,02111,2
20230123,3,02186,1
20230123,3,02198,1
20230123,4,02179,1
20230123,4,02191,1
20230123,5,02185,2
20230123,6,03311,1
20230123,8,02112,1
20230123,8,02139,2
20230123,8,02185,1
20230123,9,02171,1
20230123,9,02172,1
20230123,9,02191,1
20230123,9,03802,1
20230124,0,02111,1
20230124,0,02186,1
20230124,0,02198,1
20230124,1,02111,1
20230124,1,02171,2
20230124,10,02191,1
20230124,10,03310,1
20230124,11,02171,2
20230124,11,02179,1
20230124,11,03311,2
20230124,12,02112,1
20230124,12,02198,1
20230124,12,03802,1
20230124,13,02116,2
20230124,13,02139,1
20230124,13,02143,1
20230124,13,02179,3
20230124,14,02122,1
20230124,14,02128,1
20230124,14,02130,1
20230124,14,02171,2
20230124,14,02198,1
20230124,14,03311,2
20230124,15,02122,1
20230124,15,02143,1
20230124,15,02159,1
20230124,15,02171,1
20230124,15,02191,1
20230124,15,02198,1
20230124,15,03311,1
20230124,16,02112,1
20230124,16,02116,1
20230124,16,02128,1
20230124,16,02171,1
20230124,16,02179,1
20230124,16,02185,1
20230124,16,02198,1
20230124,17,02112,1
20230124,17,02116,1
20230124,17,02129,1
20230124,17,02148,1
20230124,17,02179,1
20230124,17,02185,1
20230124,17,02191,1
20230124,17,02198,1
20230124,17,03310,1
20230124,18,02116,1
20230124,18,02179,2
20230124,19,02111,1
20230124,19,02172,1
20230124,2,02111,1
20230124,2,02148,1
20230124,20,02111,1
20230124,20,02179,3
20230124,20,02186,1
20230124,21,02111,1
20230124,21,02128,2
20230124,21,02159,1
20230124,21,02171,1
20230124,21,02178,1
20230124,22,02112,1
20230124,22,02128,1
20230124,22,02191,1
20230124,23,02116,1
20230124,3,02148,1
20230124,3,02186,1
20230124,5,02148,1
20230124,7,03311,1
20230124,9,02112,1
20230124,9,02139,2
20230124,9,02186,1
20230124,9,02191,1
20230124,9,02198,1
20230124,9,03802,1
20230125,0,02185,1
20230125,0,02186,1
20230125,1,02148,1
20230125,1,02171,1
20230125,10,02111,1
20230125,10,02116,1
20230125,10,02128,1
20230125,10,02130,1
20230125,10,02139,1
20230125,10,02179,1
20230125,10,03802,1
20230125,11,02111,1
20230125,11,02130,1
20230125,11,02148,2
20230125,11,02159,1
20230125,11,02171,1
20230125,11,02186,1
20230125,11,02198,2
20230125,11,03802,1
20230125,12,02112,1
20230125,12,02116,1
20230125,12,02179,1
20230125,12,02185,1
20230125,12,02198,1
20230125,12,03311,3
20230125,13,02128,1
20230125,13,02129,2
20230125,13,02185,1
20230125,13,02191,1
20230125,13,02198,1
20230125,14,02112,1
20230125,14,02116,1
20230125,14,02148,1
20230125,14,02171,3
20230125,14,02172,1
20230125,14,02185,1
20230125,14,02186,1
20230125,14,03311,1
20230125,15,02111,1
20230125,15,02128,1
20230125,15,02148,2
20230125,15,02178,1
20230125,15,02179,3
20230125,15,03311,1
20230125,16,02112,1
20230125,16,02122,1
20230125,16,02128,1
20230125,16,02139,1
20230125,16,02171,1
20230125,16,02186,1
20230125,16,02191,2
20230125,17,02111,2
20230125,17,02112,1
20230125,17,02139,1
20230125,17,02148,2
20230125,17,02171,3
20230125,17,02186,1
20230125,17,02198,1
20230125,17,03311,1
20230125,18,02112,1
20230125,18,02122,3
20230125,18,02128,1
20230125,18,02129,2
20230125,18,02148,2
20230125,18,02171,4
20230125,18,02179,1
20230125,18,02185,1
20230125,18,03311,2
20230125,19,02130,3
20230125,19,02148,2
20230125,19,02171,1
20230125,19,02179,4
20230125,19,03311,2
20230125,19,03802,1
20230125,2,02122,1
20230125,20,02111,2
20230125,20,02148,1
20230125,20,02171,1
20230125,20,02198,1
20230125,20,03311,1
20230125,21,02111,1
20230125,21,02116,3
20230125,21,02128,1
20230125,21,02159,1
20230125,21,02171,1
20230125,21,02179,1
20230125,21,02186,1
20230125,21,03311,1
20230125,22,02111,1
20230125,22,02128,1
20230125,22,02186,1
20230125,22,02191,2
20230125,22,02198,1
20230125,22,03311,3
20230125,22,03802,1
20230125,23,02129,1
20230125,23,02171,1
20230125,23,02191,1
20230125,23,03311,2
20230125,6,02112,1
20230125,6,02128,1
20230125,7,02112,1
20230125,7,02122,1
20230125,7,02185,2
20230125,7,03802,3
20230125,8,02116,1
20230125,8,02139,1
20230125,8,02179,1
20230125,8,03802,2
20230125,9,02128,2
20230125,9,02171,1
20230125,9,02186,1
20230125,9,02198,1
20230125,9,03311,1
20230125,9,03802,2
20230126,0,02112,1
20230126,0,02116,1
20230126,0,02179,1
20230126,1,02112,1
20230126,1,02122,1
20230126,1,02128,2
20230126,1,02148,1
20230126,1,02185,1
20230126,10,02116,1
20230126,11,02128,1
20230126,12,02148,1
20230126,12,02171,1
20230126,12,02191,1
20230126,12,03802,1
20230126,14,02116,1
20230126,14,02171,1
20230126,14,02191,1
20230126,14,02198,1
20230126,14,03311,1
20230126,15,02139,1
20230126,16,02128,1
20230126,16,02171,1
20230126,16,02179,1
20230126,16,02191,1
20230126,16,03311,2
20230126,17,02116,1
20230126,17,02172,1
20230126,17,02185,1
20230126,17,02198,1
20230126,18,02111,1
20230126,18,02122,1
20230126,18,02148,1
20230126,18,02171,2
20230126,18,02179,1
20230126,18,02186,1
20230126,18,03311,1
20230126,19,02111,2
20230126,19,02139,1
20230126,19,02171,1
20230126,19,02179,2
20230126,19,02185,1
20230126,19,02186,3
20230126,19,02198,1
20230126,19,02199,1
20230126,19,03311,1
20230126,19,03802,1
20230126,2,02111,1
20230126,20,02122,2
20230126,20,02128,1
20230126,20,02171,2
20230126,20,02179,2
20230126,20,02199,1
20230126,20,03311,2
20230126,21,02111,2
20230126,21,02116,3
20230126,21,02139,1
20230126,21,02171,2
20230126,21,02185,1
20230126,21,03802,1
20230126,22,02116,1
20230126,22,02139,1
20230126,22,02148,1
20230126,22,02171,1
20230126,22,02179,1
20230126,22,02186,1
20230126,22,02198,1
20230126,22,02199,1
20230126,22,03802,1
20230126,23,03311,1
20230126,3,02179,1
20230126,3,02198,1
20230126,4,02116,1
20230126,4,02122,1
20230126,6,02112,1
20230126,6,02116,1
20230126,8,02111,1
20230126,8,02139,1
20230126,8,03802,1
20230127,0,02171,2
20230127,0,02191,1
20230127,1,02128,1
20230127,1,02139,1
20230127,1,02179,1
20230127,10,02122,1
20230127,10,02148,1
20230127,10,02185,3
20230127,10,02198,2
20230127,11,02139,1
20230127,11,02148,1
20230127,11,02171,1
20230127,11,02191,1
20230127,11,03311,2
20230127,12,02111,2
20230127,12,02185,1
20230127,12,03311,1
20230127,13,02171,2
20230127,13,02172,1
20230127,13,02186,2
20230127,13,02198,1
20230127,13,03802,1
20230127,14,02116,1
20230127,14,02143,1
20230127,14,02171,1
20230127,14,02172,2
20230127,14,03311,1
20230127,15,02111,1
20230127,15,02112,1
20230127,15,02122,1
20230127,15,02148,1
20230127,15,02159,1
20230127,15,02186,1
20230127,16,02122,1
20230127,16,02159,1
20230127,16,02171,4
20230127,16,02178,1
20230127,16,02179,1
20230127,16,02186,1
20230127,16,02198,1
20230127,16,03311,2
20230127,17,02112,2
20230127,17,02116,1
20230127,17,02122,1
20230127,17,02129,1
20230127,17,02148,1
20230127,17,02185,1
20230127,17,02191,1
20230127,17,02198,2
20230127,17,03311,1
20230127,18,02112,3
20230127,18,02122,1
20230127,18,02129,2
20230127,18,02171,2
20230127,18,02172,1
20230127,18,02179,1
20230127,18,02185,1
20230127,18,02186,1
20230127,18,03311,1
20230127,18,03802,1
20230127,19,02112,1
20230127,19,02116,1
20230127,19,02122,1
20230127,19,02128,2
20230127,19,02179,1
20230127,19,02186,2
20230127,2,02111,1
20230127,2,02112,1
20230127,2,02171,1
20230127,2,02185,1
20230127,20,02112,1
20230127,20,02116,5
20230127,20,02148,2
20230127,20,02179,1
20230127,20,02186,1
20230127,20,02198,1
20230127,20,03311,1
20230127,21,02111,2
20230127,21,02116,1
20230127,21,02139,1
20230127,21,02148,1
20230127,21,02171,2
20230127,21,02178,1
20230127,21,02179,1
20230127,21,03310,1
20230127,21,03802,1
20230127,22,02112,4
20230127,22,02116,1
20230127,22,02122,2
20230127,22,02179,3
20230127,22,02186,1
20230127,22,03310,1
20230127,23,02111,1
20230127,23,02122,2
20230127,23,02179,1
20230127,23,02191,1
20230127,3,02191,1
20230127,5,02130,1
20230127,5,02198,1
20230127,7,02111,1
20230127,7,02185,1
20230127,7,02186,1
20230127,7,03802,3
20230127,8,02185,1
20230127,8,02191,1
20230127,8,03311,1
20230127,8,03802,1
20230127,9,02112,1
20230127,9,02128,1
20230127,9,02171,1
20230127,9,02185,2
20230127,9,02191,1
20230127,9,02198,1
20230127,9,03802,1
20230128,0,02111,1
20230128,0,02116,1
20230128,0,02185,1
20230128,1,02111,1
20230128,1,02112,1
20230128,1,02128,1
20230128,1,02171,1
20230128,1,02179,2
20230128,1,02185,2
20230128,1,02186,1
20230128,10,02128,1
20230128,10,02143,1
20230128,10,02148,1
20230128,10,02179,1
20230128,10,02191,1
20230128,10,02198,2
20230128,10,03310,1
20230128,10,03311,2
20230128,11,02111,1
20230128,11,02116,1
20230128,11,02122,2
20230128,11,02148,1
20230128,11,02159,1
20230128,11,02171,1
20230128,11,02172,1
20230128,11,02198,1
20230128,11,03310,1
20230128,11,03311,3
20230128,12,02116,1
20230128,12,02122,1
20230128,12,02139,1
20230128,12,02148,1
20230128,12,02171,3
20230128,12,02179,2
20230128,12,02185,1
20230128,12,02186,1
20230128,12,02191,1
20230128,12,02199,1
20230128,13,02111,1
20230128,13,02112,1
20230128,13,02116,1
20230128,13,02122,1
20230128,13,02130,1
20230128,13,02148,2
20230128,13,02179,2
20230128,13,02185,1
20230128,13,03310,1
20230128,13,03311,2
20230128,14,02111,1
20230128,14,02112,1
20230128,14,02122,1
20230128,14,02148,1
20230128,14,02159,1
20230128,14,02178,1
20230128,14,02179,2
20230128,14,02185,1
20230128,14,02191,2
20230128,14,03311,1
20230128,15,02116,2
20230128,15,02129,1
20230128,15,02171,1
20230128,15,02179,1
20230128,15,02185,1
20230128,15,03310,2
20230128,15,03311,1
20230128,15,03802,2
20230128,16,02111,3
20230128,16,02116,1
20230128,16,02122,5
20230128,16,02171,4
20230128,16,02178,2
20230128,16,02179,1
20230128,16,02185,2
20230128,16,02198,2
20230128,16,03310,1
20230128,16,03311,1
20230128,16,03802,1
20230128,17,02111,1
20230128,17,02112,1
20230128,17,02116,1
20230128,17,02130,1
20230128,17,02171,2
20230128,17,02178,1
20230128,17,02179,3
20230128,17,02191,1
20230128,17,02199,1
20230128,17,03310,1
20230128,17,03802,1
20230128,18,02111,1
20230128,18,02112,1
20230128,18,02128,1
20230128,18,02129,2
20230128,18,02148,1
20230128,18,02159,1
20230128,18,02171,1
20230128,18,02172,1
20230128,18,02179,3
20230128,18,02186,1
20230128,18,02191,1
20230128,19,02128,1
20230128,19,02129,1
20230128,19,02143,1
20230128,19,02148,1
20230128,19,02159,1
20230128,19,02171,2
20230128,19,02178,1
20230128,19,02179,2
20230128,19,03802,3
20230128,2,02111,1
20230128,2,02122,1
20230128,2,02128,1
20230128,2,02139,1
20230128,2,02172,1
20230128,2,02185,1
20230128,2,02191,1
20230128,20,02116,2
20230128,20,02128,2
20230128,20,02129,1
20230128,20,02130,1
20230128,20,02139,1
20230128,20,02143,1
20230128,20,02178,1
20230128,20,02179,1
20230128,20,02186,1
20230128,20,02191,1
20230128,20,03311,2
20230128,21,02112,1
20230128,21,02128,1
20230128,21,02172,1
20230128,21,02178,1
20230128,21,02179,2
20230128,21,02191,3
20230128,22,02112,2
20230128,22,02148,1
20230128,22,02171,1
20230128,22,02178,1
20230128,22,02185,1
20230128,23,02171,2
20230128,23,02172,1
20230128,23,03311,1
20230128,3,02128,1
20230128,5,02179,2
20230128,5,02191,1
20230128,6,02148,1
20230128,6,02185,1
20230128,6,02198,1
20230128,6,03311,1
20230128,7,02111,2
20230128,7,02171,1
20230128,8,02111,1
20230128,8,02139,1
20230128,8,02171,1
20230128,8,02172,2
20230128,8,02179,1
20230128,8,02185,1
20230128,8,02198,1
20230128,8,03802,1
20230128,9,02112,1
20230128,9,02139,2
20230128,9,02143,1
20230128,9,02148,1
20230128,9,02171,1
20230128,9,02179,1
20230128,9,02198,2
20230128,9,03310,2
20230128,9,03802,1
20230129,0,02111,5
20230129,0,02116,1
20230129,0,02139,1
20230129,0,02171,2
20230129,0,02179,1
20230129,0,02186,1
20230129,0,02191,1
20230129,0,03311,1
20230129,1,02116,1
20230129,1,02128,1
20230129,1,02172,1
20230129,1,02178,1
20230129,1,02179,2
20230129,1,02185,1
20230129,1,02186,1
20230129,10,02112,1
20230129,10,02128,1
20230129,10,02159,2
20230129,10,02179,1
20230129,10,02185,3
20230129,10,02186,1
20230129,10,03310,1
20230129,10,03311,1
20230129,10,03802,1
20230129,11,02111,1
20230129,11,02112,2
20230129,11,02128,1
20230129,11,02148,1
20230129,11,02171,1
20230129,11,02172,2
20230129,11,02179,2
20230129,11,02186,1
20230129,11,02191,2
20230129,11,02198,1
20230129,11,02199,1
20230129,12,02129,1
20230129,12,02139,1
20230129,12,02148,1
20230129,12,02172,2
20230129,12,02179,1
20230129,12,02185,2
20230129,12,02191,1
20230129,12,03311,2
20230129,13,02111,1
20230129,13,02112,1
20230129,13,02116,1
20230129,13,02171,4
20230129,13,02172,1
20230129,13,02178,2
20230129,13,02191,2
20230129,13,02198,1
20230129,13,03310,1
20230129,13,03311,1
20230129,14,02111,2
20230129,14,02112,2
20230129,14,02139,2
20230129,14,02179,2
20230129,14,02185,1
20230129,14,02186,1
20230129,14,02191,2
20230129,14,02198,1
20230129,14,03310,3
20230129,14,03311,5
20230129,14,03802,1
20230129,15,02111,2
20230129,15,02112,2
20230129,15,02171,2
20230129,15,02185,1
20230129,15,02186,1
20230129,15,03311,2
20230129,16,02116,1
20230129,16,02122,1
20230129,16,02129,1
20230129,16,02130,1
20230129,16,02139,1
20230129,16,02143,1
20230129,16,02148,2
20230129,16,02159,1
20230129,16,02171,2
20230129,16,02172,2
20230129,16,02185,2
20230129,16,02186,2
20230129,16,02191,1
20230129,16,02198,1
20230129,16,03311,2
20230129,17,02111,1
20230129,17,02122,1
20230129,17,02129,2
20230129,17,02139,1
20230129,17,02179,2
20230129,17,02185,2
20230129,17,02191,2
20230129,17,02198,1
20230129,17,03311,1
20230129,18,02111,1
20230129,18,02122,1
20230129,18,02129,1
20230129,18,02130,1
20230129,18,02143,2
20230129,18,02148,2
20230129,18,02171,3
20230129,18,02172,1
20230129,18,02179,2
20230129,18,02185,1
20230129,18,03311,1
20230129,19,02116,1
20230129,19,02129,1
20230129,19,02139,1
20230129,19,02171,1
20230129,19,02172,1
20230129,19,02179,3
20230129,19,02185,2
20230129,19,02191,1
20230129,19,03311,2
20230129,2,02111,3
20230129,2,02128,1
20230129,2,02148,1
20230129,20,02128,1
20230129,20,02148,1
20230129,20,02172,1
20230129,20,02178,2
20230129,20,02191,1
20230129,20,02198,2
20230129,20,02199,1
20230129,20,03311,2
20230129,21,02128,1
20230129,21,02171,1
20230129,21,02172,1
20230129,21,02179,1
20230129,21,02186,1
20230129,22,02111,1
20230129,22,02128,1
20230129,22,02139,1
20230129,22,02148,1
20230129,22,02171,3
20230129,22,02185,1
20230129,22,03311,1
20230129,23,02111,3
20230129,23,02112,1
20230129,23,02139,1
20230129,23,02171,2
20230129,23,02178,1
20230129,23,02185,1
20230129,23,02198,1
20230129,4,03310,1
20230129,5,02139,1
20230129,6,02185,1
20230129,7,02128,1
20230129,8,02112,1
20230129,8,02198,1
20230129,9,02116,1
20230129,9,02139,1
20230129,9,02179,2
20230129,9,02198,3
20230129,9,03311,1
20230129,9,03802,1
20230130,0,02111,1
20230130,0,02116,1
20230130,0,02122,1
20230130,0,02128,2
20230130,0,02171,2
20230130,0,02178,1
20230130,1,02111,1
20230130,1,02171,1
20230130,1,02185,1
20230130,1,03311,1
20230130,10,02129,1
20230130,10,02139,1
20230130,10,02148,2
20230130,10,02179,1
20230130,10,02198,2
20230130,10,03310,2
20230130,10,03802,1
20230130,11,02111,3
20230130,11,02112,2
20230130,11,02116,1
20230130,11,02128,1
20230130,11,02129,2
20230130,11,02143,1
20230130,11,02159,3
20230130,11,02171,5
20230130,11,02178,1
20230130,11,02185,1
20230130,11,02186,3
20230130,11,02198,1
20230130,11,03310,1
20230130,12,02111,1
20230130,12,02116,1
20230130,12,02129,1
20230130,12,02130,1
20230130,12,02148,1
20230130,12,02171,1
20230130,12,02179,1
20230130,12,02186,1
20230130,12,02191,1
20230130,12,02198,2
20230130,12,03310,2
20230130,12,03802,1
20230130,13,02128,1
20230130,13,02130,1
20230130,13,02159,1
20230130,13,02171,2
20230130,13,02178,1
20230130,13,02186,1
20230130,13,02191,2
20230130,13,02198,1
20230130,13,03310,1
20230130,14,02122,1
20230130,14,02128,1
20230130,14,02129,1
20230130,14,02148,1
20230130,14,02171,2
20230130,14,02179,3
20230130,14,02186,1
20230130,14,03310,1
20230130,14,03311,2
20230130,15,02111,1
20230130,15,02112,1
20230130,15,02116,1
20230130,15,02148,4
20230130,15,02171,1
20230130,15,02172,2
20230130,15,02178,1
20230130,15,02179,1
20230130,15,02186,1
20230130,15,03310,1
20230130,15,03311,1
20230130,15,03802,1
20230130,16,02112,1
20230130,16,02122,1
20230130,16,02128,1
20230130,16,02130,1
20230130,16,02143,1
20230130,16,02148,1
20230130,16,02159,1
20230130,16,02171,3
20230130,16,02185,1
20230130,16,02198,1
20230130,16,02199,2
20230130,16,03310,1
20230130,17,02112,1
20230130,17,02116,1
20230130,17,02122,2
20230130,17,02128,2
20230130,17,02129,2
20230130,17,02139,1
20230130,17,02148,2
20230130,17,02171,2
20230130,17,02172,3
20230130,17,02178,1
20230130,17,02179,2
20230130,17,02186,2
20230130,17,02191,1
20230130,17,03311,2
20230130,18,02112,1
20230130,18,02116,2
20230130,18,02122,1
20230130,18,02129,1
20230130,18,02130,1
20230130,18,02148,1
20230130,18,02171,7
20230130,18,02172,2
20230130,18,02179,2
20230130,18,02185,2
20230130,18,02186,1
20230130,18,02191,1
20230130,18,02198,1
20230130,18,03310,1
20230130,18,03311,4
20230130,18,03802,2
20230130,19,02111,2
20230130,19,02112,2
20230130,19,02116,2
20230130,19,02122,1
20230130,19,02128,3
20230130,19,02139,2
20230130,19,02159,1
20230130,19,02171,1
20230130,19,02185,1
20230130,19,02186,3
20230130,19,02191,1
20230130,19,02198,1
20230130,19,02199,1
20230130,19,03311,3
20230130,19,03802,1
20230130,2,02185,1
20230130,20,02111,3
20230130,20,02112,1
20230130,20,02116,1
20230130,20,02122,1
20230130,20,02129,1
20230130,20,02130,1
20230130,20,02143,1
20230130,20,02148,2
20230130,20,02171,5
20230130,20,02179,2
20230130,20,02198,2
20230130,20,03310,1
20230130,20,03311,1
20230130,21,02111,2
20230130,21,02112,3
20230130,21,02116,1
20230130,21,02122,2
20230130,21,02130,1
20230130,21,02139,1
20230130,21,02143,1
20230130,21,02148,1
20230130,21,02171,4
20230130,21,02179,3
20230130,21,03802,1
20230130,22,02111,2
20230130,22,02116,1
20230130,22,02122,1
20230130,22,02148,3
20230130,22,02171,1
20230130,22,02179,3
20230130,22,02185,1
20230130,22,02191,1
20230130,22,02198,1
20230130,22,03310,1
20230130,22,03311,1
20230130,23,02111,2
20230130,23,02116,2
20230130,23,02128,1
20230130,23,02171,2
20230130,23,02185,1
20230130,23,03311,1
20230130,4,02122,1
20230130,4,02139,1
20230130,4,02171,1
20230130,4,03311,1
20230130,5,02128,1
20230130,5,02185,1
20230130,5,02186,1
20230130,5,02198,1
20230130,6,02148,1
20230130,6,02179,1
20230130,7,02116,1
20230130,7,02122,1
20230130,7,02148,1
20230130,7,02171,1
20230130,7,02185,4
20230130,7,02186,1
20230130,7,03311,1
20230130,7,03802,1
20230130,8,02111,1
20230130,8,02116,1
20230130,8,02128,1
20230130,8,02148,1
20230130,8,02171,3
20230130,8,02191,1
20230130,8,02198,1
20230130,8,03802,3
20230130,9,02116,1
20230130,9,02148,1
20230130,9,02171,1
20230130,9,02185,1
20230130,9,02198,1
20230130,9,03311,3
20230130,9,03802,4
20230131,0,02111,1
20230131,0,02116,1
20230131,0,02122,1
20230131,0,02128,1
20230131,0,02148,2
20230131,0,02191,1
20230131,0,03311,1
20230131,1,02111,2
20230131,1,02171,1
20230131,1,02172,1
20230131,1,02185,2
20230131,1,03311,1
20230131,10,02128,1
20230131,10,02129,1
20230131,10,02148,1
20230131,10,02178,1
20230131,10,02191,1
20230131,10,03311,1
20230131,11,02111,1
20230131,11,02112,1
20230131,11,02122,1
20230131,11,02128,1
20230131,11,02129,1
20230131,11,02139,2
20230131,11,02143,1
20230131,11,02148,2
20230131,11,02171,1
20230131,11,02178,1
20230131,11,02179,2
20230131,11,02186,1
20230131,11,02191,1
20230131,11,03311,2
20230131,11,03802,1
20230131,12,02111,1
20230131,12,02112,1
20230131,12,02122,1
20230131,12,02128,1
20230131,12,02129,1
20230131,12,02171,3
20230131,12,02172,1
20230131,12,02179,1
20230131,12,02191,3
20230131,12,02198,1
20230131,12,03311,2
20230131,13,02111,1
20230131,13,02122,3
20230131,13,02128,1
20230131,13,02159,1
20230131,13,02171,1
20230131,13,02179,1
20230131,13,02186,1
20230131,13,02191,1
20230131,13,02198,3
20230131,13,03311,2
20230131,14,02116,2
20230131,14,02128,2
20230131,14,02129,2
20230131,14,02143,2
20230131,14,02171,1
20230131,14,02178,1
20230131,14,02185,1
20230131,14,02186,2
20230131,14,02198,2
20230131,14,03311,2
20230131,15,02112,1
20230131,15,02128,1
20230131,15,02129,2
20230131,15,02148,2
20230131,15,02171,3
20230131,15,02172,1
20230131,15,02178,1
20230131,15,02179,3
20230131,15,02185,3
20230131,15,02191,1
20230131,15,03311,1
20230131,16,02111,2
20230131,16,02128,1
20230131,16,02139,1
20230131,16,02148,1
20230131,16,02171,2
20230131,16,02178,1
20230131,16,02179,3
20230131,16,02191,1
20230131,16,03311,3
20230131,17,02116,1
20230131,17,02122,3
20230131,17,02130,1
20230131,17,02139,1
20230131,17,02148,1
20230131,17,02171,1
20230131,17,02172,1
20230131,17,02178,1
20230131,17,02179,2
20230131,17,02191,1
20230131,17,02198,1
20230131,17,03311,1
20230131,18,02111,3
20230131,18,02112,1
20230131,18,02128,2
20230131,18,02129,1
20230131,18,02130,1
20230131,18,02139,1
20230131,18,02148,1
20230131,18,02171,6
20230131,18,02172,1
20230131,18,02179,1
20230131,18,02185,1
20230131,18,02191,2
20230131,18,02198,1
20230131,18,03311,2
20230131,19,02111,2
20230131,19,02112,1
20230131,19,02116,3
20230131,19,02122,4
20230131,19,02128,1
20230131,19,02139,1
20230131,19,02143,1
20230131,19,02171,3
20230131,19,02172,1
20230131,19,02179,1
20230131,19,02186,2
20230131,19,02191,1
20230131,19,02198,2
20230131,19,03311,4
20230131,19,03802,3
20230131,2,02128,1
20230131,2,02179,1
20230131,2,02198,2
20230131,20,02111,3
20230131,20,02112,2
20230131,20,02116,1
20230131,20,02122,2
20230131,20,02129,1
20230131,20,02139,3
20230131,20,02171,1
20230131,20,02172,1
20230131,20,02179,9
20230131,20,02185,1
20230131,20,02186,1
20230131,20,02198,3
20230131,20,03802,2
20230131,21,02111,2
20230131,21,02116,1
20230131,21,02122,2
20230131,21,02139,1
20230131,21,02148,1
20230131,21,02171,3
20230131,21,02178,1
20230131,21,02179,1
20230131,21,02185,1
20230131,21,02186,1
20230131,21,02198,6
20230131,21,02199,1
20230131,21,03311,2
20230131,21,03802,3
20230131,22,02111,3
20230131,22,02112,1
20230131,22,02139,1
20230131,22,02143,1
20230131,22,02148,1
20230131,22,02171,2
20230131,22,02178,2
20230131,22,02179,4
20230131,22,02185,1
20230131,22,02186,1
20230131,22,02191,1
20230131,22,02198,1
20230131,22,03311,4
20230131,22,03802,1
20230131,23,02111,6
20230131,23,02116,1
20230131,23,02122,3
20230131,23,02128,1
20230131,23,02171,2
20230131,23,02179,4
20230131,23,02185,2
20230131,23,02191,3
20230131,23,02198,1
20230131,23,03310,1
20230131,23,03311,1
20230131,3,02179,1
20230131,3,02185,1
20230131,4,02198,1
20230131,4,03311,1
20230131,5,02128,1
20230131,5,03310,1
20230131,6,02111,1
20230131,6,02112,1
20230131,6,02116,1
20230131,6,02143,1
20230131,6,02148,1
20230131,6,02186,1
20230131,7,02116,1
20230131,7,02128,1
20230131,7,02172,1
20230131,7,02186,1
20230131,7,02191,4
20230131,7,03310,3
20230131,7,03802,1
20230131,8,02148,1
20230131,8,02171,1
20230131,8,02172,1
20230131,8,02179,1
20230131,8,02186,4
20230131,8,02191,2
20230131,8,03310,2
20230131,8,03311,1
20230131,8,03802,2
20230131,9,02112,1
20230131,9,02116,1
20230131,9,02128,1
20230131,9,02130,1
20230131,9,02148,1
20230131,9,02171,1
20230131,9,02178,1
20230131,9,02185,1
20230131,9,02198,1
20230131,9,03311,1
