RENT_DATE,RENT_TIME,RENT_ID,CNT
20231001,0,02111,1
20231001,0,02112,1
20231001,0,02116,3
20231001,0,02128,1
20231001,0,02171,4
20231001,0,02172,2
20231001,0,02178,1
20231001,0,02179,5
20231001,0,02185,1
20231001,0,02186,1
20231001,0,02191,1
20231001,0,02198,1
20231001,0,03311,1
20231001,0,03802,1
20231001,1,02112,2
20231001,1,02116,1
20231001,1,02130,1
20231001,1,02139,2
20231001,1,02148,1
20231001,1,02171,3
20231001,1,02179,1
20231001,1,02185,1
20231001,1,02198,1
20231001,1,02199,1
20231001,1,03310,1
20231001,10,02111,1
20231001,10,02139,1
20231001,10,02143,1
20231001,10,02159,1
20231001,10,02185,1
20231001,10,02186,1
20231001,10,02191,4
20231001,10,02198,2
20231001,10,03311,1
20231001,11,02112,2
20231001,11,02116,1
20231001,11,02128,3
20231001,11,02129,1
20231001,11,02139,1
20231001,11,02143,2
20231001,11,02148,1
20231001,11,02159,1
20231001,11,02171,4
20231001,11,02178,1
20231001,11,02179,1
20231001,11,02191,1
20231001,11,02198,1
20231001,11,03311,1
20231001,12,02112,1
20231001,12,02116,2
20231001,12,02122,4
20231001,12,02128,1
20231001,12,02130,1
20231001,12,02139,3
20231001,12,02159,3
20231001,12,02171,2
20231001,12,02172,2
20231001,12,02179,1
20231001,12,02185,1
20231001,12,02198,1
20231001,12,03311,1
20231001,12,03802,1
20231001,13,02111,2
20231001,13,02112,3
20231001,13,02116,3
20231001,13,02122,1
20231001,13,02128,3
20231001,13,02143,1
20231001,13,02159,2
20231001,13,02171,6
20231001,13,02172,8
20231001,13,02178,1
20231001,13,02179,4
20231001,13,02185,1
20231001,13,02198,3
20231001,13,02199,1
20231001,13,03311,2
20231001,13,03802,2
20231001,14,02111,2
20231001,14,02112,2
20231001,14,02116,2
20231001,14,02122,2
20231001,14,02128,2
20231001,14,02129,1
20231001,14,02139,1
20231001,14,02148,2
20231001,14,02159,3
20231001,14,02171,2
20231001,14,02172,5
20231001,14,02178,1
20231001,14,02179,2
20231001,14,02186,1
20231001,14,02191,2
20231001,14,02198,2
20231001,14,03311,1
20231001,15,02111,4
20231001,15,02112,2
20231001,15,02116,2
20231001,15,02122,2
20231001,15,02139,1
20231001,15,02143,1
20231001,15,02148,1
20231001,15,02159,4
20231001,15,02171,2
20231001,15,02172,5
20231001,15,02179,4
20231001,15,02186,2
20231001,15,02198,2
20231001,15,03311,1
20231001,16,02111,5
20231001,16,02112,1
20231001,16,02116,3
20231001,16,02122,1
20231001,16,02128,1
20231001,16,02129,1
20231001,16,02139,3
20231001,16,02148,1
20231001,16,02159,5
20231001,16,02171,5
20231001,16,02172,1
20231001,16,02178,2
20231001,16,02179,1
20231001,16,02186,4
20231001,16,02191,4
20231001,16,03310,1
20231001,16,03802,2
20231001,17,02111,4
20231001,17,02112,3
20231001,17,02116,3
20231001,17,02122,3
20231001,17,02129,1
20231001,17,02130,1
20231001,17,02139,1
20231001,17,02143,1
20231001,17,02148,2
20231001,17,02159,5
20231001,17,02171,5
20231001,17,02172,1
20231001,17,02179,3
20231001,17,02186,3
20231001,17,02191,1
20231001,17,02199,2
20231001,17,03311,2
20231001,17,03802,1
20231001,18,02111,1
20231001,18,02112,4
20231001,18,02116,4
20231001,18,02122,5
20231001,18,02128,1
20231001,18,02129,2
20231001,18,02148,1
20231001,18,02159,1
20231001,18,02171,6
20231001,18,02179,7
20231001,18,02185,1
20231001,18,02186,5
20231001,18,02191,1
20231001,18,02198,3
20231001,18,03311,1
20231001,19,02111,3
20231001,19,02112,4
20231001,19,02116,4
20231001,19,02122,3
20231001,19,02129,1
20231001,19,02139,1
20231001,19,02171,11
20231001,19,02172,1
20231001,19,02179,4
20231001,19,02186,2
20231001,19,02191,1
20231001,19,02198,2
20231001,19,03311,2
20231001,2,02111,2
20231001,2,02122,1
20231001,2,02128,1
20231001,2,02148,1
20231001,2,02179,7
20231001,2,02185,2
20231001,20,02111,1
20231001,20,02112,4
20231001,20,02159,1
20231001,20,02171,2
20231001,20,02179,3
20231001,20,02185,3
20231001,20,02186,2
20231001,20,02191,1
20231001,20,02198,2
20231001,20,02199,1
20231001,20,03310,1
20231001,20,03311,1
20231001,21,02111,1
20231001,21,02112,4
20231001,21,02116,2
20231001,21,02128,2
20231001,21,02139,2
20231001,21,02148,1
20231001,21,02171,7
20231001,21,02172,1
20231001,21,02179,1
20231001,21,02185,2
20231001,21,02191,1
20231001,21,02198,1
20231001,21,02199,1
20231001,21,03310,1
20231001,21,03311,2
20231001,22,02111,1
20231001,22,02112,2
20231001,22,02122,1
20231001,22,02129,1
20231001,22,02143,1
20231001,22,02148,1
20231001,22,02159,1
20231001,22,02171,4
20231001,22,02179,2
20231001,22,02185,2
20231001,22,02191,2
20231001,22,02198,2
20231001,22,02199,1
20231001,22,03311,1
20231001,23,02111,5
20231001,23,02112,1
20231001,23,02116,1
20231001,23,02122,1
20231001,23,02128,2
20231001,23,02148,2
20231001,23,02159,1
20231001,23,02171,5
20231001,23,02172,2
20231001,23,02179,4
20231001,23,02185,2
20231001,23,02186,1
20231001,23,02198,1
20231001,23,03311,1
20231001,3,02112,3
20231001,3,02171,1
20231001,3,03311,1
20231001,5,02122,1
20231001,5,02171,2
20231001,5,02179,1
20231001,6,02171,1
20231001,6,02179,1
20231001,6,02185,1
20231001,6,02186,1
20231001,6,02198,1
20231001,7,02148,1
20231001,7,02185,1
20231001,7,02186,1
20231001,8,02112,1
20231001,8,02139,1
20231001,8,02179,1
20231001,8,02186,1
20231001,8,02191,1
20231001,9,02129,1
20231001,9,02139,3
20231001,9,02143,1
20231001,9,02148,1
20231001,9,02159,2
20231001,9,02171,2
20231001,9,02179,1
20231001,9,02191,1
20231001,9,02198,2
20231002,0,02111,2
20231002,0,02112,1
20231002,0,02116,2
20231002,0,02122,3
20231002,0,02143,1
20231002,0,02148,2
20231002,0,02159,1
20231002,0,02178,1
20231002,0,02179,5
20231002,0,02185,3
20231002,0,02186,1
20231002,0,02191,3
20231002,0,02198,2
20231002,0,03311,2
20231002,1,02111,3
20231002,1,02116,1
20231002,1,02171,3
20231002,1,02179,1
20231002,1,02185,1
20231002,1,02199,2
20231002,1,03311,2
20231002,10,02112,1
20231002,10,02116,2
20231002,10,02128,1
20231002,10,02139,2
20231002,10,02143,1
20231002,10,02148,4
20231002,10,02159,1
20231002,10,02171,3
20231002,10,02172,3
20231002,10,02179,2
20231002,10,02185,2
20231002,10,02191,1
20231002,10,03310,1
20231002,10,03311,1
20231002,11,02112,1
20231002,11,02116,2
20231002,11,02122,1
20231002,11,02128,1
20231002,11,02139,4
20231002,11,02148,4
20231002,11,02159,2
20231002,11,02171,4
20231002,11,02172,3
20231002,11,02178,1
20231002,11,02179,1
20231002,11,02185,1
20231002,11,03310,1
20231002,11,03311,5
20231002,12,02111,4
20231002,12,02112,2
20231002,12,02116,1
20231002,12,02128,1
20231002,12,02130,1
20231002,12,02139,1
20231002,12,02159,1
20231002,12,02171,4
20231002,12,02172,4
20231002,12,02178,2
20231002,12,02185,3
20231002,12,02186,1
20231002,12,02191,1
20231002,12,02199,1
20231002,12,03310,4
20231002,13,02111,5
20231002,13,02112,3
20231002,13,02116,2
20231002,13,02128,2
20231002,13,02130,3
20231002,13,02139,3
20231002,13,02143,1
20231002,13,02148,2
20231002,13,02171,5
20231002,13,02172,2
20231002,13,02178,1
20231002,13,02179,9
20231002,13,02185,1
20231002,13,02191,1
20231002,13,02198,1
20231002,13,03310,3
20231002,13,03311,3
20231002,14,02111,4
20231002,14,02112,8
20231002,14,02116,2
20231002,14,02122,1
20231002,14,02139,1
20231002,14,02143,2
20231002,14,02171,2
20231002,14,02172,2
20231002,14,02178,1
20231002,14,02186,1
20231002,14,02198,2
20231002,14,02199,2
20231002,14,03310,2
20231002,14,03311,4
20231002,15,02111,3
20231002,15,02112,2
20231002,15,02116,4
20231002,15,02122,4
20231002,15,02128,1
20231002,15,02129,2
20231002,15,02130,1
20231002,15,02139,1
20231002,15,02148,3
20231002,15,02159,1
20231002,15,02171,5
20231002,15,02172,1
20231002,15,02179,8
20231002,15,02185,5
20231002,15,02191,1
20231002,15,02198,1
20231002,15,02199,3
20231002,15,03310,4
20231002,15,03311,1
20231002,15,03802,1
20231002,16,02111,5
20231002,16,02112,1
20231002,16,02116,2
20231002,16,02122,3
20231002,16,02128,1
20231002,16,02130,2
20231002,16,02148,1
20231002,16,02159,2
20231002,16,02171,4
20231002,16,02172,1
20231002,16,02178,3
20231002,16,02179,6
20231002,16,02185,1
20231002,16,02186,1
20231002,16,02198,5
20231002,16,02199,2
20231002,16,03311,3
20231002,17,02111,4
20231002,17,02112,9
20231002,17,02116,1
20231002,17,02122,5
20231002,17,02128,1
20231002,17,02171,9
20231002,17,02172,1
20231002,17,02178,4
20231002,17,02179,7
20231002,17,02186,1
20231002,17,02191,1
20231002,17,02198,6
20231002,17,03311,4
20231002,17,03802,1
20231002,18,02111,3
20231002,18,02112,2
20231002,18,02116,2
20231002,18,02122,2
20231002,18,02128,1
20231002,18,02139,1
20231002,18,02148,4
20231002,18,02159,3
20231002,18,02171,3
20231002,18,02172,2
20231002,18,02178,5
20231002,18,02179,2
20231002,18,02186,2
20231002,18,02191,4
20231002,18,02198,1
20231002,18,02199,2
20231002,18,03311,2
20231002,19,02111,3
20231002,19,02112,3
20231002,19,02116,5
20231002,19,02122,2
20231002,19,02128,1
20231002,19,02130,1
20231002,19,02139,1
20231002,19,02143,2
20231002,19,02148,1
20231002,19,02171,6
20231002,19,02172,1
20231002,19,02178,1
20231002,19,02179,3
20231002,19,02191,2
20231002,19,02198,1
20231002,19,02199,1
20231002,19,03310,1
20231002,19,03311,2
20231002,19,03802,1
20231002,2,02111,1
20231002,2,02129,1
20231002,2,02159,1
20231002,2,02179,2
20231002,2,03311,2
20231002,20,02111,1
20231002,20,02112,2
20231002,20,02116,3
20231002,20,02122,2
20231002,20,02128,2
20231002,20,02143,1
20231002,20,02148,1
20231002,20,02171,3
20231002,20,02172,1
20231002,20,02178,1
20231002,20,02179,5
20231002,20,02185,2
20231002,20,02186,2
20231002,20,02198,3
20231002,20,03311,2
20231002,21,02111,3
20231002,21,02116,1
20231002,21,02122,3
20231002,21,02128,3
20231002,21,02148,1
20231002,21,02171,7
20231002,21,02172,2
20231002,21,02178,2
20231002,21,02179,3
20231002,21,02185,2
20231002,21,02186,2
20231002,21,02191,4
20231002,21,03310,1
20231002,21,03311,2
20231002,21,03802,1
20231002,22,02111,1
20231002,22,02112,2
20231002,22,02116,4
20231002,22,02128,1
20231002,22,02130,1
20231002,22,02148,1
20231002,22,02159,1
20231002,22,02171,2
20231002,22,02172,3
20231002,22,02178,2
20231002,22,02179,5
20231002,22,02185,2
20231002,22,02186,2
20231002,22,02191,4
20231002,22,02198,1
20231002,22,03311,2
20231002,23,02111,4
20231002,23,02112,4
20231002,23,02116,3
20231002,23,02122,3
20231002,23,02128,2
20231002,23,02139,1
20231002,23,02143,3
20231002,23,02159,1
20231002,23,02171,1
20231002,23,02172,1
20231002,23,02179,2
20231002,23,02185,1
20231002,23,02191,3
20231002,23,02198,1
20231002,23,03311,1
20231002,3,02111,1
20231002,3,02122,1
20231002,3,02129,1
20231002,3,02171,2
20231002,3,02179,1
20231002,4,02112,2
20231002,4,02128,1
20231002,4,02171,1
20231002,4,02179,2
20231002,4,02185,1
20231002,5,02122,1
20231002,5,02148,1
20231002,5,02171,1
20231002,5,02186,3
20231002,6,02111,1
20231002,6,02129,1
20231002,6,02148,1
20231002,6,02171,1
20231002,6,02198,1
20231002,7,02128,1
20231002,7,02139,2
20231002,7,02171,5
20231002,7,02179,2
20231002,7,02185,1
20231002,7,02186,1
20231002,7,03311,1
20231002,8,02111,1
20231002,8,02128,1
20231002,8,02143,2
20231002,8,02148,2
20231002,8,02159,3
20231002,8,02172,1
20231002,8,02179,2
20231002,8,02185,3
20231002,8,02186,1
20231002,8,02191,3
20231002,8,02198,1
20231002,8,03311,1
20231002,9,02122,2
20231002,9,02128,3
20231002,9,02129,1
20231002,9,02139,2
20231002,9,02143,1
20231002,9,02171,5
20231002,9,02179,1
20231002,9,02185,2
20231002,9,02198,2
20231002,9,03310,1
20231003,0,02111,1
20231003,0,02112,1
20231003,0,02139,2
20231003,0,02143,1
20231003,0,02171,3
20231003,0,02172,1
20231003,0,02178,1
20231003,0,02179,5
20231003,0,02186,2
20231003,0,02191,3
20231003,1,02112,1
20231003,1,02130,1
20231003,1,02139,2
20231003,1,02143,2
20231003,1,02148,1
20231003,1,02171,1
20231003,1,02191,1
20231003,1,02198,5
20231003,1,02199,1
20231003,1,03310,1
20231003,10,02111,5
20231003,10,02112,5
20231003,10,02128,2
20231003,10,02130,1
20231003,10,02139,3
20231003,10,02148,3
20231003,10,02171,3
20231003,10,02172,1
20231003,10,02178,3
20231003,10,02179,3
20231003,10,02185,3
20231003,10,02186,1
20231003,10,02191,2
20231003,10,03310,2
20231003,10,03311,2
20231003,11,02111,2
20231003,11,02112,1
20231003,11,02116,3
20231003,11,02122,2
20231003,11,02128,1
20231003,11,02129,1
20231003,11,02130,1
20231003,11,02139,2
20231003,11,02143,2
20231003,11,02148,1
20231003,11,02171,4
20231003,11,02178,1
20231003,11,02179,4
20231003,11,02185,4
20231003,11,02186,1
20231003,11,02198,1
20231003,11,02199,2
20231003,11,03802,1
20231003,12,02111,9
20231003,12,02112,6
20231003,12,02116,1
20231003,12,02122,2
20231003,12,02128,1
20231003,12,02139,1
20231003,12,02143,1
20231003,12,02171,2
20231003,12,02178,1
20231003,12,02179,4
20231003,12,02185,3
20231003,12,02186,4
20231003,12,02191,1
20231003,12,02199,2
20231003,12,03311,2
20231003,12,03802,1
20231003,13,02111,4
20231003,13,02112,1
20231003,13,02116,3
20231003,13,02129,1
20231003,13,02139,3
20231003,13,02143,2
20231003,13,02148,2
20231003,13,02171,1
20231003,13,02172,1
20231003,13,02178,2
20231003,13,02179,3
20231003,13,02185,1
20231003,13,02186,1
20231003,13,02191,2
20231003,13,02198,2
20231003,13,03311,6
20231003,13,03802,1
20231003,14,02111,7
20231003,14,02116,1
20231003,14,02122,4
20231003,14,02128,1
20231003,14,02129,1
20231003,14,02143,1
20231003,14,02148,2
20231003,14,02159,1
20231003,14,02171,2
20231003,14,02172,3
20231003,14,02186,2
20231003,14,02191,5
20231003,14,02198,2
20231003,14,02199,1
20231003,14,03311,7
20231003,14,03802,2
20231003,15,02111,5
20231003,15,02112,5
20231003,15,02116,3
20231003,15,02122,1
20231003,15,02129,1
20231003,15,02130,4
20231003,15,02159,1
20231003,15,02171,8
20231003,15,02172,5
20231003,15,02179,3
20231003,15,02185,3
20231003,15,02191,1
20231003,15,02198,3
20231003,15,03310,3
20231003,15,03311,6
20231003,16,02111,9
20231003,16,02112,9
20231003,16,02116,7
20231003,16,02122,2
20231003,16,02128,1
20231003,16,02129,1
20231003,16,02130,10
20231003,16,02148,5
20231003,16,02171,13
20231003,16,02172,6
20231003,16,02178,5
20231003,16,02179,3
20231003,16,02185,1
20231003,16,02186,1
20231003,16,02191,3
20231003,16,02198,2
20231003,16,03310,3
20231003,16,03311,5
20231003,16,03802,1
20231003,17,02111,5
20231003,17,02112,6
20231003,17,02116,4
20231003,17,02122,3
20231003,17,02128,3
20231003,17,02129,2
20231003,17,02130,1
20231003,17,02143,1
20231003,17,02148,5
20231003,17,02159,1
20231003,17,02171,11
20231003,17,02172,2
20231003,17,02178,7
20231003,17,02179,4
20231003,17,02185,1
20231003,17,02186,1
20231003,17,02191,1
20231003,17,03310,6
20231003,17,03311,6
20231003,18,02111,7
20231003,18,02112,8
20231003,18,02116,1
20231003,18,02122,2
20231003,18,02129,2
20231003,18,02139,3
20231003,18,02143,1
20231003,18,02148,5
20231003,18,02171,6
20231003,18,02178,2
20231003,18,02179,4
20231003,18,02185,4
20231003,18,02191,1
20231003,18,02198,3
20231003,18,02199,1
20231003,18,03310,2
20231003,18,03311,3
20231003,18,03802,2
20231003,19,02111,3
20231003,19,02112,3
20231003,19,02116,3
20231003,19,02122,1
20231003,19,02128,4
20231003,19,02139,4
20231003,19,02148,1
20231003,19,02171,7
20231003,19,02178,4
20231003,19,02179,7
20231003,19,02185,3
20231003,19,02186,2
20231003,19,02191,3
20231003,19,02198,3
20231003,19,03311,2
20231003,19,03802,3
20231003,2,02111,1
20231003,2,02116,1
20231003,2,02122,1
20231003,2,02148,1
20231003,2,02171,1
20231003,2,02179,1
20231003,2,02185,1
20231003,2,02186,1
20231003,2,02191,1
20231003,2,02198,1
20231003,20,02111,3
20231003,20,02112,2
20231003,20,02116,2
20231003,20,02129,2
20231003,20,02143,1
20231003,20,02148,3
20231003,20,02171,3
20231003,20,02185,1
20231003,20,02186,6
20231003,20,02198,2
20231003,20,03311,5
20231003,21,02111,4
20231003,21,02112,3
20231003,21,02116,2
20231003,21,02122,5
20231003,21,02128,1
20231003,21,02129,2
20231003,21,02139,2
20231003,21,02143,1
20231003,21,02148,2
20231003,21,02159,1
20231003,21,02171,6
20231003,21,02172,2
20231003,21,02178,1
20231003,21,02179,4
20231003,21,02185,1
20231003,21,02186,3
20231003,21,02191,2
20231003,21,02198,4
20231003,21,03310,1
20231003,21,03311,2
20231003,21,03802,1
20231003,22,02111,2
20231003,22,02112,2
20231003,22,02116,5
20231003,22,02122,3
20231003,22,02128,1
20231003,22,02139,3
20231003,22,02148,2
20231003,22,02171,3
20231003,22,02172,1
20231003,22,02178,1
20231003,22,02179,5
20231003,22,02185,3
20231003,22,02191,4
20231003,22,02198,3
20231003,22,03802,1
20231003,23,02111,3
20231003,23,02112,2
20231003,23,02128,1
20231003,23,02139,2
20231003,23,02148,1
20231003,23,02171,7
20231003,23,02172,1
20231003,23,02178,2
20231003,23,02179,2
20231003,23,02185,1
20231003,23,02186,2
20231003,23,02191,2
20231003,23,02198,1
20231003,23,03311,1
20231003,3,02112,1
20231003,3,02116,1
20231003,3,02178,1
20231003,3,02179,2
20231003,3,02191,1
20231003,3,02199,1
20231003,4,02191,2
20231003,4,02198,1
20231003,4,02199,1
20231003,5,02122,1
20231003,5,02139,2
20231003,5,02143,1
20231003,5,02148,1
20231003,5,02179,1
20231003,5,02186,1
20231003,5,02198,1
20231003,6,02116,1
20231003,6,02128,1
20231003,6,02143,1
20231003,6,02171,2
20231003,6,02179,1
20231003,6,02198,1
20231003,7,02112,2
20231003,7,02116,1
20231003,7,02128,1
20231003,7,02129,1
20231003,7,02139,2
20231003,7,02159,2
20231003,7,02171,2
20231003,7,02185,1
20231003,7,02198,1
20231003,7,03311,1
20231003,8,02116,1
20231003,8,02139,1
20231003,8,02143,1
20231003,8,02172,1
20231003,8,02185,1
20231003,8,02186,1
20231003,8,02191,3
20231003,8,02198,1
20231003,9,02111,1
20231003,9,02112,1
20231003,9,02116,3
20231003,9,02143,1
20231003,9,02148,2
20231003,9,02171,3
20231003,9,02179,4
20231003,9,02186,3
20231003,9,02191,1
20231003,9,02199,1
20231003,9,03310,1
20231003,9,03311,2
20231003,9,03802,1
20231004,0,02111,2
20231004,0,02112,1
20231004,0,02116,3
20231004,0,02122,1
20231004,0,02128,1
20231004,0,02171,4
20231004,0,02179,3
20231004,0,02185,1
20231004,0,02186,2
20231004,0,02191,4
20231004,0,03310,3
20231004,0,03311,1
20231004,1,02112,2
20231004,1,02122,1
20231004,1,02128,1
20231004,1,02171,4
20231004,1,02172,1
20231004,1,02178,1
20231004,1,02179,2
20231004,1,02185,2
20231004,1,02186,1
20231004,1,02191,2
20231004,10,02111,1
20231004,10,02112,1
20231004,10,02122,1
20231004,10,02128,2
20231004,10,02139,1
20231004,10,02171,2
20231004,10,02178,2
20231004,10,02186,1
20231004,10,02198,1
20231004,10,03311,1
20231004,10,03802,1
20231004,11,02111,2
20231004,11,02112,3
20231004,11,02116,1
20231004,11,02128,3
20231004,11,02130,3
20231004,11,02139,1
20231004,11,02159,1
20231004,11,02171,3
20231004,11,02179,2
20231004,11,02185,1
20231004,11,02186,1
20231004,11,03311,3
20231004,11,03802,1
20231004,12,02111,2
20231004,12,02112,1
20231004,12,02116,1
20231004,12,02122,1
20231004,12,02128,2
20231004,12,02130,1
20231004,12,02148,3
20231004,12,02159,5
20231004,12,02171,7
20231004,12,02178,4
20231004,12,02179,1
20231004,12,02185,2
20231004,12,02186,3
20231004,12,02191,1
20231004,12,03311,5
20231004,13,02111,4
20231004,13,02112,3
20231004,13,02116,1
20231004,13,02122,1
20231004,13,02143,2
20231004,13,02148,4
20231004,13,02171,3
20231004,13,02178,1
20231004,13,02179,2
20231004,13,02185,2
20231004,13,03311,2
20231004,14,02111,1
20231004,14,02112,4
20231004,14,02122,2
20231004,14,02128,4
20231004,14,02130,4
20231004,14,02148,3
20231004,14,02171,6
20231004,14,02179,1
20231004,14,02186,3
20231004,14,02191,2
20231004,14,02198,1
20231004,14,03311,8
20231004,14,03802,1
20231004,15,02111,4
20231004,15,02112,3
20231004,15,02116,2
20231004,15,02122,1
20231004,15,02128,3
20231004,15,02130,1
20231004,15,02148,2
20231004,15,02171,4
20231004,15,02172,1
20231004,15,02179,3
20231004,15,02186,1
20231004,15,02191,3
20231004,15,02198,3
20231004,15,03310,2
20231004,15,03311,3
20231004,16,02111,2
20231004,16,02112,3
20231004,16,02116,2
20231004,16,02122,3
20231004,16,02128,2
20231004,16,02129,1
20231004,16,02139,2
20231004,16,02143,1
20231004,16,02148,1
20231004,16,02171,3
20231004,16,02186,2
20231004,16,02191,1
20231004,16,03310,2
20231004,16,03311,1
20231004,17,02171,1
20231004,18,02111,3
20231004,18,02112,2
20231004,18,02148,1
20231004,18,02171,2
20231004,18,02178,1
20231004,18,02179,1
20231004,18,02185,1
20231004,18,02186,1
20231004,18,02191,1
20231004,19,02111,1
20231004,19,02112,1
20231004,19,02116,1
20231004,19,02129,4
20231004,19,02148,1
20231004,19,02159,1
20231004,19,02171,2
20231004,19,02178,1
20231004,19,02179,2
20231004,19,02186,2
20231004,19,02191,2
20231004,19,02198,3
20231004,19,03310,2
20231004,19,03311,3
20231004,19,03802,1
20231004,2,02111,2
20231004,2,02112,1
20231004,2,02122,1
20231004,2,02139,1
20231004,2,02143,1
20231004,2,02179,1
20231004,2,02185,1
20231004,2,02186,1
20231004,2,02198,1
20231004,2,02199,1
20231004,20,02111,2
20231004,20,02112,2
20231004,20,02116,2
20231004,20,02122,4
20231004,20,02129,1
20231004,20,02148,1
20231004,20,02171,8
20231004,20,02172,1
20231004,20,02179,1
20231004,20,02185,2
20231004,20,02186,1
20231004,20,03310,1
20231004,20,03311,2
20231004,20,03802,4
20231004,21,02111,4
20231004,21,02112,1
20231004,21,02116,3
20231004,21,02122,1
20231004,21,02129,7
20231004,21,02148,2
20231004,21,02159,2
20231004,21,02171,1
20231004,21,02178,1
20231004,21,02179,3
20231004,21,02186,1
20231004,21,02198,1
20231004,21,02199,1
20231004,21,03311,5
20231004,21,03802,2
20231004,22,02111,1
20231004,22,02112,2
20231004,22,02116,5
20231004,22,02129,1
20231004,22,02130,1
20231004,22,02171,1
20231004,22,02172,1
20231004,22,02179,3
20231004,22,02186,8
20231004,22,02191,3
20231004,22,02198,1
20231004,22,03310,2
20231004,22,03311,2
20231004,23,02111,1
20231004,23,02112,1
20231004,23,02116,1
20231004,23,02128,2
20231004,23,02129,2
20231004,23,02139,1
20231004,23,02143,1
20231004,23,02148,1
20231004,23,02159,1
20231004,23,02171,5
20231004,23,02172,1
20231004,23,02179,1
20231004,23,02185,1
20231004,23,02191,3
20231004,23,03310,1
20231004,23,03311,4
20231004,3,02178,2
20231004,3,02191,1
20231004,4,02129,1
20231004,4,02148,1
20231004,4,02179,3
20231004,4,02185,2
20231004,4,02186,1
20231004,5,02122,2
20231004,5,02128,1
20231004,5,02148,1
20231004,5,02171,2
20231004,5,02179,1
20231004,5,02185,1
20231004,5,02186,3
20231004,5,02198,1
20231004,6,02129,3
20231004,6,02139,1
20231004,6,02143,1
20231004,6,02148,1
20231004,6,02171,1
20231004,6,02191,2
20231004,6,03310,2
20231004,6,03802,1
20231004,7,02111,1
20231004,7,02122,2
20231004,7,02128,1
20231004,7,02129,1
20231004,7,02139,5
20231004,7,02143,1
20231004,7,02148,1
20231004,7,02159,1
20231004,7,02171,1
20231004,7,02172,1
20231004,7,02179,1
20231004,7,02185,1
20231004,7,02186,1
20231004,7,02191,1
20231004,7,03310,7
20231004,7,03311,1
20231004,7,03802,6
20231004,8,02111,2
20231004,8,02112,3
20231004,8,02128,3
20231004,8,02139,2
20231004,8,02148,5
20231004,8,02159,3
20231004,8,02171,1
20231004,8,02172,1
20231004,8,02179,5
20231004,8,02186,2
20231004,8,02191,2
20231004,8,03310,4
20231004,8,03311,5
20231004,8,03802,3
20231004,9,02111,2
20231004,9,02112,1
20231004,9,02116,2
20231004,9,02122,2
20231004,9,02128,1
20231004,9,02129,2
20231004,9,02130,1
20231004,9,02139,1
20231004,9,02143,1
20231004,9,02148,1
20231004,9,02171,5
20231004,9,02178,1
20231004,9,02179,4
20231004,9,02185,3
20231004,9,02191,1
20231004,9,02198,1
20231004,9,02199,2
20231004,9,03310,7
20231004,9,03311,2
20231004,9,03802,1
20231005,0,02111,2
20231005,0,02112,2
20231005,0,02139,1
20231005,0,02143,1
20231005,0,02148,2
20231005,0,02171,1
20231005,0,02179,3
20231005,0,02198,1
20231005,1,02116,3
20231005,1,02128,2
20231005,1,02139,1
20231005,1,02159,1
20231005,1,02171,1
20231005,1,02179,2
20231005,1,02185,1
20231005,1,02198,2
20231005,1,03311,1
20231005,10,02111,4
20231005,10,02128,2
20231005,10,02129,1
20231005,10,02148,2
20231005,10,02171,1
20231005,10,02178,1
20231005,10,02179,1
20231005,10,02186,1
20231005,10,02191,1
20231005,10,02198,1
20231005,10,02199,2
20231005,10,03311,4
20231005,10,03802,4
20231005,11,02111,2
20231005,11,02112,2
20231005,11,02122,3
20231005,11,02128,1
20231005,11,02129,1
20231005,11,02130,1
20231005,11,02139,1
20231005,11,02159,2
20231005,11,02171,2
20231005,11,02172,1
20231005,11,02179,2
20231005,11,02185,2
20231005,11,02186,1
20231005,11,02191,1
20231005,11,02198,1
20231005,11,02199,1
20231005,11,03311,2
20231005,11,03802,3
20231005,12,02111,6
20231005,12,02112,2
20231005,12,02116,2
20231005,12,02122,3
20231005,12,02129,3
20231005,12,02130,3
20231005,12,02148,2
20231005,12,02171,2
20231005,12,02172,1
20231005,12,02178,3
20231005,12,02179,3
20231005,12,02186,1
20231005,12,02191,3
20231005,12,02198,2
20231005,12,03311,2
20231005,13,02111,3
20231005,13,02112,3
20231005,13,02116,1
20231005,13,02122,1
20231005,13,02128,2
20231005,13,02129,1
20231005,13,02148,6
20231005,13,02171,9
20231005,13,02172,1
20231005,13,02185,1
20231005,13,02186,2
20231005,13,02198,3
20231005,13,03311,2
20231005,14,02111,4
20231005,14,02112,3
20231005,14,02116,2
20231005,14,02122,2
20231005,14,02128,2
20231005,14,02129,2
20231005,14,02148,2
20231005,14,02171,1
20231005,14,02172,1
20231005,14,02179,2
20231005,14,02185,3
20231005,14,02186,2
20231005,14,02191,1
20231005,14,02198,1
20231005,14,03311,1
20231005,14,03802,1
20231005,15,02111,8
20231005,15,02112,2
20231005,15,02116,2
20231005,15,02122,3
20231005,15,02128,1
20231005,15,02129,1
20231005,15,02143,1
20231005,15,02148,2
20231005,15,02171,3
20231005,15,02179,2
20231005,15,02185,1
20231005,15,02186,1
20231005,15,02191,1
20231005,15,02198,2
20231005,15,03311,2
20231005,16,02111,5
20231005,16,02112,4
20231005,16,02116,5
20231005,16,02122,5
20231005,16,02128,2
20231005,16,02129,2
20231005,16,02148,3
20231005,16,02171,6
20231005,16,02172,2
20231005,16,02178,1
20231005,16,02179,3
20231005,16,02186,1
20231005,16,02198,2
20231005,16,02199,1
20231005,16,03311,2
20231005,17,02111,3
20231005,17,02112,4
20231005,17,02116,2
20231005,17,02122,2
20231005,17,02128,1
20231005,17,02129,3
20231005,17,02130,2
20231005,17,02139,1
20231005,17,02148,1
20231005,17,02171,2
20231005,17,02172,1
20231005,17,02178,1
20231005,17,02179,5
20231005,17,02185,2
20231005,17,02186,1
20231005,17,02191,3
20231005,17,02198,4
20231005,17,03311,4
20231005,18,02111,3
20231005,18,02112,8
20231005,18,02116,4
20231005,18,02122,3
20231005,18,02128,1
20231005,18,02129,4
20231005,18,02130,1
20231005,18,02139,3
20231005,18,02148,6
20231005,18,02159,2
20231005,18,02171,10
20231005,18,02178,2
20231005,18,02179,8
20231005,18,02185,1
20231005,18,02186,3
20231005,18,02191,1
20231005,18,02198,7
20231005,18,03310,1
20231005,18,03311,11
20231005,18,03802,1
20231005,19,02111,6
20231005,19,02112,5
20231005,19,02116,2
20231005,19,02122,2
20231005,19,02128,1
20231005,19,02129,2
20231005,19,02139,2
20231005,19,02143,1
20231005,19,02148,4
20231005,19,02159,1
20231005,19,02171,9
20231005,19,02172,1
20231005,19,02179,9
20231005,19,02185,3
20231005,19,02186,2
20231005,19,02191,1
20231005,19,02198,3
20231005,19,02199,1
20231005,19,03310,1
20231005,19,03311,5
20231005,19,03802,1
20231005,2,02122,1
20231005,2,02128,1
20231005,2,02198,2
20231005,20,02111,3
20231005,20,02112,4
20231005,20,02116,3
20231005,20,02122,5
20231005,20,02128,1
20231005,20,02139,2
20231005,20,02143,2
20231005,20,02148,1
20231005,20,02159,1
20231005,20,02171,7
20231005,20,02179,5
20231005,20,02185,1
20231005,20,02186,2
20231005,20,02191,3
20231005,20,02198,2
20231005,20,03311,1
20231005,20,03802,4
20231005,21,02111,8
20231005,21,02112,5
20231005,21,02116,1
20231005,21,02122,1
20231005,21,02128,1
20231005,21,02129,1
20231005,21,02130,2
20231005,21,02148,5
20231005,21,02171,6
20231005,21,02172,2
20231005,21,02179,4
20231005,21,02185,5
20231005,21,02186,3
20231005,21,02191,3
20231005,21,02198,2
20231005,21,03311,3
20231005,21,03802,2
20231005,22,02111,3
20231005,22,02112,5
20231005,22,02116,2
20231005,22,02122,2
20231005,22,02128,3
20231005,22,02130,1
20231005,22,02139,2
20231005,22,02143,1
20231005,22,02148,5
20231005,22,02159,1
20231005,22,02171,7
20231005,22,02172,1
20231005,22,02179,5
20231005,22,02185,2
20231005,22,02186,2
20231005,22,02191,2
20231005,22,02198,1
20231005,22,03802,2
20231005,23,02111,3
20231005,23,02112,2
20231005,23,02122,1
20231005,23,02128,1
20231005,23,02129,1
20231005,23,02139,1
20231005,23,02143,1
20231005,23,02171,1
20231005,23,02172,1
20231005,23,02179,1
20231005,23,02185,2
20231005,23,02191,3
20231005,23,02198,2
20231005,23,03311,2
20231005,3,02179,2
20231005,4,02111,1
20231005,4,02128,1
20231005,4,02129,2
20231005,4,02148,1
20231005,4,02179,1
20231005,5,02116,1
20231005,5,02122,3
20231005,5,02128,1
20231005,5,02143,1
20231005,5,02148,1
20231005,5,02171,1
20231005,5,02186,2
20231005,5,02198,2
20231005,5,03310,1
20231005,6,02111,3
20231005,6,02129,1
20231005,6,02139,1
20231005,6,02148,2
20231005,6,02179,3
20231005,6,02186,1
20231005,6,02191,2
20231005,6,03310,1
20231005,6,03311,1
20231005,6,03802,1
20231005,7,02111,1
20231005,7,02116,1
20231005,7,02128,1
20231005,7,02139,1
20231005,7,02148,3
20231005,7,02159,1
20231005,7,02171,3
20231005,7,02179,3
20231005,7,02185,4
20231005,7,02186,4
20231005,7,02191,1
20231005,7,02198,2
20231005,7,03310,2
20231005,7,03311,4
20231005,7,03802,7
20231005,8,02111,2
20231005,8,02122,1
20231005,8,02128,1
20231005,8,02129,2
20231005,8,02143,4
20231005,8,02148,5
20231005,8,02159,4
20231005,8,02171,4
20231005,8,02178,1
20231005,8,02179,6
20231005,8,02185,1
20231005,8,02186,1
20231005,8,02191,1
20231005,8,02198,1
20231005,8,03310,1
20231005,8,03311,1
20231005,8,03802,8
20231005,9,02111,3
20231005,9,02112,2
20231005,9,02116,1
20231005,9,02122,1
20231005,9,02128,3
20231005,9,02129,2
20231005,9,02143,1
20231005,9,02148,4
20231005,9,02171,6
20231005,9,02178,2
20231005,9,02179,4
20231005,9,02185,2
20231005,9,03310,1
20231005,9,03311,2
20231005,9,03802,4
20231006,0,02111,1
20231006,0,02112,2
20231006,0,02116,2
20231006,0,02129,1
20231006,0,02148,2
20231006,0,02171,1
20231006,0,02179,1
20231006,0,02185,2
20231006,0,02186,1
20231006,0,02191,4
20231006,0,02198,2
20231006,0,03311,1
20231006,1,02111,2
20231006,1,02112,2
20231006,1,02116,1
20231006,1,02122,1
20231006,1,02148,1
20231006,1,02159,1
20231006,1,02171,5
20231006,1,02179,3
20231006,1,02185,2
20231006,1,02186,1
20231006,10,02111,3
20231006,10,02116,1
20231006,10,02122,4
20231006,10,02128,1
20231006,10,02129,1
20231006,10,02130,1
20231006,10,02139,2
20231006,10,02143,1
20231006,10,02148,1
20231006,10,02171,2
20231006,10,02172,2
20231006,10,02178,1
20231006,10,02179,2
20231006,10,02185,1
20231006,10,02186,2
20231006,10,02198,1
20231006,10,03310,1
20231006,10,03311,1
20231006,10,03802,3
20231006,11,02111,2
20231006,11,02122,2
20231006,11,02128,3
20231006,11,02129,1
20231006,11,02148,2
20231006,11,02171,1
20231006,11,02172,2
20231006,11,02179,4
20231006,11,02185,2
20231006,11,02186,1
20231006,11,02191,1
20231006,11,02198,1
20231006,11,03310,2
20231006,11,03311,2
20231006,11,03802,1
20231006,12,02112,4
20231006,12,02122,2
20231006,12,02128,1
20231006,12,02129,5
20231006,12,02130,1
20231006,12,02148,4
20231006,12,02171,4
20231006,12,02172,3
20231006,12,02178,1
20231006,12,02179,2
20231006,12,02185,1
20231006,12,02186,3
20231006,12,02198,3
20231006,12,02199,2
20231006,12,03310,1
20231006,12,03311,4
20231006,13,02111,8
20231006,13,02112,1
20231006,13,02122,2
20231006,13,02129,5
20231006,13,02139,1
20231006,13,02148,2
20231006,13,02159,1
20231006,13,02171,3
20231006,13,02172,3
20231006,13,02178,5
20231006,13,02179,1
20231006,13,02185,1
20231006,13,02186,1
20231006,13,02191,3
20231006,13,02198,1
20231006,13,03310,4
20231006,13,03311,3
20231006,13,03802,1
20231006,14,02111,2
20231006,14,02112,2
20231006,14,02122,1
20231006,14,02128,1
20231006,14,02139,2
20231006,14,02148,2
20231006,14,02159,2
20231006,14,02171,3
20231006,14,02172,2
20231006,14,02178,1
20231006,14,02179,2
20231006,14,02186,2
20231006,14,02191,2
20231006,14,02198,1
20231006,14,03310,1
20231006,14,03311,1
20231006,14,03802,1
20231006,15,02111,10
20231006,15,02116,2
20231006,15,02122,3
20231006,15,02128,1
20231006,15,02129,1
20231006,15,02148,5
20231006,15,02159,1
20231006,15,02171,4
20231006,15,02172,1
20231006,15,02178,1
20231006,15,02185,1
20231006,15,02191,2
20231006,15,02198,1
20231006,15,03311,4
20231006,16,02111,6
20231006,16,02112,3
20231006,16,02116,2
20231006,16,02122,6
20231006,16,02128,3
20231006,16,02129,3
20231006,16,02148,2
20231006,16,02159,1
20231006,16,02171,3
20231006,16,02172,2
20231006,16,02179,1
20231006,16,02185,2
20231006,16,02186,1
20231006,16,03310,3
20231006,16,03311,4
20231006,17,02111,4
20231006,17,02116,2
20231006,17,02129,2
20231006,17,02139,1
20231006,17,02148,3
20231006,17,02159,1
20231006,17,02171,7
20231006,17,02172,3
20231006,17,02179,7
20231006,17,02185,4
20231006,17,02191,2
20231006,17,02198,4
20231006,17,03311,7
20231006,18,02111,11
20231006,18,02112,2
20231006,18,02116,8
20231006,18,02122,2
20231006,18,02128,1
20231006,18,02129,3
20231006,18,02139,2
20231006,18,02148,7
20231006,18,02171,17
20231006,18,02172,1
20231006,18,02179,4
20231006,18,02185,2
20231006,18,02186,1
20231006,18,02191,3
20231006,18,02198,1
20231006,18,03311,4
20231006,18,03802,1
20231006,19,02111,7
20231006,19,02112,4
20231006,19,02116,4
20231006,19,02122,4
20231006,19,02128,2
20231006,19,02129,1
20231006,19,02139,1
20231006,19,02143,3
20231006,19,02148,3
20231006,19,02159,1
20231006,19,02171,6
20231006,19,02179,2
20231006,19,02185,1
20231006,19,02186,3
20231006,19,02198,2
20231006,19,02199,1
20231006,19,03311,3
20231006,19,03802,1
20231006,2,02111,2
20231006,2,02112,1
20231006,2,02122,1
20231006,2,02143,1
20231006,2,02171,1
20231006,2,02178,1
20231006,2,02179,2
20231006,2,02185,1
20231006,2,02191,1
20231006,2,02198,2
20231006,20,02111,1
20231006,20,02112,5
20231006,20,02116,4
20231006,20,02122,2
20231006,20,02128,3
20231006,20,02129,1
20231006,20,02148,2
20231006,20,02171,11
20231006,20,02172,1
20231006,20,02179,5
20231006,20,02185,3
20231006,20,02186,2
20231006,20,02191,4
20231006,20,02198,2
20231006,20,02199,1
20231006,20,03310,1
20231006,20,03311,3
20231006,20,03802,5
20231006,21,02111,8
20231006,21,02112,4
20231006,21,02116,8
20231006,21,02122,4
20231006,21,02128,1
20231006,21,02129,2
20231006,21,02130,1
20231006,21,02139,2
20231006,21,02148,1
20231006,21,02171,2
20231006,21,02172,1
20231006,21,02178,2
20231006,21,02179,4
20231006,21,02185,2
20231006,21,02186,2
20231006,21,02191,2
20231006,21,02198,1
20231006,21,02199,1
20231006,21,03311,2
20231006,22,02111,9
20231006,22,02112,3
20231006,22,02116,2
20231006,22,02122,4
20231006,22,02129,2
20231006,22,02130,1
20231006,22,02139,2
20231006,22,02148,1
20231006,22,02159,3
20231006,22,02171,4
20231006,22,02179,5
20231006,22,02185,3
20231006,22,02186,1
20231006,22,02191,3
20231006,22,02198,2
20231006,22,03311,4
20231006,22,03802,2
20231006,23,02111,3
20231006,23,02112,2
20231006,23,02116,1
20231006,23,02128,3
20231006,23,02129,1
20231006,23,02139,1
20231006,23,02148,2
20231006,23,02159,2
20231006,23,02171,3
20231006,23,02179,2
20231006,23,02185,1
20231006,23,02191,6
20231006,23,02198,4
20231006,23,03311,2
20231006,3,02112,1
20231006,3,02116,1
20231006,3,02148,1
20231006,3,02179,3
20231006,3,02186,1
20231006,3,02191,1
20231006,4,02122,1
20231006,4,02129,1
20231006,4,02139,1
20231006,4,02171,1
20231006,4,02185,1
20231006,4,02191,1
20231006,5,02122,4
20231006,5,02128,1
20231006,5,02171,3
20231006,5,02179,1
20231006,5,02186,2
20231006,6,02111,3
20231006,6,02122,1
20231006,6,02171,1
20231006,6,02179,2
20231006,6,02185,3
20231006,6,02186,2
20231006,6,02191,2
20231006,6,02198,2
20231006,7,02116,1
20231006,7,02128,1
20231006,7,02139,2
20231006,7,02148,2
20231006,7,02179,2
20231006,7,02185,2
20231006,7,02186,2
20231006,7,02191,2
20231006,7,03311,2
20231006,7,03802,8
20231006,8,02112,2
20231006,8,02122,2
20231006,8,02128,7
20231006,8,02129,1
20231006,8,02139,1
20231006,8,02143,2
20231006,8,02148,3
20231006,8,02159,4
20231006,8,02171,2
20231006,8,02172,1
20231006,8,02178,2
20231006,8,02179,4
20231006,8,02186,2
20231006,8,02191,2
20231006,8,02198,2
20231006,8,03310,1
20231006,8,03311,2
20231006,8,03802,3
20231006,9,02111,2
20231006,9,02112,1
20231006,9,02122,1
20231006,9,02128,2
20231006,9,02130,1
20231006,9,02148,2
20231006,9,02171,3
20231006,9,02179,2
20231006,9,02185,3
20231006,9,02186,1
20231006,9,02191,2
20231006,9,02199,1
20231006,9,03310,1
20231006,9,03311,1
20231006,9,03802,1
20231007,0,02111,2
20231007,0,02112,1
20231007,0,02122,2
20231007,0,02128,1
20231007,0,02129,1
20231007,0,02148,2
20231007,0,02171,2
20231007,0,02179,9
20231007,0,02186,1
20231007,0,02191,3
20231007,0,02198,2
20231007,0,03310,1
20231007,0,03311,2
20231007,1,02111,2
20231007,1,02112,1
20231007,1,02116,1
20231007,1,02122,1
20231007,1,02128,1
20231007,1,02129,1
20231007,1,02148,2
20231007,1,02171,2
20231007,1,02179,1
20231007,1,02186,1
20231007,1,02191,1
20231007,1,02198,4
20231007,1,03310,1
20231007,1,03311,1
20231007,10,02111,3
20231007,10,02116,1
20231007,10,02122,2
20231007,10,02128,2
20231007,10,02130,1
20231007,10,02139,2
20231007,10,02148,1
20231007,10,02159,1
20231007,10,02171,6
20231007,10,02178,3
20231007,10,02179,3
20231007,10,02185,2
20231007,10,02186,2
20231007,10,02191,2
20231007,10,02198,2
20231007,10,03310,2
20231007,10,03311,2
20231007,10,03802,6
20231007,11,02111,2
20231007,11,02112,5
20231007,11,02116,1
20231007,11,02129,1
20231007,11,02130,1
20231007,11,02139,3
20231007,11,02143,2
20231007,11,02148,5
20231007,11,02159,2
20231007,11,02171,11
20231007,11,02172,5
20231007,11,02178,2
20231007,11,02179,2
20231007,11,02185,2
20231007,11,02186,2
20231007,11,02191,3
20231007,11,03310,4
20231007,11,03802,3
20231007,12,02111,2
20231007,12,02112,2
20231007,12,02116,2
20231007,12,02122,1
20231007,12,02128,3
20231007,12,02129,2
20231007,12,02139,3
20231007,12,02143,2
20231007,12,02148,3
20231007,12,02159,2
20231007,12,02171,3
20231007,12,02179,5
20231007,12,02185,3
20231007,12,02186,1
20231007,12,02191,4
20231007,12,02198,2
20231007,12,03310,3
20231007,12,03311,2
20231007,12,03802,1
20231007,13,02111,3
20231007,13,02112,11
20231007,13,02116,4
20231007,13,02122,3
20231007,13,02129,4
20231007,13,02130,3
20231007,13,02139,5
20231007,13,02143,2
20231007,13,02148,4
20231007,13,02159,1
20231007,13,02171,4
20231007,13,02172,1
20231007,13,02178,2
20231007,13,02179,2
20231007,13,02185,2
20231007,13,02186,3
20231007,13,02191,1
20231007,13,02198,1
20231007,13,03310,5
20231007,13,03311,2
20231007,14,02111,4
20231007,14,02112,2
20231007,14,02116,2
20231007,14,02122,6
20231007,14,02128,2
20231007,14,02129,8
20231007,14,02139,3
20231007,14,02143,1
20231007,14,02148,4
20231007,14,02159,2
20231007,14,02171,13
20231007,14,02172,8
20231007,14,02178,1
20231007,14,02179,4
20231007,14,02186,8
20231007,14,02191,2
20231007,14,02198,1
20231007,14,02199,2
20231007,14,03310,2
20231007,14,03311,1
20231007,15,02111,7
20231007,15,02112,1
20231007,15,02116,2
20231007,15,02122,5
20231007,15,02128,2
20231007,15,02129,5
20231007,15,02130,3
20231007,15,02139,1
20231007,15,02143,1
20231007,15,02148,1
20231007,15,02159,3
20231007,15,02171,4
20231007,15,02172,3
20231007,15,02178,1
20231007,15,02179,3
20231007,15,02185,3
20231007,15,02186,2
20231007,15,02191,1
20231007,15,02198,6
20231007,15,02199,3
20231007,15,03310,1
20231007,15,03311,1
20231007,16,02111,1
20231007,16,02112,2
20231007,16,02116,4
20231007,16,02122,2
20231007,16,02128,1
20231007,16,02129,2
20231007,16,02139,1
20231007,16,02143,3
20231007,16,02148,2
20231007,16,02159,3
20231007,16,02171,9
20231007,16,02172,3
20231007,16,02178,2
20231007,16,02179,3
20231007,16,02185,1
20231007,16,02191,1
20231007,16,02198,2
20231007,16,02199,2
20231007,16,03802,1
20231007,17,02111,4
20231007,17,02112,4
20231007,17,02116,9
20231007,17,02122,1
20231007,17,02128,2
20231007,17,02129,1
20231007,17,02139,2
20231007,17,02143,2
20231007,17,02159,2
20231007,17,02171,9
20231007,17,02172,1
20231007,17,02178,3
20231007,17,02179,3
20231007,17,02185,2
20231007,17,02198,2
20231007,17,02199,2
20231007,17,03311,2
20231007,17,03802,4
20231007,18,02111,4
20231007,18,02112,1
20231007,18,02116,4
20231007,18,02122,3
20231007,18,02128,1
20231007,18,02129,1
20231007,18,02130,1
20231007,18,02139,2
20231007,18,02143,1
20231007,18,02148,7
20231007,18,02159,5
20231007,18,02171,3
20231007,18,02178,1
20231007,18,02179,1
20231007,18,02191,4
20231007,18,02198,2
20231007,18,02199,1
20231007,18,03311,3
20231007,18,03802,2
20231007,19,02111,12
20231007,19,02112,4
20231007,19,02116,2
20231007,19,02128,4
20231007,19,02129,1
20231007,19,02148,3
20231007,19,02159,2
20231007,19,02171,5
20231007,19,02172,1
20231007,19,02178,2
20231007,19,02179,9
20231007,19,02185,3
20231007,19,02186,1
20231007,19,02191,1
20231007,19,02198,3
20231007,19,03311,3
20231007,2,02122,1
20231007,2,02128,1
20231007,2,02129,2
20231007,2,02130,1
20231007,2,02143,1
20231007,2,02148,1
20231007,2,02171,1
20231007,2,02179,3
20231007,2,02185,1
20231007,2,02198,1
20231007,20,02111,4
20231007,20,02112,2
20231007,20,02116,1
20231007,20,02122,1
20231007,20,02128,3
20231007,20,02139,1
20231007,20,02148,2
20231007,20,02159,2
20231007,20,02171,6
20231007,20,02178,2
20231007,20,02179,6
20231007,20,02185,1
20231007,20,02186,3
20231007,20,02191,1
20231007,20,02198,2
20231007,20,03802,1
20231007,21,02111,6
20231007,21,02112,3
20231007,21,02116,1
20231007,21,02128,1
20231007,21,02130,2
20231007,21,02148,1
20231007,21,02159,5
20231007,21,02171,3
20231007,21,02172,1
20231007,21,02179,2
20231007,21,02185,3
20231007,21,02198,4
20231007,21,02199,1
20231007,21,03310,1
20231007,21,03311,3
20231007,22,02111,3
20231007,22,02112,1
20231007,22,02116,5
20231007,22,02122,1
20231007,22,02128,2
20231007,22,02143,1
20231007,22,02171,5
20231007,22,02172,1
20231007,22,02179,2
20231007,22,02185,1
20231007,22,02191,2
20231007,22,02198,1
20231007,22,03310,2
20231007,22,03311,1
20231007,23,02111,7
20231007,23,02112,2
20231007,23,02116,1
20231007,23,02122,2
20231007,23,02128,3
20231007,23,02129,1
20231007,23,02130,1
20231007,23,02139,1
20231007,23,02143,2
20231007,23,02148,1
20231007,23,02171,4
20231007,23,02179,8
20231007,23,02185,3
20231007,23,02186,3
20231007,23,02191,1
20231007,23,02198,2
20231007,23,03311,2
20231007,3,02111,1
20231007,3,02112,1
20231007,3,02128,1
20231007,3,02130,1
20231007,3,02139,1
20231007,3,02185,1
20231007,3,02186,1
20231007,3,02191,1
20231007,3,02198,1
20231007,3,03802,1
20231007,4,02139,1
20231007,4,02171,1
20231007,4,02185,1
20231007,4,02198,2
20231007,4,03311,1
20231007,5,02171,1
20231007,5,02179,1
20231007,5,02186,1
20231007,6,02111,1
20231007,6,02129,1
20231007,6,02148,1
20231007,6,02185,1
20231007,7,02111,1
20231007,7,02122,1
20231007,7,02128,1
20231007,7,02159,2
20231007,7,02171,1
20231007,7,02179,2
20231007,7,02186,1
20231007,7,02198,1
20231007,7,03311,1
20231007,7,03802,2
20231007,8,02112,1
20231007,8,02128,1
20231007,8,02129,1
20231007,8,02139,1
20231007,8,02143,2
20231007,8,02148,2
20231007,8,02159,3
20231007,8,02171,2
20231007,8,02172,1
20231007,8,02179,4
20231007,8,02191,1
20231007,8,02198,2
20231007,8,03311,3
20231007,9,02111,4
20231007,9,02112,1
20231007,9,02122,1
20231007,9,02128,2
20231007,9,02139,4
20231007,9,02148,3
20231007,9,02159,1
20231007,9,02171,2
20231007,9,02172,3
20231007,9,02179,1
20231007,9,02185,2
20231007,9,02186,4
20231007,9,02191,3
20231007,9,02198,1
20231007,9,03311,2
20231007,9,03802,1
20231008,0,02111,9
20231008,0,02112,6
20231008,0,02116,3
20231008,0,02122,2
20231008,0,02128,3
20231008,0,02129,1
20231008,0,02143,2
20231008,0,02148,2
20231008,0,02171,4
20231008,0,02172,1
20231008,0,02179,7
20231008,0,02185,4
20231008,0,02186,2
20231008,0,02191,4
20231008,0,02198,1
20231008,0,03311,2
20231008,1,02111,4
20231008,1,02112,2
20231008,1,02116,1
20231008,1,02128,1
20231008,1,02148,1
20231008,1,02171,2
20231008,1,02185,1
20231008,1,02191,1
20231008,10,02111,1
20231008,10,02112,1
20231008,10,02122,2
20231008,10,02128,2
20231008,10,02129,2
20231008,10,02139,3
20231008,10,02143,1
20231008,10,02148,1
20231008,10,02159,1
20231008,10,02171,3
20231008,10,02178,1
20231008,10,02179,3
20231008,10,02185,3
20231008,10,02186,1
20231008,10,02191,2
20231008,10,02198,2
20231008,10,03311,1
20231008,11,02112,2
20231008,11,02122,4
20231008,11,02128,1
20231008,11,02129,2
20231008,11,02139,3
20231008,11,02143,1
20231008,11,02148,2
20231008,11,02159,4
20231008,11,02171,2
20231008,11,02172,2
20231008,11,02178,1
20231008,11,02179,5
20231008,11,02185,1
20231008,11,02191,2
20231008,11,03311,2
20231008,12,02111,3
20231008,12,02112,8
20231008,12,02116,1
20231008,12,02122,1
20231008,12,02128,2
20231008,12,02129,1
20231008,12,02130,2
20231008,12,02139,1
20231008,12,02148,1
20231008,12,02171,2
20231008,12,02172,1
20231008,12,02179,4
20231008,12,02185,2
20231008,12,02186,4
20231008,12,02191,1
20231008,12,02198,4
20231008,12,03311,1
20231008,12,03802,1
20231008,13,02111,2
20231008,13,02116,1
20231008,13,02122,2
20231008,13,02128,1
20231008,13,02129,1
20231008,13,02139,1
20231008,13,02143,1
20231008,13,02171,4
20231008,13,02172,2
20231008,13,02178,1
20231008,13,02179,2
20231008,13,02191,1
20231008,13,02198,1
20231008,13,03311,2
20231008,13,03802,1
20231008,14,02111,3
20231008,14,02112,2
20231008,14,02116,3
20231008,14,02122,2
20231008,14,02128,1
20231008,14,02129,1
20231008,14,02139,3
20231008,14,02143,1
20231008,14,02148,3
20231008,14,02171,6
20231008,14,02172,3
20231008,14,02178,1
20231008,14,02179,5
20231008,14,02185,3
20231008,14,02186,1
20231008,14,02191,1
20231008,14,02198,1
20231008,14,02199,1
20231008,14,03311,2
20231008,15,02111,5
20231008,15,02112,3
20231008,15,02116,5
20231008,15,02122,1
20231008,15,02128,1
20231008,15,02129,1
20231008,15,02139,2
20231008,15,02143,1
20231008,15,02148,2
20231008,15,02159,1
20231008,15,02171,5
20231008,15,02172,3
20231008,15,02178,2
20231008,15,02179,5
20231008,15,02185,1
20231008,15,02186,3
20231008,15,02198,1
20231008,15,03311,1
20231008,16,02111,3
20231008,16,02112,1
20231008,16,02116,2
20231008,16,02122,2
20231008,16,02129,3
20231008,16,02139,2
20231008,16,02143,2
20231008,16,02148,1
20231008,16,02171,3
20231008,16,02172,5
20231008,16,02179,3
20231008,16,02185,7
20231008,16,02186,3
20231008,16,02191,1
20231008,16,02198,2
20231008,16,03311,4
20231008,16,03802,2
20231008,17,02111,1
20231008,17,02112,3
20231008,17,02116,4
20231008,17,02122,1
20231008,17,02128,3
20231008,17,02130,4
20231008,17,02139,1
20231008,17,02143,1
20231008,17,02148,1
20231008,17,02171,6
20231008,17,02178,4
20231008,17,02179,8
20231008,17,02185,7
20231008,17,02186,2
20231008,17,02191,4
20231008,17,02198,1
20231008,17,03310,3
20231008,17,03311,1
20231008,17,03802,1
20231008,18,02111,4
20231008,18,02112,10
20231008,18,02116,4
20231008,18,02122,2
20231008,18,02130,2
20231008,18,02139,2
20231008,18,02143,1
20231008,18,02148,5
20231008,18,02159,1
20231008,18,02171,3
20231008,18,02178,2
20231008,18,02179,6
20231008,18,02185,1
20231008,18,02191,7
20231008,18,03311,2
20231008,18,03802,1
20231008,19,02111,4
20231008,19,02112,4
20231008,19,02116,1
20231008,19,02128,1
20231008,19,02143,1
20231008,19,02148,5
20231008,19,02171,3
20231008,19,02178,1
20231008,19,02179,4
20231008,19,02185,1
20231008,19,02186,1
20231008,19,02191,3
20231008,19,02198,1
20231008,19,03311,4
20231008,2,02111,1
20231008,2,02112,1
20231008,2,02148,1
20231008,2,02171,1
20231008,2,02179,1
20231008,2,02185,1
20231008,2,03311,2
20231008,20,02111,5
20231008,20,02112,4
20231008,20,02116,4
20231008,20,02122,2
20231008,20,02128,2
20231008,20,02129,2
20231008,20,02139,1
20231008,20,02143,1
20231008,20,02159,1
20231008,20,02171,10
20231008,20,02172,1
20231008,20,02178,1
20231008,20,02179,2
20231008,20,02186,1
20231008,20,02191,2
20231008,20,02198,1
20231008,20,03310,1
20231008,20,03311,1
20231008,21,02111,4
20231008,21,02112,7
20231008,21,02116,4
20231008,21,02122,2
20231008,21,02128,1
20231008,21,02129,2
20231008,21,02139,3
20231008,21,02143,2
20231008,21,02159,2
20231008,21,02171,6
20231008,21,02179,2
20231008,21,02191,5
20231008,21,02198,2
20231008,21,03311,1
20231008,21,03802,1
20231008,22,02111,1
20231008,22,02112,1
20231008,22,02116,8
20231008,22,02122,2
20231008,22,02128,2
20231008,22,02130,1
20231008,22,02139,1
20231008,22,02143,2
20231008,22,02148,3
20231008,22,02159,2
20231008,22,02171,2
20231008,22,02179,5
20231008,22,02185,2
20231008,22,02186,1
20231008,22,02191,2
20231008,22,02198,3
20231008,22,03310,1
20231008,22,03311,2
20231008,23,02112,4
20231008,23,02122,1
20231008,23,02128,1
20231008,23,02139,1
20231008,23,02143,1
20231008,23,02148,1
20231008,23,02171,2
20231008,23,02179,3
20231008,23,02185,3
20231008,23,02186,2
20231008,23,02191,2
20231008,23,02198,2
20231008,23,03311,1
20231008,3,02116,1
20231008,3,02128,1
20231008,3,02130,1
20231008,3,02139,2
20231008,3,02171,1
20231008,3,02198,1
20231008,4,02111,1
20231008,4,02116,1
20231008,4,02143,1
20231008,4,02185,2
20231008,4,02186,1
20231008,5,02116,1
20231008,5,02171,1
20231008,5,02179,1
20231008,5,02186,1
20231008,6,02185,1
20231008,6,02191,1
20231008,6,03802,1
20231008,7,02111,1
20231008,7,02172,1
20231008,7,02179,1
20231008,7,02185,1
20231008,7,02186,1
20231008,7,02191,1
20231008,7,03802,1
20231008,8,02112,1
20231008,8,02116,3
20231008,8,02128,1
20231008,8,02139,2
20231008,8,02159,1
20231008,8,02171,1
20231008,8,02172,1
20231008,8,02178,1
20231008,8,02179,2
20231008,8,02191,2
20231008,8,03310,2
20231008,9,02111,2
20231008,9,02128,1
20231008,9,02148,2
20231008,9,02159,1
20231008,9,02171,1
20231008,9,02172,1
20231008,9,02179,1
20231008,9,02186,2
20231008,9,02191,1
20231008,9,02198,1
20231008,9,03802,1
20231009,0,02116,4
20231009,0,02122,3
20231009,0,02128,2
20231009,0,02139,3
20231009,0,02148,1
20231009,0,02171,1
20231009,0,02179,1
20231009,0,02185,1
20231009,0,02186,2
20231009,0,02191,3
20231009,0,02198,2
20231009,0,02199,1
20231009,1,02111,1
20231009,1,02112,1
20231009,1,02116,1
20231009,1,02129,1
20231009,1,02179,2
20231009,1,02186,2
20231009,1,02191,2
20231009,1,02198,1
20231009,1,03802,1
20231009,10,02128,3
20231009,10,02129,1
20231009,10,02143,1
20231009,10,02148,1
20231009,10,02179,1
20231009,10,02191,1
20231009,10,02198,1
20231009,11,02111,3
20231009,11,02112,1
20231009,11,02116,3
20231009,11,02122,1
20231009,11,02129,2
20231009,11,02143,2
20231009,11,02148,2
20231009,11,02171,1
20231009,11,02179,1
20231009,11,02185,2
20231009,11,02186,2
20231009,11,02191,2
20231009,11,03310,1
20231009,12,02111,2
20231009,12,02112,1
20231009,12,02122,1
20231009,12,02128,1
20231009,12,02130,2
20231009,12,02139,3
20231009,12,02143,2
20231009,12,02148,2
20231009,12,02171,6
20231009,12,02179,4
20231009,12,02185,1
20231009,12,02186,3
20231009,12,02191,4
20231009,12,02198,2
20231009,12,03311,4
20231009,13,02111,4
20231009,13,02112,5
20231009,13,02122,1
20231009,13,02129,1
20231009,13,02130,7
20231009,13,02139,1
20231009,13,02143,2
20231009,13,02148,5
20231009,13,02159,1
20231009,13,02171,6
20231009,13,02172,3
20231009,13,02179,2
20231009,13,02186,10
20231009,13,02191,2
20231009,13,02198,1
20231009,13,03310,2
20231009,13,03311,3
20231009,14,02111,5
20231009,14,02112,4
20231009,14,02116,3
20231009,14,02122,3
20231009,14,02128,4
20231009,14,02129,2
20231009,14,02130,2
20231009,14,02139,3
20231009,14,02143,1
20231009,14,02148,2
20231009,14,02159,2
20231009,14,02171,6
20231009,14,02172,1
20231009,14,02178,2
20231009,14,02179,4
20231009,14,02185,1
20231009,14,02186,6
20231009,14,02191,7
20231009,14,02198,3
20231009,14,02199,1
20231009,14,03311,3
20231009,15,02111,3
20231009,15,02112,4
20231009,15,02116,2
20231009,15,02122,7
20231009,15,02128,1
20231009,15,02129,1
20231009,15,02130,4
20231009,15,02143,2
20231009,15,02148,1
20231009,15,02159,2
20231009,15,02171,8
20231009,15,02178,1
20231009,15,02179,2
20231009,15,02186,1
20231009,15,02191,2
20231009,15,02198,1
20231009,15,02199,1
20231009,15,03311,2
20231009,15,03802,1
20231009,16,02111,5
20231009,16,02112,4
20231009,16,02116,12
20231009,16,02122,4
20231009,16,02128,2
20231009,16,02129,5
20231009,16,02130,4
20231009,16,02139,1
20231009,16,02148,1
20231009,16,02171,9
20231009,16,02172,1
20231009,16,02178,5
20231009,16,02179,3
20231009,16,02185,1
20231009,16,02186,4
20231009,16,02191,4
20231009,16,02198,7
20231009,16,02199,1
20231009,16,03310,4
20231009,16,03311,6
20231009,16,03802,2
20231009,17,02111,4
20231009,17,02112,4
20231009,17,02116,4
20231009,17,02122,2
20231009,17,02128,1
20231009,17,02129,1
20231009,17,02130,2
20231009,17,02139,1
20231009,17,02148,2
20231009,17,02159,1
20231009,17,02171,4
20231009,17,02172,1
20231009,17,02178,5
20231009,17,02179,5
20231009,17,02185,5
20231009,17,02191,3
20231009,17,02198,2
20231009,17,03310,11
20231009,17,03311,1
20231009,18,02111,3
20231009,18,02112,3
20231009,18,02122,2
20231009,18,02128,1
20231009,18,02129,2
20231009,18,02139,1
20231009,18,02148,4
20231009,18,02159,2
20231009,18,02171,7
20231009,18,02172,1
20231009,18,02178,2
20231009,18,02179,4
20231009,18,02185,3
20231009,18,02186,1
20231009,18,02191,1
20231009,18,02198,2
20231009,18,02199,1
20231009,18,03310,2
20231009,18,03311,5
20231009,19,02111,6
20231009,19,02112,3
20231009,19,02116,5
20231009,19,02122,4
20231009,19,02128,4
20231009,19,02139,2
20231009,19,02171,5
20231009,19,02172,1
20231009,19,02178,1
20231009,19,02179,5
20231009,19,02185,4
20231009,19,02186,2
20231009,19,02191,1
20231009,19,02198,3
20231009,19,03310,2
20231009,19,03311,3
20231009,2,02111,1
20231009,2,02112,1
20231009,2,02122,2
20231009,2,02128,1
20231009,2,02185,1
20231009,2,02198,1
20231009,20,02111,6
20231009,20,02112,8
20231009,20,02116,1
20231009,20,02122,1
20231009,20,02129,2
20231009,20,02139,4
20231009,20,02148,2
20231009,20,02171,9
20231009,20,02179,6
20231009,20,02185,3
20231009,20,02191,3
20231009,20,02198,2
20231009,20,02199,1
20231009,20,03311,1
20231009,20,03802,2
20231009,21,02111,3
20231009,21,02112,3
20231009,21,02116,1
20231009,21,02122,1
20231009,21,02128,1
20231009,21,02139,1
20231009,21,02143,2
20231009,21,02159,1
20231009,21,02171,3
20231009,21,02179,4
20231009,21,02191,3
20231009,21,02198,1
20231009,22,02112,3
20231009,22,02116,4
20231009,22,02148,1
20231009,22,02159,1
20231009,22,02185,2
20231009,22,02191,6
20231009,22,03311,3
20231009,23,02111,1
20231009,23,02116,2
20231009,23,02128,2
20231009,23,02143,1
20231009,23,02148,1
20231009,23,02171,1
20231009,23,02178,2
20231009,23,02179,3
20231009,23,02191,2
20231009,23,02198,1
20231009,23,03311,1
20231009,3,02116,1
20231009,3,02122,2
20231009,3,02171,1
20231009,3,02186,1
20231009,3,02191,1
20231009,3,02198,2
20231009,3,03311,1
20231009,4,02128,1
20231009,4,02139,1
20231009,4,02171,1
20231009,4,02179,2
20231009,4,02185,2
20231009,4,02186,1
20231009,5,02111,2
20231009,5,02116,1
20231009,5,02139,1
20231009,5,02191,2
20231009,5,02198,4
20231009,5,03311,2
20231009,6,02129,1
20231009,6,02139,1
20231009,6,02171,1
20231009,6,02179,2
20231009,6,02186,1
20231009,7,02139,2
20231009,7,02171,1
20231009,7,02185,1
20231009,7,02191,1
20231009,7,03311,1
20231009,8,02130,1
20231009,8,02148,2
20231009,8,02171,3
20231009,8,02179,2
20231009,8,02185,1
20231009,8,03802,1
20231009,9,02122,1
20231009,9,02148,1
20231009,9,02159,1
20231009,9,02171,1
20231010,0,02111,1
20231010,0,02112,5
20231010,0,02116,4
20231010,0,02128,2
20231010,0,02139,2
20231010,0,02171,1
20231010,0,02178,1
20231010,0,02179,3
20231010,0,02185,1
20231010,0,02186,2
20231010,0,02191,2
20231010,0,02199,1
20231010,1,02111,1
20231010,1,02128,2
20231010,1,02148,1
20231010,1,02179,1
20231010,1,02185,1
20231010,1,02186,1
20231010,1,02191,2
20231010,1,02198,3
20231010,10,02111,4
20231010,10,02112,1
20231010,10,02122,1
20231010,10,02128,1
20231010,10,02129,1
20231010,10,02130,1
20231010,10,02148,3
20231010,10,02159,1
20231010,10,02171,4
20231010,10,02172,1
20231010,10,02178,1
20231010,10,02185,1
20231010,10,02186,4
20231010,10,02191,1
20231010,10,02198,1
20231010,10,03310,1
20231010,10,03311,4
20231010,10,03802,3
20231010,11,02111,3
20231010,11,02112,3
20231010,11,02122,1
20231010,11,02128,2
20231010,11,02129,1
20231010,11,02139,1
20231010,11,02143,1
20231010,11,02148,2
20231010,11,02171,2
20231010,11,02172,1
20231010,11,02178,1
20231010,11,02179,2
20231010,11,02191,2
20231010,11,02198,1
20231010,11,02199,1
20231010,11,03310,1
20231010,11,03311,1
20231010,11,03802,4
20231010,12,02111,1
20231010,12,02112,2
20231010,12,02116,1
20231010,12,02122,5
20231010,12,02130,1
20231010,12,02139,2
20231010,12,02148,3
20231010,12,02159,2
20231010,12,02171,1
20231010,12,02178,3
20231010,12,02179,1
20231010,12,02185,1
20231010,12,02186,2
20231010,12,02191,3
20231010,12,02198,1
20231010,12,02199,1
20231010,12,03310,2
20231010,12,03311,4
20231010,13,02111,4
20231010,13,02112,3
20231010,13,02122,1
20231010,13,02128,3
20231010,13,02129,1
20231010,13,02139,1
20231010,13,02143,1
20231010,13,02159,1
20231010,13,02171,3
20231010,13,02172,1
20231010,13,02178,1
20231010,13,02179,5
20231010,13,02186,1
20231010,13,02191,1
20231010,13,02199,1
20231010,13,03310,2
20231010,13,03311,2
20231010,14,02111,4
20231010,14,02112,2
20231010,14,02116,3
20231010,14,02128,2
20231010,14,02130,1
20231010,14,02139,1
20231010,14,02148,1
20231010,14,02171,7
20231010,14,02172,1
20231010,14,02178,4
20231010,14,02179,3
20231010,14,02185,2
20231010,14,02186,1
20231010,14,02191,4
20231010,14,03310,1
20231010,14,03311,2
20231010,15,02111,3
20231010,15,02112,3
20231010,15,02122,3
20231010,15,02128,2
20231010,15,02129,1
20231010,15,02130,1
20231010,15,02148,2
20231010,15,02171,5
20231010,15,02172,2
20231010,15,02178,8
20231010,15,02179,1
20231010,15,02185,1
20231010,15,02186,3
20231010,15,02191,1
20231010,15,02198,1
20231010,15,02199,1
20231010,15,03310,3
20231010,15,03311,4
20231010,16,02111,2
20231010,16,02112,2
20231010,16,02116,1
20231010,16,02122,4
20231010,16,02128,2
20231010,16,02130,1
20231010,16,02139,2
20231010,16,02143,3
20231010,16,02148,2
20231010,16,02159,1
20231010,16,02171,7
20231010,16,02172,3
20231010,16,02179,2
20231010,16,02185,1
20231010,16,02186,1
20231010,16,02191,2
20231010,16,02198,2
20231010,16,03310,4
20231010,16,03311,4
20231010,17,02111,4
20231010,17,02112,1
20231010,17,02116,2
20231010,17,02122,1
20231010,17,02128,7
20231010,17,02129,1
20231010,17,02139,2
20231010,17,02143,2
20231010,17,02148,2
20231010,17,02159,3
20231010,17,02171,3
20231010,17,02172,2
20231010,17,02179,3
20231010,17,02185,5
20231010,17,02186,3
20231010,17,02191,4
20231010,17,02198,2
20231010,17,02199,3
20231010,17,03310,1
20231010,17,03311,5
20231010,17,03802,1
20231010,18,02111,8
20231010,18,02112,6
20231010,18,02116,6
20231010,18,02122,6
20231010,18,02128,3
20231010,18,02129,1
20231010,18,02130,6
20231010,18,02139,2
20231010,18,02143,2
20231010,18,02148,5
20231010,18,02159,1
20231010,18,02171,13
20231010,18,02179,7
20231010,18,02185,2
20231010,18,02186,2
20231010,18,02191,2
20231010,18,02198,2
20231010,18,02199,2
20231010,18,03310,2
20231010,18,03311,13
20231010,18,03802,1
20231010,19,02111,10
20231010,19,02112,9
20231010,19,02116,11
20231010,19,02122,4
20231010,19,02128,2
20231010,19,02129,2
20231010,19,02130,1
20231010,19,02139,4
20231010,19,02148,4
20231010,19,02159,4
20231010,19,02171,9
20231010,19,02178,1
20231010,19,02179,8
20231010,19,02185,2
20231010,19,02186,3
20231010,19,02191,2
20231010,19,02198,7
20231010,19,02199,1
20231010,19,03311,4
20231010,19,03802,3
20231010,2,02112,1
20231010,2,02116,1
20231010,2,02128,1
20231010,2,02171,2
20231010,2,02179,1
20231010,2,02186,1
20231010,2,02191,3
20231010,2,03311,1
20231010,20,02111,3
20231010,20,02112,8
20231010,20,02116,6
20231010,20,02122,3
20231010,20,02128,4
20231010,20,02130,6
20231010,20,02139,1
20231010,20,02148,6
20231010,20,02159,1
20231010,20,02171,5
20231010,20,02172,1
20231010,20,02179,11
20231010,20,02185,4
20231010,20,02186,4
20231010,20,02191,4
20231010,20,02198,3
20231010,20,03310,1
20231010,20,03311,2
20231010,20,03802,6
20231010,21,02111,12
20231010,21,02112,5
20231010,21,02116,3
20231010,21,02122,4
20231010,21,02128,1
20231010,21,02129,1
20231010,21,02130,1
20231010,21,02143,1
20231010,21,02148,2
20231010,21,02171,5
20231010,21,02172,1
20231010,21,02179,6
20231010,21,02185,2
20231010,21,02186,2
20231010,21,02191,3
20231010,21,02198,2
20231010,21,02199,1
20231010,21,03311,1
20231010,21,03802,6
20231010,22,02111,4
20231010,22,02112,3
20231010,22,02116,7
20231010,22,02122,1
20231010,22,02128,2
20231010,22,02129,4
20231010,22,02130,2
20231010,22,02139,1
20231010,22,02143,1
20231010,22,02148,4
20231010,22,02159,2
20231010,22,02171,8
20231010,22,02172,1
20231010,22,02179,7
20231010,22,02185,2
20231010,22,02186,2
20231010,22,02191,3
20231010,22,02198,3
20231010,22,02199,2
20231010,22,03311,2
20231010,22,03802,3
20231010,23,02111,1
20231010,23,02112,2
20231010,23,02116,2
20231010,23,02122,1
20231010,23,02128,3
20231010,23,02129,1
20231010,23,02143,1
20231010,23,02159,2
20231010,23,02171,3
20231010,23,02179,7
20231010,23,02185,2
20231010,23,02186,1
20231010,23,02191,1
20231010,23,02198,1
20231010,23,02199,1
20231010,3,02116,3
20231010,3,02148,1
20231010,3,02172,1
20231010,3,02179,1
20231010,3,02191,1
20231010,4,02191,1
20231010,5,02128,1
20231010,5,02143,1
20231010,5,02171,1
20231010,5,02179,1
20231010,5,02185,1
20231010,5,02198,3
20231010,5,03310,1
20231010,6,02112,1
20231010,6,02139,2
20231010,6,02171,2
20231010,6,02185,1
20231010,6,02186,1
20231010,6,02191,1
20231010,6,02198,3
20231010,6,03311,1
20231010,6,03802,1
20231010,7,02111,1
20231010,7,02112,1
20231010,7,02139,4
20231010,7,02143,2
20231010,7,02148,2
20231010,7,02159,1
20231010,7,02171,4
20231010,7,02185,1
20231010,7,02186,1
20231010,7,02191,4
20231010,7,03310,5
20231010,7,03311,3
20231010,7,03802,8
20231010,8,02111,3
20231010,8,02112,4
20231010,8,02116,1
20231010,8,02128,4
20231010,8,02139,3
20231010,8,02148,1
20231010,8,02159,1
20231010,8,02171,2
20231010,8,02178,1
20231010,8,02179,2
20231010,8,02185,3
20231010,8,02186,2
20231010,8,02191,5
20231010,8,02198,1
20231010,8,03310,4
20231010,8,03311,2
20231010,8,03802,8
20231010,9,02111,3
20231010,9,02112,1
20231010,9,02122,1
20231010,9,02128,1
20231010,9,02129,3
20231010,9,02148,2
20231010,9,02171,6
20231010,9,02179,1
20231010,9,02185,3
20231010,9,02186,1
20231010,9,02191,2
20231010,9,02198,3
20231010,9,03310,7
20231010,9,03311,2
20231010,9,03802,3
20231011,0,02122,1
20231011,0,02139,1
20231011,0,02159,1
20231011,0,02171,1
20231011,0,02179,8
20231011,0,02185,2
20231011,0,02186,1
20231011,0,02191,3
20231011,0,02198,3
20231011,0,03311,2
20231011,1,02111,1
20231011,1,02112,1
20231011,1,02122,1
20231011,1,02128,1
20231011,1,02129,1
20231011,1,02148,3
20231011,1,02159,2
20231011,1,02171,1
20231011,1,02178,1
20231011,1,02185,1
20231011,1,02186,1
20231011,1,02198,2
20231011,1,03311,1
20231011,10,02111,3
20231011,10,02112,2
20231011,10,02116,2
20231011,10,02122,1
20231011,10,02128,6
20231011,10,02129,3
20231011,10,02139,6
20231011,10,02143,1
20231011,10,02148,2
20231011,10,02185,1
20231011,10,02198,4
20231011,10,02199,1
20231011,10,03310,1
20231011,10,03311,3
20231011,10,03802,1
20231011,11,02112,2
20231011,11,02128,1
20231011,11,02129,1
20231011,11,02139,1
20231011,11,02143,2
20231011,11,02148,4
20231011,11,02172,2
20231011,11,02178,1
20231011,11,02179,1
20231011,11,02185,1
20231011,11,02191,1
20231011,11,03802,2
20231011,12,02111,3
20231011,12,02112,3
20231011,12,02116,2
20231011,12,02122,2
20231011,12,02128,5
20231011,12,02129,2
20231011,12,02139,4
20231011,12,02171,3
20231011,12,02172,2
20231011,12,02178,5
20231011,12,02179,2
20231011,12,02198,2
20231011,12,03311,1
20231011,12,03802,1
20231011,13,02111,4
20231011,13,02112,3
20231011,13,02116,1
20231011,13,02122,4
20231011,13,02128,2
20231011,13,02139,3
20231011,13,02148,3
20231011,13,02159,2
20231011,13,02171,6
20231011,13,02172,2
20231011,13,02179,3
20231011,13,02185,3
20231011,13,02186,1
20231011,13,02191,2
20231011,13,02198,1
20231011,13,03310,2
20231011,13,03311,1
20231011,13,03802,3
20231011,14,02111,4
20231011,14,02112,3
20231011,14,02116,1
20231011,14,02122,3
20231011,14,02128,2
20231011,14,02139,3
20231011,14,02143,2
20231011,14,02148,3
20231011,14,02171,3
20231011,14,02172,1
20231011,14,02178,2
20231011,14,02179,2
20231011,14,02185,3
20231011,14,02186,1
20231011,14,02198,2
20231011,14,03310,1
20231011,14,03311,3
20231011,15,02111,5
20231011,15,02112,1
20231011,15,02116,1
20231011,15,02122,3
20231011,15,02128,1
20231011,15,02130,2
20231011,15,02139,1
20231011,15,02171,3
20231011,15,02172,3
20231011,15,02178,2
20231011,15,02179,1
20231011,15,02185,1
20231011,15,02186,1
20231011,15,02191,1
20231011,15,02198,1
20231011,15,02199,1
20231011,15,03310,5
20231011,15,03802,2
20231011,16,02111,4
20231011,16,02112,5
20231011,16,02116,3
20231011,16,02122,2
20231011,16,02128,1
20231011,16,02139,3
20231011,16,02148,2
20231011,16,02159,1
20231011,16,02171,9
20231011,16,02172,2
20231011,16,02178,1
20231011,16,02179,1
20231011,16,02186,1
20231011,16,02191,2
20231011,16,02198,6
20231011,16,03310,1
20231011,16,03311,4
20231011,17,02111,5
20231011,17,02112,1
20231011,17,02116,1
20231011,17,02122,3
20231011,17,02129,2
20231011,17,02130,1
20231011,17,02139,2
20231011,17,02143,4
20231011,17,02148,3
20231011,17,02159,1
20231011,17,02171,6
20231011,17,02179,6
20231011,17,02198,5
20231011,17,03310,1
20231011,17,03311,9
20231011,18,02111,7
20231011,18,02112,7
20231011,18,02116,4
20231011,18,02122,4
20231011,18,02128,3
20231011,18,02129,1
20231011,18,02130,1
20231011,18,02139,1
20231011,18,02143,1
20231011,18,02148,6
20231011,18,02159,2
20231011,18,02171,12
20231011,18,02172,3
20231011,18,02178,1
20231011,18,02179,5
20231011,18,02186,2
20231011,18,02198,3
20231011,18,03311,12
20231011,18,03802,1
20231011,19,02111,7
20231011,19,02112,4
20231011,19,02116,8
20231011,19,02122,5
20231011,19,02128,1
20231011,19,02129,1
20231011,19,02130,1
20231011,19,02139,2
20231011,19,02143,1
20231011,19,02148,1
20231011,19,02159,1
20231011,19,02171,10
20231011,19,02172,1
20231011,19,02178,1
20231011,19,02179,10
20231011,19,02185,3
20231011,19,02186,1
20231011,19,02191,5
20231011,19,02198,2
20231011,19,03311,4
20231011,19,03802,2
20231011,2,02111,3
20231011,2,02112,1
20231011,2,02139,1
20231011,2,02143,1
20231011,2,02171,1
20231011,2,02179,1
20231011,2,02185,1
20231011,20,02111,4
20231011,20,02112,3
20231011,20,02122,5
20231011,20,02128,2
20231011,20,02129,1
20231011,20,02139,2
20231011,20,02148,2
20231011,20,02159,1
20231011,20,02171,8
20231011,20,02178,2
20231011,20,02179,7
20231011,20,02185,2
20231011,20,02191,4
20231011,20,02198,4
20231011,20,03311,8
20231011,20,03802,4
20231011,21,02111,8
20231011,21,02112,7
20231011,21,02122,5
20231011,21,02128,2
20231011,21,02143,2
20231011,21,02148,1
20231011,21,02159,4
20231011,21,02171,5
20231011,21,02172,2
20231011,21,02179,8
20231011,21,02185,4
20231011,21,02186,2
20231011,21,02191,1
20231011,21,02198,6
20231011,21,03311,9
20231011,22,02111,5
20231011,22,02112,3
20231011,22,02116,4
20231011,22,02122,4
20231011,22,02128,1
20231011,22,02139,1
20231011,22,02143,1
20231011,22,02148,2
20231011,22,02171,8
20231011,22,02179,7
20231011,22,02185,2
20231011,22,02186,4
20231011,22,02191,2
20231011,22,02198,4
20231011,22,03311,2
20231011,23,02111,2
20231011,23,02112,5
20231011,23,02116,2
20231011,23,02122,1
20231011,23,02128,1
20231011,23,02129,1
20231011,23,02139,4
20231011,23,02143,2
20231011,23,02171,4
20231011,23,02172,1
20231011,23,02179,5
20231011,23,02185,5
20231011,23,02186,2
20231011,23,02198,1
20231011,23,03311,2
20231011,3,02116,1
20231011,3,02129,1
20231011,3,02159,2
20231011,3,02171,1
20231011,3,02179,1
20231011,3,02191,1
20231011,4,02148,2
20231011,4,02198,1
20231011,5,02122,1
20231011,5,02128,1
20231011,5,02148,2
20231011,5,02179,5
20231011,5,02186,1
20231011,5,02198,2
20231011,6,02111,4
20231011,6,02116,1
20231011,6,02128,1
20231011,6,02143,1
20231011,6,02148,1
20231011,6,02179,2
20231011,6,02185,2
20231011,6,02186,2
20231011,6,02198,1
20231011,6,02199,1
20231011,6,03310,1
20231011,6,03802,1
20231011,7,02112,1
20231011,7,02122,2
20231011,7,02128,1
20231011,7,02139,3
20231011,7,02148,3
20231011,7,02159,2
20231011,7,02171,3
20231011,7,02186,3
20231011,7,02191,4
20231011,7,02199,1
20231011,7,03310,1
20231011,7,03311,1
20231011,7,03802,8
20231011,8,02111,1
20231011,8,02122,1
20231011,8,02128,5
20231011,8,02129,1
20231011,8,02143,3
20231011,8,02148,2
20231011,8,02159,4
20231011,8,02171,2
20231011,8,02172,1
20231011,8,02178,2
20231011,8,02179,4
20231011,8,02186,1
20231011,8,02191,2
20231011,8,02198,2
20231011,8,03310,2
20231011,8,03311,1
20231011,8,03802,2
20231011,9,02111,3
20231011,9,02112,2
20231011,9,02122,4
20231011,9,02128,1
20231011,9,02129,3
20231011,9,02139,1
20231011,9,02143,2
20231011,9,02148,5
20231011,9,02171,4
20231011,9,02172,1
20231011,9,02178,1
20231011,9,02179,5
20231011,9,02185,2
20231011,9,02198,1
20231011,9,03310,7
20231011,9,03311,2
20231011,9,03802,1
20231012,0,02111,3
20231012,0,02122,1
20231012,0,02128,2
20231012,0,02129,1
20231012,0,02143,1
20231012,0,02148,1
20231012,0,02171,4
20231012,0,02179,3
20231012,0,02186,1
20231012,0,02191,4
20231012,0,02198,3
20231012,0,03311,4
20231012,1,02111,1
20231012,1,02112,1
20231012,1,02116,5
20231012,1,02129,1
20231012,1,02139,1
20231012,1,02143,1
20231012,1,02148,2
20231012,1,02159,1
20231012,1,02171,5
20231012,1,02179,1
20231012,1,02191,2
20231012,10,02112,1
20231012,10,02122,2
20231012,10,02129,4
20231012,10,02139,2
20231012,10,02148,1
20231012,10,02171,1
20231012,10,02172,1
20231012,10,02179,1
20231012,10,02198,2
20231012,10,03310,4
20231012,10,03802,2
20231012,11,02111,2
20231012,11,02112,3
20231012,11,02116,2
20231012,11,02122,3
20231012,11,02128,1
20231012,11,02129,3
20231012,11,02139,2
20231012,11,02143,1
20231012,11,02148,6
20231012,11,02171,3
20231012,11,02172,3
20231012,11,02178,1
20231012,11,02179,2
20231012,11,02185,2
20231012,11,02198,2
20231012,11,03310,2
20231012,11,03311,2
20231012,11,03802,3
20231012,12,02111,1
20231012,12,02112,2
20231012,12,02116,1
20231012,12,02128,5
20231012,12,02129,1
20231012,12,02130,1
20231012,12,02143,1
20231012,12,02148,1
20231012,12,02159,2
20231012,12,02171,3
20231012,12,02178,1
20231012,12,02179,3
20231012,12,02185,4
20231012,12,02191,3
20231012,12,02198,3
20231012,12,03310,2
20231012,12,03311,2
20231012,13,02111,6
20231012,13,02112,3
20231012,13,02128,3
20231012,13,02129,4
20231012,13,02148,1
20231012,13,02171,5
20231012,13,02172,2
20231012,13,02178,7
20231012,13,02179,2
20231012,13,02185,2
20231012,13,02186,1
20231012,13,02191,2
20231012,13,02198,1
20231012,13,02199,1
20231012,13,03310,4
20231012,13,03311,5
20231012,14,02111,1
20231012,14,02112,1
20231012,14,02122,4
20231012,14,02128,3
20231012,14,02129,1
20231012,14,02139,2
20231012,14,02143,1
20231012,14,02148,2
20231012,14,02159,1
20231012,14,02171,5
20231012,14,02178,3
20231012,14,02179,3
20231012,14,02185,2
20231012,14,02191,3
20231012,14,02198,3
20231012,14,03310,2
20231012,14,03311,1
20231012,15,02111,2
20231012,15,02112,3
20231012,15,02116,4
20231012,15,02122,2
20231012,15,02128,2
20231012,15,02129,1
20231012,15,02130,2
20231012,15,02159,1
20231012,15,02171,6
20231012,15,02172,1
20231012,15,02178,3
20231012,15,02179,2
20231012,15,02185,1
20231012,15,02186,3
20231012,15,02191,1
20231012,15,02198,2
20231012,15,03310,1
20231012,15,03311,2
20231012,16,02111,6
20231012,16,02112,5
20231012,16,02116,2
20231012,16,02122,3
20231012,16,02128,3
20231012,16,02129,1
20231012,16,02130,1
20231012,16,02148,2
20231012,16,02171,4
20231012,16,02172,6
20231012,16,02178,4
20231012,16,02179,1
20231012,16,02185,3
20231012,16,02186,2
20231012,16,02191,3
20231012,16,03311,3
20231012,17,02111,4
20231012,17,02112,7
20231012,17,02116,4
20231012,17,02128,1
20231012,17,02129,3
20231012,17,02143,1
20231012,17,02148,2
20231012,17,02171,6
20231012,17,02172,4
20231012,17,02178,1
20231012,17,02179,4
20231012,17,02185,4
20231012,17,02186,1
20231012,17,02191,4
20231012,17,02198,5
20231012,17,02199,1
20231012,17,03311,3
20231012,18,02111,2
20231012,18,02116,3
20231012,18,02122,2
20231012,18,02128,3
20231012,18,02129,2
20231012,18,02130,3
20231012,18,02139,4
20231012,18,02143,2
20231012,18,02148,4
20231012,18,02159,2
20231012,18,02171,7
20231012,18,02172,3
20231012,18,02178,1
20231012,18,02179,6
20231012,18,02185,2
20231012,18,02186,5
20231012,18,02191,2
20231012,18,02198,2
20231012,18,03311,3
20231012,19,02111,3
20231012,19,02112,2
20231012,19,02116,7
20231012,19,02122,5
20231012,19,02128,3
20231012,19,02129,1
20231012,19,02130,2
20231012,19,02139,4
20231012,19,02148,4
20231012,19,02159,2
20231012,19,02171,4
20231012,19,02172,2
20231012,19,02179,12
20231012,19,02185,6
20231012,19,02186,4
20231012,19,02191,3
20231012,19,02198,2
20231012,19,02199,1
20231012,19,03310,1
20231012,19,03311,8
20231012,19,03802,4
20231012,2,02111,1
20231012,2,02112,2
20231012,2,02128,1
20231012,2,02185,1
20231012,2,02191,1
20231012,2,02198,1
20231012,20,02111,8
20231012,20,02112,1
20231012,20,02122,3
20231012,20,02128,3
20231012,20,02129,1
20231012,20,02130,1
20231012,20,02143,1
20231012,20,02148,4
20231012,20,02159,1
20231012,20,02171,4
20231012,20,02179,5
20231012,20,02185,1
20231012,20,02186,4
20231012,20,02191,3
20231012,20,02198,2
20231012,20,02199,1
20231012,20,03310,1
20231012,20,03311,3
20231012,20,03802,3
20231012,21,02111,4
20231012,21,02112,3
20231012,21,02116,4
20231012,21,02128,2
20231012,21,02129,1
20231012,21,02130,3
20231012,21,02139,4
20231012,21,02143,3
20231012,21,02148,3
20231012,21,02159,1
20231012,21,02179,5
20231012,21,02185,1
20231012,21,02186,8
20231012,21,02191,4
20231012,21,02198,6
20231012,21,03311,4
20231012,21,03802,3
20231012,22,02111,5
20231012,22,02112,4
20231012,22,02116,3
20231012,22,02122,3
20231012,22,02128,1
20231012,22,02129,1
20231012,22,02130,1
20231012,22,02139,4
20231012,22,02148,6
20231012,22,02159,2
20231012,22,02171,6
20231012,22,02179,4
20231012,22,02185,2
20231012,22,02186,3
20231012,22,02191,4
20231012,22,02198,3
20231012,22,02199,2
20231012,22,03311,2
20231012,22,03802,9
20231012,23,02111,3
20231012,23,02112,8
20231012,23,02116,3
20231012,23,02122,1
20231012,23,02128,1
20231012,23,02129,1
20231012,23,02139,1
20231012,23,02148,1
20231012,23,02171,1
20231012,23,02179,6
20231012,23,02186,4
20231012,23,02191,2
20231012,23,02198,1
20231012,23,03311,3
20231012,3,02111,1
20231012,3,02122,4
20231012,3,02148,1
20231012,3,02186,1
20231012,3,02198,1
20231012,4,02116,1
20231012,5,02111,2
20231012,5,02122,2
20231012,5,02128,1
20231012,5,02139,1
20231012,5,02179,4
20231012,5,02185,1
20231012,5,02191,1
20231012,6,02111,1
20231012,6,02116,1
20231012,6,02139,2
20231012,6,02148,1
20231012,6,02171,1
20231012,6,02186,1
20231012,6,02191,1
20231012,6,02199,1
20231012,6,03311,2
20231012,6,03802,1
20231012,7,02111,1
20231012,7,02122,3
20231012,7,02128,3
20231012,7,02139,7
20231012,7,02143,2
20231012,7,02148,2
20231012,7,02171,3
20231012,7,02179,2
20231012,7,02185,2
20231012,7,02186,1
20231012,7,02191,2
20231012,7,03311,3
20231012,7,03802,9
20231012,8,02111,4
20231012,8,02112,3
20231012,8,02128,2
20231012,8,02139,3
20231012,8,02143,2
20231012,8,02148,5
20231012,8,02159,2
20231012,8,02171,7
20231012,8,02172,1
20231012,8,02178,1
20231012,8,02179,2
20231012,8,02185,7
20231012,8,02186,1
20231012,8,02191,3
20231012,8,02198,3
20231012,8,03310,1
20231012,8,03311,5
20231012,8,03802,11
20231012,9,02111,2
20231012,9,02112,1
20231012,9,02116,1
20231012,9,02122,2
20231012,9,02128,2
20231012,9,02129,3
20231012,9,02139,1
20231012,9,02143,3
20231012,9,02148,3
20231012,9,02171,6
20231012,9,02179,2
20231012,9,02185,4
20231012,9,02186,1
20231012,9,02191,3
20231012,9,03311,2
20231012,9,03802,2
20231013,0,02111,2
20231013,0,02112,2
20231013,0,02116,1
20231013,0,02122,2
20231013,0,02129,1
20231013,0,02139,4
20231013,0,02143,1
20231013,0,02148,1
20231013,0,02159,1
20231013,0,02171,3
20231013,0,02179,5
20231013,0,02185,3
20231013,0,02186,1
20231013,0,02191,4
20231013,0,02198,1
20231013,0,03311,1
20231013,1,02128,1
20231013,1,02139,1
20231013,1,02143,1
20231013,1,02171,5
20231013,1,02185,2
20231013,1,02186,3
20231013,1,02198,2
20231013,1,02199,1
20231013,1,03311,1
20231013,10,02111,1
20231013,10,02112,1
20231013,10,02116,2
20231013,10,02122,1
20231013,10,02129,3
20231013,10,02143,3
20231013,10,02159,2
20231013,10,02185,1
20231013,10,03311,1
20231013,10,03802,2
20231013,11,02111,3
20231013,11,02112,2
20231013,11,02122,1
20231013,11,02128,1
20231013,11,02129,2
20231013,11,02139,2
20231013,11,02148,4
20231013,11,02159,1
20231013,11,02171,1
20231013,11,02178,2
20231013,11,02179,1
20231013,11,02186,2
20231013,11,02191,1
20231013,11,02198,1
20231013,11,03311,1
20231013,11,03802,1
20231013,12,02112,2
20231013,12,02116,2
20231013,12,02122,2
20231013,12,02128,2
20231013,12,02129,1
20231013,12,02143,1
20231013,12,02148,3
20231013,12,02171,6
20231013,12,02172,3
20231013,12,02178,1
20231013,12,02179,2
20231013,12,02185,2
20231013,12,02198,1
20231013,12,03311,4
20231013,12,03802,2
20231013,13,02111,2
20231013,13,02112,3
20231013,13,02128,1
20231013,13,02129,1
20231013,13,02139,1
20231013,13,02143,1
20231013,13,02148,1
20231013,13,02171,3
20231013,13,02172,1
20231013,13,02178,8
20231013,13,02179,2
20231013,13,02185,2
20231013,13,02191,1
20231013,13,03311,4
20231013,14,02111,6
20231013,14,02112,1
20231013,14,02116,1
20231013,14,02139,1
20231013,14,02143,1
20231013,14,02159,1
20231013,14,02171,7
20231013,14,02178,2
20231013,14,02185,1
20231013,14,02186,1
20231013,14,02191,1
20231013,14,02198,2
20231013,15,02111,4
20231013,15,02112,2
20231013,15,02122,1
20231013,15,02128,1
20231013,15,02139,2
20231013,15,02143,1
20231013,15,02171,2
20231013,15,02172,3
20231013,15,02178,2
20231013,15,02179,3
20231013,15,02185,1
20231013,15,02191,1
20231013,15,02198,2
20231013,15,03311,4
20231013,16,02111,1
20231013,16,02112,2
20231013,16,02116,6
20231013,16,02122,2
20231013,16,02139,2
20231013,16,02143,3
20231013,16,02159,1
20231013,16,02171,6
20231013,16,02172,5
20231013,16,02178,1
20231013,16,02179,6
20231013,16,02185,3
20231013,16,02186,2
20231013,16,02191,2
20231013,16,02198,2
20231013,16,03310,1
20231013,16,03311,11
20231013,17,02111,4
20231013,17,02112,4
20231013,17,02116,7
20231013,17,02122,2
20231013,17,02128,2
20231013,17,02129,2
20231013,17,02139,3
20231013,17,02143,2
20231013,17,02148,2
20231013,17,02171,5
20231013,17,02172,3
20231013,17,02178,1
20231013,17,02179,4
20231013,17,02185,1
20231013,17,02186,4
20231013,17,02191,3
20231013,17,02198,5
20231013,17,03311,4
20231013,17,03802,2
20231013,18,02111,8
20231013,18,02112,5
20231013,18,02116,7
20231013,18,02122,3
20231013,18,02128,4
20231013,18,02129,2
20231013,18,02130,3
20231013,18,02139,1
20231013,18,02143,2
20231013,18,02148,3
20231013,18,02159,1
20231013,18,02171,5
20231013,18,02172,1
20231013,18,02178,1
20231013,18,02179,4
20231013,18,02186,11
20231013,18,02191,2
20231013,18,02198,4
20231013,18,03311,3
20231013,18,03802,2
20231013,19,02111,4
20231013,19,02112,5
20231013,19,02116,5
20231013,19,02122,1
20231013,19,02128,1
20231013,19,02139,1
20231013,19,02143,1
20231013,19,02148,1
20231013,19,02159,3
20231013,19,02171,7
20231013,19,02172,1
20231013,19,02178,1
20231013,19,02179,6
20231013,19,02185,3
20231013,19,02186,3
20231013,19,02191,5
20231013,19,02198,2
20231013,19,03310,1
20231013,19,03311,3
20231013,19,03802,2
20231013,2,02111,1
20231013,2,02112,2
20231013,2,02116,1
20231013,2,02171,1
20231013,2,02179,2
20231013,2,02185,2
20231013,2,02198,1
20231013,20,02111,3
20231013,20,02112,4
20231013,20,02116,6
20231013,20,02122,2
20231013,20,02128,1
20231013,20,02130,1
20231013,20,02143,1
20231013,20,02159,3
20231013,20,02171,7
20231013,20,02179,10
20231013,20,02185,3
20231013,20,02186,5
20231013,20,02191,1
20231013,20,02198,1
20231013,20,02199,1
20231013,20,03311,3
20231013,20,03802,1
20231013,21,02111,4
20231013,21,02112,4
20231013,21,02116,1
20231013,21,02122,3
20231013,21,02139,10
20231013,21,02143,1
20231013,21,02148,2
20231013,21,02159,2
20231013,21,02171,4
20231013,21,02172,1
20231013,21,02178,1
20231013,21,02179,2
20231013,21,02185,3
20231013,21,02186,1
20231013,21,02191,5
20231013,21,02198,3
20231013,21,03310,1
20231013,21,03311,1
20231013,22,02111,3
20231013,22,02112,4
20231013,22,02116,3
20231013,22,02122,2
20231013,22,02128,6
20231013,22,02139,2
20231013,22,02148,1
20231013,22,02171,5
20231013,22,02172,2
20231013,22,02179,4
20231013,22,02185,4
20231013,22,02186,1
20231013,22,02191,1
20231013,22,02198,1
20231013,22,02199,2
20231013,22,03311,2
20231013,22,03802,1
20231013,23,02111,2
20231013,23,02112,1
20231013,23,02116,1
20231013,23,02128,2
20231013,23,02129,1
20231013,23,02130,1
20231013,23,02139,3
20231013,23,02148,1
20231013,23,02171,1
20231013,23,02185,5
20231013,23,02186,2
20231013,23,02191,2
20231013,23,02198,1
20231013,23,03311,1
20231013,3,02112,1
20231013,3,02171,1
20231013,3,03311,1
20231013,4,02111,1
20231013,4,02112,1
20231013,4,02178,1
20231013,4,02179,1
20231013,4,02191,1
20231013,5,02143,1
20231013,5,02179,1
20231013,5,02186,1
20231013,5,02198,1
20231013,6,02111,1
20231013,6,02148,1
20231013,6,02171,1
20231013,6,02185,1
20231013,6,02198,1
20231013,6,03311,1
20231013,7,02111,1
20231013,7,02122,1
20231013,7,02128,2
20231013,7,02139,6
20231013,7,02171,1
20231013,7,02179,1
20231013,7,02185,2
20231013,7,02191,5
20231013,7,03311,1
20231013,7,03802,7
20231013,8,02111,1
20231013,8,02128,4
20231013,8,02129,1
20231013,8,02139,3
20231013,8,02143,8
20231013,8,02148,4
20231013,8,02171,5
20231013,8,02172,1
20231013,8,02178,2
20231013,8,02179,2
20231013,8,02185,2
20231013,8,02186,1
20231013,8,02191,4
20231013,8,03310,1
20231013,8,03802,2
20231013,9,02111,3
20231013,9,02112,2
20231013,9,02122,1
20231013,9,02128,2
20231013,9,02139,1
20231013,9,02148,2
20231013,9,02171,4
20231013,9,02179,2
20231013,9,02185,3
20231013,9,02191,2
20231013,9,02198,1
20231013,9,02199,1
20231013,9,03311,2
20231013,9,03802,1
20231014,0,02111,2
20231014,0,02112,1
20231014,0,02116,1
20231014,0,02139,1
20231014,0,02148,1
20231014,0,02171,5
20231014,0,02179,4
20231014,0,02185,2
20231014,0,02186,1
20231014,0,02191,3
20231014,0,02198,2
20231014,0,03311,1
20231014,1,02112,1
20231014,1,02116,1
20231014,1,02128,2
20231014,1,02148,2
20231014,1,02159,2
20231014,1,02171,4
20231014,1,02178,1
20231014,1,02179,3
20231014,1,02185,2
20231014,1,02186,2
20231014,1,02198,1
20231014,1,03310,1
20231014,10,02111,2
20231014,10,02116,1
20231014,10,02122,1
20231014,10,02128,1
20231014,10,02139,1
20231014,10,02148,1
20231014,10,02171,1
20231014,10,02172,1
20231014,10,02185,1
20231014,10,02186,3
20231014,10,03802,2
20231014,11,02148,1
20231014,11,02171,1
20231014,11,02179,1
20231014,11,02185,1
20231014,11,02186,2
20231014,12,02111,3
20231014,12,02116,1
20231014,12,02128,1
20231014,12,02139,2
20231014,12,02171,3
20231014,12,02198,1
20231014,12,03311,2
20231014,12,03802,1
20231014,13,02111,2
20231014,13,02112,1
20231014,13,02116,1
20231014,13,02122,1
20231014,13,02128,1
20231014,13,02139,1
20231014,13,02143,1
20231014,13,02148,1
20231014,13,02171,2
20231014,13,02179,4
20231014,13,02186,1
20231014,13,02191,3
20231014,14,02111,3
20231014,14,02112,3
20231014,14,02122,1
20231014,14,02128,1
20231014,14,02139,4
20231014,14,02171,2
20231014,14,02179,4
20231014,14,02185,2
20231014,14,02186,2
20231014,14,02191,1
20231014,14,02198,3
20231014,15,02111,4
20231014,15,02112,2
20231014,15,02116,2
20231014,15,02122,1
20231014,15,02139,5
20231014,15,02159,1
20231014,15,02171,2
20231014,15,02172,2
20231014,15,02178,2
20231014,15,02179,2
20231014,15,02186,1
20231014,15,02191,2
20231014,15,02198,1
20231014,15,03311,1
20231014,16,02111,4
20231014,16,02112,1
20231014,16,02116,7
20231014,16,02122,1
20231014,16,02128,3
20231014,16,02130,1
20231014,16,02139,1
20231014,16,02148,2
20231014,16,02159,2
20231014,16,02171,10
20231014,16,02172,2
20231014,16,02178,2
20231014,16,02179,1
20231014,16,02186,4
20231014,16,02191,3
20231014,16,02198,2
20231014,16,02199,1
20231014,16,03311,1
20231014,17,02111,6
20231014,17,02112,4
20231014,17,02116,2
20231014,17,02122,2
20231014,17,02128,1
20231014,17,02129,1
20231014,17,02130,2
20231014,17,02148,3
20231014,17,02159,1
20231014,17,02171,7
20231014,17,02172,3
20231014,17,02178,1
20231014,17,02179,1
20231014,17,02185,1
20231014,17,02186,2
20231014,17,02191,3
20231014,17,02198,3
20231014,17,02199,1
20231014,17,03311,5
20231014,17,03802,1
20231014,18,02111,2
20231014,18,02112,4
20231014,18,02122,3
20231014,18,02128,1
20231014,18,02139,1
20231014,18,02148,3
20231014,18,02159,2
20231014,18,02171,8
20231014,18,02172,3
20231014,18,02179,3
20231014,18,02185,2
20231014,18,02191,5
20231014,18,02198,5
20231014,18,03311,1
20231014,19,02111,8
20231014,19,02112,4
20231014,19,02116,1
20231014,19,02122,3
20231014,19,02139,5
20231014,19,02159,1
20231014,19,02171,4
20231014,19,02172,1
20231014,19,02178,1
20231014,19,02179,2
20231014,19,02185,3
20231014,19,02191,3
20231014,19,02198,6
20231014,19,02199,1
20231014,19,03311,4
20231014,2,02112,1
20231014,2,02116,1
20231014,2,02139,1
20231014,2,02143,1
20231014,2,02148,1
20231014,2,02159,1
20231014,2,02171,2
20231014,2,02179,1
20231014,2,02185,1
20231014,20,02111,6
20231014,20,02112,1
20231014,20,02116,6
20231014,20,02122,1
20231014,20,02128,2
20231014,20,02130,2
20231014,20,02148,3
20231014,20,02159,2
20231014,20,02171,6
20231014,20,02178,1
20231014,20,02179,1
20231014,20,02185,1
20231014,20,02186,3
20231014,20,02198,2
20231014,20,03311,1
20231014,20,03802,3
20231014,21,02111,6
20231014,21,02112,1
20231014,21,02122,2
20231014,21,02143,2
20231014,21,02148,3
20231014,21,02159,1
20231014,21,02171,2
20231014,21,02172,1
20231014,21,02179,7
20231014,21,02185,3
20231014,21,02186,4
20231014,21,02191,3
20231014,21,02198,2
20231014,21,03310,2
20231014,21,03311,1
20231014,22,02111,3
20231014,22,02112,4
20231014,22,02116,1
20231014,22,02128,2
20231014,22,02139,1
20231014,22,02159,1
20231014,22,02171,4
20231014,22,02178,2
20231014,22,02179,1
20231014,22,02185,1
20231014,22,02186,4
20231014,22,02191,4
20231014,22,02198,4
20231014,22,03802,1
20231014,23,02111,3
20231014,23,02112,3
20231014,23,02139,1
20231014,23,02143,1
20231014,23,02148,2
20231014,23,02159,2
20231014,23,02171,5
20231014,23,02179,2
20231014,23,02185,2
20231014,23,02191,4
20231014,23,02198,1
20231014,23,03310,1
20231014,23,03311,2
20231014,23,03802,1
20231014,3,02112,1
20231014,3,02116,2
20231014,3,02122,1
20231014,3,02139,1
20231014,3,02179,2
20231014,3,02185,1
20231014,3,02191,1
20231014,4,02111,1
20231014,4,02116,2
20231014,4,02128,1
20231014,4,02159,1
20231014,4,02191,1
20231014,4,02198,1
20231014,5,02111,2
20231014,5,02128,1
20231014,5,02139,1
20231014,5,02148,1
20231014,5,02186,1
20231014,5,02198,1
20231014,6,02139,2
20231014,6,02159,1
20231014,6,02171,2
20231014,6,02185,1
20231014,7,02111,1
20231014,7,02128,1
20231014,7,02191,1
20231014,7,03802,1
20231014,8,03310,1
20231014,9,02111,1
20231014,9,02112,1
20231014,9,02128,1
20231014,9,02148,3
20231014,9,02185,1
20231014,9,03311,1
20231014,9,03802,2
20231015,0,02111,5
20231015,0,02116,3
20231015,0,02122,2
20231015,0,02128,2
20231015,0,02143,1
20231015,0,02171,5
20231015,0,02172,1
20231015,0,02179,5
20231015,0,02186,4
20231015,0,02191,2
20231015,0,02198,1
20231015,0,02199,2
20231015,0,03310,1
20231015,0,03311,1
20231015,1,02111,1
20231015,1,02112,2
20231015,1,02116,3
20231015,1,02130,1
20231015,1,02148,1
20231015,1,02159,1
20231015,1,02171,1
20231015,1,02179,1
20231015,1,02198,1
20231015,10,02112,2
20231015,10,02116,2
20231015,10,02122,3
20231015,10,02128,1
20231015,10,02130,1
20231015,10,02139,1
20231015,10,02143,2
20231015,10,02148,2
20231015,10,02171,3
20231015,10,02172,1
20231015,10,02178,1
20231015,10,02179,7
20231015,10,02191,2
20231015,10,02198,1
20231015,10,03310,1
20231015,10,03802,2
20231015,11,02111,3
20231015,11,02112,2
20231015,11,02116,1
20231015,11,02128,3
20231015,11,02148,1
20231015,11,02159,2
20231015,11,02171,1
20231015,11,02172,2
20231015,11,02178,3
20231015,11,02179,3
20231015,11,02186,4
20231015,11,02198,1
20231015,11,03310,2
20231015,11,03311,1
20231015,11,03802,1
20231015,12,02111,6
20231015,12,02112,7
20231015,12,02116,1
20231015,12,02122,5
20231015,12,02128,1
20231015,12,02130,1
20231015,12,02139,2
20231015,12,02148,2
20231015,12,02159,1
20231015,12,02171,5
20231015,12,02172,1
20231015,12,02178,2
20231015,12,02179,2
20231015,12,02185,4
20231015,12,02186,1
20231015,12,02191,2
20231015,12,02198,3
20231015,12,03311,1
20231015,13,02111,11
20231015,13,02112,1
20231015,13,02116,6
20231015,13,02130,1
20231015,13,02139,3
20231015,13,02148,1
20231015,13,02171,7
20231015,13,02172,2
20231015,13,02179,4
20231015,13,02185,3
20231015,13,02186,4
20231015,13,02198,4
20231015,13,02199,1
20231015,13,03310,1
20231015,13,03311,2
20231015,13,03802,4
20231015,14,02111,7
20231015,14,02112,5
20231015,14,02116,2
20231015,14,02122,3
20231015,14,02128,1
20231015,14,02139,3
20231015,14,02148,4
20231015,14,02171,5
20231015,14,02172,1
20231015,14,02178,1
20231015,14,02179,4
20231015,14,02185,2
20231015,14,02186,2
20231015,14,02191,3
20231015,14,03311,3
20231015,15,02111,2
20231015,15,02112,3
20231015,15,02116,2
20231015,15,02122,3
20231015,15,02128,2
20231015,15,02130,1
20231015,15,02143,1
20231015,15,02148,2
20231015,15,02159,2
20231015,15,02171,6
20231015,15,02172,5
20231015,15,02179,2
20231015,15,02185,3
20231015,15,02186,4
20231015,15,02191,6
20231015,15,02198,3
20231015,15,02199,1
20231015,15,03802,1
20231015,16,02111,5
20231015,16,02112,2
20231015,16,02116,2
20231015,16,02128,5
20231015,16,02130,1
20231015,16,02139,1
20231015,16,02143,2
20231015,16,02148,2
20231015,16,02171,7
20231015,16,02172,4
20231015,16,02178,4
20231015,16,02179,2
20231015,16,02185,1
20231015,16,02186,6
20231015,16,02191,4
20231015,16,03310,2
20231015,16,03311,3
20231015,17,02111,4
20231015,17,02112,4
20231015,17,02116,4
20231015,17,02122,7
20231015,17,02128,3
20231015,17,02129,3
20231015,17,02130,5
20231015,17,02139,1
20231015,17,02148,6
20231015,17,02159,1
20231015,17,02171,9
20231015,17,02178,2
20231015,17,02179,6
20231015,17,02186,1
20231015,17,02198,2
20231015,17,02199,1
20231015,17,03310,3
20231015,17,03311,2
20231015,17,03802,2
20231015,18,02111,9
20231015,18,02112,7
20231015,18,02116,6
20231015,18,02122,5
20231015,18,02128,4
20231015,18,02143,1
20231015,18,02148,2
20231015,18,02159,1
20231015,18,02171,9
20231015,18,02178,4
20231015,18,02179,5
20231015,18,02185,2
20231015,18,02186,1
20231015,18,02191,6
20231015,18,02198,4
20231015,18,03310,2
20231015,18,03311,4
20231015,19,02111,2
20231015,19,02112,4
20231015,19,02116,4
20231015,19,02122,1
20231015,19,02128,1
20231015,19,02143,1
20231015,19,02148,1
20231015,19,02159,3
20231015,19,02171,9
20231015,19,02179,6
20231015,19,02186,2
20231015,19,02191,4
20231015,19,02198,2
20231015,19,03310,1
20231015,19,03311,7
20231015,2,02111,3
20231015,2,02112,1
20231015,2,02116,1
20231015,2,02122,3
20231015,2,02128,1
20231015,2,02139,1
20231015,2,02171,2
20231015,2,02179,4
20231015,2,02186,1
20231015,2,03311,1
20231015,20,02111,7
20231015,20,02112,4
20231015,20,02116,1
20231015,20,02128,3
20231015,20,02129,1
20231015,20,02130,3
20231015,20,02148,3
20231015,20,02159,1
20231015,20,02171,6
20231015,20,02178,2
20231015,20,02179,3
20231015,20,02186,2
20231015,20,02191,4
20231015,20,02198,4
20231015,20,03310,1
20231015,20,03311,2
20231015,20,03802,1
20231015,21,02111,5
20231015,21,02112,1
20231015,21,02116,10
20231015,21,02128,3
20231015,21,02129,1
20231015,21,02130,1
20231015,21,02139,2
20231015,21,02148,2
20231015,21,02171,5
20231015,21,02172,1
20231015,21,02178,1
20231015,21,02179,4
20231015,21,02185,5
20231015,21,02186,3
20231015,21,02191,3
20231015,21,02198,4
20231015,21,03311,1
20231015,22,02111,3
20231015,22,02112,2
20231015,22,02116,1
20231015,22,02122,2
20231015,22,02128,1
20231015,22,02139,2
20231015,22,02148,3
20231015,22,02171,3
20231015,22,02178,3
20231015,22,02179,3
20231015,22,02185,1
20231015,22,02186,3
20231015,22,02198,2
20231015,22,02199,1
20231015,22,03310,1
20231015,22,03311,1
20231015,23,02111,3
20231015,23,02112,1
20231015,23,02129,1
20231015,23,02148,1
20231015,23,02159,1
20231015,23,02171,3
20231015,23,02179,3
20231015,23,02185,4
20231015,23,02186,1
20231015,23,02191,1
20231015,23,02198,5
20231015,23,03310,1
20231015,3,02111,1
20231015,3,02128,1
20231015,3,02143,1
20231015,3,02171,2
20231015,3,02198,1
20231015,4,02111,1
20231015,4,02116,1
20231015,4,02179,1
20231015,4,02185,2
20231015,4,02191,1
20231015,4,02198,2
20231015,5,02111,1
20231015,5,02122,1
20231015,5,02148,1
20231015,5,03802,1
20231015,6,02139,1
20231015,6,02179,2
20231015,6,02185,1
20231015,6,02191,2
20231015,7,02111,1
20231015,7,02139,2
20231015,7,02159,1
20231015,7,02171,1
20231015,7,02172,1
20231015,8,02122,1
20231015,8,02128,1
20231015,8,02148,1
20231015,8,02171,3
20231015,8,02172,1
20231015,8,02186,2
20231015,8,02198,2
20231015,8,03311,1
20231015,9,02111,1
20231015,9,02112,2
20231015,9,02116,1
20231015,9,02128,2
20231015,9,02129,2
20231015,9,02139,2
20231015,9,02171,3
20231015,9,02172,2
20231015,9,02179,4
20231015,9,02185,4
20231015,9,02186,2
20231015,9,02191,3
20231015,9,02198,2
20231015,9,03310,1
20231015,9,03311,1
20231015,9,03802,1
20231016,0,02111,2
20231016,0,02112,1
20231016,0,02116,6
20231016,0,02122,2
20231016,0,02128,3
20231016,0,02171,4
20231016,0,02179,6
20231016,0,02185,1
20231016,0,02186,1
20231016,0,02191,5
20231016,0,03310,1
20231016,0,03311,1
20231016,1,02111,1
20231016,1,02112,1
20231016,1,02128,1
20231016,1,02148,1
20231016,1,02179,4
20231016,1,02191,1
20231016,1,03310,1
20231016,1,03311,1
20231016,10,02111,3
20231016,10,02122,2
20231016,10,02128,2
20231016,10,02129,1
20231016,10,02143,1
20231016,10,02148,3
20231016,10,02178,1
20231016,10,02179,1
20231016,10,02185,1
20231016,10,02191,1
20231016,10,02198,2
20231016,10,02199,1
20231016,10,03310,5
20231016,10,03311,2
20231016,10,03802,1
20231016,11,02111,1
20231016,11,02112,5
20231016,11,02122,3
20231016,11,02139,1
20231016,11,02143,1
20231016,11,02148,1
20231016,11,02159,2
20231016,11,02171,2
20231016,11,02172,3
20231016,11,02185,3
20231016,11,03311,4
20231016,11,03802,3
20231016,12,02111,4
20231016,12,02112,1
20231016,12,02122,2
20231016,12,02130,1
20231016,12,02139,1
20231016,12,02148,1
20231016,12,02159,2
20231016,12,02171,1
20231016,12,02178,1
20231016,12,02179,3
20231016,12,02185,2
20231016,12,03310,2
20231016,12,03311,1
20231016,12,03802,1
20231016,13,02111,4
20231016,13,02112,4
20231016,13,02116,1
20231016,13,02122,1
20231016,13,02128,1
20231016,13,02130,1
20231016,13,02139,1
20231016,13,02148,3
20231016,13,02171,5
20231016,13,02172,1
20231016,13,02178,3
20231016,13,02179,6
20231016,13,02186,1
20231016,13,02191,1
20231016,13,02198,1
20231016,13,03310,3
20231016,13,03802,2
20231016,14,02111,3
20231016,14,02112,2
20231016,14,02122,3
20231016,14,02128,3
20231016,14,02130,1
20231016,14,02148,3
20231016,14,02159,1
20231016,14,02171,2
20231016,14,02172,1
20231016,14,02178,4
20231016,14,02179,1
20231016,14,02185,1
20231016,14,02186,1
20231016,14,02198,1
20231016,14,03802,1
20231016,15,02111,4
20231016,15,02112,1
20231016,15,02122,4
20231016,15,02128,2
20231016,15,02130,1
20231016,15,02139,1
20231016,15,02143,1
20231016,15,02148,1
20231016,15,02171,9
20231016,15,02172,3
20231016,15,02178,3
20231016,15,02185,2
20231016,15,02186,1
20231016,15,02199,1
20231016,15,03310,1
20231016,15,03311,1
20231016,16,02111,5
20231016,16,02112,1
20231016,16,02116,3
20231016,16,02122,3
20231016,16,02128,2
20231016,16,02129,1
20231016,16,02130,1
20231016,16,02148,2
20231016,16,02171,2
20231016,16,02172,3
20231016,16,02178,2
20231016,16,02179,2
20231016,16,02185,1
20231016,16,02186,1
20231016,16,02191,2
20231016,16,02198,2
20231016,16,02199,1
20231016,16,03310,3
20231016,16,03311,3
20231016,17,02111,3
20231016,17,02112,3
20231016,17,02116,3
20231016,17,02122,1
20231016,17,02128,5
20231016,17,02129,1
20231016,17,02143,2
20231016,17,02148,2
20231016,17,02159,1
20231016,17,02171,8
20231016,17,02179,3
20231016,17,02186,5
20231016,17,02191,2
20231016,17,02198,4
20231016,17,02199,1
20231016,17,03310,1
20231016,17,03311,8
20231016,18,02111,6
20231016,18,02112,2
20231016,18,02116,2
20231016,18,02122,1
20231016,18,02128,7
20231016,18,02129,1
20231016,18,02130,4
20231016,18,02139,2
20231016,18,02143,5
20231016,18,02148,2
20231016,18,02171,8
20231016,18,02172,1
20231016,18,02179,10
20231016,18,02185,3
20231016,18,02186,1
20231016,18,02191,4
20231016,18,02198,1
20231016,18,02199,2
20231016,18,03310,5
20231016,18,03311,5
20231016,18,03802,1
20231016,19,02111,13
20231016,19,02112,12
20231016,19,02116,2
20231016,19,02122,4
20231016,19,02128,2
20231016,19,02130,3
20231016,19,02139,5
20231016,19,02143,1
20231016,19,02148,10
20231016,19,02159,1
20231016,19,02171,8
20231016,19,02178,1
20231016,19,02179,5
20231016,19,02186,2
20231016,19,02191,2
20231016,19,02198,7
20231016,19,03311,1
20231016,19,03802,4
20231016,2,02111,1
20231016,2,02172,1
20231016,2,02179,2
20231016,2,02198,1
20231016,20,02111,4
20231016,20,02112,6
20231016,20,02116,4
20231016,20,02128,2
20231016,20,02139,2
20231016,20,02143,3
20231016,20,02148,2
20231016,20,02159,2
20231016,20,02171,6
20231016,20,02179,3
20231016,20,02185,2
20231016,20,02186,3
20231016,20,02191,1
20231016,20,02198,2
20231016,20,03310,3
20231016,20,03802,7
20231016,21,02111,3
20231016,21,02112,4
20231016,21,02116,2
20231016,21,02122,5
20231016,21,02128,4
20231016,21,02129,1
20231016,21,02139,2
20231016,21,02148,3
20231016,21,02159,2
20231016,21,02171,8
20231016,21,02172,2
20231016,21,02179,3
20231016,21,02185,3
20231016,21,02186,1
20231016,21,02191,4
20231016,21,02199,1
20231016,21,03310,2
20231016,21,03311,1
20231016,21,03802,2
20231016,22,02111,1
20231016,22,02112,3
20231016,22,02116,3
20231016,22,02122,1
20231016,22,02128,3
20231016,22,02130,1
20231016,22,02139,1
20231016,22,02143,1
20231016,22,02171,8
20231016,22,02178,1
20231016,22,02179,4
20231016,22,02185,6
20231016,22,02186,1
20231016,22,02191,3
20231016,22,02198,4
20231016,22,03311,2
20231016,23,02111,4
20231016,23,02116,7
20231016,23,02122,1
20231016,23,02130,1
20231016,23,02139,1
20231016,23,02159,1
20231016,23,02171,5
20231016,23,02172,1
20231016,23,02179,1
20231016,23,02185,1
20231016,3,02148,1
20231016,3,02171,2
20231016,3,03311,1
20231016,4,02111,1
20231016,4,02129,1
20231016,4,02143,1
20231016,4,02185,1
20231016,5,02112,1
20231016,5,02122,2
20231016,5,02128,1
20231016,5,02129,1
20231016,5,02198,1
20231016,6,02111,1
20231016,6,02122,1
20231016,6,02128,1
20231016,6,02148,3
20231016,6,02171,1
20231016,6,02185,2
20231016,6,02186,5
20231016,6,02191,2
20231016,6,03310,2
20231016,6,03311,1
20231016,6,03802,1
20231016,7,02112,1
20231016,7,02122,1
20231016,7,02128,1
20231016,7,02129,1
20231016,7,02139,7
20231016,7,02143,2
20231016,7,02148,1
20231016,7,02171,3
20231016,7,02178,1
20231016,7,02179,1
20231016,7,02185,2
20231016,7,02186,3
20231016,7,02191,4
20231016,7,02198,2
20231016,7,03310,2
20231016,7,03311,3
20231016,7,03802,5
20231016,8,02111,2
20231016,8,02112,2
20231016,8,02116,1
20231016,8,02122,2
20231016,8,02128,1
20231016,8,02139,4
20231016,8,02143,5
20231016,8,02148,1
20231016,8,02159,2
20231016,8,02171,3
20231016,8,02172,2
20231016,8,02179,4
20231016,8,02185,2
20231016,8,02191,2
20231016,8,03310,3
20231016,8,03311,1
20231016,8,03802,7
20231016,9,02111,1
20231016,9,02112,2
20231016,9,02128,1
20231016,9,02129,1
20231016,9,02143,1
20231016,9,02148,3
20231016,9,02171,6
20231016,9,02172,3
20231016,9,02179,3
20231016,9,02185,2
20231016,9,02186,1
20231016,9,02191,1
20231016,9,02198,3
20231016,9,03310,8
20231016,9,03311,1
20231016,9,03802,2
20231017,0,02111,1
20231017,0,02122,1
20231017,0,02128,1
20231017,0,02139,1
20231017,0,02148,2
20231017,0,02179,2
20231017,0,02185,2
20231017,0,02198,1
20231017,1,02111,1
20231017,1,02116,1
20231017,1,02122,1
20231017,1,02128,1
20231017,1,02148,1
20231017,1,02171,2
20231017,1,02179,4
20231017,1,02186,1
20231017,1,02191,2
20231017,1,02198,1
20231017,1,02199,1
20231017,1,03311,1
20231017,10,02111,4
20231017,10,02112,2
20231017,10,02116,2
20231017,10,02122,3
20231017,10,02128,1
20231017,10,02129,1
20231017,10,02139,1
20231017,10,02148,3
20231017,10,02171,3
20231017,10,02172,1
20231017,10,02178,3
20231017,10,02179,1
20231017,10,02185,1
20231017,10,02186,2
20231017,10,02191,1
20231017,10,02198,2
20231017,10,03310,2
20231017,10,03311,1
20231017,10,03802,3
20231017,11,02111,4
20231017,11,02112,2
20231017,11,02128,1
20231017,11,02129,3
20231017,11,02139,2
20231017,11,02143,1
20231017,11,02148,4
20231017,11,02159,1
20231017,11,02171,3
20231017,11,02178,1
20231017,11,02185,1
20231017,11,02186,1
20231017,11,03310,1
20231017,11,03311,5
20231017,11,03802,2
20231017,12,02111,4
20231017,12,02112,1
20231017,12,02116,1
20231017,12,02122,2
20231017,12,02128,2
20231017,12,02129,1
20231017,12,02143,1
20231017,12,02148,1
20231017,12,02171,4
20231017,12,02172,2
20231017,12,02178,3
20231017,12,02179,4
20231017,12,02199,1
20231017,12,03310,2
20231017,12,03311,2
20231017,12,03802,3
20231017,13,02111,2
20231017,13,02112,1
20231017,13,02116,1
20231017,13,02122,1
20231017,13,02128,3
20231017,13,02148,1
20231017,13,02171,2
20231017,13,02178,5
20231017,13,02179,5
20231017,13,02186,1
20231017,13,02198,1
20231017,13,03310,1
20231017,13,03311,2
20231017,14,02111,3
20231017,14,02112,5
20231017,14,02116,2
20231017,14,02122,3
20231017,14,02128,2
20231017,14,02129,1
20231017,14,02148,4
20231017,14,02159,2
20231017,14,02171,3
20231017,14,02178,4
20231017,14,02179,3
20231017,14,02185,1
20231017,14,02186,3
20231017,14,02198,4
20231017,14,03310,2
20231017,14,03311,3
20231017,14,03802,1
20231017,15,02111,1
20231017,15,02116,1
20231017,15,02122,1
20231017,15,02128,1
20231017,15,02130,2
20231017,15,02139,1
20231017,15,02148,4
20231017,15,02171,4
20231017,15,02172,5
20231017,15,02178,2
20231017,15,02179,1
20231017,15,02185,1
20231017,15,02186,2
20231017,15,02191,1
20231017,15,02198,1
20231017,15,03311,1
20231017,16,02111,6
20231017,16,02112,1
20231017,16,02116,1
20231017,16,02129,1
20231017,16,02143,1
20231017,16,02148,5
20231017,16,02171,7
20231017,16,02172,2
20231017,16,02178,1
20231017,16,02179,1
20231017,16,02185,2
20231017,16,02186,3
20231017,16,02191,3
20231017,16,02199,1
20231017,16,03311,4
20231017,17,02111,2
20231017,17,02112,3
20231017,17,02116,3
20231017,17,02122,1
20231017,17,02128,1
20231017,17,02130,1
20231017,17,02139,2
20231017,17,02143,3
20231017,17,02148,2
20231017,17,02171,6
20231017,17,02172,3
20231017,17,02179,6
20231017,17,02185,1
20231017,17,02186,1
20231017,17,02198,3
20231017,17,03310,2
20231017,17,03311,4
20231017,17,03802,2
20231017,18,02111,7
20231017,18,02112,3
20231017,18,02116,4
20231017,18,02122,3
20231017,18,02128,3
20231017,18,02129,1
20231017,18,02139,4
20231017,18,02143,3
20231017,18,02148,2
20231017,18,02171,14
20231017,18,02172,1
20231017,18,02179,9
20231017,18,02186,2
20231017,18,02191,4
20231017,18,02198,5
20231017,18,02199,4
20231017,18,03311,13
20231017,18,03802,1
20231017,19,02111,5
20231017,19,02112,16
20231017,19,02116,11
20231017,19,02122,2
20231017,19,02128,1
20231017,19,02129,4
20231017,19,02139,1
20231017,19,02143,2
20231017,19,02148,8
20231017,19,02159,2
20231017,19,02171,6
20231017,19,02178,2
20231017,19,02179,7
20231017,19,02185,4
20231017,19,02186,2
20231017,19,02191,2
20231017,19,02198,3
20231017,19,02199,1
20231017,19,03311,4
20231017,19,03802,4
20231017,2,02111,1
20231017,2,02112,1
20231017,2,02139,1
20231017,2,02179,3
20231017,20,02111,5
20231017,20,02112,6
20231017,20,02116,1
20231017,20,02122,2
20231017,20,02129,1
20231017,20,02139,2
20231017,20,02143,1
20231017,20,02148,4
20231017,20,02159,2
20231017,20,02171,7
20231017,20,02172,1
20231017,20,02178,5
20231017,20,02179,6
20231017,20,02185,3
20231017,20,02186,2
20231017,20,02198,2
20231017,20,03311,7
20231017,20,03802,3
20231017,21,02111,8
20231017,21,02112,5
20231017,21,02116,1
20231017,21,02122,3
20231017,21,02128,2
20231017,21,02129,4
20231017,21,02148,3
20231017,21,02159,1
20231017,21,02171,10
20231017,21,02172,1
20231017,21,02178,1
20231017,21,02179,11
20231017,21,02185,4
20231017,21,02186,3
20231017,21,02198,2
20231017,21,03311,3
20231017,21,03802,5
20231017,22,02111,6
20231017,22,02112,2
20231017,22,02116,1
20231017,22,02122,2
20231017,22,02128,1
20231017,22,02139,2
20231017,22,02143,1
20231017,22,02148,1
20231017,22,02159,2
20231017,22,02171,6
20231017,22,02172,2
20231017,22,02178,2
20231017,22,02179,5
20231017,22,02185,2
20231017,22,02186,4
20231017,22,02191,7
20231017,22,02198,3
20231017,22,03310,1
20231017,22,03311,5
20231017,22,03802,6
20231017,23,02111,1
20231017,23,02112,6
20231017,23,02116,1
20231017,23,02122,2
20231017,23,02128,1
20231017,23,02148,5
20231017,23,02171,3
20231017,23,02179,2
20231017,23,02185,3
20231017,23,02191,1
20231017,23,02198,1
20231017,23,03311,3
20231017,3,02143,1
20231017,3,02185,1
20231017,3,03311,1
20231017,4,02139,1
20231017,4,02171,1
20231017,4,02185,1
20231017,5,02111,1
20231017,5,02122,1
20231017,5,02186,1
20231017,5,02191,1
20231017,5,03310,1
20231017,6,02111,2
20231017,6,02116,1
20231017,6,02122,1
20231017,6,02128,1
20231017,6,02186,2
20231017,6,02191,1
20231017,6,03310,1
20231017,6,03311,1
20231017,6,03802,2
20231017,7,02111,3
20231017,7,02112,2
20231017,7,02116,1
20231017,7,02128,2
20231017,7,02129,1
20231017,7,02139,4
20231017,7,02148,3
20231017,7,02159,1
20231017,7,02171,2
20231017,7,02179,1
20231017,7,02185,1
20231017,7,02186,3
20231017,7,02191,2
20231017,7,02198,1
20231017,7,03310,1
20231017,7,03311,2
20231017,7,03802,7
20231017,8,02111,1
20231017,8,02112,2
20231017,8,02122,2
20231017,8,02128,3
20231017,8,02129,1
20231017,8,02139,2
20231017,8,02143,1
20231017,8,02148,5
20231017,8,02159,1
20231017,8,02171,5
20231017,8,02178,1
20231017,8,02179,4
20231017,8,02185,6
20231017,8,02186,1
20231017,8,02191,2
20231017,8,02199,1
20231017,8,03311,1
20231017,8,03802,9
20231017,9,02111,3
20231017,9,02112,2
20231017,9,02116,1
20231017,9,02122,1
20231017,9,02128,1
20231017,9,02129,2
20231017,9,02130,1
20231017,9,02139,1
20231017,9,02143,2
20231017,9,02148,3
20231017,9,02171,1
20231017,9,02179,2
20231017,9,02185,2
20231017,9,02186,1
20231017,9,02191,1
20231017,9,02199,1
20231017,9,03310,4
20231017,9,03311,2
20231017,9,03802,5
20231018,0,02111,1
20231018,0,02112,2
20231018,0,02129,1
20231018,0,02139,1
20231018,0,02143,1
20231018,0,02148,1
20231018,0,02159,1
20231018,0,02171,3
20231018,0,02179,3
20231018,0,02186,3
20231018,0,02191,2
20231018,0,02198,1
20231018,0,03311,1
20231018,1,02111,5
20231018,1,02112,4
20231018,1,02116,2
20231018,1,02122,1
20231018,1,02179,1
20231018,1,02185,1
20231018,1,02191,2
20231018,1,02198,1
20231018,10,02111,3
20231018,10,02116,1
20231018,10,02128,2
20231018,10,02129,2
20231018,10,02139,1
20231018,10,02148,3
20231018,10,02171,5
20231018,10,02178,1
20231018,10,02185,1
20231018,10,02198,3
20231018,10,03310,2
20231018,10,03311,1
20231018,10,03802,1
20231018,11,02111,4
20231018,11,02112,1
20231018,11,02116,1
20231018,11,02122,2
20231018,11,02128,1
20231018,11,02129,1
20231018,11,02139,1
20231018,11,02148,2
20231018,11,02171,1
20231018,11,02172,1
20231018,11,02178,5
20231018,11,02179,3
20231018,11,02191,1
20231018,11,02198,1
20231018,11,03310,1
20231018,11,03311,1
20231018,12,02111,6
20231018,12,02112,1
20231018,12,02116,2
20231018,12,02122,2
20231018,12,02128,3
20231018,12,02129,2
20231018,12,02139,1
20231018,12,02148,1
20231018,12,02159,1
20231018,12,02171,3
20231018,12,02172,1
20231018,12,02179,1
20231018,12,02185,3
20231018,12,02186,1
20231018,12,02191,2
20231018,12,03311,2
20231018,13,02111,4
20231018,13,02122,1
20231018,13,02128,1
20231018,13,02130,1
20231018,13,02139,2
20231018,13,02148,2
20231018,13,02171,8
20231018,13,02178,4
20231018,13,02179,4
20231018,13,02185,1
20231018,13,02191,1
20231018,13,02198,1
20231018,13,02199,2
20231018,13,03310,3
20231018,13,03311,4
20231018,13,03802,1
20231018,14,02111,3
20231018,14,02122,3
20231018,14,02128,4
20231018,14,02129,1
20231018,14,02130,1
20231018,14,02148,1
20231018,14,02159,1
20231018,14,02171,3
20231018,14,02172,2
20231018,14,02178,2
20231018,14,02185,5
20231018,14,02191,2
20231018,14,02198,2
20231018,14,03310,1
20231018,14,03802,1
20231018,15,02111,5
20231018,15,02112,3
20231018,15,02116,3
20231018,15,02122,3
20231018,15,02130,1
20231018,15,02139,1
20231018,15,02143,2
20231018,15,02148,2
20231018,15,02171,5
20231018,15,02178,3
20231018,15,02179,4
20231018,15,02185,3
20231018,15,02191,5
20231018,15,02198,3
20231018,15,03310,4
20231018,15,03311,10
20231018,16,02111,6
20231018,16,02116,5
20231018,16,02128,3
20231018,16,02139,1
20231018,16,02143,1
20231018,16,02148,5
20231018,16,02171,4
20231018,16,02172,10
20231018,16,02178,1
20231018,16,02179,1
20231018,16,02185,2
20231018,16,02186,1
20231018,16,02191,2
20231018,16,02198,3
20231018,16,03311,3
20231018,17,02111,2
20231018,17,02112,3
20231018,17,02116,11
20231018,17,02122,2
20231018,17,02129,1
20231018,17,02139,1
20231018,17,02143,4
20231018,17,02148,2
20231018,17,02171,7
20231018,17,02172,2
20231018,17,02179,2
20231018,17,02185,4
20231018,17,02186,2
20231018,17,02191,3
20231018,17,02198,3
20231018,17,03311,11
20231018,17,03802,1
20231018,18,02111,6
20231018,18,02112,8
20231018,18,02122,3
20231018,18,02128,1
20231018,18,02129,1
20231018,18,02130,1
20231018,18,02139,5
20231018,18,02143,3
20231018,18,02148,2
20231018,18,02171,10
20231018,18,02179,6
20231018,18,02185,4
20231018,18,02186,5
20231018,18,02191,2
20231018,18,02198,1
20231018,18,03311,9
20231018,18,03802,1
20231018,19,02111,4
20231018,19,02112,6
20231018,19,02116,4
20231018,19,02122,3
20231018,19,02128,2
20231018,19,02139,5
20231018,19,02148,6
20231018,19,02159,1
20231018,19,02171,6
20231018,19,02172,1
20231018,19,02179,7
20231018,19,02185,1
20231018,19,02186,2
20231018,19,02191,1
20231018,19,02198,1
20231018,19,02199,1
20231018,19,03311,8
20231018,2,02122,1
20231018,2,02143,1
20231018,2,02185,1
20231018,20,02111,6
20231018,20,02112,7
20231018,20,02116,2
20231018,20,02122,3
20231018,20,02128,1
20231018,20,02148,3
20231018,20,02159,3
20231018,20,02171,6
20231018,20,02178,2
20231018,20,02179,5
20231018,20,02185,4
20231018,20,02186,3
20231018,20,02191,2
20231018,20,02198,3
20231018,20,03311,4
20231018,20,03802,6
20231018,21,02111,6
20231018,21,02112,5
20231018,21,02116,6
20231018,21,02122,1
20231018,21,02128,4
20231018,21,02129,1
20231018,21,02130,1
20231018,21,02139,1
20231018,21,02143,1
20231018,21,02148,3
20231018,21,02171,1
20231018,21,02172,1
20231018,21,02178,3
20231018,21,02179,5
20231018,21,02185,4
20231018,21,02186,6
20231018,21,02191,3
20231018,21,02198,3
20231018,21,03310,1
20231018,21,03311,4
20231018,21,03802,1
20231018,22,02111,6
20231018,22,02112,5
20231018,22,02122,1
20231018,22,02128,1
20231018,22,02129,1
20231018,22,02130,2
20231018,22,02148,2
20231018,22,02159,2
20231018,22,02171,2
20231018,22,02179,3
20231018,22,02185,1
20231018,22,02186,4
20231018,22,02191,3
20231018,22,02198,3
20231018,22,02199,1
20231018,22,03311,5
20231018,23,02111,4
20231018,23,02112,3
20231018,23,02116,2
20231018,23,02128,1
20231018,23,02130,1
20231018,23,02139,4
20231018,23,02143,1
20231018,23,02171,6
20231018,23,02179,1
20231018,23,02185,1
20231018,23,02186,1
20231018,23,02191,1
20231018,23,02198,1
20231018,3,02171,1
20231018,3,02179,1
20231018,4,02191,1
20231018,4,02198,1
20231018,5,02128,1
20231018,5,02198,2
20231018,6,02111,1
20231018,6,02112,1
20231018,6,02122,1
20231018,6,02128,1
20231018,6,02148,2
20231018,6,02179,1
20231018,6,02185,1
20231018,6,02191,1
20231018,6,02198,1
20231018,6,02199,1
20231018,7,02111,1
20231018,7,02122,1
20231018,7,02128,3
20231018,7,02139,6
20231018,7,02143,1
20231018,7,02148,3
20231018,7,02171,4
20231018,7,02179,1
20231018,7,02186,3
20231018,7,02191,5
20231018,7,02198,1
20231018,7,03310,1
20231018,7,03311,4
20231018,7,03802,6
20231018,8,02111,1
20231018,8,02112,1
20231018,8,02128,3
20231018,8,02129,2
20231018,8,02139,7
20231018,8,02143,2
20231018,8,02148,3
20231018,8,02159,1
20231018,8,02171,4
20231018,8,02172,2
20231018,8,02179,3
20231018,8,02185,4
20231018,8,02186,3
20231018,8,02191,3
20231018,8,02198,1
20231018,8,02199,1
20231018,8,03310,1
20231018,8,03802,5
20231018,9,02111,2
20231018,9,02112,1
20231018,9,02116,1
20231018,9,02122,2
20231018,9,02128,2
20231018,9,02129,2
20231018,9,02139,1
20231018,9,02148,4
20231018,9,02171,4
20231018,9,02172,1
20231018,9,02179,3
20231018,9,02185,4
20231018,9,02186,3
20231018,9,02191,4
20231018,9,03310,4
20231018,9,03311,4
20231019,0,02112,1
20231019,0,02116,2
20231019,0,02128,1
20231019,0,02130,2
20231019,0,02143,1
20231019,0,02171,1
20231019,0,02179,4
20231019,0,02185,1
20231019,0,02191,2
20231019,0,02198,3
20231019,1,02116,2
20231019,1,02122,1
20231019,1,02128,1
20231019,1,02143,1
20231019,1,02148,1
20231019,1,02171,3
20231019,1,02185,3
20231019,1,02186,1
20231019,1,02191,2
20231019,1,02198,1
20231019,1,03311,1
20231019,10,02128,1
20231019,10,02179,1
20231019,11,02111,4
20231019,11,02112,1
20231019,11,02128,2
20231019,11,02129,1
20231019,11,02139,2
20231019,11,02148,1
20231019,11,02171,1
20231019,11,02185,1
20231019,11,02186,1
20231019,12,02111,2
20231019,12,02130,1
20231019,12,02139,1
20231019,12,02148,2
20231019,12,02171,1
20231019,12,02178,1
20231019,12,02191,1
20231019,12,03311,1
20231019,13,02111,3
20231019,13,02112,3
20231019,13,02122,2
20231019,13,02128,1
20231019,13,02148,1
20231019,13,02159,1
20231019,13,02171,2
20231019,13,02172,1
20231019,13,02179,3
20231019,13,02185,1
20231019,13,02186,2
20231019,13,02191,1
20231019,13,02198,1
20231019,13,03311,2
20231019,14,02111,2
20231019,14,02116,2
20231019,14,02128,3
20231019,14,02130,1
20231019,14,02139,1
20231019,14,02143,1
20231019,14,02148,1
20231019,14,02171,1
20231019,14,02172,2
20231019,14,02185,3
20231019,14,02186,3
20231019,15,02111,5
20231019,15,02112,2
20231019,15,02116,1
20231019,15,02122,4
20231019,15,02128,2
20231019,15,02139,2
20231019,15,02148,1
20231019,15,02159,2
20231019,15,02171,2
20231019,15,02178,1
20231019,15,02179,4
20231019,15,02191,3
20231019,15,02198,2
20231019,15,03311,3
20231019,16,02111,1
20231019,16,02112,2
20231019,16,02129,1
20231019,16,02139,3
20231019,16,02159,1
20231019,16,02171,3
20231019,16,02172,1
20231019,16,02179,1
20231019,16,02185,1
20231019,16,02186,2
20231019,16,02191,1
20231019,16,02198,3
20231019,16,03311,1
20231019,17,02111,1
20231019,17,02112,2
20231019,17,02116,2
20231019,17,02128,1
20231019,17,02130,1
20231019,17,02139,6
20231019,17,02148,4
20231019,17,02159,1
20231019,17,02171,6
20231019,17,02172,4
20231019,17,02179,4
20231019,17,02185,3
20231019,17,02186,1
20231019,17,02198,1
20231019,17,03311,3
20231019,18,02111,3
20231019,18,02112,8
20231019,18,02116,6
20231019,18,02122,1
20231019,18,02128,2
20231019,18,02129,1
20231019,18,02130,2
20231019,18,02139,5
20231019,18,02148,4
20231019,18,02159,2
20231019,18,02171,4
20231019,18,02178,1
20231019,18,02179,8
20231019,18,02186,3
20231019,18,02191,1
20231019,18,02198,4
20231019,18,03311,4
20231019,19,02111,3
20231019,19,02112,5
20231019,19,02116,4
20231019,19,02122,4
20231019,19,02128,2
20231019,19,02129,2
20231019,19,02139,2
20231019,19,02143,2
20231019,19,02148,5
20231019,19,02159,2
20231019,19,02171,8
20231019,19,02172,2
20231019,19,02179,2
20231019,19,02186,1
20231019,19,02191,1
20231019,19,02198,4
20231019,19,02199,1
20231019,19,03311,2
20231019,19,03802,4
20231019,2,02111,2
20231019,2,02112,2
20231019,2,02116,1
20231019,2,02122,2
20231019,2,02128,1
20231019,2,02139,1
20231019,2,02171,3
20231019,20,02111,4
20231019,20,02112,1
20231019,20,02116,5
20231019,20,02122,2
20231019,20,02128,1
20231019,20,02129,1
20231019,20,02139,2
20231019,20,02143,1
20231019,20,02148,2
20231019,20,02171,3
20231019,20,02172,1
20231019,20,02179,5
20231019,20,02185,1
20231019,20,02186,2
20231019,20,02191,2
20231019,20,02198,7
20231019,20,02199,1
20231019,20,03311,2
20231019,20,03802,4
20231019,21,02111,2
20231019,21,02112,1
20231019,21,02116,3
20231019,21,02122,3
20231019,21,02128,2
20231019,21,02139,1
20231019,21,02143,2
20231019,21,02171,3
20231019,21,02172,1
20231019,21,02178,1
20231019,21,02179,3
20231019,21,02185,2
20231019,21,02186,1
20231019,21,02191,1
20231019,21,02198,3
20231019,21,03310,1
20231019,21,03311,2
20231019,21,03802,5
20231019,22,02111,5
20231019,22,02112,1
20231019,22,02116,2
20231019,22,02128,1
20231019,22,02139,3
20231019,22,02143,1
20231019,22,02148,4
20231019,22,02159,5
20231019,22,02171,2
20231019,22,02172,1
20231019,22,02178,1
20231019,22,02179,6
20231019,22,02185,5
20231019,22,02186,4
20231019,22,02191,2
20231019,22,02198,3
20231019,22,03311,1
20231019,22,03802,1
20231019,23,02111,4
20231019,23,02112,1
20231019,23,02116,1
20231019,23,02128,1
20231019,23,02139,1
20231019,23,02148,4
20231019,23,02171,3
20231019,23,02172,1
20231019,23,02179,2
20231019,23,02185,1
20231019,23,02191,2
20231019,23,02198,2
20231019,23,03802,1
20231019,3,02111,1
20231019,3,02112,1
20231019,3,02186,1
20231019,3,02198,1
20231019,3,03311,1
20231019,4,02122,1
20231019,4,02198,2
20231019,4,02199,1
20231019,4,03311,2
20231019,5,02122,1
20231019,5,02148,1
20231019,5,02171,1
20231019,5,02172,1
20231019,5,02179,1
20231019,5,02185,1
20231019,5,02198,1
20231019,5,03310,1
20231019,6,02111,1
20231019,6,02116,1
20231019,6,02128,1
20231019,6,02129,1
20231019,6,02148,2
20231019,6,02171,1
20231019,6,02178,1
20231019,6,02179,1
20231019,6,02186,3
20231019,6,02198,3
20231019,7,02111,2
20231019,7,02122,1
20231019,7,02171,1
20231019,7,02191,1
20231019,7,03802,9
20231019,8,02130,1
20231019,8,02179,1
20231019,8,02185,1
20231019,8,02198,1
20231019,9,02122,1
20231019,9,02139,1
20231019,9,02186,1
20231019,9,02191,1
20231020,0,02111,2
20231020,0,02116,3
20231020,0,02139,1
20231020,0,02143,1
20231020,0,02148,1
20231020,0,02159,1
20231020,0,02171,2
20231020,0,02191,2
20231020,0,02198,1
20231020,0,03802,1
20231020,1,02111,1
20231020,1,02112,2
20231020,1,02122,1
20231020,1,02139,1
20231020,1,02143,1
20231020,1,02148,2
20231020,1,02179,1
20231020,1,02191,2
20231020,1,02198,2
20231020,1,02199,1
20231020,10,02111,2
20231020,10,02112,1
20231020,10,02116,3
20231020,10,02122,1
20231020,10,02128,3
20231020,10,02129,3
20231020,10,02130,1
20231020,10,02139,1
20231020,10,02148,3
20231020,10,02171,1
20231020,10,02179,2
20231020,10,02185,1
20231020,10,02191,1
20231020,10,03310,1
20231020,10,03311,2
20231020,10,03802,1
20231020,11,02111,2
20231020,11,02112,1
20231020,11,02116,2
20231020,11,02122,3
20231020,11,02128,1
20231020,11,02130,1
20231020,11,02139,1
20231020,11,02143,1
20231020,11,02171,3
20231020,11,02172,2
20231020,11,02179,1
20231020,11,02185,1
20231020,11,02191,3
20231020,11,02198,2
20231020,11,02199,1
20231020,11,03310,1
20231020,11,03311,2
20231020,11,03802,1
20231020,12,02111,2
20231020,12,02148,1
20231020,12,02171,3
20231020,12,02172,1
20231020,12,02178,2
20231020,12,02179,1
20231020,12,02185,1
20231020,12,02186,1
20231020,12,02191,7
20231020,12,02198,1
20231020,12,03310,1
20231020,12,03311,2
20231020,13,02111,4
20231020,13,02112,1
20231020,13,02122,1
20231020,13,02128,3
20231020,13,02129,1
20231020,13,02139,2
20231020,13,02148,4
20231020,13,02159,2
20231020,13,02171,4
20231020,13,02172,3
20231020,13,02178,4
20231020,13,02179,3
20231020,13,02185,2
20231020,13,02199,2
20231020,13,03310,1
20231020,13,03311,2
20231020,14,02111,4
20231020,14,02112,4
20231020,14,02122,3
20231020,14,02128,1
20231020,14,02129,1
20231020,14,02139,1
20231020,14,02148,3
20231020,14,02171,1
20231020,14,02172,3
20231020,14,02178,1
20231020,14,02179,1
20231020,14,02186,1
20231020,14,02198,1
20231020,14,03310,2
20231020,14,03311,4
20231020,15,02111,1
20231020,15,02112,5
20231020,15,02116,1
20231020,15,02122,1
20231020,15,02128,4
20231020,15,02129,1
20231020,15,02148,2
20231020,15,02171,5
20231020,15,02178,1
20231020,15,02179,2
20231020,15,02185,1
20231020,15,02186,3
20231020,15,02198,1
20231020,15,03310,1
20231020,15,03311,5
20231020,16,02111,5
20231020,16,02112,2
20231020,16,02116,2
20231020,16,02122,6
20231020,16,02128,1
20231020,16,02129,1
20231020,16,02130,1
20231020,16,02139,1
20231020,16,02143,1
20231020,16,02148,1
20231020,16,02171,4
20231020,16,02172,2
20231020,16,02178,2
20231020,16,02179,1
20231020,16,02185,2
20231020,16,02186,3
20231020,16,03310,3
20231020,16,03311,4
20231020,17,02111,5
20231020,17,02112,2
20231020,17,02116,1
20231020,17,02122,1
20231020,17,02128,2
20231020,17,02130,1
20231020,17,02139,5
20231020,17,02143,1
20231020,17,02148,1
20231020,17,02171,7
20231020,17,02172,2
20231020,17,02178,3
20231020,17,02179,7
20231020,17,02186,1
20231020,17,02191,2
20231020,17,02198,1
20231020,17,03310,1
20231020,17,03311,3
20231020,17,03802,1
20231020,18,02111,2
20231020,18,02112,5
20231020,18,02116,4
20231020,18,02122,4
20231020,18,02128,2
20231020,18,02130,3
20231020,18,02139,1
20231020,18,02143,2
20231020,18,02148,1
20231020,18,02171,10
20231020,18,02172,1
20231020,18,02178,1
20231020,18,02179,3
20231020,18,02185,2
20231020,18,02186,2
20231020,18,02191,1
20231020,18,02198,3
20231020,18,03311,3
20231020,19,02111,4
20231020,19,02112,1
20231020,19,02116,2
20231020,19,02122,3
20231020,19,02128,3
20231020,19,02129,2
20231020,19,02143,1
20231020,19,02148,2
20231020,19,02171,11
20231020,19,02179,10
20231020,19,02185,2
20231020,19,02186,2
20231020,19,02191,1
20231020,19,02198,1
20231020,19,03311,1
20231020,19,03802,1
20231020,2,02139,2
20231020,2,02171,1
20231020,2,02179,2
20231020,2,02186,2
20231020,2,02191,1
20231020,20,02112,3
20231020,20,02116,9
20231020,20,02129,4
20231020,20,02139,2
20231020,20,02143,1
20231020,20,02159,3
20231020,20,02171,3
20231020,20,02179,2
20231020,20,02185,1
20231020,20,02186,2
20231020,20,02191,1
20231020,20,02198,4
20231020,20,03310,1
20231020,20,03311,3
20231020,20,03802,3
20231020,21,02111,5
20231020,21,02112,3
20231020,21,02116,3
20231020,21,02122,2
20231020,21,02129,1
20231020,21,02139,2
20231020,21,02148,1
20231020,21,02159,2
20231020,21,02171,4
20231020,21,02172,2
20231020,21,02179,2
20231020,21,02185,1
20231020,21,02186,6
20231020,21,02191,2
20231020,21,02198,2
20231020,21,03311,1
20231020,21,03802,2
20231020,22,02111,6
20231020,22,02112,2
20231020,22,02116,4
20231020,22,02122,2
20231020,22,02139,3
20231020,22,02143,1
20231020,22,02148,1
20231020,22,02171,4
20231020,22,02178,1
20231020,22,02179,2
20231020,22,02185,1
20231020,22,02186,1
20231020,22,02191,1
20231020,22,02198,1
20231020,22,02199,2
20231020,22,03802,1
20231020,23,02111,3
20231020,23,02112,2
20231020,23,02116,1
20231020,23,02122,1
20231020,23,02148,2
20231020,23,02171,7
20231020,23,02178,1
20231020,23,02179,3
20231020,23,02185,3
20231020,23,02191,2
20231020,23,02198,1
20231020,3,02111,1
20231020,3,02122,1
20231020,3,02143,1
20231020,4,02116,1
20231020,4,02122,1
20231020,4,02139,1
20231020,4,02171,1
20231020,4,02179,1
20231020,4,02185,1
20231020,5,02111,1
20231020,5,02116,1
20231020,5,02122,2
20231020,5,02148,2
20231020,5,02171,3
20231020,5,02186,1
20231020,5,03310,1
20231020,6,02111,1
20231020,6,02122,1
20231020,6,02128,1
20231020,6,02139,1
20231020,6,02143,1
20231020,6,02148,3
20231020,6,02159,1
20231020,6,02179,2
20231020,6,02198,2
20231020,6,02199,1
20231020,6,03311,1
20231020,6,03802,2
20231020,7,02122,2
20231020,7,02128,1
20231020,7,02139,1
20231020,7,02148,5
20231020,7,02159,2
20231020,7,02171,2
20231020,7,02179,2
20231020,7,02185,2
20231020,7,02186,3
20231020,7,02191,3
20231020,7,03311,2
20231020,7,03802,6
20231020,8,02111,4
20231020,8,02122,1
20231020,8,02128,2
20231020,8,02129,1
20231020,8,02139,1
20231020,8,02143,2
20231020,8,02148,8
20231020,8,02171,4
20231020,8,02172,1
20231020,8,02179,4
20231020,8,02185,4
20231020,8,02191,5
20231020,8,02198,1
20231020,8,03311,4
20231020,8,03802,4
20231020,9,02111,2
20231020,9,02112,4
20231020,9,02116,1
20231020,9,02122,1
20231020,9,02128,2
20231020,9,02129,2
20231020,9,02143,1
20231020,9,02148,2
20231020,9,02159,1
20231020,9,02171,5
20231020,9,02172,1
20231020,9,02179,3
20231020,9,02185,1
20231020,9,02198,1
20231020,9,03310,6
20231020,9,03311,2
20231020,9,03802,2
20231021,0,02111,1
20231021,0,02116,1
20231021,0,02172,1
20231021,0,02179,2
20231021,0,02185,1
20231021,0,02191,3
20231021,0,02198,6
20231021,1,02111,1
20231021,1,02112,2
20231021,1,02148,1
20231021,1,02172,2
20231021,1,02179,4
20231021,1,02185,1
20231021,1,02191,1
20231021,1,02198,4
20231021,1,03311,1
20231021,10,02111,2
20231021,10,02112,2
20231021,10,02116,2
20231021,10,02122,1
20231021,10,02128,2
20231021,10,02129,1
20231021,10,02139,1
20231021,10,02148,2
20231021,10,02171,3
20231021,10,02178,1
20231021,10,02179,1
20231021,10,02185,4
20231021,10,02186,3
20231021,10,02191,1
20231021,10,03802,1
20231021,11,02111,7
20231021,11,02112,2
20231021,11,02116,1
20231021,11,02139,2
20231021,11,02171,3
20231021,11,02172,1
20231021,11,02178,3
20231021,11,02179,3
20231021,11,02185,1
20231021,11,02186,5
20231021,11,02198,1
20231021,11,03802,1
20231021,12,02111,2
20231021,12,02112,2
20231021,12,02116,4
20231021,12,02128,1
20231021,12,02129,2
20231021,12,02139,2
20231021,12,02143,1
20231021,12,02148,2
20231021,12,02171,7
20231021,12,02172,1
20231021,12,02178,2
20231021,12,02179,1
20231021,12,02185,2
20231021,12,02186,2
20231021,12,02191,2
20231021,12,02198,1
20231021,12,03311,3
20231021,12,03802,1
20231021,13,02111,3
20231021,13,02112,5
20231021,13,02122,2
20231021,13,02128,2
20231021,13,02139,3
20231021,13,02143,1
20231021,13,02148,1
20231021,13,02171,10
20231021,13,02172,4
20231021,13,02178,3
20231021,13,02179,2
20231021,13,02186,1
20231021,13,02191,1
20231021,13,02198,2
20231021,13,03311,3
20231021,13,03802,3
20231021,14,02111,3
20231021,14,02112,1
20231021,14,02116,6
20231021,14,02122,3
20231021,14,02128,4
20231021,14,02129,1
20231021,14,02139,3
20231021,14,02148,7
20231021,14,02171,5
20231021,14,02172,5
20231021,14,02178,3
20231021,14,02179,3
20231021,14,02186,1
20231021,14,02191,3
20231021,14,02198,2
20231021,14,03311,2
20231021,15,02111,5
20231021,15,02112,2
20231021,15,02116,6
20231021,15,02122,2
20231021,15,02129,1
20231021,15,02130,2
20231021,15,02139,2
20231021,15,02143,1
20231021,15,02148,1
20231021,15,02159,1
20231021,15,02171,3
20231021,15,02172,4
20231021,15,02178,3
20231021,15,02185,2
20231021,15,02186,2
20231021,15,02191,1
20231021,15,02198,2
20231021,15,03310,3
20231021,15,03311,5
20231021,16,02111,6
20231021,16,02112,1
20231021,16,02116,5
20231021,16,02122,4
20231021,16,02139,7
20231021,16,02148,3
20231021,16,02171,5
20231021,16,02172,2
20231021,16,02178,3
20231021,16,02179,4
20231021,16,02185,2
20231021,16,02186,1
20231021,16,02191,2
20231021,16,02198,4
20231021,16,03310,2
20231021,16,03311,4
20231021,16,03802,3
20231021,17,02111,3
20231021,17,02112,2
20231021,17,02116,1
20231021,17,02128,3
20231021,17,02139,4
20231021,17,02143,2
20231021,17,02148,5
20231021,17,02159,1
20231021,17,02171,6
20231021,17,02172,2
20231021,17,02178,1
20231021,17,02179,3
20231021,17,02185,6
20231021,17,02186,1
20231021,17,02191,4
20231021,17,02198,1
20231021,17,03310,8
20231021,17,03311,2
20231021,17,03802,3
20231021,18,02111,5
20231021,18,02112,6
20231021,18,02116,2
20231021,18,02128,1
20231021,18,02129,3
20231021,18,02139,1
20231021,18,02159,1
20231021,18,02178,2
20231021,18,02179,2
20231021,18,02185,1
20231021,18,02186,1
20231021,18,02198,3
20231021,18,02199,1
20231021,18,03310,1
20231021,18,03311,1
20231021,18,03802,2
20231021,19,02111,3
20231021,19,02112,3
20231021,19,02116,2
20231021,19,02122,4
20231021,19,02128,2
20231021,19,02139,1
20231021,19,02143,1
20231021,19,02148,2
20231021,19,02171,4
20231021,19,02178,2
20231021,19,02179,4
20231021,19,02185,2
20231021,19,02186,1
20231021,19,02191,3
20231021,19,02198,1
20231021,19,02199,1
20231021,19,03311,4
20231021,2,02112,1
20231021,2,02122,1
20231021,2,02129,1
20231021,2,02159,1
20231021,2,02171,1
20231021,2,02179,4
20231021,2,02198,1
20231021,2,02199,1
20231021,2,03311,1
20231021,20,02111,2
20231021,20,02112,1
20231021,20,02122,3
20231021,20,02128,2
20231021,20,02139,2
20231021,20,02159,1
20231021,20,02171,6
20231021,20,02178,1
20231021,20,02179,2
20231021,20,02191,4
20231021,20,02198,3
20231021,20,02199,1
20231021,20,03310,2
20231021,20,03802,1
20231021,21,02111,3
20231021,21,02112,1
20231021,21,02116,4
20231021,21,02122,4
20231021,21,02128,3
20231021,21,02129,1
20231021,21,02130,1
20231021,21,02139,2
20231021,21,02148,2
20231021,21,02171,5
20231021,21,02178,1
20231021,21,02179,2
20231021,21,02185,3
20231021,21,02186,1
20231021,21,02191,1
20231021,21,02198,2
20231021,21,03310,2
20231021,21,03311,1
20231021,21,03802,1
20231021,22,02111,3
20231021,22,02112,3
20231021,22,02116,2
20231021,22,02128,3
20231021,22,02139,2
20231021,22,02148,2
20231021,22,02159,1
20231021,22,02178,3
20231021,22,02179,3
20231021,22,02185,1
20231021,22,02186,1
20231021,22,02191,2
20231021,22,02198,1
20231021,22,03311,1
20231021,23,02111,5
20231021,23,02112,3
20231021,23,02116,4
20231021,23,02128,1
20231021,23,02143,1
20231021,23,02159,1
20231021,23,02178,4
20231021,23,02179,1
20231021,23,02186,2
20231021,23,02191,1
20231021,23,02198,1
20231021,23,02199,1
20231021,23,03311,1
20231021,3,02122,1
20231021,3,02128,1
20231021,3,02171,1
20231021,3,02179,2
20231021,3,02185,2
20231021,4,02111,1
20231021,4,02148,1
20231021,4,02171,1
20231021,4,02179,1
20231021,4,02191,1
20231021,5,02122,2
20231021,5,02171,1
20231021,5,02198,1
20231021,6,02171,1
20231021,6,02179,1
20231021,6,02185,1
20231021,6,02186,1
20231021,6,02198,1
20231021,6,03802,1
20231021,7,02111,1
20231021,7,02139,1
20231021,7,02159,1
20231021,7,02186,1
20231021,7,02191,1
20231021,7,03802,3
20231021,8,02112,1
20231021,8,02143,1
20231021,8,02159,1
20231021,8,02171,2
20231021,9,02111,1
20231021,9,02139,1
20231021,9,02143,1
20231021,9,02159,1
20231021,9,02171,1
20231021,9,02179,1
20231021,9,02185,3
20231021,9,02186,1
20231021,9,02191,3
20231021,9,02198,1
20231022,0,02111,3
20231022,0,02112,1
20231022,0,02116,1
20231022,0,02122,1
20231022,0,02128,1
20231022,0,02129,1
20231022,0,02143,3
20231022,0,02148,1
20231022,0,02178,1
20231022,0,02179,4
20231022,0,02185,2
20231022,0,02191,1
20231022,0,02198,2
20231022,0,03310,1
20231022,0,03311,1
20231022,1,02111,1
20231022,1,02112,1
20231022,1,02122,1
20231022,1,02128,1
20231022,1,02139,2
20231022,1,02148,3
20231022,1,02159,1
20231022,1,02171,1
20231022,1,02186,2
20231022,1,02191,2
20231022,1,02198,1
20231022,10,02111,5
20231022,10,02112,1
20231022,10,02116,1
20231022,10,02122,2
20231022,10,02128,2
20231022,10,02129,2
20231022,10,02139,1
20231022,10,02148,1
20231022,10,02171,1
20231022,10,02172,3
20231022,10,02178,2
20231022,10,02179,2
20231022,10,02185,1
20231022,10,02186,2
20231022,10,02199,1
20231022,10,03311,1
20231022,10,03802,2
20231022,11,02111,1
20231022,11,02112,1
20231022,11,02122,4
20231022,11,02139,3
20231022,11,02143,1
20231022,11,02148,4
20231022,11,02159,2
20231022,11,02171,4
20231022,11,02172,1
20231022,11,02179,1
20231022,11,02185,2
20231022,11,02186,1
20231022,11,02191,3
20231022,11,02198,1
20231022,11,02199,1
20231022,11,03310,1
20231022,11,03802,1
20231022,12,02111,3
20231022,12,02116,2
20231022,12,02122,2
20231022,12,02129,9
20231022,12,02130,2
20231022,12,02139,5
20231022,12,02148,2
20231022,12,02159,2
20231022,12,02171,9
20231022,12,02172,1
20231022,12,02179,5
20231022,12,02185,3
20231022,12,02186,5
20231022,12,02191,4
20231022,12,02198,6
20231022,12,03310,3
20231022,12,03311,3
20231022,12,03802,1
20231022,13,02111,3
20231022,13,02112,3
20231022,13,02116,7
20231022,13,02122,3
20231022,13,02129,6
20231022,13,02139,5
20231022,13,02143,3
20231022,13,02159,2
20231022,13,02171,10
20231022,13,02172,1
20231022,13,02179,3
20231022,13,02185,4
20231022,13,02186,2
20231022,13,02191,3
20231022,13,02198,2
20231022,13,03310,3
20231022,13,03311,2
20231022,13,03802,3
20231022,14,02111,3
20231022,14,02112,3
20231022,14,02116,4
20231022,14,02122,6
20231022,14,02128,3
20231022,14,02129,4
20231022,14,02139,3
20231022,14,02148,1
20231022,14,02159,2
20231022,14,02171,2
20231022,14,02172,3
20231022,14,02179,4
20231022,14,02185,1
20231022,14,02186,1
20231022,14,02191,3
20231022,14,02198,2
20231022,14,03310,1
20231022,14,03311,2
20231022,14,03802,2
20231022,15,02111,7
20231022,15,02112,3
20231022,15,02116,3
20231022,15,02122,6
20231022,15,02139,4
20231022,15,02143,1
20231022,15,02171,6
20231022,15,02172,4
20231022,15,02179,6
20231022,15,02185,2
20231022,15,02186,2
20231022,15,02191,3
20231022,15,02198,3
20231022,15,03310,1
20231022,15,03311,2
20231022,15,03802,2
20231022,16,02111,2
20231022,16,02112,3
20231022,16,02116,5
20231022,16,02122,1
20231022,16,02128,2
20231022,16,02129,1
20231022,16,02139,3
20231022,16,02143,1
20231022,16,02148,2
20231022,16,02159,1
20231022,16,02171,4
20231022,16,02172,6
20231022,16,02178,5
20231022,16,02179,4
20231022,16,02185,1
20231022,16,02186,2
20231022,16,02191,2
20231022,16,02198,2
20231022,16,03311,1
20231022,17,02111,1
20231022,17,02112,3
20231022,17,02116,3
20231022,17,02122,3
20231022,17,02128,1
20231022,17,02129,1
20231022,17,02139,1
20231022,17,02148,1
20231022,17,02171,7
20231022,17,02172,6
20231022,17,02178,1
20231022,17,02179,5
20231022,17,02185,1
20231022,17,02186,3
20231022,17,02191,3
20231022,17,02198,1
20231022,17,03310,1
20231022,17,03311,3
20231022,17,03802,1
20231022,18,02111,4
20231022,18,02112,1
20231022,18,02122,2
20231022,18,02128,2
20231022,18,02139,2
20231022,18,02143,2
20231022,18,02148,3
20231022,18,02171,6
20231022,18,02172,1
20231022,18,02178,1
20231022,18,02179,4
20231022,18,02191,4
20231022,18,02198,2
20231022,18,03311,3
20231022,18,03802,1
20231022,19,02111,5
20231022,19,02116,4
20231022,19,02122,2
20231022,19,02148,2
20231022,19,02171,8
20231022,19,02172,1
20231022,19,02178,1
20231022,19,02179,2
20231022,19,02185,2
20231022,19,02191,1
20231022,19,02198,1
20231022,19,03311,3
20231022,2,02111,2
20231022,2,02112,2
20231022,2,02116,1
20231022,2,02128,2
20231022,2,02148,1
20231022,2,02171,2
20231022,2,02179,1
20231022,2,02186,2
20231022,2,02198,1
20231022,20,02111,1
20231022,20,02112,6
20231022,20,02116,3
20231022,20,02122,3
20231022,20,02129,1
20231022,20,02148,1
20231022,20,02171,4
20231022,20,02172,1
20231022,20,02179,1
20231022,20,02185,2
20231022,20,02186,2
20231022,20,02198,2
20231022,20,02199,1
20231022,20,03311,2
20231022,21,02111,2
20231022,21,02112,1
20231022,21,02116,1
20231022,21,02122,4
20231022,21,02129,1
20231022,21,02139,3
20231022,21,02148,2
20231022,21,02171,4
20231022,21,02179,2
20231022,21,02185,2
20231022,21,02186,1
20231022,21,02191,2
20231022,21,02198,4
20231022,21,03310,1
20231022,22,02112,4
20231022,22,02116,1
20231022,22,02122,1
20231022,22,02128,2
20231022,22,02148,3
20231022,22,02159,1
20231022,22,02171,5
20231022,22,02178,2
20231022,22,02179,2
20231022,22,02185,2
20231022,22,02186,3
20231022,22,02198,2
20231022,22,03311,1
20231022,23,02112,3
20231022,23,02128,2
20231022,23,02148,1
20231022,23,02171,2
20231022,23,02179,3
20231022,23,02185,1
20231022,23,02191,2
20231022,23,02199,1
20231022,23,03311,2
20231022,3,02139,1
20231022,3,02171,2
20231022,3,02178,1
20231022,4,02111,3
20231022,4,02112,1
20231022,4,02130,1
20231022,4,02178,1
20231022,4,02186,1
20231022,4,02198,2
20231022,4,03802,1
20231022,5,02129,1
20231022,5,03310,1
20231022,5,03311,1
20231022,6,02148,1
20231022,6,02185,1
20231022,7,02128,1
20231022,7,02139,2
20231022,7,02171,1
20231022,7,02179,1
20231022,7,02191,3
20231022,7,03310,1
20231022,7,03311,1
20231022,8,02112,3
20231022,8,02122,1
20231022,8,02139,4
20231022,8,02143,1
20231022,8,02148,3
20231022,8,02159,1
20231022,8,02171,1
20231022,8,02172,1
20231022,8,02186,1
20231022,8,03310,2
20231022,8,03311,2
20231022,9,02122,2
20231022,9,02128,1
20231022,9,02129,2
20231022,9,02139,1
20231022,9,02143,2
20231022,9,02148,2
20231022,9,02171,1
20231022,9,02178,1
20231022,9,02179,1
20231022,9,02185,3
20231022,9,02186,1
20231022,9,02191,1
20231022,9,02198,1
20231022,9,03310,2
20231022,9,03311,2
20231022,9,03802,1
20231023,0,02111,1
20231023,0,02112,3
20231023,0,02116,3
20231023,0,02122,2
20231023,0,02139,2
20231023,0,02148,1
20231023,0,02159,1
20231023,0,02171,4
20231023,0,02179,6
20231023,0,02186,1
20231023,0,02191,2
20231023,0,02198,3
20231023,0,03802,2
20231023,1,02111,1
20231023,1,02112,1
20231023,1,02143,1
20231023,1,02148,1
20231023,1,02172,1
20231023,1,02179,2
20231023,1,02185,1
20231023,1,02186,1
20231023,10,02111,2
20231023,10,02112,2
20231023,10,02128,1
20231023,10,02129,2
20231023,10,02148,2
20231023,10,02159,1
20231023,10,02171,3
20231023,10,02172,1
20231023,10,02198,1
20231023,10,03311,1
20231023,10,03802,1
20231023,11,02112,1
20231023,11,02128,1
20231023,11,02129,4
20231023,11,02139,1
20231023,11,02148,4
20231023,11,02171,2
20231023,11,02172,1
20231023,11,02178,3
20231023,11,02179,1
20231023,11,02185,3
20231023,11,02191,2
20231023,11,02198,2
20231023,11,02199,1
20231023,11,03310,1
20231023,11,03311,3
20231023,11,03802,2
20231023,12,02111,2
20231023,12,02112,1
20231023,12,02116,1
20231023,12,02122,2
20231023,12,02128,3
20231023,12,02129,4
20231023,12,02143,1
20231023,12,02148,1
20231023,12,02159,1
20231023,12,02171,2
20231023,12,02172,1
20231023,12,02178,1
20231023,12,02179,5
20231023,12,02185,1
20231023,12,02198,4
20231023,12,03310,1
20231023,13,02111,1
20231023,13,02116,1
20231023,13,02122,1
20231023,13,02129,1
20231023,13,02148,3
20231023,13,02159,1
20231023,13,02171,3
20231023,13,02178,2
20231023,13,02179,4
20231023,13,02185,1
20231023,13,02191,2
20231023,13,03310,3
20231023,13,03311,1
20231023,13,03802,1
20231023,14,02111,2
20231023,14,02122,1
20231023,14,02128,2
20231023,14,02129,4
20231023,14,02159,2
20231023,14,02171,3
20231023,14,02172,1
20231023,14,02178,1
20231023,14,02179,1
20231023,14,02185,1
20231023,14,03310,1
20231023,14,03311,4
20231023,15,02111,4
20231023,15,02122,1
20231023,15,02128,2
20231023,15,02129,2
20231023,15,02148,2
20231023,15,02171,4
20231023,15,02172,1
20231023,15,02178,3
20231023,15,02179,3
20231023,15,02186,1
20231023,15,02198,1
20231023,15,03310,1
20231023,15,03311,4
20231023,16,02111,1
20231023,16,02112,4
20231023,16,02116,3
20231023,16,02122,3
20231023,16,02128,4
20231023,16,02129,3
20231023,16,02159,2
20231023,16,02171,8
20231023,16,02172,3
20231023,16,02178,5
20231023,16,02179,3
20231023,16,02185,2
20231023,16,02186,1
20231023,16,02191,2
20231023,16,02198,2
20231023,16,03310,2
20231023,16,03311,5
20231023,17,02111,2
20231023,17,02112,4
20231023,17,02116,1
20231023,17,02122,4
20231023,17,02128,2
20231023,17,02130,2
20231023,17,02139,2
20231023,17,02143,1
20231023,17,02159,1
20231023,17,02171,11
20231023,17,02172,2
20231023,17,02178,1
20231023,17,02179,3
20231023,17,02191,4
20231023,17,02198,4
20231023,17,03310,3
20231023,17,03311,5
20231023,17,03802,1
20231023,18,02111,6
20231023,18,02112,8
20231023,18,02116,7
20231023,18,02122,2
20231023,18,02128,1
20231023,18,02129,2
20231023,18,02139,2
20231023,18,02143,3
20231023,18,02148,8
20231023,18,02171,18
20231023,18,02179,6
20231023,18,02185,6
20231023,18,02186,1
20231023,18,02191,2
20231023,18,02198,4
20231023,18,03310,2
20231023,18,03311,1
20231023,18,03802,2
20231023,19,02111,1
20231023,19,02112,3
20231023,19,02116,8
20231023,19,02122,1
20231023,19,02128,1
20231023,19,02129,1
20231023,19,02139,3
20231023,19,02143,1
20231023,19,02148,2
20231023,19,02171,10
20231023,19,02179,10
20231023,19,02185,1
20231023,19,02191,4
20231023,19,02199,1
20231023,19,03311,4
20231023,19,03802,2
20231023,2,02128,1
20231023,2,02178,1
20231023,2,02179,1
20231023,2,02191,1
20231023,20,02111,2
20231023,20,02112,5
20231023,20,02116,4
20231023,20,02122,4
20231023,20,02128,2
20231023,20,02139,1
20231023,20,02148,4
20231023,20,02171,6
20231023,20,02172,1
20231023,20,02179,6
20231023,20,02185,3
20231023,20,02186,2
20231023,20,02191,3
20231023,20,02198,3
20231023,20,02199,1
20231023,20,03310,1
20231023,20,03311,1
20231023,20,03802,6
20231023,21,02111,4
20231023,21,02112,5
20231023,21,02116,1
20231023,21,02122,4
20231023,21,02128,1
20231023,21,02129,2
20231023,21,02139,4
20231023,21,02143,2
20231023,21,02148,3
20231023,21,02159,1
20231023,21,02171,6
20231023,21,02172,1
20231023,21,02179,4
20231023,21,02185,4
20231023,21,02186,3
20231023,21,02191,2
20231023,21,02198,3
20231023,21,02199,2
20231023,21,03310,2
20231023,21,03311,1
20231023,21,03802,4
20231023,22,02111,4
20231023,22,02112,2
20231023,22,02116,2
20231023,22,02122,1
20231023,22,02139,2
20231023,22,02148,4
20231023,22,02159,2
20231023,22,02171,2
20231023,22,02172,2
20231023,22,02179,5
20231023,22,02185,3
20231023,22,02186,1
20231023,22,02191,2
20231023,22,02198,2
20231023,22,03310,4
20231023,22,03311,1
20231023,22,03802,1
20231023,23,02111,2
20231023,23,02112,4
20231023,23,02116,1
20231023,23,02129,1
20231023,23,02139,1
20231023,23,02143,1
20231023,23,02171,2
20231023,23,02172,1
20231023,23,02179,4
20231023,23,02185,1
20231023,23,02186,2
20231023,23,02198,1
20231023,23,03311,1
20231023,3,02111,1
20231023,3,02112,1
20231023,3,02185,1
20231023,3,03310,1
20231023,4,02122,1
20231023,4,02148,2
20231023,4,02185,1
20231023,4,02191,1
20231023,5,02111,2
20231023,5,02112,1
20231023,5,02122,1
20231023,5,02128,1
20231023,5,02148,1
20231023,5,02171,2
20231023,5,02179,1
20231023,5,02198,4
20231023,5,03310,1
20231023,6,02111,2
20231023,6,02112,1
20231023,6,02148,1
20231023,6,02171,1
20231023,6,02178,1
20231023,6,02179,1
20231023,6,02198,1
20231023,6,03802,3
20231023,7,02111,1
20231023,7,02112,1
20231023,7,02122,1
20231023,7,02128,1
20231023,7,02139,5
20231023,7,02143,2
20231023,7,02148,5
20231023,7,02171,4
20231023,7,02179,1
20231023,7,02185,1
20231023,7,02186,3
20231023,7,02191,2
20231023,7,03310,2
20231023,7,03802,4
20231023,8,02111,4
20231023,8,02112,2
20231023,8,02116,1
20231023,8,02122,2
20231023,8,02128,2
20231023,8,02129,1
20231023,8,02139,7
20231023,8,02143,1
20231023,8,02148,2
20231023,8,02159,3
20231023,8,02172,1
20231023,8,02179,4
20231023,8,02185,7
20231023,8,02191,4
20231023,8,02198,1
20231023,8,03310,3
20231023,8,03311,3
20231023,8,03802,2
20231023,9,02111,5
20231023,9,02112,1
20231023,9,02116,1
20231023,9,02128,1
20231023,9,02129,1
20231023,9,02139,2
20231023,9,02148,3
20231023,9,02159,1
20231023,9,02171,2
20231023,9,02172,1
20231023,9,02185,2
20231023,9,02186,1
20231023,9,02191,4
20231023,9,02199,1
20231023,9,03310,4
20231023,9,03311,6
20231023,9,03802,1
20231024,0,02111,1
20231024,0,02128,2
20231024,0,02129,1
20231024,0,02139,2
20231024,0,02148,1
20231024,0,02159,1
20231024,0,02171,1
20231024,0,02172,2
20231024,0,02179,2
20231024,0,02185,1
20231024,0,02191,4
20231024,0,02198,1
20231024,1,02111,1
20231024,1,02112,1
20231024,1,02116,1
20231024,1,02122,1
20231024,1,02128,2
20231024,1,02148,1
20231024,1,02171,1
20231024,1,02179,1
20231024,1,02198,2
20231024,1,03311,2
20231024,10,02111,4
20231024,10,02112,1
20231024,10,02122,3
20231024,10,02129,1
20231024,10,02139,1
20231024,10,02143,1
20231024,10,02148,3
20231024,10,02171,4
20231024,10,02172,1
20231024,10,02178,1
20231024,10,02179,2
20231024,10,02185,1
20231024,10,02191,1
20231024,10,02199,1
20231024,10,03310,2
20231024,10,03311,1
20231024,10,03802,1
20231024,11,02111,2
20231024,11,02112,1
20231024,11,02116,2
20231024,11,02129,1
20231024,11,02143,1
20231024,11,02148,2
20231024,11,02171,2
20231024,11,02172,1
20231024,11,02179,2
20231024,11,02185,3
20231024,11,02186,2
20231024,11,02191,2
20231024,11,02198,1
20231024,11,02199,1
20231024,11,03310,1
20231024,11,03311,1
20231024,12,02111,4
20231024,12,02112,4
20231024,12,02116,1
20231024,12,02122,1
20231024,12,02128,2
20231024,12,02129,1
20231024,12,02139,2
20231024,12,02159,2
20231024,12,02171,4
20231024,12,02172,1
20231024,12,02178,3
20231024,12,02179,2
20231024,12,02185,4
20231024,12,02186,2
20231024,12,02191,1
20231024,12,02198,3
20231024,12,03310,1
20231024,12,03311,5
20231024,12,03802,1
20231024,13,02111,5
20231024,13,02112,1
20231024,13,02122,1
20231024,13,02128,2
20231024,13,02129,2
20231024,13,02143,3
20231024,13,02148,2
20231024,13,02171,4
20231024,13,02172,5
20231024,13,02178,1
20231024,13,02179,2
20231024,13,02185,1
20231024,13,02186,1
20231024,13,02191,1
20231024,13,02198,3
20231024,13,03310,3
20231024,13,03311,1
20231024,13,03802,1
20231024,14,02111,2
20231024,14,02112,6
20231024,14,02116,1
20231024,14,02128,3
20231024,14,02139,1
20231024,14,02143,1
20231024,14,02148,1
20231024,14,02159,2
20231024,14,02171,2
20231024,14,02172,3
20231024,14,02179,1
20231024,14,02185,1
20231024,14,02191,1
20231024,14,02198,1
20231024,14,03311,2
20231024,15,02111,1
20231024,15,02112,1
20231024,15,02116,3
20231024,15,02122,4
20231024,15,02129,1
20231024,15,02139,2
20231024,15,02171,3
20231024,15,02172,2
20231024,15,02179,2
20231024,15,02185,1
20231024,15,02186,3
20231024,15,02191,1
20231024,15,02198,2
20231024,15,03310,1
20231024,15,03311,4
20231024,16,02111,3
20231024,16,02112,1
20231024,16,02122,4
20231024,16,02128,3
20231024,16,02129,1
20231024,16,02148,2
20231024,16,02171,5
20231024,16,02172,3
20231024,16,02178,6
20231024,16,02179,3
20231024,16,02185,4
20231024,16,02191,2
20231024,16,02198,4
20231024,16,03310,1
20231024,16,03311,1
20231024,17,02111,4
20231024,17,02112,2
20231024,17,02116,2
20231024,17,02128,1
20231024,17,02139,2
20231024,17,02143,2
20231024,17,02148,3
20231024,17,02171,6
20231024,17,02172,2
20231024,17,02178,3
20231024,17,02179,2
20231024,17,02185,3
20231024,17,02186,2
20231024,17,02191,4
20231024,17,02199,1
20231024,17,03311,4
20231024,18,02111,6
20231024,18,02112,7
20231024,18,02116,8
20231024,18,02122,1
20231024,18,02128,1
20231024,18,02139,2
20231024,18,02148,3
20231024,18,02171,10
20231024,18,02172,2
20231024,18,02178,5
20231024,18,02179,11
20231024,18,02185,2
20231024,18,02186,5
20231024,18,02191,1
20231024,18,02198,1
20231024,18,02199,3
20231024,18,03311,6
20231024,18,03802,1
20231024,19,02111,3
20231024,19,02112,3
20231024,19,02116,8
20231024,19,02122,3
20231024,19,02128,2
20231024,19,02129,1
20231024,19,02130,2
20231024,19,02139,2
20231024,19,02148,3
20231024,19,02171,2
20231024,19,02172,2
20231024,19,02178,1
20231024,19,02179,8
20231024,19,02185,2
20231024,19,02186,2
20231024,19,02191,1
20231024,19,02198,4
20231024,19,02199,1
20231024,19,03311,3
20231024,19,03802,4
20231024,2,02112,2
20231024,2,02128,2
20231024,2,02130,1
20231024,2,02172,1
20231024,2,02179,1
20231024,2,02186,1
20231024,20,02111,6
20231024,20,02112,1
20231024,20,02116,9
20231024,20,02122,1
20231024,20,02129,1
20231024,20,02130,1
20231024,20,02139,4
20231024,20,02148,3
20231024,20,02159,1
20231024,20,02171,9
20231024,20,02172,3
20231024,20,02178,2
20231024,20,02179,5
20231024,20,02185,2
20231024,20,02186,4
20231024,20,02191,3
20231024,20,02198,2
20231024,20,02199,1
20231024,20,03311,3
20231024,20,03802,3
20231024,21,02111,4
20231024,21,02112,11
20231024,21,02116,5
20231024,21,02122,2
20231024,21,02129,1
20231024,21,02130,1
20231024,21,02139,3
20231024,21,02171,3
20231024,21,02172,3
20231024,21,02179,4
20231024,21,02185,4
20231024,21,02186,1
20231024,21,02191,4
20231024,21,02198,1
20231024,21,03310,1
20231024,21,03311,1
20231024,21,03802,3
20231024,22,02111,7
20231024,22,02112,4
20231024,22,02128,2
20231024,22,02139,2
20231024,22,02143,1
20231024,22,02148,3
20231024,22,02159,2
20231024,22,02171,7
20231024,22,02172,1
20231024,22,02179,6
20231024,22,02185,1
20231024,22,02186,1
20231024,22,02191,2
20231024,22,02198,1
20231024,22,02199,1
20231024,22,03311,3
20231024,22,03802,5
20231024,23,02111,1
20231024,23,02112,1
20231024,23,02116,4
20231024,23,02128,1
20231024,23,02129,1
20231024,23,02148,1
20231024,23,02159,1
20231024,23,02171,6
20231024,23,02172,2
20231024,23,02179,10
20231024,23,02185,1
20231024,23,02186,2
20231024,23,02191,1
20231024,23,03311,1
20231024,3,02111,1
20231024,3,02148,1
20231024,3,02186,2
20231024,3,03310,1
20231024,4,02116,1
20231024,4,02129,1
20231024,4,02172,1
20231024,4,02185,1
20231024,4,02186,1
20231024,5,02116,1
20231024,5,02122,3
20231024,5,02139,1
20231024,5,02143,1
20231024,5,02185,2
20231024,5,02198,1
20231024,6,02112,1
20231024,6,02116,1
20231024,6,02139,1
20231024,6,02148,3
20231024,6,02171,1
20231024,6,02179,2
20231024,6,02186,1
20231024,6,03310,1
20231024,6,03802,1
20231024,7,02111,2
20231024,7,02112,1
20231024,7,02122,1
20231024,7,02128,1
20231024,7,02139,3
20231024,7,02143,1
20231024,7,02148,3
20231024,7,02159,1
20231024,7,02171,4
20231024,7,02178,1
20231024,7,02185,2
20231024,7,02186,2
20231024,7,02191,7
20231024,7,02199,1
20231024,7,03310,2
20231024,7,03311,5
20231024,7,03802,6
20231024,8,02111,2
20231024,8,02112,1
20231024,8,02116,1
20231024,8,02128,3
20231024,8,02139,2
20231024,8,02143,2
20231024,8,02148,4
20231024,8,02159,1
20231024,8,02171,2
20231024,8,02172,2
20231024,8,02179,5
20231024,8,02185,4
20231024,8,02186,1
20231024,8,02191,4
20231024,8,02198,1
20231024,8,03310,1
20231024,8,03311,1
20231024,8,03802,7
20231024,9,02111,3
20231024,9,02112,3
20231024,9,02116,1
20231024,9,02122,3
20231024,9,02128,1
20231024,9,02129,3
20231024,9,02139,2
20231024,9,02143,2
20231024,9,02148,1
20231024,9,02171,4
20231024,9,02178,4
20231024,9,02179,3
20231024,9,02185,4
20231024,9,02186,1
20231024,9,02191,3
20231024,9,03310,6
20231024,9,03311,4
20231024,9,03802,1
20231025,0,02112,1
20231025,0,02116,1
20231025,0,02129,1
20231025,0,02139,5
20231025,0,02143,1
20231025,0,02159,1
20231025,0,02172,1
20231025,0,02179,5
20231025,0,02185,1
20231025,0,02191,3
20231025,0,02198,2
20231025,0,03311,1
20231025,1,02111,2
20231025,1,02122,1
20231025,1,02143,1
20231025,1,02148,1
20231025,1,02159,1
20231025,1,02172,1
20231025,1,02178,1
20231025,1,02179,4
20231025,1,02185,1
20231025,10,02111,2
20231025,10,02112,2
20231025,10,02128,1
20231025,10,02129,1
20231025,10,02143,1
20231025,10,02148,1
20231025,10,02159,1
20231025,10,02171,5
20231025,10,02172,2
20231025,10,02178,3
20231025,10,02179,2
20231025,10,02185,1
20231025,10,02186,1
20231025,10,02198,1
20231025,10,03311,3
20231025,10,03802,1
20231025,11,02111,1
20231025,11,02112,1
20231025,11,02122,2
20231025,11,02128,2
20231025,11,02129,2
20231025,11,02143,2
20231025,11,02148,3
20231025,11,02171,2
20231025,11,02178,5
20231025,11,02185,1
20231025,11,02191,3
20231025,11,02198,2
20231025,11,03311,3
20231025,11,03802,1
20231025,12,02111,2
20231025,12,02112,1
20231025,12,02116,1
20231025,12,02122,2
20231025,12,02128,2
20231025,12,02129,3
20231025,12,02139,1
20231025,12,02148,7
20231025,12,02171,3
20231025,12,02172,1
20231025,12,02178,2
20231025,12,02179,3
20231025,12,02191,4
20231025,12,02198,1
20231025,12,02199,1
20231025,12,03311,2
20231025,12,03802,2
20231025,13,02111,2
20231025,13,02122,1
20231025,13,02128,3
20231025,13,02148,2
20231025,13,02159,1
20231025,13,02171,5
20231025,13,02172,2
20231025,13,02178,2
20231025,13,02179,5
20231025,13,02185,5
20231025,13,02191,4
20231025,13,02198,1
20231025,13,03311,3
20231025,13,03802,4
20231025,14,02111,2
20231025,14,02112,2
20231025,14,02116,1
20231025,14,02128,1
20231025,14,02129,1
20231025,14,02148,2
20231025,14,02159,1
20231025,14,02171,5
20231025,14,02172,3
20231025,14,02178,2
20231025,14,02179,1
20231025,14,02185,2
20231025,14,02191,3
20231025,14,02198,2
20231025,14,03311,3
20231025,15,02111,5
20231025,15,02112,2
20231025,15,02116,2
20231025,15,02122,2
20231025,15,02128,2
20231025,15,02129,3
20231025,15,02139,1
20231025,15,02148,1
20231025,15,02159,1
20231025,15,02171,5
20231025,15,02172,1
20231025,15,02178,8
20231025,15,02179,2
20231025,15,02185,2
20231025,15,02186,3
20231025,15,02191,1
20231025,15,03311,4
20231025,16,02111,7
20231025,16,02112,4
20231025,16,02116,8
20231025,16,02122,4
20231025,16,02128,1
20231025,16,02129,1
20231025,16,02139,3
20231025,16,02148,2
20231025,16,02171,5
20231025,16,02172,1
20231025,16,02178,3
20231025,16,02179,3
20231025,16,02185,4
20231025,16,02186,2
20231025,16,02191,2
20231025,16,02198,1
20231025,16,03311,4
20231025,17,02111,4
20231025,17,02112,6
20231025,17,02116,2
20231025,17,02128,3
20231025,17,02129,1
20231025,17,02130,1
20231025,17,02139,3
20231025,17,02143,1
20231025,17,02148,3
20231025,17,02159,1
20231025,17,02171,8
20231025,17,02172,3
20231025,17,02178,8
20231025,17,02179,2
20231025,17,02185,2
20231025,17,02186,2
20231025,17,02191,5
20231025,17,02198,2
20231025,17,03310,1
20231025,17,03311,7
20231025,18,02111,7
20231025,18,02112,5
20231025,18,02116,9
20231025,18,02122,6
20231025,18,02128,1
20231025,18,02129,1
20231025,18,02130,2
20231025,18,02139,5
20231025,18,02159,3
20231025,18,02171,16
20231025,18,02172,5
20231025,18,02178,3
20231025,18,02179,5
20231025,18,02185,2
20231025,18,02186,3
20231025,18,02191,7
20231025,18,02198,2
20231025,18,03311,6
20231025,18,03802,3
20231025,19,02111,6
20231025,19,02112,5
20231025,19,02116,4
20231025,19,02122,3
20231025,19,02139,3
20231025,19,02148,3
20231025,19,02159,1
20231025,19,02171,6
20231025,19,02172,2
20231025,19,02178,2
20231025,19,02179,7
20231025,19,02185,1
20231025,19,02186,2
20231025,19,02191,1
20231025,19,02198,1
20231025,19,03311,1
20231025,19,03802,3
20231025,2,02111,2
20231025,2,02116,1
20231025,2,02179,1
20231025,2,02186,1
20231025,2,02198,1
20231025,20,02111,6
20231025,20,02112,2
20231025,20,02116,9
20231025,20,02122,3
20231025,20,02128,1
20231025,20,02139,3
20231025,20,02143,1
20231025,20,02159,3
20231025,20,02171,4
20231025,20,02172,4
20231025,20,02178,1
20231025,20,02179,3
20231025,20,02185,4
20231025,20,02186,1
20231025,20,02191,3
20231025,20,02198,7
20231025,20,03311,2
20231025,21,02111,3
20231025,21,02112,6
20231025,21,02116,5
20231025,21,02122,2
20231025,21,02128,2
20231025,21,02130,1
20231025,21,02139,2
20231025,21,02143,1
20231025,21,02148,4
20231025,21,02171,5
20231025,21,02172,2
20231025,21,02179,8
20231025,21,02185,4
20231025,21,02186,2
20231025,21,02191,4
20231025,21,02198,1
20231025,21,02199,1
20231025,21,03311,3
20231025,21,03802,1
20231025,22,02111,7
20231025,22,02112,3
20231025,22,02116,3
20231025,22,02122,1
20231025,22,02128,1
20231025,22,02130,3
20231025,22,02143,1
20231025,22,02148,3
20231025,22,02159,1
20231025,22,02171,1
20231025,22,02178,1
20231025,22,02179,7
20231025,22,02185,1
20231025,22,02191,4
20231025,22,02199,1
20231025,22,03311,3
20231025,23,02111,5
20231025,23,02112,3
20231025,23,02116,3
20231025,23,02129,1
20231025,23,02139,1
20231025,23,02143,1
20231025,23,02171,1
20231025,23,02179,4
20231025,23,02185,1
20231025,23,02191,4
20231025,23,02198,2
20231025,23,03311,2
20231025,3,02112,2
20231025,3,02128,1
20231025,3,02171,2
20231025,3,02191,3
20231025,4,02139,1
20231025,5,02116,1
20231025,5,02122,2
20231025,5,02171,2
20231025,5,02186,1
20231025,5,02191,1
20231025,6,02111,1
20231025,6,02128,1
20231025,6,02129,1
20231025,6,02148,3
20231025,6,02171,2
20231025,6,02179,1
20231025,6,02186,1
20231025,6,03310,1
20231025,6,03802,2
20231025,7,02111,4
20231025,7,02112,3
20231025,7,02122,1
20231025,7,02139,2
20231025,7,02143,1
20231025,7,02148,3
20231025,7,02171,2
20231025,7,02185,2
20231025,7,02186,1
20231025,7,02191,6
20231025,7,02198,1
20231025,7,03311,1
20231025,7,03802,7
20231025,8,02111,1
20231025,8,02112,1
20231025,8,02116,1
20231025,8,02128,2
20231025,8,02139,6
20231025,8,02143,4
20231025,8,02148,6
20231025,8,02159,1
20231025,8,02171,6
20231025,8,02172,1
20231025,8,02179,3
20231025,8,02186,1
20231025,8,02191,9
20231025,8,03311,1
20231025,9,02111,2
20231025,9,02112,3
20231025,9,02116,1
20231025,9,02128,4
20231025,9,02129,2
20231025,9,02139,3
20231025,9,02143,1
20231025,9,02148,2
20231025,9,02171,4
20231025,9,02172,1
20231025,9,02179,3
20231025,9,02185,2
20231025,9,02191,5
20231025,9,03310,1
20231025,9,03311,3
20231025,9,03802,1
20231026,0,02111,1
20231026,0,02112,3
20231026,0,02116,1
20231026,0,02122,1
20231026,0,02128,1
20231026,0,02139,1
20231026,0,02143,1
20231026,0,02171,1
20231026,0,02179,1
20231026,0,02185,2
20231026,0,02186,3
20231026,0,02191,3
20231026,0,02198,1
20231026,0,03311,2
20231026,1,02111,3
20231026,1,02112,1
20231026,1,02116,2
20231026,1,02122,1
20231026,1,02148,1
20231026,1,02179,1
20231026,1,02185,4
20231026,1,02186,1
20231026,1,02191,2
20231026,10,02111,3
20231026,10,02112,2
20231026,10,02116,2
20231026,10,02128,2
20231026,10,02129,1
20231026,10,02130,2
20231026,10,02171,4
20231026,10,02178,1
20231026,10,02179,2
20231026,10,02185,2
20231026,10,02186,1
20231026,10,02198,1
20231026,10,02199,2
20231026,10,03311,1
20231026,10,03802,3
20231026,11,02111,2
20231026,11,02112,2
20231026,11,02128,1
20231026,11,02129,1
20231026,11,02139,1
20231026,11,02148,1
20231026,11,02159,1
20231026,11,02171,4
20231026,11,02185,3
20231026,11,02191,1
20231026,11,02199,1
20231026,11,03311,3
20231026,11,03802,1
20231026,12,02111,1
20231026,12,02112,1
20231026,12,02116,1
20231026,12,02128,1
20231026,12,02139,3
20231026,12,02143,1
20231026,12,02171,5
20231026,12,02172,4
20231026,12,02178,3
20231026,12,02179,2
20231026,12,02185,2
20231026,12,02186,1
20231026,12,02191,1
20231026,12,03311,5
20231026,13,02111,3
20231026,13,02112,2
20231026,13,02116,1
20231026,13,02122,1
20231026,13,02128,6
20231026,13,02129,1
20231026,13,02139,1
20231026,13,02143,1
20231026,13,02148,1
20231026,13,02171,4
20231026,13,02172,3
20231026,13,02178,3
20231026,13,02179,1
20231026,13,02185,2
20231026,13,02191,1
20231026,14,02111,2
20231026,14,02112,2
20231026,14,02128,2
20231026,14,02129,1
20231026,14,02139,1
20231026,14,02148,3
20231026,14,02171,2
20231026,14,02178,3
20231026,14,02179,6
20231026,14,02186,1
20231026,14,02191,3
20231026,14,03311,7
20231026,15,02111,1
20231026,15,02112,3
20231026,15,02116,1
20231026,15,02128,2
20231026,15,02129,4
20231026,15,02139,2
20231026,15,02148,1
20231026,15,02171,5
20231026,15,02172,3
20231026,15,02179,5
20231026,15,02185,2
20231026,15,02191,1
20231026,15,02198,1
20231026,15,03311,5
20231026,16,02111,4
20231026,16,02112,1
20231026,16,02116,1
20231026,16,02122,6
20231026,16,02128,2
20231026,16,02130,3
20231026,16,02139,3
20231026,16,02143,2
20231026,16,02171,1
20231026,16,02172,1
20231026,16,02178,1
20231026,16,02179,2
20231026,16,02185,1
20231026,16,02186,1
20231026,16,02191,2
20231026,16,02198,2
20231026,16,03311,3
20231026,17,02111,2
20231026,17,02112,3
20231026,17,02122,1
20231026,17,02128,1
20231026,17,02139,1
20231026,17,02148,1
20231026,17,02159,2
20231026,17,02171,7
20231026,17,02178,1
20231026,17,02179,6
20231026,17,02185,3
20231026,17,02186,2
20231026,17,02191,1
20231026,17,02198,4
20231026,17,02199,1
20231026,17,03311,9
20231026,17,03802,1
20231026,18,02111,3
20231026,18,02112,12
20231026,18,02116,5
20231026,18,02122,1
20231026,18,02128,3
20231026,18,02129,2
20231026,18,02139,1
20231026,18,02143,2
20231026,18,02148,1
20231026,18,02171,8
20231026,18,02172,3
20231026,18,02179,1
20231026,18,02185,3
20231026,18,02186,1
20231026,18,02191,4
20231026,18,02198,1
20231026,18,02199,1
20231026,18,03311,3
20231026,19,02111,3
20231026,19,02112,12
20231026,19,02116,3
20231026,19,02122,4
20231026,19,02128,1
20231026,19,02130,1
20231026,19,02139,4
20231026,19,02143,2
20231026,19,02148,1
20231026,19,02159,1
20231026,19,02171,4
20231026,19,02172,1
20231026,19,02178,2
20231026,19,02179,6
20231026,19,02185,2
20231026,19,02186,6
20231026,19,02191,5
20231026,19,03311,1
20231026,19,03802,2
20231026,2,02111,1
20231026,2,02112,3
20231026,2,02116,1
20231026,2,02128,1
20231026,2,02143,1
20231026,2,02179,2
20231026,2,02186,1
20231026,20,02111,3
20231026,20,02112,5
20231026,20,02116,3
20231026,20,02122,3
20231026,20,02128,2
20231026,20,02130,2
20231026,20,02139,2
20231026,20,02148,1
20231026,20,02159,2
20231026,20,02171,5
20231026,20,02172,1
20231026,20,02178,1
20231026,20,02179,6
20231026,20,02186,1
20231026,20,02191,4
20231026,20,02198,1
20231026,20,02199,1
20231026,20,03802,4
20231026,21,02111,4
20231026,21,02112,3
20231026,21,02116,5
20231026,21,02122,5
20231026,21,02128,2
20231026,21,02148,1
20231026,21,02171,5
20231026,21,02172,1
20231026,21,02179,4
20231026,21,02185,5
20231026,21,02186,2
20231026,21,02191,3
20231026,21,02198,1
20231026,21,03311,1
20231026,21,03802,5
20231026,22,02111,3
20231026,22,02112,2
20231026,22,02116,3
20231026,22,02128,1
20231026,22,02139,2
20231026,22,02143,2
20231026,22,02148,2
20231026,22,02159,1
20231026,22,02171,3
20231026,22,02172,1
20231026,22,02178,1
20231026,22,02179,5
20231026,22,02185,1
20231026,22,02186,2
20231026,22,02191,2
20231026,22,02198,3
20231026,22,03310,1
20231026,22,03311,2
20231026,22,03802,1
20231026,23,02111,2
20231026,23,02112,5
20231026,23,02143,1
20231026,23,02148,1
20231026,23,02171,4
20231026,23,02178,1
20231026,23,02185,2
20231026,23,02191,2
20231026,23,03311,1
20231026,3,02111,1
20231026,3,02148,1
20231026,3,02179,1
20231026,3,02185,1
20231026,4,02111,1
20231026,4,02171,1
20231026,4,02185,1
20231026,4,02186,1
20231026,4,02198,2
20231026,5,02116,1
20231026,5,02143,1
20231026,5,02198,1
20231026,6,02139,1
20231026,6,02148,2
20231026,6,02159,1
20231026,6,02171,2
20231026,6,02172,1
20231026,6,02178,1
20231026,6,02179,1
20231026,6,03311,1
20231026,6,03802,4
20231026,7,02111,1
20231026,7,02116,1
20231026,7,02122,1
20231026,7,02128,1
20231026,7,02139,4
20231026,7,02148,1
20231026,7,02159,2
20231026,7,02171,1
20231026,7,02179,1
20231026,7,02185,1
20231026,7,02186,1
20231026,7,02191,3
20231026,7,03311,3
20231026,7,03802,7
20231026,8,02111,1
20231026,8,02112,1
20231026,8,02116,1
20231026,8,02122,2
20231026,8,02128,2
20231026,8,02129,1
20231026,8,02139,7
20231026,8,02148,3
20231026,8,02171,1
20231026,8,02172,2
20231026,8,02178,1
20231026,8,02179,2
20231026,8,02185,1
20231026,8,02186,4
20231026,8,02191,6
20231026,8,03311,5
20231026,8,03802,6
20231026,9,02111,5
20231026,9,02112,1
20231026,9,02116,1
20231026,9,02122,2
20231026,9,02128,1
20231026,9,02129,2
20231026,9,02139,2
20231026,9,02143,1
20231026,9,02148,4
20231026,9,02171,4
20231026,9,02178,1
20231026,9,02179,3
20231026,9,02185,3
20231026,9,02191,5
20231026,9,03311,3
20231027,0,02111,3
20231027,0,02112,4
20231027,0,02122,2
20231027,0,02128,1
20231027,0,02129,2
20231027,0,02139,1
20231027,0,02148,1
20231027,0,02179,8
20231027,0,02185,2
20231027,0,02186,1
20231027,0,02191,5
20231027,0,03311,1
20231027,1,02111,1
20231027,1,02139,1
20231027,1,02148,1
20231027,1,02171,1
20231027,1,02172,2
20231027,1,02178,1
20231027,1,02179,3
20231027,1,02185,2
20231027,1,02198,2
20231027,10,02111,1
20231027,10,02112,1
20231027,10,02122,3
20231027,10,02128,1
20231027,10,02129,1
20231027,10,02148,3
20231027,10,02159,1
20231027,10,02171,2
20231027,10,02179,2
20231027,10,02185,1
20231027,10,02198,1
20231027,10,03802,1
20231027,11,02111,3
20231027,11,02112,2
20231027,11,02122,1
20231027,11,02129,1
20231027,11,02143,2
20231027,11,02148,2
20231027,11,02159,1
20231027,11,02171,5
20231027,11,02178,2
20231027,11,02179,5
20231027,11,02185,1
20231027,11,02186,1
20231027,11,02191,1
20231027,11,02198,1
20231027,11,03311,1
20231027,11,03802,1
20231027,12,02111,1
20231027,12,02112,1
20231027,12,02116,2
20231027,12,02122,1
20231027,12,02128,3
20231027,12,02139,1
20231027,12,02171,5
20231027,12,02172,1
20231027,12,02178,2
20231027,12,02179,2
20231027,12,02185,1
20231027,12,02191,3
20231027,12,02198,3
20231027,12,03311,1
20231027,12,03802,4
20231027,13,02111,3
20231027,13,02116,4
20231027,13,02122,1
20231027,13,02128,1
20231027,13,02148,1
20231027,13,02171,4
20231027,13,02178,2
20231027,13,02179,1
20231027,13,02185,3
20231027,13,02186,2
20231027,13,02191,4
20231027,13,03311,2
20231027,14,02111,6
20231027,14,02112,2
20231027,14,02116,2
20231027,14,02122,1
20231027,14,02128,1
20231027,14,02148,1
20231027,14,02171,6
20231027,14,02178,4
20231027,14,02179,2
20231027,14,02191,4
20231027,14,02198,1
20231027,14,03310,1
20231027,14,03311,10
20231027,15,02111,1
20231027,15,02112,4
20231027,15,02116,2
20231027,15,02122,4
20231027,15,02128,1
20231027,15,02143,2
20231027,15,02148,1
20231027,15,02159,2
20231027,15,02171,5
20231027,15,02172,1
20231027,15,02178,3
20231027,15,02179,2
20231027,15,02185,4
20231027,15,02186,1
20231027,15,02191,3
20231027,15,03311,5
20231027,15,03802,1
20231027,16,02111,2
20231027,16,02112,3
20231027,16,02116,1
20231027,16,02122,2
20231027,16,02128,3
20231027,16,02148,1
20231027,16,02171,1
20231027,16,02172,1
20231027,16,02179,1
20231027,16,02185,1
20231027,16,02186,2
20231027,16,02191,2
20231027,16,02198,1
20231027,16,03310,4
20231027,16,03311,5
20231027,17,02111,3
20231027,17,02112,3
20231027,17,02116,2
20231027,17,02122,1
20231027,17,02128,1
20231027,17,02139,2
20231027,17,02143,4
20231027,17,02148,4
20231027,17,02171,5
20231027,17,02178,1
20231027,17,02179,1
20231027,17,02185,2
20231027,17,02186,1
20231027,17,02191,2
20231027,17,02198,2
20231027,17,03310,3
20231027,17,03311,8
20231027,17,03802,1
20231027,18,02111,6
20231027,18,02112,12
20231027,18,02116,4
20231027,18,02122,5
20231027,18,02128,2
20231027,18,02129,1
20231027,18,02139,1
20231027,18,02159,1
20231027,18,02171,9
20231027,18,02179,5
20231027,18,02185,2
20231027,18,02186,2
20231027,18,02191,2
20231027,18,02198,2
20231027,18,03310,3
20231027,18,03311,3
20231027,18,03802,1
20231027,19,02111,1
20231027,19,02112,4
20231027,19,02116,5
20231027,19,02122,2
20231027,19,02128,3
20231027,19,02139,1
20231027,19,02148,3
20231027,19,02159,2
20231027,19,02171,7
20231027,19,02179,4
20231027,19,02185,4
20231027,19,02186,3
20231027,19,02191,2
20231027,19,02198,3
20231027,19,03310,1
20231027,19,03311,3
20231027,19,03802,2
20231027,2,02112,1
20231027,2,02122,1
20231027,2,02139,1
20231027,2,02148,1
20231027,2,02172,1
20231027,2,02185,1
20231027,2,02186,2
20231027,2,02191,4
20231027,2,02198,1
20231027,20,02111,4
20231027,20,02112,3
20231027,20,02116,5
20231027,20,02122,3
20231027,20,02129,1
20231027,20,02139,2
20231027,20,02148,1
20231027,20,02159,1
20231027,20,02171,5
20231027,20,02172,1
20231027,20,02179,1
20231027,20,02186,3
20231027,20,02191,4
20231027,20,02198,4
20231027,20,03310,1
20231027,20,03311,2
20231027,20,03802,3
20231027,21,02111,3
20231027,21,02112,2
20231027,21,02116,4
20231027,21,02122,3
20231027,21,02128,1
20231027,21,02130,1
20231027,21,02148,2
20231027,21,02159,1
20231027,21,02171,9
20231027,21,02179,2
20231027,21,02185,1
20231027,21,02186,3
20231027,21,02191,5
20231027,21,02198,1
20231027,21,03310,2
20231027,21,03311,1
20231027,21,03802,1
20231027,22,02111,7
20231027,22,02112,2
20231027,22,02116,7
20231027,22,02122,1
20231027,22,02128,4
20231027,22,02139,1
20231027,22,02143,1
20231027,22,02148,1
20231027,22,02159,1
20231027,22,02171,6
20231027,22,02172,1
20231027,22,02179,3
20231027,22,02186,2
20231027,22,02191,6
20231027,22,02198,3
20231027,22,02199,1
20231027,22,03310,2
20231027,22,03802,2
20231027,23,02111,4
20231027,23,02112,4
20231027,23,02116,2
20231027,23,02128,3
20231027,23,02139,4
20231027,23,02143,1
20231027,23,02148,1
20231027,23,02171,2
20231027,23,02172,1
20231027,23,02179,3
20231027,23,02185,1
20231027,23,02186,2
20231027,23,02191,3
20231027,23,02198,2
20231027,23,02199,1
20231027,3,02171,1
20231027,3,02179,1
20231027,3,02191,1
20231027,4,02143,1
20231027,4,02171,1
20231027,4,02185,1
20231027,5,02171,3
20231027,5,02179,1
20231027,5,02185,1
20231027,5,03311,1
20231027,6,02129,2
20231027,6,02143,1
20231027,6,02148,2
20231027,6,02179,1
20231027,6,02185,1
20231027,6,02191,2
20231027,7,02111,1
20231027,7,02112,1
20231027,7,02129,1
20231027,7,02139,3
20231027,7,02148,4
20231027,7,02159,1
20231027,7,02171,1
20231027,7,02191,3
20231027,7,03311,1
20231027,7,03802,3
20231027,8,02116,1
20231027,8,02122,1
20231027,8,02128,1
20231027,8,02129,1
20231027,8,02139,3
20231027,8,02143,2
20231027,8,02148,3
20231027,8,02171,4
20231027,8,02172,1
20231027,8,02179,3
20231027,8,02185,1
20231027,8,02191,4
20231027,8,03311,3
20231027,8,03802,1
20231027,9,02111,1
20231027,9,02116,1
20231027,9,02129,3
20231027,9,02148,5
20231027,9,02171,5
20231027,9,02172,2
20231027,9,02179,2
20231027,9,02185,1
20231027,9,03311,4
20231028,0,02111,2
20231028,0,02112,2
20231028,0,02116,1
20231028,0,02128,3
20231028,0,02139,3
20231028,0,02171,2
20231028,0,02179,6
20231028,0,02185,3
20231028,0,02186,1
20231028,0,02191,2
20231028,0,02198,3
20231028,1,02111,3
20231028,1,02112,1
20231028,1,02116,1
20231028,1,02139,2
20231028,1,02143,1
20231028,1,02148,3
20231028,1,02159,1
20231028,1,02171,7
20231028,1,02185,1
20231028,1,02186,1
20231028,1,02191,1
20231028,1,02198,3
20231028,1,03310,3
20231028,10,02116,1
20231028,10,02128,3
20231028,10,02139,6
20231028,10,02148,1
20231028,10,02171,4
20231028,10,02179,6
20231028,10,02185,2
20231028,10,02186,1
20231028,10,02191,3
20231028,10,02198,2
20231028,10,03310,2
20231028,10,03311,2
20231028,11,02111,2
20231028,11,02112,7
20231028,11,02116,1
20231028,11,02122,1
20231028,11,02128,2
20231028,11,02143,1
20231028,11,02148,2
20231028,11,02171,3
20231028,11,02172,1
20231028,11,02178,2
20231028,11,02185,1
20231028,11,02191,2
20231028,11,03310,2
20231028,11,03311,2
20231028,12,02111,1
20231028,12,02112,2
20231028,12,02116,7
20231028,12,02128,2
20231028,12,02139,5
20231028,12,02148,1
20231028,12,02171,3
20231028,12,02172,3
20231028,12,02179,3
20231028,12,02186,1
20231028,12,02191,3
20231028,12,02198,2
20231028,12,02199,1
20231028,12,03311,3
20231028,13,02111,2
20231028,13,02112,2
20231028,13,02116,2
20231028,13,02122,3
20231028,13,02128,2
20231028,13,02139,1
20231028,13,02143,4
20231028,13,02148,2
20231028,13,02171,5
20231028,13,02172,6
20231028,13,02178,4
20231028,13,02179,3
20231028,13,02191,2
20231028,13,02198,1
20231028,13,03310,2
20231028,13,03311,3
20231028,13,03802,2
20231028,14,02111,1
20231028,14,02112,2
20231028,14,02116,2
20231028,14,02122,1
20231028,14,02128,1
20231028,14,02129,1
20231028,14,02148,4
20231028,14,02159,1
20231028,14,02171,6
20231028,14,02172,5
20231028,14,02178,3
20231028,14,02179,1
20231028,14,02185,1
20231028,14,02191,1
20231028,14,02198,5
20231028,14,03311,4
20231028,15,02111,3
20231028,15,02112,5
20231028,15,02116,3
20231028,15,02122,1
20231028,15,02139,3
20231028,15,02148,1
20231028,15,02159,1
20231028,15,02171,8
20231028,15,02178,3
20231028,15,02179,5
20231028,15,02185,4
20231028,15,02186,2
20231028,15,02191,1
20231028,15,02198,1
20231028,15,03310,1
20231028,15,03311,2
20231028,16,02111,6
20231028,16,02112,5
20231028,16,02116,5
20231028,16,02122,1
20231028,16,02128,3
20231028,16,02129,2
20231028,16,02148,1
20231028,16,02159,4
20231028,16,02171,2
20231028,16,02172,1
20231028,16,02178,1
20231028,16,02179,4
20231028,16,02185,4
20231028,16,02186,1
20231028,16,02191,4
20231028,16,02198,1
20231028,16,02199,1
20231028,16,03310,4
20231028,16,03311,2
20231028,17,02111,4
20231028,17,02122,2
20231028,17,02128,1
20231028,17,02139,1
20231028,17,02143,1
20231028,17,02148,5
20231028,17,02159,2
20231028,17,02171,1
20231028,17,02172,2
20231028,17,02178,2
20231028,17,02179,3
20231028,17,02185,3
20231028,17,02191,5
20231028,17,02198,3
20231028,17,03310,2
20231028,17,03311,1
20231028,17,03802,2
20231028,18,02111,4
20231028,18,02112,3
20231028,18,02116,1
20231028,18,02122,5
20231028,18,02139,1
20231028,18,02148,2
20231028,18,02159,1
20231028,18,02171,8
20231028,18,02179,4
20231028,18,02191,3
20231028,18,02198,3
20231028,18,03310,2
20231028,18,03311,5
20231028,18,03802,1
20231028,19,02111,3
20231028,19,02116,3
20231028,19,02122,2
20231028,19,02128,1
20231028,19,02130,1
20231028,19,02139,2
20231028,19,02148,1
20231028,19,02171,5
20231028,19,02172,5
20231028,19,02178,1
20231028,19,02179,3
20231028,19,02186,2
20231028,19,02191,1
20231028,19,02198,1
20231028,19,03310,1
20231028,19,03311,2
20231028,19,03802,2
20231028,2,02112,1
20231028,2,02128,1
20231028,2,02171,2
20231028,2,03311,1
20231028,20,02111,4
20231028,20,02112,3
20231028,20,02122,3
20231028,20,02128,4
20231028,20,02139,2
20231028,20,02148,2
20231028,20,02171,5
20231028,20,02178,1
20231028,20,02179,2
20231028,20,02185,1
20231028,20,02186,2
20231028,20,02191,1
20231028,20,02198,3
20231028,20,02199,2
20231028,20,03311,2
20231028,21,02111,5
20231028,21,02112,2
20231028,21,02128,1
20231028,21,02139,2
20231028,21,02143,1
20231028,21,02159,2
20231028,21,02171,2
20231028,21,02178,4
20231028,21,02179,4
20231028,21,02186,1
20231028,21,02191,1
20231028,21,02198,3
20231028,21,03310,2
20231028,22,02111,2
20231028,22,02116,5
20231028,22,02128,1
20231028,22,02143,1
20231028,22,02148,2
20231028,22,02171,3
20231028,22,02172,2
20231028,22,02178,3
20231028,22,02179,1
20231028,22,02185,1
20231028,22,02191,3
20231028,22,02198,2
20231028,22,03311,2
20231028,23,02111,1
20231028,23,02112,2
20231028,23,02116,6
20231028,23,02128,3
20231028,23,02129,1
20231028,23,02159,1
20231028,23,02171,2
20231028,23,02179,2
20231028,23,02185,1
20231028,23,02191,1
20231028,23,02198,2
20231028,23,02199,1
20231028,3,02111,2
20231028,3,02112,1
20231028,3,02139,1
20231028,3,02159,1
20231028,3,03311,1
20231028,4,02111,1
20231028,4,02143,1
20231028,4,02148,2
20231028,4,02171,1
20231028,4,02186,1
20231028,4,02198,1
20231028,4,03311,1
20231028,5,02112,1
20231028,5,02116,1
20231028,5,02122,1
20231028,5,02179,1
20231028,5,02186,1
20231028,6,02112,1
20231028,6,02148,1
20231028,6,02159,1
20231028,6,02179,2
20231028,6,02185,1
20231028,6,02186,1
20231028,6,02198,1
20231028,6,03311,1
20231028,7,02129,1
20231028,7,02139,1
20231028,7,02159,1
20231028,7,02171,4
20231028,7,02179,1
20231028,7,02191,1
20231028,7,03310,1
20231028,7,03802,2
20231028,8,02111,2
20231028,8,02112,3
20231028,8,02116,1
20231028,8,02122,2
20231028,8,02128,1
20231028,8,02139,1
20231028,8,02148,2
20231028,8,02159,1
20231028,8,02171,2
20231028,8,02179,3
20231028,8,02186,2
20231028,8,02191,2
20231028,8,02198,1
20231028,8,03311,4
20231028,8,03802,2
20231028,9,02111,1
20231028,9,02112,2
20231028,9,02116,1
20231028,9,02122,1
20231028,9,02129,2
20231028,9,02139,1
20231028,9,02148,3
20231028,9,02171,3
20231028,9,02172,2
20231028,9,02179,2
20231028,9,02185,2
20231028,9,02191,3
20231028,9,03310,1
20231028,9,03311,1
20231028,9,03802,1
20231029,0,02111,4
20231029,0,02112,1
20231029,0,02116,3
20231029,0,02122,1
20231029,0,02128,3
20231029,0,02129,3
20231029,0,02139,1
20231029,0,02159,4
20231029,0,02171,3
20231029,0,02178,1
20231029,0,02179,8
20231029,0,02185,2
20231029,0,02191,2
20231029,0,02198,2
20231029,0,03311,1
20231029,1,02122,1
20231029,1,02128,1
20231029,1,02139,2
20231029,1,02143,3
20231029,1,02148,2
20231029,1,02171,1
20231029,1,02172,3
20231029,1,02178,1
20231029,1,02186,1
20231029,1,03310,2
20231029,10,02111,1
20231029,10,02112,3
20231029,10,02116,1
20231029,10,02128,3
20231029,10,02129,1
20231029,10,02139,1
20231029,10,02143,1
20231029,10,02148,2
20231029,10,02159,3
20231029,10,02171,1
20231029,10,02172,2
20231029,10,02178,1
20231029,10,02179,5
20231029,10,02185,3
20231029,10,02191,1
20231029,10,03310,1
20231029,11,02111,3
20231029,11,02112,4
20231029,11,02116,4
20231029,11,02122,1
20231029,11,02128,4
20231029,11,02139,1
20231029,11,02148,3
20231029,11,02159,2
20231029,11,02179,5
20231029,11,02186,1
20231029,11,02198,1
20231029,11,03311,3
20231029,12,02111,5
20231029,12,02112,2
20231029,12,02116,2
20231029,12,02122,1
20231029,12,02128,1
20231029,12,02139,10
20231029,12,02148,3
20231029,12,02159,3
20231029,12,02171,7
20231029,12,02172,5
20231029,12,02178,1
20231029,12,02179,4
20231029,12,02185,4
20231029,12,02186,1
20231029,12,02191,2
20231029,12,02198,2
20231029,12,02199,2
20231029,12,03310,2
20231029,12,03311,3
20231029,13,02111,1
20231029,13,02116,1
20231029,13,02122,1
20231029,13,02128,1
20231029,13,02139,1
20231029,13,02148,1
20231029,13,02171,9
20231029,13,02172,5
20231029,13,02179,4
20231029,13,02185,4
20231029,13,02186,1
20231029,13,02191,2
20231029,13,02198,1
20231029,13,03310,3
20231029,13,03311,2
20231029,13,03802,1
20231029,14,02111,5
20231029,14,02112,2
20231029,14,02116,1
20231029,14,02122,1
20231029,14,02128,1
20231029,14,02143,2
20231029,14,02171,5
20231029,14,02172,1
20231029,14,02178,3
20231029,14,02179,4
20231029,14,02191,3
20231029,14,02198,1
20231029,14,03310,1
20231029,14,03311,5
20231029,15,02111,4
20231029,15,02112,4
20231029,15,02122,1
20231029,15,02128,1
20231029,15,02129,2
20231029,15,02139,2
20231029,15,02148,1
20231029,15,02171,5
20231029,15,02172,4
20231029,15,02178,2
20231029,15,02179,4
20231029,15,02185,2
20231029,15,02186,3
20231029,15,02191,5
20231029,15,03310,3
20231029,15,03311,1
20231029,15,03802,3
20231029,16,02111,3
20231029,16,02112,4
20231029,16,02116,2
20231029,16,02122,2
20231029,16,02129,1
20231029,16,02139,1
20231029,16,02143,3
20231029,16,02148,5
20231029,16,02159,4
20231029,16,02171,5
20231029,16,02172,5
20231029,16,02178,7
20231029,16,02179,6
20231029,16,02185,3
20231029,16,02186,5
20231029,16,02191,5
20231029,16,02198,3
20231029,16,03310,4
20231029,16,03311,3
20231029,17,02111,7
20231029,17,02112,3
20231029,17,02116,1
20231029,17,02122,3
20231029,17,02128,2
20231029,17,02143,2
20231029,17,02148,3
20231029,17,02159,2
20231029,17,02171,10
20231029,17,02172,3
20231029,17,02178,2
20231029,17,02179,3
20231029,17,02186,5
20231029,17,02191,4
20231029,17,02198,1
20231029,17,03311,3
20231029,17,03802,1
20231029,18,02111,5
20231029,18,02112,3
20231029,18,02116,1
20231029,18,02129,1
20231029,18,02139,2
20231029,18,02143,1
20231029,18,02148,1
20231029,18,02159,1
20231029,18,02171,10
20231029,18,02172,1
20231029,18,02178,5
20231029,18,02179,7
20231029,18,02185,1
20231029,18,02186,5
20231029,18,02191,5
20231029,18,03311,3
20231029,19,02111,1
20231029,19,02112,4
20231029,19,02116,2
20231029,19,02122,1
20231029,19,02128,1
20231029,19,02139,1
20231029,19,02148,2
20231029,19,02171,2
20231029,19,02179,4
20231029,19,02186,1
20231029,19,02191,2
20231029,19,03310,1
20231029,19,03311,3
20231029,19,03802,1
20231029,2,02111,1
20231029,2,02116,2
20231029,2,02122,1
20231029,2,02143,1
20231029,2,02171,2
20231029,2,02179,3
20231029,2,03311,1
20231029,20,02111,5
20231029,20,02112,1
20231029,20,02116,4
20231029,20,02122,2
20231029,20,02129,1
20231029,20,02139,2
20231029,20,02148,4
20231029,20,02171,3
20231029,20,02179,2
20231029,20,02185,1
20231029,20,02186,1
20231029,20,02198,2
20231029,21,02111,6
20231029,21,02112,3
20231029,21,02116,2
20231029,21,02130,2
20231029,21,02139,1
20231029,21,02148,3
20231029,21,02171,4
20231029,21,02172,1
20231029,21,02178,3
20231029,21,02179,1
20231029,21,02185,1
20231029,21,02191,4
20231029,21,02198,1
20231029,21,03311,2
20231029,22,02111,4
20231029,22,02116,1
20231029,22,02122,3
20231029,22,02128,1
20231029,22,02143,2
20231029,22,02148,1
20231029,22,02159,1
20231029,22,02171,6
20231029,22,02172,1
20231029,22,02179,4
20231029,22,02185,4
20231029,22,02186,1
20231029,22,02191,2
20231029,22,02198,2
20231029,22,02199,1
20231029,23,02111,2
20231029,23,02116,2
20231029,23,02122,1
20231029,23,02128,1
20231029,23,02129,1
20231029,23,02143,1
20231029,23,02148,1
20231029,23,02171,1
20231029,23,02172,1
20231029,23,02186,1
20231029,23,02191,5
20231029,23,02198,2
20231029,23,03311,1
20231029,3,02122,1
20231029,3,02148,1
20231029,3,02191,2
20231029,3,03310,1
20231029,4,02148,1
20231029,4,02178,1
20231029,4,02186,2
20231029,4,02198,1
20231029,5,02111,1
20231029,5,02112,1
20231029,5,02129,1
20231029,5,02148,1
20231029,5,02186,1
20231029,6,02112,1
20231029,6,02186,1
20231029,6,03311,1
20231029,7,02122,2
20231029,7,02129,1
20231029,7,02148,1
20231029,7,02172,1
20231029,7,02185,2
20231029,7,02191,1
20231029,7,03310,1
20231029,8,02111,1
20231029,8,02122,1
20231029,8,02143,1
20231029,8,02171,2
20231029,8,02172,1
20231029,8,02186,1
20231029,8,02191,1
20231029,8,03310,3
20231029,8,03311,2
20231029,9,02112,2
20231029,9,02116,2
20231029,9,02128,1
20231029,9,02139,6
20231029,9,02171,4
20231029,9,02179,3
20231029,9,02185,3
20231029,9,02186,1
20231029,9,02191,4
20231029,9,03310,1
20231029,9,03311,1
20231029,9,03802,1
20231030,0,02111,2
20231030,0,02112,1
20231030,0,02116,1
20231030,0,02122,1
20231030,0,02139,1
20231030,0,02179,3
20231030,0,02185,1
20231030,0,02186,1
20231030,0,02191,2
20231030,0,02198,1
20231030,0,03311,1
20231030,1,02112,1
20231030,1,02128,1
20231030,1,02185,2
20231030,1,02186,3
20231030,1,02191,1
20231030,1,03311,1
20231030,10,02111,2
20231030,10,02112,1
20231030,10,02122,1
20231030,10,02129,1
20231030,10,02139,2
20231030,10,02159,1
20231030,10,02171,2
20231030,10,02179,1
20231030,10,02185,1
20231030,10,02186,2
20231030,10,02191,4
20231030,10,03310,5
20231030,10,03311,3
20231030,10,03802,2
20231030,11,02111,3
20231030,11,02112,1
20231030,11,02122,1
20231030,11,02128,3
20231030,11,02129,1
20231030,11,02139,1
20231030,11,02148,3
20231030,11,02171,1
20231030,11,02179,1
20231030,11,02185,1
20231030,11,02191,1
20231030,11,03311,2
20231030,11,03802,1
20231030,12,02111,3
20231030,12,02112,1
20231030,12,02116,1
20231030,12,02130,1
20231030,12,02143,1
20231030,12,02148,2
20231030,12,02171,5
20231030,12,02172,5
20231030,12,02178,5
20231030,12,02179,1
20231030,12,02185,2
20231030,12,02191,5
20231030,12,02199,1
20231030,12,03310,1
20231030,12,03311,1
20231030,12,03802,1
20231030,13,02111,2
20231030,13,02112,3
20231030,13,02116,1
20231030,13,02129,1
20231030,13,02139,1
20231030,13,02171,4
20231030,13,02172,2
20231030,13,02178,1
20231030,13,02179,3
20231030,13,02185,2
20231030,13,02191,2
20231030,13,02198,1
20231030,13,02199,1
20231030,13,03311,1
20231030,13,03802,3
20231030,14,02112,2
20231030,14,02116,2
20231030,14,02128,1
20231030,14,02139,2
20231030,14,02148,3
20231030,14,02159,1
20231030,14,02171,2
20231030,14,02172,1
20231030,14,02178,6
20231030,14,02179,1
20231030,14,02185,2
20231030,14,02186,2
20231030,14,02198,1
20231030,14,03310,2
20231030,14,03311,3
20231030,15,02111,3
20231030,15,02112,4
20231030,15,02116,2
20231030,15,02122,1
20231030,15,02139,1
20231030,15,02148,1
20231030,15,02171,2
20231030,15,02178,4
20231030,15,02179,4
20231030,15,02185,1
20231030,15,02186,1
20231030,15,02191,5
20231030,15,03310,2
20231030,15,03311,1
20231030,16,02111,3
20231030,16,02112,5
20231030,16,02116,2
20231030,16,02122,2
20231030,16,02128,1
20231030,16,02148,1
20231030,16,02171,2
20231030,16,02172,4
20231030,16,02178,5
20231030,16,02179,2
20231030,16,02185,2
20231030,16,02186,1
20231030,16,02191,2
20231030,16,02198,1
20231030,16,03310,1
20231030,16,03311,10
20231030,17,02112,5
20231030,17,02116,3
20231030,17,02122,2
20231030,17,02128,1
20231030,17,02143,1
20231030,17,02148,5
20231030,17,02171,9
20231030,17,02172,4
20231030,17,02178,2
20231030,17,02179,3
20231030,17,02185,2
20231030,17,02186,1
20231030,17,02191,6
20231030,17,02198,1
20231030,17,03310,1
20231030,17,03311,5
20231030,18,02111,6
20231030,18,02112,7
20231030,18,02116,7
20231030,18,02122,2
20231030,18,02128,1
20231030,18,02129,1
20231030,18,02139,3
20231030,18,02143,1
20231030,18,02148,2
20231030,18,02171,3
20231030,18,02172,3
20231030,18,02179,12
20231030,18,02185,3
20231030,18,02186,2
20231030,18,02191,3
20231030,18,02198,5
20231030,18,03311,8
20231030,18,03802,1
20231030,19,02111,3
20231030,19,02112,4
20231030,19,02116,8
20231030,19,02122,6
20231030,19,02128,1
20231030,19,02129,1
20231030,19,02139,1
20231030,19,02143,2
20231030,19,02148,3
20231030,19,02171,4
20231030,19,02172,2
20231030,19,02179,5
20231030,19,02185,2
20231030,19,02191,3
20231030,19,02198,1
20231030,19,02199,1
20231030,19,03311,3
20231030,19,03802,1
20231030,2,02159,1
20231030,2,02191,1
20231030,20,02111,4
20231030,20,02112,3
20231030,20,02116,7
20231030,20,02122,4
20231030,20,02139,1
20231030,20,02143,1
20231030,20,02148,1
20231030,20,02159,1
20231030,20,02171,3
20231030,20,02172,1
20231030,20,02178,3
20231030,20,02179,4
20231030,20,02185,2
20231030,20,02186,1
20231030,20,02191,4
20231030,20,02198,1
20231030,20,02199,2
20231030,20,03311,2
20231030,20,03802,3
20231030,21,02111,4
20231030,21,02112,8
20231030,21,02122,2
20231030,21,02128,2
20231030,21,02130,1
20231030,21,02139,1
20231030,21,02143,2
20231030,21,02171,11
20231030,21,02172,2
20231030,21,02178,1
20231030,21,02179,5
20231030,21,02185,2
20231030,21,02186,4
20231030,21,02191,4
20231030,21,02198,4
20231030,21,03311,3
20231030,21,03802,1
20231030,22,02111,4
20231030,22,02112,4
20231030,22,02116,3
20231030,22,02122,2
20231030,22,02139,1
20231030,22,02148,1
20231030,22,02159,1
20231030,22,02171,3
20231030,22,02172,3
20231030,22,02179,8
20231030,22,02185,5
20231030,22,02186,2
20231030,22,02191,1
20231030,22,02198,3
20231030,22,03802,1
20231030,23,02111,3
20231030,23,02112,3
20231030,23,02129,1
20231030,23,02139,2
20231030,23,02143,2
20231030,23,02148,1
20231030,23,02171,1
20231030,23,02172,1
20231030,23,02179,2
20231030,23,02186,1
20231030,23,02191,2
20231030,3,02112,2
20231030,3,02171,1
20231030,3,02179,1
20231030,4,02179,1
20231030,5,02139,1
20231030,5,02171,1
20231030,5,02179,1
20231030,6,02111,1
20231030,6,02148,1
20231030,6,02159,1
20231030,6,02179,1
20231030,7,02111,2
20231030,7,02112,2
20231030,7,02129,1
20231030,7,02139,3
20231030,7,02148,2
20231030,7,02171,1
20231030,7,02185,3
20231030,7,02191,1
20231030,7,03311,2
20231030,7,03802,3
20231030,8,02116,3
20231030,8,02122,1
20231030,8,02128,2
20231030,8,02129,1
20231030,8,02139,9
20231030,8,02143,2
20231030,8,02148,4
20231030,8,02171,5
20231030,8,02179,4
20231030,8,02185,1
20231030,8,02191,7
20231030,8,02198,1
20231030,8,02199,1
20231030,8,03310,4
20231030,8,03311,2
20231030,8,03802,1
20231030,9,02112,1
20231030,9,02116,3
20231030,9,02122,1
20231030,9,02129,5
20231030,9,02148,3
20231030,9,02171,3
20231030,9,02172,2
20231030,9,02179,3
20231030,9,02185,2
20231030,9,02186,1
20231030,9,02191,1
20231030,9,03310,2
20231030,9,03311,4
20231030,9,03802,1
20231031,0,02111,1
20231031,0,02112,1
20231031,0,02143,2
20231031,0,02148,2
20231031,0,02171,1
20231031,0,02172,1
20231031,0,02179,3
20231031,0,02185,1
20231031,0,02191,5
20231031,0,02198,2
20231031,0,02199,1
20231031,0,03311,1
20231031,1,02128,2
20231031,1,02129,1
20231031,1,02148,1
20231031,1,02171,3
20231031,1,02172,1
20231031,1,02186,1
20231031,1,03311,1
20231031,10,02111,5
20231031,10,02112,2
20231031,10,02116,1
20231031,10,02128,2
20231031,10,02129,1
20231031,10,02143,1
20231031,10,02148,2
20231031,10,02159,1
20231031,10,02171,3
20231031,10,02178,2
20231031,10,02179,5
20231031,10,02185,2
20231031,10,02186,1
20231031,10,02191,1
20231031,10,02198,2
20231031,10,03311,4
20231031,10,03802,1
20231031,11,02111,2
20231031,11,02112,3
20231031,11,02116,1
20231031,11,02122,1
20231031,11,02128,1
20231031,11,02129,2
20231031,11,02139,1
20231031,11,02148,2
20231031,11,02159,1
20231031,11,02171,2
20231031,11,02172,1
20231031,11,02178,2
20231031,11,02179,1
20231031,11,02185,1
20231031,11,02186,1
20231031,11,02198,2
20231031,11,03311,2
20231031,11,03802,3
20231031,12,02111,4
20231031,12,02112,2
20231031,12,02116,1
20231031,12,02122,3
20231031,12,02128,1
20231031,12,02129,1
20231031,12,02139,1
20231031,12,02148,4
20231031,12,02171,1
20231031,12,02172,3
20231031,12,02178,1
20231031,12,02179,1
20231031,12,02186,2
20231031,12,02191,2
20231031,12,02198,2
20231031,12,02199,1
20231031,12,03311,3
20231031,13,02111,4
20231031,13,02112,1
20231031,13,02122,1
20231031,13,02128,1
20231031,13,02139,1
20231031,13,02148,2
20231031,13,02171,6
20231031,13,02172,2
20231031,13,02178,3
20231031,13,02179,1
20231031,13,02185,3
20231031,13,02186,1
20231031,13,02191,1
20231031,13,02198,2
20231031,13,03311,3
20231031,14,02111,2
20231031,14,02112,2
20231031,14,02116,2
20231031,14,02122,3
20231031,14,02128,1
20231031,14,02129,2
20231031,14,02148,2
20231031,14,02159,1
20231031,14,02171,2
20231031,14,02172,3
20231031,14,02178,6
20231031,14,02179,2
20231031,14,02185,1
20231031,14,02186,1
20231031,14,02198,1
20231031,14,03311,4
20231031,15,02111,6
20231031,15,02112,3
20231031,15,02116,2
20231031,15,02122,1
20231031,15,02128,3
20231031,15,02129,1
20231031,15,02130,1
20231031,15,02139,1
20231031,15,02143,2
20231031,15,02148,4
20231031,15,02159,1
20231031,15,02171,5
20231031,15,02172,2
20231031,15,02178,7
20231031,15,02185,2
20231031,15,02186,1
20231031,15,02191,1
20231031,15,02198,2
20231031,15,03311,2
20231031,16,02111,3
20231031,16,02112,1
20231031,16,02116,2
20231031,16,02122,2
20231031,16,02128,2
20231031,16,02139,1
20231031,16,02148,3
20231031,16,02171,4
20231031,16,02178,4
20231031,16,02179,2
20231031,16,02185,2
20231031,16,02191,2
20231031,16,02198,2
20231031,16,03310,1
20231031,16,03311,7
20231031,17,02111,2
20231031,17,02112,4
20231031,17,02116,3
20231031,17,02122,2
20231031,17,02128,2
20231031,17,02139,2
20231031,17,02143,2
20231031,17,02148,2
20231031,17,02159,1
20231031,17,02171,7
20231031,17,02172,4
20231031,17,02179,7
20231031,17,02185,2
20231031,17,02186,2
20231031,17,02191,3
20231031,17,02198,5
20231031,17,03311,1
20231031,18,02111,11
20231031,18,02112,7
20231031,18,02116,6
20231031,18,02122,6
20231031,18,02129,2
20231031,18,02130,1
20231031,18,02139,3
20231031,18,02143,6
20231031,18,02148,6
20231031,18,02171,8
20231031,18,02172,3
20231031,18,02179,5
20231031,18,02185,2
20231031,18,02186,4
20231031,18,02191,4
20231031,18,02198,2
20231031,18,03311,6
20231031,18,03802,3
20231031,19,02111,3
20231031,19,02112,4
20231031,19,02116,6
20231031,19,02122,6
20231031,19,02128,3
20231031,19,02139,1
20231031,19,02143,2
20231031,19,02148,5
20231031,19,02159,1
20231031,19,02171,6
20231031,19,02172,2
20231031,19,02179,8
20231031,19,02185,1
20231031,19,02186,3
20231031,19,02198,1
20231031,19,03311,2
20231031,19,03802,2
20231031,2,02111,1
20231031,2,02112,2
20231031,2,02122,1
20231031,2,02128,1
20231031,2,02172,1
20231031,2,03310,1
20231031,20,02111,10
20231031,20,02112,5
20231031,20,02116,4
20231031,20,02122,4
20231031,20,02128,4
20231031,20,02129,3
20231031,20,02139,3
20231031,20,02143,1
20231031,20,02171,5
20231031,20,02172,3
20231031,20,02179,3
20231031,20,02185,5
20231031,20,02186,3
20231031,20,02191,3
20231031,20,02198,6
20231031,20,03311,3
20231031,20,03802,3
20231031,21,02111,8
20231031,21,02112,3
20231031,21,02116,2
20231031,21,02122,2
20231031,21,02128,1
20231031,21,02129,2
20231031,21,02130,1
20231031,21,02139,1
20231031,21,02143,4
20231031,21,02148,3
20231031,21,02159,1
20231031,21,02171,9
20231031,21,02172,2
20231031,21,02179,9
20231031,21,02185,2
20231031,21,02186,1
20231031,21,02191,5
20231031,21,02198,3
20231031,21,03311,2
20231031,21,03802,3
20231031,22,02111,6
20231031,22,02112,7
20231031,22,02122,1
20231031,22,02139,5
20231031,22,02148,5
20231031,22,02159,1
20231031,22,02171,4
20231031,22,02172,1
20231031,22,02179,9
20231031,22,02185,3
20231031,22,02186,5
20231031,22,02191,4
20231031,22,02198,1
20231031,22,03311,2
20231031,22,03802,2
20231031,23,02111,1
20231031,23,02112,1
20231031,23,02116,2
20231031,23,02129,1
20231031,23,02139,2
20231031,23,02143,1
20231031,23,02148,2
20231031,23,02171,3
20231031,23,02172,1
20231031,23,02179,5
20231031,23,02185,1
20231031,23,02191,2
20231031,23,02199,1
20231031,23,03311,1
20231031,3,02111,1
20231031,3,02171,1
20231031,3,02185,1
20231031,4,02111,1
20231031,4,02159,1
20231031,4,02171,1
20231031,4,02185,1
20231031,4,02198,1
20231031,4,03311,1
20231031,5,02112,1
20231031,5,02148,1
20231031,5,02171,2
20231031,5,02186,1
20231031,5,02198,1
20231031,6,02111,1
20231031,6,02148,1
20231031,6,02159,1
20231031,6,02171,3
20231031,6,02179,1
20231031,6,02186,1
20231031,6,02191,1
20231031,6,03802,4
20231031,7,02111,1
20231031,7,02128,1
20231031,7,02139,3
20231031,7,02143,1
20231031,7,02148,2
20231031,7,02159,1
20231031,7,02179,2
20231031,7,02185,1
20231031,7,02186,2
20231031,7,02191,3
20231031,7,02198,1
20231031,7,03311,3
20231031,7,03802,5
20231031,8,02111,2
20231031,8,02112,1
20231031,8,02116,2
20231031,8,02128,2
20231031,8,02129,1
20231031,8,02139,9
20231031,8,02143,1
20231031,8,02148,4
20231031,8,02159,2
20231031,8,02171,7
20231031,8,02172,1
20231031,8,02179,5
20231031,8,02185,1
20231031,8,02186,5
20231031,8,02191,7
20231031,8,03310,1
20231031,8,03311,4
20231031,8,03802,3
20231031,9,02111,1
20231031,9,02112,2
20231031,9,02116,1
20231031,9,02122,2
20231031,9,02129,5
20231031,9,02139,3
20231031,9,02143,1
20231031,9,02148,3
20231031,9,02171,2
20231031,9,02172,2
20231031,9,02179,2
20231031,9,02185,2
20231031,9,02186,1
20231031,9,02191,7
20231031,9,02199,1
20231031,9,03311,3
20231031,9,03802,4
