RENT_DATE,RENT_TIME,RENT_ID,CNT
20210301,0,02112,1
20210301,0,02128,1
20210301,0,02139,1
20210301,0,02148,1
20210301,0,02171,1
20210301,0,02179,1
20210301,0,02185,2
20210301,1,02122,1
20210301,1,02139,1
20210301,1,02179,1
20210301,1,02199,1
20210301,11,02172,1
20210301,2,02111,1
20210301,2,02112,1
20210301,2,02139,1
20210301,2,02199,1
20210301,22,02111,1
20210301,3,02122,1
20210301,3,02139,1
20210301,3,02172,1
20210302,0,02139,1
20210302,0,02171,1
20210302,10,02122,1
20210302,10,02171,3
20210302,10,02172,1
20210302,10,02185,1
20210302,10,02186,1
20210302,11,02129,1
20210302,11,02148,2
20210302,11,02179,2
20210302,11,02199,1
20210302,11,03311,1
20210302,12,02116,1
20210302,12,02122,1
20210302,12,02139,1
20210302,12,02143,2
20210302,12,02171,4
20210302,12,02172,1
20210302,12,02179,2
20210302,12,02191,1
20210302,12,02198,1
20210302,12,03311,3
20210302,13,02111,1
20210302,13,02128,1
20210302,13,02129,1
20210302,13,02130,1
20210302,13,02148,1
20210302,13,02171,1
20210302,13,02191,1
20210302,13,02199,1
20210302,14,02111,1
20210302,14,02112,1
20210302,14,02128,1
20210302,14,02129,2
20210302,14,02130,1
20210302,14,02171,1
20210302,14,02179,1
20210302,14,02198,1
20210302,14,02199,1
20210302,15,02111,4
20210302,15,02112,3
20210302,15,02116,1
20210302,15,02139,1
20210302,15,02143,1
20210302,15,02171,2
20210302,15,02178,2
20210302,15,02179,1
20210302,15,02185,1
20210302,15,02191,3
20210302,15,02198,2
20210302,15,03310,1
20210302,15,03311,3
20210302,16,02112,3
20210302,16,02116,1
20210302,16,02128,1
20210302,16,02129,1
20210302,16,02139,1
20210302,16,02159,1
20210302,16,02171,3
20210302,16,02178,1
20210302,16,02179,3
20210302,16,02186,4
20210302,16,02191,1
20210302,17,02111,1
20210302,17,02128,2
20210302,17,02129,3
20210302,17,02139,2
20210302,17,02148,2
20210302,17,02159,2
20210302,17,02171,1
20210302,17,02185,1
20210302,17,02191,1
20210302,17,02198,1
20210302,17,03311,1
20210302,18,02111,1
20210302,18,02112,4
20210302,18,02116,2
20210302,18,02129,3
20210302,18,02139,1
20210302,18,02148,4
20210302,18,02171,6
20210302,18,02172,1
20210302,18,02178,1
20210302,18,02179,2
20210302,18,02186,3
20210302,18,02191,4
20210302,18,02198,1
20210302,18,03802,2
20210302,19,02111,1
20210302,19,02112,2
20210302,19,02116,3
20210302,19,02128,1
20210302,19,02129,2
20210302,19,02139,1
20210302,19,02143,1
20210302,19,02148,2
20210302,19,02159,2
20210302,19,02171,2
20210302,19,02178,1
20210302,19,02179,1
20210302,19,02186,4
20210302,19,02198,2
20210302,19,02199,1
20210302,2,02148,1
20210302,2,02171,1
20210302,2,02199,1
20210302,20,02111,3
20210302,20,02112,1
20210302,20,02116,2
20210302,20,02122,2
20210302,20,02128,1
20210302,20,02129,1
20210302,20,02130,1
20210302,20,02139,1
20210302,20,02148,1
20210302,20,02159,2
20210302,20,02171,1
20210302,20,02179,1
20210302,20,02186,2
20210302,20,02191,2
20210302,20,02198,1
20210302,21,02112,2
20210302,21,02116,4
20210302,21,02122,4
20210302,21,02129,1
20210302,21,02130,2
20210302,21,02139,4
20210302,21,02148,1
20210302,21,02159,1
20210302,21,02171,3
20210302,21,02172,1
20210302,21,02179,2
20210302,21,02185,1
20210302,21,02191,1
20210302,22,02111,1
20210302,22,02122,1
20210302,22,02129,1
20210302,22,02139,1
20210302,22,02143,1
20210302,22,02148,4
20210302,22,02159,1
20210302,22,02179,1
20210302,22,02186,1
20210302,22,02191,1
20210302,22,02198,1
20210302,22,03311,1
20210302,23,02111,1
20210302,23,02112,2
20210302,23,02116,3
20210302,23,02122,1
20210302,23,02129,1
20210302,23,02143,2
20210302,23,02171,1
20210302,23,02185,2
20210302,23,02186,1
20210302,23,02191,1
20210302,23,03311,2
20210302,3,02112,1
20210302,3,02129,1
20210302,6,02139,1
20210302,7,02128,1
20210302,7,02171,2
20210302,7,02191,1
20210302,8,02128,1
20210302,8,02129,1
20210302,8,02139,1
20210302,8,02148,2
20210302,8,02171,2
20210302,8,02179,3
20210302,8,02185,1
20210302,8,02191,1
20210302,9,02111,1
20210302,9,02128,2
20210302,9,02129,1
20210302,9,02171,1
20210302,9,02179,1
20210302,9,02191,1
20210302,9,02199,1
20210303,0,02112,2
20210303,0,02128,1
20210303,0,02179,1
20210303,0,02185,1
20210303,0,02186,1
20210303,0,02198,1
20210303,10,02116,1
20210303,10,02129,1
20210303,10,02171,3
20210303,10,02178,1
20210303,10,02185,1
20210303,10,03310,1
20210303,10,03311,3
20210303,11,02122,1
20210303,11,02128,1
20210303,11,02143,1
20210303,11,02148,1
20210303,11,02171,1
20210303,11,02172,2
20210303,11,02178,1
20210303,11,02179,3
20210303,11,02185,1
20210303,11,02186,1
20210303,12,02111,2
20210303,12,02116,1
20210303,12,02122,1
20210303,12,02128,1
20210303,12,02129,1
20210303,12,02139,3
20210303,12,02143,2
20210303,12,02148,1
20210303,12,02178,3
20210303,12,02179,4
20210303,12,02186,1
20210303,12,02191,2
20210303,12,03311,1
20210303,13,02112,2
20210303,13,02116,2
20210303,13,02128,2
20210303,13,02129,1
20210303,13,02148,2
20210303,13,02171,3
20210303,13,02179,2
20210303,13,02191,2
20210303,13,02198,1
20210303,13,03310,1
20210303,13,03311,1
20210303,14,02111,3
20210303,14,02116,2
20210303,14,02122,1
20210303,14,02128,1
20210303,14,02143,1
20210303,14,02148,1
20210303,14,02171,2
20210303,14,02178,1
20210303,14,02179,1
20210303,14,02186,2
20210303,14,02191,2
20210303,14,02198,2
20210303,14,03311,3
20210303,15,02111,2
20210303,15,02112,2
20210303,15,02116,1
20210303,15,02129,2
20210303,15,02130,1
20210303,15,02139,1
20210303,15,02148,4
20210303,15,02159,1
20210303,15,02171,3
20210303,15,02178,1
20210303,15,02179,3
20210303,15,02191,1
20210303,15,02198,1
20210303,15,03310,2
20210303,15,03311,2
20210303,15,03802,2
20210303,16,02111,1
20210303,16,02112,1
20210303,16,02129,3
20210303,16,02130,1
20210303,16,02139,1
20210303,16,02143,1
20210303,16,02148,2
20210303,16,02159,1
20210303,16,02172,1
20210303,16,02178,1
20210303,16,02185,3
20210303,16,02186,1
20210303,16,02191,3
20210303,16,02198,2
20210303,16,02199,2
20210303,16,03310,1
20210303,16,03311,1
20210303,17,02111,2
20210303,17,02112,1
20210303,17,02116,1
20210303,17,02122,1
20210303,17,02128,2
20210303,17,02129,2
20210303,17,02130,2
20210303,17,02139,1
20210303,17,02143,1
20210303,17,02148,4
20210303,17,02159,1
20210303,17,02171,2
20210303,17,02178,1
20210303,17,02179,3
20210303,17,02186,3
20210303,17,02191,1
20210303,17,02198,2
20210303,17,03311,2
20210303,18,02111,3
20210303,18,02112,2
20210303,18,02116,2
20210303,18,02122,2
20210303,18,02128,3
20210303,18,02129,1
20210303,18,02130,1
20210303,18,02139,3
20210303,18,02148,3
20210303,18,02159,2
20210303,18,02171,10
20210303,18,02172,1
20210303,18,02178,3
20210303,18,02179,5
20210303,18,02185,4
20210303,18,02186,1
20210303,18,02199,1
20210303,19,02111,5
20210303,19,02112,1
20210303,19,02116,1
20210303,19,02122,1
20210303,19,02128,3
20210303,19,02130,3
20210303,19,02143,1
20210303,19,02148,4
20210303,19,02171,4
20210303,19,02179,1
20210303,19,02186,2
20210303,19,02198,1
20210303,19,02199,1
20210303,19,03310,3
20210303,2,02129,1
20210303,2,02148,1
20210303,2,02191,1
20210303,2,02198,1
20210303,20,02111,2
20210303,20,02112,4
20210303,20,02116,1
20210303,20,02122,2
20210303,20,02130,1
20210303,20,02178,1
20210303,20,02179,4
20210303,20,02186,2
20210303,20,02191,3
20210303,21,02111,3
20210303,21,02112,3
20210303,21,02116,7
20210303,21,02122,4
20210303,21,02143,2
20210303,21,02148,1
20210303,21,02171,2
20210303,21,02179,2
20210303,21,02186,3
20210303,21,02191,3
20210303,21,02199,1
20210303,21,03802,2
20210303,22,02111,5
20210303,22,02112,1
20210303,22,02116,4
20210303,22,02122,3
20210303,22,02128,1
20210303,22,02129,1
20210303,22,02179,3
20210303,22,02198,1
20210303,23,02112,4
20210303,23,02128,2
20210303,23,02129,1
20210303,23,02139,1
20210303,23,02148,1
20210303,23,02179,2
20210303,23,02186,1
20210303,23,02191,3
20210303,23,02198,2
20210303,3,02112,1
20210303,3,02129,1
20210303,3,02139,1
20210303,3,02185,1
20210303,5,02185,1
20210303,5,02198,1
20210303,6,02185,2
20210303,6,02186,1
20210303,7,02116,1
20210303,7,02122,1
20210303,7,02128,1
20210303,7,02191,1
20210303,8,02111,1
20210303,8,02116,1
20210303,8,02128,1
20210303,8,02129,1
20210303,8,02139,3
20210303,8,02148,2
20210303,8,02171,1
20210303,8,02179,2
20210303,8,02191,1
20210303,9,02111,1
20210303,9,02139,5
20210303,9,02148,1
20210303,9,02159,2
20210303,9,02172,1
20210303,9,02179,1
20210303,9,02199,1
20210303,9,03310,1
20210303,9,03311,2
20210303,9,03802,1
20210304,0,02111,5
20210304,0,02112,3
20210304,0,02139,1
20210304,0,02179,1
20210304,0,02191,1
20210304,0,02198,2
20210304,1,02122,1
20210304,1,02139,1
20210304,1,02171,1
20210304,1,02185,2
20210304,1,02186,1
20210304,1,02191,1
20210304,2,02111,1
20210304,2,02112,1
20210304,2,02171,1
20210304,2,02179,1
20210304,2,02198,2
20210304,3,02139,1
20210304,3,02148,1
20210304,3,02171,1
20210304,3,02191,1
20210304,3,02198,1
20210304,4,02148,1
20210304,5,02185,2
20210304,5,02198,1
20210304,6,02139,1
20210304,6,02186,2
20210304,6,02191,1
20210304,7,02116,3
20210304,7,02122,1
20210304,7,02128,1
20210304,7,02139,2
20210304,7,02186,1
20210304,7,02191,1
20210305,0,02112,8
20210305,0,02122,1
20210305,0,02179,2
20210305,0,03310,1
20210305,1,02112,1
20210305,1,02139,1
20210305,1,02143,1
20210305,1,02148,2
20210305,1,02171,2
20210305,1,02179,2
20210305,1,02185,1
20210305,1,02186,1
20210305,10,02116,1
20210305,10,02139,1
20210305,10,02143,2
20210305,10,02198,1
20210305,10,03311,2
20210305,11,02111,1
20210305,11,02112,2
20210305,11,02116,1
20210305,11,02128,2
20210305,11,02129,2
20210305,11,02148,1
20210305,11,02171,4
20210305,11,02179,2
20210305,11,02185,1
20210305,11,02186,1
20210305,11,02191,1
20210305,11,02198,1
20210305,11,03311,1
20210305,12,02111,2
20210305,12,02112,1
20210305,12,02116,1
20210305,12,02122,2
20210305,12,02128,1
20210305,12,02129,1
20210305,12,02130,1
20210305,12,02139,1
20210305,12,02148,2
20210305,12,02159,2
20210305,12,02171,1
20210305,12,02172,1
20210305,12,02179,4
20210305,12,02191,1
20210305,12,02198,1
20210305,13,02111,1
20210305,13,02122,4
20210305,13,02128,1
20210305,13,02129,1
20210305,13,02139,1
20210305,13,02148,1
20210305,13,02171,1
20210305,13,02178,1
20210305,13,02179,1
20210305,13,02186,2
20210305,13,02191,1
20210305,14,02111,2
20210305,14,02112,3
20210305,14,02122,3
20210305,14,02130,2
20210305,14,02139,1
20210305,14,02143,1
20210305,14,02171,5
20210305,14,02172,1
20210305,14,02178,1
20210305,14,02179,4
20210305,14,02186,2
20210305,14,02191,1
20210305,14,02198,3
20210305,15,02111,2
20210305,15,02116,2
20210305,15,02122,2
20210305,15,02128,2
20210305,15,02129,1
20210305,15,02130,4
20210305,15,02148,1
20210305,15,02159,1
20210305,15,02171,4
20210305,15,02178,1
20210305,15,02179,2
20210305,15,02185,1
20210305,16,02111,2
20210305,16,02112,4
20210305,16,02116,2
20210305,16,02122,5
20210305,16,02128,2
20210305,16,02129,5
20210305,16,02130,2
20210305,16,02139,1
20210305,16,02148,2
20210305,16,02171,4
20210305,16,02178,1
20210305,16,02179,4
20210305,16,02191,2
20210305,16,02198,1
20210305,16,03310,3
20210305,17,02111,5
20210305,17,02112,1
20210305,17,02116,4
20210305,17,02122,4
20210305,17,02128,1
20210305,17,02129,3
20210305,17,02148,1
20210305,17,02171,6
20210305,17,02178,1
20210305,17,02179,3
20210305,17,02185,1
20210305,17,02191,2
20210305,17,02198,2
20210305,17,03310,2
20210305,17,03311,1
20210305,18,02111,3
20210305,18,02112,3
20210305,18,02116,6
20210305,18,02122,3
20210305,18,02128,4
20210305,18,02129,6
20210305,18,02130,1
20210305,18,02139,1
20210305,18,02143,1
20210305,18,02148,5
20210305,18,02159,1
20210305,18,02171,6
20210305,18,02172,1
20210305,18,02178,2
20210305,18,02179,3
20210305,18,02185,1
20210305,18,02186,1
20210305,18,02191,1
20210305,18,03310,1
20210305,18,03311,8
20210305,18,03802,1
20210305,19,02111,5
20210305,19,02112,3
20210305,19,02116,2
20210305,19,02122,2
20210305,19,02128,1
20210305,19,02129,1
20210305,19,02130,3
20210305,19,02139,2
20210305,19,02148,1
20210305,19,02159,3
20210305,19,02171,2
20210305,19,02172,1
20210305,19,02179,4
20210305,19,02185,3
20210305,19,02186,2
20210305,19,02191,3
20210305,19,02198,4
20210305,19,03311,2
20210305,19,03802,3
20210305,2,02111,2
20210305,2,02139,1
20210305,2,02179,1
20210305,2,02198,1
20210305,20,02111,5
20210305,20,02122,1
20210305,20,02129,5
20210305,20,02139,1
20210305,20,02148,1
20210305,20,02171,1
20210305,20,02179,2
20210305,20,02185,4
20210305,20,02186,3
20210305,20,02198,2
20210305,20,03311,1
20210305,21,02111,2
20210305,21,02116,2
20210305,21,02122,4
20210305,21,02128,1
20210305,21,02139,1
20210305,21,02143,1
20210305,21,02171,4
20210305,21,02179,1
20210305,21,02186,1
20210305,21,02191,1
20210305,21,03311,1
20210305,22,02111,4
20210305,22,02112,1
20210305,22,02116,3
20210305,22,02122,5
20210305,22,02129,1
20210305,22,02143,1
20210305,22,02148,2
20210305,22,02171,1
20210305,22,02172,2
20210305,22,02179,5
20210305,22,02185,1
20210305,22,02191,1
20210305,22,02198,1
20210305,22,03311,2
20210305,23,02111,2
20210305,23,02112,4
20210305,23,02122,1
20210305,23,02129,1
20210305,23,02139,1
20210305,23,02143,1
20210305,23,02185,4
20210305,23,02186,1
20210305,4,02129,1
20210305,4,02139,2
20210305,5,02128,1
20210305,5,02198,1
20210305,6,02171,1
20210305,6,02186,1
20210305,7,02111,2
20210305,7,02112,1
20210305,7,02122,2
20210305,7,02159,1
20210305,7,02179,1
20210305,7,02191,2
20210305,8,02111,2
20210305,8,02112,2
20210305,8,02139,5
20210305,8,02148,2
20210305,8,02179,3
20210305,8,02185,1
20210305,8,02186,1
20210305,8,02191,3
20210305,8,03311,1
20210305,9,02116,1
20210305,9,02128,1
20210305,9,02129,4
20210305,9,02148,2
20210305,9,02159,2
20210305,9,02171,1
20210305,9,02179,5
20210305,9,02185,5
20210305,9,02191,1
20210305,9,02198,1
20210306,0,02111,1
20210306,0,02112,1
20210306,0,02116,2
20210306,0,02139,1
20210306,0,02171,1
20210306,0,02179,1
20210306,0,02185,1
20210306,0,02186,1
20210306,0,02191,1
20210306,0,03311,1
20210306,1,02128,1
20210306,10,02111,7
20210306,10,02116,1
20210306,10,02128,1
20210306,10,02129,2
20210306,10,02139,2
20210306,10,02148,3
20210306,10,02171,3
20210306,10,02172,1
20210306,10,02179,1
20210306,10,02191,1
20210306,10,03310,2
20210306,11,02111,1
20210306,11,02112,1
20210306,11,02116,1
20210306,11,02129,2
20210306,11,02143,1
20210306,11,02148,2
20210306,11,02159,1
20210306,11,02171,2
20210306,11,02172,4
20210306,11,02179,1
20210306,11,02186,1
20210306,11,02198,2
20210306,11,02199,1
20210306,11,03310,2
20210306,12,02111,2
20210306,12,02112,1
20210306,12,02116,1
20210306,12,02128,1
20210306,12,02129,1
20210306,12,02130,1
20210306,12,02139,2
20210306,12,02148,8
20210306,12,02171,2
20210306,12,02172,1
20210306,12,02179,3
20210306,12,02185,2
20210306,12,02186,3
20210306,12,02191,1
20210306,12,02199,1
20210306,12,03310,3
20210306,12,03311,2
20210306,13,02111,3
20210306,13,02112,3
20210306,13,02122,1
20210306,13,02128,1
20210306,13,02148,2
20210306,13,02159,2
20210306,13,02171,3
20210306,13,02178,2
20210306,13,02179,3
20210306,13,02191,2
20210306,13,02198,2
20210306,13,03310,1
20210306,14,02111,3
20210306,14,02122,2
20210306,14,02128,4
20210306,14,02129,2
20210306,14,02130,1
20210306,14,02143,1
20210306,14,02148,2
20210306,14,02171,2
20210306,14,02178,3
20210306,14,02179,2
20210306,14,02186,2
20210306,14,02191,1
20210306,14,02199,3
20210306,14,03310,3
20210306,15,02111,2
20210306,15,02112,3
20210306,15,02116,2
20210306,15,02122,2
20210306,15,02128,1
20210306,15,02130,5
20210306,15,02139,1
20210306,15,02148,2
20210306,15,02159,2
20210306,15,02171,4
20210306,15,02178,5
20210306,15,02179,2
20210306,15,02186,1
20210306,15,02191,2
20210306,15,02198,1
20210306,15,03311,2
20210306,15,03802,3
20210306,16,02111,4
20210306,16,02112,3
20210306,16,02116,7
20210306,16,02128,4
20210306,16,02129,1
20210306,16,02130,3
20210306,16,02143,2
20210306,16,02171,3
20210306,16,02172,1
20210306,16,02178,4
20210306,16,02179,2
20210306,16,02185,2
20210306,16,02186,2
20210306,16,03310,2
20210306,17,02111,2
20210306,17,02112,3
20210306,17,02116,1
20210306,17,02122,5
20210306,17,02128,1
20210306,17,02129,2
20210306,17,02130,4
20210306,17,02148,1
20210306,17,02179,1
20210306,17,02186,1
20210306,17,02198,2
20210306,17,02199,1
20210306,18,02111,3
20210306,18,02128,2
20210306,18,02139,1
20210306,18,02143,1
20210306,18,02148,3
20210306,18,02171,6
20210306,18,02179,1
20210306,18,02185,2
20210306,18,02186,1
20210306,18,02191,1
20210306,18,02198,1
20210306,18,03310,1
20210306,18,03311,1
20210306,19,02111,4
20210306,19,02112,1
20210306,19,02116,2
20210306,19,02122,4
20210306,19,02130,2
20210306,19,02171,5
20210306,19,02179,2
20210306,19,02185,1
20210306,19,02186,1
20210306,19,03310,1
20210306,19,03311,1
20210306,2,02112,1
20210306,2,02171,2
20210306,2,02185,1
20210306,20,02111,3
20210306,20,02112,2
20210306,20,02122,1
20210306,20,02128,1
20210306,20,02129,1
20210306,20,02143,1
20210306,20,02148,1
20210306,20,02171,4
20210306,20,02179,4
20210306,20,02186,1
20210306,20,02198,1
20210306,20,02199,1
20210306,20,03311,4
20210306,21,02111,3
20210306,21,02116,4
20210306,21,02179,2
20210306,21,02185,2
20210306,21,02191,1
20210306,21,02198,3
20210306,21,03311,1
20210306,22,02112,2
20210306,22,02116,4
20210306,22,02128,1
20210306,22,02139,2
20210306,22,02159,1
20210306,22,02179,1
20210306,22,02185,2
20210306,22,02186,3
20210306,22,02198,1
20210306,22,02199,1
20210306,23,02112,1
20210306,23,02128,2
20210306,23,02130,2
20210306,23,02143,2
20210306,23,02171,1
20210306,23,02178,1
20210306,23,02179,3
20210306,23,02185,1
20210306,23,02191,1
20210306,23,02198,1
20210306,23,03310,1
20210306,23,03311,1
20210306,3,02111,1
20210306,3,02171,1
20210306,3,02179,2
20210306,4,02185,1
20210306,5,02139,1
20210306,5,02159,2
20210306,5,02191,1
20210306,5,02198,1
20210306,6,02128,1
20210306,6,02185,1
20210306,6,02186,1
20210306,6,03311,2
20210306,7,02128,1
20210306,7,02171,1
20210306,7,02179,1
20210306,7,02185,1
20210306,7,02191,1
20210306,7,03311,1
20210306,8,02139,2
20210306,8,02185,2
20210306,9,02112,1
20210306,9,02122,1
20210306,9,02143,1
20210306,9,02179,2
20210306,9,02186,2
20210306,9,02191,1
20210306,9,03310,2
20210306,9,03311,1
20210307,0,02111,2
20210307,0,02112,1
20210307,0,02130,1
20210307,0,02179,2
20210307,0,02191,2
20210307,0,02198,3
20210307,0,02199,1
20210307,1,02111,1
20210307,1,02112,1
20210307,1,02116,3
20210307,1,02122,3
20210307,1,02171,2
20210307,1,02179,2
20210307,1,02186,1
20210307,10,02116,2
20210307,10,02122,3
20210307,10,02128,1
20210307,10,02139,2
20210307,10,02148,1
20210307,10,02171,1
20210307,10,02185,1
20210307,10,02191,4
20210307,10,02198,1
20210307,10,03310,1
20210307,11,02116,1
20210307,11,02128,1
20210307,11,02129,1
20210307,11,02130,1
20210307,11,02139,3
20210307,11,02148,1
20210307,11,02159,1
20210307,11,02171,2
20210307,11,02178,2
20210307,11,02179,1
20210307,11,02191,3
20210307,11,02199,1
20210307,11,03311,1
20210307,12,02111,1
20210307,12,02112,2
20210307,12,02122,1
20210307,12,02128,1
20210307,12,02171,1
20210307,12,02172,2
20210307,12,02179,3
20210307,12,02185,1
20210307,12,02191,3
20210307,12,02198,1
20210307,12,03310,2
20210307,13,02111,1
20210307,13,02112,4
20210307,13,02116,2
20210307,13,02128,2
20210307,13,02130,7
20210307,13,02139,1
20210307,13,02143,3
20210307,13,02159,1
20210307,13,02171,4
20210307,13,02172,1
20210307,13,02178,1
20210307,13,02179,4
20210307,13,02185,1
20210307,13,02186,1
20210307,13,02198,1
20210307,13,03310,2
20210307,13,03311,2
20210307,14,02111,6
20210307,14,02112,4
20210307,14,02116,2
20210307,14,02122,2
20210307,14,02128,3
20210307,14,02129,1
20210307,14,02130,4
20210307,14,02139,1
20210307,14,02171,3
20210307,14,02172,6
20210307,14,02178,1
20210307,14,02179,1
20210307,14,02186,1
20210307,14,02191,2
20210307,14,02198,1
20210307,14,02199,2
20210307,14,03310,3
20210307,14,03311,2
20210307,15,02111,2
20210307,15,02112,2
20210307,15,02116,1
20210307,15,02122,5
20210307,15,02128,1
20210307,15,02129,5
20210307,15,02130,4
20210307,15,02143,1
20210307,15,02148,1
20210307,15,02171,3
20210307,15,02178,3
20210307,15,02179,5
20210307,15,02185,2
20210307,15,02186,1
20210307,15,02198,1
20210307,15,03310,2
20210307,16,02112,3
20210307,16,02116,3
20210307,16,02128,2
20210307,16,02129,1
20210307,16,02130,8
20210307,16,02143,1
20210307,16,02148,4
20210307,16,02171,6
20210307,16,02178,1
20210307,16,02179,2
20210307,16,02185,1
20210307,16,02186,1
20210307,16,03311,1
20210307,16,03802,2
20210307,17,02111,3
20210307,17,02112,1
20210307,17,02116,2
20210307,17,02122,1
20210307,17,02128,2
20210307,17,02129,1
20210307,17,02130,2
20210307,17,02139,1
20210307,17,02143,2
20210307,17,02148,3
20210307,17,02178,1
20210307,17,02179,4
20210307,17,02191,3
20210307,17,02198,1
20210307,17,02199,1
20210307,17,03311,2
20210307,18,02112,4
20210307,18,02116,2
20210307,18,02130,1
20210307,18,02148,7
20210307,18,02159,1
20210307,18,02171,1
20210307,18,02179,1
20210307,18,02191,3
20210307,18,03311,1
20210307,19,02111,1
20210307,19,02112,2
20210307,19,02128,1
20210307,19,02130,1
20210307,19,02143,1
20210307,19,02148,6
20210307,19,02171,4
20210307,19,02186,1
20210307,19,02191,1
20210307,19,02198,1
20210307,19,03310,5
20210307,19,03311,3
20210307,19,03802,1
20210307,2,02111,1
20210307,2,02171,1
20210307,20,02111,4
20210307,20,02116,1
20210307,20,02122,2
20210307,20,02128,1
20210307,20,02148,1
20210307,20,02159,1
20210307,20,02171,2
20210307,20,02172,1
20210307,20,02179,3
20210307,20,02185,2
20210307,20,02186,1
20210307,20,02198,1
20210307,20,03310,1
20210307,20,03311,2
20210307,21,02128,1
20210307,21,02129,1
20210307,21,02139,1
20210307,21,02171,1
20210307,21,02179,1
20210307,21,02198,3
20210307,21,03310,1
20210307,21,03311,1
20210307,22,02111,2
20210307,22,02128,1
20210307,22,02148,1
20210307,22,02179,2
20210307,22,02185,3
20210307,22,03311,1
20210307,23,02111,1
20210307,23,02112,1
20210307,23,02128,1
20210307,23,02129,1
20210307,23,02143,1
20210307,23,02148,1
20210307,23,02178,1
20210307,23,02186,1
20210307,4,02139,1
20210307,5,02198,1
20210307,7,02116,1
20210307,7,02139,1
20210307,7,02171,1
20210307,7,02179,1
20210307,7,02191,1
20210307,7,03310,1
20210307,8,02116,1
20210307,8,02143,1
20210307,8,02185,1
20210307,9,02111,2
20210307,9,02122,2
20210307,9,02130,2
20210307,9,02139,1
20210307,9,02159,1
20210307,9,02172,1
20210307,9,02179,1
20210307,9,02185,2
20210307,9,03311,1
20210308,0,02112,2
20210308,0,02116,1
20210308,0,02129,1
20210308,0,02130,1
20210308,0,02139,1
20210308,0,02148,1
20210308,0,02159,1
20210308,0,02172,1
20210308,0,02179,2
20210308,0,02186,1
20210308,1,02111,1
20210308,1,02116,1
20210308,1,02122,1
20210308,1,02148,2
20210308,1,02171,2
20210308,1,02178,3
20210308,1,02186,1
20210308,1,02191,1
20210308,10,02111,2
20210308,10,02116,1
20210308,10,02143,1
20210308,10,02148,1
20210308,10,02159,2
20210308,10,02185,1
20210308,10,02191,1
20210308,10,02198,1
20210308,10,02199,1
20210308,10,03311,2
20210308,11,02111,4
20210308,11,02116,1
20210308,11,02122,3
20210308,11,02139,1
20210308,11,02143,1
20210308,11,02148,3
20210308,11,02159,2
20210308,11,02171,3
20210308,11,02172,2
20210308,11,02179,2
20210308,11,02186,1
20210308,11,02198,1
20210308,11,02199,1
20210308,11,03311,3
20210308,12,02111,2
20210308,12,02122,1
20210308,12,02129,1
20210308,12,02139,1
20210308,12,02148,1
20210308,12,02179,2
20210308,12,02185,1
20210308,12,02186,1
20210308,12,02191,1
20210308,12,02199,1
20210308,13,02112,4
20210308,13,02116,2
20210308,13,02122,1
20210308,13,02128,1
20210308,13,02139,1
20210308,13,02148,1
20210308,13,02159,1
20210308,13,02171,4
20210308,13,02172,1
20210308,13,02178,1
20210308,13,02179,3
20210308,13,02198,1
20210308,13,02199,2
20210308,13,03311,1
20210308,14,02111,2
20210308,14,02116,2
20210308,14,02130,1
20210308,14,02159,1
20210308,14,02171,3
20210308,14,02172,1
20210308,14,02178,1
20210308,14,02179,2
20210308,14,02198,1
20210308,14,02199,1
20210308,14,03310,3
20210308,14,03311,1
20210308,15,02112,2
20210308,15,02129,1
20210308,15,02130,2
20210308,15,02139,2
20210308,15,02143,1
20210308,15,02148,2
20210308,15,02171,2
20210308,15,02172,4
20210308,15,02178,2
20210308,15,02179,1
20210308,15,02185,2
20210308,15,02186,1
20210308,15,02191,3
20210308,15,02198,2
20210308,15,03310,1
20210308,16,02111,1
20210308,16,02116,1
20210308,16,02122,3
20210308,16,02128,1
20210308,16,02129,2
20210308,16,02130,2
20210308,16,02148,1
20210308,16,02159,1
20210308,16,02171,2
20210308,16,02172,2
20210308,16,02178,1
20210308,16,02179,1
20210308,16,02185,2
20210308,16,02186,2
20210308,16,03310,1
20210308,16,03311,2
20210308,16,03802,1
20210308,17,02111,2
20210308,17,02112,1
20210308,17,02122,2
20210308,17,02128,1
20210308,17,02129,6
20210308,17,02130,2
20210308,17,02148,3
20210308,17,02171,2
20210308,17,02178,1
20210308,17,02179,2
20210308,17,02185,4
20210308,17,02198,5
20210308,17,03310,1
20210308,17,03311,1
20210308,18,02111,3
20210308,18,02112,2
20210308,18,02122,3
20210308,18,02128,1
20210308,18,02129,6
20210308,18,02139,2
20210308,18,02148,3
20210308,18,02159,1
20210308,18,02171,4
20210308,18,02172,1
20210308,18,02178,1
20210308,18,02179,5
20210308,18,02185,4
20210308,18,02186,2
20210308,18,02191,3
20210308,18,02198,2
20210308,18,02199,1
20210308,18,03311,5
20210308,19,02111,7
20210308,19,02112,3
20210308,19,02116,3
20210308,19,02122,2
20210308,19,02130,1
20210308,19,02139,1
20210308,19,02148,1
20210308,19,02171,6
20210308,19,02172,1
20210308,19,02178,1
20210308,19,02179,1
20210308,19,02185,3
20210308,19,02186,2
20210308,19,02198,1
20210308,19,03311,2
20210308,19,03802,1
20210308,2,02111,1
20210308,2,02122,1
20210308,2,02128,2
20210308,2,02139,1
20210308,2,02159,2
20210308,2,02198,1
20210308,20,02111,4
20210308,20,02116,5
20210308,20,02122,1
20210308,20,02128,3
20210308,20,02129,4
20210308,20,02130,3
20210308,20,02148,1
20210308,20,02171,5
20210308,20,02172,1
20210308,20,02179,1
20210308,20,02185,1
20210308,20,02186,2
20210308,20,02191,2
20210308,20,02198,2
20210308,20,03310,1
20210308,20,03311,2
20210308,21,02111,3
20210308,21,02116,1
20210308,21,02122,1
20210308,21,02159,1
20210308,21,02171,1
20210308,21,02179,3
20210308,21,02185,1
20210308,21,02186,2
20210308,21,02191,1
20210308,21,02198,1
20210308,21,02199,1
20210308,21,03311,2
20210308,22,02111,3
20210308,22,02112,2
20210308,22,02116,1
20210308,22,02122,6
20210308,22,02128,2
20210308,22,02129,3
20210308,22,02130,3
20210308,22,02139,2
20210308,22,02172,7
20210308,22,02179,2
20210308,22,02198,4
20210308,23,02111,2
20210308,23,02112,3
20210308,23,02116,1
20210308,23,02139,1
20210308,23,02143,2
20210308,23,02148,1
20210308,23,02191,1
20210308,3,02130,1
20210308,3,02191,1
20210308,3,02199,1
20210308,4,02186,1
20210308,5,02122,1
20210308,5,02139,1
20210308,5,03310,1
20210308,5,03311,2
20210308,6,02186,1
20210308,6,02191,1
20210308,7,02128,2
20210308,7,02139,2
20210308,7,02159,1
20210308,7,02171,1
20210308,7,02179,1
20210308,7,02191,3
20210308,8,02111,1
20210308,8,02116,2
20210308,8,02122,1
20210308,8,02128,1
20210308,8,02129,1
20210308,8,02130,1
20210308,8,02139,3
20210308,8,02143,1
20210308,8,02171,1
20210308,8,02179,3
20210308,8,02185,1
20210308,8,02186,1
20210308,8,02191,2
20210308,8,03311,2
20210308,9,02122,1
20210308,9,02128,1
20210308,9,02139,2
20210308,9,02143,1
20210308,9,02171,1
20210308,9,02178,1
20210308,9,02179,2
20210308,9,02185,5
20210308,9,02186,1
20210310,0,02112,1
20210310,0,02116,2
20210310,0,02128,2
20210310,0,02139,1
20210310,0,02178,1
20210310,0,02185,1
20210310,0,02198,1
20210310,1,02112,1
20210310,1,02116,1
20210310,1,02128,1
20210310,1,02171,1
20210310,1,02179,1
20210310,1,02185,1
20210310,1,02186,1
20210310,1,02191,1
20210310,10,02129,1
20210310,10,02139,1
20210310,10,02143,1
20210310,10,02148,1
20210310,10,02172,1
20210310,10,02191,3
20210310,10,02198,2
20210310,10,03311,1
20210310,11,02116,1
20210310,11,02122,1
20210310,11,02129,1
20210310,11,02148,1
20210310,11,02172,2
20210310,12,02111,3
20210310,12,02112,1
20210310,12,02116,2
20210310,12,02122,2
20210310,12,02128,1
20210310,12,02129,1
20210310,12,02139,2
20210310,12,02159,3
20210310,12,02171,2
20210310,12,02179,4
20210310,12,02185,1
20210310,12,02186,2
20210310,12,03311,2
20210310,13,02112,1
20210310,13,02128,1
20210310,13,02139,1
20210310,13,02148,3
20210310,13,02171,5
20210310,13,02172,1
20210310,13,02179,4
20210310,13,02185,2
20210310,13,02186,1
20210310,13,02191,1
20210310,13,03311,3
20210310,14,02111,1
20210310,14,02112,3
20210310,14,02116,1
20210310,14,02122,1
20210310,14,02128,1
20210310,14,02129,2
20210310,14,02171,1
20210310,14,02178,2
20210310,14,02185,2
20210310,14,02191,1
20210310,14,02198,2
20210310,14,03311,2
20210310,14,03802,1
20210310,15,02112,3
20210310,15,02116,1
20210310,15,02128,1
20210310,15,02129,1
20210310,15,02139,1
20210310,15,02148,4
20210310,15,02171,5
20210310,15,02178,2
20210310,15,02179,3
20210310,15,02185,1
20210310,15,02191,2
20210310,16,02111,1
20210310,16,02112,5
20210310,16,02128,2
20210310,16,02139,3
20210310,16,02148,2
20210310,16,02171,6
20210310,16,02178,3
20210310,16,02185,2
20210310,16,02191,1
20210310,16,02198,1
20210310,16,03311,1
20210310,16,03802,2
20210310,17,02111,1
20210310,17,02112,1
20210310,17,02116,2
20210310,17,02122,6
20210310,17,02128,2
20210310,17,02139,1
20210310,17,02148,2
20210310,17,02159,1
20210310,17,02171,4
20210310,17,02185,1
20210310,17,02191,1
20210310,17,02198,5
20210310,17,03311,3
20210310,18,02111,4
20210310,18,02112,4
20210310,18,02116,3
20210310,18,02122,1
20210310,18,02128,3
20210310,18,02129,1
20210310,18,02139,1
20210310,18,02143,1
20210310,18,02148,2
20210310,18,02171,5
20210310,18,02179,4
20210310,18,02186,1
20210310,18,02191,2
20210310,18,02198,2
20210310,18,03311,2
20210310,19,02111,2
20210310,19,02112,3
20210310,19,02116,1
20210310,19,02128,2
20210310,19,02139,2
20210310,19,02148,2
20210310,19,02159,3
20210310,19,02171,2
20210310,19,02178,1
20210310,19,02179,4
20210310,19,02186,1
20210310,19,02191,1
20210310,19,02198,2
20210310,19,03311,1
20210310,2,02112,1
20210310,2,02128,1
20210310,2,02179,1
20210310,2,02198,1
20210310,20,02111,2
20210310,20,02112,1
20210310,20,02122,2
20210310,20,02128,1
20210310,20,02129,2
20210310,20,02130,6
20210310,20,02139,1
20210310,20,02148,3
20210310,20,02171,6
20210310,20,02179,1
20210310,20,02185,2
20210310,20,02186,2
20210310,20,02191,2
20210310,20,02198,3
20210310,21,02111,1
20210310,21,02112,3
20210310,21,02116,6
20210310,21,02122,2
20210310,21,02128,1
20210310,21,02129,1
20210310,21,02139,2
20210310,21,02148,1
20210310,21,02179,1
20210310,21,02185,2
20210310,21,02191,1
20210310,21,02199,1
20210310,22,02112,1
20210310,22,02116,2
20210310,22,02122,3
20210310,22,02129,2
20210310,22,02159,1
20210310,22,02171,2
20210310,22,02179,10
20210310,22,02185,5
20210310,22,02191,1
20210310,23,02112,4
20210310,23,02116,1
20210310,23,02122,2
20210310,23,02128,1
20210310,23,02129,1
20210310,23,02139,1
20210310,23,02143,1
20210310,23,02171,1
20210310,23,02179,1
20210310,23,02186,1
20210310,23,02191,1
20210310,4,02179,1
20210310,4,02185,1
20210310,4,02191,1
20210310,5,02198,1
20210310,6,02122,1
20210310,6,02139,2
20210310,6,02185,2
20210310,7,02111,2
20210310,7,02122,1
20210310,7,02139,4
20210310,7,02159,1
20210310,7,02171,2
20210310,7,02191,3
20210310,8,02116,1
20210310,8,02128,1
20210310,8,02129,2
20210310,8,02139,5
20210310,8,02143,1
20210310,8,02148,2
20210310,8,02171,4
20210310,8,02179,2
20210310,8,02186,1
20210310,8,02191,3
20210310,8,03311,1
20210310,9,02111,1
20210310,9,02122,1
20210310,9,02128,1
20210310,9,02129,2
20210310,9,02148,1
20210310,9,02171,2
20210310,9,02179,3
20210310,9,02185,1
20210310,9,03311,1
20210311,0,02112,2
20210311,0,02116,2
20210311,0,02122,1
20210311,0,02139,2
20210311,0,02171,1
20210311,0,02179,2
20210311,0,02185,2
20210311,0,02186,1
20210311,1,02112,1
20210311,1,02116,1
20210311,1,02122,1
20210311,1,03311,1
20210311,10,02111,3
20210311,10,02128,1
20210311,10,02171,1
20210311,10,02179,1
20210311,10,02185,1
20210311,10,02198,1
20210311,10,03311,3
20210311,11,02112,1
20210311,11,02116,2
20210311,11,02122,1
20210311,11,02128,2
20210311,11,02171,1
20210311,11,02185,1
20210311,11,02186,1
20210311,11,02191,1
20210311,11,02198,1
20210311,11,02199,2
20210311,12,02111,1
20210311,12,02128,3
20210311,12,02130,2
20210311,12,02159,1
20210311,12,02171,1
20210311,12,02179,3
20210311,12,02185,2
20210311,12,02186,1
20210311,12,02191,2
20210311,12,02198,2
20210311,12,02199,2
20210311,12,03311,2
20210311,13,02111,3
20210311,13,02112,5
20210311,13,02122,1
20210311,13,02139,1
20210311,13,02148,2
20210311,13,02171,1
20210311,13,02186,1
20210311,13,02198,1
20210311,14,02111,4
20210311,14,02112,1
20210311,14,02116,2
20210311,14,02129,1
20210311,14,02130,1
20210311,14,02171,4
20210311,14,02172,1
20210311,14,02179,1
20210311,14,02191,2
20210311,14,02198,1
20210311,14,03311,2
20210311,15,02111,2
20210311,15,02112,3
20210311,15,02128,1
20210311,15,02129,2
20210311,15,02139,1
20210311,15,02148,1
20210311,15,02171,3
20210311,15,02178,1
20210311,15,02179,1
20210311,15,02186,1
20210311,15,02191,1
20210311,15,02198,2
20210311,15,03311,1
20210311,16,02111,3
20210311,16,02112,4
20210311,16,02122,2
20210311,16,02128,1
20210311,16,02129,2
20210311,16,02148,4
20210311,16,02171,5
20210311,16,02178,2
20210311,16,02185,3
20210311,16,02186,1
20210311,16,02191,3
20210311,16,03311,2
20210311,17,02111,4
20210311,17,02112,1
20210311,17,02116,1
20210311,17,02122,1
20210311,17,02128,5
20210311,17,02129,3
20210311,17,02139,2
20210311,17,02143,1
20210311,17,02148,1
20210311,17,02171,5
20210311,17,02179,1
20210311,17,02186,1
20210311,17,02191,1
20210311,17,02199,1
20210311,17,03311,1
20210311,17,03802,1
20210311,18,02111,4
20210311,18,02112,3
20210311,18,02116,6
20210311,18,02122,2
20210311,18,02128,1
20210311,18,02129,2
20210311,18,02130,1
20210311,18,02139,2
20210311,18,02148,4
20210311,18,02159,1
20210311,18,02171,2
20210311,18,02172,1
20210311,18,02179,5
20210311,18,02185,3
20210311,18,02186,1
20210311,18,02191,1
20210311,18,02198,2
20210311,18,03311,1
20210311,19,02111,4
20210311,19,02112,1
20210311,19,02116,2
20210311,19,02122,1
20210311,19,02130,1
20210311,19,02139,1
20210311,19,02143,1
20210311,19,02148,1
20210311,19,02159,2
20210311,19,02171,2
20210311,19,02179,2
20210311,19,02186,1
20210311,19,02191,1
20210311,19,02198,3
20210311,19,03311,2
20210311,2,02171,1
20210311,20,02111,1
20210311,20,02112,3
20210311,20,02116,3
20210311,20,02128,1
20210311,20,02129,2
20210311,20,02139,1
20210311,20,02148,2
20210311,20,02171,12
20210311,20,02179,2
20210311,20,02185,3
20210311,20,02186,2
20210311,20,02191,2
20210311,20,02198,1
20210311,20,03802,1
20210311,21,02111,1
20210311,21,02112,2
20210311,21,02116,1
20210311,21,02122,2
20210311,21,02129,1
20210311,21,02143,2
20210311,21,02159,1
20210311,21,02171,1
20210311,21,02179,2
20210311,21,02185,5
20210311,21,02186,1
20210311,21,02198,1
20210311,21,03311,2
20210311,22,02111,1
20210311,22,02112,4
20210311,22,02116,1
20210311,22,02122,3
20210311,22,02128,1
20210311,22,02129,1
20210311,22,02139,1
20210311,22,02148,1
20210311,22,02159,1
20210311,22,02171,3
20210311,22,02172,1
20210311,22,02179,1
20210311,22,02185,1
20210311,22,02186,1
20210311,22,02191,1
20210311,22,02198,1
20210311,23,02112,1
20210311,23,02116,2
20210311,23,02129,1
20210311,23,02172,1
20210311,23,02179,1
20210311,23,02186,1
20210311,23,02191,2
20210311,23,03311,1
20210311,4,02112,1
20210311,5,02112,1
20210311,5,02128,1
20210311,5,02148,1
20210311,5,02185,1
20210311,5,02198,1
20210311,6,02186,1
20210311,7,02111,2
20210311,7,02139,4
20210311,7,02159,2
20210311,7,02171,2
20210311,7,02179,1
20210311,7,02185,3
20210311,7,02191,4
20210311,7,02199,1
20210311,7,03310,1
20210311,7,03311,2
20210311,8,02112,2
20210311,8,02128,1
20210311,8,02129,5
20210311,8,02139,2
20210311,8,02148,2
20210311,8,02179,3
20210311,8,02185,5
20210311,8,02186,1
20210311,9,02111,1
20210311,9,02129,1
20210311,9,02148,1
20210311,9,02171,1
20210311,9,02172,1
20210311,9,02179,3
20210311,9,02185,1
20210311,9,02191,1
20210312,0,02112,5
20210312,0,02116,2
20210312,0,02128,1
20210312,0,02148,1
20210312,0,02171,3
20210312,0,02179,2
20210312,0,02185,1
20210312,0,03310,1
20210312,1,02112,1
20210312,1,02129,3
20210312,1,02139,1
20210312,1,02179,3
20210312,10,02111,1
20210312,10,02122,1
20210312,10,02130,1
20210312,10,02148,1
20210312,10,02171,1
20210312,10,02179,2
20210312,10,02185,2
20210312,10,02198,4
20210312,11,02111,2
20210312,11,02112,1
20210312,11,02116,2
20210312,11,02128,1
20210312,11,02129,5
20210312,11,02143,1
20210312,11,02148,1
20210312,11,02171,2
20210312,11,02186,1
20210312,11,03311,2
20210312,12,02111,1
20210312,12,02112,2
20210312,12,02122,1
20210312,12,02128,3
20210312,12,02129,1
20210312,12,02139,1
20210312,12,02148,2
20210312,12,02159,1
20210312,12,02171,1
20210312,12,02172,1
20210312,12,02179,3
20210312,12,02185,1
20210312,12,03311,1
20210312,13,02111,1
20210312,13,02112,1
20210312,13,02122,1
20210312,13,02128,3
20210312,13,02171,2
20210312,13,02178,1
20210312,13,02185,1
20210312,13,03311,1
20210312,14,02143,1
20210312,14,02179,1
20210312,15,02143,1
20210312,15,02159,3
20210312,15,02198,2
20210312,15,02199,1
20210312,16,02122,1
20210312,16,02128,1
20210312,16,02129,2
20210312,16,02139,2
20210312,16,02171,5
20210312,16,02178,1
20210312,16,02179,3
20210312,16,02186,1
20210312,16,02191,3
20210312,16,02198,2
20210312,16,02199,2
20210312,17,02112,3
20210312,17,02128,3
20210312,17,02129,2
20210312,17,02139,1
20210312,17,02148,1
20210312,17,02159,1
20210312,17,02171,1
20210312,17,02172,1
20210312,17,02178,2
20210312,17,02179,2
20210312,17,02185,1
20210312,17,02191,4
20210312,17,02198,1
20210312,17,02199,2
20210312,17,03311,3
20210312,18,02111,3
20210312,18,02112,5
20210312,18,02116,1
20210312,18,02122,1
20210312,18,02128,1
20210312,18,02130,2
20210312,18,02139,1
20210312,18,02148,3
20210312,18,02159,1
20210312,18,02171,6
20210312,18,02178,1
20210312,18,02179,4
20210312,18,02185,2
20210312,18,02186,1
20210312,18,02198,2
20210312,18,02199,2
20210312,18,03311,1
20210312,18,03802,2
20210312,19,02111,2
20210312,19,02122,2
20210312,19,02130,1
20210312,19,02159,1
20210312,19,02171,4
20210312,19,02178,1
20210312,19,02179,1
20210312,19,02185,1
20210312,19,02186,2
20210312,19,02191,2
20210312,19,02198,1
20210312,19,02199,1
20210312,19,03311,1
20210312,19,03802,1
20210312,2,02171,1
20210312,2,02191,1
20210312,2,03311,1
20210312,20,02111,3
20210312,20,02112,2
20210312,20,02116,5
20210312,20,02122,1
20210312,20,02128,2
20210312,20,02139,2
20210312,20,02143,1
20210312,20,02148,1
20210312,20,02171,7
20210312,20,02179,2
20210312,20,02186,2
20210312,20,02191,1
20210312,20,02198,1
20210312,20,02199,1
20210312,21,02111,1
20210312,21,02112,2
20210312,21,02116,5
20210312,21,02122,2
20210312,21,02128,1
20210312,21,02129,1
20210312,21,02139,1
20210312,21,02143,1
20210312,21,02148,2
20210312,21,02159,2
20210312,21,02171,1
20210312,21,02179,1
20210312,21,02185,2
20210312,21,02191,1
20210312,22,02112,8
20210312,22,02116,7
20210312,22,02128,2
20210312,22,02129,1
20210312,22,02139,3
20210312,22,02148,2
20210312,22,02179,5
20210312,22,02186,1
20210312,22,02191,1
20210312,22,02199,2
20210312,22,03310,1
20210312,23,02111,2
20210312,23,02128,2
20210312,23,02171,1
20210312,23,02179,3
20210312,3,02112,1
20210312,4,02139,1
20210312,4,02148,2
20210312,4,02198,2
20210312,5,02128,1
20210312,5,02129,1
20210312,5,02139,1
20210312,6,02116,1
20210312,6,02122,1
20210312,6,02185,1
20210312,6,02186,1
20210312,6,02191,1
20210312,7,02112,1
20210312,7,02116,1
20210312,7,02122,1
20210312,7,02128,1
20210312,7,02139,2
20210312,7,02159,1
20210312,7,02171,2
20210312,7,02185,1
20210312,7,02186,1
20210312,7,02191,2
20210312,8,02111,1
20210312,8,02112,3
20210312,8,02116,1
20210312,8,02139,3
20210312,8,02148,4
20210312,8,02171,1
20210312,8,02179,2
20210312,8,02185,3
20210312,8,02191,1
20210312,8,03311,1
20210312,9,02111,2
20210312,9,02122,1
20210312,9,02148,1
20210312,9,02171,1
20210312,9,02179,1
20210312,9,02185,2
20210312,9,02186,1
20210312,9,02199,1
20210312,9,03311,1
20210313,0,02111,1
20210313,0,02112,1
20210313,0,02116,1
20210313,0,02129,1
20210313,0,02139,1
20210313,0,02148,1
20210313,0,02171,1
20210313,0,02179,1
20210313,0,02185,1
20210313,0,02198,2
20210313,0,03310,1
20210313,0,03311,1
20210313,1,02111,2
20210313,1,02112,2
20210313,1,02122,1
20210313,1,02171,1
20210313,1,02179,1
20210313,10,02112,1
20210313,10,02122,1
20210313,10,02139,3
20210313,10,02143,2
20210313,10,02159,1
20210313,10,02172,1
20210313,10,02179,1
20210313,11,02111,2
20210313,11,02112,2
20210313,11,02116,1
20210313,11,02122,3
20210313,11,02139,1
20210313,11,02143,1
20210313,11,02148,1
20210313,11,02159,1
20210313,11,02171,1
20210313,11,02179,1
20210313,11,02186,4
20210313,11,02199,2
20210313,11,03310,1
20210313,11,03311,3
20210313,12,02111,2
20210313,12,02112,3
20210313,12,02116,5
20210313,12,02122,3
20210313,12,02159,2
20210313,12,02171,2
20210313,12,02172,5
20210313,12,02178,1
20210313,12,02179,2
20210313,12,02185,1
20210313,12,02186,1
20210313,12,02191,3
20210313,12,02198,2
20210313,12,02199,1
20210313,12,03310,3
20210313,12,03311,1
20210313,12,03802,1
20210313,13,02111,3
20210313,13,02112,6
20210313,13,02116,2
20210313,13,02122,3
20210313,13,02129,1
20210313,13,02139,1
20210313,13,02143,1
20210313,13,02148,2
20210313,13,02171,8
20210313,13,02178,1
20210313,13,02179,2
20210313,13,02185,4
20210313,13,02186,1
20210313,13,02198,1
20210313,13,03310,2
20210313,13,03802,2
20210313,14,02111,3
20210313,14,02112,5
20210313,14,02122,3
20210313,14,02128,2
20210313,14,02130,3
20210313,14,02139,1
20210313,14,02143,1
20210313,14,02171,7
20210313,14,02178,1
20210313,14,02179,6
20210313,14,02186,4
20210313,14,02191,2
20210313,14,02198,1
20210313,14,03310,1
20210313,15,02111,2
20210313,15,02112,2
20210313,15,02122,1
20210313,15,02128,3
20210313,15,02130,1
20210313,15,02139,4
20210313,15,02159,1
20210313,15,02171,4
20210313,15,02172,3
20210313,15,02178,6
20210313,15,02179,3
20210313,15,02185,1
20210313,15,02186,6
20210313,15,02198,4
20210313,15,03310,2
20210313,15,03311,3
20210313,16,02112,5
20210313,16,02116,6
20210313,16,02128,5
20210313,16,02139,1
20210313,16,02148,1
20210313,16,02159,1
20210313,16,02171,4
20210313,16,02172,4
20210313,16,02178,6
20210313,16,02179,4
20210313,16,02186,1
20210313,16,02191,1
20210313,16,02198,1
20210313,16,02199,1
20210313,16,03310,1
20210313,16,03311,2
20210313,16,03802,1
20210313,17,02111,1
20210313,17,02112,4
20210313,17,02122,2
20210313,17,02128,3
20210313,17,02129,1
20210313,17,02139,1
20210313,17,02148,1
20210313,17,02171,3
20210313,17,02172,4
20210313,17,02179,3
20210313,17,02185,1
20210313,17,02186,2
20210313,17,02191,1
20210313,17,02199,1
20210313,17,03310,1
20210313,17,03311,1
20210313,17,03802,1
20210313,18,02112,4
20210313,18,02116,1
20210313,18,02122,1
20210313,18,02130,1
20210313,18,02139,1
20210313,18,02159,1
20210313,18,02172,1
20210313,18,02178,1
20210313,18,02179,3
20210313,18,02185,1
20210313,18,02186,2
20210313,18,02191,3
20210313,18,03311,2
20210313,18,03802,4
20210313,19,02111,3
20210313,19,02112,3
20210313,19,02116,2
20210313,19,02171,3
20210313,19,02185,2
20210313,19,03311,1
20210313,2,02112,2
20210313,2,02122,1
20210313,2,02148,2
20210313,2,02171,2
20210313,20,02111,3
20210313,20,02112,1
20210313,20,02116,1
20210313,20,02122,1
20210313,20,02129,1
20210313,20,02130,1
20210313,20,02139,1
20210313,20,02148,2
20210313,20,02179,3
20210313,20,02185,1
20210313,20,02186,1
20210313,20,02191,4
20210313,21,02111,5
20210313,21,02116,3
20210313,21,02122,1
20210313,21,02128,3
20210313,21,02139,1
20210313,21,02171,2
20210313,21,02172,3
20210313,21,02178,1
20210313,21,02179,2
20210313,21,02186,1
20210313,21,02191,1
20210313,21,03802,1
20210313,22,02111,1
20210313,22,02112,2
20210313,22,02129,1
20210313,22,02139,2
20210313,22,02171,1
20210313,22,02186,1
20210313,22,03311,2
20210313,23,02112,1
20210313,23,02116,1
20210313,23,02128,1
20210313,23,02129,1
20210313,23,02171,1
20210313,23,02179,2
20210313,23,03310,1
20210313,3,02139,1
20210313,3,02171,1
20210313,3,02179,1
20210313,3,02185,1
20210313,3,02199,1
20210313,4,02111,1
20210313,4,02122,1
20210313,4,02129,1
20210313,4,02179,1
20210313,4,02185,1
20210313,4,02186,1
20210313,5,02116,1
20210313,5,02198,1
20210313,5,03310,1
20210313,6,02112,1
20210313,6,02186,1
20210313,7,02139,1
20210313,7,02185,1
20210313,7,02191,2
20210313,8,02111,2
20210313,8,02112,1
20210313,8,02122,1
20210313,8,02139,1
20210313,8,02143,1
20210313,8,02171,1
20210313,8,02179,1
20210313,8,02185,2
20210313,8,02191,1
20210313,9,02111,1
20210313,9,02112,3
20210313,9,02116,1
20210313,9,02122,1
20210313,9,02128,1
20210313,9,02129,1
20210313,9,02139,3
20210313,9,02143,1
20210313,9,02148,1
20210313,9,02179,2
20210313,9,03310,1
20210313,9,03311,1
20210313,9,03802,1
20210314,0,02111,2
20210314,0,02129,1
20210314,0,02148,1
20210314,0,02172,1
20210314,0,02186,2
20210314,0,02191,2
20210314,0,02199,2
20210314,0,03311,1
20210314,1,02112,3
20210314,1,02116,1
20210314,1,02129,1
20210314,1,02139,1
20210314,1,02179,1
20210314,1,02186,1
20210314,10,02122,1
20210314,10,02130,1
20210314,10,02139,1
20210314,10,02143,1
20210314,10,02159,1
20210314,10,02171,2
20210314,10,02179,1
20210314,10,03311,2
20210314,10,03802,1
20210314,11,02111,1
20210314,11,02112,1
20210314,11,02139,1
20210314,11,02143,3
20210314,11,02148,3
20210314,11,02159,1
20210314,11,02171,2
20210314,11,02172,1
20210314,11,02179,2
20210314,11,02185,1
20210314,11,02186,1
20210314,11,02191,1
20210314,11,03310,2
20210314,12,02122,3
20210314,12,02139,1
20210314,12,02143,2
20210314,12,02148,5
20210314,12,02171,1
20210314,12,02172,4
20210314,12,02179,4
20210314,12,02185,3
20210314,12,02191,3
20210314,12,02198,2
20210314,12,03310,3
20210314,12,03311,1
20210314,13,02111,1
20210314,13,02112,3
20210314,13,02116,1
20210314,13,02122,3
20210314,13,02128,1
20210314,13,02130,1
20210314,13,02139,6
20210314,13,02143,1
20210314,13,02171,2
20210314,13,02172,1
20210314,13,02178,1
20210314,13,02179,4
20210314,13,02199,2
20210314,13,03310,2
20210314,13,03311,2
20210314,14,02111,1
20210314,14,02112,1
20210314,14,02116,7
20210314,14,02128,2
20210314,14,02129,3
20210314,14,02139,1
20210314,14,02143,1
20210314,14,02148,4
20210314,14,02171,6
20210314,14,02179,4
20210314,14,02185,2
20210314,14,02191,1
20210314,14,03311,2
20210314,15,02111,4
20210314,15,02112,3
20210314,15,02116,2
20210314,15,02122,4
20210314,15,02128,1
20210314,15,02129,5
20210314,15,02130,2
20210314,15,02143,1
20210314,15,02148,2
20210314,15,02171,7
20210314,15,02172,1
20210314,15,02179,4
20210314,15,02185,1
20210314,15,02186,3
20210314,15,02191,3
20210314,15,02198,1
20210314,15,03310,2
20210314,15,03311,2
20210314,15,03802,2
20210314,16,02111,1
20210314,16,02112,1
20210314,16,02116,3
20210314,16,02128,1
20210314,16,02130,5
20210314,16,02139,1
20210314,16,02148,4
20210314,16,02159,4
20210314,16,02171,1
20210314,16,02178,2
20210314,16,02179,6
20210314,16,02186,3
20210314,16,02191,1
20210314,16,02199,1
20210314,17,02111,4
20210314,17,02112,4
20210314,17,02116,1
20210314,17,02122,1
20210314,17,02128,1
20210314,17,02129,1
20210314,17,02130,2
20210314,17,02139,1
20210314,17,02148,1
20210314,17,02159,9
20210314,17,02171,5
20210314,17,02178,2
20210314,17,02179,2
20210314,17,02185,1
20210314,17,02186,4
20210314,17,02191,1
20210314,17,03310,1
20210314,17,03311,1
20210314,18,02111,3
20210314,18,02112,1
20210314,18,02122,3
20210314,18,02128,2
20210314,18,02129,2
20210314,18,02130,2
20210314,18,02139,2
20210314,18,02148,1
20210314,18,02159,3
20210314,18,02171,5
20210314,18,02178,1
20210314,18,02179,6
20210314,18,02185,2
20210314,18,02186,3
20210314,18,02191,5
20210314,18,02198,1
20210314,19,02111,2
20210314,19,02112,2
20210314,19,02116,1
20210314,19,02122,1
20210314,19,02128,1
20210314,19,02130,2
20210314,19,02171,3
20210314,19,02179,1
20210314,19,02185,1
20210314,19,02191,2
20210314,19,02199,1
20210314,2,02112,2
20210314,2,02122,1
20210314,2,02148,2
20210314,2,02179,2
20210314,20,02112,2
20210314,20,02122,1
20210314,20,02148,1
20210314,20,02159,2
20210314,20,02171,5
20210314,20,02172,2
20210314,20,02178,1
20210314,20,02179,3
20210314,20,02186,1
20210314,20,02191,2
20210314,21,02111,3
20210314,21,02112,1
20210314,21,02122,1
20210314,21,02139,2
20210314,21,02143,2
20210314,21,02159,1
20210314,21,02171,2
20210314,21,02185,2
20210314,21,02198,1
20210314,21,03310,2
20210314,22,02111,1
20210314,22,02112,4
20210314,22,02122,3
20210314,22,02129,1
20210314,22,02130,1
20210314,22,02139,2
20210314,22,02148,3
20210314,22,02171,4
20210314,22,02179,2
20210314,22,02185,1
20210314,22,02186,2
20210314,22,02191,1
20210314,22,03310,1
20210314,22,03311,1
20210314,23,02112,3
20210314,23,02116,1
20210314,23,02128,2
20210314,23,02129,1
20210314,23,02148,2
20210314,23,02171,1
20210314,23,02179,1
20210314,23,02185,2
20210314,23,02186,2
20210314,23,03311,1
20210314,4,02171,1
20210314,5,02139,1
20210314,5,02198,1
20210314,6,02111,2
20210314,6,02139,1
20210314,6,02171,1
20210314,6,02185,1
20210314,7,02112,1
20210314,7,02129,1
20210314,7,02130,1
20210314,7,02159,1
20210314,7,02171,1
20210314,7,03802,1
20210314,8,02111,2
20210314,8,02116,1
20210314,8,02129,2
20210314,8,02143,2
20210314,8,02171,1
20210314,8,02179,1
20210314,8,02185,1
20210314,8,03802,1
20210314,9,02122,1
20210314,9,02143,1
20210314,9,02185,2
20210314,9,02191,2
20210314,9,03311,1
20210315,0,02116,3
20210315,0,02128,1
20210315,0,02139,1
20210315,0,02171,1
20210315,0,02179,2
20210315,0,02186,1
20210315,0,02198,1
20210315,1,02112,1
20210315,1,02129,1
20210315,1,02148,3
20210315,1,02186,1
20210315,10,02111,1
20210315,10,02112,2
20210315,10,02129,1
20210315,10,02159,1
20210315,10,02171,1
20210315,10,02199,1
20210315,10,03311,1
20210315,11,02111,2
20210315,11,02116,2
20210315,11,02129,2
20210315,11,02139,1
20210315,11,02148,2
20210315,11,02171,2
20210315,11,02178,1
20210315,11,02179,3
20210315,11,02185,1
20210315,11,02198,1
20210315,11,03311,1
20210315,12,02111,1
20210315,12,02112,1
20210315,12,02116,1
20210315,12,02122,2
20210315,12,02129,3
20210315,12,02139,1
20210315,12,02148,2
20210315,12,02159,1
20210315,12,02171,4
20210315,12,02178,1
20210315,12,02185,2
20210315,12,02191,1
20210315,12,02198,2
20210315,12,03802,2
20210315,13,02111,3
20210315,13,02112,1
20210315,13,02122,1
20210315,13,02159,2
20210315,13,02171,3
20210315,13,02178,2
20210315,13,02185,3
20210315,13,02199,2
20210315,13,03311,3
20210315,14,02112,3
20210315,14,02116,1
20210315,14,02122,2
20210315,14,02148,1
20210315,14,02159,1
20210315,14,02171,3
20210315,14,02178,2
20210315,14,02179,1
20210315,14,02185,1
20210315,14,02186,1
20210315,14,03311,1
20210315,15,02112,3
20210315,15,02122,1
20210315,15,02128,2
20210315,15,02129,1
20210315,15,02148,3
20210315,15,02171,2
20210315,15,02179,2
20210315,15,02198,1
20210315,15,03311,2
20210315,16,02111,3
20210315,16,02112,1
20210315,16,02129,3
20210315,16,02148,1
20210315,16,02171,5
20210315,16,02178,1
20210315,16,02179,2
20210315,16,02185,1
20210315,16,02191,1
20210315,16,03310,2
20210315,16,03311,5
20210315,17,02111,4
20210315,17,02116,1
20210315,17,02122,1
20210315,17,02128,3
20210315,17,02129,3
20210315,17,02139,1
20210315,17,02148,1
20210315,17,02159,1
20210315,17,02171,4
20210315,17,02178,1
20210315,17,02179,7
20210315,17,02186,1
20210315,17,03310,1
20210315,17,03311,2
20210315,18,02111,3
20210315,18,02112,1
20210315,18,02116,3
20210315,18,02122,3
20210315,18,02128,2
20210315,18,02129,1
20210315,18,02130,5
20210315,18,02139,1
20210315,18,02143,2
20210315,18,02148,3
20210315,18,02159,3
20210315,18,02171,2
20210315,18,02178,1
20210315,18,02179,4
20210315,18,02185,4
20210315,18,02186,5
20210315,18,02191,2
20210315,18,03310,1
20210315,19,02111,3
20210315,19,02112,4
20210315,19,02116,2
20210315,19,02122,1
20210315,19,02128,1
20210315,19,02130,4
20210315,19,02139,2
20210315,19,02159,1
20210315,19,02171,6
20210315,19,02179,3
20210315,19,02186,2
20210315,19,02191,2
20210315,19,02198,1
20210315,19,02199,1
20210315,19,03311,1
20210315,2,02112,1
20210315,2,02148,1
20210315,2,02179,2
20210315,2,02198,1
20210315,20,02111,5
20210315,20,02112,1
20210315,20,02116,2
20210315,20,02122,4
20210315,20,02128,1
20210315,20,02129,3
20210315,20,02130,1
20210315,20,02139,2
20210315,20,02143,1
20210315,20,02148,1
20210315,20,02171,3
20210315,20,02179,1
20210315,20,02191,2
20210315,20,02198,1
20210315,20,03311,2
20210315,20,03802,1
20210315,21,02112,2
20210315,21,02116,1
20210315,21,02122,2
20210315,21,02128,1
20210315,21,02129,1
20210315,21,02148,5
20210315,21,02171,4
20210315,21,02172,1
20210315,21,02179,2
20210315,21,02185,2
20210315,21,02198,2
20210315,22,02111,1
20210315,22,02112,1
20210315,22,02116,1
20210315,22,02122,1
20210315,22,02128,2
20210315,22,02129,1
20210315,22,02130,2
20210315,22,02139,2
20210315,22,02143,2
20210315,22,02171,1
20210315,22,02179,4
20210315,22,02186,1
20210315,22,02198,2
20210315,22,03311,1
20210315,23,02112,1
20210315,23,02143,1
20210315,3,02198,1
20210315,4,02171,1
20210315,5,02111,1
20210315,5,02112,1
20210315,5,02191,1
20210315,5,03310,1
20210315,6,02116,1
20210315,6,02179,1
20210315,6,02185,1
20210315,6,02186,1
20210315,6,02191,1
20210315,7,02116,1
20210315,7,02122,2
20210315,7,02128,1
20210315,7,02129,2
20210315,7,02139,3
20210315,7,02159,1
20210315,7,02171,2
20210315,7,02179,1
20210315,7,02186,2
20210315,7,02191,4
20210315,7,03310,1
20210315,7,03311,2
20210315,8,02111,1
20210315,8,02112,2
20210315,8,02116,1
20210315,8,02122,1
20210315,8,02139,1
20210315,8,02148,4
20210315,8,02171,3
20210315,8,02179,3
20210315,8,02185,1
20210315,8,02186,1
20210315,8,02198,1
20210315,9,02111,3
20210315,9,02116,1
20210315,9,02122,3
20210315,9,02128,1
20210315,9,02139,1
20210315,9,02148,1
20210315,9,02179,1
20210315,9,02185,1
20210315,9,02186,1
20210315,9,02199,1
20210315,9,03311,1
20210315,9,03802,1
20210316,0,02128,1
20210316,0,02139,1
20210316,0,02179,2
20210316,1,02112,1
20210316,10,02112,2
20210316,10,02128,4
20210316,10,02129,2
20210316,10,02148,1
20210316,10,02171,2
20210316,10,02179,3
20210316,10,02191,1
20210316,10,02198,2
20210316,10,03310,2
20210316,10,03311,1
20210316,10,03802,1
20210316,11,02111,3
20210316,11,02112,2
20210316,11,02122,1
20210316,11,02129,1
20210316,11,02148,2
20210316,11,02179,1
20210316,11,02185,2
20210316,11,02186,1
20210316,11,02191,1
20210316,11,02199,2
20210316,11,03311,2
20210316,12,02111,3
20210316,12,02112,2
20210316,12,02122,1
20210316,12,02128,1
20210316,12,02129,1
20210316,12,02171,2
20210316,12,02178,1
20210316,12,02179,5
20210316,12,02191,2
20210316,12,02199,1
20210316,12,03311,4
20210316,13,02111,1
20210316,13,02112,1
20210316,13,02116,2
20210316,13,02122,1
20210316,13,02128,2
20210316,13,02143,2
20210316,13,02159,1
20210316,13,02171,1
20210316,13,02172,1
20210316,13,02199,3
20210316,13,03802,1
20210316,14,02112,2
20210316,14,02116,1
20210316,14,02128,3
20210316,14,02129,2
20210316,14,02148,2
20210316,14,02171,7
20210316,14,02172,2
20210316,14,02178,2
20210316,14,02179,2
20210316,14,02191,1
20210316,14,02199,3
20210316,14,03310,3
20210316,14,03311,1
20210316,15,02111,1
20210316,15,02112,2
20210316,15,02116,1
20210316,15,02128,1
20210316,15,02129,3
20210316,15,02130,1
20210316,15,02148,3
20210316,15,02159,1
20210316,15,02171,1
20210316,15,02172,1
20210316,15,02178,2
20210316,15,02179,1
20210316,15,02185,2
20210316,15,02186,1
20210316,15,02191,3
20210316,15,02198,1
20210316,16,02112,1
20210316,16,02116,1
20210316,16,02122,1
20210316,16,02128,3
20210316,16,02129,3
20210316,16,02148,2
20210316,16,02159,1
20210316,16,02171,4
20210316,16,02172,3
20210316,16,02178,2
20210316,16,02179,3
20210316,16,02185,2
20210316,16,02186,1
20210316,16,02191,1
20210316,16,03310,2
20210316,17,02111,3
20210316,17,02112,2
20210316,17,02122,3
20210316,17,02129,3
20210316,17,02130,1
20210316,17,02139,2
20210316,17,02148,2
20210316,17,02171,4
20210316,17,02172,1
20210316,17,02178,1
20210316,17,02179,1
20210316,17,02185,1
20210316,17,02186,1
20210316,17,02198,3
20210316,17,03311,1
20210316,18,02111,1
20210316,18,02112,6
20210316,18,02116,2
20210316,18,02122,4
20210316,18,02128,1
20210316,18,02130,4
20210316,18,02139,2
20210316,18,02143,1
20210316,18,02148,1
20210316,18,02159,2
20210316,18,02171,5
20210316,18,02179,3
20210316,18,02186,1
20210316,18,02191,1
20210316,18,03311,4
20210316,19,02111,3
20210316,19,02112,3
20210316,19,02116,2
20210316,19,02122,5
20210316,19,02128,1
20210316,19,02130,2
20210316,19,02139,1
20210316,19,02159,2
20210316,19,02171,4
20210316,19,02172,1
20210316,19,02178,1
20210316,19,02179,4
20210316,19,02185,1
20210316,19,02186,3
20210316,19,02198,1
20210316,19,02199,1
20210316,19,03310,2
20210316,19,03311,1
20210316,2,02112,1
20210316,20,02111,2
20210316,20,02112,3
20210316,20,02116,8
20210316,20,02122,2
20210316,20,02128,1
20210316,20,02139,1
20210316,20,02148,1
20210316,20,02159,2
20210316,20,02171,4
20210316,20,02179,3
20210316,20,02185,2
20210316,20,02186,1
20210316,20,02191,1
20210316,20,03311,1
20210316,20,03802,1
20210316,21,02111,5
20210316,21,02112,2
20210316,21,02116,2
20210316,21,02122,2
20210316,21,02128,2
20210316,21,02148,4
20210316,21,02171,4
20210316,21,02179,3
20210316,21,02185,1
20210316,21,02191,1
20210316,21,02198,1
20210316,21,03311,2
20210316,22,02112,1
20210316,22,02116,1
20210316,22,02122,1
20210316,22,02128,1
20210316,22,02129,2
20210316,22,02139,1
20210316,22,02159,1
20210316,22,02171,2
20210316,22,02179,1
20210316,22,02185,4
20210316,22,02186,3
20210316,22,02191,2
20210316,22,02198,1
20210316,22,02199,1
20210316,22,03311,1
20210316,23,02111,1
20210316,23,02112,1
20210316,23,02122,1
20210316,23,02128,1
20210316,23,02139,1
20210316,23,02143,2
20210316,23,02172,1
20210316,23,02179,2
20210316,23,02185,1
20210316,23,03310,1
20210316,3,02139,1
20210316,4,02139,1
20210316,5,02112,1
20210316,5,02122,1
20210316,5,02128,1
20210316,5,03310,1
20210316,6,02171,2
20210316,6,02185,1
20210316,6,02186,1
20210316,6,02191,3
20210316,7,02139,2
20210316,7,02143,1
20210316,7,02159,2
20210316,7,02171,2
20210316,7,02185,3
20210316,7,02186,1
20210316,7,03310,2
20210316,7,03311,1
20210316,8,02116,2
20210316,8,02122,1
20210316,8,02128,2
20210316,8,02129,1
20210316,8,02148,3
20210316,8,02159,1
20210316,8,02171,1
20210316,8,02179,1
20210316,8,02185,1
20210316,8,02186,1
20210316,8,02191,1
20210316,8,02198,1
20210316,8,03310,2
20210316,8,03311,1
20210316,8,03802,1
20210316,9,02111,1
20210316,9,02116,1
20210316,9,02122,2
20210316,9,02129,1
20210316,9,02143,1
20210316,9,02171,2
20210316,9,02179,2
20210316,9,02185,1
20210316,9,02191,1
20210316,9,03310,4
20210316,9,03311,1
20210317,0,02111,1
20210317,0,02112,1
20210317,0,02139,1
20210317,0,02143,1
20210317,0,02171,2
20210317,0,02179,2
20210317,0,02185,2
20210317,0,02186,1
20210317,0,02191,1
20210317,1,02112,1
20210317,1,02128,1
20210317,1,02148,1
20210317,1,02171,1
20210317,10,02111,1
20210317,10,02116,1
20210317,10,02122,2
20210317,10,02129,1
20210317,10,02171,1
20210317,10,02178,1
20210317,10,02185,2
20210317,10,03311,2
20210317,11,02122,2
20210317,11,02129,2
20210317,11,02139,1
20210317,11,02143,1
20210317,11,02171,4
20210317,11,02178,1
20210317,11,02179,2
20210317,11,02186,2
20210317,11,02191,2
20210317,11,02199,1
20210317,11,03310,2
20210317,11,03311,2
20210317,12,02111,1
20210317,12,02112,2
20210317,12,02116,2
20210317,12,02122,1
20210317,12,02139,1
20210317,12,02171,5
20210317,12,02178,5
20210317,12,02185,2
20210317,12,02191,1
20210317,12,02199,1
20210317,12,03311,1
20210317,12,03802,1
20210317,13,02111,3
20210317,13,02116,1
20210317,13,02128,3
20210317,13,02129,1
20210317,13,02171,4
20210317,13,02172,1
20210317,13,02178,3
20210317,13,02179,1
20210317,13,02191,1
20210317,13,03310,3
20210317,13,03311,4
20210317,13,03802,1
20210317,14,02111,2
20210317,14,02112,3
20210317,14,02116,2
20210317,14,02128,3
20210317,14,02129,2
20210317,14,02148,2
20210317,14,02172,1
20210317,14,02178,1
20210317,14,02179,3
20210317,14,02185,3
20210317,14,02191,1
20210317,14,02198,1
20210317,14,02199,1
20210317,14,03310,1
20210317,14,03311,1
20210317,15,02111,4
20210317,15,02112,9
20210317,15,02116,2
20210317,15,02122,2
20210317,15,02128,1
20210317,15,02129,3
20210317,15,02130,1
20210317,15,02148,1
20210317,15,02159,3
20210317,15,02171,2
20210317,15,02179,2
20210317,15,02186,1
20210317,15,02191,3
20210317,15,03310,1
20210317,15,03311,1
20210317,16,02112,2
20210317,16,02116,1
20210317,16,02122,1
20210317,16,02129,2
20210317,16,02148,2
20210317,16,02159,1
20210317,16,02171,7
20210317,16,02178,2
20210317,16,02179,3
20210317,16,02185,1
20210317,16,02186,2
20210317,16,03310,3
20210317,16,03311,1
20210317,17,02111,1
20210317,17,02112,1
20210317,17,02116,1
20210317,17,02122,3
20210317,17,02128,3
20210317,17,02129,5
20210317,17,02139,1
20210317,17,02148,4
20210317,17,02171,6
20210317,17,02172,1
20210317,17,02178,5
20210317,17,02179,8
20210317,17,02185,1
20210317,17,02191,3
20210317,17,02198,4
20210317,17,03311,2
20210317,17,03802,1
20210317,18,02111,2
20210317,18,02112,4
20210317,18,02116,3
20210317,18,02122,2
20210317,18,02128,2
20210317,18,02130,5
20210317,18,02139,1
20210317,18,02148,2
20210317,18,02159,1
20210317,18,02171,6
20210317,18,02172,4
20210317,18,02178,7
20210317,18,02179,4
20210317,18,02185,2
20210317,18,02191,2
20210317,18,02198,2
20210317,18,03311,5
20210317,19,02111,7
20210317,19,02112,2
20210317,19,02116,4
20210317,19,02128,2
20210317,19,02129,1
20210317,19,02130,1
20210317,19,02148,2
20210317,19,02159,1
20210317,19,02171,3
20210317,19,02172,2
20210317,19,02178,1
20210317,19,02179,3
20210317,19,02185,1
20210317,19,02186,1
20210317,19,02191,2
20210317,19,03802,1
20210317,2,02111,1
20210317,2,02112,1
20210317,2,02128,1
20210317,2,02148,1
20210317,20,02111,1
20210317,20,02112,1
20210317,20,02116,7
20210317,20,02122,1
20210317,20,02129,1
20210317,20,02148,2
20210317,20,02159,4
20210317,20,02171,4
20210317,20,02172,1
20210317,20,02179,3
20210317,20,02185,3
20210317,20,02191,2
20210317,20,02198,3
20210317,20,03311,3
20210317,21,02111,4
20210317,21,02112,2
20210317,21,02116,5
20210317,21,02122,2
20210317,21,02128,3
20210317,21,02143,1
20210317,21,02148,3
20210317,21,02159,2
20210317,21,02178,1
20210317,21,02179,6
20210317,21,02186,1
20210317,21,02191,3
20210317,21,02198,2
20210317,22,02111,2
20210317,22,02112,1
20210317,22,02128,1
20210317,22,02129,1
20210317,22,02139,2
20210317,22,02143,1
20210317,22,02171,2
20210317,22,02172,2
20210317,22,02178,1
20210317,22,02179,1
20210317,22,02185,5
20210317,22,02191,2
20210317,22,02198,3
20210317,22,03311,2
20210317,23,02111,2
20210317,23,02112,1
20210317,23,02116,2
20210317,23,02128,1
20210317,23,02130,2
20210317,23,02139,2
20210317,23,02143,1
20210317,23,02171,1
20210317,23,02172,1
20210317,23,02198,1
20210317,3,02129,1
20210317,3,02143,1
20210317,5,02122,1
20210317,5,02185,1
20210317,5,02198,1
20210317,6,02122,1
20210317,6,02139,1
20210317,6,02159,1
20210317,6,02179,1
20210317,6,02191,1
20210317,6,03310,1
20210317,7,02111,1
20210317,7,02122,2
20210317,7,02139,4
20210317,7,02143,2
20210317,7,02159,2
20210317,7,02171,1
20210317,7,02185,2
20210317,7,02191,1
20210317,7,02198,1
20210317,7,02199,1
20210317,7,03310,3
20210317,7,03311,1
20210317,8,02111,1
20210317,8,02112,3
20210317,8,02116,4
20210317,8,02122,2
20210317,8,02128,1
20210317,8,02129,2
20210317,8,02143,1
20210317,8,02148,1
20210317,8,02159,1
20210317,8,02171,1
20210317,8,02179,3
20210317,8,02185,2
20210317,8,02191,2
20210317,8,03310,3
20210317,8,03311,1
20210317,9,02111,1
20210317,9,02122,1
20210317,9,02128,1
20210317,9,02148,2
20210317,9,02171,2
20210317,9,02179,1
20210317,9,02186,2
20210317,9,02191,1
20210317,9,02198,1
20210317,9,02199,1
20210317,9,03310,1
20210317,9,03802,1
20210318,0,02111,2
20210318,0,02112,4
20210318,0,02128,1
20210318,0,02129,1
20210318,0,02171,1
20210318,0,02172,2
20210318,0,02179,4
20210318,0,02185,1
20210318,0,03311,1
20210318,1,02111,1
20210318,1,02112,1
20210318,1,02139,1
20210318,1,02171,1
20210318,1,02172,1
20210318,1,02179,1
20210318,1,02185,1
20210318,1,02198,1
20210318,10,02111,2
20210318,10,02112,1
20210318,10,02116,1
20210318,10,02122,1
20210318,10,02128,2
20210318,10,02130,1
20210318,10,02148,2
20210318,10,02171,1
20210318,10,02172,1
20210318,10,02178,1
20210318,10,02179,1
20210318,10,02185,1
20210318,10,02186,1
20210318,10,02191,2
20210318,10,02198,1
20210318,10,03310,2
20210318,10,03311,2
20210318,11,02111,1
20210318,11,02122,3
20210318,11,02129,1
20210318,11,02143,2
20210318,11,02148,1
20210318,11,02159,1
20210318,11,02171,2
20210318,11,02179,2
20210318,11,03310,1
20210318,11,03311,1
20210318,12,02111,2
20210318,12,02112,4
20210318,12,02122,3
20210318,12,02128,1
20210318,12,02143,1
20210318,12,02148,1
20210318,12,02171,1
20210318,12,02172,1
20210318,12,02179,3
20210318,12,02185,4
20210318,12,02186,1
20210318,12,02198,1
20210318,12,02199,1
20210318,12,03310,1
20210318,12,03311,2
20210318,13,02129,1
20210318,13,02148,1
20210318,13,02159,2
20210318,13,02171,4
20210318,13,02172,1
20210318,13,02179,1
20210318,13,02185,2
20210318,13,02186,1
20210318,13,02191,1
20210318,13,03311,3
20210318,14,02112,1
20210318,14,02128,1
20210318,14,02129,1
20210318,14,02143,1
20210318,14,02148,1
20210318,14,02159,2
20210318,14,02171,4
20210318,14,02172,3
20210318,14,02178,2
20210318,14,02179,1
20210318,14,02186,1
20210318,14,02191,1
20210318,14,03310,2
20210318,14,03311,2
20210318,15,02111,4
20210318,15,02112,1
20210318,15,02116,1
20210318,15,02122,1
20210318,15,02129,2
20210318,15,02139,2
20210318,15,02143,1
20210318,15,02148,2
20210318,15,02159,1
20210318,15,02171,4
20210318,15,02172,3
20210318,15,02178,1
20210318,15,02198,1
20210318,15,02199,1
20210318,15,03310,1
20210318,15,03311,1
20210318,16,02112,2
20210318,16,02116,1
20210318,16,02128,2
20210318,16,02129,1
20210318,16,02148,3
20210318,16,02171,3
20210318,16,02178,2
20210318,16,02179,2
20210318,16,02185,3
20210318,16,02198,1
20210318,16,02199,2
20210318,16,03310,3
20210318,16,03311,3
20210318,17,02111,3
20210318,17,02112,4
20210318,17,02116,2
20210318,17,02128,2
20210318,17,02129,2
20210318,17,02139,1
20210318,17,02143,3
20210318,17,02148,5
20210318,17,02159,2
20210318,17,02171,4
20210318,17,02172,1
20210318,17,02178,1
20210318,17,02179,4
20210318,17,02185,4
20210318,17,02198,1
20210318,17,02199,1
20210318,17,03310,3
20210318,17,03311,4
20210318,18,02111,3
20210318,18,02112,3
20210318,18,02116,1
20210318,18,02122,3
20210318,18,02129,3
20210318,18,02130,1
20210318,18,02148,2
20210318,18,02159,2
20210318,18,02171,2
20210318,18,02172,2
20210318,18,02178,2
20210318,18,02179,4
20210318,18,02186,3
20210318,18,02191,1
20210318,18,02198,2
20210318,19,02111,1
20210318,19,02112,1
20210318,19,02116,2
20210318,19,02122,3
20210318,19,02128,2
20210318,19,02143,1
20210318,19,02171,11
20210318,19,02178,2
20210318,19,02179,3
20210318,19,02185,1
20210318,19,02186,3
20210318,19,02191,5
20210318,19,02199,1
20210318,19,03311,1
20210318,2,02171,1
20210318,2,02198,1
20210318,20,02111,3
20210318,20,02112,6
20210318,20,02116,2
20210318,20,02122,1
20210318,20,02128,2
20210318,20,02139,1
20210318,20,02143,1
20210318,20,02148,3
20210318,20,02159,1
20210318,20,02171,11
20210318,20,02178,1
20210318,20,02179,3
20210318,20,02186,1
20210318,20,03802,3
20210318,21,02111,5
20210318,21,02112,4
20210318,21,02122,1
20210318,21,02128,1
20210318,21,02143,2
20210318,21,02148,1
20210318,21,02159,3
20210318,21,02172,1
20210318,21,02178,1
20210318,21,02179,5
20210318,21,02185,5
20210318,21,02198,1
20210318,21,02199,2
20210318,21,03311,3
20210318,22,02111,2
20210318,22,02116,1
20210318,22,02122,1
20210318,22,02128,2
20210318,22,02129,1
20210318,22,02139,1
20210318,22,02148,4
20210318,22,02171,2
20210318,22,02178,2
20210318,22,02179,4
20210318,22,02185,3
20210318,22,02186,2
20210318,22,02191,2
20210318,22,02198,1
20210318,22,03311,1
20210318,23,02112,4
20210318,23,02143,1
20210318,23,02159,1
20210318,23,02171,4
20210318,23,02178,1
20210318,23,02185,4
20210318,23,02191,1
20210318,23,02198,2
20210318,23,03802,2
20210318,4,02129,1
20210318,4,02143,1
20210318,4,02148,1
20210318,5,02112,1
20210318,5,02122,1
20210318,5,02139,2
20210318,5,02198,1
20210318,6,02112,1
20210318,6,02128,2
20210318,6,02139,1
20210318,6,02179,1
20210318,6,02185,2
20210318,6,02186,3
20210318,7,02112,1
20210318,7,02122,1
20210318,7,02128,1
20210318,7,02139,2
20210318,7,02159,2
20210318,7,02171,4
20210318,7,02179,1
20210318,7,02185,3
20210318,7,02186,2
20210318,7,02191,4
20210318,8,02111,2
20210318,8,02112,1
20210318,8,02116,1
20210318,8,02122,1
20210318,8,02129,2
20210318,8,02139,3
20210318,8,02148,2
20210318,8,02159,1
20210318,8,02171,4
20210318,8,02172,2
20210318,8,02179,2
20210318,8,02185,4
20210318,8,02186,1
20210318,8,02191,2
20210318,8,02198,1
20210318,8,03311,3
20210318,8,03802,2
20210318,9,02111,1
20210318,9,02112,1
20210318,9,02116,1
20210318,9,02122,2
20210318,9,02129,2
20210318,9,02148,1
20210318,9,02159,2
20210318,9,02171,1
20210318,9,02179,2
20210318,9,02185,2
20210318,9,02199,1
20210318,9,03310,2
20210318,9,03311,1
20210319,0,02112,1
20210319,0,02116,2
20210319,0,02122,2
20210319,0,02128,3
20210319,0,02139,1
20210319,0,02143,2
20210319,0,02148,2
20210319,0,02159,2
20210319,0,02171,1
20210319,0,02172,1
20210319,0,02179,3
20210319,0,02185,4
20210319,0,02199,1
20210319,0,03311,1
20210319,1,02112,2
20210319,1,02139,1
20210319,1,02143,2
20210319,1,02172,1
20210319,1,02178,1
20210319,1,02179,1
20210319,1,02185,1
20210319,1,02186,1
20210319,1,02198,1
20210319,10,02111,3
20210319,10,02143,1
20210319,10,02171,1
20210319,10,02178,1
20210319,10,02179,2
20210319,10,02185,1
20210319,10,03311,2
20210319,11,02111,2
20210319,11,02129,2
20210319,11,02130,1
20210319,11,02139,1
20210319,11,02148,3
20210319,11,02159,1
20210319,11,02171,4
20210319,11,02172,2
20210319,11,02178,2
20210319,11,02186,3
20210319,11,02191,3
20210319,11,02198,1
20210319,11,02199,1
20210319,11,03310,1
20210319,11,03311,1
20210319,12,02111,3
20210319,12,02112,1
20210319,12,02128,1
20210319,12,02129,2
20210319,12,02139,1
20210319,12,02148,2
20210319,12,02159,2
20210319,12,02171,7
20210319,12,02172,1
20210319,12,02178,1
20210319,12,02179,4
20210319,12,02185,1
20210319,12,02191,1
20210319,12,02198,1
20210319,12,03310,1
20210319,12,03311,1
20210319,13,02116,2
20210319,13,02122,6
20210319,13,02128,1
20210319,13,02129,1
20210319,13,02139,3
20210319,13,02143,1
20210319,13,02148,4
20210319,13,02159,1
20210319,13,02171,5
20210319,13,02179,1
20210319,13,02191,3
20210319,13,02198,3
20210319,13,03310,2
20210319,13,03311,1
20210319,14,02111,3
20210319,14,02112,1
20210319,14,02116,4
20210319,14,02122,5
20210319,14,02130,2
20210319,14,02143,1
20210319,14,02148,1
20210319,14,02159,2
20210319,14,02171,6
20210319,14,02172,2
20210319,14,02179,1
20210319,14,02185,1
20210319,14,02186,1
20210319,14,03311,2
20210319,15,02111,2
20210319,15,02112,2
20210319,15,02116,2
20210319,15,02122,1
20210319,15,02128,2
20210319,15,02129,5
20210319,15,02148,5
20210319,15,02159,2
20210319,15,02171,6
20210319,15,02178,2
20210319,15,02179,2
20210319,15,02191,1
20210319,15,02198,1
20210319,15,03311,3
20210319,15,03802,1
20210319,16,02111,1
20210319,16,02112,2
20210319,16,02116,3
20210319,16,02128,2
20210319,16,02129,1
20210319,16,02130,4
20210319,16,02139,1
20210319,16,02148,1
20210319,16,02159,1
20210319,16,02172,2
20210319,16,02178,3
20210319,16,02179,3
20210319,16,02185,2
20210319,16,02186,1
20210319,16,02191,2
20210319,16,02198,3
20210319,16,03310,4
20210319,16,03802,1
20210319,17,02111,4
20210319,17,02112,5
20210319,17,02116,1
20210319,17,02122,3
20210319,17,02128,3
20210319,17,02129,1
20210319,17,02139,1
20210319,17,02143,1
20210319,17,02148,4
20210319,17,02159,1
20210319,17,02171,4
20210319,17,02172,2
20210319,17,02178,2
20210319,17,02179,5
20210319,17,02186,1
20210319,17,02191,1
20210319,17,03310,1
20210319,18,02111,10
20210319,18,02112,4
20210319,18,02116,6
20210319,18,02122,2
20210319,18,02128,3
20210319,18,02129,1
20210319,18,02130,1
20210319,18,02143,2
20210319,18,02148,5
20210319,18,02159,1
20210319,18,02171,8
20210319,18,02178,3
20210319,18,02179,3
20210319,18,02185,2
20210319,18,02186,3
20210319,18,02191,2
20210319,18,02198,2
20210319,18,03310,2
20210319,18,03311,1
20210319,19,02111,3
20210319,19,02112,3
20210319,19,02116,5
20210319,19,02122,2
20210319,19,02128,1
20210319,19,02129,1
20210319,19,02130,1
20210319,19,02139,1
20210319,19,02148,2
20210319,19,02159,2
20210319,19,02171,6
20210319,19,02178,2
20210319,19,02179,6
20210319,19,02185,2
20210319,19,02191,2
20210319,19,02198,3
20210319,19,03310,1
20210319,2,02111,1
20210319,2,02112,1
20210319,2,02122,1
20210319,2,02171,1
20210319,2,02185,1
20210319,2,02186,1
20210319,2,02198,1
20210319,20,02111,5
20210319,20,02112,4
20210319,20,02116,5
20210319,20,02122,2
20210319,20,02139,1
20210319,20,02148,1
20210319,20,02159,2
20210319,20,02171,1
20210319,20,02178,1
20210319,20,02179,1
20210319,20,02185,2
20210319,20,02186,2
20210319,20,02191,1
20210319,20,02198,5
20210319,20,02199,1
20210319,21,02111,2
20210319,21,02116,5
20210319,21,02122,3
20210319,21,02128,4
20210319,21,02129,2
20210319,21,02130,1
20210319,21,02139,2
20210319,21,02148,1
20210319,21,02159,3
20210319,21,02171,1
20210319,21,02172,1
20210319,21,02178,2
20210319,21,02179,4
20210319,21,02191,1
20210319,22,02111,2
20210319,22,02112,4
20210319,22,02122,1
20210319,22,02128,4
20210319,22,02129,2
20210319,22,02139,2
20210319,22,02143,1
20210319,22,02148,2
20210319,22,02159,2
20210319,22,02171,1
20210319,22,02172,1
20210319,22,02178,1
20210319,22,02179,5
20210319,22,02185,1
20210319,22,02186,2
20210319,22,02191,1
20210319,22,02198,3
20210319,22,02199,1
20210319,22,03310,3
20210319,22,03311,1
20210319,23,02112,3
20210319,23,02116,4
20210319,23,02122,2
20210319,23,02128,1
20210319,23,02143,1
20210319,23,02148,2
20210319,23,02159,1
20210319,23,02171,3
20210319,23,02172,1
20210319,23,02178,1
20210319,23,02179,2
20210319,23,02185,3
20210319,23,02191,2
20210319,23,03310,2
20210319,3,02148,1
20210319,4,02111,1
20210319,4,02122,2
20210319,4,02143,1
20210319,4,02191,1
20210319,5,02112,1
20210319,5,02139,1
20210319,5,03311,1
20210319,6,02111,1
20210319,6,02116,1
20210319,6,02122,1
20210319,6,02143,1
20210319,6,02179,1
20210319,6,02185,1
20210319,7,02122,1
20210319,7,02139,4
20210319,7,02143,1
20210319,7,02159,1
20210319,7,02171,3
20210319,7,02179,1
20210319,7,02185,2
20210319,7,02191,4
20210319,7,03310,1
20210319,8,02116,1
20210319,8,02128,1
20210319,8,02148,3
20210319,8,02159,1
20210319,8,02171,2
20210319,8,02179,3
20210319,8,02185,3
20210319,8,02186,1
20210319,8,02191,3
20210319,8,02198,1
20210319,8,03311,4
20210319,9,02111,2
20210319,9,02112,1
20210319,9,02143,2
20210319,9,02171,1
20210319,9,02179,1
20210319,9,02185,2
20210319,9,02186,1
20210319,9,02198,1
20210319,9,02199,1
20210319,9,03311,1
20210320,0,02111,2
20210320,0,02112,2
20210320,0,02116,2
20210320,0,02128,1
20210320,0,02171,3
20210320,0,02179,3
20210320,0,02185,1
20210320,0,02198,2
20210320,1,02111,1
20210320,1,02112,1
20210320,1,02116,1
20210320,1,02128,1
20210320,1,02148,1
20210320,1,02179,2
20210320,1,02185,1
20210320,1,02186,1
20210320,11,02179,1
20210320,12,02186,1
20210320,13,02159,1
20210320,13,02198,1
20210320,13,03310,1
20210320,15,02148,1
20210320,15,02171,1
20210320,15,02179,1
20210320,15,02186,1
20210320,15,02191,1
20210320,15,02198,1
20210320,16,02111,1
20210320,16,02116,1
20210320,16,02122,2
20210320,16,02139,1
20210320,16,02171,3
20210320,16,02172,1
20210320,16,02185,1
20210320,16,03310,1
20210320,17,02128,1
20210320,17,02143,1
20210320,17,02148,2
20210320,17,02171,1
20210320,17,02172,1
20210320,17,02178,1
20210320,17,02185,4
20210320,17,02186,1
20210320,17,02191,1
20210320,17,03310,2
20210320,17,03311,1
20210320,18,02143,1
20210320,2,02111,1
20210320,2,02112,4
20210320,2,02122,1
20210320,2,02148,3
20210320,2,02171,2
20210320,2,02186,1
20210320,2,02191,1
20210320,2,02198,2
20210320,20,02112,1
20210320,20,02116,1
20210320,20,02122,1
20210320,20,02171,1
20210320,20,03310,1
20210320,21,02112,1
20210320,21,02122,1
20210320,21,02128,1
20210320,21,02148,1
20210320,21,02171,1
20210320,21,02198,1
20210320,21,03311,1
20210320,22,02128,1
20210320,22,02139,1
20210320,22,02171,1
20210320,22,02178,1
20210320,22,02179,1
20210320,22,02191,2
20210320,22,02198,1
20210320,22,03311,3
20210320,23,02111,1
20210320,23,02112,3
20210320,23,02116,3
20210320,23,02128,2
20210320,23,02159,1
20210320,23,02171,2
20210320,23,02172,1
20210320,23,02178,1
20210320,23,02179,1
20210320,23,02186,3
20210320,23,02198,2
20210320,23,03310,2
20210320,3,02129,1
20210320,3,02139,2
20210320,4,02128,1
20210320,4,02143,1
20210320,4,02148,2
20210320,4,02159,5
20210320,5,02112,1
20210320,5,02139,1
20210320,5,02191,1
20210320,6,02179,1
20210320,6,02186,1
20210320,6,02191,1
20210320,7,02185,1
20210320,7,02186,1
20210320,7,03311,1
20210320,8,02185,1
20210320,9,02186,1
20210321,0,02112,1
20210321,0,02116,1
20210321,0,02139,1
20210321,0,02186,1
20210321,0,02191,1
20210321,1,02111,2
20210321,1,02112,2
20210321,1,02128,1
20210321,1,02143,1
20210321,1,02148,1
20210321,1,02171,1
20210321,1,02179,3
20210321,1,02186,1
20210321,1,02191,1
20210321,10,02111,1
20210321,10,02116,1
20210321,10,02139,2
20210321,10,02148,1
20210321,10,02178,1
20210321,10,02179,1
20210321,10,02185,2
20210321,10,02191,5
20210321,10,02198,1
20210321,10,03310,2
20210321,11,02111,1
20210321,11,02112,1
20210321,11,02116,1
20210321,11,02122,2
20210321,11,02171,2
20210321,11,02172,2
20210321,11,02179,1
20210321,11,02185,2
20210321,11,02186,1
20210321,11,02191,2
20210321,11,02198,1
20210321,11,03310,2
20210321,11,03802,1
20210321,12,02111,1
20210321,12,02112,5
20210321,12,02122,3
20210321,12,02128,1
20210321,12,02130,1
20210321,12,02159,3
20210321,12,02171,4
20210321,12,02172,1
20210321,12,02185,1
20210321,12,02198,1
20210321,12,03310,1
20210321,13,02112,1
20210321,13,02116,2
20210321,13,02122,3
20210321,13,02128,3
20210321,13,02130,1
20210321,13,02139,2
20210321,13,02143,1
20210321,13,02148,2
20210321,13,02159,1
20210321,13,02171,2
20210321,13,02178,3
20210321,13,02185,2
20210321,13,02186,1
20210321,13,02191,1
20210321,13,03802,3
20210321,14,02111,4
20210321,14,02112,5
20210321,14,02128,2
20210321,14,02130,4
20210321,14,02139,3
20210321,14,02143,1
20210321,14,02159,1
20210321,14,02171,1
20210321,14,02172,1
20210321,14,02178,5
20210321,14,02179,7
20210321,14,02186,1
20210321,14,02191,1
20210321,14,03311,1
20210321,14,03802,1
20210321,15,02111,2
20210321,15,02112,5
20210321,15,02122,2
20210321,15,02128,2
20210321,15,02130,5
20210321,15,02139,2
20210321,15,02148,2
20210321,15,02159,1
20210321,15,02171,7
20210321,15,02172,2
20210321,15,02178,4
20210321,15,02179,1
20210321,15,02185,3
20210321,15,02186,1
20210321,15,02191,1
20210321,15,02198,5
20210321,15,03311,4
20210321,15,03802,1
20210321,16,02111,2
20210321,16,02112,2
20210321,16,02116,1
20210321,16,02122,1
20210321,16,02128,3
20210321,16,02129,2
20210321,16,02139,1
20210321,16,02143,1
20210321,16,02148,3
20210321,16,02159,3
20210321,16,02172,3
20210321,16,02179,4
20210321,16,02185,1
20210321,16,02198,5
20210321,17,02111,1
20210321,17,02112,2
20210321,17,02122,4
20210321,17,02128,1
20210321,17,02129,4
20210321,17,02139,1
20210321,17,02143,1
20210321,17,02148,2
20210321,17,02159,1
20210321,17,02171,2
20210321,17,02172,1
20210321,17,02178,2
20210321,17,02179,2
20210321,17,02185,4
20210321,17,02186,1
20210321,17,02191,4
20210321,17,03311,1
20210321,18,02116,2
20210321,18,02122,1
20210321,18,02128,2
20210321,18,02129,1
20210321,18,02143,1
20210321,18,02148,1
20210321,18,02159,2
20210321,18,02171,4
20210321,18,02179,2
20210321,18,02191,2
20210321,18,02198,1
20210321,18,03802,1
20210321,19,02111,3
20210321,19,02112,1
20210321,19,02116,2
20210321,19,02129,1
20210321,19,02148,4
20210321,19,02171,2
20210321,19,02178,1
20210321,19,02179,2
20210321,19,03311,1
20210321,2,02130,1
20210321,2,02139,1
20210321,2,02148,1
20210321,2,02185,1
20210321,2,02186,1
20210321,2,02198,1
20210321,20,02111,1
20210321,20,02112,1
20210321,20,02122,1
20210321,20,02130,1
20210321,20,02143,1
20210321,20,02171,2
20210321,20,02178,2
20210321,20,02179,1
20210321,20,02191,1
20210321,21,02112,1
20210321,21,02122,1
20210321,21,02171,4
20210321,21,02178,2
20210321,21,02179,4
20210321,21,02185,1
20210321,21,02191,1
20210321,22,02111,5
20210321,22,02112,1
20210321,22,02116,1
20210321,22,02122,3
20210321,22,02129,1
20210321,22,02148,1
20210321,22,02159,1
20210321,22,02171,2
20210321,22,02179,2
20210321,22,02198,1
20210321,22,03311,1
20210321,23,02139,1
20210321,23,02143,1
20210321,23,02171,1
20210321,23,02178,1
20210321,3,02111,2
20210321,3,02139,1
20210321,3,02143,1
20210321,3,02179,1
20210321,3,02198,1
20210321,4,02143,1
20210321,4,03310,1
20210321,5,02129,1
20210321,5,02191,1
20210321,7,02191,1
20210321,7,03310,1
20210321,8,02128,1
20210321,8,02171,1
20210321,8,02185,1
20210321,9,02130,1
20210321,9,02139,1
20210321,9,02159,1
20210321,9,03310,1
20210321,9,03802,2
20210322,0,02112,3
20210322,0,02116,1
20210322,0,02128,1
20210322,0,02171,1
20210322,0,02178,1
20210322,1,02111,1
20210322,1,02148,1
20210322,10,02111,1
20210322,10,02128,1
20210322,10,02139,1
20210322,10,02143,2
20210322,10,02148,3
20210322,10,02171,1
20210322,10,02178,1
20210322,10,02179,1
20210322,10,02185,1
20210322,10,03311,1
20210322,11,02111,4
20210322,11,02112,1
20210322,11,02122,1
20210322,11,02128,3
20210322,11,02129,1
20210322,11,02139,2
20210322,11,02148,1
20210322,11,02179,1
20210322,11,02191,1
20210322,11,02198,1
20210322,11,02199,1
20210322,11,03311,1
20210322,12,02111,3
20210322,12,02112,4
20210322,12,02116,1
20210322,12,02122,1
20210322,12,02128,1
20210322,12,02129,2
20210322,12,02148,1
20210322,12,02159,1
20210322,12,02171,5
20210322,12,02172,1
20210322,12,02178,2
20210322,12,02179,6
20210322,12,02185,1
20210322,12,02198,1
20210322,12,03311,1
20210322,12,03802,1
20210322,13,02112,1
20210322,13,02116,2
20210322,13,02128,1
20210322,13,02129,1
20210322,13,02130,2
20210322,13,02139,2
20210322,13,02143,2
20210322,13,02148,1
20210322,13,02159,1
20210322,13,02171,1
20210322,13,02172,1
20210322,13,02191,2
20210322,13,02198,1
20210322,13,02199,2
20210322,14,02111,1
20210322,14,02112,2
20210322,14,02116,3
20210322,14,02122,2
20210322,14,02128,1
20210322,14,02129,3
20210322,14,02148,1
20210322,14,02171,2
20210322,14,02172,1
20210322,14,02179,4
20210322,14,02186,1
20210322,14,02191,1
20210322,14,02198,1
20210322,14,03310,2
20210322,14,03311,1
20210322,14,03802,1
20210322,15,02111,1
20210322,15,02112,2
20210322,15,02116,3
20210322,15,02122,2
20210322,15,02128,1
20210322,15,02129,1
20210322,15,02139,1
20210322,15,02148,1
20210322,15,02159,1
20210322,15,02171,2
20210322,15,02172,2
20210322,15,02178,1
20210322,15,02179,5
20210322,15,02185,1
20210322,15,02186,2
20210322,15,02191,1
20210322,15,02198,1
20210322,15,02199,2
20210322,15,03310,1
20210322,15,03311,2
20210322,16,02111,1
20210322,16,02112,3
20210322,16,02116,4
20210322,16,02122,2
20210322,16,02128,2
20210322,16,02129,2
20210322,16,02148,2
20210322,16,02159,3
20210322,16,02171,3
20210322,16,02172,2
20210322,16,02178,2
20210322,16,02179,3
20210322,16,02185,1
20210322,16,02186,1
20210322,16,02191,1
20210322,16,02198,4
20210322,16,03310,2
20210322,16,03311,1
20210322,16,03802,1
20210322,17,02111,3
20210322,17,02112,3
20210322,17,02122,2
20210322,17,02128,2
20210322,17,02129,4
20210322,17,02139,2
20210322,17,02148,2
20210322,17,02159,2
20210322,17,02171,3
20210322,17,02178,3
20210322,17,02179,4
20210322,17,02185,2
20210322,17,02186,1
20210322,17,02198,3
20210322,17,02199,1
20210322,17,03310,2
20210322,17,03311,3
20210322,18,02111,3
20210322,18,02112,4
20210322,18,02116,3
20210322,18,02122,4
20210322,18,02128,4
20210322,18,02139,1
20210322,18,02148,3
20210322,18,02171,10
20210322,18,02178,1
20210322,18,02179,3
20210322,18,02185,5
20210322,18,02186,3
20210322,18,02191,3
20210322,18,02198,1
20210322,18,03311,2
20210322,19,02111,5
20210322,19,02112,1
20210322,19,02116,1
20210322,19,02122,1
20210322,19,02128,2
20210322,19,02130,1
20210322,19,02139,1
20210322,19,02143,1
20210322,19,02148,2
20210322,19,02159,4
20210322,19,02171,2
20210322,19,02172,1
20210322,19,02178,1
20210322,19,02179,6
20210322,19,02185,5
20210322,19,02186,2
20210322,19,02198,3
20210322,19,02199,1
20210322,19,03310,1
20210322,19,03311,2
20210322,2,02159,1
20210322,2,02185,1
20210322,2,02199,1
20210322,20,02111,1
20210322,20,02112,2
20210322,20,02122,4
20210322,20,02128,1
20210322,20,02143,2
20210322,20,02148,3
20210322,20,02159,1
20210322,20,02171,3
20210322,20,02178,4
20210322,20,02179,4
20210322,20,02186,1
20210322,20,02191,3
20210322,20,02198,1
20210322,21,02111,4
20210322,21,02112,3
20210322,21,02116,3
20210322,21,02122,1
20210322,21,02128,1
20210322,21,02129,1
20210322,21,02130,3
20210322,21,02139,1
20210322,21,02148,3
20210322,21,02159,1
20210322,21,02171,1
20210322,21,02178,1
20210322,21,02179,2
20210322,21,02186,2
20210322,21,02191,2
20210322,21,03311,3
20210322,22,02111,2
20210322,22,02112,1
20210322,22,02116,4
20210322,22,02122,3
20210322,22,02128,1
20210322,22,02129,1
20210322,22,02130,1
20210322,22,02148,1
20210322,22,02171,5
20210322,22,02178,2
20210322,22,02179,4
20210322,22,02185,2
20210322,22,02186,3
20210322,22,02191,3
20210322,22,02198,2
20210322,23,02111,2
20210322,23,02128,1
20210322,23,02159,1
20210322,23,02171,3
20210322,23,02178,1
20210322,23,02179,1
20210322,23,02185,1
20210322,23,02186,1
20210322,23,02198,2
20210322,23,03310,1
20210322,3,02171,1
20210322,4,02112,1
20210322,4,02172,1
20210322,5,02112,1
20210322,5,02128,1
20210322,5,02139,1
20210322,5,03311,1
20210322,6,02143,1
20210322,6,02159,1
20210322,6,02185,1
20210322,6,02186,2
20210322,6,02191,2
20210322,6,02198,1
20210322,7,02122,1
20210322,7,02128,1
20210322,7,02139,3
20210322,7,02143,2
20210322,7,02159,1
20210322,7,02171,2
20210322,7,02185,1
20210322,7,02191,4
20210322,7,02198,1
20210322,7,03311,1
20210322,8,02111,2
20210322,8,02112,1
20210322,8,02116,2
20210322,8,02122,2
20210322,8,02128,1
20210322,8,02129,2
20210322,8,02139,1
20210322,8,02143,2
20210322,8,02148,1
20210322,8,02159,1
20210322,8,02178,1
20210322,8,02179,3
20210322,8,02185,3
20210322,8,02186,2
20210322,8,02191,6
20210322,8,02198,1
20210322,8,03311,2
20210322,9,02112,2
20210322,9,02128,2
20210322,9,02139,3
20210322,9,02148,1
20210322,9,02179,1
20210322,9,02185,3
20210322,9,02186,1
20210322,9,03802,2
20210323,0,02112,2
20210323,0,02122,1
20210323,0,02139,1
20210323,0,02148,2
20210323,0,02171,2
20210323,0,02172,1
20210323,0,02179,4
20210323,0,02186,1
20210323,0,02198,2
20210323,1,02111,1
20210323,1,02122,1
20210323,1,02172,1
20210323,10,02111,2
20210323,10,02128,2
20210323,10,02171,1
20210323,10,02172,2
20210323,10,02179,1
20210323,10,02185,3
20210323,10,02186,1
20210323,10,02198,1
20210323,10,02199,1
20210323,10,03310,1
20210323,10,03311,1
20210323,11,02111,1
20210323,11,02116,1
20210323,11,02128,1
20210323,11,02129,2
20210323,11,02130,2
20210323,11,02159,2
20210323,11,02172,2
20210323,11,02179,1
20210323,11,02185,1
20210323,11,02191,1
20210323,11,02198,2
20210323,11,03310,1
20210323,12,02111,2
20210323,12,02112,1
20210323,12,02139,2
20210323,12,02159,1
20210323,12,02171,3
20210323,12,02172,1
20210323,12,02178,1
20210323,12,02179,2
20210323,12,02185,4
20210323,12,02191,6
20210323,12,03311,1
20210323,13,02111,2
20210323,13,02112,4
20210323,13,02122,2
20210323,13,02128,3
20210323,13,02130,2
20210323,13,02139,1
20210323,13,02148,2
20210323,13,02159,1
20210323,13,02171,5
20210323,13,02172,1
20210323,13,02178,1
20210323,13,02179,3
20210323,13,02185,1
20210323,13,02191,1
20210323,13,02198,1
20210323,13,03311,1
20210323,13,03802,2
20210323,14,02111,1
20210323,14,02112,2
20210323,14,02116,1
20210323,14,02122,1
20210323,14,02128,2
20210323,14,02139,2
20210323,14,02148,1
20210323,14,02171,4
20210323,14,02172,1
20210323,14,02179,4
20210323,14,02198,2
20210323,14,03311,3
20210323,14,03802,1
20210323,15,02111,1
20210323,15,02112,2
20210323,15,02116,2
20210323,15,02122,1
20210323,15,02128,3
20210323,15,02139,1
20210323,15,02148,2
20210323,15,02159,1
20210323,15,02171,6
20210323,15,02172,3
20210323,15,02178,4
20210323,15,02179,1
20210323,15,02185,2
20210323,15,02191,1
20210323,15,02198,1
20210323,15,03311,4
20210323,16,02111,3
20210323,16,02112,2
20210323,16,02116,3
20210323,16,02128,2
20210323,16,02129,1
20210323,16,02139,3
20210323,16,02148,4
20210323,16,02159,1
20210323,16,02171,2
20210323,16,02172,4
20210323,16,02178,1
20210323,16,02179,6
20210323,16,02185,2
20210323,16,03310,4
20210323,16,03311,2
20210323,17,02111,4
20210323,17,02112,1
20210323,17,02116,1
20210323,17,02122,2
20210323,17,02128,4
20210323,17,02129,2
20210323,17,02130,1
20210323,17,02148,4
20210323,17,02171,5
20210323,17,02172,2
20210323,17,02179,4
20210323,17,02185,3
20210323,17,02186,2
20210323,17,02191,3
20210323,17,03310,1
20210323,17,03311,2
20210323,18,02111,2
20210323,18,02112,1
20210323,18,02116,1
20210323,18,02122,1
20210323,18,02128,1
20210323,18,02130,4
20210323,18,02139,3
20210323,18,02143,1
20210323,18,02148,4
20210323,18,02159,4
20210323,18,02171,10
20210323,18,02172,3
20210323,18,02179,5
20210323,18,02185,3
20210323,18,02186,2
20210323,18,02198,1
20210323,18,03311,2
20210323,19,02111,4
20210323,19,02112,5
20210323,19,02116,2
20210323,19,02122,1
20210323,19,02128,5
20210323,19,02129,1
20210323,19,02139,4
20210323,19,02159,3
20210323,19,02171,8
20210323,19,02179,1
20210323,19,02185,2
20210323,19,02186,3
20210323,19,02198,2
20210323,19,02199,1
20210323,19,03310,2
20210323,2,02111,1
20210323,2,02122,1
20210323,2,02128,2
20210323,2,02171,1
20210323,2,02179,1
20210323,20,02111,3
20210323,20,02116,1
20210323,20,02122,1
20210323,20,02139,1
20210323,20,02148,4
20210323,20,02171,4
20210323,20,02172,1
20210323,20,02178,1
20210323,20,02179,2
20210323,20,02185,3
20210323,20,02186,3
20210323,20,02191,2
20210323,20,02198,2
20210323,20,03310,1
20210323,20,03802,1
20210323,21,02111,4
20210323,21,02112,1
20210323,21,02116,4
20210323,21,02122,1
20210323,21,02129,1
20210323,21,02130,4
20210323,21,02139,1
20210323,21,02171,6
20210323,21,02178,6
20210323,21,02179,5
20210323,21,02186,2
20210323,21,02191,3
20210323,21,03310,1
20210323,21,03311,1
20210323,21,03802,1
20210323,22,02111,4
20210323,22,02112,2
20210323,22,02116,5
20210323,22,02122,2
20210323,22,02128,4
20210323,22,02130,2
20210323,22,02139,1
20210323,22,02143,2
20210323,22,02148,4
20210323,22,02159,1
20210323,22,02171,4
20210323,22,02172,1
20210323,22,02178,5
20210323,22,02179,3
20210323,22,02185,2
20210323,22,02186,2
20210323,22,02191,2
20210323,22,02198,1
20210323,22,03311,1
20210323,23,02111,2
20210323,23,02112,1
20210323,23,02128,2
20210323,23,02130,1
20210323,23,02143,2
20210323,23,02148,1
20210323,23,02178,3
20210323,23,02179,2
20210323,23,02185,3
20210323,23,02191,1
20210323,23,02198,1
20210323,23,03310,1
20210323,3,02139,1
20210323,3,02171,1
20210323,3,02179,2
20210323,4,02171,1
20210323,5,02112,1
20210323,5,02122,1
20210323,5,02186,1
20210323,5,02198,1
20210323,5,03310,1
20210323,6,02112,1
20210323,6,02116,1
20210323,6,02139,2
20210323,6,02143,1
20210323,6,02159,1
20210323,6,02186,2
20210323,6,02191,1
20210323,7,02111,1
20210323,7,02122,2
20210323,7,02139,3
20210323,7,02171,1
20210323,7,02172,1
20210323,7,02185,1
20210323,7,02186,1
20210323,7,02191,2
20210323,7,02198,2
20210323,7,03310,3
20210323,7,03311,1
20210323,8,02111,1
20210323,8,02116,2
20210323,8,02122,1
20210323,8,02129,1
20210323,8,02143,1
20210323,8,02148,2
20210323,8,02178,1
20210323,8,02179,2
20210323,8,02185,6
20210323,8,02186,2
20210323,8,02191,3
20210323,8,03310,2
20210323,8,03311,2
20210323,9,02111,2
20210323,9,02112,1
20210323,9,02116,1
20210323,9,02122,1
20210323,9,02128,2
20210323,9,02143,1
20210323,9,02171,1
20210323,9,02172,1
20210323,9,02179,1
20210323,9,02185,2
20210323,9,02191,1
20210323,9,03310,3
20210323,9,03311,2
20210324,0,02112,4
20210324,0,02128,1
20210324,0,02139,2
20210324,0,02171,3
20210324,0,02178,1
20210324,0,02179,1
20210324,0,02186,2
20210324,0,02198,1
20210324,1,02112,1
20210324,1,02122,2
20210324,1,02128,1
20210324,1,02179,2
20210324,1,02191,1
20210324,10,02111,1
20210324,10,02122,1
20210324,10,02128,1
20210324,10,02139,1
20210324,10,02159,1
20210324,10,02171,3
20210324,10,02179,1
20210324,10,02185,1
20210324,10,02198,1
20210324,10,02199,2
20210324,10,03311,1
20210324,10,03802,1
20210324,11,02116,2
20210324,11,02122,1
20210324,11,02129,1
20210324,11,02139,1
20210324,11,02148,1
20210324,11,02171,1
20210324,11,02178,1
20210324,11,02179,2
20210324,11,02185,1
20210324,11,02191,1
20210324,11,03802,1
20210324,12,02111,4
20210324,12,02112,2
20210324,12,02116,1
20210324,12,02129,2
20210324,12,02130,1
20210324,12,02139,1
20210324,12,02148,3
20210324,12,02171,3
20210324,12,02172,1
20210324,12,02178,2
20210324,12,02179,5
20210324,12,02185,1
20210324,12,02186,1
20210324,12,02191,1
20210324,12,02198,1
20210324,13,02116,2
20210324,13,02122,2
20210324,13,02128,2
20210324,13,02129,1
20210324,13,02139,1
20210324,13,02148,3
20210324,13,02171,8
20210324,13,02172,1
20210324,13,02178,1
20210324,13,02179,3
20210324,13,02185,4
20210324,13,02186,2
20210324,13,02198,1
20210324,13,03311,4
20210324,14,02111,1
20210324,14,02112,1
20210324,14,02116,3
20210324,14,02122,1
20210324,14,02128,5
20210324,14,02148,2
20210324,14,02171,2
20210324,14,02172,1
20210324,14,02185,3
20210324,14,02191,2
20210324,14,02198,1
20210324,14,03802,1
20210324,15,02111,1
20210324,15,02112,1
20210324,15,02116,2
20210324,15,02128,1
20210324,15,02143,1
20210324,15,02148,2
20210324,15,02159,2
20210324,15,02171,7
20210324,15,02178,1
20210324,15,02179,2
20210324,15,02185,1
20210324,15,02191,2
20210324,15,02198,3
20210324,15,02199,2
20210324,15,03311,1
20210324,15,03802,1
20210324,16,02111,3
20210324,16,02112,2
20210324,16,02116,1
20210324,16,02122,2
20210324,16,02128,1
20210324,16,02129,2
20210324,16,02139,1
20210324,16,02148,2
20210324,16,02171,6
20210324,16,02172,1
20210324,16,02178,1
20210324,16,02179,1
20210324,16,02185,1
20210324,16,02186,3
20210324,16,02191,1
20210324,16,03310,3
20210324,16,03311,1
20210324,17,02111,5
20210324,17,02112,3
20210324,17,02116,2
20210324,17,02122,1
20210324,17,02128,4
20210324,17,02129,4
20210324,17,02139,4
20210324,17,02143,1
20210324,17,02148,2
20210324,17,02159,1
20210324,17,02171,7
20210324,17,02178,6
20210324,17,02179,3
20210324,17,02185,2
20210324,17,02186,1
20210324,17,02191,1
20210324,17,02198,1
20210324,17,03310,2
20210324,17,03311,2
20210324,18,02111,4
20210324,18,02112,7
20210324,18,02116,8
20210324,18,02122,2
20210324,18,02128,4
20210324,18,02139,7
20210324,18,02148,2
20210324,18,02159,3
20210324,18,02171,10
20210324,18,02172,5
20210324,18,02178,1
20210324,18,02179,6
20210324,18,02185,3
20210324,18,02186,3
20210324,18,02191,1
20210324,18,02198,3
20210324,18,03310,2
20210324,18,03311,2
20210324,18,03802,1
20210324,19,02111,3
20210324,19,02112,5
20210324,19,02116,2
20210324,19,02122,1
20210324,19,02128,2
20210324,19,02130,1
20210324,19,02148,1
20210324,19,02159,1
20210324,19,02171,8
20210324,19,02172,3
20210324,19,02179,2
20210324,19,02185,2
20210324,19,02186,3
20210324,19,02191,1
20210324,19,02198,2
20210324,19,02199,1
20210324,19,03310,1
20210324,19,03311,1
20210324,2,02111,1
20210324,2,02128,1
20210324,2,02159,1
20210324,20,02111,2
20210324,20,02112,4
20210324,20,02116,3
20210324,20,02122,3
20210324,20,02128,2
20210324,20,02139,1
20210324,20,02143,2
20210324,20,02148,3
20210324,20,02171,2
20210324,20,02178,1
20210324,20,02179,9
20210324,20,02185,3
20210324,20,02186,2
20210324,20,02198,1
20210324,20,03311,1
20210324,21,02111,5
20210324,21,02112,6
20210324,21,02116,6
20210324,21,02129,1
20210324,21,02130,1
20210324,21,02139,1
20210324,21,02143,1
20210324,21,02148,2
20210324,21,02171,4
20210324,21,02178,4
20210324,21,02179,2
20210324,21,02185,1
20210324,21,02186,1
20210324,21,02191,1
20210324,21,02199,1
20210324,21,03311,1
20210324,22,02111,4
20210324,22,02112,2
20210324,22,02116,4
20210324,22,02122,3
20210324,22,02128,1
20210324,22,02129,1
20210324,22,02139,6
20210324,22,02143,2
20210324,22,02148,4
20210324,22,02171,3
20210324,22,02172,1
20210324,22,02178,8
20210324,22,02179,3
20210324,22,02185,1
20210324,22,02186,1
20210324,22,02191,1
20210324,22,02198,1
20210324,22,03311,2
20210324,23,02111,1
20210324,23,02112,2
20210324,23,02116,2
20210324,23,02122,2
20210324,23,02128,2
20210324,23,02130,1
20210324,23,02143,1
20210324,23,02148,2
20210324,23,02171,2
20210324,23,02179,1
20210324,23,02186,1
20210324,23,02191,1
20210324,23,02198,3
20210324,23,03310,1
20210324,3,02129,1
20210324,3,02191,1
20210324,4,02191,2
20210324,5,02111,1
20210324,5,02116,1
20210324,5,02128,1
20210324,5,02198,1
20210324,5,03310,2
20210324,6,02116,1
20210324,6,02122,2
20210324,6,02139,2
20210324,6,02159,1
20210324,6,02185,1
20210324,6,02186,1
20210324,6,02191,1
20210324,7,02116,1
20210324,7,02128,2
20210324,7,02139,5
20210324,7,02148,1
20210324,7,02171,1
20210324,7,02172,1
20210324,7,02185,1
20210324,7,02186,2
20210324,7,03310,3
20210324,7,03311,1
20210324,8,02111,2
20210324,8,02112,4
20210324,8,02116,3
20210324,8,02122,1
20210324,8,02128,2
20210324,8,02129,2
20210324,8,02139,2
20210324,8,02143,2
20210324,8,02148,2
20210324,8,02171,3
20210324,8,02179,3
20210324,8,02185,4
20210324,8,02186,1
20210324,8,02191,3
20210324,8,03310,1
20210324,8,03311,1
20210324,9,02111,3
20210324,9,02112,1
20210324,9,02122,1
20210324,9,02128,1
20210324,9,02129,3
20210324,9,02139,3
20210324,9,02143,2
20210324,9,02179,2
20210324,9,02185,2
20210324,9,02198,1
20210324,9,03310,3
20210324,9,03311,1
20210324,9,03802,1
20210325,0,02111,1
20210325,0,02112,1
20210325,0,02116,1
20210325,0,02128,1
20210325,0,02171,3
20210325,0,02178,2
20210325,0,02179,2
20210325,0,02198,1
20210325,1,02111,1
20210325,1,02112,3
20210325,1,02139,2
20210325,1,02148,1
20210325,1,02172,1
20210325,1,02179,1
20210325,1,02185,1
20210325,10,02111,1
20210325,10,02116,1
20210325,10,02139,1
20210325,10,02143,1
20210325,10,02148,1
20210325,10,02171,2
20210325,10,02179,1
20210325,10,02185,1
20210325,10,02186,3
20210325,10,03310,1
20210325,10,03311,1
20210325,11,02111,1
20210325,11,02116,1
20210325,11,02128,2
20210325,11,02129,2
20210325,11,02139,3
20210325,11,02148,3
20210325,11,02159,1
20210325,11,02171,2
20210325,11,02172,1
20210325,11,02178,1
20210325,11,02179,2
20210325,11,02185,2
20210325,11,02186,1
20210325,11,03310,4
20210325,11,03802,1
20210325,12,02111,2
20210325,12,02112,1
20210325,12,02116,1
20210325,12,02128,1
20210325,12,02129,2
20210325,12,02139,1
20210325,12,02148,1
20210325,12,02171,2
20210325,12,02178,2
20210325,12,02179,5
20210325,12,02185,2
20210325,12,02186,3
20210325,12,02191,1
20210325,12,02198,1
20210325,12,03310,1
20210325,12,03311,1
20210325,13,02112,4
20210325,13,02116,4
20210325,13,02122,2
20210325,13,02128,2
20210325,13,02129,1
20210325,13,02139,2
20210325,13,02171,4
20210325,13,02172,2
20210325,13,02178,1
20210325,13,02185,2
20210325,13,02191,1
20210325,13,02199,1
20210325,13,03310,3
20210325,13,03311,2
20210325,14,02112,1
20210325,14,02116,3
20210325,14,02122,1
20210325,14,02128,2
20210325,14,02129,3
20210325,14,02139,2
20210325,14,02143,1
20210325,14,02148,4
20210325,14,02159,1
20210325,14,02171,3
20210325,14,02172,1
20210325,14,02178,1
20210325,14,02179,4
20210325,14,02185,2
20210325,14,02186,1
20210325,14,02191,1
20210325,14,02198,1
20210325,14,03311,2
20210325,15,02111,1
20210325,15,02116,1
20210325,15,02128,2
20210325,15,02129,1
20210325,15,02139,2
20210325,15,02148,4
20210325,15,02159,2
20210325,15,02171,2
20210325,15,02172,3
20210325,15,02185,3
20210325,15,02198,2
20210325,15,03310,1
20210325,15,03311,3
20210325,16,02112,7
20210325,16,02116,2
20210325,16,02128,1
20210325,16,02129,1
20210325,16,02139,2
20210325,16,02148,2
20210325,16,02171,5
20210325,16,02172,3
20210325,16,02178,4
20210325,16,02179,1
20210325,16,02185,2
20210325,16,02186,2
20210325,16,03310,2
20210325,16,03802,1
20210325,17,02111,1
20210325,17,02112,4
20210325,17,02116,3
20210325,17,02128,4
20210325,17,02129,2
20210325,17,02130,1
20210325,17,02139,6
20210325,17,02143,2
20210325,17,02148,3
20210325,17,02159,2
20210325,17,02171,3
20210325,17,02172,1
20210325,17,02178,3
20210325,17,02179,8
20210325,17,02185,4
20210325,17,02186,5
20210325,17,02198,1
20210325,17,03310,2
20210325,17,03311,6
20210325,18,02111,1
20210325,18,02112,3
20210325,18,02116,3
20210325,18,02122,3
20210325,18,02128,2
20210325,18,02129,3
20210325,18,02139,2
20210325,18,02148,7
20210325,18,02159,3
20210325,18,02171,7
20210325,18,02172,3
20210325,18,02179,7
20210325,18,02185,1
20210325,18,02186,1
20210325,18,02191,1
20210325,18,02198,2
20210325,18,03310,1
20210325,18,03311,3
20210325,19,02111,2
20210325,19,02112,3
20210325,19,02116,2
20210325,19,02122,2
20210325,19,02128,2
20210325,19,02129,3
20210325,19,02139,1
20210325,19,02148,1
20210325,19,02171,3
20210325,19,02172,3
20210325,19,02179,3
20210325,19,02185,3
20210325,19,02186,3
20210325,19,02191,1
20210325,19,02198,1
20210325,19,03311,1
20210325,2,02171,1
20210325,2,02179,1
20210325,2,02198,1
20210325,20,02111,2
20210325,20,02112,1
20210325,20,02116,2
20210325,20,02122,1
20210325,20,02128,2
20210325,20,02129,3
20210325,20,02139,1
20210325,20,02148,5
20210325,20,02159,1
20210325,20,02171,5
20210325,20,02179,2
20210325,20,02185,1
20210325,20,02191,1
20210325,20,02198,1
20210325,20,02199,3
20210325,20,03311,2
20210325,21,02111,1
20210325,21,02112,3
20210325,21,02116,2
20210325,21,02128,2
20210325,21,02129,1
20210325,21,02130,1
20210325,21,02143,1
20210325,21,02148,3
20210325,21,02171,7
20210325,21,02172,1
20210325,21,02178,1
20210325,21,02179,4
20210325,21,02185,2
20210325,21,02198,1
20210325,21,03310,1
20210325,21,03311,1
20210325,22,02111,8
20210325,22,02112,4
20210325,22,02116,1
20210325,22,02122,1
20210325,22,02128,1
20210325,22,02129,2
20210325,22,02139,3
20210325,22,02148,3
20210325,22,02159,1
20210325,22,02171,7
20210325,22,02179,2
20210325,22,02185,1
20210325,22,02186,4
20210325,22,02191,3
20210325,22,02198,1
20210325,23,02112,1
20210325,23,02122,2
20210325,23,02128,2
20210325,23,02171,3
20210325,23,02178,2
20210325,23,02179,2
20210325,23,02185,4
20210325,23,02191,1
20210325,23,02199,1
20210325,23,03310,1
20210325,23,03311,1
20210325,3,02112,1
20210325,3,02139,1
20210325,4,02143,1
20210325,5,02128,1
20210325,5,02179,1
20210325,5,02198,1
20210325,5,03310,2
20210325,6,02116,1
20210325,6,02139,3
20210325,6,02159,1
20210325,6,02185,2
20210325,6,02186,2
20210325,6,02191,1
20210325,7,02111,2
20210325,7,02112,1
20210325,7,02139,3
20210325,7,02159,1
20210325,7,02171,1
20210325,7,02191,2
20210325,7,03310,2
20210325,8,02111,3
20210325,8,02112,1
20210325,8,02116,3
20210325,8,02122,2
20210325,8,02129,2
20210325,8,02148,2
20210325,8,02159,1
20210325,8,02171,2
20210325,8,02172,1
20210325,8,02179,3
20210325,8,02185,3
20210325,8,02186,1
20210325,8,02191,3
20210325,8,02198,2
20210325,8,03310,3
20210325,8,03311,1
20210325,9,02111,3
20210325,9,02112,4
20210325,9,02122,1
20210325,9,02129,2
20210325,9,02139,2
20210325,9,02143,1
20210325,9,02148,1
20210325,9,02159,1
20210325,9,02171,2
20210325,9,02179,2
20210325,9,02185,5
20210325,9,02186,2
20210325,9,02191,1
20210325,9,02199,1
20210325,9,03310,2
20210325,9,03311,1
20210325,9,03802,1
20210326,0,02112,2
20210326,0,02116,1
20210326,0,02128,2
20210326,0,02171,2
20210326,0,02172,1
20210326,0,02179,4
20210326,0,02185,1
20210326,0,02198,1
20210326,1,02111,6
20210326,1,02112,1
20210326,1,02122,1
20210326,1,02139,1
20210326,1,02143,1
20210326,1,02148,1
20210326,1,02178,1
20210326,1,02191,1
20210326,1,02198,1
20210326,1,03311,1
20210326,10,02111,3
20210326,10,02116,1
20210326,10,02128,1
20210326,10,02129,1
20210326,10,02139,1
20210326,10,02143,1
20210326,10,02159,1
20210326,10,02171,1
20210326,10,02178,1
20210326,10,02185,1
20210326,10,02191,1
20210326,10,02199,1
20210326,10,03310,1
20210326,11,02112,1
20210326,11,02116,1
20210326,11,02128,1
20210326,11,02129,1
20210326,11,02130,2
20210326,11,02171,1
20210326,11,02172,2
20210326,11,02185,1
20210326,11,02198,2
20210326,11,03310,2
20210326,11,03311,1
20210326,11,03802,2
20210326,12,02111,4
20210326,12,02112,4
20210326,12,02116,1
20210326,12,02122,1
20210326,12,02128,2
20210326,12,02130,1
20210326,12,02139,2
20210326,12,02148,1
20210326,12,02159,3
20210326,12,02178,1
20210326,12,02179,4
20210326,12,02185,1
20210326,12,02191,1
20210326,12,02198,1
20210326,12,03310,1
20210326,13,02111,1
20210326,13,02116,2
20210326,13,02128,2
20210326,13,02129,1
20210326,13,02139,2
20210326,13,02148,2
20210326,13,02159,4
20210326,13,02171,4
20210326,13,02172,1
20210326,13,02178,1
20210326,13,02179,2
20210326,13,02185,1
20210326,13,02198,1
20210326,13,02199,1
20210326,13,03310,3
20210326,13,03311,2
20210326,14,02111,3
20210326,14,02122,1
20210326,14,02128,6
20210326,14,02129,3
20210326,14,02130,1
20210326,14,02148,1
20210326,14,02171,4
20210326,14,02172,2
20210326,14,02178,5
20210326,14,02179,2
20210326,14,02185,2
20210326,14,02191,2
20210326,14,02199,1
20210326,14,03310,3
20210326,14,03802,1
20210326,15,02111,1
20210326,15,02112,2
20210326,15,02116,3
20210326,15,02122,3
20210326,15,02129,2
20210326,15,02148,3
20210326,15,02159,1
20210326,15,02171,4
20210326,15,02178,3
20210326,15,02179,4
20210326,15,02185,4
20210326,15,02191,8
20210326,15,03310,1
20210326,15,03311,4
20210326,16,02112,2
20210326,16,02116,2
20210326,16,02128,1
20210326,16,02129,4
20210326,16,02139,1
20210326,16,02143,1
20210326,16,02148,3
20210326,16,02171,2
20210326,16,02172,2
20210326,16,02178,2
20210326,16,02179,5
20210326,16,02185,1
20210326,16,02186,1
20210326,16,02191,3
20210326,16,02198,2
20210326,16,02199,1
20210326,16,03310,2
20210326,17,02112,4
20210326,17,02122,5
20210326,17,02129,3
20210326,17,02130,2
20210326,17,02139,2
20210326,17,02143,2
20210326,17,02148,5
20210326,17,02159,2
20210326,17,02171,11
20210326,17,02172,3
20210326,17,02178,3
20210326,17,02179,1
20210326,17,02185,3
20210326,17,02198,1
20210326,17,03310,1
20210326,17,03311,1
20210326,18,02111,2
20210326,18,02112,3
20210326,18,02122,5
20210326,18,02128,2
20210326,18,02129,1
20210326,18,02130,5
20210326,18,02139,1
20210326,18,02143,2
20210326,18,02148,2
20210326,18,02159,3
20210326,18,02171,7
20210326,18,02178,3
20210326,18,02179,6
20210326,18,02185,2
20210326,18,02186,1
20210326,18,02191,1
20210326,18,02198,1
20210326,18,03311,1
20210326,19,02111,6
20210326,19,02112,2
20210326,19,02116,7
20210326,19,02122,5
20210326,19,02128,6
20210326,19,02139,2
20210326,19,02143,1
20210326,19,02148,2
20210326,19,02159,1
20210326,19,02171,10
20210326,19,02172,2
20210326,19,02178,1
20210326,19,02179,4
20210326,19,02185,1
20210326,19,02186,3
20210326,19,02198,1
20210326,19,03311,3
20210326,19,03802,1
20210326,2,02139,1
20210326,2,02171,2
20210326,2,02179,1
20210326,2,02185,1
20210326,2,02198,1
20210326,20,02111,1
20210326,20,02116,1
20210326,20,02128,2
20210326,20,02129,1
20210326,20,02139,2
20210326,20,02148,1
20210326,20,02159,2
20210326,20,02171,8
20210326,20,02178,1
20210326,20,02179,2
20210326,20,02185,1
20210326,20,02186,1
20210326,20,02191,2
20210326,20,02198,3
20210326,20,03311,4
20210326,21,02111,1
20210326,21,02112,1
20210326,21,02116,2
20210326,21,02122,3
20210326,21,02143,1
20210326,21,02148,3
20210326,21,02159,1
20210326,21,02171,3
20210326,21,02172,1
20210326,21,02178,3
20210326,21,02179,3
20210326,21,02185,1
20210326,21,02186,1
20210326,21,02191,1
20210326,21,02198,3
20210326,21,02199,1
20210326,21,03310,1
20210326,21,03311,2
20210326,22,02111,3
20210326,22,02112,2
20210326,22,02116,2
20210326,22,02122,1
20210326,22,02128,1
20210326,22,02129,1
20210326,22,02130,1
20210326,22,02139,1
20210326,22,02143,1
20210326,22,02148,1
20210326,22,02159,1
20210326,22,02171,4
20210326,22,02172,1
20210326,22,02179,3
20210326,22,02185,1
20210326,22,02186,2
20210326,22,02191,5
20210326,22,03310,1
20210326,22,03311,4
20210326,23,02112,3
20210326,23,02116,2
20210326,23,02122,1
20210326,23,02128,3
20210326,23,02129,1
20210326,23,02130,2
20210326,23,02143,1
20210326,23,02171,1
20210326,23,02185,2
20210326,23,02191,1
20210326,23,02198,1
20210326,3,02111,1
20210326,4,02143,1
20210326,4,02186,1
20210326,5,02111,1
20210326,5,02122,1
20210326,5,02128,1
20210326,5,02172,1
20210326,6,02111,1
20210326,6,02139,1
20210326,6,02172,1
20210326,6,02185,1
20210326,6,02186,1
20210326,6,02191,3
20210326,6,02198,2
20210326,7,02116,2
20210326,7,02122,1
20210326,7,02128,3
20210326,7,02139,3
20210326,7,02148,1
20210326,7,02172,1
20210326,7,02185,3
20210326,7,02186,2
20210326,7,02191,2
20210326,7,03310,2
20210326,7,03311,1
20210326,8,02111,1
20210326,8,02112,1
20210326,8,02116,3
20210326,8,02122,2
20210326,8,02128,1
20210326,8,02139,2
20210326,8,02148,2
20210326,8,02171,1
20210326,8,02172,1
20210326,8,02179,1
20210326,8,02185,6
20210326,8,02191,1
20210326,9,02111,4
20210326,9,02112,1
20210326,9,02128,1
20210326,9,02148,2
20210326,9,02159,2
20210326,9,02171,1
20210326,9,02179,1
20210326,9,02185,2
20210326,9,02186,1
20210326,9,02198,1
20210326,9,03310,1
20210326,9,03311,1
20210327,0,02111,3
20210327,0,02112,2
20210327,0,02128,3
20210327,0,02148,1
20210327,0,02179,5
20210327,0,02185,1
20210327,0,03310,1
20210327,0,03802,1
20210327,1,02112,1
20210327,1,02122,1
20210327,1,02179,1
20210327,1,02185,2
20210327,1,02191,1
20210327,1,02198,1
20210327,10,02122,2
20210327,10,02128,2
20210327,10,02143,1
20210327,10,02148,2
20210327,10,02159,2
20210327,10,02178,1
20210327,10,02179,3
20210327,10,02185,1
20210327,10,02186,1
20210327,10,03310,4
20210327,11,02111,1
20210327,11,02116,1
20210327,11,02128,1
20210327,11,02139,1
20210327,11,02171,3
20210327,11,02179,1
20210327,11,03310,2
20210327,11,03311,1
20210327,12,02111,1
20210327,13,02139,1
20210327,19,02116,1
20210327,2,02111,1
20210327,2,02112,2
20210327,2,02116,2
20210327,2,02122,1
20210327,2,02128,1
20210327,2,02159,1
20210327,2,02171,1
20210327,2,02198,1
20210327,2,03311,1
20210327,22,02171,1
20210327,23,02148,1
20210327,3,02122,1
20210327,3,02139,1
20210327,3,02148,1
20210327,4,02143,1
20210327,4,02148,1
20210327,4,02171,1
20210327,4,02179,3
20210327,4,02185,1
20210327,5,02112,1
20210327,5,02122,2
20210327,5,02179,1
20210327,5,02198,1
20210327,5,03310,1
20210327,6,02186,1
20210327,7,02139,2
20210327,7,02185,1
20210327,7,02186,1
20210327,7,02191,1
20210327,8,02111,1
20210327,8,02116,1
20210327,8,02122,1
20210327,8,02128,2
20210327,8,02129,1
20210327,8,02139,2
20210327,8,02143,1
20210327,8,02185,4
20210327,9,02111,1
20210327,9,02112,1
20210327,9,02128,2
20210327,9,02143,1
20210327,9,02148,2
20210327,9,02191,2
20210327,9,02198,1
20210327,9,03311,2
20210328,10,02198,1
20210328,11,02111,1
20210328,11,02112,1
20210328,11,02116,1
20210328,11,02128,1
20210328,11,02139,1
20210328,11,02198,1
20210328,12,02111,1
20210328,12,02112,1
20210328,12,02122,2
20210328,12,02159,2
20210328,12,02171,1
20210328,12,02172,2
20210328,12,02179,1
20210328,12,02185,1
20210328,12,02186,2
20210328,12,02191,1
20210328,13,02111,3
20210328,13,02122,2
20210328,13,02128,3
20210328,13,02143,1
20210328,13,02148,2
20210328,13,02171,3
20210328,13,02179,1
20210328,13,02185,1
20210328,13,02191,4
20210328,13,03310,3
20210328,13,03311,1
20210328,14,02111,1
20210328,14,02116,3
20210328,14,02122,1
20210328,14,02139,1
20210328,14,02143,1
20210328,14,02148,2
20210328,14,02178,1
20210328,14,02179,1
20210328,14,02185,1
20210328,14,02186,1
20210328,14,03310,1
20210328,14,03311,2
20210328,14,03802,2
20210328,15,02111,1
20210328,15,02112,5
20210328,15,02116,1
20210328,15,02122,1
20210328,15,02128,1
20210328,15,02148,3
20210328,15,02159,1
20210328,15,02171,6
20210328,15,02172,1
20210328,15,02178,4
20210328,15,02179,4
20210328,15,02185,1
20210328,15,02186,2
20210328,15,02191,5
20210328,15,02198,3
20210328,15,03310,1
20210328,15,03311,1
20210328,15,03802,3
20210328,16,02111,1
20210328,16,02122,1
20210328,16,02128,2
20210328,16,02148,2
20210328,16,02159,2
20210328,16,02171,1
20210328,16,02172,3
20210328,16,02178,3
20210328,16,02179,3
20210328,16,02185,1
20210328,16,02198,3
20210328,16,03311,1
20210328,16,03802,2
20210328,17,02111,3
20210328,17,02112,3
20210328,17,02116,3
20210328,17,02128,3
20210328,17,02139,3
20210328,17,02148,1
20210328,17,02159,1
20210328,17,02171,5
20210328,17,02172,2
20210328,17,02178,1
20210328,17,02191,2
20210328,17,02198,3
20210328,17,03311,1
20210328,17,03802,1
20210328,18,02111,3
20210328,18,02112,1
20210328,18,02116,3
20210328,18,02128,2
20210328,18,02129,1
20210328,18,02139,1
20210328,18,02143,3
20210328,18,02148,1
20210328,18,02159,1
20210328,18,02171,3
20210328,18,02178,4
20210328,18,02179,4
20210328,18,02185,1
20210328,18,02191,1
20210328,18,02198,2
20210328,18,03310,1
20210328,18,03311,1
20210328,18,03802,1
20210328,19,02111,1
20210328,19,02112,2
20210328,19,02128,3
20210328,19,02159,1
20210328,19,02171,3
20210328,19,02178,1
20210328,19,02179,1
20210328,19,02186,1
20210328,19,02191,1
20210328,19,02198,1
20210328,19,03310,1
20210328,2,02116,1
20210328,2,02198,1
20210328,20,02111,5
20210328,20,02112,1
20210328,20,02116,2
20210328,20,02122,1
20210328,20,02128,1
20210328,20,02139,2
20210328,20,02148,1
20210328,20,02159,1
20210328,20,02171,6
20210328,20,02179,1
20210328,20,02191,4
20210328,20,02198,3
20210328,20,03311,2
20210328,21,02111,5
20210328,21,02112,1
20210328,21,02128,1
20210328,21,02129,1
20210328,21,02148,1
20210328,21,02171,3
20210328,21,02179,2
20210328,21,02185,1
20210328,21,02198,2
20210328,21,03310,1
20210328,22,02111,1
20210328,22,02116,1
20210328,22,02179,1
20210328,22,03311,1
20210328,23,02143,2
20210328,23,02178,1
20210328,23,02179,1
20210328,23,03310,1
20210328,3,02148,1
20210328,3,02172,1
20210328,4,02159,1
20210328,5,02198,1
20210328,8,02185,1
20210328,9,02122,1
20210328,9,02179,1
20210328,9,02185,1
20210329,0,02143,1
20210329,0,02171,1
20210329,1,02111,1
20210329,1,02122,1
20210329,10,02111,1
20210329,10,02112,1
20210329,10,02122,1
20210329,10,02148,1
20210329,10,02172,2
20210329,10,02178,2
20210329,10,02179,1
20210329,10,02199,1
20210329,10,03311,1
20210329,11,02111,1
20210329,11,02128,2
20210329,11,02159,3
20210329,11,02171,3
20210329,11,02172,1
20210329,11,02178,1
20210329,11,02179,1
20210329,11,02185,3
20210329,11,02191,2
20210329,11,03802,1
20210329,12,02111,4
20210329,12,02112,2
20210329,12,02128,1
20210329,12,02129,1
20210329,12,02130,1
20210329,12,02171,1
20210329,12,02178,2
20210329,12,02179,4
20210329,12,02185,1
20210329,12,02198,1
20210329,12,02199,1
20210329,12,03802,1
20210329,13,02111,1
20210329,13,02112,3
20210329,13,02116,2
20210329,13,02122,1
20210329,13,02128,4
20210329,13,02129,2
20210329,13,02139,2
20210329,13,02143,1
20210329,13,02148,3
20210329,13,02171,6
20210329,13,02172,1
20210329,13,02179,1
20210329,13,02185,3
20210329,13,03802,1
20210329,14,02111,3
20210329,14,02112,2
20210329,14,02116,1
20210329,14,02128,1
20210329,14,02129,1
20210329,14,02130,2
20210329,14,02143,2
20210329,14,02159,1
20210329,14,02171,2
20210329,14,02172,1
20210329,14,02178,3
20210329,14,02179,2
20210329,14,02185,3
20210329,14,03310,4
20210329,14,03311,2
20210329,14,03802,1
20210329,15,02111,2
20210329,15,02112,1
20210329,15,02122,1
20210329,15,02128,2
20210329,15,02130,1
20210329,15,02148,1
20210329,15,02159,2
20210329,15,02171,3
20210329,15,02172,2
20210329,15,02178,2
20210329,15,02185,1
20210329,15,02198,1
20210329,15,03310,1
20210329,15,03311,2
20210329,16,02111,1
20210329,16,02112,2
20210329,16,02116,1
20210329,16,02128,2
20210329,16,02139,1
20210329,16,02143,1
20210329,16,02148,2
20210329,16,02171,1
20210329,16,02179,5
20210329,16,02185,1
20210329,16,02186,2
20210329,16,02191,2
20210329,16,02198,1
20210329,16,03310,3
20210329,16,03311,1
20210329,16,03802,1
20210329,17,02111,3
20210329,17,02112,1
20210329,17,02116,1
20210329,17,02128,4
20210329,17,02129,1
20210329,17,02148,2
20210329,17,02159,1
20210329,17,02171,7
20210329,17,02178,1
20210329,17,02179,4
20210329,17,02185,1
20210329,17,02186,1
20210329,17,03310,1
20210329,17,03311,1
20210329,18,02111,3
20210329,18,02112,2
20210329,18,02116,3
20210329,18,02122,6
20210329,18,02128,2
20210329,18,02129,2
20210329,18,02130,1
20210329,18,02139,2
20210329,18,02148,4
20210329,18,02171,7
20210329,18,02172,3
20210329,18,02178,3
20210329,18,02179,4
20210329,18,02185,3
20210329,18,02186,1
20210329,18,02191,2
20210329,18,02198,6
20210329,18,03310,3
20210329,18,03311,1
20210329,18,03802,1
20210329,19,02111,2
20210329,19,02112,1
20210329,19,02116,3
20210329,19,02122,1
20210329,19,02128,1
20210329,19,02129,1
20210329,19,02143,1
20210329,19,02148,5
20210329,19,02159,1
20210329,19,02171,4
20210329,19,02179,3
20210329,19,02185,1
20210329,19,02191,2
20210329,19,02198,3
20210329,19,03311,3
20210329,19,03802,1
20210329,2,02178,1
20210329,2,02198,1
20210329,20,02111,4
20210329,20,02112,2
20210329,20,02116,3
20210329,20,02122,3
20210329,20,02129,2
20210329,20,02139,1
20210329,20,02148,2
20210329,20,02159,1
20210329,20,02171,3
20210329,20,02178,2
20210329,20,02179,6
20210329,20,02185,5
20210329,20,02191,1
20210329,20,02198,2
20210329,20,02199,1
20210329,20,03311,1
20210329,20,03802,1
20210329,21,02111,3
20210329,21,02112,1
20210329,21,02116,4
20210329,21,02122,1
20210329,21,02128,2
20210329,21,02129,1
20210329,21,02148,3
20210329,21,02171,8
20210329,21,02178,3
20210329,21,02179,10
20210329,21,02185,2
20210329,21,02186,1
20210329,21,02198,2
20210329,21,03311,5
20210329,21,03802,1
20210329,22,02111,3
20210329,22,02112,4
20210329,22,02116,3
20210329,22,02122,1
20210329,22,02129,1
20210329,22,02139,2
20210329,22,02148,2
20210329,22,02171,2
20210329,22,02172,1
20210329,22,02178,1
20210329,22,02179,4
20210329,22,02185,1
20210329,22,02191,1
20210329,22,03311,3
20210329,23,02111,1
20210329,23,02112,1
20210329,23,02116,1
20210329,23,02128,3
20210329,23,02159,1
20210329,23,02171,5
20210329,23,02178,2
20210329,23,02179,1
20210329,23,02186,1
20210329,23,02191,3
20210329,23,03310,2
20210329,3,02112,1
20210329,3,02191,1
20210329,4,03310,1
20210329,5,02112,1
20210329,5,03310,1
20210329,6,02116,1
20210329,6,02143,1
20210329,6,02159,1
20210329,6,02186,1
20210329,6,02198,1
20210329,7,02112,1
20210329,7,02116,1
20210329,7,02128,2
20210329,7,02171,1
20210329,7,02185,1
20210329,7,02186,2
20210329,7,02191,1
20210329,8,02112,2
20210329,8,02116,3
20210329,8,02129,1
20210329,8,02139,4
20210329,8,02148,1
20210329,8,02172,1
20210329,8,02179,2
20210329,8,02185,3
20210329,8,02191,2
20210329,8,02198,2
20210329,8,03310,1
20210329,9,02111,1
20210329,9,02122,4
20210329,9,02128,1
20210329,9,02129,1
20210329,9,02139,2
20210329,9,02143,2
20210329,9,02171,1
20210329,9,02178,1
20210329,9,02185,4
20210329,9,02186,2
20210329,9,03310,2
20210329,9,03311,1
20210330,0,02111,1
20210330,0,02139,1
20210330,0,02171,2
20210330,0,02172,2
20210330,0,02179,2
20210330,0,02191,2
20210330,1,02111,2
20210330,1,02112,1
20210330,1,02116,1
20210330,1,02148,1
20210330,1,02198,1
20210330,10,02111,1
20210330,10,02116,1
20210330,10,02122,1
20210330,10,02128,1
20210330,10,02129,2
20210330,10,02143,1
20210330,10,02171,3
20210330,10,02179,2
20210330,10,02185,1
20210330,10,02186,2
20210330,10,02191,1
20210330,10,02199,1
20210330,10,03311,2
20210330,10,03802,2
20210330,11,02111,3
20210330,11,02112,1
20210330,11,02122,2
20210330,11,02129,1
20210330,11,02139,1
20210330,11,02143,1
20210330,11,02148,1
20210330,11,02159,1
20210330,11,02171,6
20210330,11,02172,5
20210330,11,02179,1
20210330,11,02185,1
20210330,11,02191,1
20210330,11,02198,1
20210330,11,03310,3
20210330,12,02111,5
20210330,12,02112,3
20210330,12,02122,4
20210330,12,02128,1
20210330,12,02139,2
20210330,12,02143,1
20210330,12,02148,1
20210330,12,02171,4
20210330,12,02172,2
20210330,12,02178,2
20210330,12,02179,2
20210330,12,02185,2
20210330,12,03310,1
20210330,12,03311,1
20210330,13,02111,2
20210330,13,02112,1
20210330,13,02116,1
20210330,13,02128,4
20210330,13,02129,1
20210330,13,02130,2
20210330,13,02139,1
20210330,13,02143,1
20210330,13,02171,3
20210330,13,02172,1
20210330,13,02179,1
20210330,13,02185,3
20210330,13,02198,1
20210330,13,02199,1
20210330,13,03310,2
20210330,13,03311,2
20210330,14,02111,3
20210330,14,02112,1
20210330,14,02122,4
20210330,14,02128,3
20210330,14,02129,3
20210330,14,02143,2
20210330,14,02148,1
20210330,14,02159,1
20210330,14,02171,2
20210330,14,02172,2
20210330,14,02178,3
20210330,14,02179,1
20210330,14,02185,2
20210330,14,02186,1
20210330,14,02191,1
20210330,14,02198,1
20210330,14,02199,1
20210330,14,03311,5
20210330,14,03802,2
20210330,15,02111,1
20210330,15,02112,2
20210330,15,02116,2
20210330,15,02122,2
20210330,15,02128,2
20210330,15,02129,3
20210330,15,02148,5
20210330,15,02171,4
20210330,15,02178,2
20210330,15,02179,3
20210330,15,02185,1
20210330,15,02191,4
20210330,15,02198,2
20210330,15,02199,1
20210330,16,02111,3
20210330,16,02112,1
20210330,16,02116,1
20210330,16,02122,2
20210330,16,02128,4
20210330,16,02129,2
20210330,16,02139,3
20210330,16,02143,2
20210330,16,02148,2
20210330,16,02159,2
20210330,16,02171,2
20210330,16,02172,1
20210330,16,02178,4
20210330,16,02179,10
20210330,16,02185,3
20210330,16,02198,1
20210330,16,02199,1
20210330,16,03310,3
20210330,16,03311,3
20210330,17,02111,2
20210330,17,02112,5
20210330,17,02116,3
20210330,17,02122,4
20210330,17,02128,7
20210330,17,02129,2
20210330,17,02139,2
20210330,17,02143,2
20210330,17,02148,3
20210330,17,02159,3
20210330,17,02171,7
20210330,17,02172,2
20210330,17,02178,4
20210330,17,02179,3
20210330,17,02185,2
20210330,17,02186,1
20210330,17,02191,2
20210330,17,02198,1
20210330,17,03311,4
20210330,17,03802,1
20210330,18,02111,6
20210330,18,02112,2
20210330,18,02116,4
20210330,18,02122,2
20210330,18,02128,5
20210330,18,02129,4
20210330,18,02130,1
20210330,18,02139,1
20210330,18,02148,6
20210330,18,02159,1
20210330,18,02171,14
20210330,18,02178,5
20210330,18,02179,4
20210330,18,02185,1
20210330,18,02186,1
20210330,18,02191,2
20210330,18,02198,1
20210330,18,03311,1
20210330,18,03802,1
20210330,19,02111,5
20210330,19,02112,2
20210330,19,02122,4
20210330,19,02128,3
20210330,19,02130,1
20210330,19,02159,1
20210330,19,02171,3
20210330,19,02178,6
20210330,19,02179,1
20210330,19,02186,1
20210330,19,02191,3
20210330,19,02198,2
20210330,19,03311,2
20210330,2,02111,1
20210330,2,02171,2
20210330,2,02172,1
20210330,20,02111,4
20210330,20,02112,2
20210330,20,02116,2
20210330,20,02122,5
20210330,20,02128,4
20210330,20,02130,3
20210330,20,02143,1
20210330,20,02148,7
20210330,20,02171,7
20210330,20,02178,3
20210330,20,02179,8
20210330,20,02185,1
20210330,20,02191,1
20210330,20,02198,5
20210330,20,03310,1
20210330,20,03311,3
20210330,20,03802,2
20210330,21,02111,2
20210330,21,02112,4
20210330,21,02116,4
20210330,21,02122,2
20210330,21,02139,2
20210330,21,02143,2
20210330,21,02148,3
20210330,21,02171,3
20210330,21,02178,3
20210330,21,02179,2
20210330,21,02185,1
20210330,21,02191,3
20210330,21,03311,1
20210330,21,03802,1
20210330,22,02111,2
20210330,22,02112,6
20210330,22,02116,2
20210330,22,02122,2
20210330,22,02128,1
20210330,22,02139,2
20210330,22,02143,2
20210330,22,02148,3
20210330,22,02159,3
20210330,22,02171,11
20210330,22,02178,1
20210330,22,02179,3
20210330,22,02191,3
20210330,22,02198,1
20210330,22,03311,2
20210330,23,02112,1
20210330,23,02116,2
20210330,23,02122,1
20210330,23,02128,3
20210330,23,02143,1
20210330,23,02171,2
20210330,23,02178,3
20210330,23,02179,1
20210330,23,02185,3
20210330,23,02186,1
20210330,23,02191,3
20210330,23,02198,1
20210330,3,02129,1
20210330,3,02198,1
20210330,5,02112,1
20210330,5,02122,1
20210330,5,02139,1
20210330,5,02198,1
20210330,5,03310,2
20210330,6,02139,1
20210330,6,02159,1
20210330,6,02172,1
20210330,6,02186,1
20210330,6,02191,1
20210330,6,02198,1
20210330,7,02122,1
20210330,7,02128,3
20210330,7,02129,1
20210330,7,02139,1
20210330,7,02143,2
20210330,7,02171,1
20210330,7,02172,1
20210330,7,02185,2
20210330,7,02186,2
20210330,7,02191,2
20210330,7,03802,1
20210330,8,02112,3
20210330,8,02116,3
20210330,8,02129,2
20210330,8,02139,2
20210330,8,02143,1
20210330,8,02148,3
20210330,8,02171,1
20210330,8,02179,1
20210330,8,02185,6
20210330,8,02191,1
20210330,8,02198,1
20210330,8,03310,2
20210330,8,03311,1
20210330,9,02116,1
20210330,9,02128,2
20210330,9,02129,1
20210330,9,02139,1
20210330,9,02148,3
20210330,9,02179,2
20210330,9,02185,5
20210330,9,02186,1
20210330,9,02191,1
20210330,9,03310,4
20210330,9,03311,1
20210331,0,02111,5
20210331,0,02112,1
20210331,0,02116,1
20210331,0,02122,1
20210331,0,02128,3
20210331,0,02139,2
20210331,0,02171,4
20210331,0,02172,1
20210331,0,02179,2
20210331,0,02185,1
20210331,1,02111,1
20210331,1,02122,3
20210331,1,02128,1
20210331,1,02143,1
20210331,1,02172,1
20210331,1,02191,2
20210331,1,03311,1
20210331,10,02111,2
20210331,10,02122,1
20210331,10,02128,1
20210331,10,02129,1
20210331,10,02148,2
20210331,10,02171,3
20210331,10,02178,1
20210331,10,02179,1
20210331,10,02185,1
20210331,10,02186,1
20210331,10,02191,1
20210331,10,02198,2
20210331,10,02199,1
20210331,10,03311,1
20210331,10,03802,1
20210331,11,02111,2
20210331,11,02116,1
20210331,11,02122,1
20210331,11,02128,2
20210331,11,02178,1
20210331,11,02191,1
20210331,11,02198,2
20210331,11,03310,1
20210331,11,03802,2
20210331,12,02111,4
20210331,12,02112,3
20210331,12,02122,2
20210331,12,02128,1
20210331,12,02129,2
20210331,12,02130,1
20210331,12,02139,2
20210331,12,02143,1
20210331,12,02148,1
20210331,12,02171,1
20210331,12,02178,2
20210331,12,02179,3
20210331,12,02199,1
20210331,12,03310,1
20210331,12,03311,3
20210331,12,03802,2
20210331,13,02111,2
20210331,13,02112,4
20210331,13,02116,1
20210331,13,02122,5
20210331,13,02128,1
20210331,13,02129,1
20210331,13,02143,1
20210331,13,02148,3
20210331,13,02171,7
20210331,13,02178,2
20210331,13,02179,4
20210331,13,02186,2
20210331,13,02191,2
20210331,13,02199,1
20210331,13,03802,1
20210331,14,02111,3
20210331,14,02116,2
20210331,14,02122,3
20210331,14,02129,2
20210331,14,02139,2
20210331,14,02159,2
20210331,14,02171,5
20210331,14,02172,3
20210331,14,02178,5
20210331,14,02179,2
20210331,14,02185,1
20210331,14,02186,2
20210331,14,02198,2
20210331,14,03311,2
20210331,14,03802,1
20210331,15,02111,2
20210331,15,02112,3
20210331,15,02116,1
20210331,15,02122,2
20210331,15,02129,2
20210331,15,02130,2
20210331,15,02148,5
20210331,15,02171,7
20210331,15,02172,2
20210331,15,02178,1
20210331,15,02179,5
20210331,15,02185,2
20210331,15,02186,1
20210331,15,02191,1
20210331,15,02198,2
20210331,15,02199,3
20210331,15,03310,1
20210331,15,03311,2
20210331,16,02111,2
20210331,16,02112,1
20210331,16,02116,1
20210331,16,02128,2
20210331,16,02129,3
20210331,16,02130,2
20210331,16,02139,2
20210331,16,02148,7
20210331,16,02159,2
20210331,16,02171,5
20210331,16,02185,3
20210331,16,02198,3
20210331,16,03310,2
20210331,16,03311,3
20210331,16,03802,1
20210331,17,02111,5
20210331,17,02112,1
20210331,17,02116,3
20210331,17,02122,4
20210331,17,02128,3
20210331,17,02129,4
20210331,17,02139,2
20210331,17,02143,1
20210331,17,02148,3
20210331,17,02159,5
20210331,17,02171,4
20210331,17,02172,2
20210331,17,02179,4
20210331,17,02185,1
20210331,17,02186,1
20210331,17,02191,2
20210331,17,02198,2
20210331,17,03311,4
20210331,18,02111,2
20210331,18,02112,11
20210331,18,02116,7
20210331,18,02122,4
20210331,18,02128,3
20210331,18,02129,6
20210331,18,02143,1
20210331,18,02148,4
20210331,18,02159,2
20210331,18,02171,14
20210331,18,02179,7
20210331,18,02185,4
20210331,18,02186,2
20210331,18,02198,2
20210331,18,03310,2
20210331,18,03311,2
20210331,19,02111,3
20210331,19,02112,3
20210331,19,02116,6
20210331,19,02122,4
20210331,19,02128,3
20210331,19,02129,2
20210331,19,02130,3
20210331,19,02139,4
20210331,19,02143,1
20210331,19,02148,3
20210331,19,02159,3
20210331,19,02171,9
20210331,19,02178,1
20210331,19,02179,6
20210331,19,02185,1
20210331,19,02186,1
20210331,19,02191,3
20210331,19,02198,1
20210331,19,03310,1
20210331,19,03311,3
20210331,2,02128,1
20210331,2,02130,2
20210331,2,02171,1
20210331,2,02172,1
20210331,2,02198,1
20210331,20,02111,3
20210331,20,02112,4
20210331,20,02116,4
20210331,20,02122,3
20210331,20,02128,1
20210331,20,02129,2
20210331,20,02130,1
20210331,20,02148,3
20210331,20,02159,1
20210331,20,02171,6
20210331,20,02172,1
20210331,20,02178,2
20210331,20,02179,8
20210331,20,02185,1
20210331,20,02186,2
20210331,20,02191,3
20210331,20,02198,2
20210331,20,02199,1
20210331,20,03310,3
20210331,20,03311,1
20210331,21,02111,4
20210331,21,02112,3
20210331,21,02116,2
20210331,21,02122,5
20210331,21,02128,4
20210331,21,02129,1
20210331,21,02139,2
20210331,21,02148,2
20210331,21,02159,1
20210331,21,02171,5
20210331,21,02178,1
20210331,21,02179,5
20210331,21,02185,1
20210331,21,02186,1
20210331,21,02191,2
20210331,21,02198,2
20210331,21,03311,4
20210331,22,02111,2
20210331,22,02112,6
20210331,22,02116,2
20210331,22,02122,3
20210331,22,02130,2
20210331,22,02139,1
20210331,22,02143,1
20210331,22,02148,3
20210331,22,02159,3
20210331,22,02171,4
20210331,22,02179,1
20210331,22,02185,1
20210331,22,02191,1
20210331,22,02198,1
20210331,23,02111,5
20210331,23,02112,3
20210331,23,02122,1
20210331,23,02128,4
20210331,23,02129,1
20210331,23,02130,3
20210331,23,02143,3
20210331,23,02148,1
20210331,23,02171,3
20210331,23,02179,2
20210331,23,02185,2
20210331,23,02191,3
20210331,23,02198,1
20210331,23,02199,1
20210331,23,03310,1
20210331,23,03311,1
20210331,3,02128,1
20210331,3,02139,1
20210331,3,02148,1
20210331,3,02186,1
20210331,4,02112,1
20210331,4,02143,1
20210331,4,02148,1
20210331,4,02172,1
20210331,5,02112,1
20210331,5,02128,1
20210331,5,02191,1
20210331,6,02116,1
20210331,6,02139,1
20210331,6,02143,1
20210331,6,02159,2
20210331,6,02179,1
20210331,6,02185,1
20210331,6,02186,1
20210331,7,02112,1
20210331,7,02116,1
20210331,7,02122,1
20210331,7,02128,1
20210331,7,02129,1
20210331,7,02139,3
20210331,7,02143,2
20210331,7,02148,1
20210331,7,02171,3
20210331,7,02185,2
20210331,7,02186,1
20210331,7,02191,3
20210331,7,02198,1
20210331,7,03802,1
20210331,8,02112,1
20210331,8,02116,3
20210331,8,02122,1
20210331,8,02128,2
20210331,8,02129,1
20210331,8,02139,2
20210331,8,02143,2
20210331,8,02148,4
20210331,8,02171,4
20210331,8,02179,3
20210331,8,02185,5
20210331,8,02186,1
20210331,8,02191,5
20210331,8,02198,1
20210331,8,03311,1
20210331,9,02111,4
20210331,9,02122,2
20210331,9,02129,1
20210331,9,02139,1
20210331,9,02148,3
20210331,9,02159,1
20210331,9,02171,3
20210331,9,02185,7
20210331,9,02186,1
20210331,9,02191,1
20210331,9,03311,2
