RENT_DATE,RENT_TIME,RENT_ID,CNT
20250801,0,02111,1
20250801,0,02116,1
20250801,0,02122,1
20250801,0,02139,1
20250801,0,02171,1
20250801,0,02178,1
20250801,0,02179,1
20250801,0,02191,1
20250801,0,02198,2
20250801,0,03310,2
20250801,0,03311,1
20250801,1,02111,2
20250801,1,02112,1
20250801,1,02116,1
20250801,1,02129,1
20250801,1,02171,3
20250801,1,02185,2
20250801,1,02186,1
20250801,1,02198,1
20250801,10,02112,1
20250801,10,02116,1
20250801,10,02148,1
20250801,10,02171,2
20250801,10,02172,2
20250801,10,02179,1
20250801,10,02185,2
20250801,10,02186,1
20250801,10,03310,2
20250801,10,03311,1
20250801,10,03802,1
20250801,11,02111,2
20250801,11,02112,2
20250801,11,02116,1
20250801,11,02122,1
20250801,11,02128,2
20250801,11,02148,1
20250801,11,02171,1
20250801,11,02178,1
20250801,11,02191,1
20250801,11,03311,1
20250801,11,03802,4
20250801,12,02112,1
20250801,12,02122,1
20250801,12,02128,1
20250801,12,02139,1
20250801,12,02143,2
20250801,12,02171,1
20250801,12,02178,2
20250801,12,02179,2
20250801,12,02198,2
20250801,12,03310,1
20250801,12,03802,1
20250801,13,02112,3
20250801,13,02122,1
20250801,13,02139,2
20250801,13,02148,1
20250801,13,02178,2
20250801,13,02179,3
20250801,13,02191,2
20250801,13,03310,2
20250801,13,03311,3
20250801,13,03802,3
20250801,14,02112,2
20250801,14,02116,1
20250801,14,02128,1
20250801,14,02129,2
20250801,14,02148,2
20250801,14,02172,1
20250801,14,02179,2
20250801,14,02185,4
20250801,14,03311,1
20250801,15,02111,2
20250801,15,02122,1
20250801,15,02128,1
20250801,15,02130,1
20250801,15,02139,1
20250801,15,02148,1
20250801,15,02171,1
20250801,15,02179,2
20250801,15,02185,1
20250801,15,03311,3
20250801,16,02111,1
20250801,16,02128,1
20250801,16,02129,1
20250801,16,02172,5
20250801,16,02178,1
20250801,16,02185,2
20250801,16,02198,3
20250801,16,03310,2
20250801,16,03311,3
20250801,17,02111,4
20250801,17,02112,1
20250801,17,02116,2
20250801,17,02122,2
20250801,17,02128,2
20250801,17,02129,1
20250801,17,02139,3
20250801,17,02143,2
20250801,17,02148,2
20250801,17,02171,5
20250801,17,02172,4
20250801,17,02178,4
20250801,17,02179,1
20250801,17,02185,3
20250801,17,02186,2
20250801,17,02191,2
20250801,17,03310,1
20250801,17,03311,4
20250801,18,02111,6
20250801,18,02112,2
20250801,18,02116,2
20250801,18,02122,1
20250801,18,02128,2
20250801,18,02129,1
20250801,18,02130,1
20250801,18,02139,1
20250801,18,02143,1
20250801,18,02148,1
20250801,18,02171,6
20250801,18,02172,1
20250801,18,02178,3
20250801,18,02179,6
20250801,18,02185,3
20250801,18,02186,2
20250801,18,02191,2
20250801,18,02198,1
20250801,18,03310,1
20250801,18,03311,4
20250801,18,03802,1
20250801,19,02111,1
20250801,19,02112,4
20250801,19,02116,4
20250801,19,02128,1
20250801,19,02148,3
20250801,19,02171,2
20250801,19,02172,3
20250801,19,02178,2
20250801,19,02179,2
20250801,19,02186,2
20250801,19,02191,1
20250801,19,02198,1
20250801,19,03311,3
20250801,19,03802,3
20250801,2,02111,3
20250801,2,02128,1
20250801,2,02171,1
20250801,2,02178,1
20250801,2,02179,2
20250801,2,02185,1
20250801,2,02186,1
20250801,2,02191,1
20250801,2,02198,2
20250801,20,02111,3
20250801,20,02112,4
20250801,20,02116,1
20250801,20,02122,2
20250801,20,02128,2
20250801,20,02129,2
20250801,20,02130,1
20250801,20,02139,2
20250801,20,02143,1
20250801,20,02171,5
20250801,20,02172,3
20250801,20,02178,2
20250801,20,02179,5
20250801,20,02185,3
20250801,20,02186,2
20250801,20,02191,3
20250801,20,02198,2
20250801,20,02199,2
20250801,20,03311,3
20250801,20,03802,1
20250801,21,02111,2
20250801,21,02116,1
20250801,21,02122,1
20250801,21,02128,3
20250801,21,02129,1
20250801,21,02143,1
20250801,21,02159,2
20250801,21,02171,4
20250801,21,02172,2
20250801,21,02178,1
20250801,21,02179,1
20250801,21,02185,2
20250801,21,02191,3
20250801,21,02198,4
20250801,21,03311,5
20250801,21,03802,1
20250801,22,02111,3
20250801,22,02112,3
20250801,22,02116,1
20250801,22,02122,1
20250801,22,02128,2
20250801,22,02139,1
20250801,22,02143,1
20250801,22,02148,1
20250801,22,02159,1
20250801,22,02171,1
20250801,22,02172,2
20250801,22,02178,3
20250801,22,02185,2
20250801,22,02191,2
20250801,22,02198,2
20250801,22,03310,1
20250801,22,03311,2
20250801,22,03802,3
20250801,23,02111,3
20250801,23,02112,2
20250801,23,02116,1
20250801,23,02122,1
20250801,23,02139,2
20250801,23,02171,2
20250801,23,02178,1
20250801,23,02179,1
20250801,23,02185,6
20250801,23,02186,1
20250801,23,02191,1
20250801,23,03310,1
20250801,23,03311,1
20250801,3,02111,1
20250801,3,02122,1
20250801,3,02128,1
20250801,3,02172,1
20250801,3,02179,1
20250801,3,02185,2
20250801,3,02198,1
20250801,4,02112,1
20250801,4,02122,1
20250801,4,02191,1
20250801,5,02111,1
20250801,5,02148,1
20250801,5,02178,1
20250801,5,02186,1
20250801,5,02191,1
20250801,5,03311,1
20250801,6,02111,1
20250801,6,02122,1
20250801,6,02148,1
20250801,6,02171,1
20250801,6,02185,1
20250801,6,02191,3
20250801,6,03310,3
20250801,6,03802,1
20250801,7,02111,3
20250801,7,02112,2
20250801,7,02116,1
20250801,7,02122,1
20250801,7,02139,3
20250801,7,02148,2
20250801,7,02159,1
20250801,7,02171,1
20250801,7,02172,1
20250801,7,02178,1
20250801,7,02179,2
20250801,7,02185,1
20250801,7,02198,1
20250801,7,02199,2
20250801,7,03310,4
20250801,7,03802,2
20250801,8,02111,2
20250801,8,02112,4
20250801,8,02128,1
20250801,8,02139,3
20250801,8,02143,1
20250801,8,02148,2
20250801,8,02171,4
20250801,8,02172,2
20250801,8,02179,1
20250801,8,02185,4
20250801,8,02191,1
20250801,8,03310,2
20250801,8,03311,1
20250801,8,03802,3
20250801,9,02111,2
20250801,9,02116,1
20250801,9,02122,1
20250801,9,02128,1
20250801,9,02171,1
20250801,9,02178,1
20250801,9,02185,2
20250801,9,02191,2
20250801,9,02199,1
20250801,9,03311,1
20250801,9,03802,1
20250802,0,02111,3
20250802,0,02112,1
20250802,0,02116,1
20250802,0,02122,1
20250802,0,02128,1
20250802,0,02130,1
20250802,0,02139,1
20250802,0,02148,2
20250802,0,02171,2
20250802,0,02178,1
20250802,0,02179,2
20250802,0,02185,1
20250802,0,02191,2
20250802,0,02198,1
20250802,0,03311,1
20250802,1,02111,2
20250802,1,02116,3
20250802,1,02122,1
20250802,1,02139,2
20250802,1,02171,1
20250802,1,02179,3
20250802,1,02185,1
20250802,1,02191,1
20250802,1,02198,5
20250802,1,03311,1
20250802,10,02111,1
20250802,10,02112,2
20250802,10,02116,1
20250802,10,02122,1
20250802,10,02159,1
20250802,10,02171,3
20250802,10,02179,4
20250802,10,02185,2
20250802,10,02186,2
20250802,10,03311,3
20250802,11,02112,2
20250802,11,02122,2
20250802,11,02128,1
20250802,11,02143,1
20250802,11,02159,2
20250802,11,02172,1
20250802,11,02178,1
20250802,11,02185,2
20250802,11,02186,1
20250802,11,02191,1
20250802,11,03310,1
20250802,11,03311,1
20250802,12,02112,1
20250802,12,02122,1
20250802,12,02129,1
20250802,12,02143,1
20250802,12,02159,1
20250802,12,02171,3
20250802,12,02172,1
20250802,12,02178,1
20250802,12,02179,2
20250802,12,02185,1
20250802,12,03310,4
20250802,12,03311,1
20250802,13,02111,1
20250802,13,02112,1
20250802,13,02122,2
20250802,13,02148,1
20250802,13,02159,1
20250802,13,02171,4
20250802,13,02178,1
20250802,13,02179,3
20250802,13,02185,1
20250802,13,02191,2
20250802,13,02198,1
20250802,13,03310,3
20250802,13,03311,1
20250802,14,02111,2
20250802,14,02122,1
20250802,14,02128,1
20250802,14,02139,1
20250802,14,02148,1
20250802,14,02171,1
20250802,14,02178,1
20250802,14,02185,2
20250802,14,03310,2
20250802,14,03311,1
20250802,15,02111,2
20250802,15,02116,1
20250802,15,02122,1
20250802,15,02139,1
20250802,15,02171,2
20250802,15,02172,3
20250802,15,02178,3
20250802,15,02179,1
20250802,15,02185,2
20250802,15,02191,3
20250802,15,03310,1
20250802,15,03311,5
20250802,16,02112,1
20250802,16,02171,2
20250802,16,02172,3
20250802,16,02178,2
20250802,16,02179,1
20250802,16,02186,1
20250802,16,02191,1
20250802,16,02198,1
20250802,16,02199,1
20250802,16,03310,1
20250802,16,03311,3
20250802,17,02111,3
20250802,17,02112,1
20250802,17,02116,2
20250802,17,02148,2
20250802,17,02171,1
20250802,17,02172,1
20250802,17,02179,1
20250802,17,02185,3
20250802,17,02191,2
20250802,17,02198,2
20250802,17,03310,2
20250802,17,03802,1
20250802,18,02111,4
20250802,18,02112,2
20250802,18,02128,2
20250802,18,02148,2
20250802,18,02171,5
20250802,18,02172,3
20250802,18,02179,3
20250802,18,02185,1
20250802,18,02191,1
20250802,18,02199,2
20250802,18,03310,1
20250802,18,03311,3
20250802,18,03802,1
20250802,19,02111,4
20250802,19,02116,2
20250802,19,02122,2
20250802,19,02128,1
20250802,19,02171,1
20250802,19,02172,2
20250802,19,02178,3
20250802,19,02179,2
20250802,19,02185,4
20250802,19,03310,1
20250802,19,03311,3
20250802,19,03802,1
20250802,2,02111,2
20250802,2,02112,2
20250802,2,02116,1
20250802,2,02128,1
20250802,2,02148,2
20250802,2,02179,1
20250802,2,02198,5
20250802,2,03311,1
20250802,20,02111,1
20250802,20,02112,3
20250802,20,02116,5
20250802,20,02129,1
20250802,20,02130,2
20250802,20,02139,1
20250802,20,02148,2
20250802,20,02171,2
20250802,20,02172,3
20250802,20,02179,2
20250802,20,02185,2
20250802,20,02186,1
20250802,20,02191,3
20250802,20,02199,1
20250802,20,03311,2
20250802,20,03802,1
20250802,21,02111,1
20250802,21,02112,3
20250802,21,02116,2
20250802,21,02122,1
20250802,21,02130,2
20250802,21,02139,1
20250802,21,02143,4
20250802,21,02148,1
20250802,21,02171,4
20250802,21,02178,3
20250802,21,02179,2
20250802,21,02186,1
20250802,21,02191,2
20250802,21,02198,1
20250802,21,03802,1
20250802,22,02111,3
20250802,22,02112,2
20250802,22,02116,2
20250802,22,02122,2
20250802,22,02128,1
20250802,22,02143,2
20250802,22,02148,1
20250802,22,02159,1
20250802,22,02172,1
20250802,22,02178,3
20250802,22,02179,1
20250802,22,02185,1
20250802,22,02186,3
20250802,22,02191,1
20250802,22,03311,3
20250802,22,03802,1
20250802,23,02111,2
20250802,23,02112,4
20250802,23,02129,1
20250802,23,02130,1
20250802,23,02139,1
20250802,23,02143,1
20250802,23,02171,6
20250802,23,02172,1
20250802,23,02179,1
20250802,23,02185,3
20250802,23,03802,1
20250802,3,02112,1
20250802,3,02171,1
20250802,3,02179,1
20250802,4,02179,2
20250802,4,02185,1
20250802,4,02191,1
20250802,5,02116,1
20250802,5,02148,1
20250802,5,02186,1
20250802,5,02191,1
20250802,6,02111,1
20250802,6,02122,1
20250802,6,02139,2
20250802,6,02171,1
20250802,6,02185,1
20250802,6,02191,1
20250802,6,03802,1
20250802,7,02111,1
20250802,7,02112,1
20250802,7,02122,1
20250802,7,02139,1
20250802,7,02191,1
20250802,7,02198,1
20250802,8,02111,2
20250802,8,02112,1
20250802,8,02116,1
20250802,8,02143,1
20250802,8,02171,2
20250802,8,02172,2
20250802,8,02186,1
20250802,8,03802,1
20250802,9,02112,2
20250802,9,02130,1
20250802,9,02171,1
20250802,9,02178,1
20250802,9,02179,1
20250802,9,02185,1
20250802,9,02186,1
20250802,9,02198,1
20250802,9,03310,2
20250802,9,03311,1
20250803,0,02111,2
20250803,0,02116,7
20250803,0,02122,2
20250803,0,02128,1
20250803,0,02129,2
20250803,0,02139,2
20250803,0,02171,5
20250803,0,02172,3
20250803,0,02179,1
20250803,0,02185,4
20250803,0,02186,1
20250803,0,02191,3
20250803,0,02198,1
20250803,0,02199,1
20250803,1,02112,2
20250803,1,02116,1
20250803,1,02128,2
20250803,1,02148,1
20250803,1,02159,1
20250803,1,02171,1
20250803,1,02172,1
20250803,1,02179,1
20250803,1,02185,1
20250803,1,02186,4
20250803,1,02191,1
20250803,1,02198,4
20250803,10,02111,1
20250803,10,02122,1
20250803,10,02143,1
20250803,10,02148,1
20250803,10,02171,1
20250803,10,02172,2
20250803,10,02185,1
20250803,10,02186,1
20250803,10,02198,1
20250803,10,02199,1
20250803,10,03310,2
20250803,10,03311,1
20250803,11,02111,2
20250803,11,02112,1
20250803,11,02122,2
20250803,11,02128,1
20250803,11,02143,2
20250803,11,02148,1
20250803,11,02172,2
20250803,11,02178,1
20250803,11,02179,2
20250803,11,02186,2
20250803,11,02191,2
20250803,12,02111,2
20250803,12,02112,1
20250803,12,02128,1
20250803,12,02143,3
20250803,12,02148,3
20250803,12,02159,1
20250803,12,02171,2
20250803,12,02172,3
20250803,12,02178,2
20250803,12,02179,3
20250803,12,02185,1
20250803,12,02186,2
20250803,12,02191,1
20250803,12,02198,3
20250803,12,03310,2
20250803,13,02111,4
20250803,13,02112,2
20250803,13,02122,1
20250803,13,02139,2
20250803,13,02143,2
20250803,13,02172,2
20250803,13,02179,1
20250803,13,02185,1
20250803,13,02198,1
20250803,13,03310,2
20250803,14,02111,3
20250803,14,02112,2
20250803,14,02185,4
20250803,14,02186,2
20250803,14,02191,3
20250803,14,02198,2
20250803,14,03310,1
20250803,14,03311,1
20250803,15,02116,1
20250803,15,02128,1
20250803,15,02129,1
20250803,15,02139,1
20250803,15,02148,1
20250803,15,02171,2
20250803,15,02172,3
20250803,15,02179,1
20250803,15,02191,4
20250803,15,03311,3
20250803,16,02111,1
20250803,16,02112,3
20250803,16,02116,2
20250803,16,02129,3
20250803,16,02130,1
20250803,16,02179,4
20250803,16,02185,2
20250803,16,02191,1
20250803,16,03310,1
20250803,16,03311,1
20250803,17,02111,1
20250803,17,02112,1
20250803,17,02116,3
20250803,17,02128,1
20250803,17,02129,1
20250803,17,02148,2
20250803,17,02171,2
20250803,17,02172,2
20250803,17,02179,2
20250803,17,02185,4
20250803,17,02186,1
20250803,17,02191,1
20250803,17,02198,1
20250803,17,03311,1
20250803,18,02112,1
20250803,18,02185,1
20250803,18,02198,1
20250803,19,02111,1
20250803,19,02112,1
20250803,19,02122,1
20250803,19,02171,4
20250803,19,02172,1
20250803,19,02178,2
20250803,19,02179,2
20250803,19,02185,1
20250803,19,02198,1
20250803,19,03311,2
20250803,2,02116,2
20250803,2,02122,1
20250803,2,02128,1
20250803,2,02171,3
20250803,2,02179,3
20250803,2,02185,2
20250803,2,02191,1
20250803,2,02198,1
20250803,20,02111,5
20250803,20,02112,1
20250803,20,02172,1
20250803,20,02179,2
20250803,20,02185,2
20250803,20,02198,1
20250803,20,03311,1
20250803,21,02111,2
20250803,21,02116,2
20250803,21,02122,1
20250803,21,02128,1
20250803,21,02148,2
20250803,21,02171,2
20250803,21,02178,2
20250803,21,02179,1
20250803,21,02186,1
20250803,21,02191,1
20250803,21,02198,1
20250803,22,02122,1
20250803,22,02179,1
20250803,23,02172,1
20250803,23,03311,3
20250803,3,02112,1
20250803,3,02139,1
20250803,3,02143,1
20250803,3,02171,1
20250803,3,02178,1
20250803,3,02185,1
20250803,3,02191,1
20250803,4,02179,2
20250803,4,03311,1
20250803,5,02139,1
20250803,5,02178,1
20250803,5,02185,1
20250803,5,03310,1
20250803,6,02139,1
20250803,6,02159,1
20250803,6,02185,1
20250803,6,02191,2
20250803,6,03310,1
20250803,7,02112,1
20250803,7,02143,1
20250803,7,02148,1
20250803,7,02171,1
20250803,7,02178,1
20250803,7,02179,1
20250803,7,02191,1
20250803,7,02198,1
20250803,8,02116,1
20250803,8,02172,3
20250803,8,02178,3
20250803,8,02179,1
20250803,8,03310,2
20250803,8,03311,1
20250803,9,02122,1
20250803,9,02171,1
20250803,9,02172,4
20250803,9,02179,2
20250803,9,02185,1
20250803,9,02191,1
20250803,9,02198,3
20250803,9,03310,1
20250803,9,03311,1
20250803,9,03802,2
20250804,0,02112,1
20250804,0,02179,1
20250804,0,02185,1
20250804,0,02191,1
20250804,1,02111,1
20250804,10,02111,2
20250804,10,02116,1
20250804,10,02139,2
20250804,10,02148,1
20250804,10,02172,1
20250804,10,02178,1
20250804,10,02185,2
20250804,10,02186,1
20250804,10,02191,1
20250804,10,03311,1
20250804,10,03802,2
20250804,11,02111,1
20250804,11,02116,1
20250804,11,02122,1
20250804,11,02128,3
20250804,11,02139,1
20250804,11,02148,3
20250804,11,02171,1
20250804,11,02178,1
20250804,11,02179,1
20250804,11,02185,2
20250804,11,02186,1
20250804,11,02191,1
20250804,11,03310,3
20250804,11,03802,1
20250804,12,02112,1
20250804,12,02122,1
20250804,12,02128,1
20250804,12,02139,1
20250804,12,02172,1
20250804,12,02178,1
20250804,12,02179,2
20250804,12,02185,1
20250804,12,02191,1
20250804,12,02198,3
20250804,12,03311,1
20250804,12,03802,1
20250804,13,02111,5
20250804,13,02112,1
20250804,13,02128,1
20250804,13,02139,1
20250804,13,02148,4
20250804,13,02171,1
20250804,13,02172,1
20250804,13,02179,1
20250804,13,02185,2
20250804,13,02191,1
20250804,13,03310,1
20250804,13,03311,2
20250804,14,02112,2
20250804,14,02171,1
20250804,14,02172,2
20250804,14,02178,1
20250804,14,02179,1
20250804,14,02185,2
20250804,14,02198,3
20250804,14,03310,2
20250804,14,03311,2
20250804,15,02111,1
20250804,15,02112,2
20250804,15,02116,1
20250804,15,02122,1
20250804,15,02128,1
20250804,15,02129,1
20250804,15,02139,1
20250804,15,02148,2
20250804,15,02171,1
20250804,15,02172,3
20250804,15,02178,1
20250804,15,02198,1
20250804,15,03310,2
20250804,16,02112,1
20250804,16,02116,1
20250804,16,02148,1
20250804,16,02171,3
20250804,16,02172,1
20250804,16,02179,2
20250804,16,02198,1
20250804,16,03802,1
20250804,17,02111,4
20250804,17,02112,1
20250804,17,02116,1
20250804,17,02128,2
20250804,17,02129,3
20250804,17,02139,1
20250804,17,02148,1
20250804,17,02171,3
20250804,17,02172,3
20250804,17,02178,4
20250804,17,02185,1
20250804,17,02186,1
20250804,17,02198,1
20250804,17,03310,1
20250804,17,03311,1
20250804,17,03802,2
20250804,18,02111,3
20250804,18,02112,4
20250804,18,02116,2
20250804,18,02122,4
20250804,18,02128,1
20250804,18,02129,1
20250804,18,02130,1
20250804,18,02139,2
20250804,18,02148,2
20250804,18,02171,8
20250804,18,02172,2
20250804,18,02178,6
20250804,18,02179,2
20250804,18,02185,3
20250804,18,02186,2
20250804,18,02191,3
20250804,18,02198,1
20250804,18,03310,2
20250804,18,03311,8
20250804,18,03802,2
20250804,19,02111,6
20250804,19,02112,4
20250804,19,02116,4
20250804,19,02128,1
20250804,19,02129,5
20250804,19,02143,1
20250804,19,02148,3
20250804,19,02171,1
20250804,19,02172,2
20250804,19,02178,2
20250804,19,02179,7
20250804,19,02185,5
20250804,19,02191,1
20250804,19,02198,2
20250804,19,02199,1
20250804,19,03310,2
20250804,19,03311,5
20250804,19,03802,1
20250804,2,02139,1
20250804,2,02179,1
20250804,20,02111,2
20250804,20,02112,4
20250804,20,02116,7
20250804,20,02122,5
20250804,20,02128,1
20250804,20,02139,1
20250804,20,02143,2
20250804,20,02148,1
20250804,20,02159,1
20250804,20,02171,3
20250804,20,02172,3
20250804,20,02178,3
20250804,20,02179,3
20250804,20,02185,4
20250804,20,02186,4
20250804,20,02191,4
20250804,20,02198,3
20250804,20,02199,1
20250804,20,03310,1
20250804,20,03311,3
20250804,20,03802,2
20250804,21,02111,2
20250804,21,02112,3
20250804,21,02116,1
20250804,21,02122,1
20250804,21,02128,1
20250804,21,02130,1
20250804,21,02148,1
20250804,21,02171,5
20250804,21,02172,1
20250804,21,02185,5
20250804,21,02186,1
20250804,21,02198,4
20250804,21,03310,2
20250804,21,03311,1
20250804,21,03802,2
20250804,22,02111,2
20250804,22,02112,2
20250804,22,02116,1
20250804,22,02122,4
20250804,22,02128,1
20250804,22,02139,1
20250804,22,02143,1
20250804,22,02148,1
20250804,22,02171,1
20250804,22,02172,1
20250804,22,02178,1
20250804,22,02179,1
20250804,22,02185,2
20250804,22,02186,3
20250804,22,02191,5
20250804,22,03311,1
20250804,22,03802,3
20250804,23,02111,2
20250804,23,02112,3
20250804,23,02116,1
20250804,23,02122,2
20250804,23,02129,1
20250804,23,02143,1
20250804,23,02171,4
20250804,23,02178,1
20250804,23,02179,1
20250804,23,02185,4
20250804,23,02186,1
20250804,23,02191,3
20250804,23,02198,1
20250804,23,03311,1
20250804,3,02185,1
20250804,4,02159,1
20250804,4,02198,1
20250804,5,03310,1
20250804,6,02116,1
20250804,6,02148,2
20250804,6,02159,1
20250804,6,02179,1
20250804,6,02185,2
20250804,6,02186,1
20250804,6,02191,1
20250804,6,03802,1
20250804,7,02111,1
20250804,7,02116,1
20250804,7,02122,1
20250804,7,02139,2
20250804,7,02159,1
20250804,7,02185,1
20250804,7,02186,1
20250804,7,02198,3
20250804,7,03310,5
20250804,7,03311,1
20250804,7,03802,4
20250804,8,02111,1
20250804,8,02112,1
20250804,8,02139,3
20250804,8,02148,2
20250804,8,02171,4
20250804,8,02185,3
20250804,8,02186,1
20250804,8,02191,1
20250804,8,03310,2
20250804,8,03311,1
20250804,8,03802,2
20250804,9,02111,1
20250804,9,02116,2
20250804,9,02122,1
20250804,9,02128,1
20250804,9,02148,1
20250804,9,02171,1
20250804,9,02185,1
20250804,9,02198,3
20250804,9,02199,1
20250804,9,03310,1
20250804,9,03802,1
20250805,0,02112,3
20250805,0,02116,1
20250805,0,02171,1
20250805,0,02178,1
20250805,0,02179,3
20250805,0,02185,1
20250805,0,02198,1
20250805,1,02111,1
20250805,1,02112,1
20250805,1,02122,1
20250805,1,02128,1
20250805,1,02139,2
20250805,1,02159,2
20250805,1,02171,1
20250805,1,02179,1
20250805,1,02185,1
20250805,1,02198,1
20250805,1,03310,1
20250805,10,02112,2
20250805,10,02116,1
20250805,10,02122,3
20250805,10,02128,1
20250805,10,02129,2
20250805,10,02148,2
20250805,10,02171,1
20250805,10,02172,2
20250805,10,02179,1
20250805,10,02185,3
20250805,10,02191,2
20250805,10,02198,2
20250805,10,03310,2
20250805,10,03802,3
20250805,11,02111,3
20250805,11,02116,1
20250805,11,02128,1
20250805,11,02143,2
20250805,11,02148,1
20250805,11,02159,2
20250805,11,02178,1
20250805,11,02185,1
20250805,11,02191,1
20250805,11,02198,1
20250805,11,02199,1
20250805,11,03311,2
20250805,11,03802,3
20250805,12,02111,1
20250805,12,02116,1
20250805,12,02122,2
20250805,12,02148,2
20250805,12,02171,1
20250805,12,02172,2
20250805,12,02179,3
20250805,12,02185,1
20250805,12,02191,2
20250805,12,02198,3
20250805,12,02199,2
20250805,12,03310,4
20250805,12,03311,2
20250805,13,02111,2
20250805,13,02112,1
20250805,13,02128,1
20250805,13,02129,2
20250805,13,02130,1
20250805,13,02143,1
20250805,13,02148,2
20250805,13,02172,1
20250805,13,02179,2
20250805,13,02185,1
20250805,13,02186,1
20250805,13,02191,1
20250805,13,02199,3
20250805,13,03311,2
20250805,14,02111,1
20250805,14,02116,1
20250805,14,02122,2
20250805,14,02128,1
20250805,14,02129,2
20250805,14,02143,1
20250805,14,02148,1
20250805,14,02171,1
20250805,14,02172,1
20250805,14,02178,2
20250805,14,02179,1
20250805,14,02185,1
20250805,14,02198,1
20250805,14,02199,1
20250805,14,03310,2
20250805,14,03311,2
20250805,15,02111,2
20250805,15,02112,1
20250805,15,02116,1
20250805,15,02122,3
20250805,15,02129,2
20250805,15,02130,1
20250805,15,02148,2
20250805,15,02171,3
20250805,15,02172,1
20250805,15,02179,2
20250805,15,02185,1
20250805,15,02191,1
20250805,15,03311,3
20250805,16,02111,3
20250805,16,02112,2
20250805,16,02116,1
20250805,16,02130,1
20250805,16,02143,1
20250805,16,02148,1
20250805,16,02171,3
20250805,16,02172,1
20250805,16,02178,1
20250805,16,02179,1
20250805,16,02185,1
20250805,17,02112,3
20250805,17,02122,1
20250805,17,02128,6
20250805,17,02129,3
20250805,17,02139,3
20250805,17,02143,1
20250805,17,02148,2
20250805,17,02171,3
20250805,17,02178,5
20250805,17,02179,2
20250805,17,02185,2
20250805,17,02191,1
20250805,17,03310,2
20250805,17,03311,3
20250805,18,02111,8
20250805,18,02112,3
20250805,18,02116,5
20250805,18,02122,6
20250805,18,02129,3
20250805,18,02130,2
20250805,18,02139,2
20250805,18,02143,1
20250805,18,02148,2
20250805,18,02159,1
20250805,18,02171,6
20250805,18,02172,4
20250805,18,02178,3
20250805,18,02179,7
20250805,18,02185,1
20250805,18,02186,4
20250805,18,02191,2
20250805,18,02199,1
20250805,18,03310,1
20250805,18,03311,5
20250805,18,03802,1
20250805,19,02111,1
20250805,19,02112,3
20250805,19,02116,4
20250805,19,02122,1
20250805,19,02129,1
20250805,19,02148,2
20250805,19,02171,5
20250805,19,02172,3
20250805,19,02178,1
20250805,19,02179,1
20250805,19,02185,4
20250805,19,02186,3
20250805,19,02191,5
20250805,19,02198,2
20250805,19,02199,1
20250805,19,03310,1
20250805,19,03311,3
20250805,2,02112,1
20250805,2,02185,2
20250805,2,02191,1
20250805,2,02198,1
20250805,20,02111,5
20250805,20,02112,3
20250805,20,02116,1
20250805,20,02122,2
20250805,20,02128,1
20250805,20,02129,1
20250805,20,02139,2
20250805,20,02148,1
20250805,20,02159,2
20250805,20,02171,8
20250805,20,02172,1
20250805,20,02178,2
20250805,20,02179,4
20250805,20,02185,5
20250805,20,02186,4
20250805,20,02191,5
20250805,20,02198,3
20250805,20,03310,3
20250805,20,03311,4
20250805,20,03802,4
20250805,21,02111,3
20250805,21,02112,1
20250805,21,02116,3
20250805,21,02129,2
20250805,21,02130,1
20250805,21,02139,2
20250805,21,02143,2
20250805,21,02148,2
20250805,21,02171,3
20250805,21,02172,5
20250805,21,02178,2
20250805,21,02179,2
20250805,21,02185,2
20250805,21,02186,3
20250805,21,02191,1
20250805,21,02198,4
20250805,21,03311,2
20250805,21,03802,7
20250805,22,02111,1
20250805,22,02112,5
20250805,22,02116,3
20250805,22,02122,2
20250805,22,02128,3
20250805,22,02139,3
20250805,22,02159,2
20250805,22,02171,1
20250805,22,02172,2
20250805,22,02178,2
20250805,22,02179,1
20250805,22,02185,1
20250805,22,02186,4
20250805,22,02191,1
20250805,22,02198,1
20250805,22,03310,1
20250805,22,03311,1
20250805,22,03802,3
20250805,23,02111,3
20250805,23,02112,3
20250805,23,02116,2
20250805,23,02122,1
20250805,23,02143,1
20250805,23,02148,1
20250805,23,02171,3
20250805,23,02178,1
20250805,23,02179,4
20250805,23,02185,1
20250805,23,02186,1
20250805,23,02198,2
20250805,23,03311,2
20250805,3,02111,1
20250805,3,02128,1
20250805,3,02139,1
20250805,3,02198,1
20250805,4,02122,1
20250805,4,02178,1
20250805,5,02122,1
20250805,5,02128,1
20250805,5,02179,1
20250805,5,02186,1
20250805,6,02111,1
20250805,6,02116,1
20250805,6,02122,1
20250805,6,02128,1
20250805,6,02148,1
20250805,6,02171,1
20250805,6,02185,2
20250805,6,02191,2
20250805,6,02198,1
20250805,6,03310,1
20250805,6,03802,2
20250805,7,02112,2
20250805,7,02122,2
20250805,7,02139,2
20250805,7,02148,1
20250805,7,02171,2
20250805,7,02172,1
20250805,7,02179,2
20250805,7,02185,3
20250805,7,02191,3
20250805,7,02198,2
20250805,7,02199,1
20250805,7,03310,2
20250805,7,03802,5
20250805,8,02111,3
20250805,8,02112,1
20250805,8,02129,1
20250805,8,02139,3
20250805,8,02143,2
20250805,8,02148,4
20250805,8,02159,1
20250805,8,02171,1
20250805,8,02178,2
20250805,8,02179,2
20250805,8,02185,5
20250805,8,02191,2
20250805,8,03310,5
20250805,8,03311,3
20250805,8,03802,2
20250805,9,02111,1
20250805,9,02112,1
20250805,9,02116,1
20250805,9,02128,3
20250805,9,02139,1
20250805,9,02172,1
20250805,9,02178,1
20250805,9,02185,2
20250805,9,02191,1
20250805,9,02198,2
20250805,9,03310,5
20250805,9,03802,3
20250806,0,02111,4
20250806,0,02112,1
20250806,0,02116,1
20250806,0,02122,1
20250806,0,02129,1
20250806,0,02139,1
20250806,0,02171,4
20250806,0,02178,1
20250806,0,02179,2
20250806,0,02185,2
20250806,1,02111,2
20250806,1,02112,1
20250806,1,02128,2
20250806,1,02143,1
20250806,1,02159,1
20250806,1,02171,2
20250806,1,02185,3
20250806,1,02191,1
20250806,1,02198,1
20250806,10,02129,1
20250806,10,02139,1
20250806,10,02143,1
20250806,10,02171,1
20250806,10,02172,1
20250806,10,02179,2
20250806,10,02185,1
20250806,10,02198,1
20250806,10,02199,1
20250806,10,03310,1
20250806,10,03802,1
20250806,11,02112,2
20250806,11,02128,1
20250806,11,02178,3
20250806,11,02185,2
20250806,11,02198,1
20250806,11,03310,3
20250806,11,03802,4
20250806,12,02111,2
20250806,12,02122,4
20250806,12,02130,1
20250806,12,02171,1
20250806,12,02179,1
20250806,12,02191,1
20250806,12,03310,1
20250806,12,03802,1
20250806,13,02111,1
20250806,13,02112,1
20250806,13,02128,1
20250806,13,02148,1
20250806,13,03310,1
20250806,13,03311,1
20250806,15,03311,1
20250806,16,02111,1
20250806,16,02130,1
20250806,16,02143,1
20250806,16,02171,1
20250806,16,02198,1
20250806,16,03310,1
20250806,16,03311,1
20250806,17,02111,2
20250806,17,02116,1
20250806,17,02122,1
20250806,17,02128,1
20250806,17,02139,2
20250806,17,02171,2
20250806,17,02179,1
20250806,17,02185,1
20250806,17,03310,1
20250806,18,02111,3
20250806,18,02116,2
20250806,18,02143,2
20250806,18,02148,2
20250806,18,02171,3
20250806,18,02172,1
20250806,18,02178,3
20250806,18,02179,6
20250806,18,02185,1
20250806,18,02186,2
20250806,18,02191,4
20250806,18,02198,2
20250806,18,02199,1
20250806,18,03310,2
20250806,18,03311,1
20250806,18,03802,1
20250806,19,02111,2
20250806,19,02116,1
20250806,19,02122,2
20250806,19,02128,3
20250806,19,02139,1
20250806,19,02143,2
20250806,19,02148,3
20250806,19,02171,5
20250806,19,02172,2
20250806,19,02178,1
20250806,19,02179,2
20250806,19,02186,1
20250806,19,02191,2
20250806,19,02198,2
20250806,19,03311,5
20250806,19,03802,2
20250806,2,02128,2
20250806,2,02129,1
20250806,2,02159,1
20250806,2,02185,1
20250806,2,02191,1
20250806,2,02198,1
20250806,2,03311,1
20250806,20,02111,3
20250806,20,02112,4
20250806,20,02116,1
20250806,20,02122,2
20250806,20,02129,2
20250806,20,02139,1
20250806,20,02148,1
20250806,20,02171,3
20250806,20,02172,2
20250806,20,02179,1
20250806,20,02185,2
20250806,20,02186,2
20250806,20,02191,2
20250806,20,02198,2
20250806,20,02199,1
20250806,20,03310,1
20250806,20,03311,3
20250806,20,03802,2
20250806,21,02111,2
20250806,21,02112,2
20250806,21,02116,1
20250806,21,02122,1
20250806,21,02128,1
20250806,21,02139,1
20250806,21,02148,1
20250806,21,02171,4
20250806,21,02172,4
20250806,21,02178,5
20250806,21,02179,2
20250806,21,02185,2
20250806,21,02186,1
20250806,21,02198,4
20250806,21,03311,3
20250806,21,03802,2
20250806,22,02111,4
20250806,22,02112,2
20250806,22,02116,6
20250806,22,02128,3
20250806,22,02129,1
20250806,22,02139,2
20250806,22,02148,1
20250806,22,02178,1
20250806,22,02179,2
20250806,22,02186,2
20250806,22,02191,1
20250806,22,02198,1
20250806,22,02199,2
20250806,22,03311,2
20250806,22,03802,1
20250806,23,02111,2
20250806,23,02112,2
20250806,23,02139,1
20250806,23,02171,2
20250806,23,02172,4
20250806,23,02178,1
20250806,23,02186,2
20250806,23,02191,1
20250806,23,03311,3
20250806,3,02185,1
20250806,4,02122,1
20250806,4,02179,1
20250806,4,02191,1
20250806,5,02111,2
20250806,5,02179,1
20250806,5,02186,1
20250806,6,02111,3
20250806,6,02122,1
20250806,6,02128,1
20250806,6,02129,1
20250806,6,02148,2
20250806,6,02172,1
20250806,6,02185,2
20250806,6,02191,1
20250806,6,03310,1
20250806,6,03802,2
20250806,7,02111,2
20250806,7,02112,2
20250806,7,02122,1
20250806,7,02129,1
20250806,7,02143,1
20250806,7,02148,1
20250806,7,02171,1
20250806,7,02179,2
20250806,7,02185,1
20250806,7,02186,1
20250806,7,02191,2
20250806,7,02198,5
20250806,7,03310,5
20250806,7,03802,6
20250806,8,02111,2
20250806,8,02112,4
20250806,8,02139,2
20250806,8,02143,2
20250806,8,02148,2
20250806,8,02171,1
20250806,8,02179,2
20250806,8,02185,2
20250806,8,02191,1
20250806,8,03310,2
20250806,8,03311,1
20250806,8,03802,1
20250806,9,02128,1
20250806,9,02139,2
20250806,9,02143,1
20250806,9,02171,1
20250806,9,02172,1
20250806,9,02185,2
20250806,9,02191,1
20250806,9,02198,2
20250806,9,02199,1
20250806,9,03310,4
20250806,9,03802,3
20250807,0,02111,1
20250807,0,02128,1
20250807,0,02171,1
20250807,0,02172,1
20250807,0,02179,4
20250807,0,02185,1
20250807,0,02191,1
20250807,0,02198,1
20250807,0,02199,1
20250807,1,02111,2
20250807,1,02112,1
20250807,1,02116,2
20250807,1,02122,1
20250807,1,02159,1
20250807,1,02179,4
20250807,1,02186,1
20250807,1,03311,1
20250807,10,02111,1
20250807,10,02112,1
20250807,10,02122,2
20250807,10,02128,3
20250807,10,02139,1
20250807,10,02148,1
20250807,10,02159,1
20250807,10,02171,1
20250807,10,02172,1
20250807,10,02179,1
20250807,10,02185,2
20250807,10,02198,2
20250807,10,03310,3
20250807,10,03802,1
20250807,11,02111,2
20250807,11,02116,2
20250807,11,02128,1
20250807,11,02139,2
20250807,11,02148,1
20250807,11,02171,1
20250807,11,02172,3
20250807,11,02179,1
20250807,11,02186,2
20250807,11,02191,1
20250807,11,02198,1
20250807,11,02199,1
20250807,11,03310,4
20250807,11,03311,1
20250807,11,03802,3
20250807,12,02112,2
20250807,12,02139,2
20250807,12,02148,1
20250807,12,02171,1
20250807,12,02172,3
20250807,12,02178,2
20250807,12,02179,4
20250807,12,02185,1
20250807,12,02198,1
20250807,12,03310,1
20250807,12,03311,1
20250807,12,03802,1
20250807,13,02111,2
20250807,13,02112,1
20250807,13,02122,1
20250807,13,02143,1
20250807,13,02148,1
20250807,13,02179,1
20250807,13,02185,1
20250807,13,02191,1
20250807,13,02198,1
20250807,13,03310,1
20250807,13,03311,1
20250807,14,02143,2
20250807,14,02185,1
20250807,15,02112,2
20250807,15,02116,3
20250807,15,02139,1
20250807,15,02148,2
20250807,15,02171,1
20250807,15,02172,1
20250807,15,02179,1
20250807,15,02185,1
20250807,15,02198,1
20250807,15,03310,3
20250807,15,03311,2
20250807,16,02112,1
20250807,16,02148,1
20250807,16,02171,2
20250807,16,02172,3
20250807,16,02179,3
20250807,16,02185,1
20250807,16,02186,1
20250807,16,02191,1
20250807,16,02198,5
20250807,16,03311,2
20250807,17,02112,1
20250807,17,02122,1
20250807,17,02128,2
20250807,17,02129,4
20250807,17,02130,1
20250807,17,02139,1
20250807,17,02143,1
20250807,17,02171,5
20250807,17,02172,3
20250807,17,02178,4
20250807,17,02179,4
20250807,17,02185,1
20250807,17,02186,2
20250807,17,03310,1
20250807,17,03311,2
20250807,18,02111,2
20250807,18,02116,1
20250807,18,02128,1
20250807,18,02129,2
20250807,18,02130,2
20250807,18,02139,3
20250807,18,02148,1
20250807,18,02159,1
20250807,18,02171,3
20250807,18,02172,2
20250807,18,02178,6
20250807,18,02179,2
20250807,18,02185,4
20250807,18,02186,2
20250807,18,02191,4
20250807,18,02198,2
20250807,18,03310,1
20250807,18,03311,8
20250807,18,03802,2
20250807,19,02111,7
20250807,19,02112,3
20250807,19,02116,3
20250807,19,02122,1
20250807,19,02128,1
20250807,19,02148,2
20250807,19,02171,6
20250807,19,02172,4
20250807,19,02178,1
20250807,19,02179,4
20250807,19,02185,3
20250807,19,02186,1
20250807,19,02191,1
20250807,19,02198,2
20250807,19,03311,3
20250807,19,03802,3
20250807,2,02111,3
20250807,2,02171,1
20250807,2,02179,1
20250807,2,02185,2
20250807,2,02191,1
20250807,2,02198,1
20250807,2,03311,3
20250807,20,02111,5
20250807,20,02112,1
20250807,20,02116,3
20250807,20,02122,4
20250807,20,02128,1
20250807,20,02129,1
20250807,20,02139,1
20250807,20,02148,2
20250807,20,02171,4
20250807,20,02172,1
20250807,20,02178,3
20250807,20,02179,6
20250807,20,02185,1
20250807,20,02186,2
20250807,20,02191,4
20250807,20,02198,1
20250807,20,02199,1
20250807,20,03311,2
20250807,20,03802,3
20250807,21,02111,5
20250807,21,02116,3
20250807,21,02128,1
20250807,21,02130,1
20250807,21,02139,2
20250807,21,02148,1
20250807,21,02171,2
20250807,21,02172,7
20250807,21,02178,2
20250807,21,02185,2
20250807,21,02186,3
20250807,21,02191,1
20250807,21,02198,1
20250807,21,02199,1
20250807,21,03311,1
20250807,21,03802,4
20250807,22,02111,5
20250807,22,02112,2
20250807,22,02122,7
20250807,22,02128,1
20250807,22,02129,1
20250807,22,02139,1
20250807,22,02159,4
20250807,22,02171,1
20250807,22,02172,4
20250807,22,02178,1
20250807,22,02179,1
20250807,22,02185,6
20250807,22,02186,5
20250807,22,02191,1
20250807,22,02199,1
20250807,23,02111,3
20250807,23,02116,2
20250807,23,02122,1
20250807,23,02129,1
20250807,23,02139,2
20250807,23,02171,1
20250807,23,02172,1
20250807,23,02178,1
20250807,23,02179,3
20250807,23,02185,1
20250807,23,02186,3
20250807,23,02198,2
20250807,23,03311,2
20250807,3,02191,1
20250807,3,02198,1
20250807,4,02122,2
20250807,4,02143,1
20250807,4,02148,1
20250807,4,02185,1
20250807,4,02186,1
20250807,4,02191,1
20250807,4,02198,1
20250807,5,02122,1
20250807,5,02130,1
20250807,5,02178,1
20250807,5,02185,1
20250807,5,02186,3
20250807,5,02198,1
20250807,6,02111,1
20250807,6,02112,1
20250807,6,02116,1
20250807,6,02122,1
20250807,6,02128,1
20250807,6,02148,1
20250807,6,02159,1
20250807,6,02185,1
20250807,6,02191,2
20250807,6,02198,1
20250807,6,03310,1
20250807,6,03802,1
20250807,7,02111,1
20250807,7,02122,1
20250807,7,02128,2
20250807,7,02129,1
20250807,7,02139,2
20250807,7,02148,3
20250807,7,02171,1
20250807,7,02178,1
20250807,7,02179,2
20250807,7,02185,4
20250807,7,02186,1
20250807,7,02191,1
20250807,7,02198,2
20250807,7,02199,1
20250807,7,03310,1
20250807,7,03311,1
20250807,7,03802,4
20250807,8,02111,2
20250807,8,02116,1
20250807,8,02130,1
20250807,8,02139,3
20250807,8,02143,2
20250807,8,02148,2
20250807,8,02171,1
20250807,8,02172,2
20250807,8,02179,4
20250807,8,02185,4
20250807,8,02191,6
20250807,8,02198,1
20250807,8,03311,3
20250807,8,03802,2
20250807,9,02116,1
20250807,9,02128,2
20250807,9,02130,1
20250807,9,02148,1
20250807,9,02171,2
20250807,9,02178,1
20250807,9,02179,1
20250807,9,02185,2
20250807,9,02191,1
20250807,9,02198,2
20250807,9,03310,2
20250807,9,03802,4
20250808,0,02111,3
20250808,0,02112,1
20250808,0,02116,2
20250808,0,02148,1
20250808,0,02171,3
20250808,0,02172,3
20250808,0,02178,1
20250808,0,02179,2
20250808,0,02185,2
20250808,0,02186,2
20250808,1,02111,1
20250808,1,02139,1
20250808,1,02143,1
20250808,1,02148,1
20250808,1,02171,1
20250808,1,02172,1
20250808,1,02185,3
20250808,1,02198,2
20250808,10,02111,1
20250808,10,02112,1
20250808,10,02116,1
20250808,10,02128,1
20250808,10,02129,1
20250808,10,02148,3
20250808,10,02159,2
20250808,10,02171,2
20250808,10,02179,1
20250808,10,02185,2
20250808,10,02186,3
20250808,10,02198,1
20250808,10,03311,1
20250808,11,02111,4
20250808,11,02112,1
20250808,11,02129,1
20250808,11,02148,1
20250808,11,02159,3
20250808,11,02171,2
20250808,11,02172,2
20250808,11,02178,2
20250808,11,02185,2
20250808,11,02191,1
20250808,11,02198,1
20250808,11,03802,2
20250808,12,02111,2
20250808,12,02112,2
20250808,12,02122,1
20250808,12,02129,2
20250808,12,02139,1
20250808,12,02143,1
20250808,12,02148,1
20250808,12,02171,1
20250808,12,02172,1
20250808,12,02179,1
20250808,12,02185,2
20250808,12,02191,1
20250808,12,02198,4
20250808,12,03311,2
20250808,12,03802,1
20250808,13,02111,1
20250808,13,02116,1
20250808,13,02122,1
20250808,13,02172,2
20250808,13,02178,1
20250808,13,02179,2
20250808,13,02185,2
20250808,13,02186,1
20250808,14,02111,1
20250808,14,02112,3
20250808,14,02122,1
20250808,14,02139,1
20250808,14,02148,2
20250808,14,02159,2
20250808,14,02171,1
20250808,14,02179,1
20250808,14,02185,1
20250808,14,02186,2
20250808,14,02191,1
20250808,14,02198,1
20250808,14,03311,1
20250808,15,02112,2
20250808,15,02122,2
20250808,15,02129,3
20250808,15,02143,2
20250808,15,02148,2
20250808,15,02172,1
20250808,15,02178,3
20250808,15,02179,1
20250808,15,02185,4
20250808,15,02191,2
20250808,15,03311,3
20250808,16,02111,4
20250808,16,02128,2
20250808,16,02129,1
20250808,16,02130,2
20250808,16,02171,5
20250808,16,02172,1
20250808,16,02178,3
20250808,16,02179,2
20250808,16,02185,2
20250808,16,02191,3
20250808,16,02198,1
20250808,16,03311,1
20250808,17,02111,3
20250808,17,02112,2
20250808,17,02116,3
20250808,17,02122,1
20250808,17,02129,2
20250808,17,02139,1
20250808,17,02148,2
20250808,17,02159,1
20250808,17,02171,8
20250808,17,02172,2
20250808,17,02178,1
20250808,17,02179,2
20250808,17,02185,5
20250808,17,02198,4
20250808,17,03310,1
20250808,17,03311,1
20250808,17,03802,1
20250808,18,02111,7
20250808,18,02112,2
20250808,18,02116,4
20250808,18,02122,1
20250808,18,02128,1
20250808,18,02129,3
20250808,18,02130,2
20250808,18,02139,3
20250808,18,02143,1
20250808,18,02148,1
20250808,18,02159,2
20250808,18,02171,6
20250808,18,02178,2
20250808,18,02179,3
20250808,18,02185,2
20250808,18,02186,1
20250808,18,02191,3
20250808,18,02198,2
20250808,18,03310,5
20250808,18,03311,3
20250808,18,03802,2
20250808,19,02111,3
20250808,19,02116,4
20250808,19,02122,1
20250808,19,02128,1
20250808,19,02139,3
20250808,19,02143,3
20250808,19,02148,2
20250808,19,02171,2
20250808,19,02178,3
20250808,19,02179,5
20250808,19,02185,2
20250808,19,02191,2
20250808,19,02198,3
20250808,19,03310,2
20250808,19,03311,5
20250808,19,03802,5
20250808,2,02111,3
20250808,2,02116,1
20250808,2,02128,1
20250808,2,02139,1
20250808,2,02179,1
20250808,2,02185,2
20250808,20,02111,2
20250808,20,02112,6
20250808,20,02122,1
20250808,20,02130,1
20250808,20,02148,2
20250808,20,02159,2
20250808,20,02171,2
20250808,20,02172,2
20250808,20,02178,2
20250808,20,02179,5
20250808,20,02185,2
20250808,20,02191,1
20250808,20,02198,6
20250808,20,02199,1
20250808,20,03311,2
20250808,21,02112,8
20250808,21,02116,1
20250808,21,02122,1
20250808,21,02128,1
20250808,21,02129,1
20250808,21,02130,1
20250808,21,02139,1
20250808,21,02148,3
20250808,21,02171,2
20250808,21,02178,1
20250808,21,02179,4
20250808,21,02185,1
20250808,21,02186,1
20250808,21,02191,3
20250808,21,02198,3
20250808,21,03310,2
20250808,21,03311,3
20250808,21,03802,2
20250808,22,02111,2
20250808,22,02112,4
20250808,22,02139,1
20250808,22,02159,2
20250808,22,02171,3
20250808,22,02172,1
20250808,22,02178,3
20250808,22,02179,3
20250808,22,02185,4
20250808,22,02186,2
20250808,22,02198,1
20250808,23,02111,3
20250808,23,02112,2
20250808,23,02116,1
20250808,23,02122,1
20250808,23,02128,2
20250808,23,02139,1
20250808,23,02148,1
20250808,23,02171,3
20250808,23,02178,2
20250808,23,02185,1
20250808,23,02191,3
20250808,23,02198,3
20250808,23,02199,1
20250808,23,03311,1
20250808,3,02111,1
20250808,3,02171,1
20250808,3,02185,2
20250808,3,02191,2
20250808,3,02198,3
20250808,4,02111,1
20250808,4,02122,1
20250808,4,02129,1
20250808,4,02143,1
20250808,4,02159,2
20250808,4,02179,1
20250808,4,02185,3
20250808,5,02111,1
20250808,5,02128,2
20250808,5,02130,1
20250808,5,02148,1
20250808,5,02179,1
20250808,5,02185,2
20250808,5,02186,1
20250808,5,03311,1
20250808,6,02111,2
20250808,6,02116,1
20250808,6,02139,1
20250808,6,02148,2
20250808,6,02159,1
20250808,6,02172,1
20250808,6,02179,2
20250808,6,02185,2
20250808,6,02191,3
20250808,7,02111,1
20250808,7,02112,2
20250808,7,02116,1
20250808,7,02128,1
20250808,7,02129,1
20250808,7,02139,3
20250808,7,02148,2
20250808,7,02171,2
20250808,7,02179,2
20250808,7,02185,2
20250808,7,02191,4
20250808,7,02199,1
20250808,7,03802,4
20250808,8,02111,1
20250808,8,02122,1
20250808,8,02139,3
20250808,8,02143,1
20250808,8,02148,2
20250808,8,02159,1
20250808,8,02171,2
20250808,8,02172,1
20250808,8,02178,1
20250808,8,02179,2
20250808,8,02185,5
20250808,8,02191,2
20250808,8,03311,2
20250808,8,03802,3
20250808,9,02111,2
20250808,9,02112,2
20250808,9,02116,1
20250808,9,02122,2
20250808,9,02128,3
20250808,9,02130,1
20250808,9,02148,1
20250808,9,02171,2
20250808,9,02185,1
20250808,9,02198,1
20250808,9,03802,2
20250809,0,02112,3
20250809,0,02128,5
20250809,0,02148,1
20250809,0,02171,3
20250809,0,02172,1
20250809,0,02178,2
20250809,0,02179,3
20250809,0,02185,1
20250809,0,02198,1
20250809,0,03310,1
20250809,1,02111,1
20250809,1,02112,1
20250809,1,02116,1
20250809,1,02122,1
20250809,1,02128,2
20250809,1,02139,2
20250809,1,02148,1
20250809,1,02171,2
20250809,1,02172,1
20250809,1,02179,2
20250809,1,02185,4
20250809,1,02186,1
20250809,1,02191,2
20250809,1,02198,1
20250809,10,02112,1
20250809,10,02116,3
20250809,10,02122,1
20250809,10,02129,1
20250809,10,02139,1
20250809,10,02171,1
20250809,10,02172,1
20250809,10,02179,1
20250809,10,02185,1
20250809,10,03310,2
20250809,11,02111,2
20250809,11,02128,1
20250809,11,02129,1
20250809,11,02171,1
20250809,11,02172,2
20250809,11,02178,2
20250809,11,02186,1
20250809,11,02191,1
20250809,11,02198,2
20250809,11,03310,1
20250809,11,03311,1
20250809,12,02129,1
20250809,12,02148,1
20250809,12,02171,2
20250809,12,02172,4
20250809,12,02179,1
20250809,12,02185,4
20250809,12,02198,3
20250809,12,02199,1
20250809,12,03310,1
20250809,13,02116,2
20250809,13,02122,2
20250809,13,02148,1
20250809,13,02159,1
20250809,13,02171,3
20250809,13,02172,1
20250809,13,02191,1
20250809,13,03310,1
20250809,13,03311,1
20250809,14,02111,3
20250809,14,02112,1
20250809,14,02116,2
20250809,14,02122,1
20250809,14,02128,1
20250809,14,02148,3
20250809,14,02171,2
20250809,14,02172,3
20250809,14,02178,1
20250809,14,02179,4
20250809,14,02185,1
20250809,14,02186,1
20250809,14,02191,2
20250809,14,03311,2
20250809,15,02111,4
20250809,15,02112,1
20250809,15,02116,1
20250809,15,02139,1
20250809,15,02171,5
20250809,15,02172,3
20250809,15,02179,1
20250809,15,02185,3
20250809,15,02191,2
20250809,15,02198,1
20250809,15,03311,2
20250809,16,02111,1
20250809,16,02116,1
20250809,16,02122,2
20250809,16,02128,3
20250809,16,02130,1
20250809,16,02139,2
20250809,16,02159,1
20250809,16,02171,1
20250809,16,02179,2
20250809,16,02185,2
20250809,16,02186,2
20250809,16,02191,1
20250809,16,02198,2
20250809,16,03310,3
20250809,16,03311,3
20250809,17,02111,4
20250809,17,02112,3
20250809,17,02128,1
20250809,17,02130,1
20250809,17,02143,1
20250809,17,02171,3
20250809,17,02172,5
20250809,17,02178,1
20250809,17,02179,2
20250809,17,02185,5
20250809,17,02186,2
20250809,17,02191,2
20250809,17,02198,1
20250809,17,02199,1
20250809,17,03310,3
20250809,17,03311,3
20250809,17,03802,3
20250809,18,02111,1
20250809,18,02112,3
20250809,18,02122,2
20250809,18,02128,1
20250809,18,02130,1
20250809,18,02139,2
20250809,18,02148,1
20250809,18,02159,1
20250809,18,02171,3
20250809,18,02172,5
20250809,18,02178,2
20250809,18,02179,4
20250809,18,02185,1
20250809,18,02191,3
20250809,18,02198,3
20250809,18,03310,1
20250809,18,03311,6
20250809,18,03802,1
20250809,19,02112,1
20250809,19,02116,2
20250809,19,02143,1
20250809,19,02148,1
20250809,19,02171,1
20250809,19,02185,4
20250809,19,02191,2
20250809,19,02198,1
20250809,19,02199,3
20250809,2,02116,1
20250809,2,02128,1
20250809,2,02148,1
20250809,2,02171,1
20250809,2,02191,1
20250809,2,02198,4
20250809,2,03311,1
20250809,20,02111,1
20250809,20,02112,4
20250809,20,02122,1
20250809,20,02139,1
20250809,20,02148,2
20250809,20,02171,7
20250809,20,02172,1
20250809,20,02178,1
20250809,20,02179,5
20250809,20,02185,2
20250809,20,02191,4
20250809,20,02198,2
20250809,20,03310,3
20250809,20,03311,2
20250809,20,03802,2
20250809,21,02111,2
20250809,21,02112,1
20250809,21,02116,1
20250809,21,02122,1
20250809,21,02128,2
20250809,21,02139,1
20250809,21,02148,1
20250809,21,02159,1
20250809,21,02171,3
20250809,21,02172,1
20250809,21,02179,5
20250809,21,02185,1
20250809,21,02186,1
20250809,21,02191,2
20250809,21,02198,1
20250809,21,02199,1
20250809,21,03310,1
20250809,21,03311,3
20250809,21,03802,1
20250809,22,02111,1
20250809,22,02112,4
20250809,22,02116,5
20250809,22,02122,2
20250809,22,02128,1
20250809,22,02129,1
20250809,22,02130,2
20250809,22,02139,2
20250809,22,02143,1
20250809,22,02148,1
20250809,22,02159,1
20250809,22,02172,3
20250809,22,02178,1
20250809,22,02179,1
20250809,22,02185,3
20250809,22,02191,1
20250809,22,02198,1
20250809,22,03310,1
20250809,23,02111,2
20250809,23,02112,1
20250809,23,02116,1
20250809,23,02122,2
20250809,23,02139,1
20250809,23,02143,1
20250809,23,02148,1
20250809,23,02172,2
20250809,23,02178,2
20250809,23,02179,1
20250809,23,02185,1
20250809,23,02186,1
20250809,23,02199,1
20250809,3,02130,1
20250809,3,02159,1
20250809,3,02179,1
20250809,3,02185,1
20250809,3,02186,1
20250809,3,02198,1
20250809,4,02111,1
20250809,4,02122,2
20250809,4,02159,1
20250809,4,02171,1
20250809,4,02185,1
20250809,4,02198,1
20250809,5,02179,1
20250809,5,02185,1
20250809,5,02186,1
20250809,5,03310,2
20250809,6,02139,1
20250809,6,02172,1
20250809,6,02185,3
20250809,6,02191,2
20250809,6,03310,1
20250809,6,03802,1
20250809,7,02112,1
20250809,7,02129,1
20250809,7,02130,1
20250809,7,02148,1
20250809,7,02159,1
20250809,7,02171,2
20250809,7,02172,1
20250809,7,02191,1
20250809,7,03311,1
20250809,7,03802,1
20250809,8,02111,1
20250809,8,02139,1
20250809,8,02143,1
20250809,8,02171,1
20250809,8,02172,3
20250809,8,02178,2
20250809,8,02191,1
20250809,8,03802,1
20250809,9,02139,1
20250809,9,02143,3
20250809,9,02148,1
20250809,9,02178,1
20250809,9,02179,2
20250809,9,02185,1
20250809,9,02198,1
20250809,9,03310,1
20250810,0,02111,3
20250810,0,02112,1
20250810,0,02116,2
20250810,0,02122,1
20250810,0,02128,1
20250810,0,02139,1
20250810,0,02148,2
20250810,0,02171,6
20250810,0,02172,1
20250810,0,02178,4
20250810,0,02179,1
20250810,0,02185,4
20250810,0,02186,2
20250810,0,02191,1
20250810,0,02198,3
20250810,0,02199,1
20250810,0,03311,1
20250810,1,02111,3
20250810,1,02116,2
20250810,1,02122,1
20250810,1,02128,1
20250810,1,02139,1
20250810,1,02172,2
20250810,1,02179,2
20250810,1,02185,3
20250810,10,02112,1
20250810,10,02143,1
20250810,10,02148,1
20250810,10,02171,1
20250810,10,02172,4
20250810,10,02179,1
20250810,10,02185,1
20250810,10,02186,3
20250810,10,02198,2
20250810,10,02199,1
20250810,10,03310,1
20250810,10,03311,1
20250810,10,03802,1
20250810,11,02112,1
20250810,11,02122,1
20250810,11,02128,1
20250810,11,02130,4
20250810,11,02139,1
20250810,11,02143,1
20250810,11,02148,1
20250810,11,02159,3
20250810,11,02171,1
20250810,11,02172,4
20250810,11,02178,2
20250810,11,02185,2
20250810,11,02186,1
20250810,11,02191,1
20250810,11,02198,2
20250810,11,03310,1
20250810,11,03311,1
20250810,11,03802,3
20250810,12,02122,2
20250810,12,02128,1
20250810,12,02139,2
20250810,12,02159,1
20250810,12,02171,3
20250810,12,02172,3
20250810,12,02179,2
20250810,12,02185,4
20250810,12,02191,1
20250810,12,02198,2
20250810,12,02199,1
20250810,12,03310,1
20250810,13,02111,1
20250810,13,02112,2
20250810,13,02116,2
20250810,13,02128,2
20250810,13,02130,1
20250810,13,02139,3
20250810,13,02159,1
20250810,13,02171,1
20250810,13,02172,3
20250810,13,02178,3
20250810,13,02179,1
20250810,13,02185,2
20250810,13,02198,2
20250810,13,03310,3
20250810,13,03311,1
20250810,14,02111,2
20250810,14,02112,1
20250810,14,02116,2
20250810,14,02122,1
20250810,14,02128,1
20250810,14,02143,1
20250810,14,02172,5
20250810,14,02185,2
20250810,14,02191,1
20250810,14,03310,3
20250810,15,02111,1
20250810,15,02139,2
20250810,15,02148,2
20250810,15,02172,2
20250810,15,02178,2
20250810,15,02185,2
20250810,15,02186,1
20250810,15,02191,2
20250810,15,02198,1
20250810,16,02111,1
20250810,16,02112,2
20250810,16,02116,4
20250810,16,02128,1
20250810,16,02139,1
20250810,16,02143,2
20250810,16,02148,1
20250810,16,02172,4
20250810,16,02178,1
20250810,16,02179,6
20250810,16,02185,1
20250810,16,02186,1
20250810,17,02112,1
20250810,17,02116,2
20250810,17,02122,1
20250810,17,02128,1
20250810,17,02143,1
20250810,17,02148,2
20250810,17,02159,2
20250810,17,02171,5
20250810,17,02172,4
20250810,17,02178,2
20250810,17,02179,5
20250810,17,02186,2
20250810,17,02198,1
20250810,17,03311,2
20250810,18,02111,5
20250810,18,02112,3
20250810,18,02122,2
20250810,18,02139,2
20250810,18,02148,1
20250810,18,02159,1
20250810,18,02171,3
20250810,18,02172,4
20250810,18,02178,2
20250810,18,02179,3
20250810,18,02185,6
20250810,18,02191,2
20250810,18,02198,1
20250810,18,03311,2
20250810,19,02111,1
20250810,19,02112,3
20250810,19,02116,2
20250810,19,02128,1
20250810,19,02159,2
20250810,19,02171,2
20250810,19,02172,1
20250810,19,02178,1
20250810,19,02179,5
20250810,19,02185,5
20250810,19,02186,1
20250810,19,02191,1
20250810,19,02198,1
20250810,19,02199,3
20250810,19,03310,2
20250810,19,03311,2
20250810,2,02111,1
20250810,2,02171,3
20250810,2,02172,1
20250810,2,02179,4
20250810,2,02191,1
20250810,2,02198,1
20250810,20,02111,3
20250810,20,02112,2
20250810,20,02116,3
20250810,20,02128,1
20250810,20,02129,1
20250810,20,02143,1
20250810,20,02148,2
20250810,20,02159,1
20250810,20,02171,3
20250810,20,02178,1
20250810,20,02179,5
20250810,20,02185,2
20250810,20,02186,1
20250810,20,02191,4
20250810,20,02198,1
20250810,20,03310,1
20250810,20,03311,3
20250810,21,02111,1
20250810,21,02112,3
20250810,21,02116,2
20250810,21,02122,2
20250810,21,02143,2
20250810,21,02148,1
20250810,21,02159,1
20250810,21,02171,1
20250810,21,02172,3
20250810,21,02185,6
20250810,21,02191,2
20250810,21,02198,2
20250810,22,02111,5
20250810,22,02112,3
20250810,22,02128,1
20250810,22,02139,1
20250810,22,02143,1
20250810,22,02148,1
20250810,22,02159,1
20250810,22,02171,2
20250810,22,02172,3
20250810,22,02178,1
20250810,22,02179,1
20250810,22,02185,2
20250810,22,02186,3
20250810,22,02191,1
20250810,22,02199,1
20250810,22,03311,2
20250810,23,02111,2
20250810,23,02116,1
20250810,23,02129,2
20250810,23,02130,1
20250810,23,02139,1
20250810,23,02148,1
20250810,23,02171,2
20250810,23,02178,2
20250810,23,02179,3
20250810,23,02185,1
20250810,23,02191,2
20250810,23,03310,1
20250810,3,02111,1
20250810,3,02122,1
20250810,3,02129,1
20250810,3,02139,1
20250810,3,02178,1
20250810,3,02179,1
20250810,3,02191,2
20250810,3,02198,1
20250810,3,03310,1
20250810,4,02139,1
20250810,5,02112,1
20250810,5,02122,1
20250810,5,02139,1
20250810,5,02185,1
20250810,5,03310,3
20250810,6,02159,1
20250810,6,02178,1
20250810,6,02185,1
20250810,6,02191,5
20250810,7,02112,1
20250810,7,02143,1
20250810,7,02171,1
20250810,7,02172,1
20250810,7,02179,1
20250810,7,02198,2
20250810,7,03310,1
20250810,8,02122,2
20250810,8,02130,2
20250810,8,02139,1
20250810,8,02171,2
20250810,8,02178,1
20250810,8,02186,1
20250810,8,02191,2
20250810,9,02111,1
20250810,9,02112,1
20250810,9,02122,1
20250810,9,02148,2
20250810,9,02171,1
20250810,9,02172,2
20250810,9,02178,2
20250810,9,02179,3
20250810,9,02185,2
20250810,9,02191,2
20250810,9,03311,1
20250810,9,03802,1
20250811,0,02111,3
20250811,0,02122,1
20250811,0,02128,1
20250811,0,02148,1
20250811,0,02171,6
20250811,0,02178,3
20250811,0,02179,2
20250811,0,02185,1
20250811,0,02198,1
20250811,0,03311,5
20250811,1,02111,2
20250811,1,02116,2
20250811,1,02159,1
20250811,1,02171,2
20250811,1,02179,1
20250811,1,02185,2
20250811,1,02198,2
20250811,10,02111,3
20250811,10,02116,2
20250811,10,02122,1
20250811,10,02129,3
20250811,10,02148,2
20250811,10,02171,1
20250811,10,02172,1
20250811,10,02178,2
20250811,10,02179,2
20250811,10,02185,2
20250811,10,02198,2
20250811,10,03311,1
20250811,10,03802,2
20250811,11,02111,1
20250811,11,02112,1
20250811,11,02128,1
20250811,11,02139,1
20250811,11,02171,1
20250811,11,02178,3
20250811,11,02179,1
20250811,11,02185,1
20250811,11,02186,2
20250811,11,02191,7
20250811,11,02198,5
20250811,11,03310,2
20250811,11,03311,2
20250811,11,03802,5
20250811,12,02111,1
20250811,12,02112,1
20250811,12,02116,1
20250811,12,02128,1
20250811,12,02171,1
20250811,12,02172,2
20250811,12,02178,1
20250811,12,02179,2
20250811,12,02191,4
20250811,12,02198,2
20250811,12,02199,1
20250811,12,03310,1
20250811,12,03311,1
20250811,12,03802,1
20250811,13,02111,1
20250811,13,02112,1
20250811,13,02148,3
20250811,13,02159,1
20250811,13,02172,3
20250811,13,02179,2
20250811,13,02185,1
20250811,13,02186,2
20250811,13,02191,1
20250811,13,03310,1
20250811,13,03311,1
20250811,14,02111,4
20250811,14,02112,3
20250811,14,02116,1
20250811,14,02128,1
20250811,14,02148,1
20250811,14,02171,2
20250811,14,02172,1
20250811,14,02178,1
20250811,14,02179,3
20250811,14,02185,5
20250811,14,02191,2
20250811,14,02198,2
20250811,14,02199,1
20250811,14,03310,2
20250811,14,03311,1
20250811,15,02111,1
20250811,15,02116,1
20250811,15,02139,1
20250811,15,02143,1
20250811,15,02148,3
20250811,15,02171,3
20250811,15,02172,1
20250811,15,02191,3
20250811,15,02198,2
20250811,16,02111,2
20250811,16,02116,1
20250811,16,02129,3
20250811,16,02130,1
20250811,16,02139,3
20250811,16,02148,2
20250811,16,02159,2
20250811,16,02171,1
20250811,16,02172,1
20250811,16,02178,2
20250811,16,02179,5
20250811,16,02185,2
20250811,16,02198,1
20250811,16,03310,1
20250811,17,02111,1
20250811,17,02112,2
20250811,17,02128,3
20250811,17,02139,2
20250811,17,02143,1
20250811,17,02148,1
20250811,17,02171,2
20250811,17,02172,1
20250811,17,02179,2
20250811,17,02185,2
20250811,17,02186,1
20250811,17,02191,4
20250811,17,03310,1
20250811,17,03311,3
20250811,17,03802,1
20250811,18,02111,1
20250811,18,02112,3
20250811,18,02116,1
20250811,18,02128,2
20250811,18,02148,4
20250811,18,02171,3
20250811,18,02172,2
20250811,18,02178,2
20250811,18,02185,1
20250811,18,03310,1
20250811,18,03311,2
20250811,19,02111,1
20250811,19,02112,1
20250811,19,02116,2
20250811,19,02122,3
20250811,19,02129,1
20250811,19,02130,1
20250811,19,02139,1
20250811,19,02143,1
20250811,19,02148,4
20250811,19,02171,4
20250811,19,02172,4
20250811,19,02179,2
20250811,19,02185,5
20250811,19,02186,1
20250811,19,02191,3
20250811,19,02198,1
20250811,19,03311,2
20250811,19,03802,3
20250811,2,02111,1
20250811,2,02112,3
20250811,2,02128,1
20250811,2,02129,1
20250811,2,02130,1
20250811,2,02139,1
20250811,2,02148,1
20250811,2,02185,2
20250811,2,02191,1
20250811,2,02198,1
20250811,20,02111,3
20250811,20,02112,2
20250811,20,02116,1
20250811,20,02122,3
20250811,20,02159,1
20250811,20,02171,3
20250811,20,02172,1
20250811,20,02178,5
20250811,20,02179,3
20250811,20,02185,3
20250811,20,02186,3
20250811,20,02191,3
20250811,20,02198,4
20250811,20,03311,1
20250811,20,03802,2
20250811,21,02111,2
20250811,21,02112,2
20250811,21,02128,1
20250811,21,02129,2
20250811,21,02148,1
20250811,21,02171,6
20250811,21,02172,2
20250811,21,02178,3
20250811,21,02179,4
20250811,21,02185,3
20250811,21,02186,1
20250811,21,02191,3
20250811,21,02198,1
20250811,21,03310,1
20250811,21,03311,6
20250811,21,03802,4
20250811,22,02111,5
20250811,22,02112,4
20250811,22,02139,1
20250811,22,02159,1
20250811,22,02171,6
20250811,22,02172,1
20250811,22,02178,2
20250811,22,02179,2
20250811,22,02185,5
20250811,22,02186,2
20250811,22,02191,4
20250811,22,02198,1
20250811,22,03310,1
20250811,22,03311,3
20250811,22,03802,2
20250811,23,02111,2
20250811,23,02112,2
20250811,23,02139,2
20250811,23,02171,1
20250811,23,02172,2
20250811,23,02178,1
20250811,23,02179,3
20250811,23,02185,3
20250811,23,02191,2
20250811,23,02198,1
20250811,23,03311,4
20250811,3,02111,1
20250811,3,02128,1
20250811,3,02172,1
20250811,3,03310,1
20250811,4,02122,1
20250811,4,02148,1
20250811,4,02179,1
20250811,4,02191,1
20250811,5,02111,1
20250811,5,02112,1
20250811,5,02128,1
20250811,5,02139,2
20250811,5,02179,1
20250811,5,02191,1
20250811,5,03310,1
20250811,6,02111,1
20250811,6,02112,1
20250811,6,02122,2
20250811,6,02143,1
20250811,6,02148,2
20250811,6,02159,1
20250811,6,02179,3
20250811,6,02185,1
20250811,6,02186,1
20250811,6,02191,3
20250811,6,03310,2
20250811,6,03802,1
20250811,7,02111,2
20250811,7,02112,2
20250811,7,02116,1
20250811,7,02122,2
20250811,7,02139,5
20250811,7,02143,1
20250811,7,02148,1
20250811,7,02171,2
20250811,7,02172,2
20250811,7,02179,1
20250811,7,02185,1
20250811,7,02186,3
20250811,7,02191,2
20250811,7,02198,3
20250811,7,03310,1
20250811,7,03802,6
20250811,8,02111,2
20250811,8,02112,1
20250811,8,02128,1
20250811,8,02139,1
20250811,8,02148,1
20250811,8,02171,1
20250811,8,02172,1
20250811,8,02179,1
20250811,8,02185,2
20250811,8,02186,2
20250811,8,02191,5
20250811,8,03310,3
20250811,8,03311,1
20250811,8,03802,3
20250811,9,02111,1
20250811,9,02122,2
20250811,9,02128,1
20250811,9,02129,1
20250811,9,02159,1
20250811,9,02171,2
20250811,9,02172,3
20250811,9,02178,1
20250811,9,02185,4
20250811,9,02191,1
20250811,9,02198,2
20250811,9,03310,3
20250811,9,03311,1
20250811,9,03802,2
20250812,0,02111,1
20250812,0,02122,1
20250812,0,02128,2
20250812,0,02139,1
20250812,0,02171,3
20250812,0,02172,1
20250812,0,02178,1
20250812,0,02179,1
20250812,0,02185,1
20250812,0,03311,1
20250812,1,02122,1
20250812,1,02128,1
20250812,1,02171,2
20250812,1,02185,2
20250812,1,02186,1
20250812,1,02198,1
20250812,1,03311,1
20250812,10,02116,2
20250812,10,02122,2
20250812,10,02143,1
20250812,10,02172,1
20250812,10,02186,1
20250812,10,02191,2
20250812,10,02198,1
20250812,10,03311,1
20250812,11,02112,1
20250812,11,02122,1
20250812,11,02128,1
20250812,11,02148,1
20250812,11,02171,2
20250812,11,02178,2
20250812,11,02179,1
20250812,11,02185,1
20250812,11,02186,1
20250812,11,02198,1
20250812,11,03310,1
20250812,11,03802,3
20250812,12,02112,1
20250812,12,02116,1
20250812,12,02148,2
20250812,12,02171,1
20250812,12,02172,3
20250812,12,02179,6
20250812,12,02185,1
20250812,12,02191,2
20250812,12,02198,1
20250812,12,03310,2
20250812,13,02111,1
20250812,13,02122,1
20250812,13,02128,1
20250812,13,02159,1
20250812,13,02171,1
20250812,13,02172,1
20250812,13,02179,2
20250812,13,02185,1
20250812,13,02191,1
20250812,13,02198,1
20250812,13,03310,1
20250812,13,03802,2
20250812,14,02111,2
20250812,14,02112,1
20250812,14,02116,1
20250812,14,02128,1
20250812,14,02148,4
20250812,14,02171,4
20250812,14,02179,2
20250812,14,02185,1
20250812,14,02191,1
20250812,14,02198,1
20250812,14,03310,2
20250812,14,03311,2
20250812,15,02111,3
20250812,15,02112,1
20250812,15,02116,2
20250812,15,02128,3
20250812,15,02129,1
20250812,15,02130,1
20250812,15,02159,1
20250812,15,02172,1
20250812,15,02178,1
20250812,15,02185,2
20250812,15,02186,1
20250812,15,03311,2
20250812,16,02111,2
20250812,16,02112,1
20250812,16,02128,1
20250812,16,02129,1
20250812,16,02130,1
20250812,16,02171,4
20250812,16,02172,2
20250812,16,02178,1
20250812,16,02179,2
20250812,16,02185,2
20250812,16,02198,2
20250812,16,02199,1
20250812,16,03310,2
20250812,16,03311,4
20250812,17,02111,3
20250812,17,02112,1
20250812,17,02122,1
20250812,17,02128,2
20250812,17,02129,1
20250812,17,02148,1
20250812,17,02171,6
20250812,17,02172,5
20250812,17,02178,3
20250812,17,02179,2
20250812,17,02185,3
20250812,17,02191,3
20250812,17,02198,4
20250812,17,03310,3
20250812,17,03311,2
20250812,18,02111,4
20250812,18,02112,3
20250812,18,02116,1
20250812,18,02128,1
20250812,18,02129,1
20250812,18,02139,5
20250812,18,02148,4
20250812,18,02159,1
20250812,18,02171,5
20250812,18,02172,5
20250812,18,02178,6
20250812,18,02179,4
20250812,18,02185,6
20250812,18,02186,2
20250812,18,02191,2
20250812,18,02199,2
20250812,18,03310,3
20250812,18,03311,5
20250812,18,03802,1
20250812,19,02111,3
20250812,19,02112,3
20250812,19,02116,2
20250812,19,02122,2
20250812,19,02128,3
20250812,19,02148,2
20250812,19,02171,6
20250812,19,02172,2
20250812,19,02178,1
20250812,19,02179,1
20250812,19,02185,1
20250812,19,02191,2
20250812,19,02198,1
20250812,19,03311,4
20250812,19,03802,2
20250812,2,02111,2
20250812,2,02116,1
20250812,2,02148,2
20250812,2,02159,1
20250812,2,02178,1
20250812,2,02185,4
20250812,2,02191,1
20250812,2,03311,1
20250812,20,02111,6
20250812,20,02112,3
20250812,20,02116,2
20250812,20,02122,5
20250812,20,02128,2
20250812,20,02129,1
20250812,20,02130,1
20250812,20,02148,1
20250812,20,02171,5
20250812,20,02172,3
20250812,20,02178,2
20250812,20,02179,3
20250812,20,02185,6
20250812,20,02186,4
20250812,20,02191,1
20250812,20,02198,1
20250812,20,03310,1
20250812,20,03311,3
20250812,20,03802,5
20250812,21,02111,3
20250812,21,02112,1
20250812,21,02116,2
20250812,21,02122,6
20250812,21,02128,1
20250812,21,02143,2
20250812,21,02159,1
20250812,21,02171,5
20250812,21,02172,1
20250812,21,02178,4
20250812,21,02179,2
20250812,21,02185,4
20250812,21,02186,2
20250812,21,02191,3
20250812,21,02198,1
20250812,21,02199,1
20250812,21,03310,2
20250812,21,03311,3
20250812,21,03802,7
20250812,22,02111,5
20250812,22,02112,1
20250812,22,02128,2
20250812,22,02129,1
20250812,22,02143,1
20250812,22,02148,2
20250812,22,02159,1
20250812,22,02171,5
20250812,22,02178,2
20250812,22,02179,4
20250812,22,02185,3
20250812,22,02186,4
20250812,22,02191,1
20250812,22,02198,3
20250812,22,02199,2
20250812,22,03310,1
20250812,22,03311,2
20250812,22,03802,2
20250812,23,02111,7
20250812,23,02112,4
20250812,23,02139,1
20250812,23,02148,1
20250812,23,02171,4
20250812,23,02172,1
20250812,23,02178,1
20250812,23,02179,1
20250812,23,02185,4
20250812,23,02191,2
20250812,23,02198,5
20250812,23,03311,5
20250812,3,02116,1
20250812,3,02171,1
20250812,4,02122,2
20250812,4,02185,1
20250812,4,02191,1
20250812,5,02116,1
20250812,5,02122,1
20250812,5,02148,1
20250812,5,02185,1
20250812,5,02186,1
20250812,5,03311,1
20250812,6,02111,2
20250812,6,02122,2
20250812,6,02128,1
20250812,6,02148,1
20250812,6,02171,1
20250812,6,02179,1
20250812,6,02185,4
20250812,6,02191,3
20250812,6,02198,1
20250812,6,03310,1
20250812,6,03802,3
20250812,7,02116,1
20250812,7,02122,1
20250812,7,02128,2
20250812,7,02139,3
20250812,7,02143,2
20250812,7,02148,1
20250812,7,02171,1
20250812,7,02172,1
20250812,7,02179,3
20250812,7,02185,1
20250812,7,02186,3
20250812,7,02191,2
20250812,7,02198,3
20250812,7,02199,1
20250812,7,03310,3
20250812,7,03802,3
20250812,8,02112,1
20250812,8,02116,2
20250812,8,02122,1
20250812,8,02128,1
20250812,8,02148,1
20250812,8,02171,2
20250812,8,02172,3
20250812,8,02178,1
20250812,8,02179,4
20250812,8,02185,3
20250812,8,02191,3
20250812,8,02198,1
20250812,8,03310,5
20250812,8,03311,2
20250812,9,02122,1
20250812,9,02129,1
20250812,9,02139,3
20250812,9,02148,1
20250812,9,02171,4
20250812,9,02172,3
20250812,9,02186,2
20250812,9,02191,3
20250812,9,02198,2
20250812,9,02199,2
20250812,9,03310,3
20250812,9,03802,3
20250813,0,02111,3
20250813,0,02122,2
20250813,0,02128,1
20250813,0,02139,1
20250813,0,02143,1
20250813,0,02171,2
20250813,0,02172,2
20250813,0,02178,1
20250813,0,02179,1
20250813,0,02185,1
20250813,0,02198,1
20250813,1,02111,1
20250813,1,02128,1
20250813,1,02171,2
20250813,1,02172,1
20250813,1,02185,3
20250813,1,02198,1
20250813,1,03311,2
20250813,11,02112,1
20250813,11,02178,1
20250813,11,02186,1
20250813,11,02199,1
20250813,11,03802,1
20250813,12,02111,3
20250813,12,02128,1
20250813,12,02198,1
20250813,13,02116,1
20250813,13,02128,1
20250813,13,02171,1
20250813,13,02172,1
20250813,13,02198,1
20250813,13,02199,1
20250813,13,03310,2
20250813,13,03311,2
20250813,14,03311,1
20250813,15,02178,1
20250813,15,03310,1
20250813,15,03311,1
20250813,16,02171,1
20250813,16,02185,1
20250813,16,02198,1
20250813,17,02111,1
20250813,17,02139,1
20250813,17,02148,4
20250813,17,02171,2
20250813,17,02191,1
20250813,17,02198,1
20250813,17,03802,1
20250813,18,02139,1
20250813,18,02172,1
20250813,18,02186,1
20250813,19,02112,1
20250813,19,02148,1
20250813,2,02139,1
20250813,2,02171,1
20250813,2,02191,3
20250813,20,02111,2
20250813,20,02112,4
20250813,20,02116,1
20250813,20,02148,2
20250813,20,02159,1
20250813,20,02171,3
20250813,20,02191,1
20250813,20,02198,1
20250813,20,03311,1
20250813,20,03802,1
20250813,21,02111,3
20250813,21,02129,1
20250813,21,02148,2
20250813,21,02171,3
20250813,21,02172,1
20250813,21,02179,1
20250813,21,02186,1
20250813,21,02199,1
20250813,21,03310,1
20250813,21,03802,2
20250813,22,02111,1
20250813,22,02122,1
20250813,22,02139,3
20250813,22,02148,1
20250813,22,02171,2
20250813,22,02178,2
20250813,22,02179,1
20250813,22,02185,2
20250813,22,02186,1
20250813,22,03311,1
20250813,22,03802,1
20250813,23,02111,3
20250813,23,02122,2
20250813,23,02139,1
20250813,23,02171,5
20250813,23,02191,2
20250813,23,02198,1
20250813,23,03310,1
20250813,23,03311,3
20250813,3,02111,4
20250813,3,02143,1
20250813,3,02178,1
20250813,3,02179,1
20250813,3,02185,2
20250813,3,03310,1
20250813,4,02122,1
20250813,4,02171,1
20250813,4,02191,2
20250813,6,02116,1
20250813,6,02122,1
20250813,6,02179,1
20250813,6,02185,1
20250813,7,02186,1
20250813,7,03310,1
20250813,7,03802,1
20250813,8,02111,1
20250813,8,02148,1
20250814,0,02111,1
20250814,0,02122,1
20250814,0,02129,1
20250814,0,02143,1
20250814,0,02171,2
20250814,0,02172,1
20250814,0,02179,2
20250814,0,02185,1
20250814,0,02198,1
20250814,1,02116,1
20250814,10,02112,1
20250814,10,02179,1
20250814,10,03310,1
20250814,11,02148,1
20250814,11,02198,1
20250814,11,03311,1
20250814,12,02111,1
20250814,12,02116,1
20250814,12,02159,1
20250814,12,02171,1
20250814,12,02172,1
20250814,12,02179,2
20250814,12,02185,1
20250814,12,02191,1
20250814,12,02198,3
20250814,12,02199,1
20250814,12,03802,1
20250814,13,02128,1
20250814,13,02139,1
20250814,13,02148,1
20250814,13,02171,1
20250814,13,02172,1
20250814,13,02185,1
20250814,13,02186,2
20250814,14,02112,2
20250814,14,02116,2
20250814,14,02122,1
20250814,14,02159,1
20250814,14,02171,3
20250814,14,02179,2
20250814,14,02185,1
20250814,14,02191,1
20250814,14,02198,1
20250814,14,03311,2
20250814,15,02112,1
20250814,15,02116,1
20250814,15,02122,1
20250814,15,02148,1
20250814,15,02185,1
20250814,15,02198,2
20250814,15,03310,1
20250814,16,02111,1
20250814,16,02116,3
20250814,16,02122,1
20250814,16,02128,1
20250814,16,02139,1
20250814,16,02143,1
20250814,16,02148,1
20250814,16,02172,1
20250814,16,02179,2
20250814,16,02185,1
20250814,16,02186,1
20250814,16,02191,1
20250814,16,02198,1
20250814,16,03310,2
20250814,16,03311,1
20250814,17,02111,4
20250814,17,02112,2
20250814,17,02122,1
20250814,17,02128,1
20250814,17,02129,1
20250814,17,02143,1
20250814,17,02148,3
20250814,17,02171,2
20250814,17,02172,2
20250814,17,02179,4
20250814,17,02185,2
20250814,17,03310,2
20250814,17,03311,1
20250814,18,02111,5
20250814,18,02112,1
20250814,18,02128,3
20250814,18,02129,1
20250814,18,02130,1
20250814,18,02139,4
20250814,18,02143,4
20250814,18,02148,2
20250814,18,02171,7
20250814,18,02172,3
20250814,18,02178,2
20250814,18,02179,3
20250814,18,02185,4
20250814,18,02186,2
20250814,18,02198,2
20250814,18,02199,1
20250814,18,03310,1
20250814,18,03311,6
20250814,19,02111,4
20250814,19,02112,3
20250814,19,02116,1
20250814,19,02122,3
20250814,19,02139,1
20250814,19,02143,3
20250814,19,02171,3
20250814,19,02179,1
20250814,19,02185,2
20250814,19,02191,1
20250814,19,02198,2
20250814,19,03310,1
20250814,19,03311,4
20250814,20,02111,3
20250814,20,02112,3
20250814,20,02116,1
20250814,20,02128,2
20250814,20,02143,2
20250814,20,02159,2
20250814,20,02171,5
20250814,20,02172,1
20250814,20,02179,1
20250814,20,02185,2
20250814,20,02186,2
20250814,20,02198,4
20250814,20,03310,1
20250814,20,03311,1
20250814,20,03802,4
20250814,21,02111,6
20250814,21,02112,2
20250814,21,02122,2
20250814,21,02128,4
20250814,21,02129,1
20250814,21,02143,3
20250814,21,02148,3
20250814,21,02159,2
20250814,21,02171,3
20250814,21,02179,3
20250814,21,02185,3
20250814,21,02191,2
20250814,21,02198,1
20250814,21,03311,2
20250814,22,02111,2
20250814,22,02112,2
20250814,22,02116,4
20250814,22,02122,1
20250814,22,02128,1
20250814,22,02139,2
20250814,22,02143,3
20250814,22,02148,1
20250814,22,02159,1
20250814,22,02171,4
20250814,22,02172,1
20250814,22,02179,7
20250814,22,02185,2
20250814,22,02186,1
20250814,22,02191,1
20250814,22,02198,1
20250814,22,03310,1
20250814,22,03311,2
20250814,23,02111,2
20250814,23,02112,2
20250814,23,02122,3
20250814,23,02128,3
20250814,23,02139,1
20250814,23,02143,2
20250814,23,02171,3
20250814,23,02178,1
20250814,23,02179,2
20250814,23,02185,2
20250814,23,02191,1
20250814,23,02198,1
20250814,23,03310,1
20250814,23,03311,5
20250814,7,02186,1
20250814,8,02111,1
20250814,8,02159,2
20250814,8,02172,1
20250814,8,02179,2
20250814,8,02185,1
20250814,9,02122,1
20250814,9,02171,1
20250814,9,02172,2
20250814,9,02179,1
20250814,9,02185,2
20250814,9,02198,4
20250814,9,03310,2
20250814,9,03802,1
20250815,0,02111,1
20250815,0,02112,3
20250815,0,02116,3
20250815,0,02128,1
20250815,0,02143,1
20250815,0,02171,2
20250815,0,02179,2
20250815,0,02185,4
20250815,0,02186,1
20250815,0,02191,2
20250815,0,02198,1
20250815,0,03310,2
20250815,0,03311,1
20250815,1,02111,1
20250815,1,02112,1
20250815,1,02116,7
20250815,1,02128,2
20250815,1,02143,1
20250815,1,02171,1
20250815,1,02172,2
20250815,1,02179,2
20250815,1,02185,2
20250815,1,02198,3
20250815,10,02111,1
20250815,10,02112,1
20250815,10,02116,2
20250815,10,02122,1
20250815,10,02128,1
20250815,10,02139,1
20250815,10,02172,1
20250815,10,02178,1
20250815,10,02179,2
20250815,10,02185,1
20250815,10,02191,2
20250815,10,02198,1
20250815,10,03310,1
20250815,10,03311,1
20250815,11,03310,1
20250815,12,02159,1
20250815,13,02112,1
20250815,13,02116,1
20250815,13,02128,1
20250815,13,02139,1
20250815,13,02143,1
20250815,13,02178,1
20250815,13,02185,1
20250815,13,02191,1
20250815,13,02198,1
20250815,13,02199,1
20250815,14,02111,1
20250815,14,02112,1
20250815,14,02122,1
20250815,14,02128,1
20250815,14,02148,1
20250815,14,02171,2
20250815,14,02185,3
20250815,14,02199,1
20250815,14,03310,2
20250815,14,03311,1
20250815,15,02111,2
20250815,15,02112,1
20250815,15,02122,2
20250815,15,02129,2
20250815,15,02139,2
20250815,15,02143,1
20250815,15,02148,2
20250815,15,02171,1
20250815,15,02172,1
20250815,15,02179,2
20250815,15,02185,1
20250815,15,02186,1
20250815,15,02191,2
20250815,15,02198,1
20250815,15,03311,1
20250815,16,02111,2
20250815,16,02116,1
20250815,16,02122,2
20250815,16,02128,1
20250815,16,02171,3
20250815,16,02185,2
20250815,16,02191,2
20250815,16,02198,2
20250815,16,03310,2
20250815,16,03311,2
20250815,16,03802,1
20250815,17,02116,1
20250815,17,02122,2
20250815,17,02129,1
20250815,17,02139,1
20250815,17,02148,1
20250815,17,02171,2
20250815,17,02179,1
20250815,17,02185,4
20250815,17,02191,3
20250815,17,02198,1
20250815,17,03310,1
20250815,17,03311,1
20250815,17,03802,1
20250815,18,02111,1
20250815,18,02116,1
20250815,18,02122,1
20250815,18,02129,1
20250815,18,02130,1
20250815,18,02139,1
20250815,18,02159,1
20250815,18,02171,5
20250815,18,02178,6
20250815,18,02179,2
20250815,18,02185,5
20250815,18,02186,1
20250815,18,02191,1
20250815,18,03310,2
20250815,18,03311,2
20250815,19,02111,2
20250815,19,02122,1
20250815,19,02128,2
20250815,19,02129,1
20250815,19,02171,3
20250815,19,02179,2
20250815,19,02185,2
20250815,19,02191,3
20250815,19,02198,1
20250815,19,02199,2
20250815,19,03311,3
20250815,2,02111,1
20250815,2,02112,2
20250815,2,02178,1
20250815,2,02179,1
20250815,2,02185,1
20250815,2,02198,1
20250815,20,02111,4
20250815,20,02112,4
20250815,20,02116,2
20250815,20,02122,1
20250815,20,02159,1
20250815,20,02172,3
20250815,20,02178,4
20250815,20,02179,5
20250815,20,02185,4
20250815,20,02191,2
20250815,20,02198,3
20250815,20,03310,3
20250815,20,03311,2
20250815,21,02111,3
20250815,21,02112,1
20250815,21,02116,4
20250815,21,02128,1
20250815,21,02139,1
20250815,21,02148,1
20250815,21,02171,2
20250815,21,02178,1
20250815,21,02179,2
20250815,21,02185,3
20250815,21,02199,1
20250815,21,03311,3
20250815,22,02112,2
20250815,22,02116,3
20250815,22,02148,1
20250815,22,02159,3
20250815,22,02171,2
20250815,22,02178,1
20250815,22,02179,1
20250815,22,02185,3
20250815,22,02191,2
20250815,22,02198,1
20250815,22,03310,1
20250815,22,03311,2
20250815,23,02111,1
20250815,23,02112,1
20250815,23,02122,2
20250815,23,02128,1
20250815,23,02139,1
20250815,23,02148,2
20250815,23,02171,1
20250815,23,02178,1
20250815,23,02179,2
20250815,23,02185,1
20250815,23,02191,3
20250815,3,02111,3
20250815,3,02116,1
20250815,3,02171,1
20250815,3,02179,1
20250815,3,02185,2
20250815,3,02191,2
20250815,3,02198,1
20250815,4,02179,2
20250815,4,02191,1
20250815,5,02159,1
20250815,6,02111,1
20250815,6,02139,2
20250815,6,02148,1
20250815,6,02172,1
20250815,6,02179,1
20250815,6,02185,3
20250815,6,03311,1
20250815,7,02111,1
20250815,7,02122,1
20250815,7,02148,1
20250815,7,02179,1
20250815,7,02185,1
20250815,7,02191,2
20250815,7,03310,1
20250815,8,02112,1
20250815,8,02116,1
20250815,8,02122,3
20250815,8,02130,1
20250815,8,02139,1
20250815,8,02143,3
20250815,8,02171,1
20250815,8,02172,1
20250815,8,02179,1
20250815,8,02185,1
20250815,8,02186,1
20250815,8,02191,1
20250815,9,02122,2
20250815,9,02148,1
20250815,9,02159,1
20250815,9,02171,2
20250815,9,02178,2
20250815,9,02185,2
20250815,9,02198,1
20250815,9,03310,5
20250816,0,02112,6
20250816,0,02116,3
20250816,0,02128,3
20250816,0,02148,1
20250816,0,02171,4
20250816,0,02172,2
20250816,0,02178,1
20250816,0,02179,1
20250816,0,02191,3
20250816,0,02198,1
20250816,0,03311,1
20250816,1,02128,2
20250816,1,02129,1
20250816,1,02148,2
20250816,1,02171,1
20250816,1,02178,3
20250816,1,02191,2
20250816,1,02198,1
20250816,10,02111,1
20250816,10,02139,1
20250816,10,02148,2
20250816,10,02179,3
20250816,10,02185,1
20250816,10,02186,1
20250816,11,02122,1
20250816,11,02129,1
20250816,11,02148,1
20250816,11,02159,1
20250816,11,02171,2
20250816,11,02172,4
20250816,11,02178,2
20250816,11,02179,2
20250816,11,03311,2
20250816,11,03802,3
20250816,12,02111,1
20250816,12,02112,1
20250816,12,02116,2
20250816,12,02122,2
20250816,12,02128,1
20250816,12,02148,3
20250816,12,02172,2
20250816,12,02179,2
20250816,12,02185,3
20250816,12,03311,3
20250816,13,02112,1
20250816,13,02128,1
20250816,13,02139,2
20250816,13,02159,1
20250816,13,02171,3
20250816,13,02178,2
20250816,13,02185,1
20250816,13,02186,2
20250816,13,02191,2
20250816,13,03311,2
20250816,14,02112,1
20250816,14,02122,1
20250816,14,02128,2
20250816,14,02129,1
20250816,14,02139,1
20250816,14,02148,2
20250816,14,02159,2
20250816,14,02178,2
20250816,14,02179,3
20250816,14,02185,7
20250816,14,02191,1
20250816,14,02198,2
20250816,14,03311,1
20250816,15,02111,3
20250816,15,02128,1
20250816,15,02139,1
20250816,15,02148,1
20250816,15,02171,3
20250816,15,02172,2
20250816,15,02185,1
20250816,15,02191,1
20250816,15,03311,2
20250816,16,02111,2
20250816,16,02116,1
20250816,16,02122,1
20250816,16,02128,1
20250816,16,02148,2
20250816,16,02171,3
20250816,16,02172,2
20250816,16,02178,1
20250816,16,02185,3
20250816,16,02191,2
20250816,16,02198,1
20250816,16,02199,1
20250816,17,02111,1
20250816,17,02112,1
20250816,17,02122,3
20250816,17,02128,2
20250816,17,02139,1
20250816,17,02148,3
20250816,17,02159,1
20250816,17,02171,3
20250816,17,02172,1
20250816,17,02178,2
20250816,17,02179,2
20250816,17,02185,2
20250816,17,02191,2
20250816,17,02198,1
20250816,17,02199,1
20250816,17,03311,2
20250816,17,03802,2
20250816,18,02111,3
20250816,18,02112,2
20250816,18,02139,3
20250816,18,02171,3
20250816,18,02172,3
20250816,18,02178,1
20250816,18,02179,4
20250816,18,02185,3
20250816,18,02191,8
20250816,18,02198,1
20250816,18,03310,1
20250816,18,03311,2
20250816,19,02111,1
20250816,19,02112,4
20250816,19,02116,4
20250816,19,02122,3
20250816,19,02128,1
20250816,19,02129,1
20250816,19,02130,2
20250816,19,02139,3
20250816,19,02159,1
20250816,19,02171,1
20250816,19,02179,6
20250816,19,02185,1
20250816,19,02191,3
20250816,19,02198,4
20250816,19,02199,1
20250816,19,03311,1
20250816,2,02111,2
20250816,2,02112,1
20250816,2,02178,1
20250816,2,02185,1
20250816,2,02199,1
20250816,20,02111,9
20250816,20,02112,3
20250816,20,02116,2
20250816,20,02122,2
20250816,20,02148,2
20250816,20,02159,1
20250816,20,02171,4
20250816,20,02172,5
20250816,20,02179,6
20250816,20,02185,6
20250816,20,02186,3
20250816,20,02198,5
20250816,20,03311,1
20250816,21,02111,5
20250816,21,02116,1
20250816,21,02122,1
20250816,21,02139,2
20250816,21,02159,2
20250816,21,02171,3
20250816,21,02172,1
20250816,21,02178,1
20250816,21,02179,5
20250816,21,02185,4
20250816,21,02186,1
20250816,21,02191,1
20250816,21,02198,1
20250816,21,03311,2
20250816,21,03802,1
20250816,22,02111,6
20250816,22,02112,4
20250816,22,02116,1
20250816,22,02122,1
20250816,22,02128,3
20250816,22,02129,2
20250816,22,02139,2
20250816,22,02148,4
20250816,22,02171,3
20250816,22,02172,1
20250816,22,02178,2
20250816,22,02179,2
20250816,22,02185,1
20250816,22,02186,2
20250816,22,02191,5
20250816,22,02198,1
20250816,22,03310,1
20250816,22,03311,1
20250816,23,02111,1
20250816,23,02112,4
20250816,23,02128,1
20250816,23,02159,1
20250816,23,02172,1
20250816,23,02179,1
20250816,23,02185,6
20250816,23,02191,2
20250816,23,02198,1
20250816,3,02191,1
20250816,3,02198,1
20250816,3,03310,1
20250816,4,02148,1
20250816,4,02179,1
20250816,4,02191,1
20250816,5,02122,1
20250816,5,02128,1
20250816,5,02129,2
20250816,5,02171,1
20250816,5,03310,1
20250816,6,02111,1
20250816,6,02143,2
20250816,6,02171,1
20250816,6,02179,1
20250816,6,02185,2
20250816,6,03802,1
20250816,7,02130,1
20250816,7,02139,1
20250816,7,02171,1
20250816,7,02172,3
20250816,7,02178,1
20250816,7,02179,1
20250816,7,02185,2
20250816,7,02191,1
20250816,8,02116,1
20250816,8,02122,1
20250816,8,02139,2
20250816,8,02178,1
20250816,8,02179,1
20250816,8,02185,2
20250816,8,02191,2
20250816,8,02198,2
20250816,8,03310,2
20250816,9,02111,1
20250816,9,02112,1
20250816,9,02116,1
20250816,9,02130,2
20250816,9,02139,1
20250816,9,02143,2
20250816,9,02172,3
20250816,9,02178,1
20250816,9,02179,2
20250816,9,02185,2
20250816,9,02186,1
20250816,9,02191,1
20250816,9,02198,3
20250816,9,03310,3
20250817,0,02111,3
20250817,0,02116,3
20250817,0,02122,2
20250817,0,02171,5
20250817,0,02172,4
20250817,0,02178,1
20250817,0,02179,1
20250817,0,02185,5
20250817,0,02186,1
20250817,0,02191,1
20250817,0,02198,2
20250817,1,02111,4
20250817,1,02112,1
20250817,1,02128,1
20250817,1,02143,1
20250817,1,02171,1
20250817,1,02179,1
20250817,1,02191,2
20250817,1,03311,1
20250817,10,02111,1
20250817,10,02122,1
20250817,10,02139,5
20250817,10,02172,2
20250817,10,02179,1
20250817,10,02186,1
20250817,10,02198,3
20250817,10,03310,2
20250817,11,02111,1
20250817,11,02116,1
20250817,11,02129,2
20250817,11,02148,3
20250817,11,02171,1
20250817,11,02172,3
20250817,11,02179,1
20250817,11,02198,1
20250817,11,02199,1
20250817,11,03311,1
20250817,12,02111,1
20250817,12,02116,1
20250817,12,02129,1
20250817,12,02139,1
20250817,12,02148,2
20250817,12,02171,3
20250817,12,02172,3
20250817,12,02178,5
20250817,12,02179,2
20250817,12,02185,2
20250817,12,02186,1
20250817,12,02191,1
20250817,12,03311,1
20250817,13,02111,2
20250817,13,02112,1
20250817,13,02116,1
20250817,13,02129,1
20250817,13,02139,1
20250817,13,02148,1
20250817,13,02171,1
20250817,13,02172,2
20250817,13,02178,1
20250817,13,02179,3
20250817,13,02185,1
20250817,13,02198,3
20250817,13,03310,2
20250817,13,03311,2
20250817,13,03802,3
20250817,14,02111,1
20250817,14,02112,1
20250817,14,02116,1
20250817,14,02122,1
20250817,14,02139,1
20250817,14,02143,1
20250817,14,02171,2
20250817,14,02172,2
20250817,14,02178,1
20250817,14,02185,1
20250817,14,03310,2
20250817,14,03311,3
20250817,15,02111,4
20250817,15,02112,1
20250817,15,02116,1
20250817,15,02122,2
20250817,15,02128,2
20250817,15,02129,1
20250817,15,02139,3
20250817,15,02143,1
20250817,15,02148,2
20250817,15,02159,1
20250817,15,02171,1
20250817,15,02172,3
20250817,15,02178,1
20250817,15,02179,5
20250817,15,02185,2
20250817,15,02186,1
20250817,15,02191,3
20250817,15,02198,1
20250817,15,03310,3
20250817,15,03311,1
20250817,16,02111,4
20250817,16,02112,1
20250817,16,02116,1
20250817,16,02122,1
20250817,16,02139,1
20250817,16,02143,1
20250817,16,02159,1
20250817,16,02171,3
20250817,16,02172,6
20250817,16,02179,1
20250817,16,02185,1
20250817,16,02191,3
20250817,16,03310,2
20250817,16,03311,4
20250817,17,02111,2
20250817,17,02112,1
20250817,17,02116,1
20250817,17,02128,2
20250817,17,02129,1
20250817,17,02130,1
20250817,17,02139,1
20250817,17,02143,1
20250817,17,02171,3
20250817,17,02178,2
20250817,17,02179,4
20250817,17,02186,5
20250817,17,02191,1
20250817,17,02198,1
20250817,17,02199,2
20250817,17,03310,4
20250817,17,03311,2
20250817,17,03802,1
20250817,18,02111,3
20250817,18,02112,5
20250817,18,02116,2
20250817,18,02128,2
20250817,18,02143,2
20250817,18,02148,1
20250817,18,02171,3
20250817,18,02172,6
20250817,18,02178,2
20250817,18,02185,1
20250817,18,02186,1
20250817,18,02191,1
20250817,18,02198,1
20250817,18,03310,1
20250817,18,03311,3
20250817,19,02111,4
20250817,19,02112,2
20250817,19,02116,3
20250817,19,02122,1
20250817,19,02128,1
20250817,19,02129,1
20250817,19,02139,1
20250817,19,02143,2
20250817,19,02148,1
20250817,19,02159,1
20250817,19,02171,3
20250817,19,02178,4
20250817,19,02179,4
20250817,19,02185,2
20250817,19,02191,4
20250817,19,02198,4
20250817,19,02199,4
20250817,19,03310,1
20250817,19,03311,4
20250817,2,02111,3
20250817,2,02112,1
20250817,2,02122,1
20250817,2,02171,1
20250817,2,02179,1
20250817,2,02186,1
20250817,2,02191,1
20250817,2,02198,2
20250817,2,03311,1
20250817,20,02111,2
20250817,20,02128,4
20250817,20,02143,1
20250817,20,02148,1
20250817,20,02171,3
20250817,20,02172,4
20250817,20,02178,2
20250817,20,02179,5
20250817,20,02186,1
20250817,20,02191,2
20250817,20,02198,1
20250817,20,03311,3
20250817,21,02111,2
20250817,21,02112,1
20250817,21,02122,2
20250817,21,02139,1
20250817,21,02159,1
20250817,21,02171,4
20250817,21,02172,4
20250817,21,02178,2
20250817,21,02179,1
20250817,21,02185,5
20250817,21,02186,3
20250817,21,02198,2
20250817,21,02199,2
20250817,21,03310,1
20250817,21,03311,1
20250817,22,02112,2
20250817,22,02129,1
20250817,22,02139,1
20250817,22,02148,1
20250817,22,02171,4
20250817,22,02172,1
20250817,22,02178,1
20250817,22,02179,4
20250817,22,02185,3
20250817,22,02186,3
20250817,22,02191,2
20250817,22,02198,2
20250817,22,03310,1
20250817,22,03311,1
20250817,23,02111,1
20250817,23,02112,2
20250817,23,02116,1
20250817,23,02122,1
20250817,23,02130,1
20250817,23,02139,1
20250817,23,02143,1
20250817,23,02148,1
20250817,23,02171,2
20250817,23,02172,1
20250817,23,02178,2
20250817,23,02179,3
20250817,23,02185,1
20250817,23,02186,2
20250817,23,02191,1
20250817,23,02198,3
20250817,23,03311,2
20250817,3,02171,1
20250817,3,02179,1
20250817,4,02111,3
20250817,4,02172,1
20250817,4,02178,1
20250817,4,02179,1
20250817,4,02198,2
20250817,4,03311,1
20250817,5,02186,1
20250817,6,02172,1
20250817,6,02179,2
20250817,6,02185,1
20250817,6,02191,2
20250817,6,03310,1
20250817,7,02122,1
20250817,7,02171,1
20250817,7,02185,1
20250817,7,02191,3
20250817,7,02198,2
20250817,7,03310,1
20250817,7,03311,1
20250817,8,02112,1
20250817,8,02116,1
20250817,8,02139,1
20250817,8,02178,2
20250817,8,02179,2
20250817,8,02191,1
20250817,8,03310,1
20250817,9,02112,1
20250817,9,02116,1
20250817,9,02129,1
20250817,9,02171,2
20250817,9,02178,4
20250817,9,02179,1
20250817,9,02185,3
20250817,9,02191,3
20250817,9,03310,3
20250817,9,03311,1
20250818,0,02111,3
20250818,0,02116,1
20250818,0,02128,2
20250818,0,02129,1
20250818,0,02139,3
20250818,0,02171,3
20250818,0,02178,1
20250818,0,02179,2
20250818,0,02185,2
20250818,0,02198,1
20250818,0,03311,3
20250818,1,02116,1
20250818,1,02122,1
20250818,1,02128,2
20250818,1,02159,2
20250818,1,02178,1
20250818,1,02179,1
20250818,1,02185,2
20250818,1,02191,1
20250818,1,02198,1
20250818,1,02199,1
20250818,10,02116,1
20250818,10,02128,1
20250818,10,02171,3
20250818,10,02198,1
20250818,10,02199,1
20250818,10,03310,2
20250818,11,02112,1
20250818,11,02128,2
20250818,11,02143,1
20250818,11,02148,1
20250818,11,02171,3
20250818,11,02178,1
20250818,11,02185,1
20250818,11,02186,1
20250818,11,02191,2
20250818,11,03310,2
20250818,11,03311,1
20250818,11,03802,4
20250818,12,02111,2
20250818,12,02122,2
20250818,12,02139,1
20250818,12,02148,2
20250818,12,02171,3
20250818,12,02185,1
20250818,12,02186,1
20250818,12,02191,2
20250818,12,02198,2
20250818,12,03310,1
20250818,12,03311,3
20250818,12,03802,3
20250818,13,02112,1
20250818,13,02129,1
20250818,13,02139,1
20250818,13,02143,1
20250818,13,02171,1
20250818,13,02179,1
20250818,13,02185,2
20250818,13,02186,2
20250818,13,03311,1
20250818,14,02111,2
20250818,14,02116,2
20250818,14,02122,1
20250818,14,02129,1
20250818,14,02143,1
20250818,14,02148,1
20250818,14,02171,1
20250818,14,02172,1
20250818,14,02179,1
20250818,14,02185,1
20250818,14,02198,1
20250818,14,03311,1
20250818,15,02111,2
20250818,15,02116,1
20250818,15,02122,2
20250818,15,02128,1
20250818,15,02130,2
20250818,15,02139,1
20250818,15,02148,3
20250818,15,02172,1
20250818,15,02179,1
20250818,15,02186,1
20250818,15,02191,2
20250818,15,02198,1
20250818,15,03310,2
20250818,15,03311,2
20250818,16,02112,2
20250818,16,02128,1
20250818,16,02171,2
20250818,16,02172,3
20250818,16,02178,2
20250818,16,02185,1
20250818,16,02186,1
20250818,16,02198,1
20250818,16,03310,3
20250818,16,03311,1
20250818,17,02111,4
20250818,17,02112,2
20250818,17,02122,1
20250818,17,02130,3
20250818,17,02139,1
20250818,17,02148,1
20250818,17,02171,2
20250818,17,02172,2
20250818,17,02178,3
20250818,17,02179,2
20250818,17,02185,3
20250818,17,02186,1
20250818,17,02191,2
20250818,17,02198,1
20250818,17,03310,1
20250818,17,03311,2
20250818,17,03802,1
20250818,18,02111,5
20250818,18,02112,2
20250818,18,02116,2
20250818,18,02122,3
20250818,18,02128,2
20250818,18,02139,2
20250818,18,02148,2
20250818,18,02159,1
20250818,18,02171,11
20250818,18,02172,4
20250818,18,02178,3
20250818,18,02179,5
20250818,18,02185,4
20250818,18,02191,1
20250818,18,02198,1
20250818,18,02199,1
20250818,18,03311,6
20250818,18,03802,1
20250818,19,02111,1
20250818,19,02112,1
20250818,19,02122,2
20250818,19,02171,4
20250818,19,02172,2
20250818,19,02178,3
20250818,19,02179,1
20250818,19,02185,3
20250818,19,02191,1
20250818,19,02198,1
20250818,19,03311,2
20250818,19,03802,3
20250818,2,02111,3
20250818,2,02112,1
20250818,2,02130,1
20250818,2,02148,1
20250818,2,02179,1
20250818,2,02185,1
20250818,2,02198,2
20250818,20,02112,1
20250818,20,02116,1
20250818,20,02122,1
20250818,20,02139,1
20250818,20,02171,1
20250818,20,02178,2
20250818,20,02179,1
20250818,20,02191,3
20250818,20,03311,1
20250818,21,02122,2
20250818,21,02129,1
20250818,21,02143,1
20250818,21,02148,1
20250818,21,02171,4
20250818,21,02172,1
20250818,21,02178,1
20250818,21,02179,3
20250818,21,02198,4
20250818,21,03311,1
20250818,21,03802,1
20250818,22,02111,1
20250818,22,02128,1
20250818,22,02148,1
20250818,22,02171,1
20250818,22,02172,1
20250818,22,02179,1
20250818,22,03311,1
20250818,22,03802,1
20250818,23,02111,2
20250818,23,02112,1
20250818,23,02122,1
20250818,23,02129,1
20250818,23,02148,1
20250818,23,02171,2
20250818,23,02178,1
20250818,23,02179,1
20250818,23,02185,2
20250818,23,02191,1
20250818,23,03311,3
20250818,3,02191,1
20250818,4,02122,1
20250818,4,02128,1
20250818,4,02172,1
20250818,4,02191,1
20250818,5,02111,1
20250818,5,02112,1
20250818,5,02122,1
20250818,5,02128,1
20250818,5,02179,1
20250818,5,02186,1
20250818,5,02191,1
20250818,5,03310,1
20250818,6,02111,1
20250818,6,02116,1
20250818,6,02148,1
20250818,6,02159,1
20250818,6,02185,3
20250818,6,02186,1
20250818,6,02191,1
20250818,6,03310,1
20250818,6,03802,2
20250818,7,02111,1
20250818,7,02112,2
20250818,7,02122,3
20250818,7,02139,1
20250818,7,02143,1
20250818,7,02148,2
20250818,7,02179,2
20250818,7,02185,1
20250818,7,02186,2
20250818,7,02191,2
20250818,7,02198,3
20250818,7,03310,2
20250818,7,03802,2
20250818,8,02111,4
20250818,8,02112,2
20250818,8,02128,1
20250818,8,02129,2
20250818,8,02143,1
20250818,8,02148,2
20250818,8,02171,3
20250818,8,02172,1
20250818,8,02179,6
20250818,8,02185,6
20250818,8,02191,2
20250818,8,02198,2
20250818,8,03310,2
20250818,8,03311,1
20250818,8,03802,2
20250818,9,02111,1
20250818,9,02122,1
20250818,9,02128,4
20250818,9,02139,1
20250818,9,02143,1
20250818,9,02171,1
20250818,9,02172,2
20250818,9,02185,3
20250818,9,02198,2
20250818,9,02199,1
20250818,9,03310,1
20250818,9,03802,1
20250819,0,02111,1
20250819,0,02112,2
20250819,0,02122,1
20250819,0,02139,1
20250819,0,02171,2
20250819,0,02179,2
20250819,0,02185,2
20250819,0,02191,2
20250819,0,02198,2
20250819,1,02111,3
20250819,1,02112,1
20250819,1,02116,1
20250819,1,02129,1
20250819,1,02171,4
20250819,1,02198,2
20250819,1,02199,1
20250819,1,03310,1
20250819,1,03311,1
20250819,10,02112,1
20250819,10,02116,1
20250819,10,02122,1
20250819,10,02128,2
20250819,10,02171,1
20250819,10,02178,3
20250819,10,02179,2
20250819,10,02185,1
20250819,10,02186,1
20250819,10,02198,2
20250819,10,03311,1
20250819,11,02111,1
20250819,11,02112,1
20250819,11,02122,1
20250819,11,02139,1
20250819,11,02148,2
20250819,11,02171,1
20250819,11,02172,3
20250819,11,02179,1
20250819,11,02185,1
20250819,11,02186,2
20250819,11,02198,1
20250819,11,03310,2
20250819,11,03802,1
20250819,12,02111,2
20250819,12,02139,2
20250819,12,02148,2
20250819,12,02171,2
20250819,12,02172,1
20250819,12,02179,4
20250819,12,02185,1
20250819,12,02186,1
20250819,12,02191,2
20250819,12,02199,1
20250819,13,02111,3
20250819,13,02112,2
20250819,13,02122,2
20250819,13,02128,1
20250819,13,02139,1
20250819,13,02143,2
20250819,13,02172,1
20250819,13,02178,1
20250819,13,02179,2
20250819,13,02199,1
20250819,13,03310,1
20250819,13,03311,1
20250819,14,02128,1
20250819,14,02129,1
20250819,14,02130,1
20250819,14,02148,1
20250819,14,02171,2
20250819,14,02172,1
20250819,14,02191,1
20250819,14,02198,1
20250819,14,03311,1
20250819,15,02112,1
20250819,15,02116,1
20250819,15,02122,2
20250819,15,02139,1
20250819,15,02143,1
20250819,15,02171,2
20250819,15,02172,1
20250819,15,02178,1
20250819,15,02179,1
20250819,15,02185,1
20250819,15,02186,3
20250819,15,02191,2
20250819,15,03311,3
20250819,16,02111,2
20250819,16,02112,1
20250819,16,02116,1
20250819,16,02122,1
20250819,16,02129,2
20250819,16,02143,1
20250819,16,02171,1
20250819,16,02172,1
20250819,16,02178,2
20250819,16,02179,2
20250819,16,02185,1
20250819,16,03310,4
20250819,16,03311,2
20250819,17,02111,3
20250819,17,02112,4
20250819,17,02116,2
20250819,17,02122,1
20250819,17,02128,2
20250819,17,02130,1
20250819,17,02139,1
20250819,17,02143,2
20250819,17,02148,2
20250819,17,02159,2
20250819,17,02171,3
20250819,17,02172,5
20250819,17,02178,1
20250819,17,02179,3
20250819,17,02185,1
20250819,17,02191,2
20250819,17,03310,2
20250819,17,03311,2
20250819,18,02111,4
20250819,18,02112,1
20250819,18,02116,2
20250819,18,02128,2
20250819,18,02129,1
20250819,18,02139,2
20250819,18,02148,1
20250819,18,02159,1
20250819,18,02171,5
20250819,18,02172,5
20250819,18,02178,5
20250819,18,02179,2
20250819,18,02185,6
20250819,18,02186,2
20250819,18,02191,4
20250819,18,02198,3
20250819,18,02199,1
20250819,18,03310,4
20250819,18,03311,2
20250819,18,03802,1
20250819,19,02111,3
20250819,19,02112,3
20250819,19,02116,1
20250819,19,02122,2
20250819,19,02128,2
20250819,19,02129,1
20250819,19,02143,4
20250819,19,02171,6
20250819,19,02172,1
20250819,19,02179,4
20250819,19,02185,1
20250819,19,02186,3
20250819,19,02191,3
20250819,19,02198,2
20250819,19,02199,1
20250819,19,03311,2
20250819,19,03802,1
20250819,2,02111,1
20250819,2,02122,1
20250819,2,02128,1
20250819,2,02148,1
20250819,2,02159,1
20250819,2,02171,1
20250819,2,02185,3
20250819,2,02186,1
20250819,2,02191,1
20250819,20,02111,3
20250819,20,02112,3
20250819,20,02122,6
20250819,20,02129,2
20250819,20,02130,2
20250819,20,02139,1
20250819,20,02148,1
20250819,20,02171,2
20250819,20,02178,2
20250819,20,02179,1
20250819,20,02185,4
20250819,20,02186,2
20250819,20,02191,1
20250819,20,02198,3
20250819,20,03311,3
20250819,20,03802,1
20250819,21,02111,7
20250819,21,02112,1
20250819,21,02116,1
20250819,21,02122,1
20250819,21,02128,1
20250819,21,02129,1
20250819,21,02130,1
20250819,21,02143,4
20250819,21,02148,2
20250819,21,02159,1
20250819,21,02171,7
20250819,21,02172,1
20250819,21,02179,2
20250819,21,02185,1
20250819,21,02186,3
20250819,21,02191,3
20250819,21,02198,3
20250819,21,03310,1
20250819,21,03311,3
20250819,21,03802,2
20250819,22,02111,1
20250819,22,02122,1
20250819,22,02128,1
20250819,22,02139,1
20250819,22,02148,1
20250819,22,02159,1
20250819,22,02171,2
20250819,22,02172,4
20250819,22,02179,2
20250819,22,02185,2
20250819,22,02186,2
20250819,22,02191,2
20250819,22,02198,5
20250819,22,03310,2
20250819,22,03311,2
20250819,23,02111,3
20250819,23,02112,2
20250819,23,02116,1
20250819,23,02139,1
20250819,23,02148,1
20250819,23,02171,3
20250819,23,02178,1
20250819,23,02179,2
20250819,23,02185,4
20250819,23,02191,1
20250819,23,02198,1
20250819,23,03311,5
20250819,3,02139,1
20250819,3,02186,1
20250819,3,03310,1
20250819,4,02122,1
20250819,4,02159,1
20250819,4,02185,2
20250819,5,02111,1
20250819,5,02112,1
20250819,5,02116,3
20250819,5,02171,1
20250819,5,02179,1
20250819,5,02185,1
20250819,5,02186,3
20250819,6,02111,1
20250819,6,02116,1
20250819,6,02122,1
20250819,6,02179,1
20250819,6,02185,2
20250819,6,02186,1
20250819,6,02191,1
20250819,6,03310,2
20250819,6,03802,3
20250819,7,02111,1
20250819,7,02112,1
20250819,7,02122,1
20250819,7,02128,1
20250819,7,02139,3
20250819,7,02148,2
20250819,7,02171,1
20250819,7,02172,1
20250819,7,02185,2
20250819,7,02186,5
20250819,7,02191,2
20250819,7,02198,3
20250819,7,03310,7
20250819,7,03802,4
20250819,8,02111,2
20250819,8,02139,5
20250819,8,02143,1
20250819,8,02148,1
20250819,8,02171,1
20250819,8,02172,2
20250819,8,02179,1
20250819,8,02185,3
20250819,8,02191,2
20250819,8,02198,2
20250819,8,03310,3
20250819,8,03311,1
20250819,8,03802,1
20250819,9,02111,1
20250819,9,02112,1
20250819,9,02116,1
20250819,9,02128,1
20250819,9,02139,3
20250819,9,02143,1
20250819,9,02148,1
20250819,9,02171,2
20250819,9,02178,1
20250819,9,02179,3
20250819,9,02191,2
20250819,9,02198,3
20250819,9,02199,1
20250819,9,03802,1
20250820,0,02116,1
20250820,0,02122,2
20250820,0,02128,1
20250820,0,02139,1
20250820,0,02148,2
20250820,0,02171,4
20250820,0,02172,2
20250820,0,02198,1
20250820,0,03311,1
20250820,1,02116,1
20250820,1,02128,2
20250820,1,02139,1
20250820,1,02171,2
20250820,1,02185,2
20250820,1,02198,3
20250820,1,03311,1
20250820,10,02111,1
20250820,10,02128,1
20250820,10,02129,1
20250820,10,02148,1
20250820,10,02171,3
20250820,10,02179,2
20250820,10,02185,2
20250820,10,02186,1
20250820,10,02191,2
20250820,10,02198,2
20250820,10,03311,2
20250820,10,03802,1
20250820,11,02111,3
20250820,11,02128,2
20250820,11,02143,1
20250820,11,02159,1
20250820,11,02172,2
20250820,11,02178,3
20250820,11,02198,2
20250820,11,03802,1
20250820,12,02111,1
20250820,12,02116,1
20250820,12,02122,1
20250820,12,02148,2
20250820,12,02172,1
20250820,12,02178,1
20250820,12,02179,5
20250820,12,02185,1
20250820,12,02191,4
20250820,12,02198,1
20250820,12,03311,3
20250820,13,02111,1
20250820,13,02128,2
20250820,13,02130,1
20250820,13,02139,1
20250820,13,02143,1
20250820,13,02172,1
20250820,13,02179,1
20250820,13,03311,2
20250820,14,02122,1
20250820,14,02128,2
20250820,14,02129,1
20250820,14,02148,3
20250820,14,02171,4
20250820,14,02172,2
20250820,14,02178,2
20250820,14,02179,1
20250820,14,02185,1
20250820,14,03310,2
20250820,14,03311,1
20250820,15,02111,2
20250820,15,02112,2
20250820,15,02116,1
20250820,15,02122,2
20250820,15,02128,1
20250820,15,02129,1
20250820,15,02171,1
20250820,15,02172,2
20250820,15,02178,3
20250820,15,02179,2
20250820,15,02191,1
20250820,15,03802,1
20250820,16,02111,1
20250820,16,02112,2
20250820,16,02116,1
20250820,16,02122,1
20250820,16,02128,1
20250820,16,02129,1
20250820,16,02148,1
20250820,16,02171,2
20250820,16,02172,2
20250820,16,02185,1
20250820,16,02191,3
20250820,16,02198,3
20250820,16,03310,2
20250820,16,03311,2
20250820,16,03802,1
20250820,17,02111,4
20250820,17,02112,3
20250820,17,02128,2
20250820,17,02139,2
20250820,17,02159,1
20250820,17,02171,7
20250820,17,02172,1
20250820,17,02178,5
20250820,17,02179,5
20250820,17,02185,1
20250820,17,02186,1
20250820,17,02191,2
20250820,17,03310,1
20250820,17,03802,3
20250820,18,02111,3
20250820,18,02112,3
20250820,18,02122,2
20250820,18,02128,1
20250820,18,02139,3
20250820,18,02143,2
20250820,18,02148,3
20250820,18,02171,5
20250820,18,02172,3
20250820,18,02178,3
20250820,18,02179,5
20250820,18,02185,4
20250820,18,02191,3
20250820,18,02198,2
20250820,18,03310,2
20250820,18,03311,5
20250820,18,03802,2
20250820,19,02111,3
20250820,19,02112,4
20250820,19,02122,3
20250820,19,02129,1
20250820,19,02143,2
20250820,19,02148,1
20250820,19,02171,2
20250820,19,02172,1
20250820,19,02178,1
20250820,19,02179,5
20250820,19,02185,2
20250820,19,02191,2
20250820,19,02198,1
20250820,19,03311,5
20250820,19,03802,4
20250820,2,02112,1
20250820,2,02116,3
20250820,2,02159,1
20250820,2,02171,3
20250820,2,02186,1
20250820,20,02111,1
20250820,20,02112,5
20250820,20,02116,5
20250820,20,02122,1
20250820,20,02128,1
20250820,20,02130,1
20250820,20,02139,1
20250820,20,02171,3
20250820,20,02172,1
20250820,20,02178,3
20250820,20,02179,3
20250820,20,02185,2
20250820,20,02186,3
20250820,20,02191,3
20250820,20,02198,2
20250820,20,03310,1
20250820,20,03802,1
20250820,21,02111,2
20250820,21,02112,5
20250820,21,02122,1
20250820,21,02128,1
20250820,21,02129,1
20250820,21,02139,1
20250820,21,02159,1
20250820,21,02171,7
20250820,21,02172,1
20250820,21,02178,3
20250820,21,02179,1
20250820,21,02185,2
20250820,21,02186,1
20250820,21,02191,1
20250820,21,03311,1
20250820,21,03802,2
20250820,22,02111,2
20250820,22,02112,1
20250820,22,02116,1
20250820,22,02129,1
20250820,22,02139,2
20250820,22,02143,2
20250820,22,02148,3
20250820,22,02171,6
20250820,22,02178,3
20250820,22,02179,4
20250820,22,02185,1
20250820,22,02191,1
20250820,22,02198,1
20250820,22,03311,1
20250820,23,02111,2
20250820,23,02112,2
20250820,23,02116,2
20250820,23,02122,1
20250820,23,02128,1
20250820,23,02139,2
20250820,23,02171,1
20250820,23,02172,1
20250820,23,02179,1
20250820,23,02185,3
20250820,23,02186,1
20250820,23,02191,4
20250820,23,02199,1
20250820,23,03310,2
20250820,23,03311,2
20250820,3,02111,2
20250820,3,02112,1
20250820,3,02139,1
20250820,3,02179,1
20250820,3,02185,1
20250820,3,02191,1
20250820,3,02198,2
20250820,3,03310,1
20250820,4,02112,1
20250820,4,02159,1
20250820,4,02171,1
20250820,4,02185,1
20250820,5,02116,1
20250820,5,02198,1
20250820,6,02111,1
20250820,6,02116,1
20250820,6,02148,1
20250820,6,02179,2
20250820,6,02185,1
20250820,6,02186,1
20250820,6,02191,1
20250820,6,02198,1
20250820,6,03310,1
20250820,7,02111,1
20250820,7,02112,1
20250820,7,02116,1
20250820,7,02122,1
20250820,7,02139,3
20250820,7,02148,1
20250820,7,02171,1
20250820,7,02172,1
20250820,7,02185,2
20250820,7,02186,2
20250820,7,02191,2
20250820,7,02198,1
20250820,7,03310,2
20250820,7,03802,1
20250820,8,02111,1
20250820,8,02112,2
20250820,8,02116,1
20250820,8,02122,1
20250820,8,02129,1
20250820,8,02148,1
20250820,8,02171,2
20250820,8,02172,1
20250820,8,02178,1
20250820,8,02179,4
20250820,8,02185,5
20250820,8,02191,2
20250820,8,03310,3
20250820,8,03311,2
20250820,8,03802,1
20250820,9,02111,1
20250820,9,02112,1
20250820,9,02116,1
20250820,9,02122,2
20250820,9,02128,1
20250820,9,02148,1
20250820,9,02171,2
20250820,9,02172,2
20250820,9,02185,2
20250820,9,02191,1
20250820,9,02198,1
20250820,9,02199,2
20250820,9,03310,2
20250821,0,02111,3
20250821,0,02122,1
20250821,0,02129,1
20250821,0,02139,1
20250821,0,02143,1
20250821,0,02171,2
20250821,0,02172,1
20250821,0,02178,2
20250821,0,02179,1
20250821,0,02185,3
20250821,0,02198,4
20250821,0,03310,1
20250821,0,03311,2
20250821,1,02111,3
20250821,1,02112,1
20250821,1,02116,8
20250821,1,02122,1
20250821,1,02171,4
20250821,1,02185,1
20250821,1,02186,1
20250821,1,02191,1
20250821,1,02198,1
20250821,1,02199,1
20250821,1,03310,1
20250821,1,03311,1
20250821,10,02111,1
20250821,10,02116,1
20250821,10,02122,2
20250821,10,02128,1
20250821,10,02148,2
20250821,10,02171,2
20250821,10,02179,1
20250821,10,02185,1
20250821,10,02191,2
20250821,10,02198,3
20250821,10,02199,1
20250821,10,03311,2
20250821,10,03802,1
20250821,11,02111,2
20250821,11,02116,1
20250821,11,02128,1
20250821,11,02129,1
20250821,11,02143,1
20250821,11,02159,1
20250821,11,02179,1
20250821,11,02191,3
20250821,11,02198,2
20250821,11,02199,1
20250821,11,03311,1
20250821,12,02111,1
20250821,12,02112,1
20250821,12,02116,1
20250821,12,02171,3
20250821,12,02179,2
20250821,12,02191,3
20250821,13,02111,2
20250821,13,02112,1
20250821,13,02128,1
20250821,13,02129,1
20250821,13,02139,2
20250821,13,02143,1
20250821,13,02148,1
20250821,13,02171,2
20250821,13,02172,3
20250821,13,02178,1
20250821,13,02179,1
20250821,13,02191,1
20250821,13,02198,1
20250821,14,02116,2
20250821,14,02122,1
20250821,14,02129,1
20250821,14,02148,2
20250821,14,02172,1
20250821,14,02178,1
20250821,14,02185,1
20250821,14,02186,2
20250821,14,02198,1
20250821,14,03311,2
20250821,15,02112,1
20250821,15,02122,1
20250821,15,02128,1
20250821,15,02143,1
20250821,15,02148,2
20250821,15,02159,1
20250821,15,02178,1
20250821,15,02185,2
20250821,15,02191,2
20250821,15,03311,2
20250821,16,02111,2
20250821,16,02130,2
20250821,16,02143,2
20250821,16,02148,2
20250821,16,02171,1
20250821,16,02172,3
20250821,16,02178,2
20250821,16,02179,2
20250821,16,03310,1
20250821,16,03311,2
20250821,17,02111,3
20250821,17,02112,4
20250821,17,02122,1
20250821,17,02128,1
20250821,17,02143,1
20250821,17,02148,1
20250821,17,02171,2
20250821,17,02172,3
20250821,17,02178,1
20250821,17,02179,4
20250821,17,02185,2
20250821,17,02191,4
20250821,17,02198,1
20250821,17,03311,2
20250821,18,02111,2
20250821,18,02112,1
20250821,18,02122,4
20250821,18,02128,1
20250821,18,02130,1
20250821,18,02139,4
20250821,18,02143,1
20250821,18,02159,1
20250821,18,02171,4
20250821,18,02172,1
20250821,18,02178,2
20250821,18,02179,2
20250821,18,02185,1
20250821,18,02186,1
20250821,18,02191,3
20250821,18,02198,3
20250821,18,03310,3
20250821,18,03311,4
20250821,18,03802,1
20250821,19,02111,6
20250821,19,02112,2
20250821,19,02116,6
20250821,19,02122,5
20250821,19,02143,1
20250821,19,02171,5
20250821,19,02172,4
20250821,19,02178,3
20250821,19,02185,3
20250821,19,02186,1
20250821,19,02198,4
20250821,19,02199,1
20250821,19,03311,3
20250821,19,03802,2
20250821,2,02112,1
20250821,2,02179,1
20250821,2,02185,2
20250821,2,02191,1
20250821,2,02198,1
20250821,2,02199,1
20250821,20,02111,2
20250821,20,02112,4
20250821,20,02116,2
20250821,20,02122,2
20250821,20,02128,2
20250821,20,02130,3
20250821,20,02139,1
20250821,20,02148,4
20250821,20,02171,2
20250821,20,02172,1
20250821,20,02178,5
20250821,20,02185,4
20250821,20,02198,3
20250821,20,02199,3
20250821,20,03311,3
20250821,20,03802,3
20250821,21,02111,5
20250821,21,02112,2
20250821,21,02122,3
20250821,21,02129,1
20250821,21,02130,1
20250821,21,02139,2
20250821,21,02143,3
20250821,21,02171,3
20250821,21,02172,1
20250821,21,02178,4
20250821,21,02179,1
20250821,21,02185,4
20250821,21,02191,2
20250821,21,03311,3
20250821,21,03802,2
20250821,22,02111,2
20250821,22,02112,2
20250821,22,02116,3
20250821,22,02122,2
20250821,22,02130,1
20250821,22,02139,2
20250821,22,02143,2
20250821,22,02148,1
20250821,22,02159,3
20250821,22,02171,3
20250821,22,02172,1
20250821,22,02178,1
20250821,22,02179,3
20250821,22,02185,3
20250821,22,02186,1
20250821,22,02191,4
20250821,22,02199,1
20250821,22,03310,1
20250821,22,03311,3
20250821,23,02111,1
20250821,23,02112,2
20250821,23,02116,1
20250821,23,02122,2
20250821,23,02128,1
20250821,23,02139,2
20250821,23,02171,1
20250821,23,02172,2
20250821,23,02179,5
20250821,23,02185,4
20250821,23,02191,2
20250821,23,02198,1
20250821,23,02199,1
20250821,23,03311,5
20250821,3,02191,1
20250821,3,02198,3
20250821,3,03311,1
20250821,4,02111,1
20250821,4,02112,1
20250821,4,02122,1
20250821,4,02139,2
20250821,4,02171,1
20250821,4,02179,2
20250821,4,02185,1
20250821,4,02191,1
20250821,5,02112,1
20250821,5,02128,1
20250821,5,02148,2
20250821,5,02186,1
20250821,5,03310,2
20250821,6,02111,1
20250821,6,02116,1
20250821,6,02122,3
20250821,6,02129,1
20250821,6,02148,1
20250821,6,02159,1
20250821,6,02171,1
20250821,6,02179,1
20250821,6,02185,2
20250821,6,02191,3
20250821,6,03802,3
20250821,7,02111,3
20250821,7,02122,1
20250821,7,02129,1
20250821,7,02139,3
20250821,7,02148,5
20250821,7,02171,1
20250821,7,02172,1
20250821,7,02179,1
20250821,7,02185,4
20250821,7,02186,1
20250821,7,02191,3
20250821,7,02199,1
20250821,7,03310,4
20250821,7,03802,2
20250821,8,02111,2
20250821,8,02112,1
20250821,8,02139,4
20250821,8,02148,1
20250821,8,02171,3
20250821,8,02172,3
20250821,8,02185,6
20250821,8,02191,3
20250821,8,02198,2
20250821,8,03310,1
20250821,8,03311,1
20250821,8,03802,2
20250821,9,02111,1
20250821,9,02112,1
20250821,9,02116,1
20250821,9,02122,1
20250821,9,02128,1
20250821,9,02130,1
20250821,9,02143,1
20250821,9,02171,3
20250821,9,02178,2
20250821,9,02185,2
20250821,9,02191,1
20250821,9,02198,3
20250821,9,03802,1
20250822,0,02112,2
20250822,0,02122,1
20250822,0,02148,1
20250822,0,02171,1
20250822,0,02172,1
20250822,0,02178,3
20250822,0,02179,2
20250822,0,02185,1
20250822,0,02191,1
20250822,0,02198,2
20250822,1,02111,1
20250822,1,02112,1
20250822,1,02116,1
20250822,1,02171,1
20250822,1,02172,2
20250822,1,02179,3
20250822,1,02198,1
20250822,1,03310,1
20250822,10,02111,1
20250822,10,02122,4
20250822,10,02128,1
20250822,10,02148,1
20250822,10,02171,2
20250822,10,02172,1
20250822,10,02178,1
20250822,10,02179,2
20250822,10,02191,1
20250822,10,02198,2
20250822,10,03310,3
20250822,11,02111,1
20250822,11,02116,2
20250822,11,02128,2
20250822,11,02148,4
20250822,11,02159,1
20250822,11,02172,2
20250822,11,02179,2
20250822,11,02185,2
20250822,11,03310,1
20250822,11,03311,1
20250822,11,03802,5
20250822,12,02111,2
20250822,12,02116,2
20250822,12,02122,3
20250822,12,02129,1
20250822,12,02143,1
20250822,12,02171,1
20250822,12,02172,1
20250822,12,02178,2
20250822,12,02179,1
20250822,12,02185,2
20250822,12,02191,2
20250822,12,02198,1
20250822,12,03802,2
20250822,13,02111,1
20250822,13,02112,3
20250822,13,02130,1
20250822,13,02143,1
20250822,13,02172,3
20250822,13,02178,1
20250822,13,02179,1
20250822,13,02185,1
20250822,13,02186,1
20250822,13,02198,1
20250822,13,02199,1
20250822,13,03310,2
20250822,13,03311,3
20250822,14,02122,2
20250822,14,02128,1
20250822,14,02139,1
20250822,14,02148,1
20250822,14,02171,2
20250822,14,02172,3
20250822,14,02179,1
20250822,14,02185,2
20250822,14,02191,1
20250822,14,02198,1
20250822,14,02199,1
20250822,14,03310,1
20250822,14,03311,1
20250822,15,02111,1
20250822,15,02112,1
20250822,15,02116,1
20250822,15,02122,3
20250822,15,02130,1
20250822,15,02139,1
20250822,15,02143,1
20250822,15,02148,2
20250822,15,02171,2
20250822,15,02172,1
20250822,15,02185,3
20250822,15,02186,1
20250822,15,02191,1
20250822,15,02198,1
20250822,15,02199,1
20250822,15,03311,2
20250822,16,02111,5
20250822,16,02112,1
20250822,16,02122,1
20250822,16,02130,1
20250822,16,02139,1
20250822,16,02148,1
20250822,16,02171,1
20250822,16,02172,1
20250822,16,02178,2
20250822,16,02191,2
20250822,16,02199,1
20250822,16,03310,5
20250822,16,03311,4
20250822,17,02111,4
20250822,17,02112,3
20250822,17,02122,1
20250822,17,02128,1
20250822,17,02139,2
20250822,17,02143,1
20250822,17,02148,1
20250822,17,02171,1
20250822,17,02172,1
20250822,17,02178,3
20250822,17,02179,2
20250822,17,02185,1
20250822,17,02191,4
20250822,17,02198,3
20250822,17,02199,1
20250822,17,03310,3
20250822,17,03311,1
20250822,17,03802,1
20250822,18,02111,3
20250822,18,02112,2
20250822,18,02122,1
20250822,18,02139,2
20250822,18,02143,3
20250822,18,02148,3
20250822,18,02159,1
20250822,18,02171,7
20250822,18,02172,3
20250822,18,02178,6
20250822,18,02179,4
20250822,18,02185,3
20250822,18,02186,1
20250822,18,02191,3
20250822,18,02198,1
20250822,18,03310,2
20250822,18,03311,6
20250822,18,03802,2
20250822,19,02111,3
20250822,19,02112,2
20250822,19,02122,2
20250822,19,02128,3
20250822,19,02129,1
20250822,19,02130,1
20250822,19,02139,1
20250822,19,02148,1
20250822,19,02171,4
20250822,19,02172,3
20250822,19,02178,2
20250822,19,02179,2
20250822,19,02185,1
20250822,19,02186,1
20250822,19,02191,3
20250822,19,02198,2
20250822,19,03311,3
20250822,19,03802,1
20250822,2,02111,2
20250822,2,02122,1
20250822,2,02139,1
20250822,2,02159,1
20250822,2,02171,2
20250822,2,02179,2
20250822,2,02185,2
20250822,2,02191,2
20250822,2,02198,2
20250822,2,03310,1
20250822,20,02111,5
20250822,20,02112,1
20250822,20,02130,1
20250822,20,02139,1
20250822,20,02148,1
20250822,20,02159,1
20250822,20,02171,2
20250822,20,02172,2
20250822,20,02178,2
20250822,20,02179,3
20250822,20,02185,3
20250822,20,02186,2
20250822,20,02198,3
20250822,20,03311,6
20250822,21,02111,3
20250822,21,02112,4
20250822,21,02116,2
20250822,21,02128,1
20250822,21,02139,1
20250822,21,02143,2
20250822,21,02148,1
20250822,21,02171,3
20250822,21,02172,3
20250822,21,02179,4
20250822,21,02185,4
20250822,21,02186,1
20250822,21,02191,7
20250822,21,02198,6
20250822,21,03311,4
20250822,22,02111,3
20250822,22,02112,5
20250822,22,02116,2
20250822,22,02122,1
20250822,22,02128,2
20250822,22,02129,1
20250822,22,02148,2
20250822,22,02159,1
20250822,22,02171,2
20250822,22,02172,4
20250822,22,02178,2
20250822,22,02179,4
20250822,22,02185,5
20250822,22,02186,1
20250822,22,02198,1
20250822,22,03310,1
20250822,22,03311,2
20250822,23,02111,4
20250822,23,02112,1
20250822,23,02122,1
20250822,23,02139,1
20250822,23,02143,1
20250822,23,02148,1
20250822,23,02179,1
20250822,23,02185,4
20250822,23,02186,1
20250822,23,02191,3
20250822,23,02198,1
20250822,23,03311,1
20250822,3,02116,1
20250822,3,02172,1
20250822,3,02185,1
20250822,3,03310,1
20250822,4,02148,1
20250822,4,02185,1
20250822,4,02198,1
20250822,5,02112,1
20250822,5,02128,1
20250822,5,02179,2
20250822,5,02185,1
20250822,5,03310,4
20250822,6,02111,1
20250822,6,02116,1
20250822,6,02143,1
20250822,6,02148,1
20250822,6,02171,1
20250822,6,02179,1
20250822,6,02185,2
20250822,6,02191,2
20250822,6,03310,1
20250822,6,03311,1
20250822,6,03802,2
20250822,7,02111,2
20250822,7,02112,1
20250822,7,02128,1
20250822,7,02129,1
20250822,7,02139,4
20250822,7,02148,2
20250822,7,02172,1
20250822,7,02178,1
20250822,7,02179,3
20250822,7,02186,2
20250822,7,02191,1
20250822,7,02198,5
20250822,7,03310,3
20250822,7,03802,2
20250822,8,02111,2
20250822,8,02112,1
20250822,8,02116,1
20250822,8,02139,1
20250822,8,02143,1
20250822,8,02148,1
20250822,8,02171,3
20250822,8,02179,3
20250822,8,02185,4
20250822,8,02191,2
20250822,8,02198,3
20250822,8,03310,3
20250822,8,03311,1
20250822,8,03802,2
20250822,9,02111,2
20250822,9,02112,1
20250822,9,02116,1
20250822,9,02122,1
20250822,9,02128,2
20250822,9,02148,1
20250822,9,02171,1
20250822,9,02172,1
20250822,9,02179,1
20250822,9,02185,2
20250822,9,02198,3
20250822,9,02199,1
20250822,9,03310,2
20250822,9,03311,1
20250822,9,03802,1
20250823,0,02111,3
20250823,0,02116,1
20250823,0,02122,1
20250823,0,02129,1
20250823,0,02171,3
20250823,0,02172,1
20250823,0,02178,1
20250823,0,02179,3
20250823,0,02185,4
20250823,0,02186,2
20250823,0,02191,1
20250823,0,02198,3
20250823,0,03311,1
20250823,1,02111,1
20250823,1,02112,3
20250823,1,02116,3
20250823,1,02122,2
20250823,1,02128,2
20250823,1,02171,3
20250823,1,02172,1
20250823,1,02178,1
20250823,1,02179,3
20250823,1,02185,1
20250823,1,02186,2
20250823,1,02198,1
20250823,1,03310,1
20250823,10,02112,1
20250823,10,02116,1
20250823,10,02122,1
20250823,10,02139,2
20250823,10,02143,1
20250823,10,02148,1
20250823,10,02159,1
20250823,10,02178,1
20250823,10,02179,2
20250823,10,02186,2
20250823,10,02191,1
20250823,10,03802,3
20250823,11,02111,2
20250823,11,02122,2
20250823,11,02128,1
20250823,11,02129,1
20250823,11,02130,1
20250823,11,02139,1
20250823,11,02159,1
20250823,11,02171,2
20250823,11,02172,3
20250823,11,02178,1
20250823,11,02185,1
20250823,11,02186,1
20250823,11,02191,4
20250823,11,02198,2
20250823,11,03310,2
20250823,11,03311,2
20250823,11,03802,1
20250823,12,02112,1
20250823,12,02116,2
20250823,12,02122,3
20250823,12,02128,2
20250823,12,02129,2
20250823,12,02139,1
20250823,12,02148,1
20250823,12,02159,1
20250823,12,02171,4
20250823,12,02172,3
20250823,12,02178,5
20250823,12,02179,2
20250823,12,02185,2
20250823,12,02186,2
20250823,12,02191,8
20250823,12,02198,2
20250823,12,03311,2
20250823,13,02111,4
20250823,13,02112,3
20250823,13,02148,1
20250823,13,02171,6
20250823,13,02172,2
20250823,13,02178,1
20250823,13,02179,3
20250823,13,02185,2
20250823,13,02198,3
20250823,13,02199,1
20250823,13,03310,1
20250823,13,03311,2
20250823,14,02111,2
20250823,14,02112,3
20250823,14,02116,1
20250823,14,02128,1
20250823,14,02148,2
20250823,14,02171,2
20250823,14,02178,1
20250823,14,02179,3
20250823,14,02185,2
20250823,14,02198,1
20250823,14,03310,1
20250823,15,02111,3
20250823,15,02116,1
20250823,15,02122,2
20250823,15,02139,1
20250823,15,02171,1
20250823,15,02172,2
20250823,15,02178,2
20250823,15,02179,1
20250823,15,02186,1
20250823,15,02191,2
20250823,15,02198,2
20250823,15,03310,1
20250823,15,03311,1
20250823,16,02111,3
20250823,16,02112,3
20250823,16,02116,1
20250823,16,02122,2
20250823,16,02128,1
20250823,16,02130,1
20250823,16,02143,1
20250823,16,02148,1
20250823,16,02159,1
20250823,16,02171,5
20250823,16,02186,1
20250823,16,02191,2
20250823,16,02198,1
20250823,16,02199,1
20250823,16,03310,2
20250823,17,02111,3
20250823,17,02122,1
20250823,17,02128,1
20250823,17,02143,1
20250823,17,02148,1
20250823,17,02172,3
20250823,17,02178,3
20250823,17,02179,2
20250823,17,02186,1
20250823,17,02191,4
20250823,17,02198,1
20250823,17,03310,3
20250823,17,03311,2
20250823,17,03802,1
20250823,18,02111,2
20250823,18,02112,2
20250823,18,02116,2
20250823,18,02122,2
20250823,18,02128,1
20250823,18,02143,1
20250823,18,02148,1
20250823,18,02171,5
20250823,18,02172,2
20250823,18,02178,2
20250823,18,02179,3
20250823,18,02185,2
20250823,18,02186,1
20250823,18,02191,2
20250823,18,02198,2
20250823,18,03310,2
20250823,18,03311,3
20250823,19,02111,6
20250823,19,02112,3
20250823,19,02116,3
20250823,19,02122,1
20250823,19,02128,1
20250823,19,02139,2
20250823,19,02143,1
20250823,19,02171,2
20250823,19,02172,3
20250823,19,02178,2
20250823,19,02179,1
20250823,19,02185,2
20250823,19,02191,3
20250823,19,02198,2
20250823,19,02199,1
20250823,19,03310,1
20250823,19,03311,3
20250823,2,02111,1
20250823,2,02112,1
20250823,2,02122,1
20250823,2,02128,1
20250823,2,02139,1
20250823,2,02143,1
20250823,2,02171,1
20250823,2,02179,2
20250823,2,02185,3
20250823,2,02198,3
20250823,20,02111,2
20250823,20,02112,1
20250823,20,02116,5
20250823,20,02122,1
20250823,20,02128,2
20250823,20,02139,2
20250823,20,02148,1
20250823,20,02159,1
20250823,20,02171,3
20250823,20,02172,3
20250823,20,02179,3
20250823,20,02185,1
20250823,20,02191,1
20250823,20,02198,1
20250823,20,03310,1
20250823,20,03311,2
20250823,21,02111,1
20250823,21,02122,1
20250823,21,02128,2
20250823,21,02130,4
20250823,21,02139,1
20250823,21,02159,1
20250823,21,02172,8
20250823,21,02178,1
20250823,21,02179,1
20250823,21,02185,2
20250823,21,02186,2
20250823,21,02191,2
20250823,21,02198,1
20250823,21,02199,1
20250823,21,03310,1
20250823,21,03311,1
20250823,22,02111,1
20250823,22,02112,6
20250823,22,02116,1
20250823,22,02122,1
20250823,22,02139,1
20250823,22,02143,1
20250823,22,02148,2
20250823,22,02159,2
20250823,22,02171,3
20250823,22,02172,1
20250823,22,02178,5
20250823,22,02179,3
20250823,22,02185,5
20250823,22,02198,4
20250823,22,03311,2
20250823,23,02111,4
20250823,23,02112,1
20250823,23,02128,2
20250823,23,02130,2
20250823,23,02143,1
20250823,23,02171,1
20250823,23,02178,4
20250823,23,02179,1
20250823,23,02185,2
20250823,23,02186,1
20250823,23,02191,2
20250823,23,03311,1
20250823,3,02111,2
20250823,3,02171,1
20250823,3,02178,1
20250823,3,02179,3
20250823,3,02191,2
20250823,3,03311,2
20250823,4,02122,1
20250823,4,02128,1
20250823,4,02179,1
20250823,5,02111,1
20250823,5,02185,1
20250823,5,02186,1
20250823,6,02143,1
20250823,6,02179,2
20250823,6,02185,1
20250823,6,02191,1
20250823,6,02198,1
20250823,6,03310,3
20250823,7,02139,2
20250823,7,02172,1
20250823,7,02198,3
20250823,7,03310,1
20250823,7,03802,2
20250823,8,02112,1
20250823,8,02116,1
20250823,8,02130,2
20250823,8,02171,1
20250823,8,02172,2
20250823,8,02179,2
20250823,8,02185,2
20250823,8,02191,1
20250823,8,02198,1
20250823,8,03310,4
20250823,9,02111,1
20250823,9,02112,2
20250823,9,02122,1
20250823,9,02139,2
20250823,9,02143,1
20250823,9,02148,1
20250823,9,02171,1
20250823,9,02172,1
20250823,9,02178,1
20250823,9,02179,2
20250823,9,02185,1
20250823,9,02186,2
20250823,9,02198,2
20250823,9,02199,1
20250823,9,03802,1
20250824,0,02111,2
20250824,0,02116,4
20250824,0,02122,1
20250824,0,02128,3
20250824,0,02139,1
20250824,0,02171,6
20250824,0,02179,1
20250824,0,02185,2
20250824,0,02186,3
20250824,0,02198,2
20250824,0,02199,1
20250824,0,03311,1
20250824,1,02111,2
20250824,1,02112,3
20250824,1,02148,2
20250824,1,02179,1
20250824,1,02198,2
20250824,1,03311,1
20250824,10,02112,1
20250824,10,02116,1
20250824,10,02128,2
20250824,10,02143,1
20250824,10,02148,2
20250824,10,02159,1
20250824,10,02171,1
20250824,10,02172,1
20250824,10,02179,2
20250824,10,02185,3
20250824,10,02186,1
20250824,10,02191,1
20250824,10,02198,1
20250824,10,03310,5
20250824,10,03311,1
20250824,11,02111,4
20250824,11,02112,1
20250824,11,02122,2
20250824,11,02128,2
20250824,11,02143,4
20250824,11,02171,2
20250824,11,02172,1
20250824,11,02179,1
20250824,11,02185,1
20250824,11,02198,1
20250824,11,03310,5
20250824,11,03311,1
20250824,11,03802,1
20250824,12,02112,1
20250824,12,02122,2
20250824,12,02128,2
20250824,12,02148,3
20250824,12,02171,1
20250824,12,02172,2
20250824,12,02179,4
20250824,12,02185,1
20250824,12,02186,2
20250824,12,02191,2
20250824,12,03311,1
20250824,12,03802,1
20250824,13,02111,1
20250824,13,02171,1
20250824,13,02172,1
20250824,13,02179,3
20250824,13,02185,1
20250824,13,02198,1
20250824,13,03311,1
20250824,13,03802,2
20250824,14,02111,2
20250824,14,02116,1
20250824,14,02171,1
20250824,14,02179,2
20250824,14,02185,3
20250824,14,02191,2
20250824,14,02198,4
20250824,14,02199,1
20250824,14,03802,2
20250824,15,02111,3
20250824,15,02112,2
20250824,15,02116,1
20250824,15,02122,2
20250824,15,02130,1
20250824,15,02139,3
20250824,15,02148,1
20250824,15,02159,2
20250824,15,02171,1
20250824,15,02172,3
20250824,15,02178,2
20250824,15,02179,1
20250824,15,02191,3
20250824,15,03310,1
20250824,15,03311,3
20250824,16,02111,1
20250824,16,02112,1
20250824,16,02122,1
20250824,16,02128,1
20250824,16,02129,1
20250824,16,02139,1
20250824,16,02143,1
20250824,16,02171,3
20250824,16,02172,5
20250824,16,02178,1
20250824,16,02179,3
20250824,16,02185,1
20250824,16,02186,1
20250824,16,02191,1
20250824,16,02198,1
20250824,16,02199,1
20250824,16,03310,1
20250824,16,03311,2
20250824,17,02111,1
20250824,17,02112,1
20250824,17,02129,1
20250824,17,02139,3
20250824,17,02148,1
20250824,17,02159,1
20250824,17,02171,5
20250824,17,02172,1
20250824,17,02179,1
20250824,17,02186,2
20250824,17,02191,1
20250824,17,03310,1
20250824,17,03311,3
20250824,17,03802,1
20250824,18,02111,4
20250824,18,02112,1
20250824,18,02116,1
20250824,18,02122,2
20250824,18,02128,3
20250824,18,02139,3
20250824,18,02171,5
20250824,18,02172,2
20250824,18,02178,2
20250824,18,02179,3
20250824,18,02185,2
20250824,18,02191,2
20250824,18,02198,3
20250824,18,03311,1
20250824,19,02111,1
20250824,19,02122,1
20250824,19,02128,1
20250824,19,02129,1
20250824,19,02139,3
20250824,19,02143,2
20250824,19,02148,2
20250824,19,02159,1
20250824,19,02171,6
20250824,19,02172,2
20250824,19,02178,1
20250824,19,02179,2
20250824,19,02185,2
20250824,19,02191,1
20250824,19,02198,1
20250824,19,02199,2
20250824,19,03310,2
20250824,19,03311,5
20250824,2,02112,1
20250824,2,02128,1
20250824,2,02148,1
20250824,2,02159,1
20250824,2,02171,3
20250824,2,02185,1
20250824,2,02198,1
20250824,2,03310,1
20250824,20,02111,3
20250824,20,02112,1
20250824,20,02116,3
20250824,20,02122,2
20250824,20,02128,1
20250824,20,02129,1
20250824,20,02139,3
20250824,20,02159,2
20250824,20,02171,3
20250824,20,02172,1
20250824,20,02179,2
20250824,20,02185,4
20250824,20,02186,1
20250824,20,02198,2
20250824,20,03311,3
20250824,21,02116,1
20250824,21,02122,1
20250824,21,02128,3
20250824,21,02130,2
20250824,21,02139,3
20250824,21,02148,1
20250824,21,02171,2
20250824,21,02172,3
20250824,21,02178,4
20250824,21,02179,1
20250824,21,02185,2
20250824,21,02186,1
20250824,21,02191,2
20250824,21,02198,4
20250824,21,02199,1
20250824,21,03311,3
20250824,22,02111,3
20250824,22,02112,4
20250824,22,02116,1
20250824,22,02122,1
20250824,22,02129,1
20250824,22,02139,1
20250824,22,02159,1
20250824,22,02171,4
20250824,22,02172,1
20250824,22,02179,2
20250824,22,02185,3
20250824,22,02186,1
20250824,22,02198,5
20250824,22,03311,2
20250824,23,02112,1
20250824,23,02116,1
20250824,23,02122,1
20250824,23,02171,2
20250824,23,02178,2
20250824,23,02185,2
20250824,23,02186,1
20250824,23,02191,1
20250824,23,02198,2
20250824,23,03311,3
20250824,3,02122,1
20250824,3,02171,1
20250824,3,02185,2
20250824,3,02198,1
20250824,4,02111,1
20250824,4,02171,1
20250824,4,02179,2
20250824,5,02111,1
20250824,5,02122,1
20250824,5,02139,2
20250824,6,02112,1
20250824,6,02122,1
20250824,6,02179,1
20250824,6,02185,1
20250824,6,02191,1
20250824,7,02139,2
20250824,7,02148,1
20250824,7,02172,1
20250824,7,02179,1
20250824,7,02191,3
20250824,7,02198,1
20250824,8,02122,1
20250824,8,02129,1
20250824,8,02159,1
20250824,8,02171,1
20250824,8,02172,2
20250824,8,02178,2
20250824,8,02179,1
20250824,8,02185,2
20250824,8,02191,1
20250824,8,02198,2
20250824,8,03310,1
20250824,9,02111,1
20250824,9,02112,1
20250824,9,02128,2
20250824,9,02143,1
20250824,9,02148,2
20250824,9,02171,1
20250824,9,02172,4
20250824,9,02178,2
20250824,9,02179,1
20250824,9,02185,2
20250824,9,02186,1
20250824,9,02191,1
20250824,9,03310,4
20250825,0,02111,2
20250825,0,02116,2
20250825,0,02128,1
20250825,0,02129,1
20250825,0,02148,2
20250825,0,02171,3
20250825,0,02172,1
20250825,0,02179,2
20250825,0,02185,4
20250825,0,02186,1
20250825,0,02198,2
20250825,0,03311,2
20250825,1,02111,1
20250825,1,02122,1
20250825,1,02128,1
20250825,1,02171,1
20250825,1,02179,2
20250825,1,02185,2
20250825,1,02198,1
20250825,1,03311,2
20250825,10,02111,2
20250825,10,02112,4
20250825,10,02116,2
20250825,10,02122,1
20250825,10,02129,1
20250825,10,02159,1
20250825,10,02171,1
20250825,10,02172,1
20250825,10,02179,1
20250825,10,02185,2
20250825,10,02186,1
20250825,10,02191,1
20250825,11,02111,1
20250825,11,02122,1
20250825,11,02128,1
20250825,11,02148,2
20250825,11,02171,1
20250825,11,02172,2
20250825,11,02178,2
20250825,11,02179,1
20250825,11,02186,1
20250825,11,02191,1
20250825,11,02198,2
20250825,11,03310,1
20250825,11,03802,5
20250825,12,02111,2
20250825,12,02112,2
20250825,12,02122,2
20250825,12,02139,2
20250825,12,02148,2
20250825,12,02172,2
20250825,12,02178,1
20250825,12,02179,1
20250825,12,02185,1
20250825,12,02191,2
20250825,12,02198,1
20250825,12,03310,2
20250825,12,03311,3
20250825,12,03802,1
20250825,13,02111,1
20250825,13,02122,1
20250825,13,02129,2
20250825,13,02148,2
20250825,13,02159,1
20250825,13,02172,1
20250825,13,02178,1
20250825,13,03310,2
20250825,13,03311,1
20250825,14,02111,2
20250825,14,02129,1
20250825,14,02139,1
20250825,14,02172,1
20250825,14,02178,1
20250825,14,02179,1
20250825,14,02185,2
20250825,14,02186,1
20250825,14,02191,1
20250825,14,03311,2
20250825,15,02112,2
20250825,15,02122,1
20250825,15,02128,1
20250825,15,02129,2
20250825,15,02148,1
20250825,15,02171,3
20250825,15,02172,1
20250825,15,02185,1
20250825,15,02191,1
20250825,15,02198,1
20250825,15,03310,3
20250825,15,03311,1
20250825,16,02111,3
20250825,16,02112,1
20250825,16,02116,1
20250825,16,02128,1
20250825,16,02129,1
20250825,16,02130,1
20250825,16,02148,2
20250825,16,02171,1
20250825,16,02179,1
20250825,16,02186,2
20250825,16,02198,2
20250825,16,03310,2
20250825,16,03311,1
20250825,17,02111,2
20250825,17,02112,1
20250825,17,02116,1
20250825,17,02128,2
20250825,17,02130,1
20250825,17,02139,1
20250825,17,02171,5
20250825,17,02172,1
20250825,17,02179,3
20250825,17,02185,2
20250825,17,02191,3
20250825,17,02198,1
20250825,17,03310,4
20250825,17,03311,1
20250825,17,03802,1
20250825,18,02111,2
20250825,18,02112,3
20250825,18,02116,1
20250825,18,02122,3
20250825,18,02128,1
20250825,18,02129,2
20250825,18,02130,1
20250825,18,02139,6
20250825,18,02143,1
20250825,18,02148,5
20250825,18,02159,1
20250825,18,02171,7
20250825,18,02172,2
20250825,18,02178,4
20250825,18,02179,3
20250825,18,02185,4
20250825,18,02186,1
20250825,18,02191,4
20250825,18,02198,2
20250825,18,03310,1
20250825,18,03311,4
20250825,18,03802,2
20250825,19,02116,1
20250825,19,02122,2
20250825,19,02129,1
20250825,19,02139,1
20250825,19,02148,2
20250825,19,02178,3
20250825,19,02186,1
20250825,19,02191,1
20250825,19,03802,1
20250825,2,02129,1
20250825,2,02178,1
20250825,2,02179,2
20250825,2,02198,2
20250825,20,02111,4
20250825,20,02116,2
20250825,20,02122,1
20250825,20,02128,1
20250825,20,02130,1
20250825,20,02159,1
20250825,20,02171,3
20250825,20,02172,1
20250825,20,02178,1
20250825,20,02179,2
20250825,20,02185,2
20250825,20,02186,3
20250825,20,02191,2
20250825,20,02198,1
20250825,20,03311,2
20250825,20,03802,2
20250825,21,02111,2
20250825,21,02128,1
20250825,21,02148,2
20250825,21,02159,1
20250825,21,02171,7
20250825,21,02178,2
20250825,21,02179,1
20250825,21,02185,3
20250825,21,02191,2
20250825,21,03311,4
20250825,21,03802,2
20250825,22,02112,1
20250825,22,02116,1
20250825,22,02122,1
20250825,22,02130,1
20250825,22,02148,2
20250825,22,02159,2
20250825,22,02171,2
20250825,22,02178,1
20250825,22,02179,2
20250825,22,02185,3
20250825,22,02186,2
20250825,22,02191,1
20250825,22,03311,6
20250825,23,02171,1
20250825,23,02185,1
20250825,23,02186,1
20250825,23,03311,2
20250825,3,02159,1
20250825,3,02179,1
20250825,4,02122,1
20250825,4,02128,1
20250825,4,02148,1
20250825,4,02185,2
20250825,4,02191,1
20250825,5,02128,1
20250825,5,02171,1
20250825,6,02148,1
20250825,6,02159,1
20250825,6,02171,3
20250825,6,02179,1
20250825,6,02185,2
20250825,6,02186,1
20250825,6,02191,2
20250825,6,02198,1
20250825,6,02199,1
20250825,6,03310,3
20250825,6,03802,2
20250825,7,02111,3
20250825,7,02112,2
20250825,7,02122,3
20250825,7,02129,1
20250825,7,02139,3
20250825,7,02148,1
20250825,7,02159,1
20250825,7,02171,1
20250825,7,02178,1
20250825,7,02179,4
20250825,7,02185,1
20250825,7,02186,2
20250825,7,02191,2
20250825,7,02198,2
20250825,7,02199,1
20250825,7,03310,2
20250825,7,03311,1
20250825,7,03802,1
20250825,8,02111,2
20250825,8,02112,1
20250825,8,02129,1
20250825,8,02139,1
20250825,8,02148,1
20250825,8,02171,2
20250825,8,02172,1
20250825,8,02178,2
20250825,8,02179,2
20250825,8,02185,4
20250825,8,02186,1
20250825,8,02191,4
20250825,8,02198,1
20250825,8,03310,6
20250825,8,03802,4
20250825,9,02116,1
20250825,9,02128,5
20250825,9,02148,2
20250825,9,02171,2
20250825,9,02172,1
20250825,9,02179,1
20250825,9,02185,2
20250825,9,02191,2
20250825,9,02198,4
20250825,9,02199,1
20250825,9,03310,1
20250825,9,03311,1
20250825,9,03802,1
20250826,0,02116,1
20250826,0,02128,2
20250826,0,03311,1
20250826,1,02139,1
20250826,1,02185,2
20250826,1,02186,2
20250826,1,02198,1
20250826,10,02111,1
20250826,10,02112,1
20250826,10,02116,1
20250826,10,02122,2
20250826,10,02128,1
20250826,10,02143,1
20250826,10,02148,1
20250826,10,02171,2
20250826,10,02185,2
20250826,10,02198,1
20250826,10,02199,1
20250826,10,03310,2
20250826,10,03802,1
20250826,11,02111,2
20250826,11,02112,1
20250826,11,02128,1
20250826,11,02129,1
20250826,11,02148,2
20250826,11,02171,1
20250826,11,02172,2
20250826,11,02178,1
20250826,11,02179,1
20250826,11,02185,1
20250826,11,02191,1
20250826,11,02198,1
20250826,11,03310,2
20250826,11,03802,1
20250826,12,02111,2
20250826,12,02122,2
20250826,12,02128,1
20250826,12,02129,1
20250826,12,02139,1
20250826,12,02148,1
20250826,12,02171,2
20250826,12,02172,1
20250826,12,02179,1
20250826,12,02185,2
20250826,12,02191,3
20250826,12,02198,3
20250826,12,03310,1
20250826,12,03311,1
20250826,13,02111,1
20250826,13,02112,2
20250826,13,02116,3
20250826,13,02122,2
20250826,13,02130,1
20250826,13,02139,1
20250826,13,02171,3
20250826,13,02172,1
20250826,13,02179,2
20250826,13,02185,2
20250826,13,03310,1
20250826,13,03311,1
20250826,13,03802,1
20250826,14,02111,1
20250826,14,02122,5
20250826,14,02128,1
20250826,14,02143,1
20250826,14,02171,2
20250826,14,02172,1
20250826,14,02179,1
20250826,14,02185,1
20250826,14,02186,1
20250826,14,02191,1
20250826,14,02198,1
20250826,14,03310,1
20250826,14,03311,3
20250826,15,02111,1
20250826,15,02116,2
20250826,15,02122,1
20250826,15,02128,3
20250826,15,02129,1
20250826,15,02130,1
20250826,15,02148,2
20250826,15,02171,2
20250826,15,02172,1
20250826,15,02178,1
20250826,15,02179,1
20250826,15,02185,2
20250826,15,02186,1
20250826,15,02191,1
20250826,15,02198,1
20250826,16,02112,1
20250826,16,02116,6
20250826,16,02130,1
20250826,16,02143,1
20250826,16,02148,2
20250826,16,02171,3
20250826,16,02172,3
20250826,16,02178,1
20250826,16,02179,4
20250826,16,02185,1
20250826,16,02191,2
20250826,16,02199,1
20250826,16,03310,3
20250826,16,03311,1
20250826,17,02111,4
20250826,17,02116,1
20250826,17,02128,1
20250826,17,02143,2
20250826,17,02159,1
20250826,17,02171,3
20250826,17,02172,3
20250826,17,02178,1
20250826,17,02185,1
20250826,17,02186,1
20250826,17,02191,2
20250826,17,02198,1
20250826,17,02199,1
20250826,17,03310,1
20250826,18,02111,1
20250826,18,02112,6
20250826,18,02116,3
20250826,18,02128,1
20250826,18,02139,1
20250826,18,02143,3
20250826,18,02148,1
20250826,18,02171,5
20250826,18,02178,4
20250826,18,02179,6
20250826,18,02185,3
20250826,18,02186,3
20250826,18,02191,1
20250826,18,02198,1
20250826,18,03310,4
20250826,18,03311,5
20250826,19,02111,8
20250826,19,02112,2
20250826,19,02116,1
20250826,19,02122,3
20250826,19,02129,2
20250826,19,02130,1
20250826,19,02139,3
20250826,19,02148,1
20250826,19,02171,4
20250826,19,02172,1
20250826,19,02179,1
20250826,19,02185,4
20250826,19,02186,5
20250826,19,02191,1
20250826,19,02198,5
20250826,19,03311,4
20250826,19,03802,3
20250826,20,02112,3
20250826,20,02116,1
20250826,20,02122,1
20250826,20,02128,1
20250826,20,02129,2
20250826,20,02148,1
20250826,20,02171,3
20250826,20,02172,4
20250826,20,02178,4
20250826,20,02179,4
20250826,20,02185,4
20250826,20,02186,2
20250826,20,02191,4
20250826,20,02198,1
20250826,20,02199,1
20250826,20,03310,1
20250826,20,03311,3
20250826,20,03802,5
20250826,21,02111,3
20250826,21,02112,2
20250826,21,02116,1
20250826,21,02122,4
20250826,21,02128,3
20250826,21,02130,1
20250826,21,02148,1
20250826,21,02171,3
20250826,21,02178,2
20250826,21,02179,3
20250826,21,02185,4
20250826,21,02186,3
20250826,21,02198,2
20250826,21,02199,3
20250826,21,03310,3
20250826,21,03311,3
20250826,21,03802,4
20250826,22,02111,2
20250826,22,02112,2
20250826,22,02116,5
20250826,22,02122,1
20250826,22,02139,4
20250826,22,02143,1
20250826,22,02159,2
20250826,22,02171,4
20250826,22,02172,1
20250826,22,02179,5
20250826,22,02185,6
20250826,22,02186,1
20250826,22,02191,2
20250826,22,02198,2
20250826,23,02111,2
20250826,23,02116,3
20250826,23,02128,1
20250826,23,02148,1
20250826,23,02171,2
20250826,23,02172,2
20250826,23,02178,2
20250826,23,02179,2
20250826,23,02191,5
20250826,23,02198,1
20250826,23,03310,1
20250826,23,03311,2
20250826,3,02191,1
20250826,4,02171,1
20250826,4,02191,1
20250826,6,02116,2
20250826,6,02122,1
20250826,6,02159,1
20250826,6,03802,1
20250826,7,02122,2
20250826,7,02129,1
20250826,7,02139,1
20250826,7,02148,2
20250826,7,02179,1
20250826,7,02186,2
20250826,7,02191,2
20250826,7,02198,1
20250826,8,02111,2
20250826,8,02112,1
20250826,8,02129,1
20250826,8,02139,2
20250826,8,02143,2
20250826,8,02178,2
20250826,8,02179,1
20250826,8,02185,1
20250826,8,02191,1
20250826,8,03802,1
20250826,9,02112,1
20250826,9,02171,1
20250826,9,02178,3
20250826,9,02185,2
20250826,9,02186,1
20250826,9,02191,2
20250826,9,02198,2
20250826,9,02199,1
20250826,9,03310,1
20250826,9,03802,2
20250827,0,02111,3
20250827,0,02112,1
20250827,0,02128,1
20250827,0,02129,1
20250827,0,02139,2
20250827,0,02143,1
20250827,0,02179,2
20250827,0,02185,1
20250827,1,02111,3
20250827,1,02112,1
20250827,1,02128,2
20250827,1,02143,1
20250827,1,02171,5
20250827,1,02179,1
20250827,1,02185,3
20250827,1,02191,1
20250827,1,02198,3
20250827,10,02111,1
20250827,10,02116,2
20250827,10,02122,1
20250827,10,02139,1
20250827,10,02143,1
20250827,10,02159,1
20250827,10,02172,1
20250827,10,02179,2
20250827,10,02185,1
20250827,10,02198,2
20250827,10,03311,1
20250827,11,02111,2
20250827,11,02112,2
20250827,11,02128,3
20250827,11,02129,1
20250827,11,02148,1
20250827,11,02159,3
20250827,11,02171,1
20250827,11,02172,1
20250827,11,02178,2
20250827,11,02179,1
20250827,11,02185,3
20250827,11,02191,1
20250827,11,02198,2
20250827,11,03311,1
20250827,12,02116,1
20250827,12,02122,3
20250827,12,02128,1
20250827,12,02148,2
20250827,12,02159,1
20250827,12,02171,2
20250827,12,02172,3
20250827,12,02179,3
20250827,12,02185,1
20250827,12,02191,1
20250827,12,03310,1
20250827,12,03311,3
20250827,13,02111,4
20250827,13,02116,1
20250827,13,02129,1
20250827,13,02159,1
20250827,13,02178,1
20250827,13,02179,4
20250827,13,02185,3
20250827,13,02198,1
20250827,14,02111,1
20250827,14,02116,1
20250827,14,02139,1
20250827,14,02171,1
20250827,14,02179,1
20250827,14,02185,1
20250827,14,02186,1
20250827,14,02199,1
20250827,14,03311,3
20250827,14,03802,1
20250827,15,02111,1
20250827,15,02112,2
20250827,15,02129,3
20250827,15,02130,2
20250827,15,02139,1
20250827,15,02159,2
20250827,15,02171,2
20250827,15,02172,1
20250827,15,02178,1
20250827,15,02179,1
20250827,15,02186,1
20250827,15,02191,1
20250827,15,02198,1
20250827,15,03310,2
20250827,15,03311,2
20250827,16,02111,1
20250827,16,02122,1
20250827,16,02128,2
20250827,16,02129,1
20250827,16,02130,1
20250827,16,02148,1
20250827,16,02171,4
20250827,16,02172,2
20250827,16,02178,1
20250827,16,02179,1
20250827,16,02185,1
20250827,16,02191,2
20250827,16,02198,2
20250827,16,03310,3
20250827,16,03311,2
20250827,17,02111,3
20250827,17,02112,1
20250827,17,02116,1
20250827,17,02122,1
20250827,17,02128,1
20250827,17,02129,2
20250827,17,02139,1
20250827,17,02143,2
20250827,17,02171,4
20250827,17,02172,4
20250827,17,02178,1
20250827,17,02179,2
20250827,17,02185,3
20250827,17,02186,4
20250827,17,02191,2
20250827,17,02198,1
20250827,17,03310,1
20250827,17,03311,1
20250827,17,03802,2
20250827,18,02111,5
20250827,18,02112,3
20250827,18,02122,1
20250827,18,02128,1
20250827,18,02139,1
20250827,18,02143,2
20250827,18,02148,6
20250827,18,02171,7
20250827,18,02172,5
20250827,18,02178,4
20250827,18,02179,4
20250827,18,02185,1
20250827,18,02186,1
20250827,18,02191,2
20250827,18,02198,1
20250827,18,03310,1
20250827,18,03311,2
20250827,18,03802,1
20250827,19,02111,3
20250827,19,02112,3
20250827,19,02122,4
20250827,19,02128,2
20250827,19,02129,1
20250827,19,02130,2
20250827,19,02139,2
20250827,19,02143,1
20250827,19,02159,1
20250827,19,02171,7
20250827,19,02172,5
20250827,19,02178,2
20250827,19,02179,5
20250827,19,02185,3
20250827,19,02186,2
20250827,19,02191,3
20250827,19,02198,2
20250827,19,03310,1
20250827,19,03311,1
20250827,19,03802,2
20250827,2,02112,1
20250827,2,02171,1
20250827,2,02178,1
20250827,2,02185,1
20250827,2,02198,1
20250827,20,02111,3
20250827,20,02112,2
20250827,20,02116,1
20250827,20,02122,3
20250827,20,02128,3
20250827,20,02129,2
20250827,20,02130,1
20250827,20,02143,3
20250827,20,02148,1
20250827,20,02159,2
20250827,20,02171,7
20250827,20,02178,1
20250827,20,02179,4
20250827,20,02185,2
20250827,20,02191,4
20250827,20,02198,2
20250827,20,03311,1
20250827,20,03802,2
20250827,21,02111,3
20250827,21,02112,1
20250827,21,02116,4
20250827,21,02139,1
20250827,21,02148,2
20250827,21,02171,3
20250827,21,02172,1
20250827,21,02178,2
20250827,21,02179,1
20250827,21,02185,2
20250827,21,02191,3
20250827,21,02198,1
20250827,21,02199,1
20250827,21,03311,3
20250827,21,03802,2
20250827,22,02111,1
20250827,22,02112,2
20250827,22,02116,5
20250827,22,02122,3
20250827,22,02139,1
20250827,22,02148,2
20250827,22,02159,2
20250827,22,02171,5
20250827,22,02172,3
20250827,22,02179,4
20250827,22,02185,3
20250827,22,02191,2
20250827,22,02198,1
20250827,22,03310,1
20250827,22,03311,2
20250827,23,02112,3
20250827,23,02116,2
20250827,23,02122,1
20250827,23,02139,3
20250827,23,02143,2
20250827,23,02171,3
20250827,23,02172,2
20250827,23,02179,6
20250827,23,02185,1
20250827,23,02191,1
20250827,23,03310,1
20250827,23,03311,3
20250827,3,02129,1
20250827,3,02148,2
20250827,3,02185,3
20250827,3,02191,2
20250827,4,02122,1
20250827,4,02128,1
20250827,4,02179,2
20250827,4,02185,1
20250827,5,02112,1
20250827,5,02122,1
20250827,5,02128,1
20250827,5,02148,1
20250827,5,02159,1
20250827,5,02186,1
20250827,5,02198,1
20250827,6,02111,2
20250827,6,02116,1
20250827,6,02122,1
20250827,6,02139,1
20250827,6,02143,1
20250827,6,02159,2
20250827,6,02172,1
20250827,6,02179,2
20250827,6,02185,2
20250827,6,02191,2
20250827,6,03310,3
20250827,6,03802,2
20250827,7,02111,2
20250827,7,02112,1
20250827,7,02122,1
20250827,7,02129,2
20250827,7,02139,5
20250827,7,02148,3
20250827,7,02172,1
20250827,7,02185,3
20250827,7,02186,1
20250827,7,02191,1
20250827,7,02198,2
20250827,7,03310,1
20250827,7,03311,1
20250827,7,03802,4
20250827,8,02111,1
20250827,8,02112,4
20250827,8,02116,1
20250827,8,02122,1
20250827,8,02129,1
20250827,8,02130,2
20250827,8,02139,1
20250827,8,02148,1
20250827,8,02171,2
20250827,8,02179,1
20250827,8,02185,5
20250827,8,02186,1
20250827,8,02191,3
20250827,8,03310,4
20250827,8,03311,1
20250827,8,03802,3
20250827,9,02112,2
20250827,9,02122,1
20250827,9,02128,2
20250827,9,02171,3
20250827,9,02172,2
20250827,9,02178,2
20250827,9,02185,4
20250827,9,02191,3
20250827,9,02198,3
20250827,9,03310,1
20250827,9,03311,1
20250827,9,03802,3
20250828,0,02111,1
20250828,0,02112,2
20250828,0,02116,2
20250828,0,02122,1
20250828,0,02128,2
20250828,0,02143,1
20250828,0,02171,1
20250828,0,02172,2
20250828,0,02179,6
20250828,0,02185,4
20250828,0,02191,1
20250828,0,02198,2
20250828,1,02111,3
20250828,1,02112,2
20250828,1,02122,1
20250828,1,02128,2
20250828,1,02139,1
20250828,1,02148,1
20250828,1,02171,2
20250828,1,02179,2
20250828,1,02185,3
20250828,1,02186,2
20250828,1,02191,1
20250828,1,02198,1
20250828,10,02112,1
20250828,10,02128,1
20250828,10,02139,2
20250828,10,02143,1
20250828,10,02148,1
20250828,10,02171,2
20250828,10,02172,1
20250828,10,02178,2
20250828,10,02179,1
20250828,10,02185,2
20250828,10,02191,1
20250828,10,02199,1
20250828,10,03310,2
20250828,11,02111,1
20250828,11,02179,2
20250828,11,02185,3
20250828,11,02191,2
20250828,11,02198,1
20250828,11,03310,2
20250828,11,03311,2
20250828,11,03802,2
20250828,12,02111,3
20250828,12,02116,1
20250828,12,02122,1
20250828,12,02128,2
20250828,12,02129,1
20250828,12,02139,1
20250828,12,02171,3
20250828,12,02178,1
20250828,12,02179,2
20250828,12,02185,2
20250828,12,02191,1
20250828,12,02198,2
20250828,12,03310,3
20250828,12,03311,1
20250828,12,03802,1
20250828,13,02129,1
20250828,13,02139,1
20250828,13,02148,2
20250828,13,02171,3
20250828,13,02172,1
20250828,13,02178,2
20250828,13,02179,1
20250828,13,02186,1
20250828,13,02191,1
20250828,13,02198,1
20250828,13,02199,1
20250828,13,03310,3
20250828,13,03311,2
20250828,13,03802,1
20250828,14,02111,1
20250828,14,02112,3
20250828,14,02116,2
20250828,14,02122,3
20250828,14,02128,1
20250828,14,02148,2
20250828,14,02159,1
20250828,14,02171,1
20250828,14,02172,3
20250828,14,02185,1
20250828,14,02186,1
20250828,14,03311,3
20250828,15,02111,1
20250828,15,02128,1
20250828,15,02129,1
20250828,15,02143,2
20250828,15,02148,1
20250828,15,02171,2
20250828,15,02172,1
20250828,15,02178,1
20250828,15,02179,1
20250828,15,02185,4
20250828,15,02186,1
20250828,15,02191,4
20250828,15,03310,2
20250828,16,02112,2
20250828,16,02116,1
20250828,16,02122,2
20250828,16,02128,1
20250828,16,02129,1
20250828,16,02130,1
20250828,16,02143,2
20250828,16,02148,2
20250828,16,02159,1
20250828,16,02172,2
20250828,16,02178,1
20250828,16,02179,2
20250828,16,02185,1
20250828,16,02191,2
20250828,16,02198,1
20250828,16,03310,2
20250828,16,03311,2
20250828,17,02111,5
20250828,17,02116,1
20250828,17,02122,2
20250828,17,02128,1
20250828,17,02129,2
20250828,17,02130,1
20250828,17,02148,3
20250828,17,02171,3
20250828,17,02172,2
20250828,17,02178,2
20250828,17,02179,3
20250828,17,02185,2
20250828,17,02191,5
20250828,17,02198,4
20250828,17,02199,1
20250828,17,03310,2
20250828,17,03311,2
20250828,18,02111,7
20250828,18,02112,1
20250828,18,02116,1
20250828,18,02128,3
20250828,18,02129,1
20250828,18,02130,2
20250828,18,02139,3
20250828,18,02143,1
20250828,18,02148,1
20250828,18,02171,7
20250828,18,02172,1
20250828,18,02178,5
20250828,18,02179,5
20250828,18,02185,3
20250828,18,02191,3
20250828,18,02198,1
20250828,18,02199,1
20250828,18,03311,6
20250828,18,03802,1
20250828,19,02111,3
20250828,19,02112,6
20250828,19,02116,2
20250828,19,02122,3
20250828,19,02128,1
20250828,19,02129,1
20250828,19,02139,4
20250828,19,02171,3
20250828,19,02172,3
20250828,19,02178,2
20250828,19,02179,1
20250828,19,02185,2
20250828,19,02186,1
20250828,19,02191,2
20250828,19,02198,1
20250828,19,02199,2
20250828,19,03310,2
20250828,19,03311,8
20250828,19,03802,1
20250828,2,02112,1
20250828,2,02139,2
20250828,2,02159,1
20250828,2,02178,1
20250828,2,02185,2
20250828,2,02191,1
20250828,2,02198,3
20250828,20,02111,2
20250828,20,02112,3
20250828,20,02116,1
20250828,20,02122,1
20250828,20,02129,1
20250828,20,02130,1
20250828,20,02139,1
20250828,20,02159,1
20250828,20,02171,2
20250828,20,02172,2
20250828,20,02179,1
20250828,20,02185,2
20250828,20,02186,1
20250828,20,02191,3
20250828,20,02198,2
20250828,20,02199,1
20250828,20,03310,1
20250828,20,03311,1
20250828,20,03802,6
20250828,21,02111,5
20250828,21,02112,2
20250828,21,02116,1
20250828,21,02122,4
20250828,21,02128,1
20250828,21,02129,1
20250828,21,02139,2
20250828,21,02171,2
20250828,21,02172,1
20250828,21,02179,2
20250828,21,02185,3
20250828,21,02191,4
20250828,21,02198,1
20250828,21,02199,1
20250828,21,03310,4
20250828,21,03311,2
20250828,22,02111,3
20250828,22,02112,3
20250828,22,02116,1
20250828,22,02122,3
20250828,22,02129,1
20250828,22,02139,2
20250828,22,02143,2
20250828,22,02159,2
20250828,22,02171,3
20250828,22,02172,1
20250828,22,02178,2
20250828,22,02179,4
20250828,22,02185,3
20250828,22,02186,1
20250828,22,02198,1
20250828,22,03310,1
20250828,22,03311,2
20250828,23,02111,3
20250828,23,02112,3
20250828,23,02122,2
20250828,23,02129,2
20250828,23,02139,3
20250828,23,02143,2
20250828,23,02171,1
20250828,23,02172,1
20250828,23,02178,2
20250828,23,02179,1
20250828,23,02185,2
20250828,23,02191,3
20250828,23,03311,1
20250828,3,02143,1
20250828,3,02171,1
20250828,3,02178,1
20250828,3,02179,1
20250828,3,02191,2
20250828,4,02111,1
20250828,4,02122,1
20250828,4,02179,1
20250828,5,02111,1
20250828,5,02128,1
20250828,5,02186,2
20250828,5,03310,2
20250828,5,03311,1
20250828,6,02111,1
20250828,6,02122,2
20250828,6,02129,1
20250828,6,02148,2
20250828,6,02159,1
20250828,6,02179,1
20250828,6,02185,2
20250828,6,02191,3
20250828,6,03310,3
20250828,6,03802,1
20250828,7,02111,2
20250828,7,02112,1
20250828,7,02116,1
20250828,7,02122,2
20250828,7,02128,1
20250828,7,02129,2
20250828,7,02139,4
20250828,7,02148,1
20250828,7,02159,1
20250828,7,02171,1
20250828,7,02172,2
20250828,7,02178,2
20250828,7,02179,3
20250828,7,02185,2
20250828,7,02186,2
20250828,7,02191,2
20250828,7,02198,5
20250828,7,02199,1
20250828,7,03310,3
20250828,7,03802,5
20250828,8,02111,2
20250828,8,02112,2
20250828,8,02116,1
20250828,8,02128,1
20250828,8,02129,1
20250828,8,02139,2
20250828,8,02143,2
20250828,8,02148,3
20250828,8,02171,3
20250828,8,02179,2
20250828,8,02185,4
20250828,8,02186,1
20250828,8,02191,2
20250828,8,03310,4
20250828,8,03311,2
20250828,8,03802,3
20250828,9,02116,2
20250828,9,02122,2
20250828,9,02128,2
20250828,9,02143,2
20250828,9,02148,1
20250828,9,02172,1
20250828,9,02178,1
20250828,9,02185,5
20250828,9,02198,2
20250828,9,03310,3
20250828,9,03802,3
20250829,0,02111,1
20250829,0,02116,1
20250829,0,02178,1
20250829,0,02185,6
20250829,0,02191,1
20250829,0,02198,2
20250829,0,03311,1
20250829,1,02111,3
20250829,1,02116,3
20250829,1,02143,1
20250829,1,02171,4
20250829,1,02179,1
20250829,1,02191,2
20250829,1,02198,1
20250829,10,02111,1
20250829,10,02112,1
20250829,10,02139,2
20250829,10,02148,1
20250829,10,02171,4
20250829,10,02179,2
20250829,10,02186,2
20250829,10,02191,2
20250829,10,03310,1
20250829,10,03311,2
20250829,10,03802,1
20250829,11,02111,1
20250829,11,02112,1
20250829,11,02116,1
20250829,11,02122,2
20250829,11,02128,1
20250829,11,02129,1
20250829,11,02130,1
20250829,11,02143,1
20250829,11,02171,1
20250829,11,02172,2
20250829,11,02178,2
20250829,11,02185,1
20250829,11,02198,1
20250829,11,03310,1
20250829,11,03311,2
20250829,11,03802,1
20250829,12,02111,2
20250829,12,02112,2
20250829,12,02128,1
20250829,12,02148,1
20250829,12,02171,2
20250829,12,02172,4
20250829,12,02179,2
20250829,12,02185,1
20250829,12,02191,1
20250829,12,02198,2
20250829,12,03311,4
20250829,12,03802,2
20250829,13,02111,1
20250829,13,02148,1
20250829,13,02159,1
20250829,13,02172,2
20250829,13,02179,2
20250829,13,02191,2
20250829,13,02199,1
20250829,13,03310,1
20250829,13,03311,2
20250829,14,02111,1
20250829,14,02112,1
20250829,14,02128,1
20250829,14,02129,1
20250829,14,02143,2
20250829,14,02159,1
20250829,14,02171,3
20250829,14,02172,2
20250829,14,02178,1
20250829,14,02185,3
20250829,14,02191,1
20250829,14,02198,1
20250829,14,03311,2
20250829,15,02111,3
20250829,15,02122,1
20250829,15,02148,1
20250829,15,02172,1
20250829,15,02178,1
20250829,15,02179,2
20250829,15,02191,1
20250829,15,02198,2
20250829,15,03310,2
20250829,16,02111,1
20250829,16,02171,1
20250829,16,02179,2
20250829,16,02185,3
20250829,16,03310,2
20250829,17,02112,3
20250829,17,02130,1
20250829,17,02139,1
20250829,17,02143,1
20250829,17,02148,1
20250829,17,02171,2
20250829,17,02172,2
20250829,17,02178,1
20250829,17,02185,1
20250829,17,02191,2
20250829,17,02198,1
20250829,17,03310,1
20250829,18,02111,7
20250829,18,02112,1
20250829,18,02116,1
20250829,18,02128,2
20250829,18,02129,1
20250829,18,02143,1
20250829,18,02148,2
20250829,18,02171,6
20250829,18,02172,1
20250829,18,02178,2
20250829,18,02179,3
20250829,18,02185,2
20250829,18,02186,1
20250829,18,02191,3
20250829,18,02198,3
20250829,18,03310,2
20250829,18,03311,1
20250829,18,03802,1
20250829,19,02111,5
20250829,19,02112,2
20250829,19,02116,2
20250829,19,02122,1
20250829,19,02143,2
20250829,19,02148,1
20250829,19,02171,5
20250829,19,02172,1
20250829,19,02178,2
20250829,19,02179,1
20250829,19,02185,2
20250829,19,02186,2
20250829,19,02199,1
20250829,19,03311,1
20250829,19,03802,1
20250829,2,02111,1
20250829,2,02116,1
20250829,2,02178,1
20250829,2,02179,2
20250829,2,02185,2
20250829,2,02198,1
20250829,20,02111,3
20250829,20,02116,3
20250829,20,02122,1
20250829,20,02129,1
20250829,20,02130,1
20250829,20,02148,1
20250829,20,02171,2
20250829,20,02172,2
20250829,20,02178,1
20250829,20,02179,2
20250829,20,02185,4
20250829,20,02186,2
20250829,20,02191,2
20250829,20,02198,4
20250829,20,02199,1
20250829,20,03310,1
20250829,20,03311,3
20250829,20,03802,1
20250829,21,02116,2
20250829,21,02139,1
20250829,21,02148,2
20250829,21,02171,1
20250829,21,02172,1
20250829,21,02178,1
20250829,21,02185,2
20250829,21,02191,2
20250829,21,02198,3
20250829,21,03802,2
20250829,22,02122,1
20250829,22,02171,1
20250829,22,02172,1
20250829,22,02179,2
20250829,23,02111,2
20250829,23,02116,1
20250829,23,02139,1
20250829,23,02148,1
20250829,23,02179,2
20250829,23,02185,1
20250829,23,03310,1
20250829,23,03311,2
20250829,3,02122,1
20250829,3,02139,1
20250829,3,02171,2
20250829,3,02179,2
20250829,3,02185,1
20250829,3,02198,1
20250829,3,03310,1
20250829,4,02122,1
20250829,4,02198,2
20250829,5,02111,1
20250829,5,02198,1
20250829,6,02111,1
20250829,6,02148,1
20250829,6,02179,2
20250829,6,02185,3
20250829,6,02186,1
20250829,6,02191,1
20250829,6,02198,1
20250829,6,03802,1
20250829,7,02111,1
20250829,7,02148,1
20250829,7,02186,2
20250829,7,02191,2
20250829,7,02198,2
20250829,7,03310,2
20250829,7,03802,1
20250829,8,02111,1
20250829,8,02112,1
20250829,8,02129,1
20250829,8,02139,2
20250829,8,02148,1
20250829,8,02171,1
20250829,8,02172,1
20250829,8,02179,1
20250829,8,02185,3
20250829,8,02198,2
20250829,8,03310,3
20250829,8,03802,3
20250829,9,02111,1
20250829,9,02116,2
20250829,9,02122,1
20250829,9,02128,2
20250829,9,02171,1
20250829,9,02172,2
20250829,9,02185,2
20250829,9,02191,2
20250829,9,02198,3
20250829,9,03310,2
20250829,9,03311,1
20250830,0,02111,3
20250830,0,02171,1
20250830,0,02172,1
20250830,0,02185,1
20250830,0,02198,1
20250830,1,02111,1
20250830,1,02112,2
20250830,1,02122,1
20250830,1,02171,1
20250830,1,02172,1
20250830,1,02179,1
20250830,1,02198,1
20250830,1,03311,1
20250830,10,02111,1
20250830,10,02128,2
20250830,10,02130,1
20250830,10,02171,1
20250830,10,02172,2
20250830,10,02179,5
20250830,10,02185,1
20250830,10,02191,2
20250830,10,02198,1
20250830,10,03310,2
20250830,10,03311,1
20250830,11,02111,1
20250830,11,02116,1
20250830,11,02139,1
20250830,11,02171,1
20250830,11,02178,2
20250830,11,02185,1
20250830,11,02191,3
20250830,11,03310,2
20250830,12,02111,2
20250830,12,02116,1
20250830,12,02122,1
20250830,12,02143,1
20250830,12,02148,1
20250830,12,02171,2
20250830,12,02172,2
20250830,12,02178,3
20250830,12,02179,2
20250830,12,02191,2
20250830,12,02198,3
20250830,13,02111,1
20250830,13,02129,1
20250830,13,02143,1
20250830,13,02171,2
20250830,13,02178,4
20250830,13,02191,1
20250830,13,02198,1
20250830,13,03311,1
20250830,14,02111,2
20250830,14,02116,2
20250830,14,02122,1
20250830,14,02128,1
20250830,14,02129,2
20250830,14,02148,2
20250830,14,02159,1
20250830,14,02171,3
20250830,14,02179,2
20250830,14,02185,1
20250830,14,02186,1
20250830,14,02191,1
20250830,14,02198,2
20250830,14,03310,2
20250830,15,02111,2
20250830,15,02112,1
20250830,15,02143,1
20250830,15,02148,1
20250830,15,02171,1
20250830,15,02172,4
20250830,15,02179,1
20250830,15,02185,3
20250830,15,02186,1
20250830,15,02191,1
20250830,15,02199,2
20250830,16,02111,2
20250830,16,02128,2
20250830,16,02143,1
20250830,16,02159,2
20250830,16,02171,3
20250830,16,02172,2
20250830,16,02179,2
20250830,16,02185,1
20250830,16,02198,3
20250830,16,03310,2
20250830,16,03311,2
20250830,16,03802,1
20250830,17,02111,1
20250830,17,02116,1
20250830,17,02130,1
20250830,17,02139,1
20250830,17,02143,1
20250830,17,02148,1
20250830,17,02171,4
20250830,17,02172,1
20250830,17,02178,3
20250830,17,02179,3
20250830,17,02185,2
20250830,17,02191,1
20250830,17,03311,2
20250830,17,03802,3
20250830,18,02111,2
20250830,18,02112,2
20250830,18,02116,1
20250830,18,02122,3
20250830,18,02128,1
20250830,18,02130,1
20250830,18,02139,2
20250830,18,02148,1
20250830,18,02171,3
20250830,18,02172,4
20250830,18,02178,3
20250830,18,02179,2
20250830,18,02185,4
20250830,18,02186,1
20250830,18,02191,1
20250830,18,03310,1
20250830,18,03311,3
20250830,19,02111,2
20250830,19,02112,4
20250830,19,02128,1
20250830,19,02143,1
20250830,19,02148,1
20250830,19,02171,2
20250830,19,02172,1
20250830,19,02178,2
20250830,19,02179,2
20250830,19,02185,1
20250830,19,02191,2
20250830,19,02198,2
20250830,19,03311,2
20250830,20,02111,4
20250830,20,02112,4
20250830,20,02122,1
20250830,20,02128,1
20250830,20,02130,1
20250830,20,02139,1
20250830,20,02143,1
20250830,20,02159,1
20250830,20,02171,4
20250830,20,02172,3
20250830,20,02178,3
20250830,20,02179,2
20250830,20,02186,1
20250830,20,02191,1
20250830,20,02198,1
20250830,20,03311,2
20250830,21,02112,4
20250830,21,02122,1
20250830,21,02139,3
20250830,21,02143,4
20250830,21,02171,5
20250830,21,02172,1
20250830,21,02178,5
20250830,21,02179,4
20250830,21,02185,2
20250830,21,02186,1
20250830,21,02191,3
20250830,21,02198,2
20250830,21,03311,1
20250830,21,03802,1
20250830,22,02111,3
20250830,22,02112,3
20250830,22,02128,3
20250830,22,02148,2
20250830,22,02159,2
20250830,22,02171,6
20250830,22,02179,4
20250830,22,02185,2
20250830,22,02191,2
20250830,22,02199,1
20250830,22,03311,3
20250830,23,02111,1
20250830,23,02112,3
20250830,23,02122,3
20250830,23,02171,3
20250830,23,02179,2
20250830,23,02185,3
20250830,23,02186,1
20250830,23,02191,1
20250830,23,03310,3
20250830,3,02111,1
20250830,3,02122,1
20250830,3,02179,1
20250830,4,02178,2
20250830,4,02185,1
20250830,5,02111,1
20250830,5,02198,1
20250830,9,02111,1
20250830,9,02130,1
20250830,9,02139,1
20250830,9,02179,1
20250830,9,02185,2
20250830,9,02191,2
20250830,9,02198,1
20250830,9,03310,1
20250831,0,02111,3
20250831,0,02112,3
20250831,0,02116,2
20250831,0,02129,1
20250831,0,02139,1
20250831,0,02143,1
20250831,0,02171,2
20250831,0,02172,1
20250831,0,02178,1
20250831,0,02179,2
20250831,0,02185,3
20250831,0,02186,1
20250831,0,02191,3
20250831,0,02198,2
20250831,0,03311,1
20250831,1,02111,1
20250831,1,02112,1
20250831,1,02116,2
20250831,1,02128,1
20250831,1,02143,1
20250831,1,02171,3
20250831,1,02179,3
20250831,1,02185,1
20250831,1,02186,2
20250831,1,03311,1
20250831,10,02111,2
20250831,10,02122,3
20250831,10,02128,2
20250831,10,02139,2
20250831,10,02171,1
20250831,10,02172,1
20250831,10,02179,1
20250831,10,02185,3
20250831,10,02191,2
20250831,10,03310,1
20250831,10,03311,1
20250831,11,02111,1
20250831,11,02122,1
20250831,11,02139,1
20250831,11,02159,1
20250831,11,02172,2
20250831,11,02185,1
20250831,11,02191,3
20250831,11,03310,1
20250831,11,03311,1
20250831,11,03802,2
20250831,12,02111,2
20250831,12,02112,1
20250831,12,02116,3
20250831,12,02122,2
20250831,12,02128,1
20250831,12,02148,1
20250831,12,02159,1
20250831,12,02171,1
20250831,12,02178,2
20250831,12,02179,3
20250831,12,02185,3
20250831,12,02186,1
20250831,12,02191,1
20250831,12,02198,1
20250831,13,02111,2
20250831,13,02112,1
20250831,13,02116,1
20250831,13,02128,2
20250831,13,02179,1
20250831,13,02185,4
20250831,13,02186,2
20250831,13,02191,2
20250831,13,02198,1
20250831,13,03311,1
20250831,13,03802,1
20250831,14,02111,1
20250831,14,02112,1
20250831,14,02122,1
20250831,14,02128,1
20250831,14,02130,1
20250831,14,02171,2
20250831,14,02172,3
20250831,14,02179,2
20250831,14,02191,1
20250831,14,03310,2
20250831,14,03311,1
20250831,15,02111,3
20250831,15,02116,1
20250831,15,02128,1
20250831,15,02130,1
20250831,15,02148,1
20250831,15,02159,1
20250831,15,02171,1
20250831,15,02172,2
20250831,15,02178,1
20250831,15,02179,1
20250831,15,02185,1
20250831,15,02191,1
20250831,15,02198,1
20250831,15,03310,1
20250831,15,03311,1
20250831,16,02111,1
20250831,16,02112,1
20250831,16,02122,1
20250831,16,02129,2
20250831,16,02139,4
20250831,16,02143,1
20250831,16,02172,2
20250831,16,02179,1
20250831,16,02185,1
20250831,16,02191,4
20250831,16,02198,1
20250831,16,03311,3
20250831,16,03802,3
20250831,17,02111,1
20250831,17,02112,1
20250831,17,02116,1
20250831,17,02122,1
20250831,17,02129,2
20250831,17,02139,2
20250831,17,02143,1
20250831,17,02148,2
20250831,17,02159,1
20250831,17,02172,1
20250831,17,02179,1
20250831,17,02185,2
20250831,17,02186,1
20250831,17,02191,2
20250831,17,02198,1
20250831,17,03310,1
20250831,17,03311,1
20250831,18,02111,2
20250831,18,02112,2
20250831,18,02122,1
20250831,18,02130,2
20250831,18,02148,1
20250831,18,02171,2
20250831,18,02172,4
20250831,18,02178,1
20250831,18,02179,2
20250831,18,02185,3
20250831,18,02186,1
20250831,18,02191,4
20250831,18,02198,2
20250831,18,03311,3
20250831,19,02111,4
20250831,19,02112,5
20250831,19,02122,1
20250831,19,02139,1
20250831,19,02143,2
20250831,19,02171,2
20250831,19,02172,3
20250831,19,02178,3
20250831,19,02179,2
20250831,19,02185,1
20250831,19,02191,3
20250831,19,02198,1
20250831,19,02199,2
20250831,19,03310,1
20250831,2,02111,1
20250831,2,02112,2
20250831,2,02129,1
20250831,2,02171,1
20250831,2,02178,1
20250831,2,02191,1
20250831,2,02198,1
20250831,20,02111,6
20250831,20,02112,3
20250831,20,02116,1
20250831,20,02128,1
20250831,20,02129,1
20250831,20,02130,2
20250831,20,02139,2
20250831,20,02143,1
20250831,20,02159,3
20250831,20,02171,6
20250831,20,02172,2
20250831,20,02178,4
20250831,20,02179,3
20250831,20,02185,5
20250831,20,02186,5
20250831,20,02191,1
20250831,20,02198,2
20250831,20,03311,2
20250831,21,02111,1
20250831,21,02112,1
20250831,21,02116,1
20250831,21,02128,1
20250831,21,02129,1
20250831,21,02130,1
20250831,21,02143,1
20250831,21,02171,7
20250831,21,02172,4
20250831,21,02178,1
20250831,21,02179,2
20250831,21,02185,1
20250831,21,02186,1
20250831,21,02191,2
20250831,21,03310,2
20250831,21,03311,3
20250831,22,02111,1
20250831,22,02112,2
20250831,22,02116,4
20250831,22,02128,3
20250831,22,02139,1
20250831,22,02148,1
20250831,22,02171,2
20250831,22,02172,1
20250831,22,02178,2
20250831,22,02185,2
20250831,22,02191,2
20250831,22,02198,3
20250831,22,02199,1
20250831,22,03311,3
20250831,23,02111,1
20250831,23,02112,2
20250831,23,02116,1
20250831,23,02122,1
20250831,23,02128,1
20250831,23,02129,1
20250831,23,02148,1
20250831,23,02159,1
20250831,23,02171,1
20250831,23,02172,1
20250831,23,02178,1
20250831,23,02179,1
20250831,23,02185,3
20250831,23,02191,1
20250831,23,02198,1
20250831,23,03311,1
20250831,3,02178,1
20250831,3,02179,2
20250831,3,02185,1
20250831,3,02186,1
20250831,3,03310,1
20250831,4,02139,1
20250831,4,02186,1
20250831,4,02191,2
20250831,6,02185,1
20250831,6,02191,1
20250831,6,03310,1
20250831,7,02116,1
20250831,7,02122,1
20250831,7,02171,1
20250831,7,02172,1
20250831,7,02178,1
20250831,7,02185,1
20250831,7,02198,2
20250831,8,02112,1
20250831,8,02122,1
20250831,8,02139,2
20250831,8,02178,3
20250831,8,02179,2
20250831,8,02185,2
20250831,8,02191,1
20250831,8,03311,1
20250831,9,02111,1
20250831,9,02112,2
20250831,9,02116,1
20250831,9,02122,1
20250831,9,02139,1
20250831,9,02148,1
20250831,9,02159,1
20250831,9,02171,1
20250831,9,02172,2
20250831,9,02178,2
20250831,9,02179,2
20250831,9,02185,1
20250831,9,02191,2
20250831,9,03310,2
