RENT_DATE,RENT_TIME,RENT_ID,CNT
20240401,0,02111,3
20240401,0,02112,3
20240401,0,02116,2
20240401,0,02129,1
20240401,0,02139,1
20240401,0,02148,1
20240401,0,02178,1
20240401,0,02179,2
20240401,0,02185,1
20240401,0,02186,1
20240401,0,02191,1
20240401,0,02198,2
20240401,0,03311,3
20240401,1,02111,2
20240401,1,02116,1
20240401,1,02122,2
20240401,1,02159,1
20240401,1,02171,2
20240401,1,02198,2
20240401,1,03311,1
20240401,10,02112,1
20240401,10,02128,1
20240401,10,02139,3
20240401,10,02148,1
20240401,10,02171,3
20240401,10,02185,1
20240401,10,02191,2
20240401,10,02198,1
20240401,10,02199,1
20240401,10,03311,2
20240401,11,02111,4
20240401,11,02112,5
20240401,11,02116,1
20240401,11,02128,5
20240401,11,02129,2
20240401,11,02130,1
20240401,11,02143,1
20240401,11,02148,1
20240401,11,02159,1
20240401,11,02172,2
20240401,11,02179,2
20240401,11,02198,1
20240401,11,02199,2
20240401,11,03802,3
20240401,12,02111,1
20240401,12,02112,1
20240401,12,02122,2
20240401,12,02128,1
20240401,12,02143,1
20240401,12,02148,3
20240401,12,02159,2
20240401,12,02171,3
20240401,12,02178,1
20240401,12,02179,2
20240401,12,02185,3
20240401,12,02191,4
20240401,12,02199,1
20240401,12,03310,1
20240401,12,03311,2
20240401,12,03802,2
20240401,13,02111,2
20240401,13,02112,2
20240401,13,02116,2
20240401,13,02122,2
20240401,13,02139,1
20240401,13,02148,2
20240401,13,02159,1
20240401,13,02171,3
20240401,13,02178,4
20240401,13,02179,3
20240401,13,02185,2
20240401,13,02186,1
20240401,13,02191,2
20240401,13,03310,3
20240401,13,03311,3
20240401,13,03802,1
20240401,14,02111,1
20240401,14,02112,2
20240401,14,02116,4
20240401,14,02122,1
20240401,14,02128,2
20240401,14,02130,1
20240401,14,02143,1
20240401,14,02148,1
20240401,14,02171,5
20240401,14,02172,1
20240401,14,02179,1
20240401,14,02185,2
20240401,14,02186,2
20240401,14,02191,1
20240401,14,02198,2
20240401,14,03311,1
20240401,15,02111,4
20240401,15,02112,1
20240401,15,02116,1
20240401,15,02122,1
20240401,15,02128,1
20240401,15,02130,2
20240401,15,02143,1
20240401,15,02159,1
20240401,15,02171,5
20240401,15,02172,1
20240401,15,02179,4
20240401,15,02185,2
20240401,15,02186,2
20240401,15,02191,2
20240401,15,02199,3
20240401,15,03310,2
20240401,16,02111,2
20240401,16,02112,1
20240401,16,02116,3
20240401,16,02122,4
20240401,16,02128,3
20240401,16,02129,1
20240401,16,02130,4
20240401,16,02139,1
20240401,16,02143,1
20240401,16,02172,2
20240401,16,02178,7
20240401,16,02179,1
20240401,16,02185,1
20240401,16,02198,1
20240401,16,03310,2
20240401,16,03311,2
20240401,17,02112,3
20240401,17,02122,1
20240401,17,02128,1
20240401,17,02129,6
20240401,17,02130,3
20240401,17,02139,2
20240401,17,02159,2
20240401,17,02171,6
20240401,17,02178,7
20240401,17,02179,1
20240401,17,02185,1
20240401,17,02186,1
20240401,17,02191,2
20240401,17,03311,1
20240401,18,02111,5
20240401,18,02112,3
20240401,18,02116,2
20240401,18,02122,3
20240401,18,02128,4
20240401,18,02130,3
20240401,18,02143,1
20240401,18,02148,8
20240401,18,02171,6
20240401,18,02178,5
20240401,18,02179,3
20240401,18,02185,3
20240401,18,02191,1
20240401,18,02199,1
20240401,18,03310,3
20240401,18,03311,7
20240401,18,03802,1
20240401,19,02111,9
20240401,19,02112,5
20240401,19,02116,4
20240401,19,02122,2
20240401,19,02130,1
20240401,19,02139,3
20240401,19,02148,2
20240401,19,02179,4
20240401,19,02185,3
20240401,19,02186,1
20240401,19,02191,2
20240401,19,02198,1
20240401,19,03310,1
20240401,19,03311,2
20240401,19,03802,2
20240401,2,02122,1
20240401,2,02179,3
20240401,20,02111,2
20240401,20,02112,4
20240401,20,02116,4
20240401,20,02122,2
20240401,20,02128,1
20240401,20,02130,1
20240401,20,02148,1
20240401,20,02159,1
20240401,20,02171,7
20240401,20,02172,1
20240401,20,02178,3
20240401,20,02179,3
20240401,20,02185,1
20240401,20,02186,1
20240401,20,02191,3
20240401,20,02198,3
20240401,20,03310,4
20240401,20,03311,2
20240401,20,03802,3
20240401,21,02111,8
20240401,21,02112,4
20240401,21,02116,2
20240401,21,02122,3
20240401,21,02128,1
20240401,21,02129,1
20240401,21,02139,1
20240401,21,02148,1
20240401,21,02178,2
20240401,21,02179,3
20240401,21,02185,2
20240401,21,02191,4
20240401,21,02198,1
20240401,21,03311,4
20240401,21,03802,3
20240401,22,02111,4
20240401,22,02112,3
20240401,22,02116,2
20240401,22,02129,1
20240401,22,02130,2
20240401,22,02148,2
20240401,22,02159,2
20240401,22,02171,7
20240401,22,02172,1
20240401,22,02178,1
20240401,22,02179,4
20240401,22,02185,3
20240401,22,02186,4
20240401,22,02191,2
20240401,22,03311,5
20240401,23,02111,4
20240401,23,02112,2
20240401,23,02116,3
20240401,23,02122,1
20240401,23,02128,1
20240401,23,02139,1
20240401,23,02148,1
20240401,23,02178,2
20240401,23,02179,1
20240401,23,02186,1
20240401,23,02191,1
20240401,23,02198,2
20240401,23,03311,3
20240401,4,02111,1
20240401,4,02122,1
20240401,4,02191,2
20240401,5,02122,1
20240401,5,02128,1
20240401,5,02129,1
20240401,5,02198,1
20240401,6,02116,1
20240401,6,02139,2
20240401,6,03310,2
20240401,6,03802,2
20240401,7,02112,1
20240401,7,02128,1
20240401,7,02139,1
20240401,7,02148,2
20240401,7,02159,2
20240401,7,02171,3
20240401,7,02179,3
20240401,7,02185,3
20240401,7,02191,1
20240401,7,03802,5
20240401,8,02111,1
20240401,8,02112,1
20240401,8,02139,7
20240401,8,02143,1
20240401,8,02148,2
20240401,8,02159,2
20240401,8,02171,3
20240401,8,02172,2
20240401,8,02179,2
20240401,8,02185,2
20240401,8,02186,1
20240401,8,02191,5
20240401,8,02198,2
20240401,8,03311,2
20240401,9,02111,1
20240401,9,02112,2
20240401,9,02122,2
20240401,9,02128,2
20240401,9,02139,1
20240401,9,02148,1
20240401,9,02159,1
20240401,9,02178,1
20240401,9,02179,1
20240401,9,02185,1
20240401,9,02186,1
20240401,9,02191,3
20240401,9,03802,1
20240402,0,02111,1
20240402,0,02112,1
20240402,0,02122,1
20240402,0,02143,1
20240402,0,02159,1
20240402,0,02179,1
20240402,0,02185,1
20240402,1,02143,1
20240402,1,02179,1
20240402,1,02186,1
20240402,1,02191,1
20240402,1,03311,2
20240402,10,02111,3
20240402,10,02112,1
20240402,10,02122,1
20240402,10,02128,1
20240402,10,02130,1
20240402,10,02172,1
20240402,10,02179,2
20240402,10,02185,2
20240402,10,02186,1
20240402,10,02191,2
20240402,10,02198,3
20240402,10,03311,1
20240402,10,03802,2
20240402,11,02111,3
20240402,11,02112,2
20240402,11,02116,3
20240402,11,02122,1
20240402,11,02128,5
20240402,11,02130,1
20240402,11,02139,4
20240402,11,02171,6
20240402,11,02172,1
20240402,11,02178,1
20240402,11,02179,1
20240402,11,02185,1
20240402,11,02186,1
20240402,11,02191,2
20240402,11,02198,1
20240402,11,02199,1
20240402,11,03311,2
20240402,11,03802,2
20240402,12,02111,4
20240402,12,02112,2
20240402,12,02128,4
20240402,12,02148,2
20240402,12,02171,1
20240402,12,02172,2
20240402,12,02178,2
20240402,12,02179,5
20240402,12,02191,5
20240402,12,02198,5
20240402,12,02199,2
20240402,12,03802,4
20240402,13,02111,3
20240402,13,02116,3
20240402,13,02128,1
20240402,13,02129,2
20240402,13,02139,1
20240402,13,02143,1
20240402,13,02148,2
20240402,13,02171,2
20240402,13,02178,3
20240402,13,02179,1
20240402,13,02186,1
20240402,13,02191,1
20240402,13,02198,1
20240402,13,02199,1
20240402,13,03310,1
20240402,13,03311,6
20240402,13,03802,1
20240402,14,02111,2
20240402,14,02116,1
20240402,14,02122,3
20240402,14,02129,1
20240402,14,02139,1
20240402,14,02143,3
20240402,14,02148,3
20240402,14,02159,1
20240402,14,02171,5
20240402,14,02172,2
20240402,14,02179,3
20240402,14,02185,1
20240402,14,02186,4
20240402,14,02199,1
20240402,14,03311,5
20240402,15,02112,1
20240402,15,02122,2
20240402,15,02128,2
20240402,15,02129,1
20240402,15,02130,1
20240402,15,02148,4
20240402,15,02172,1
20240402,15,02178,1
20240402,15,02179,3
20240402,15,02185,1
20240402,15,02191,1
20240402,15,02198,4
20240402,15,03310,1
20240402,15,03311,2
20240402,16,02111,3
20240402,16,02116,3
20240402,16,02122,1
20240402,16,02128,1
20240402,16,02129,2
20240402,16,02143,1
20240402,16,02148,4
20240402,16,02159,1
20240402,16,02171,3
20240402,16,02172,1
20240402,16,02178,3
20240402,16,02179,1
20240402,16,02185,4
20240402,16,02186,2
20240402,16,02191,3
20240402,16,02198,3
20240402,16,02199,1
20240402,16,03310,2
20240402,16,03311,3
20240402,17,02111,4
20240402,17,02112,3
20240402,17,02116,1
20240402,17,02122,2
20240402,17,02128,1
20240402,17,02129,3
20240402,17,02139,3
20240402,17,02148,1
20240402,17,02171,5
20240402,17,02172,1
20240402,17,02178,8
20240402,17,02179,7
20240402,17,02185,2
20240402,17,02186,4
20240402,17,02191,1
20240402,17,02199,1
20240402,17,03311,5
20240402,18,02111,3
20240402,18,02112,3
20240402,18,02116,3
20240402,18,02122,1
20240402,18,02128,2
20240402,18,02129,9
20240402,18,02130,2
20240402,18,02148,4
20240402,18,02159,1
20240402,18,02171,6
20240402,18,02172,8
20240402,18,02178,8
20240402,18,02179,5
20240402,18,02185,1
20240402,18,02186,4
20240402,18,02191,5
20240402,18,02198,3
20240402,18,02199,4
20240402,18,03311,5
20240402,18,03802,1
20240402,19,02111,2
20240402,19,02112,3
20240402,19,02116,2
20240402,19,02122,2
20240402,19,02128,1
20240402,19,02130,1
20240402,19,02139,2
20240402,19,02143,1
20240402,19,02171,7
20240402,19,02172,3
20240402,19,02178,2
20240402,19,02179,2
20240402,19,02186,4
20240402,19,02191,1
20240402,19,02198,5
20240402,19,02199,1
20240402,19,03310,2
20240402,19,03311,4
20240402,19,03802,4
20240402,2,02186,1
20240402,2,03311,1
20240402,20,02111,2
20240402,20,02112,3
20240402,20,02116,3
20240402,20,02122,4
20240402,20,02128,1
20240402,20,02129,2
20240402,20,02130,4
20240402,20,02139,2
20240402,20,02143,1
20240402,20,02148,5
20240402,20,02159,1
20240402,20,02171,9
20240402,20,02172,1
20240402,20,02178,1
20240402,20,02179,5
20240402,20,02185,2
20240402,20,02198,1
20240402,20,02199,1
20240402,20,03310,4
20240402,20,03311,2
20240402,20,03802,6
20240402,21,02111,4
20240402,21,02112,6
20240402,21,02116,4
20240402,21,02122,1
20240402,21,02128,2
20240402,21,02129,3
20240402,21,02139,2
20240402,21,02148,1
20240402,21,02159,3
20240402,21,02171,8
20240402,21,02172,1
20240402,21,02179,1
20240402,21,02185,2
20240402,21,02186,2
20240402,21,02191,3
20240402,21,02198,2
20240402,21,02199,1
20240402,21,03310,1
20240402,21,03311,3
20240402,21,03802,2
20240402,22,02111,3
20240402,22,02112,4
20240402,22,02116,3
20240402,22,02122,1
20240402,22,02128,7
20240402,22,02129,1
20240402,22,02130,1
20240402,22,02143,1
20240402,22,02148,3
20240402,22,02159,3
20240402,22,02171,4
20240402,22,02178,5
20240402,22,02179,4
20240402,22,02185,2
20240402,22,02186,2
20240402,22,02191,2
20240402,22,02198,1
20240402,22,03310,1
20240402,22,03311,1
20240402,22,03802,1
20240402,23,02111,2
20240402,23,02112,5
20240402,23,02116,2
20240402,23,02122,1
20240402,23,02128,2
20240402,23,02143,1
20240402,23,02171,1
20240402,23,02172,2
20240402,23,02179,1
20240402,23,02186,1
20240402,23,02191,2
20240402,23,02198,4
20240402,23,03311,1
20240402,3,02111,1
20240402,3,02139,1
20240402,3,02148,1
20240402,3,02171,1
20240402,3,02179,1
20240402,3,02191,4
20240402,3,03310,1
20240402,4,02122,1
20240402,4,02143,1
20240402,4,02172,1
20240402,5,02111,1
20240402,5,02112,1
20240402,5,02122,1
20240402,5,02139,1
20240402,5,02186,2
20240402,5,03310,1
20240402,6,02111,1
20240402,6,02116,1
20240402,6,02122,2
20240402,6,02139,1
20240402,6,02148,1
20240402,6,02159,1
20240402,6,02172,1
20240402,6,02191,1
20240402,6,03802,3
20240402,7,02111,3
20240402,7,02112,1
20240402,7,02122,2
20240402,7,02139,3
20240402,7,02143,2
20240402,7,02148,1
20240402,7,02159,1
20240402,7,02179,1
20240402,7,02185,2
20240402,7,02191,1
20240402,7,02198,2
20240402,7,03310,2
20240402,7,03802,8
20240402,8,02112,1
20240402,8,02122,2
20240402,8,02128,1
20240402,8,02130,1
20240402,8,02139,4
20240402,8,02143,3
20240402,8,02148,5
20240402,8,02159,3
20240402,8,02171,3
20240402,8,02172,1
20240402,8,02178,1
20240402,8,02179,6
20240402,8,02185,5
20240402,8,02191,8
20240402,8,02198,2
20240402,8,03311,1
20240402,8,03802,5
20240402,9,02112,2
20240402,9,02116,2
20240402,9,02128,1
20240402,9,02139,1
20240402,9,02143,2
20240402,9,02171,1
20240402,9,02172,2
20240402,9,02179,3
20240402,9,02185,4
20240402,9,02186,4
20240402,9,02191,5
20240402,9,02198,1
20240402,9,03311,1
20240403,0,02116,1
20240403,0,02122,2
20240403,0,02130,2
20240403,0,02139,1
20240403,0,02148,2
20240403,0,02159,1
20240403,0,02172,2
20240403,0,02178,3
20240403,0,02185,1
20240403,0,02191,1
20240403,0,02198,1
20240403,0,03310,1
20240403,0,03311,1
20240403,1,02111,1
20240403,1,02112,2
20240403,1,02116,1
20240403,1,02122,1
20240403,1,02128,1
20240403,1,02129,1
20240403,1,02143,1
20240403,1,02148,1
20240403,1,02159,1
20240403,1,02191,1
20240403,1,03310,3
20240403,1,03311,1
20240403,10,02111,3
20240403,10,02112,4
20240403,10,02139,1
20240403,10,02179,1
20240403,10,02185,1
20240403,10,02186,1
20240403,10,03310,1
20240403,11,02112,2
20240403,11,02116,2
20240403,11,02128,1
20240403,11,02148,3
20240403,11,02171,1
20240403,11,02185,1
20240403,11,02186,1
20240403,11,03311,1
20240403,12,02111,1
20240403,12,02139,1
20240403,12,02143,1
20240403,12,02171,1
20240403,12,02178,1
20240403,12,02179,1
20240403,12,02185,1
20240403,12,02186,1
20240403,12,02191,1
20240403,12,02198,2
20240403,12,03311,3
20240403,12,03802,4
20240403,13,02111,2
20240403,13,02116,1
20240403,13,02122,1
20240403,13,02128,2
20240403,13,02159,1
20240403,13,02171,4
20240403,13,02178,1
20240403,13,02185,1
20240403,13,02186,1
20240403,13,02191,1
20240403,13,02198,1
20240403,13,03311,3
20240403,13,03802,2
20240403,14,02111,2
20240403,14,02122,2
20240403,14,02128,1
20240403,14,02143,1
20240403,14,02171,1
20240403,14,02172,1
20240403,14,02185,1
20240403,14,02186,1
20240403,14,02198,1
20240403,14,03310,3
20240403,15,02111,2
20240403,15,02116,3
20240403,15,02122,3
20240403,15,02128,1
20240403,15,02129,3
20240403,15,02171,5
20240403,15,02172,2
20240403,15,02178,5
20240403,15,02179,2
20240403,15,02186,1
20240403,15,02198,1
20240403,15,03310,2
20240403,15,03311,1
20240403,16,02111,4
20240403,16,02112,2
20240403,16,02116,1
20240403,16,02128,1
20240403,16,02129,3
20240403,16,02148,1
20240403,16,02159,1
20240403,16,02171,4
20240403,16,02172,1
20240403,16,02178,3
20240403,16,02179,2
20240403,16,02185,1
20240403,16,02186,3
20240403,16,02191,2
20240403,16,02199,1
20240403,16,03310,2
20240403,16,03311,1
20240403,17,02111,1
20240403,17,02112,4
20240403,17,02116,3
20240403,17,02122,2
20240403,17,02128,2
20240403,17,02129,5
20240403,17,02130,1
20240403,17,02139,1
20240403,17,02143,2
20240403,17,02148,3
20240403,17,02171,4
20240403,17,02172,1
20240403,17,02179,6
20240403,17,02185,2
20240403,17,02186,2
20240403,17,02191,4
20240403,17,02198,2
20240403,17,03310,1
20240403,17,03311,2
20240403,18,02111,3
20240403,18,02112,3
20240403,18,02116,2
20240403,18,02129,4
20240403,18,02130,3
20240403,18,02139,2
20240403,18,02143,1
20240403,18,02148,3
20240403,18,02159,1
20240403,18,02171,14
20240403,18,02172,4
20240403,18,02178,7
20240403,18,02179,5
20240403,18,02185,1
20240403,18,02191,3
20240403,18,02198,3
20240403,18,02199,1
20240403,18,03310,2
20240403,18,03311,10
20240403,19,02111,4
20240403,19,02116,2
20240403,19,02122,2
20240403,19,02128,2
20240403,19,02139,2
20240403,19,02148,7
20240403,19,02171,4
20240403,19,02172,1
20240403,19,02178,1
20240403,19,02179,6
20240403,19,02185,2
20240403,19,02186,3
20240403,19,02191,2
20240403,19,02198,3
20240403,19,02199,2
20240403,19,03311,3
20240403,19,03802,5
20240403,2,02111,3
20240403,2,02112,1
20240403,2,02128,1
20240403,2,02129,1
20240403,2,02171,1
20240403,2,02191,2
20240403,2,02198,1
20240403,2,02199,1
20240403,2,03310,2
20240403,20,02111,6
20240403,20,02112,5
20240403,20,02116,8
20240403,20,02128,2
20240403,20,02129,1
20240403,20,02130,9
20240403,20,02139,2
20240403,20,02148,6
20240403,20,02159,1
20240403,20,02171,1
20240403,20,02172,1
20240403,20,02178,3
20240403,20,02179,4
20240403,20,02185,1
20240403,20,02186,6
20240403,20,02191,1
20240403,20,02198,2
20240403,20,03311,4
20240403,20,03802,3
20240403,21,02111,4
20240403,21,02112,5
20240403,21,02116,2
20240403,21,02122,2
20240403,21,02128,3
20240403,21,02129,1
20240403,21,02130,2
20240403,21,02143,2
20240403,21,02159,1
20240403,21,02171,4
20240403,21,02172,1
20240403,21,02178,1
20240403,21,02179,5
20240403,21,02186,1
20240403,21,02191,7
20240403,21,02198,2
20240403,21,03310,1
20240403,21,03311,1
20240403,21,03802,1
20240403,22,02111,2
20240403,22,02112,2
20240403,22,02116,5
20240403,22,02122,2
20240403,22,02130,2
20240403,22,02143,1
20240403,22,02159,2
20240403,22,02171,1
20240403,22,02172,4
20240403,22,02178,1
20240403,22,02179,4
20240403,22,02185,2
20240403,22,02186,1
20240403,22,02191,5
20240403,22,02198,4
20240403,22,03310,2
20240403,22,03311,5
20240403,23,02111,6
20240403,23,02112,5
20240403,23,02116,3
20240403,23,02139,2
20240403,23,02171,6
20240403,23,02172,2
20240403,23,02179,1
20240403,23,02185,1
20240403,23,02191,1
20240403,23,03311,4
20240403,3,02111,1
20240403,3,02179,1
20240403,3,02185,1
20240403,3,03310,1
20240403,4,02185,1
20240403,4,02191,2
20240403,5,02122,3
20240403,5,02148,1
20240403,5,02178,1
20240403,5,02179,1
20240403,6,02128,1
20240403,6,02139,1
20240403,6,02148,2
20240403,6,02159,2
20240403,6,03310,1
20240403,6,03802,2
20240403,7,02129,1
20240403,7,02139,1
20240403,7,02148,3
20240403,7,02171,2
20240403,7,02185,1
20240403,7,02186,1
20240403,7,02191,2
20240403,7,03310,1
20240403,7,03802,8
20240403,8,02111,1
20240403,8,02112,2
20240403,8,02122,1
20240403,8,02139,6
20240403,8,02143,4
20240403,8,02148,1
20240403,8,02159,2
20240403,8,02171,2
20240403,8,02172,1
20240403,8,02179,5
20240403,8,02185,2
20240403,8,02191,5
20240403,8,02198,2
20240403,8,02199,1
20240403,8,03310,2
20240403,8,03311,1
20240403,8,03802,1
20240403,9,02128,2
20240403,9,02139,2
20240403,9,02143,1
20240403,9,02171,1
20240403,9,02172,1
20240403,9,02178,1
20240403,9,02179,4
20240403,9,02185,1
20240403,9,02186,1
20240403,9,02191,2
20240403,9,03310,1
20240403,9,03802,1
20240404,0,02111,1
20240404,0,02112,1
20240404,0,02116,1
20240404,0,02129,1
20240404,0,02148,2
20240404,0,02171,2
20240404,0,02172,1
20240404,0,02178,1
20240404,0,02179,3
20240404,0,02185,1
20240404,0,02191,3
20240404,0,02198,7
20240404,0,02199,1
20240404,0,03311,1
20240404,1,02111,4
20240404,1,02112,2
20240404,1,02122,1
20240404,1,02139,2
20240404,1,02143,1
20240404,1,02148,1
20240404,1,02171,5
20240404,1,02172,2
20240404,1,02179,1
20240404,1,02191,1
20240404,1,03311,2
20240404,10,02112,1
20240404,10,02116,5
20240404,10,02128,2
20240404,10,02130,1
20240404,10,02139,1
20240404,10,02143,1
20240404,10,02171,1
20240404,10,02185,1
20240404,10,02191,3
20240404,10,03311,1
20240404,10,03802,2
20240404,11,02111,1
20240404,11,02112,2
20240404,11,02128,4
20240404,11,02129,1
20240404,11,02130,2
20240404,11,02139,1
20240404,11,02148,5
20240404,11,02178,1
20240404,11,02179,3
20240404,11,02185,1
20240404,11,02186,1
20240404,11,02198,2
20240404,11,03310,1
20240404,12,02112,1
20240404,12,02116,2
20240404,12,02122,3
20240404,12,02148,4
20240404,12,02171,3
20240404,12,02172,2
20240404,12,02179,3
20240404,12,02198,1
20240404,12,03311,1
20240404,12,03802,3
20240404,13,02111,5
20240404,13,02112,1
20240404,13,02116,1
20240404,13,02122,1
20240404,13,02129,1
20240404,13,02130,1
20240404,13,02139,1
20240404,13,02159,1
20240404,13,02171,2
20240404,13,02172,1
20240404,13,02179,1
20240404,13,02185,2
20240404,13,02191,1
20240404,13,02198,6
20240404,13,03311,3
20240404,14,02111,3
20240404,14,02112,3
20240404,14,02122,1
20240404,14,02129,2
20240404,14,02148,1
20240404,14,02171,3
20240404,14,02178,1
20240404,14,02179,4
20240404,14,02186,2
20240404,14,02191,2
20240404,14,02198,1
20240404,14,03311,1
20240404,15,02111,5
20240404,15,02122,1
20240404,15,02128,4
20240404,15,02148,1
20240404,15,02159,1
20240404,15,02171,7
20240404,15,02178,3
20240404,15,02179,3
20240404,15,02185,1
20240404,15,02191,2
20240404,15,02198,3
20240404,15,03310,4
20240404,15,03311,6
20240404,15,03802,1
20240404,16,02111,1
20240404,16,02112,1
20240404,16,02122,4
20240404,16,02128,2
20240404,16,02130,2
20240404,16,02139,1
20240404,16,02148,3
20240404,16,02159,1
20240404,16,02178,4
20240404,16,02179,4
20240404,16,02185,2
20240404,16,02191,3
20240404,16,02198,1
20240404,16,03310,3
20240404,16,03311,3
20240404,16,03802,1
20240404,17,02111,2
20240404,17,02112,1
20240404,17,02116,4
20240404,17,02128,1
20240404,17,02129,1
20240404,17,02130,7
20240404,17,02139,2
20240404,17,02143,1
20240404,17,02148,1
20240404,17,02171,5
20240404,17,02172,3
20240404,17,02178,7
20240404,17,02179,2
20240404,17,02185,2
20240404,17,02186,1
20240404,17,02191,1
20240404,17,02198,1
20240404,17,02199,1
20240404,17,03310,1
20240404,17,03311,4
20240404,18,02111,9
20240404,18,02112,5
20240404,18,02116,5
20240404,18,02122,2
20240404,18,02128,1
20240404,18,02129,2
20240404,18,02130,7
20240404,18,02143,1
20240404,18,02148,5
20240404,18,02159,1
20240404,18,02171,8
20240404,18,02172,2
20240404,18,02178,10
20240404,18,02179,4
20240404,18,02186,3
20240404,18,02191,2
20240404,18,02198,1
20240404,18,02199,1
20240404,18,03310,2
20240404,18,03311,5
20240404,18,03802,1
20240404,19,02111,9
20240404,19,02112,2
20240404,19,02116,4
20240404,19,02122,5
20240404,19,02128,1
20240404,19,02139,1
20240404,19,02148,1
20240404,19,02159,1
20240404,19,02171,6
20240404,19,02172,2
20240404,19,02178,2
20240404,19,02179,4
20240404,19,02186,1
20240404,19,02191,4
20240404,19,02198,5
20240404,19,03310,2
20240404,19,03802,1
20240404,2,02111,1
20240404,2,02112,1
20240404,2,02186,1
20240404,2,02198,1
20240404,2,03311,1
20240404,20,02111,11
20240404,20,02112,4
20240404,20,02116,3
20240404,20,02122,2
20240404,20,02130,2
20240404,20,02139,2
20240404,20,02159,2
20240404,20,02171,9
20240404,20,02178,3
20240404,20,02179,6
20240404,20,02185,5
20240404,20,02186,2
20240404,20,02191,4
20240404,20,02198,4
20240404,20,02199,2
20240404,20,03310,3
20240404,20,03311,5
20240404,20,03802,4
20240404,21,02111,5
20240404,21,02112,7
20240404,21,02116,9
20240404,21,02122,2
20240404,21,02129,1
20240404,21,02130,2
20240404,21,02143,1
20240404,21,02148,1
20240404,21,02171,3
20240404,21,02172,4
20240404,21,02179,3
20240404,21,02185,3
20240404,21,02186,1
20240404,21,02191,3
20240404,21,02199,1
20240404,21,03310,1
20240404,21,03311,2
20240404,21,03802,4
20240404,22,02111,7
20240404,22,02116,6
20240404,22,02128,1
20240404,22,02130,2
20240404,22,02139,1
20240404,22,02159,1
20240404,22,02171,8
20240404,22,02172,1
20240404,22,02178,2
20240404,22,02179,4
20240404,22,02185,1
20240404,22,02186,1
20240404,22,02191,2
20240404,22,03310,1
20240404,22,03311,3
20240404,22,03802,2
20240404,23,02111,3
20240404,23,02112,3
20240404,23,02116,1
20240404,23,02122,1
20240404,23,02143,4
20240404,23,02148,2
20240404,23,02171,6
20240404,23,02178,1
20240404,23,02179,2
20240404,23,02186,1
20240404,23,03311,5
20240404,3,02111,1
20240404,3,02112,1
20240404,3,02139,1
20240404,3,02171,1
20240404,3,02172,1
20240404,4,02112,1
20240404,4,02186,2
20240404,4,02191,1
20240404,4,02198,1
20240404,5,02111,1
20240404,5,02112,1
20240404,5,02122,1
20240404,5,02186,1
20240404,5,02191,1
20240404,6,02111,1
20240404,6,02112,1
20240404,6,02116,1
20240404,6,02122,3
20240404,6,02148,1
20240404,6,02186,1
20240404,6,02191,2
20240404,6,03311,1
20240404,6,03802,2
20240404,7,02111,2
20240404,7,02112,1
20240404,7,02139,2
20240404,7,02143,2
20240404,7,02179,2
20240404,7,02185,1
20240404,7,02186,5
20240404,7,02191,1
20240404,7,02198,1
20240404,7,03310,3
20240404,7,03311,1
20240404,7,03802,5
20240404,8,02111,1
20240404,8,02112,1
20240404,8,02122,1
20240404,8,02129,1
20240404,8,02139,9
20240404,8,02148,3
20240404,8,02171,1
20240404,8,02172,3
20240404,8,02178,1
20240404,8,02179,3
20240404,8,02185,4
20240404,8,02191,9
20240404,8,02199,1
20240404,8,03310,2
20240404,8,03311,2
20240404,8,03802,9
20240404,9,02111,1
20240404,9,02112,2
20240404,9,02122,2
20240404,9,02128,2
20240404,9,02139,4
20240404,9,02143,2
20240404,9,02148,3
20240404,9,02171,3
20240404,9,02172,1
20240404,9,02178,1
20240404,9,02179,2
20240404,9,02185,3
20240404,9,02186,3
20240404,9,02191,6
20240404,9,02198,2
20240404,9,02199,1
20240404,9,03310,1
20240404,9,03311,2
20240404,9,03802,2
20240405,0,02111,1
20240405,0,02112,2
20240405,0,02143,2
20240405,0,02148,1
20240405,0,02185,1
20240405,0,02186,3
20240405,0,02198,1
20240405,0,03310,3
20240405,1,02111,4
20240405,1,02112,1
20240405,1,02116,2
20240405,1,02122,4
20240405,1,02128,1
20240405,1,02139,1
20240405,1,02148,1
20240405,1,02159,1
20240405,1,02171,4
20240405,1,02172,2
20240405,1,02178,1
20240405,1,02179,1
20240405,1,02191,1
20240405,1,03310,3
20240405,1,03311,2
20240405,10,02111,1
20240405,10,02112,5
20240405,10,02139,1
20240405,10,02148,2
20240405,10,02171,3
20240405,10,02172,1
20240405,10,02178,1
20240405,10,02179,2
20240405,10,02185,3
20240405,10,02186,1
20240405,10,02191,2
20240405,10,02198,1
20240405,10,02199,1
20240405,10,03310,1
20240405,10,03802,3
20240405,11,02111,2
20240405,11,02112,1
20240405,11,02116,2
20240405,11,02122,1
20240405,11,02128,2
20240405,11,02129,1
20240405,11,02148,2
20240405,11,02159,1
20240405,11,02171,5
20240405,11,02172,1
20240405,11,02178,1
20240405,11,02179,2
20240405,11,02191,2
20240405,11,02198,1
20240405,11,02199,1
20240405,11,03311,4
20240405,11,03802,4
20240405,12,02111,2
20240405,12,02112,1
20240405,12,02116,1
20240405,12,02128,2
20240405,12,02129,1
20240405,12,02139,1
20240405,12,02148,5
20240405,12,02178,1
20240405,12,02179,5
20240405,12,02191,2
20240405,12,02198,4
20240405,12,03311,3
20240405,12,03802,2
20240405,13,02111,4
20240405,13,02112,1
20240405,13,02122,1
20240405,13,02139,1
20240405,13,02148,1
20240405,13,02159,1
20240405,13,02171,3
20240405,13,02172,1
20240405,13,02179,2
20240405,13,02186,2
20240405,13,02199,1
20240405,13,03311,1
20240405,13,03802,1
20240405,14,02111,2
20240405,14,02116,2
20240405,14,02122,2
20240405,14,02128,2
20240405,14,02129,1
20240405,14,02130,1
20240405,14,02143,1
20240405,14,02148,3
20240405,14,02159,1
20240405,14,02171,4
20240405,14,02172,1
20240405,14,02178,3
20240405,14,02179,1
20240405,14,02185,1
20240405,14,02191,1
20240405,14,03311,1
20240405,15,02111,1
20240405,15,02112,2
20240405,15,02116,4
20240405,15,02122,3
20240405,15,02128,1
20240405,15,02130,2
20240405,15,02139,1
20240405,15,02148,3
20240405,15,02159,1
20240405,15,02171,5
20240405,15,02172,1
20240405,15,02178,4
20240405,15,02179,2
20240405,15,02191,3
20240405,15,02198,1
20240405,15,03310,3
20240405,15,03311,4
20240405,16,02111,2
20240405,16,02112,5
20240405,16,02122,1
20240405,16,02128,1
20240405,16,02129,1
20240405,16,02130,1
20240405,16,02143,2
20240405,16,02148,1
20240405,16,02159,1
20240405,16,02171,4
20240405,16,02178,3
20240405,16,02179,2
20240405,16,02186,4
20240405,16,02191,3
20240405,16,03310,4
20240405,16,03311,1
20240405,16,03802,1
20240405,17,02111,3
20240405,17,02112,1
20240405,17,02116,2
20240405,17,02128,1
20240405,17,02129,4
20240405,17,02139,2
20240405,17,02143,1
20240405,17,02148,3
20240405,17,02159,1
20240405,17,02171,2
20240405,17,02172,6
20240405,17,02178,5
20240405,17,02179,1
20240405,17,02185,2
20240405,17,02186,2
20240405,17,02191,2
20240405,17,03310,1
20240405,17,03311,4
20240405,18,02111,4
20240405,18,02112,5
20240405,18,02116,6
20240405,18,02122,3
20240405,18,02128,2
20240405,18,02129,8
20240405,18,02130,1
20240405,18,02143,3
20240405,18,02148,3
20240405,18,02159,1
20240405,18,02171,6
20240405,18,02172,2
20240405,18,02178,1
20240405,18,02179,8
20240405,18,02185,3
20240405,18,02186,2
20240405,18,02198,2
20240405,18,03310,5
20240405,18,03311,11
20240405,18,03802,1
20240405,19,02111,1
20240405,19,02112,1
20240405,19,02116,2
20240405,19,02122,2
20240405,19,02128,1
20240405,19,02129,2
20240405,19,02130,1
20240405,19,02143,2
20240405,19,02148,2
20240405,19,02171,3
20240405,19,02172,2
20240405,19,02178,1
20240405,19,02179,1
20240405,19,02185,1
20240405,19,02186,4
20240405,19,02191,1
20240405,19,02198,3
20240405,19,03310,2
20240405,19,03311,1
20240405,19,03802,5
20240405,2,02148,1
20240405,2,02198,1
20240405,2,03310,3
20240405,2,03311,2
20240405,20,02111,1
20240405,20,02112,3
20240405,20,02122,2
20240405,20,02128,1
20240405,20,02139,2
20240405,20,02148,2
20240405,20,02159,1
20240405,20,02171,7
20240405,20,02179,2
20240405,20,02185,1
20240405,20,02186,3
20240405,20,02191,2
20240405,20,03310,2
20240405,20,03311,2
20240405,20,03802,3
20240405,21,02111,3
20240405,21,02112,2
20240405,21,02116,2
20240405,21,02122,1
20240405,21,02128,1
20240405,21,02129,3
20240405,21,02143,2
20240405,21,02148,3
20240405,21,02171,9
20240405,21,02172,1
20240405,21,02178,1
20240405,21,02185,1
20240405,21,02186,3
20240405,21,02191,2
20240405,21,03311,4
20240405,21,03802,3
20240405,22,02111,4
20240405,22,02112,1
20240405,22,02116,1
20240405,22,02122,4
20240405,22,02130,1
20240405,22,02159,5
20240405,22,02171,3
20240405,22,02172,1
20240405,22,02179,7
20240405,22,02185,1
20240405,22,02186,2
20240405,22,02191,4
20240405,22,03311,4
20240405,22,03802,1
20240405,23,02111,3
20240405,23,02112,1
20240405,23,02116,1
20240405,23,02122,2
20240405,23,02128,1
20240405,23,02129,1
20240405,23,02139,1
20240405,23,02143,1
20240405,23,02148,1
20240405,23,02171,1
20240405,23,02186,1
20240405,23,02191,1
20240405,23,02198,1
20240405,23,03311,5
20240405,3,02111,1
20240405,3,02116,2
20240405,3,02143,1
20240405,3,02179,1
20240405,3,03310,3
20240405,4,02116,2
20240405,4,02128,1
20240405,4,02185,1
20240405,4,02186,1
20240405,4,02191,3
20240405,5,02111,1
20240405,5,02139,1
20240405,5,02159,1
20240405,5,02179,2
20240405,5,02186,2
20240405,5,02198,1
20240405,6,02111,1
20240405,6,02112,1
20240405,6,02129,1
20240405,6,02139,1
20240405,6,02179,2
20240405,6,02191,3
20240405,6,03310,2
20240405,6,03802,3
20240405,7,02111,2
20240405,7,02112,1
20240405,7,02116,2
20240405,7,02122,1
20240405,7,02139,2
20240405,7,02148,1
20240405,7,02171,2
20240405,7,02179,3
20240405,7,02185,1
20240405,7,02186,2
20240405,7,02191,2
20240405,7,02198,1
20240405,7,02199,2
20240405,7,03310,2
20240405,7,03802,6
20240405,8,02122,1
20240405,8,02128,1
20240405,8,02139,10
20240405,8,02143,4
20240405,8,02148,1
20240405,8,02159,1
20240405,8,02171,1
20240405,8,02172,1
20240405,8,02179,3
20240405,8,02185,1
20240405,8,02191,9
20240405,8,02198,1
20240405,8,03310,3
20240405,8,03311,1
20240405,8,03802,3
20240405,9,02111,3
20240405,9,02116,1
20240405,9,02122,2
20240405,9,02128,1
20240405,9,02129,2
20240405,9,02130,1
20240405,9,02139,2
20240405,9,02143,1
20240405,9,02148,1
20240405,9,02171,1
20240405,9,02172,1
20240405,9,02179,3
20240405,9,02185,3
20240405,9,02186,4
20240405,9,02191,3
20240405,9,03802,1
20240406,0,02111,1
20240406,0,02122,1
20240406,0,02128,1
20240406,0,02139,1
20240406,0,02171,4
20240406,0,02178,2
20240406,0,02179,2
20240406,0,02185,2
20240406,0,02191,1
20240406,0,02198,1
20240406,0,03311,1
20240406,1,02111,2
20240406,1,02112,1
20240406,1,02122,1
20240406,1,02128,1
20240406,1,02139,2
20240406,1,02148,1
20240406,1,02171,4
20240406,1,02179,3
20240406,1,02186,2
20240406,1,03311,1
20240406,10,02111,1
20240406,10,02112,1
20240406,10,02116,2
20240406,10,02122,1
20240406,10,02128,1
20240406,10,02129,2
20240406,10,02130,4
20240406,10,02139,3
20240406,10,02148,2
20240406,10,02171,2
20240406,10,02172,1
20240406,10,02186,1
20240406,10,02191,2
20240406,10,03310,1
20240406,10,03311,2
20240406,10,03802,3
20240406,11,02111,2
20240406,11,02112,2
20240406,11,02116,2
20240406,11,02122,3
20240406,11,02128,2
20240406,11,02129,2
20240406,11,02143,2
20240406,11,02148,7
20240406,11,02159,2
20240406,11,02171,4
20240406,11,02172,1
20240406,11,02179,3
20240406,11,02185,1
20240406,11,02186,2
20240406,11,02191,2
20240406,11,02198,3
20240406,11,03310,1
20240406,11,03311,1
20240406,11,03802,1
20240406,12,02111,4
20240406,12,02112,4
20240406,12,02116,1
20240406,12,02128,2
20240406,12,02129,2
20240406,12,02130,2
20240406,12,02139,5
20240406,12,02148,3
20240406,12,02159,1
20240406,12,02171,2
20240406,12,02172,4
20240406,12,02179,5
20240406,12,02185,3
20240406,12,02186,2
20240406,12,02191,2
20240406,12,03311,8
20240406,12,03802,2
20240406,13,02111,6
20240406,13,02112,2
20240406,13,02116,2
20240406,13,02122,3
20240406,13,02139,3
20240406,13,02148,3
20240406,13,02159,1
20240406,13,02171,7
20240406,13,02172,2
20240406,13,02179,4
20240406,13,02185,1
20240406,13,02186,2
20240406,13,02191,3
20240406,13,02199,1
20240406,13,03311,2
20240406,14,02111,4
20240406,14,02112,5
20240406,14,02116,5
20240406,14,02122,5
20240406,14,02128,1
20240406,14,02129,4
20240406,14,02130,6
20240406,14,02139,1
20240406,14,02148,3
20240406,14,02171,9
20240406,14,02172,5
20240406,14,02179,7
20240406,14,02185,6
20240406,14,02186,8
20240406,14,02191,2
20240406,14,02198,4
20240406,14,03310,3
20240406,14,03311,2
20240406,15,02111,4
20240406,15,02112,1
20240406,15,02116,5
20240406,15,02122,5
20240406,15,02129,5
20240406,15,02130,2
20240406,15,02139,2
20240406,15,02143,1
20240406,15,02148,4
20240406,15,02159,1
20240406,15,02171,8
20240406,15,02172,1
20240406,15,02178,3
20240406,15,02179,7
20240406,15,02185,6
20240406,15,02186,3
20240406,15,02191,6
20240406,15,02198,2
20240406,15,03310,3
20240406,15,03311,5
20240406,15,03802,1
20240406,16,02111,3
20240406,16,02112,3
20240406,16,02116,7
20240406,16,02122,7
20240406,16,02128,1
20240406,16,02129,3
20240406,16,02130,3
20240406,16,02148,4
20240406,16,02159,3
20240406,16,02171,7
20240406,16,02172,1
20240406,16,02178,6
20240406,16,02179,5
20240406,16,02185,1
20240406,16,02186,4
20240406,16,02191,3
20240406,16,02198,2
20240406,16,02199,2
20240406,16,03310,2
20240406,16,03311,2
20240406,17,02111,1
20240406,17,02112,3
20240406,17,02116,2
20240406,17,02122,3
20240406,17,02128,3
20240406,17,02129,4
20240406,17,02130,3
20240406,17,02139,1
20240406,17,02143,1
20240406,17,02148,3
20240406,17,02171,8
20240406,17,02172,1
20240406,17,02178,2
20240406,17,02179,5
20240406,17,02185,2
20240406,17,02186,1
20240406,17,02191,2
20240406,17,02198,10
20240406,17,03311,3
20240406,17,03802,1
20240406,18,02111,3
20240406,18,02112,2
20240406,18,02116,4
20240406,18,02122,2
20240406,18,02128,1
20240406,18,02129,1
20240406,18,02130,1
20240406,18,02139,2
20240406,18,02148,5
20240406,18,02171,7
20240406,18,02172,1
20240406,18,02178,3
20240406,18,02179,7
20240406,18,02185,2
20240406,18,02186,2
20240406,18,02191,3
20240406,18,02199,2
20240406,18,03311,5
20240406,18,03802,1
20240406,19,02111,4
20240406,19,02112,5
20240406,19,02116,3
20240406,19,02122,1
20240406,19,02128,1
20240406,19,02139,1
20240406,19,02148,2
20240406,19,02159,2
20240406,19,02171,2
20240406,19,02178,4
20240406,19,02179,1
20240406,19,03310,1
20240406,19,03802,1
20240406,2,02171,1
20240406,2,02179,1
20240406,2,03310,1
20240406,2,03311,1
20240406,20,02111,5
20240406,20,02112,1
20240406,20,02116,2
20240406,20,02128,2
20240406,20,02129,2
20240406,20,02139,1
20240406,20,02143,1
20240406,20,02171,5
20240406,20,02178,1
20240406,20,02185,1
20240406,20,02186,3
20240406,20,02191,1
20240406,20,02198,1
20240406,20,02199,1
20240406,20,03310,1
20240406,20,03802,1
20240406,21,02111,2
20240406,21,02112,2
20240406,21,02116,3
20240406,21,02122,1
20240406,21,02128,1
20240406,21,02139,1
20240406,21,02148,2
20240406,21,02171,6
20240406,21,02178,2
20240406,21,02179,2
20240406,21,02186,1
20240406,21,02191,1
20240406,21,02199,1
20240406,21,03310,5
20240406,21,03311,3
20240406,22,02111,1
20240406,22,02112,5
20240406,22,02116,1
20240406,22,02122,1
20240406,22,02129,1
20240406,22,02148,1
20240406,22,02171,4
20240406,22,02178,2
20240406,22,02179,1
20240406,22,02185,1
20240406,22,02186,1
20240406,22,02191,1
20240406,22,02198,1
20240406,22,03311,2
20240406,22,03802,2
20240406,23,02111,3
20240406,23,02112,2
20240406,23,02116,1
20240406,23,02171,1
20240406,23,02172,1
20240406,23,02178,1
20240406,23,02179,3
20240406,23,02185,1
20240406,23,02186,1
20240406,23,02191,1
20240406,23,02198,1
20240406,23,03311,1
20240406,3,02111,3
20240406,3,02112,1
20240406,3,02128,1
20240406,3,02139,1
20240406,3,02179,1
20240406,3,02185,1
20240406,3,02186,1
20240406,3,03311,1
20240406,4,02111,2
20240406,4,02143,2
20240406,4,02171,1
20240406,4,02185,1
20240406,4,02186,3
20240406,4,02191,3
20240406,5,02111,1
20240406,5,02116,1
20240406,5,02122,1
20240406,5,02139,1
20240406,5,02143,1
20240406,5,02148,1
20240406,5,02178,2
20240406,5,02191,1
20240406,6,02112,1
20240406,6,02116,1
20240406,6,02122,1
20240406,6,02143,1
20240406,6,02148,2
20240406,6,02179,1
20240406,6,02185,1
20240406,6,02186,1
20240406,7,02185,1
20240406,7,02191,1
20240406,7,02199,1
20240406,7,03310,1
20240406,7,03802,1
20240406,8,02111,1
20240406,8,02112,2
20240406,8,02139,2
20240406,8,02148,2
20240406,8,02159,2
20240406,8,02179,1
20240406,8,02191,3
20240406,8,02198,2
20240406,8,03310,4
20240406,8,03311,1
20240406,8,03802,2
20240406,9,02111,2
20240406,9,02116,1
20240406,9,02122,1
20240406,9,02129,2
20240406,9,02139,4
20240406,9,02143,1
20240406,9,02148,2
20240406,9,02159,1
20240406,9,02171,4
20240406,9,02179,5
20240406,9,02185,1
20240406,9,02186,2
20240406,9,02191,1
20240406,9,02198,3
20240407,0,02111,3
20240407,0,02112,7
20240407,0,02122,1
20240407,0,02148,2
20240407,0,02171,9
20240407,0,02178,1
20240407,0,02179,3
20240407,0,02185,3
20240407,0,02191,2
20240407,0,02198,3
20240407,0,03311,3
20240407,1,02111,1
20240407,1,02112,1
20240407,1,02143,1
20240407,1,02171,2
20240407,1,02179,4
20240407,1,02185,3
20240407,1,02186,1
20240407,1,02198,1
20240407,1,03311,1
20240407,10,02112,2
20240407,10,02122,3
20240407,10,02128,1
20240407,10,02129,2
20240407,10,02130,1
20240407,10,02139,3
20240407,10,02172,2
20240407,10,02178,1
20240407,10,02179,4
20240407,10,02185,1
20240407,10,02186,1
20240407,10,02191,2
20240407,10,03310,1
20240407,11,02111,3
20240407,11,02112,1
20240407,11,02116,3
20240407,11,02122,2
20240407,11,02128,3
20240407,11,02129,5
20240407,11,02139,2
20240407,11,02143,2
20240407,11,02148,5
20240407,11,02171,3
20240407,11,02172,1
20240407,11,02178,1
20240407,11,02179,3
20240407,11,02191,2
20240407,11,02198,1
20240407,11,02199,1
20240407,11,03311,1
20240407,12,02111,1
20240407,12,02112,3
20240407,12,02116,2
20240407,12,02128,1
20240407,12,02148,2
20240407,12,02159,1
20240407,12,02171,2
20240407,12,02172,1
20240407,12,02178,1
20240407,12,02179,6
20240407,12,02185,1
20240407,12,02191,2
20240407,12,02198,1
20240407,12,02199,3
20240407,12,03310,3
20240407,12,03311,1
20240407,12,03802,4
20240407,13,02111,2
20240407,13,02112,1
20240407,13,02116,1
20240407,13,02122,3
20240407,13,02128,1
20240407,13,02129,4
20240407,13,02139,2
20240407,13,02143,1
20240407,13,02159,2
20240407,13,02171,5
20240407,13,02172,5
20240407,13,02178,1
20240407,13,02179,5
20240407,13,02185,1
20240407,13,02191,1
20240407,13,03310,3
20240407,13,03311,4
20240407,13,03802,1
20240407,14,02111,8
20240407,14,02112,5
20240407,14,02116,1
20240407,14,02122,3
20240407,14,02129,1
20240407,14,02130,5
20240407,14,02143,2
20240407,14,02148,2
20240407,14,02159,4
20240407,14,02171,10
20240407,14,02172,2
20240407,14,02179,3
20240407,14,02185,1
20240407,14,02186,1
20240407,14,02191,1
20240407,14,02198,2
20240407,14,02199,1
20240407,14,03310,2
20240407,15,02111,2
20240407,15,02112,3
20240407,15,02116,4
20240407,15,02122,4
20240407,15,02128,1
20240407,15,02129,1
20240407,15,02130,8
20240407,15,02139,2
20240407,15,02159,5
20240407,15,02171,10
20240407,15,02172,1
20240407,15,02178,1
20240407,15,02179,11
20240407,15,02186,2
20240407,15,02191,4
20240407,15,02199,1
20240407,15,03310,1
20240407,15,03311,1
20240407,16,02111,8
20240407,16,02112,1
20240407,16,02116,8
20240407,16,02122,6
20240407,16,02128,1
20240407,16,02129,5
20240407,16,02130,5
20240407,16,02139,2
20240407,16,02143,3
20240407,16,02148,2
20240407,16,02159,3
20240407,16,02171,10
20240407,16,02172,3
20240407,16,02178,4
20240407,16,02179,3
20240407,16,02185,2
20240407,16,02186,1
20240407,16,02191,2
20240407,16,02198,2
20240407,16,02199,1
20240407,16,03310,2
20240407,16,03311,2
20240407,16,03802,2
20240407,17,02111,5
20240407,17,02112,3
20240407,17,02116,9
20240407,17,02122,1
20240407,17,02129,3
20240407,17,02130,1
20240407,17,02139,1
20240407,17,02148,1
20240407,17,02159,5
20240407,17,02171,6
20240407,17,02172,15
20240407,17,02178,1
20240407,17,02179,2
20240407,17,02185,2
20240407,17,02186,2
20240407,17,02191,3
20240407,17,02198,4
20240407,17,03310,2
20240407,17,03311,7
20240407,18,02111,1
20240407,18,02112,4
20240407,18,02116,10
20240407,18,02122,1
20240407,18,02129,2
20240407,18,02130,1
20240407,18,02139,2
20240407,18,02143,2
20240407,18,02159,2
20240407,18,02171,4
20240407,18,02172,3
20240407,18,02178,5
20240407,18,02179,4
20240407,18,02185,3
20240407,18,02191,5
20240407,18,02198,1
20240407,18,02199,2
20240407,18,03311,7
20240407,19,02111,3
20240407,19,02112,9
20240407,19,02116,3
20240407,19,02122,5
20240407,19,02130,1
20240407,19,02139,1
20240407,19,02148,3
20240407,19,02159,7
20240407,19,02171,3
20240407,19,02172,3
20240407,19,02179,2
20240407,19,02185,1
20240407,19,02186,1
20240407,19,02191,3
20240407,19,02198,1
20240407,19,03311,3
20240407,2,02111,1
20240407,2,02112,1
20240407,2,02148,1
20240407,2,02159,1
20240407,2,02171,2
20240407,2,02198,1
20240407,20,02111,2
20240407,20,02112,5
20240407,20,02122,1
20240407,20,02128,3
20240407,20,02129,2
20240407,20,02148,3
20240407,20,02159,2
20240407,20,02171,4
20240407,20,02172,2
20240407,20,02178,1
20240407,20,02179,1
20240407,20,02185,1
20240407,20,02186,1
20240407,20,02191,6
20240407,20,03310,1
20240407,20,03311,2
20240407,21,02111,4
20240407,21,02112,3
20240407,21,02116,1
20240407,21,02122,1
20240407,21,02128,1
20240407,21,02129,1
20240407,21,02171,5
20240407,21,02178,2
20240407,21,02179,4
20240407,21,02185,1
20240407,21,02186,1
20240407,21,02191,2
20240407,21,02198,1
20240407,21,02199,1
20240407,21,03311,3
20240407,22,02111,6
20240407,22,02112,4
20240407,22,02122,2
20240407,22,02128,2
20240407,22,02129,1
20240407,22,02130,1
20240407,22,02143,1
20240407,22,02148,2
20240407,22,02159,3
20240407,22,02171,1
20240407,22,02172,2
20240407,22,02178,1
20240407,22,02186,1
20240407,22,02191,1
20240407,22,02198,4
20240407,22,03310,1
20240407,22,03311,1
20240407,23,02112,3
20240407,23,02122,1
20240407,23,02128,1
20240407,23,02171,2
20240407,23,02179,2
20240407,23,02186,1
20240407,23,02198,3
20240407,23,03310,1
20240407,3,02111,1
20240407,3,02112,1
20240407,3,02139,1
20240407,3,02159,1
20240407,3,02171,2
20240407,4,02112,1
20240407,4,02185,1
20240407,5,02171,1
20240407,5,03311,1
20240407,6,02179,1
20240407,6,02185,1
20240407,7,02112,2
20240407,7,02172,1
20240407,7,02185,1
20240407,7,02191,2
20240407,8,02111,1
20240407,8,02128,1
20240407,8,02139,1
20240407,8,02185,1
20240407,8,02191,2
20240407,8,02198,1
20240407,9,02112,2
20240407,9,02139,5
20240407,9,02143,1
20240407,9,02148,1
20240407,9,02159,1
20240407,9,02171,1
20240407,9,02172,1
20240407,9,02185,1
20240407,9,02186,2
20240407,9,02191,1
20240407,9,03310,1
20240407,9,03802,1
20240408,0,02116,2
20240408,0,02148,3
20240408,0,02171,3
20240408,0,02179,3
20240408,0,02198,3
20240408,0,03310,1
20240408,1,02111,2
20240408,1,02112,1
20240408,1,02139,1
20240408,1,02159,1
20240408,1,02179,6
20240408,1,02191,1
20240408,1,03311,1
20240408,10,02112,1
20240408,10,02116,1
20240408,10,02139,3
20240408,10,02171,2
20240408,10,02178,2
20240408,10,02179,1
20240408,10,02191,1
20240408,10,02198,1
20240408,10,03310,1
20240408,11,02111,2
20240408,11,02116,5
20240408,11,02122,1
20240408,11,02128,7
20240408,11,02130,1
20240408,11,02143,1
20240408,11,02148,2
20240408,11,02171,2
20240408,11,02172,1
20240408,11,02179,1
20240408,11,02186,2
20240408,11,02191,2
20240408,11,02198,2
20240408,11,03311,1
20240408,11,03802,1
20240408,12,02111,2
20240408,12,02112,2
20240408,12,02122,1
20240408,12,02129,1
20240408,12,02139,1
20240408,12,02148,3
20240408,12,02159,2
20240408,12,02171,2
20240408,12,02178,1
20240408,12,02179,5
20240408,12,02185,1
20240408,12,02191,2
20240408,12,02198,2
20240408,12,03311,2
20240408,12,03802,2
20240408,13,02111,2
20240408,13,02112,2
20240408,13,02122,2
20240408,13,02128,1
20240408,13,02129,2
20240408,13,02139,2
20240408,13,02148,1
20240408,13,02159,1
20240408,13,02171,2
20240408,13,02172,1
20240408,13,02178,1
20240408,13,02185,3
20240408,13,02191,3
20240408,13,03310,1
20240408,13,03311,2
20240408,13,03802,2
20240408,14,02111,2
20240408,14,02112,2
20240408,14,02116,2
20240408,14,02122,1
20240408,14,02128,2
20240408,14,02129,3
20240408,14,02148,1
20240408,14,02171,4
20240408,14,02178,3
20240408,14,02179,1
20240408,14,02185,1
20240408,14,02198,2
20240408,14,03310,3
20240408,14,03311,1
20240408,15,02111,3
20240408,15,02112,2
20240408,15,02122,3
20240408,15,02128,2
20240408,15,02130,2
20240408,15,02148,3
20240408,15,02159,1
20240408,15,02171,4
20240408,15,02172,1
20240408,15,02178,3
20240408,15,02179,1
20240408,15,02185,3
20240408,15,02186,4
20240408,15,02191,1
20240408,15,02198,2
20240408,15,03310,3
20240408,15,03311,2
20240408,16,02111,1
20240408,16,02112,3
20240408,16,02116,2
20240408,16,02122,1
20240408,16,02129,3
20240408,16,02130,1
20240408,16,02139,3
20240408,16,02148,2
20240408,16,02159,6
20240408,16,02171,3
20240408,16,02172,4
20240408,16,02178,2
20240408,16,02179,4
20240408,16,02185,1
20240408,16,02198,2
20240408,16,03310,1
20240408,16,03311,3
20240408,17,02111,4
20240408,17,02112,3
20240408,17,02116,4
20240408,17,02122,1
20240408,17,02128,2
20240408,17,02129,7
20240408,17,02130,1
20240408,17,02139,4
20240408,17,02143,2
20240408,17,02148,2
20240408,17,02159,1
20240408,17,02171,5
20240408,17,02172,2
20240408,17,02178,3
20240408,17,02185,1
20240408,17,02186,1
20240408,17,02191,3
20240408,17,02198,2
20240408,17,02199,2
20240408,17,03311,5
20240408,18,02111,3
20240408,18,02112,3
20240408,18,02116,4
20240408,18,02122,3
20240408,18,02128,2
20240408,18,02129,1
20240408,18,02130,2
20240408,18,02143,1
20240408,18,02148,1
20240408,18,02171,6
20240408,18,02172,2
20240408,18,02178,7
20240408,18,02179,14
20240408,18,02185,2
20240408,18,02186,3
20240408,18,02191,2
20240408,18,02198,2
20240408,18,03310,2
20240408,18,03311,9
20240408,19,02111,6
20240408,19,02112,2
20240408,19,02116,6
20240408,19,02122,1
20240408,19,02128,1
20240408,19,02129,2
20240408,19,02130,1
20240408,19,02148,8
20240408,19,02171,4
20240408,19,02178,4
20240408,19,02179,6
20240408,19,02185,2
20240408,19,02186,2
20240408,19,02191,2
20240408,19,02198,1
20240408,19,03311,3
20240408,19,03802,6
20240408,2,02112,3
20240408,2,02116,1
20240408,2,02179,1
20240408,2,02185,1
20240408,2,02191,1
20240408,20,02111,2
20240408,20,02112,1
20240408,20,02116,8
20240408,20,02122,1
20240408,20,02128,1
20240408,20,02129,3
20240408,20,02139,8
20240408,20,02148,1
20240408,20,02171,9
20240408,20,02178,1
20240408,20,02179,4
20240408,20,02185,2
20240408,20,02186,3
20240408,20,02191,3
20240408,20,02198,4
20240408,20,03310,1
20240408,20,03311,3
20240408,20,03802,5
20240408,21,02111,3
20240408,21,02112,3
20240408,21,02116,2
20240408,21,02122,2
20240408,21,02128,2
20240408,21,02129,3
20240408,21,02148,5
20240408,21,02159,3
20240408,21,02171,4
20240408,21,02172,1
20240408,21,02178,4
20240408,21,02179,4
20240408,21,02185,3
20240408,21,02186,1
20240408,21,02191,3
20240408,21,02198,4
20240408,21,03310,1
20240408,21,03802,5
20240408,22,02112,2
20240408,22,02116,3
20240408,22,02122,3
20240408,22,02128,1
20240408,22,02148,5
20240408,22,02171,4
20240408,22,02178,4
20240408,22,02179,2
20240408,22,02186,3
20240408,22,02191,3
20240408,22,02198,2
20240408,22,02199,3
20240408,22,03310,1
20240408,22,03311,2
20240408,22,03802,1
20240408,23,02111,2
20240408,23,02112,8
20240408,23,02122,1
20240408,23,02129,1
20240408,23,02130,1
20240408,23,02139,2
20240408,23,02143,1
20240408,23,02148,1
20240408,23,02171,1
20240408,23,02178,1
20240408,23,02179,3
20240408,23,02186,1
20240408,23,02198,3
20240408,3,02128,1
20240408,3,02129,1
20240408,3,02179,1
20240408,3,02191,1
20240408,3,03310,1
20240408,4,02112,1
20240408,4,02159,1
20240408,4,02171,3
20240408,4,02172,1
20240408,5,02111,1
20240408,5,02112,1
20240408,5,02116,1
20240408,5,02122,4
20240408,5,02128,1
20240408,5,02139,1
20240408,5,02148,1
20240408,5,02186,1
20240408,5,02199,1
20240408,5,03310,1
20240408,6,02116,1
20240408,6,02122,1
20240408,6,02128,1
20240408,6,02139,1
20240408,6,02143,1
20240408,6,02186,3
20240408,6,02191,1
20240408,6,02198,1
20240408,6,03310,1
20240408,6,03802,3
20240408,7,02112,1
20240408,7,02116,1
20240408,7,02122,1
20240408,7,02128,1
20240408,7,02139,2
20240408,7,02143,2
20240408,7,02148,3
20240408,7,02159,1
20240408,7,02179,4
20240408,7,02185,1
20240408,7,02186,1
20240408,7,03310,3
20240408,7,03311,2
20240408,7,03802,9
20240408,8,02111,2
20240408,8,02112,1
20240408,8,02116,1
20240408,8,02122,2
20240408,8,02128,1
20240408,8,02139,7
20240408,8,02148,2
20240408,8,02159,2
20240408,8,02171,2
20240408,8,02179,4
20240408,8,02185,1
20240408,8,02186,2
20240408,8,02191,6
20240408,8,02198,2
20240408,8,03310,6
20240408,8,03311,3
20240408,8,03802,4
20240408,9,02111,3
20240408,9,02112,3
20240408,9,02116,1
20240408,9,02128,3
20240408,9,02129,1
20240408,9,02139,2
20240408,9,02143,1
20240408,9,02148,1
20240408,9,02159,1
20240408,9,02171,4
20240408,9,02179,2
20240408,9,02185,1
20240408,9,02186,1
20240408,9,02191,3
20240408,9,02198,1
20240408,9,02199,1
20240408,9,03311,2
20240408,9,03802,3
20240409,0,02112,1
20240409,0,02122,1
20240409,0,02128,1
20240409,0,02129,2
20240409,0,02171,2
20240409,0,02191,1
20240409,0,02198,1
20240409,0,03311,1
20240409,1,02111,3
20240409,1,02128,3
20240409,1,02178,1
20240409,1,02179,2
20240409,1,02185,1
20240409,1,03311,2
20240409,10,02111,2
20240409,10,02112,1
20240409,10,02116,1
20240409,10,02122,1
20240409,10,02128,1
20240409,10,02139,3
20240409,10,02143,1
20240409,10,02148,2
20240409,10,02159,2
20240409,10,02171,2
20240409,10,02185,1
20240409,10,02191,3
20240409,10,02199,1
20240409,10,03311,2
20240409,10,03802,1
20240409,11,02111,1
20240409,11,02112,4
20240409,11,02129,2
20240409,11,02130,3
20240409,11,02143,1
20240409,11,02159,1
20240409,11,02171,1
20240409,11,02172,1
20240409,11,02178,3
20240409,11,02179,4
20240409,11,02186,1
20240409,11,02191,1
20240409,11,02198,1
20240409,11,03311,2
20240409,11,03802,2
20240409,12,02111,3
20240409,12,02116,1
20240409,12,02122,3
20240409,12,02130,1
20240409,12,02139,1
20240409,12,02143,1
20240409,12,02159,1
20240409,12,02171,2
20240409,12,02172,2
20240409,12,02178,1
20240409,12,02179,1
20240409,12,02185,1
20240409,12,02191,2
20240409,12,02198,1
20240409,12,02199,4
20240409,12,03802,2
20240409,13,02111,2
20240409,13,02112,1
20240409,13,02116,1
20240409,13,02128,2
20240409,13,02129,3
20240409,13,02139,2
20240409,13,02148,2
20240409,13,02172,1
20240409,13,02178,2
20240409,13,02179,3
20240409,13,02185,1
20240409,13,02191,2
20240409,13,02198,1
20240409,13,03310,1
20240409,14,02111,2
20240409,14,02112,1
20240409,14,02116,2
20240409,14,02129,2
20240409,14,02148,2
20240409,14,02159,3
20240409,14,02171,4
20240409,14,02179,2
20240409,14,02185,2
20240409,14,02186,2
20240409,14,02191,1
20240409,14,02198,1
20240409,14,03311,5
20240409,15,02111,1
20240409,15,02112,2
20240409,15,02116,1
20240409,15,02122,2
20240409,15,02129,2
20240409,15,02130,5
20240409,15,02148,1
20240409,15,02159,1
20240409,15,02171,4
20240409,15,02172,2
20240409,15,02178,1
20240409,15,02179,2
20240409,15,02185,1
20240409,15,02191,1
20240409,15,02198,1
20240409,15,02199,1
20240409,15,03310,1
20240409,15,03311,1
20240409,16,02111,8
20240409,16,02112,1
20240409,16,02116,2
20240409,16,02122,3
20240409,16,02128,4
20240409,16,02143,1
20240409,16,02148,1
20240409,16,02159,1
20240409,16,02171,8
20240409,16,02172,1
20240409,16,02178,3
20240409,16,02179,1
20240409,16,02186,1
20240409,16,02191,2
20240409,16,02198,1
20240409,16,03311,2
20240409,16,03802,2
20240409,17,02111,4
20240409,17,02112,2
20240409,17,02116,2
20240409,17,02122,3
20240409,17,02128,1
20240409,17,02129,2
20240409,17,02130,3
20240409,17,02139,2
20240409,17,02143,1
20240409,17,02148,3
20240409,17,02159,1
20240409,17,02171,6
20240409,17,02172,4
20240409,17,02178,4
20240409,17,02179,1
20240409,17,02185,4
20240409,17,02186,3
20240409,17,02191,2
20240409,17,03311,4
20240409,18,02111,4
20240409,18,02116,2
20240409,18,02128,1
20240409,18,02129,1
20240409,18,02130,5
20240409,18,02139,1
20240409,18,02148,4
20240409,18,02159,4
20240409,18,02171,14
20240409,18,02172,4
20240409,18,02178,4
20240409,18,02179,9
20240409,18,02185,3
20240409,18,02186,2
20240409,18,02191,3
20240409,18,02198,6
20240409,18,02199,1
20240409,18,03311,6
20240409,19,02111,2
20240409,19,02112,2
20240409,19,02116,1
20240409,19,02122,1
20240409,19,02128,4
20240409,19,02129,1
20240409,19,02130,1
20240409,19,02139,1
20240409,19,02143,1
20240409,19,02148,2
20240409,19,02159,3
20240409,19,02171,6
20240409,19,02172,1
20240409,19,02178,3
20240409,19,02179,4
20240409,19,02185,1
20240409,19,02186,2
20240409,19,02191,4
20240409,19,02198,4
20240409,19,03311,4
20240409,19,03802,3
20240409,2,02112,1
20240409,2,02128,1
20240409,2,02148,2
20240409,2,02185,1
20240409,2,02198,1
20240409,2,03311,1
20240409,20,02111,2
20240409,20,02112,3
20240409,20,02116,4
20240409,20,02122,7
20240409,20,02128,1
20240409,20,02129,1
20240409,20,02139,1
20240409,20,02143,2
20240409,20,02148,2
20240409,20,02159,1
20240409,20,02171,7
20240409,20,02172,2
20240409,20,02178,3
20240409,20,02179,3
20240409,20,02186,5
20240409,20,02191,4
20240409,20,03310,1
20240409,20,03311,2
20240409,20,03802,14
20240409,21,02111,5
20240409,21,02112,2
20240409,21,02116,6
20240409,21,02122,2
20240409,21,02128,2
20240409,21,02139,1
20240409,21,02148,1
20240409,21,02171,1
20240409,21,02172,1
20240409,21,02179,3
20240409,21,02185,2
20240409,21,02191,1
20240409,21,02198,2
20240409,21,03311,1
20240409,21,03802,4
20240409,22,02111,4
20240409,22,02112,3
20240409,22,02116,7
20240409,22,02122,1
20240409,22,02129,1
20240409,22,02139,1
20240409,22,02148,2
20240409,22,02159,4
20240409,22,02171,2
20240409,22,02178,1
20240409,22,02179,4
20240409,22,02185,2
20240409,22,02186,1
20240409,22,02191,4
20240409,22,02199,2
20240409,22,03311,2
20240409,22,03802,1
20240409,23,02111,2
20240409,23,02112,4
20240409,23,02116,3
20240409,23,02122,1
20240409,23,02130,2
20240409,23,02139,1
20240409,23,02143,4
20240409,23,02159,2
20240409,23,02171,3
20240409,23,02178,3
20240409,23,02185,3
20240409,23,02198,3
20240409,23,03311,3
20240409,3,02111,2
20240409,3,02112,1
20240409,3,02139,1
20240409,3,02143,1
20240409,3,02159,1
20240409,3,02178,1
20240409,3,02186,1
20240409,3,03310,1
20240409,4,02122,1
20240409,4,02171,1
20240409,4,02191,1
20240409,4,02198,2
20240409,4,02199,1
20240409,5,02112,1
20240409,5,02116,1
20240409,5,02122,3
20240409,5,02139,1
20240409,5,02148,1
20240409,5,02171,1
20240409,5,02186,1
20240409,5,03310,1
20240409,6,02111,1
20240409,6,02112,1
20240409,6,02122,1
20240409,6,02143,1
20240409,6,02148,2
20240409,6,02159,2
20240409,6,02191,1
20240409,6,02198,1
20240409,6,02199,1
20240409,6,03802,2
20240409,7,02111,3
20240409,7,02112,2
20240409,7,02122,2
20240409,7,02128,1
20240409,7,02129,1
20240409,7,02130,1
20240409,7,02139,3
20240409,7,02143,1
20240409,7,02148,4
20240409,7,02171,2
20240409,7,02179,4
20240409,7,02185,3
20240409,7,02186,1
20240409,7,02191,1
20240409,7,02198,1
20240409,7,02199,2
20240409,7,03802,11
20240409,8,02111,1
20240409,8,02112,1
20240409,8,02116,1
20240409,8,02128,1
20240409,8,02129,2
20240409,8,02139,7
20240409,8,02143,1
20240409,8,02148,5
20240409,8,02159,5
20240409,8,02171,1
20240409,8,02179,5
20240409,8,02185,3
20240409,8,02186,2
20240409,8,02191,3
20240409,8,02198,2
20240409,8,03311,4
20240409,8,03802,4
20240409,9,02111,1
20240409,9,02112,2
20240409,9,02116,1
20240409,9,02122,1
20240409,9,02128,1
20240409,9,02129,1
20240409,9,02139,3
20240409,9,02148,2
20240409,9,02159,1
20240409,9,02172,2
20240409,9,02178,3
20240409,9,02179,2
20240409,9,02185,4
20240409,9,02186,1
20240409,9,02191,5
20240409,9,02198,2
20240409,9,03311,2
20240409,9,03802,3
20240410,0,02111,6
20240410,0,02112,1
20240410,0,02116,1
20240410,0,02128,1
20240410,0,02171,1
20240410,0,02172,1
20240410,0,02179,1
20240410,1,02111,5
20240410,1,02112,2
20240410,1,02122,2
20240410,1,02129,1
20240410,1,02139,1
20240410,1,02148,2
20240410,1,02171,4
20240410,1,02172,1
20240410,1,02178,2
20240410,1,02179,5
20240410,1,02185,1
20240410,1,02186,1
20240410,1,02198,1
20240410,1,03311,1
20240410,10,02111,3
20240410,10,02112,3
20240410,10,02116,2
20240410,10,02129,3
20240410,10,02139,1
20240410,10,02143,1
20240410,10,02159,1
20240410,10,02171,3
20240410,10,02178,1
20240410,10,02179,3
20240410,10,02186,1
20240410,10,02191,13
20240410,10,02198,2
20240410,10,02199,1
20240410,11,02112,2
20240410,11,02116,1
20240410,11,02143,1
20240410,11,02148,4
20240410,11,02159,2
20240410,11,02171,2
20240410,11,02172,1
20240410,11,02178,2
20240410,11,02179,1
20240410,11,02186,2
20240410,11,02191,6
20240410,11,02198,2
20240410,11,03311,4
20240410,12,02111,4
20240410,12,02112,1
20240410,12,02116,1
20240410,12,02122,2
20240410,12,02128,3
20240410,12,02129,1
20240410,12,02139,2
20240410,12,02148,1
20240410,12,02159,1
20240410,12,02171,12
20240410,12,02172,6
20240410,12,02178,2
20240410,12,02179,6
20240410,12,02186,2
20240410,12,02198,2
20240410,12,02199,1
20240410,12,03311,1
20240410,13,02111,8
20240410,13,02112,3
20240410,13,02122,1
20240410,13,02128,3
20240410,13,02129,4
20240410,13,02139,2
20240410,13,02143,1
20240410,13,02148,4
20240410,13,02159,4
20240410,13,02171,5
20240410,13,02172,2
20240410,13,02178,4
20240410,13,02179,3
20240410,13,02185,4
20240410,13,02186,2
20240410,13,02191,2
20240410,13,02198,2
20240410,13,02199,1
20240410,13,03311,5
20240410,14,02111,5
20240410,14,02112,3
20240410,14,02116,1
20240410,14,02122,7
20240410,14,02129,2
20240410,14,02139,4
20240410,14,02159,11
20240410,14,02171,5
20240410,14,02172,1
20240410,14,02178,1
20240410,14,02179,5
20240410,14,02185,2
20240410,14,02186,5
20240410,14,02191,1
20240410,14,02198,1
20240410,14,03311,4
20240410,15,02111,4
20240410,15,02112,3
20240410,15,02116,3
20240410,15,02122,3
20240410,15,02128,2
20240410,15,02130,4
20240410,15,02139,3
20240410,15,02143,2
20240410,15,02148,1
20240410,15,02159,1
20240410,15,02171,8
20240410,15,02172,3
20240410,15,02178,1
20240410,15,02179,6
20240410,15,02185,3
20240410,15,02186,12
20240410,15,02198,4
20240410,15,02199,1
20240410,15,03311,2
20240410,16,02111,6
20240410,16,02112,2
20240410,16,02116,3
20240410,16,02122,7
20240410,16,02128,4
20240410,16,02129,3
20240410,16,02130,1
20240410,16,02139,6
20240410,16,02148,7
20240410,16,02159,2
20240410,16,02171,4
20240410,16,02172,6
20240410,16,02178,4
20240410,16,02179,5
20240410,16,02185,3
20240410,16,02186,2
20240410,16,02191,1
20240410,16,02198,1
20240410,16,02199,1
20240410,16,03311,7
20240410,17,02111,6
20240410,17,02112,2
20240410,17,02116,4
20240410,17,02122,1
20240410,17,02130,6
20240410,17,02139,6
20240410,17,02143,2
20240410,17,02148,2
20240410,17,02159,2
20240410,17,02171,9
20240410,17,02172,2
20240410,17,02178,2
20240410,17,02179,6
20240410,17,02186,3
20240410,17,02199,1
20240410,17,03311,2
20240410,18,02111,4
20240410,18,02112,5
20240410,18,02116,2
20240410,18,02122,2
20240410,18,02128,1
20240410,18,02129,1
20240410,18,02130,2
20240410,18,02139,2
20240410,18,02143,1
20240410,18,02171,8
20240410,18,02172,5
20240410,18,02178,3
20240410,18,02179,3
20240410,18,02185,1
20240410,18,02191,3
20240410,18,02198,2
20240410,18,03310,1
20240410,18,03311,1
20240410,19,02112,2
20240410,19,02122,3
20240410,19,02128,1
20240410,19,02130,2
20240410,19,02139,1
20240410,19,02159,1
20240410,19,02171,8
20240410,19,02172,1
20240410,19,02178,1
20240410,19,02179,2
20240410,19,02185,1
20240410,19,02186,1
20240410,19,02191,3
20240410,19,02198,3
20240410,19,03311,2
20240410,2,02111,1
20240410,2,02112,1
20240410,2,02122,1
20240410,2,02139,1
20240410,2,02148,1
20240410,2,02159,1
20240410,2,02171,3
20240410,2,02172,1
20240410,2,02178,2
20240410,2,02185,1
20240410,2,03311,1
20240410,20,02111,1
20240410,20,02112,2
20240410,20,02116,1
20240410,20,02130,2
20240410,20,02148,3
20240410,20,02171,1
20240410,20,02172,1
20240410,20,02178,3
20240410,20,02179,2
20240410,20,02185,1
20240410,20,02186,1
20240410,20,02191,2
20240410,20,03310,1
20240410,21,02111,1
20240410,21,02112,1
20240410,21,02116,1
20240410,21,02139,1
20240410,21,02148,2
20240410,21,02159,1
20240410,21,02171,4
20240410,21,02178,2
20240410,21,02179,3
20240410,21,02185,2
20240410,21,02191,4
20240410,21,02198,1
20240410,21,03311,6
20240410,22,02111,4
20240410,22,02112,3
20240410,22,02122,1
20240410,22,02128,1
20240410,22,02159,1
20240410,22,02171,7
20240410,22,02178,2
20240410,22,02185,2
20240410,22,02186,2
20240410,22,02191,2
20240410,22,02198,4
20240410,23,02111,4
20240410,23,02112,6
20240410,23,02116,1
20240410,23,02122,4
20240410,23,02128,2
20240410,23,02171,3
20240410,23,02178,3
20240410,23,02179,2
20240410,23,02185,1
20240410,23,02186,2
20240410,23,02198,1
20240410,3,02111,2
20240410,3,02139,1
20240410,3,02171,1
20240410,3,02186,1
20240410,3,02191,2
20240410,4,02111,2
20240410,4,02116,1
20240410,4,02128,1
20240410,4,02139,1
20240410,4,02143,1
20240410,4,02148,2
20240410,4,02185,1
20240410,4,02191,1
20240410,5,02111,2
20240410,5,02148,1
20240410,5,02191,1
20240410,5,02198,2
20240410,6,02148,1
20240410,6,02171,1
20240410,6,02179,1
20240410,7,02111,2
20240410,7,02112,1
20240410,7,02122,2
20240410,7,02143,1
20240410,7,02179,1
20240410,7,02185,1
20240410,7,02191,1
20240410,8,02112,1
20240410,8,02139,1
20240410,8,02143,1
20240410,8,02172,2
20240410,8,02179,1
20240410,8,02186,1
20240410,8,02191,1
20240410,9,02111,2
20240410,9,02112,1
20240410,9,02143,1
20240410,9,02159,1
20240410,9,02171,3
20240410,9,02185,2
20240410,9,02198,4
20240411,0,02111,5
20240411,0,02112,2
20240411,0,02129,1
20240411,0,02139,1
20240411,0,02143,1
20240411,0,02148,1
20240411,0,02171,5
20240411,0,02172,1
20240411,0,02178,2
20240411,0,02185,1
20240411,0,02191,1
20240411,0,02198,5
20240411,1,02111,5
20240411,1,02112,1
20240411,1,02129,2
20240411,1,02130,1
20240411,1,02148,1
20240411,1,02178,3
20240411,1,02179,1
20240411,1,02199,1
20240411,10,02111,2
20240411,10,02116,1
20240411,10,02128,1
20240411,10,02130,2
20240411,10,02139,2
20240411,10,02143,1
20240411,10,02148,1
20240411,10,02159,1
20240411,10,02171,3
20240411,10,02172,2
20240411,10,02179,1
20240411,10,02185,1
20240411,10,02186,1
20240411,10,02191,2
20240411,10,03802,2
20240411,11,02111,3
20240411,11,02122,3
20240411,11,02130,2
20240411,11,02148,3
20240411,11,02171,3
20240411,11,02172,1
20240411,11,02179,1
20240411,11,02185,2
20240411,11,02186,2
20240411,11,02191,1
20240411,11,03311,1
20240411,11,03802,2
20240411,12,02111,7
20240411,12,02122,1
20240411,12,02128,1
20240411,12,02143,1
20240411,12,02148,1
20240411,12,02171,3
20240411,12,02178,2
20240411,12,02191,4
20240411,12,02198,3
20240411,12,03311,1
20240411,12,03802,2
20240411,13,02111,4
20240411,13,02112,2
20240411,13,02116,1
20240411,13,02129,1
20240411,13,02139,1
20240411,13,02143,1
20240411,13,02148,1
20240411,13,02171,2
20240411,13,02172,1
20240411,13,02179,2
20240411,13,02191,2
20240411,13,02198,1
20240411,13,02199,2
20240411,13,03311,3
20240411,13,03802,2
20240411,14,02111,4
20240411,14,02112,3
20240411,14,02116,2
20240411,14,02122,3
20240411,14,02129,4
20240411,14,02148,1
20240411,14,02171,3
20240411,14,02178,1
20240411,14,02179,1
20240411,14,02185,1
20240411,14,02186,2
20240411,14,03311,1
20240411,15,02111,6
20240411,15,02116,3
20240411,15,02122,3
20240411,15,02128,1
20240411,15,02129,1
20240411,15,02139,1
20240411,15,02143,1
20240411,15,02148,2
20240411,15,02159,2
20240411,15,02171,4
20240411,15,02172,2
20240411,15,02178,1
20240411,15,02179,2
20240411,15,02185,2
20240411,15,02186,2
20240411,15,02191,2
20240411,15,02198,2
20240411,15,02199,4
20240411,15,03311,4
20240411,15,03802,1
20240411,16,02111,4
20240411,16,02112,2
20240411,16,02116,1
20240411,16,02122,3
20240411,16,02128,2
20240411,16,02129,1
20240411,16,02130,1
20240411,16,02148,4
20240411,16,02159,1
20240411,16,02171,3
20240411,16,02172,2
20240411,16,02178,3
20240411,16,02179,3
20240411,16,02191,3
20240411,16,02198,1
20240411,16,03311,2
20240411,16,03802,1
20240411,17,02111,4
20240411,17,02112,1
20240411,17,02122,2
20240411,17,02129,2
20240411,17,02130,1
20240411,17,02148,1
20240411,17,02171,3
20240411,17,02172,3
20240411,17,02178,3
20240411,17,02179,4
20240411,17,02185,2
20240411,17,02191,2
20240411,17,02198,2
20240411,17,02199,1
20240411,17,03311,3
20240411,18,02111,6
20240411,18,02112,4
20240411,18,02116,3
20240411,18,02122,3
20240411,18,02129,6
20240411,18,02139,1
20240411,18,02143,1
20240411,18,02148,2
20240411,18,02159,2
20240411,18,02171,11
20240411,18,02172,2
20240411,18,02178,9
20240411,18,02179,8
20240411,18,02185,1
20240411,18,02186,1
20240411,18,02191,4
20240411,18,02198,4
20240411,18,03311,8
20240411,18,03802,1
20240411,19,02111,3
20240411,19,02112,2
20240411,19,02116,9
20240411,19,02122,4
20240411,19,02128,1
20240411,19,02129,2
20240411,19,02148,5
20240411,19,02159,2
20240411,19,02171,3
20240411,19,02172,2
20240411,19,02178,3
20240411,19,02179,3
20240411,19,02185,1
20240411,19,02186,3
20240411,19,02191,4
20240411,19,02198,4
20240411,19,03310,2
20240411,19,03311,2
20240411,19,03802,2
20240411,2,02111,2
20240411,2,02112,1
20240411,2,02128,2
20240411,2,02148,1
20240411,2,02171,1
20240411,2,02185,2
20240411,20,02111,2
20240411,20,02112,4
20240411,20,02116,9
20240411,20,02122,3
20240411,20,02128,2
20240411,20,02129,1
20240411,20,02139,1
20240411,20,02171,4
20240411,20,02172,2
20240411,20,02178,1
20240411,20,02179,3
20240411,20,02186,1
20240411,20,02191,3
20240411,20,02198,3
20240411,20,02199,1
20240411,20,03311,4
20240411,20,03802,10
20240411,21,02111,5
20240411,21,02112,2
20240411,21,02116,4
20240411,21,02122,2
20240411,21,02129,2
20240411,21,02159,3
20240411,21,02171,3
20240411,21,02172,5
20240411,21,02178,1
20240411,21,02179,5
20240411,21,02185,1
20240411,21,02186,3
20240411,21,02191,1
20240411,21,03311,3
20240411,21,03802,5
20240411,22,02111,1
20240411,22,02112,4
20240411,22,02116,2
20240411,22,02122,4
20240411,22,02128,1
20240411,22,02129,1
20240411,22,02139,1
20240411,22,02148,1
20240411,22,02171,4
20240411,22,02172,1
20240411,22,02178,1
20240411,22,02179,3
20240411,22,02185,2
20240411,22,02191,3
20240411,22,03311,1
20240411,22,03802,3
20240411,23,02111,1
20240411,23,02112,9
20240411,23,02128,4
20240411,23,02139,1
20240411,23,02143,2
20240411,23,02171,3
20240411,23,02172,1
20240411,23,02179,1
20240411,23,02186,1
20240411,23,02191,1
20240411,23,02198,4
20240411,3,02116,1
20240411,3,02122,1
20240411,3,02171,1
20240411,4,02111,1
20240411,4,02112,1
20240411,4,02159,1
20240411,4,02178,1
20240411,4,02191,1
20240411,5,02111,2
20240411,5,02112,1
20240411,5,02122,1
20240411,5,02139,1
20240411,5,02159,1
20240411,5,02171,1
20240411,5,02178,1
20240411,5,02186,1
20240411,5,02191,1
20240411,6,02111,1
20240411,6,02112,1
20240411,6,02116,1
20240411,6,02139,1
20240411,6,03802,1
20240411,7,02112,1
20240411,7,02122,1
20240411,7,02139,2
20240411,7,02186,1
20240411,7,03311,1
20240411,7,03802,5
20240411,8,02111,1
20240411,8,02112,1
20240411,8,02122,1
20240411,8,02128,1
20240411,8,02139,5
20240411,8,02143,1
20240411,8,02148,1
20240411,8,02159,1
20240411,8,02171,1
20240411,8,02172,1
20240411,8,02179,2
20240411,8,02185,1
20240411,8,02191,2
20240411,8,02198,1
20240411,8,03311,1
20240411,8,03802,2
20240411,9,02111,1
20240411,9,02112,2
20240411,9,02116,1
20240411,9,02122,1
20240411,9,02128,1
20240411,9,02139,1
20240411,9,02143,1
20240411,9,02148,2
20240411,9,02171,1
20240411,9,02172,1
20240411,9,02178,1
20240411,9,02179,2
20240411,9,02185,1
20240411,9,02186,1
20240411,9,02191,7
20240411,9,02198,1
20240411,9,03311,1
20240411,9,03802,1
20240412,0,02116,1
20240412,0,02143,1
20240412,0,02148,1
20240412,0,02171,4
20240412,0,02172,4
20240412,0,02178,1
20240412,0,02179,1
20240412,0,02185,3
20240412,0,02198,1
20240412,1,02112,1
20240412,1,02116,4
20240412,1,02128,1
20240412,1,02139,1
20240412,1,02148,1
20240412,1,02159,1
20240412,1,02171,2
20240412,1,02172,1
20240412,1,02179,2
20240412,1,02198,2
20240412,10,02116,1
20240412,10,02128,2
20240412,10,02129,2
20240412,10,02139,1
20240412,10,02148,2
20240412,10,02171,2
20240412,10,02179,2
20240412,10,02191,1
20240412,10,02198,1
20240412,10,03311,1
20240412,10,03802,1
20240412,11,02111,2
20240412,11,02112,3
20240412,11,02116,2
20240412,11,02122,1
20240412,11,02128,1
20240412,11,02130,1
20240412,11,02139,1
20240412,11,02143,1
20240412,11,02148,2
20240412,11,02159,1
20240412,11,02171,5
20240412,11,02172,2
20240412,11,02178,2
20240412,11,02179,2
20240412,11,02191,2
20240412,11,02198,1
20240412,11,03310,1
20240412,11,03802,4
20240412,12,02111,2
20240412,12,02112,3
20240412,12,02116,1
20240412,12,02122,3
20240412,12,02128,1
20240412,12,02130,1
20240412,12,02139,1
20240412,12,02143,1
20240412,12,02148,2
20240412,12,02159,1
20240412,12,02171,1
20240412,12,02178,2
20240412,12,02179,4
20240412,12,02185,1
20240412,12,02186,1
20240412,12,02191,5
20240412,12,02198,2
20240412,12,03311,1
20240412,12,03802,3
20240412,13,02111,5
20240412,13,02112,2
20240412,13,02116,1
20240412,13,02122,2
20240412,13,02129,1
20240412,13,02130,1
20240412,13,02148,2
20240412,13,02159,1
20240412,13,02171,4
20240412,13,02172,3
20240412,13,02178,1
20240412,13,02179,1
20240412,13,02186,1
20240412,13,02198,2
20240412,13,02199,2
20240412,13,03311,5
20240412,14,02111,3
20240412,14,02112,3
20240412,14,02116,1
20240412,14,02122,1
20240412,14,02128,1
20240412,14,02129,1
20240412,14,02148,2
20240412,14,02159,1
20240412,14,02171,3
20240412,14,02172,1
20240412,14,02178,1
20240412,14,02179,2
20240412,14,02185,1
20240412,14,02191,3
20240412,14,02198,2
20240412,14,02199,1
20240412,14,03311,3
20240412,15,02111,2
20240412,15,02116,1
20240412,15,02122,2
20240412,15,02129,2
20240412,15,02148,7
20240412,15,02159,3
20240412,15,02171,3
20240412,15,02172,2
20240412,15,02178,1
20240412,15,02179,4
20240412,15,02185,1
20240412,15,02186,2
20240412,15,02198,4
20240412,16,02111,1
20240412,16,02112,1
20240412,16,02116,1
20240412,16,02122,1
20240412,16,02128,1
20240412,16,02130,2
20240412,16,02139,3
20240412,16,02143,1
20240412,16,02148,5
20240412,16,02171,6
20240412,16,02172,2
20240412,16,02178,6
20240412,16,02179,1
20240412,16,02185,1
20240412,16,02186,1
20240412,16,02191,1
20240412,16,02198,1
20240412,16,03311,1
20240412,17,02111,2
20240412,17,02112,2
20240412,17,02116,3
20240412,17,02122,1
20240412,17,02128,2
20240412,17,02129,1
20240412,17,02143,1
20240412,17,02148,1
20240412,17,02159,2
20240412,17,02171,2
20240412,17,02178,5
20240412,17,02179,1
20240412,17,02185,2
20240412,17,02191,5
20240412,17,02198,2
20240412,17,03311,3
20240412,18,02111,6
20240412,18,02112,1
20240412,18,02116,2
20240412,18,02122,1
20240412,18,02128,7
20240412,18,02130,2
20240412,18,02143,2
20240412,18,02148,1
20240412,18,02171,8
20240412,18,02172,3
20240412,18,02178,4
20240412,18,02179,8
20240412,18,02185,7
20240412,18,02186,2
20240412,18,02191,4
20240412,18,02198,2
20240412,18,02199,1
20240412,18,03311,5
20240412,18,03802,1
20240412,19,02111,3
20240412,19,02112,1
20240412,19,02116,4
20240412,19,02122,5
20240412,19,02130,1
20240412,19,02139,1
20240412,19,02143,2
20240412,19,02148,6
20240412,19,02159,2
20240412,19,02171,5
20240412,19,02172,2
20240412,19,02178,2
20240412,19,02179,2
20240412,19,02185,1
20240412,19,02186,5
20240412,19,02191,3
20240412,19,03311,3
20240412,19,03802,5
20240412,2,02112,1
20240412,2,02159,1
20240412,2,02179,2
20240412,2,02185,1
20240412,2,02198,1
20240412,20,02111,2
20240412,20,02112,1
20240412,20,02116,1
20240412,20,02122,3
20240412,20,02128,2
20240412,20,02139,3
20240412,20,02148,4
20240412,20,02171,11
20240412,20,02172,1
20240412,20,02179,1
20240412,20,02191,2
20240412,20,02198,1
20240412,20,02199,1
20240412,20,03310,1
20240412,20,03311,4
20240412,20,03802,3
20240412,21,02111,6
20240412,21,02112,2
20240412,21,02116,5
20240412,21,02122,1
20240412,21,02128,1
20240412,21,02129,1
20240412,21,02130,1
20240412,21,02143,1
20240412,21,02148,1
20240412,21,02159,2
20240412,21,02171,3
20240412,21,02172,2
20240412,21,02179,4
20240412,21,02185,5
20240412,21,02186,3
20240412,21,02191,4
20240412,21,02198,3
20240412,21,03311,5
20240412,21,03802,4
20240412,22,02111,6
20240412,22,02112,4
20240412,22,02116,4
20240412,22,02122,4
20240412,22,02139,2
20240412,22,02143,3
20240412,22,02148,1
20240412,22,02171,2
20240412,22,02172,1
20240412,22,02179,6
20240412,22,02186,1
20240412,22,02191,3
20240412,22,02198,2
20240412,22,02199,1
20240412,22,03311,6
20240412,23,02111,8
20240412,23,02112,1
20240412,23,02116,2
20240412,23,02128,1
20240412,23,02139,3
20240412,23,02148,2
20240412,23,02171,1
20240412,23,02179,3
20240412,23,02185,1
20240412,23,02186,3
20240412,23,02191,2
20240412,3,02111,1
20240412,3,02122,1
20240412,3,02171,1
20240412,3,02179,1
20240412,3,02191,1
20240412,4,02148,1
20240412,5,02112,1
20240412,5,02122,1
20240412,5,02139,1
20240412,5,02179,1
20240412,5,02186,2
20240412,6,02122,1
20240412,6,02159,1
20240412,6,02191,1
20240412,6,02198,1
20240412,6,03802,3
20240412,7,02111,1
20240412,7,02112,2
20240412,7,02116,1
20240412,7,02122,1
20240412,7,02139,3
20240412,7,02143,1
20240412,7,02148,2
20240412,7,02171,1
20240412,7,02179,1
20240412,7,02186,2
20240412,7,02191,2
20240412,7,02198,1
20240412,7,03802,3
20240412,8,02111,2
20240412,8,02112,1
20240412,8,02122,3
20240412,8,02128,1
20240412,8,02129,1
20240412,8,02139,6
20240412,8,02143,1
20240412,8,02148,4
20240412,8,02159,3
20240412,8,02172,2
20240412,8,02179,6
20240412,8,02185,1
20240412,8,02186,1
20240412,8,02191,4
20240412,8,02198,2
20240412,8,03311,1
20240412,8,03802,4
20240412,9,02116,1
20240412,9,02122,2
20240412,9,02139,2
20240412,9,02143,2
20240412,9,02148,2
20240412,9,02159,1
20240412,9,02171,2
20240412,9,02172,1
20240412,9,02178,1
20240412,9,02179,3
20240412,9,02185,3
20240412,9,02186,1
20240412,9,02191,3
20240412,9,02199,1
20240412,9,03311,1
20240413,0,02111,2
20240413,0,02112,1
20240413,0,02128,1
20240413,0,02139,3
20240413,0,02148,1
20240413,0,02171,8
20240413,0,02179,1
20240413,0,02185,1
20240413,0,02191,5
20240413,0,02198,3
20240413,0,03311,5
20240413,1,02111,1
20240413,1,02148,2
20240413,1,02171,3
20240413,1,02179,4
20240413,1,02198,3
20240413,1,03311,1
20240413,10,02111,2
20240413,10,02112,2
20240413,10,02122,4
20240413,10,02129,2
20240413,10,02139,2
20240413,10,02148,3
20240413,10,02159,1
20240413,10,02171,2
20240413,10,02172,1
20240413,10,02179,5
20240413,10,02186,1
20240413,10,02191,1
20240413,10,02198,1
20240413,10,03311,4
20240413,10,03802,1
20240413,11,02111,4
20240413,11,02112,3
20240413,11,02116,2
20240413,11,02122,2
20240413,11,02129,4
20240413,11,02130,3
20240413,11,02139,5
20240413,11,02143,1
20240413,11,02148,1
20240413,11,02159,1
20240413,11,02171,2
20240413,11,02172,5
20240413,11,02179,4
20240413,11,02185,2
20240413,11,02186,2
20240413,11,02191,7
20240413,11,03311,1
20240413,11,03802,2
20240413,12,02111,3
20240413,12,02112,3
20240413,12,02116,2
20240413,12,02122,3
20240413,12,02129,2
20240413,12,02143,3
20240413,12,02148,1
20240413,12,02159,3
20240413,12,02171,4
20240413,12,02172,4
20240413,12,02178,1
20240413,12,02185,1
20240413,12,02186,3
20240413,12,02191,2
20240413,12,02198,1
20240413,12,03311,3
20240413,13,02111,3
20240413,13,02112,2
20240413,13,02116,3
20240413,13,02122,4
20240413,13,02128,1
20240413,13,02129,1
20240413,13,02139,3
20240413,13,02148,3
20240413,13,02159,2
20240413,13,02171,6
20240413,13,02172,3
20240413,13,02179,2
20240413,13,02185,2
20240413,13,02186,2
20240413,13,02198,1
20240413,13,03311,3
20240413,13,03802,1
20240413,14,02111,2
20240413,14,02112,2
20240413,14,02116,1
20240413,14,02122,5
20240413,14,02128,1
20240413,14,02129,1
20240413,14,02139,3
20240413,14,02143,2
20240413,14,02159,1
20240413,14,02171,4
20240413,14,02172,6
20240413,14,02179,5
20240413,14,02185,2
20240413,14,02198,2
20240413,14,02199,2
20240413,14,03310,2
20240413,14,03311,1
20240413,14,03802,1
20240413,15,02111,3
20240413,15,02112,9
20240413,15,02116,5
20240413,15,02122,4
20240413,15,02130,1
20240413,15,02139,1
20240413,15,02143,3
20240413,15,02148,3
20240413,15,02171,3
20240413,15,02172,4
20240413,15,02178,7
20240413,15,02179,3
20240413,15,02185,6
20240413,15,02186,4
20240413,15,02191,2
20240413,15,02198,3
20240413,15,03310,1
20240413,15,03311,6
20240413,16,02112,2
20240413,16,02116,2
20240413,16,02128,2
20240413,16,02129,1
20240413,16,02130,1
20240413,16,02139,3
20240413,16,02143,1
20240413,16,02148,1
20240413,16,02159,10
20240413,16,02171,2
20240413,16,02172,4
20240413,16,02178,1
20240413,16,02179,6
20240413,16,02185,2
20240413,16,02186,2
20240413,16,02191,8
20240413,16,02198,1
20240413,16,02199,1
20240413,16,03311,1
20240413,16,03802,1
20240413,17,02111,1
20240413,17,02112,1
20240413,17,02116,1
20240413,17,02122,1
20240413,17,02128,2
20240413,17,02129,3
20240413,17,02130,1
20240413,17,02139,2
20240413,17,02148,3
20240413,17,02159,2
20240413,17,02171,5
20240413,17,02172,4
20240413,17,02178,8
20240413,17,02179,1
20240413,17,02185,5
20240413,17,02186,1
20240413,17,02191,4
20240413,17,03310,2
20240413,17,03311,1
20240413,17,03802,3
20240413,18,02111,3
20240413,18,02112,3
20240413,18,02116,5
20240413,18,02122,4
20240413,18,02128,2
20240413,18,02130,4
20240413,18,02143,2
20240413,18,02148,4
20240413,18,02159,3
20240413,18,02171,2
20240413,18,02172,1
20240413,18,02178,4
20240413,18,02179,4
20240413,18,02185,3
20240413,18,02186,2
20240413,18,02191,4
20240413,18,02198,5
20240413,18,03311,3
20240413,18,03802,2
20240413,19,02111,5
20240413,19,02112,5
20240413,19,02116,3
20240413,19,02122,5
20240413,19,02129,1
20240413,19,02130,1
20240413,19,02139,1
20240413,19,02143,1
20240413,19,02148,3
20240413,19,02159,1
20240413,19,02171,3
20240413,19,02178,1
20240413,19,02179,3
20240413,19,02185,2
20240413,19,02186,4
20240413,19,02191,3
20240413,19,02198,2
20240413,19,02199,1
20240413,19,03310,3
20240413,19,03311,1
20240413,19,03802,1
20240413,2,02111,1
20240413,2,02116,2
20240413,2,02122,2
20240413,2,02128,1
20240413,2,02139,1
20240413,2,02143,1
20240413,2,02148,2
20240413,2,02179,1
20240413,2,02186,1
20240413,2,02191,2
20240413,2,02198,1
20240413,2,03311,2
20240413,20,02111,10
20240413,20,02116,5
20240413,20,02128,1
20240413,20,02139,1
20240413,20,02143,2
20240413,20,02171,4
20240413,20,02178,3
20240413,20,02179,4
20240413,20,02185,2
20240413,20,02186,3
20240413,20,02191,1
20240413,20,02198,4
20240413,20,03310,2
20240413,20,03311,1
20240413,20,03802,1
20240413,21,02111,8
20240413,21,02112,5
20240413,21,02116,4
20240413,21,02128,5
20240413,21,02130,2
20240413,21,02139,1
20240413,21,02148,1
20240413,21,02159,4
20240413,21,02171,4
20240413,21,02178,1
20240413,21,02179,2
20240413,21,02185,3
20240413,21,02186,3
20240413,21,02198,1
20240413,21,02199,1
20240413,21,03310,1
20240413,21,03311,3
20240413,22,02111,4
20240413,22,02112,2
20240413,22,02122,2
20240413,22,02128,3
20240413,22,02130,3
20240413,22,02139,1
20240413,22,02148,5
20240413,22,02159,1
20240413,22,02171,1
20240413,22,02172,1
20240413,22,02178,2
20240413,22,02191,2
20240413,22,02198,3
20240413,22,03311,4
20240413,23,02111,2
20240413,23,02112,3
20240413,23,02116,2
20240413,23,02122,2
20240413,23,02129,1
20240413,23,02139,1
20240413,23,02148,1
20240413,23,02159,1
20240413,23,02171,3
20240413,23,02185,3
20240413,23,02186,2
20240413,23,02191,2
20240413,23,02198,2
20240413,23,03310,1
20240413,3,02111,1
20240413,3,02112,1
20240413,3,02122,1
20240413,3,02128,1
20240413,3,02139,1
20240413,3,02171,1
20240413,3,02179,1
20240413,3,02185,1
20240413,3,02186,1
20240413,4,02139,1
20240413,4,02178,1
20240413,4,02179,1
20240413,4,02185,1
20240413,4,02191,1
20240413,5,02139,1
20240413,5,03311,1
20240413,6,02112,1
20240413,6,02116,1
20240413,6,02139,1
20240413,6,02185,1
20240413,6,02191,1
20240413,7,02116,1
20240413,7,02122,1
20240413,7,02130,1
20240413,7,02143,1
20240413,7,02179,1
20240413,7,02185,2
20240413,7,02191,1
20240413,7,03311,1
20240413,8,02111,1
20240413,8,02112,2
20240413,8,02116,2
20240413,8,02122,1
20240413,8,02128,2
20240413,8,02139,2
20240413,8,02148,2
20240413,8,02171,2
20240413,8,02185,2
20240413,8,02186,1
20240413,8,02191,3
20240413,8,03311,1
20240413,9,02116,1
20240413,9,02122,2
20240413,9,02128,2
20240413,9,02139,2
20240413,9,02143,2
20240413,9,02148,3
20240413,9,02171,2
20240413,9,02185,2
20240413,9,02186,2
20240414,0,02111,1
20240414,0,02112,3
20240414,0,02116,2
20240414,0,02122,2
20240414,0,02139,2
20240414,0,02143,1
20240414,0,02148,2
20240414,0,02159,1
20240414,0,02171,4
20240414,0,02172,1
20240414,0,02179,8
20240414,0,02198,1
20240414,0,02199,1
20240414,0,03311,2
20240414,1,02111,4
20240414,1,02122,5
20240414,1,02128,1
20240414,1,02130,2
20240414,1,02139,1
20240414,1,02159,1
20240414,1,02171,2
20240414,1,02185,1
20240414,1,02186,1
20240414,1,02198,2
20240414,1,03310,1
20240414,1,03311,1
20240414,10,02112,1
20240414,10,02122,2
20240414,10,02128,2
20240414,10,02129,1
20240414,10,02139,1
20240414,10,02143,1
20240414,10,02148,2
20240414,10,02159,2
20240414,10,02172,2
20240414,10,02185,1
20240414,10,02198,3
20240414,10,03310,1
20240414,10,03311,2
20240414,10,03802,1
20240414,11,02111,4
20240414,11,02112,5
20240414,11,02122,5
20240414,11,02128,2
20240414,11,02129,2
20240414,11,02130,1
20240414,11,02139,4
20240414,11,02148,2
20240414,11,02171,1
20240414,11,02172,1
20240414,11,02179,1
20240414,11,02185,1
20240414,11,02186,3
20240414,11,02191,2
20240414,11,02198,3
20240414,11,03310,1
20240414,11,03802,2
20240414,12,02111,2
20240414,12,02112,4
20240414,12,02122,5
20240414,12,02128,3
20240414,12,02139,2
20240414,12,02159,1
20240414,12,02171,3
20240414,12,02172,2
20240414,12,02179,4
20240414,12,02186,1
20240414,12,02191,5
20240414,12,02198,1
20240414,12,03311,2
20240414,13,02111,3
20240414,13,02116,1
20240414,13,02122,1
20240414,13,02128,3
20240414,13,02129,1
20240414,13,02130,3
20240414,13,02139,2
20240414,13,02143,1
20240414,13,02171,5
20240414,13,02172,2
20240414,13,02178,2
20240414,13,02179,5
20240414,13,02185,2
20240414,13,02186,1
20240414,13,02191,1
20240414,13,02198,5
20240414,13,03310,2
20240414,13,03311,2
20240414,13,03802,1
20240414,14,02111,5
20240414,14,02116,4
20240414,14,02122,2
20240414,14,02128,1
20240414,14,02129,1
20240414,14,02159,3
20240414,14,02171,3
20240414,14,02179,3
20240414,14,02185,2
20240414,14,02191,4
20240414,14,03311,2
20240414,14,03802,1
20240414,15,02111,3
20240414,15,02112,4
20240414,15,02116,1
20240414,15,02122,2
20240414,15,02128,3
20240414,15,02139,2
20240414,15,02143,1
20240414,15,02148,1
20240414,15,02159,2
20240414,15,02171,2
20240414,15,02172,4
20240414,15,02178,1
20240414,15,02179,6
20240414,15,02186,1
20240414,15,02191,3
20240414,15,02198,1
20240414,15,02199,2
20240414,15,03310,2
20240414,15,03311,3
20240414,15,03802,1
20240414,16,02111,4
20240414,16,02112,2
20240414,16,02116,1
20240414,16,02122,2
20240414,16,02128,1
20240414,16,02129,1
20240414,16,02139,4
20240414,16,02143,1
20240414,16,02148,1
20240414,16,02171,7
20240414,16,02172,3
20240414,16,02178,1
20240414,16,02179,1
20240414,16,02185,2
20240414,16,02186,2
20240414,16,02191,4
20240414,16,03310,1
20240414,16,03311,5
20240414,16,03802,7
20240414,17,02111,6
20240414,17,02112,8
20240414,17,02116,8
20240414,17,02122,4
20240414,17,02128,2
20240414,17,02129,2
20240414,17,02130,3
20240414,17,02143,4
20240414,17,02148,2
20240414,17,02159,2
20240414,17,02171,3
20240414,17,02172,7
20240414,17,02178,4
20240414,17,02179,5
20240414,17,02185,1
20240414,17,02186,1
20240414,17,02191,6
20240414,17,02198,1
20240414,17,02199,1
20240414,17,03311,4
20240414,17,03802,2
20240414,18,02111,5
20240414,18,02112,1
20240414,18,02116,5
20240414,18,02122,2
20240414,18,02128,5
20240414,18,02129,3
20240414,18,02139,3
20240414,18,02143,2
20240414,18,02148,5
20240414,18,02171,5
20240414,18,02172,2
20240414,18,02179,2
20240414,18,02185,2
20240414,18,03310,1
20240414,18,03311,1
20240414,18,03802,1
20240414,19,02111,8
20240414,19,02112,1
20240414,19,02116,9
20240414,19,02122,3
20240414,19,02128,2
20240414,19,02129,4
20240414,19,02130,1
20240414,19,02139,2
20240414,19,02148,3
20240414,19,02171,6
20240414,19,02172,1
20240414,19,02178,3
20240414,19,02179,5
20240414,19,02185,1
20240414,19,02186,3
20240414,19,02198,5
20240414,19,02199,1
20240414,19,03310,1
20240414,19,03311,5
20240414,19,03802,1
20240414,2,02111,1
20240414,2,02129,1
20240414,2,02139,1
20240414,2,02179,1
20240414,2,02198,1
20240414,20,02111,1
20240414,20,02112,5
20240414,20,02116,4
20240414,20,02128,3
20240414,20,02129,5
20240414,20,02139,1
20240414,20,02143,1
20240414,20,02148,3
20240414,20,02159,1
20240414,20,02171,5
20240414,20,02172,1
20240414,20,02178,3
20240414,20,02179,2
20240414,20,02185,4
20240414,20,02198,1
20240414,20,02199,1
20240414,20,03311,3
20240414,21,02111,3
20240414,21,02112,3
20240414,21,02116,1
20240414,21,02129,2
20240414,21,02139,1
20240414,21,02148,2
20240414,21,02171,5
20240414,21,02178,2
20240414,21,02179,4
20240414,21,02185,2
20240414,21,02191,1
20240414,21,02198,2
20240414,21,03310,1
20240414,21,03311,3
20240414,22,02111,1
20240414,22,02112,6
20240414,22,02116,3
20240414,22,02122,3
20240414,22,02128,2
20240414,22,02148,3
20240414,22,02171,1
20240414,22,02178,3
20240414,22,02179,1
20240414,22,02185,2
20240414,22,02191,2
20240414,22,02198,1
20240414,22,03310,1
20240414,23,02111,3
20240414,23,02112,1
20240414,23,02122,3
20240414,23,02128,1
20240414,23,02129,1
20240414,23,02139,1
20240414,23,02148,1
20240414,23,02171,3
20240414,23,02178,2
20240414,23,02179,3
20240414,23,02185,2
20240414,23,02191,1
20240414,23,02198,1
20240414,23,03311,2
20240414,3,02111,2
20240414,3,02139,1
20240414,3,02143,2
20240414,3,02159,1
20240414,3,02171,2
20240414,4,02171,2
20240414,5,02179,1
20240414,5,02191,1
20240414,6,02139,3
20240414,6,02171,1
20240414,6,02185,1
20240414,6,02198,1
20240414,7,02112,2
20240414,7,02148,1
20240414,7,02178,1
20240414,7,02185,1
20240414,7,03311,1
20240414,8,02111,1
20240414,8,02148,2
20240414,8,02172,1
20240414,8,02185,2
20240414,8,02186,1
20240414,8,02191,3
20240414,8,02198,1
20240414,8,03310,2
20240414,9,02116,1
20240414,9,02122,2
20240414,9,02139,2
20240414,9,02143,1
20240414,9,02148,1
20240414,9,02159,1
20240414,9,02179,1
20240414,9,02186,1
20240414,9,02191,3
20240414,9,03310,1
20240415,0,02111,8
20240415,0,02116,2
20240415,0,02122,1
20240415,0,02139,1
20240415,0,02143,1
20240415,0,02148,1
20240415,0,02171,2
20240415,0,02178,1
20240415,0,02186,1
20240415,0,02198,5
20240415,0,03311,3
20240415,1,02111,1
20240415,1,02112,3
20240415,1,02116,1
20240415,1,02172,1
20240415,1,02186,2
20240415,1,02191,1
20240415,1,02198,1
20240415,1,03310,2
20240415,11,02111,2
20240415,11,02191,2
20240415,11,03802,1
20240415,12,02111,1
20240415,12,02128,1
20240415,12,02130,1
20240415,12,02139,1
20240415,12,02198,1
20240415,14,02139,1
20240415,15,02130,2
20240415,15,02179,1
20240415,15,02185,1
20240415,15,02191,1
20240415,15,02198,1
20240415,15,03310,1
20240415,15,03311,1
20240415,16,03311,1
20240415,17,02111,1
20240415,17,02130,1
20240415,17,02159,1
20240415,17,03311,1
20240415,18,02111,3
20240415,18,02112,1
20240415,18,02116,1
20240415,18,02129,4
20240415,18,02171,2
20240415,18,02172,1
20240415,18,02178,1
20240415,18,02179,1
20240415,18,02185,2
20240415,18,02198,1
20240415,18,03311,2
20240415,19,02112,3
20240415,19,02116,1
20240415,19,02122,1
20240415,19,02129,1
20240415,19,02130,1
20240415,19,02139,1
20240415,19,02148,1
20240415,19,02159,1
20240415,19,02172,1
20240415,19,02179,1
20240415,19,02191,1
20240415,19,02198,1
20240415,19,03311,2
20240415,19,03802,1
20240415,2,02111,1
20240415,2,02148,1
20240415,2,02159,1
20240415,2,02179,3
20240415,2,03311,1
20240415,20,02111,1
20240415,20,02112,1
20240415,20,02122,1
20240415,20,02128,1
20240415,20,02129,1
20240415,20,02139,1
20240415,20,02148,3
20240415,20,02159,2
20240415,20,02171,1
20240415,20,02179,3
20240415,20,02185,3
20240415,20,02191,1
20240415,20,02198,1
20240415,20,03310,1
20240415,20,03311,1
20240415,20,03802,2
20240415,21,02111,3
20240415,21,02112,2
20240415,21,02116,1
20240415,21,02122,1
20240415,21,02128,1
20240415,21,02130,3
20240415,21,02139,2
20240415,21,02148,2
20240415,21,02159,1
20240415,21,02171,2
20240415,21,02172,2
20240415,21,02178,1
20240415,21,02179,4
20240415,21,02186,2
20240415,21,02198,1
20240415,21,02199,1
20240415,21,03311,1
20240415,21,03802,1
20240415,22,02111,1
20240415,22,02112,3
20240415,22,02122,1
20240415,22,02139,2
20240415,22,02143,1
20240415,22,02148,4
20240415,22,02171,1
20240415,22,02179,6
20240415,22,02185,1
20240415,22,02191,1
20240415,22,02198,1
20240415,22,03311,1
20240415,23,02116,5
20240415,23,02171,1
20240415,23,02179,2
20240415,23,02198,1
20240415,23,03311,1
20240415,3,02116,1
20240415,3,02186,1
20240415,4,02111,2
20240415,4,02112,2
20240415,4,02116,1
20240415,4,02122,1
20240415,4,02129,1
20240415,4,02185,1
20240415,4,02191,2
20240415,5,02122,1
20240415,5,02139,1
20240415,5,02143,1
20240415,5,02179,2
20240415,5,02186,1
20240415,5,02191,1
20240415,5,02198,2
20240415,6,02111,1
20240415,6,02116,2
20240415,6,02129,1
20240415,6,02185,1
20240415,6,02191,1
20240415,6,02198,2
20240415,6,03310,2
20240415,6,03802,1
20240415,7,02111,1
20240415,7,02112,1
20240415,7,02130,1
20240415,7,02139,1
20240415,7,02148,2
20240415,7,02171,2
20240415,7,02179,2
20240415,7,02185,1
20240415,7,02186,1
20240415,7,02191,2
20240415,7,02199,1
20240415,7,03310,3
20240415,7,03311,2
20240415,7,03802,5
20240415,8,02139,2
20240415,8,02159,1
20240416,0,02111,1
20240416,0,02112,2
20240416,0,02139,2
20240416,0,02143,1
20240416,0,02148,2
20240416,0,02186,1
20240416,0,03310,1
20240416,1,02111,3
20240416,1,02112,1
20240416,1,02122,3
20240416,1,02129,1
20240416,1,02171,1
20240416,1,02178,1
20240416,1,02185,1
20240416,10,02112,1
20240416,10,02139,1
20240416,10,02148,3
20240416,10,02159,1
20240416,10,02172,1
20240416,10,02186,1
20240416,10,02191,1
20240416,10,03310,2
20240416,10,03311,1
20240416,10,03802,1
20240416,11,02111,1
20240416,11,02112,2
20240416,11,02116,1
20240416,11,02128,2
20240416,11,02129,1
20240416,11,02130,2
20240416,11,02148,3
20240416,11,02159,1
20240416,11,02171,3
20240416,11,02178,1
20240416,11,02179,1
20240416,11,02186,2
20240416,11,02191,2
20240416,11,02198,1
20240416,11,03310,1
20240416,11,03311,1
20240416,11,03802,3
20240416,12,02111,3
20240416,12,02116,2
20240416,12,02122,1
20240416,12,02128,1
20240416,12,02139,1
20240416,12,02171,2
20240416,12,02172,1
20240416,12,02178,1
20240416,12,02179,2
20240416,12,02185,2
20240416,12,02186,2
20240416,12,02191,4
20240416,12,02198,3
20240416,12,03310,3
20240416,12,03311,1
20240416,12,03802,1
20240416,13,02112,1
20240416,13,02116,1
20240416,13,02122,3
20240416,13,02128,2
20240416,13,02130,1
20240416,13,02139,1
20240416,13,02143,1
20240416,13,02148,1
20240416,13,02171,1
20240416,13,02172,1
20240416,13,02178,3
20240416,13,02179,3
20240416,13,02186,3
20240416,13,02199,1
20240416,13,03311,2
20240416,14,02111,3
20240416,14,02116,1
20240416,14,02122,1
20240416,14,02128,2
20240416,14,02129,1
20240416,14,02139,1
20240416,14,02148,4
20240416,14,02171,7
20240416,14,02172,1
20240416,14,02178,2
20240416,14,02179,1
20240416,14,02185,1
20240416,14,02186,2
20240416,14,02198,2
20240416,14,03310,2
20240416,14,03311,2
20240416,15,02111,2
20240416,15,02112,2
20240416,15,02116,1
20240416,15,02128,2
20240416,15,02129,1
20240416,15,02130,2
20240416,15,02139,2
20240416,15,02143,1
20240416,15,02159,1
20240416,15,02171,3
20240416,15,02172,4
20240416,15,02178,3
20240416,15,02179,1
20240416,15,02185,3
20240416,15,02186,2
20240416,15,02191,4
20240416,15,02198,3
20240416,15,03310,6
20240416,15,03311,4
20240416,16,02111,2
20240416,16,02112,3
20240416,16,02116,3
20240416,16,02122,1
20240416,16,02128,3
20240416,16,02129,1
20240416,16,02130,1
20240416,16,02143,4
20240416,16,02148,2
20240416,16,02159,1
20240416,16,02171,2
20240416,16,02178,5
20240416,16,02179,7
20240416,16,02185,3
20240416,16,02186,2
20240416,16,02191,2
20240416,16,02198,1
20240416,16,03310,1
20240416,16,03311,4
20240416,16,03802,1
20240416,17,02111,3
20240416,17,02116,1
20240416,17,02122,3
20240416,17,02128,2
20240416,17,02130,2
20240416,17,02139,1
20240416,17,02148,2
20240416,17,02159,1
20240416,17,02171,1
20240416,17,02172,1
20240416,17,02178,7
20240416,17,02179,3
20240416,17,02185,2
20240416,17,02186,2
20240416,17,02191,3
20240416,17,02198,1
20240416,17,03310,2
20240416,17,03311,3
20240416,18,02111,2
20240416,18,02112,3
20240416,18,02116,3
20240416,18,02122,3
20240416,18,02128,1
20240416,18,02129,2
20240416,18,02130,2
20240416,18,02139,3
20240416,18,02148,7
20240416,18,02159,4
20240416,18,02171,10
20240416,18,02172,3
20240416,18,02178,3
20240416,18,02179,5
20240416,18,02185,1
20240416,18,02186,5
20240416,18,02198,1
20240416,18,03311,4
20240416,18,03802,1
20240416,19,02111,2
20240416,19,02112,7
20240416,19,02116,8
20240416,19,02122,7
20240416,19,02128,1
20240416,19,02143,1
20240416,19,02148,1
20240416,19,02159,1
20240416,19,02171,3
20240416,19,02172,1
20240416,19,02178,5
20240416,19,02179,1
20240416,19,02185,2
20240416,19,02186,2
20240416,19,02191,2
20240416,19,02198,2
20240416,19,03310,1
20240416,19,03311,2
20240416,19,03802,4
20240416,2,02139,1
20240416,2,02148,1
20240416,20,02111,6
20240416,20,02112,3
20240416,20,02116,4
20240416,20,02122,4
20240416,20,02128,1
20240416,20,02159,2
20240416,20,02171,6
20240416,20,02172,2
20240416,20,02178,2
20240416,20,02179,5
20240416,20,02185,1
20240416,20,02186,4
20240416,20,02191,4
20240416,20,02198,3
20240416,20,03310,1
20240416,20,03311,2
20240416,20,03802,7
20240416,21,02111,4
20240416,21,02112,3
20240416,21,02122,5
20240416,21,02128,2
20240416,21,02148,2
20240416,21,02159,2
20240416,21,02171,5
20240416,21,02178,1
20240416,21,02179,2
20240416,21,02185,1
20240416,21,02186,1
20240416,21,02191,5
20240416,21,02198,2
20240416,21,03310,1
20240416,21,03311,1
20240416,21,03802,4
20240416,22,02111,1
20240416,22,02112,5
20240416,22,02122,2
20240416,22,02148,4
20240416,22,02159,1
20240416,22,02171,5
20240416,22,02172,1
20240416,22,02179,2
20240416,22,02185,1
20240416,22,02186,2
20240416,22,02191,3
20240416,22,02198,3
20240416,22,02199,1
20240416,22,03311,2
20240416,22,03802,2
20240416,23,02111,1
20240416,23,02112,2
20240416,23,02116,4
20240416,23,02122,1
20240416,23,02128,2
20240416,23,02129,1
20240416,23,02139,1
20240416,23,02148,1
20240416,23,02171,1
20240416,23,02172,1
20240416,23,02179,1
20240416,23,02185,2
20240416,23,02186,1
20240416,23,02191,2
20240416,23,02198,4
20240416,23,03310,1
20240416,23,03311,1
20240416,3,02185,1
20240416,3,02198,1
20240416,4,02111,1
20240416,4,02116,1
20240416,4,02143,1
20240416,4,02191,1
20240416,5,02111,1
20240416,5,02112,1
20240416,5,02130,1
20240416,5,02139,1
20240416,5,02148,1
20240416,5,02179,1
20240416,5,02186,1
20240416,5,02198,1
20240416,6,02111,1
20240416,6,03802,1
20240416,7,02172,1
20240416,7,02186,1
20240416,7,03310,2
20240416,7,03802,3
20240416,8,02139,3
20240416,8,02148,1
20240416,8,02171,1
20240416,8,02185,1
20240416,8,03311,1
20240416,8,03802,3
20240416,9,02111,2
20240416,9,02139,1
20240416,9,02159,1
20240416,9,02178,1
20240416,9,02179,1
20240416,9,02185,1
20240416,9,02191,1
20240416,9,02198,1
20240416,9,03310,1
20240417,0,02112,2
20240417,0,02143,1
20240417,0,02148,1
20240417,0,02171,2
20240417,0,02198,2
20240417,0,03310,1
20240417,1,02111,2
20240417,1,02112,2
20240417,1,02122,2
20240417,1,02128,2
20240417,1,02172,1
20240417,1,02179,4
20240417,1,02186,1
20240417,1,02198,3
20240417,1,02199,3
20240417,10,02116,1
20240417,10,02128,3
20240417,10,02130,1
20240417,10,02171,2
20240417,10,02178,1
20240417,10,02179,1
20240417,10,02185,1
20240417,10,02191,3
20240417,10,02198,1
20240417,10,03311,2
20240417,11,02111,3
20240417,11,02112,1
20240417,11,02116,2
20240417,11,02122,1
20240417,11,02128,1
20240417,11,02129,1
20240417,11,02130,2
20240417,11,02139,1
20240417,11,02148,1
20240417,11,02159,1
20240417,11,02171,3
20240417,11,02179,2
20240417,11,02185,3
20240417,11,02191,2
20240417,11,02199,2
20240417,11,03311,1
20240417,11,03802,2
20240417,12,02111,1
20240417,12,02112,1
20240417,12,02128,2
20240417,12,02130,2
20240417,12,02159,1
20240417,12,02178,3
20240417,12,02179,1
20240417,12,02191,3
20240417,12,02198,2
20240417,12,03311,6
20240417,12,03802,3
20240417,13,02111,3
20240417,13,02116,2
20240417,13,02122,1
20240417,13,02130,1
20240417,13,02171,3
20240417,13,02179,6
20240417,13,02191,1
20240417,13,03311,3
20240417,14,02111,1
20240417,14,02112,2
20240417,14,02122,2
20240417,14,02128,1
20240417,14,02129,1
20240417,14,02159,1
20240417,14,02171,1
20240417,14,02178,1
20240417,14,02179,1
20240417,14,02185,1
20240417,14,02191,2
20240417,14,02198,2
20240417,14,03311,1
20240417,15,02111,3
20240417,15,02112,3
20240417,15,02116,1
20240417,15,02122,2
20240417,15,02129,2
20240417,15,02148,2
20240417,15,02159,1
20240417,15,02171,8
20240417,15,02172,3
20240417,15,02178,5
20240417,15,02185,2
20240417,15,02186,2
20240417,15,02191,1
20240417,15,02198,3
20240417,15,03311,1
20240417,16,02111,2
20240417,16,02112,5
20240417,16,02116,1
20240417,16,02122,2
20240417,16,02128,4
20240417,16,02129,4
20240417,16,02130,1
20240417,16,02139,1
20240417,16,02148,2
20240417,16,02171,3
20240417,16,02178,2
20240417,16,02179,2
20240417,16,02185,1
20240417,16,02191,1
20240417,16,02198,3
20240417,16,03310,1
20240417,16,03311,3
20240417,17,02111,2
20240417,17,02112,3
20240417,17,02116,1
20240417,17,02122,2
20240417,17,02129,6
20240417,17,02139,1
20240417,17,02148,2
20240417,17,02159,2
20240417,17,02171,2
20240417,17,02172,2
20240417,17,02178,3
20240417,17,02179,6
20240417,17,02185,4
20240417,17,02186,1
20240417,17,02191,4
20240417,17,02198,1
20240417,17,03802,1
20240417,18,02111,5
20240417,18,02112,6
20240417,18,02116,5
20240417,18,02122,3
20240417,18,02128,1
20240417,18,02130,1
20240417,18,02139,2
20240417,18,02143,2
20240417,18,02148,5
20240417,18,02159,2
20240417,18,02171,9
20240417,18,02172,2
20240417,18,02178,2
20240417,18,02179,6
20240417,18,02185,1
20240417,18,02186,2
20240417,18,02191,3
20240417,18,02198,1
20240417,18,03311,4
20240417,19,02111,1
20240417,19,02112,6
20240417,19,02116,6
20240417,19,02122,1
20240417,19,02128,3
20240417,19,02139,1
20240417,19,02143,1
20240417,19,02148,1
20240417,19,02171,10
20240417,19,02179,5
20240417,19,02185,3
20240417,19,02186,3
20240417,19,02191,1
20240417,19,02198,2
20240417,19,03310,1
20240417,19,03311,2
20240417,19,03802,3
20240417,2,02111,1
20240417,2,02112,2
20240417,2,02179,2
20240417,2,02191,2
20240417,20,02111,2
20240417,20,02112,4
20240417,20,02116,1
20240417,20,02122,3
20240417,20,02139,1
20240417,20,02143,1
20240417,20,02148,2
20240417,20,02159,1
20240417,20,02171,2
20240417,20,02178,3
20240417,20,02179,12
20240417,20,02186,3
20240417,20,02198,2
20240417,20,03311,2
20240417,20,03802,1
20240417,21,02111,2
20240417,21,02112,6
20240417,21,02122,3
20240417,21,02128,1
20240417,21,02129,2
20240417,21,02139,1
20240417,21,02143,1
20240417,21,02148,3
20240417,21,02159,2
20240417,21,02171,5
20240417,21,02172,1
20240417,21,02178,4
20240417,21,02179,3
20240417,21,02185,1
20240417,21,02186,2
20240417,21,02191,2
20240417,21,02198,2
20240417,21,03311,2
20240417,21,03802,3
20240417,22,02111,2
20240417,22,02112,1
20240417,22,02116,1
20240417,22,02122,1
20240417,22,02128,2
20240417,22,02130,2
20240417,22,02139,1
20240417,22,02148,2
20240417,22,02159,1
20240417,22,02171,3
20240417,22,02178,1
20240417,22,02186,1
20240417,22,02191,3
20240417,22,02198,1
20240417,22,03311,3
20240417,23,02111,2
20240417,23,02112,2
20240417,23,02129,1
20240417,23,02171,1
20240417,23,02179,2
20240417,23,02186,2
20240417,23,02191,1
20240417,23,03311,1
20240417,3,02129,1
20240417,3,02171,1
20240417,4,02116,1
20240417,4,02185,1
20240417,4,02191,2
20240417,5,02111,1
20240417,5,02139,1
20240417,5,02148,1
20240417,5,02179,1
20240417,5,02186,1
20240417,5,02191,1
20240417,6,02116,1
20240417,6,02148,1
20240417,6,02191,1
20240417,6,03802,1
20240417,7,02112,2
20240417,7,02128,1
20240417,7,02139,2
20240417,7,02148,2
20240417,7,02171,1
20240417,7,02179,2
20240417,7,02185,2
20240417,7,02186,1
20240417,7,02191,1
20240417,7,02199,1
20240417,7,03310,1
20240417,7,03311,1
20240417,7,03802,1
20240417,8,02112,1
20240417,8,02122,1
20240417,8,02128,2
20240417,8,02139,6
20240417,8,02143,4
20240417,8,02148,2
20240417,8,02171,4
20240417,8,02178,1
20240417,8,02179,2
20240417,8,02185,2
20240417,8,02186,2
20240417,8,02191,8
20240417,8,03310,2
20240417,8,03311,2
20240417,8,03802,1
20240417,9,02112,1
20240417,9,02122,2
20240417,9,02128,1
20240417,9,02129,1
20240417,9,02139,2
20240417,9,02143,1
20240417,9,02148,2
20240417,9,02171,1
20240417,9,02172,1
20240417,9,02179,3
20240417,9,02185,3
20240417,9,02186,1
20240417,9,02191,2
20240417,9,03311,7
20240417,9,03802,2
20240418,0,02111,2
20240418,0,02116,1
20240418,0,02122,2
20240418,0,02139,1
20240418,0,02171,1
20240418,0,02172,2
20240418,0,02178,2
20240418,0,02179,1
20240418,0,02186,2
20240418,0,02191,1
20240418,0,02198,1
20240418,0,03311,1
20240418,1,02111,2
20240418,1,02112,3
20240418,1,02148,3
20240418,1,02171,2
20240418,1,02178,2
20240418,1,02179,3
20240418,1,02185,1
20240418,1,02198,3
20240418,1,03311,1
20240418,10,02111,2
20240418,10,02112,1
20240418,10,02116,1
20240418,10,02128,2
20240418,10,02148,2
20240418,10,02159,3
20240418,10,02171,2
20240418,10,02172,1
20240418,10,02185,2
20240418,10,02186,1
20240418,10,02191,7
20240418,10,02199,1
20240418,10,03802,5
20240418,11,02111,3
20240418,11,02116,1
20240418,11,02122,2
20240418,11,02128,2
20240418,11,02129,1
20240418,11,02143,1
20240418,11,02148,4
20240418,11,02171,3
20240418,11,02178,1
20240418,11,02179,2
20240418,11,02185,4
20240418,11,02191,2
20240418,11,02198,1
20240418,11,02199,1
20240418,12,02111,1
20240418,12,02112,2
20240418,12,02116,1
20240418,12,02122,2
20240418,12,02129,2
20240418,12,02143,3
20240418,12,02148,1
20240418,12,02159,1
20240418,12,02171,3
20240418,12,02172,3
20240418,12,02178,1
20240418,12,02186,2
20240418,12,02191,1
20240418,12,02198,3
20240418,12,03311,2
20240418,12,03802,3
20240418,13,02111,3
20240418,13,02116,1
20240418,13,02122,1
20240418,13,02139,1
20240418,13,02143,1
20240418,13,02148,1
20240418,13,02171,2
20240418,13,02172,2
20240418,13,02178,1
20240418,13,02179,1
20240418,13,02185,1
20240418,13,02191,1
20240418,13,03311,3
20240418,13,03802,2
20240418,14,02116,2
20240418,14,02128,1
20240418,14,02129,3
20240418,14,02139,1
20240418,14,02159,1
20240418,14,02171,2
20240418,14,02172,2
20240418,14,02178,3
20240418,14,02179,1
20240418,14,02186,1
20240418,14,02191,3
20240418,14,02199,3
20240418,14,03311,2
20240418,15,02111,4
20240418,15,02112,1
20240418,15,02116,2
20240418,15,02122,3
20240418,15,02128,1
20240418,15,02129,1
20240418,15,02143,1
20240418,15,02148,1
20240418,15,02171,7
20240418,15,02172,1
20240418,15,02178,4
20240418,15,02179,2
20240418,15,02185,1
20240418,15,02186,1
20240418,15,02191,2
20240418,15,02198,3
20240418,15,03311,3
20240418,15,03802,2
20240418,16,02111,1
20240418,16,02116,1
20240418,16,02122,3
20240418,16,02128,3
20240418,16,02129,4
20240418,16,02148,2
20240418,16,02159,1
20240418,16,02171,1
20240418,16,02172,3
20240418,16,02178,3
20240418,16,02179,1
20240418,16,02185,1
20240418,16,02191,1
20240418,16,02198,1
20240418,16,03311,4
20240418,17,02112,4
20240418,17,02116,3
20240418,17,02122,2
20240418,17,02128,3
20240418,17,02129,9
20240418,17,02139,2
20240418,17,02148,2
20240418,17,02159,1
20240418,17,02171,4
20240418,17,02172,2
20240418,17,02178,6
20240418,17,02179,1
20240418,17,02186,1
20240418,17,02191,1
20240418,17,02198,2
20240418,17,03311,6
20240418,17,03802,1
20240418,18,02111,2
20240418,18,02112,4
20240418,18,02116,4
20240418,18,02122,1
20240418,18,02129,1
20240418,18,02130,1
20240418,18,02139,2
20240418,18,02148,2
20240418,18,02159,1
20240418,18,02171,8
20240418,18,02172,7
20240418,18,02178,3
20240418,18,02179,7
20240418,18,02185,3
20240418,18,02186,6
20240418,18,02191,2
20240418,18,02198,2
20240418,18,03311,8
20240418,18,03802,2
20240418,19,02111,5
20240418,19,02112,9
20240418,19,02116,2
20240418,19,02128,3
20240418,19,02148,1
20240418,19,02171,3
20240418,19,02172,1
20240418,19,02178,2
20240418,19,02179,7
20240418,19,02185,1
20240418,19,02186,6
20240418,19,02191,3
20240418,19,02199,1
20240418,19,03311,5
20240418,19,03802,4
20240418,2,02112,2
20240418,2,02122,1
20240418,2,02159,1
20240418,2,02178,1
20240418,2,02179,2
20240418,2,02185,1
20240418,20,02111,6
20240418,20,02112,1
20240418,20,02116,3
20240418,20,02122,2
20240418,20,02130,2
20240418,20,02139,1
20240418,20,02159,3
20240418,20,02171,7
20240418,20,02178,3
20240418,20,02179,1
20240418,20,02186,3
20240418,20,02191,2
20240418,20,02199,1
20240418,20,03310,1
20240418,20,03311,2
20240418,20,03802,5
20240418,21,02111,6
20240418,21,02112,3
20240418,21,02116,3
20240418,21,02128,2
20240418,21,02130,4
20240418,21,02139,1
20240418,21,02148,1
20240418,21,02159,2
20240418,21,02171,3
20240418,21,02172,1
20240418,21,02178,4
20240418,21,02179,3
20240418,21,02186,6
20240418,21,02191,4
20240418,21,03311,1
20240418,22,02111,3
20240418,22,02112,5
20240418,22,02122,3
20240418,22,02130,2
20240418,22,02139,2
20240418,22,02148,3
20240418,22,02171,4
20240418,22,02178,1
20240418,22,02179,5
20240418,22,02186,1
20240418,22,02191,1
20240418,22,02198,4
20240418,22,03311,4
20240418,22,03802,3
20240418,23,02111,1
20240418,23,02112,2
20240418,23,02122,1
20240418,23,02128,3
20240418,23,02139,2
20240418,23,02143,1
20240418,23,02171,2
20240418,23,02179,6
20240418,23,02185,3
20240418,23,02191,3
20240418,23,03311,1
20240418,3,02112,2
20240418,3,02148,1
20240418,3,02171,1
20240418,3,02178,1
20240418,3,02185,1
20240418,3,03311,1
20240418,4,02111,1
20240418,4,02122,2
20240418,4,02139,1
20240418,4,02148,1
20240418,4,02179,2
20240418,4,02185,1
20240418,4,02191,1
20240418,5,02122,2
20240418,5,02139,1
20240418,5,02148,2
20240418,5,02159,1
20240418,5,02171,1
20240418,5,02186,1
20240418,6,02122,2
20240418,6,02139,1
20240418,6,02148,2
20240418,6,02191,1
20240418,6,02198,2
20240418,6,03802,1
20240418,7,02111,1
20240418,7,02112,1
20240418,7,02116,1
20240418,7,02122,2
20240418,7,02128,1
20240418,7,02139,2
20240418,7,02143,1
20240418,7,02148,2
20240418,7,02171,1
20240418,7,02179,3
20240418,7,02185,1
20240418,7,02186,2
20240418,7,02191,1
20240418,7,02198,1
20240418,7,03311,3
20240418,7,03802,8
20240418,8,02111,1
20240418,8,02112,2
20240418,8,02122,2
20240418,8,02128,1
20240418,8,02139,6
20240418,8,02143,1
20240418,8,02148,4
20240418,8,02159,2
20240418,8,02171,3
20240418,8,02178,1
20240418,8,02179,1
20240418,8,02185,2
20240418,8,02186,2
20240418,8,02191,10
20240418,8,02198,1
20240418,8,03311,1
20240418,8,03802,7
20240418,9,02111,2
20240418,9,02112,2
20240418,9,02128,2
20240418,9,02129,1
20240418,9,02139,4
20240418,9,02143,1
20240418,9,02148,3
20240418,9,02159,2
20240418,9,02171,3
20240418,9,02178,2
20240418,9,02179,5
20240418,9,02185,1
20240418,9,02186,3
20240418,9,02191,7
20240418,9,02198,1
20240418,9,03311,3
20240418,9,03802,1
20240419,0,02111,2
20240419,0,02112,3
20240419,0,02116,1
20240419,0,02122,1
20240419,0,02128,1
20240419,0,02171,3
20240419,0,02178,3
20240419,0,02179,2
20240419,0,02185,1
20240419,0,02186,1
20240419,0,02191,1
20240419,0,03311,1
20240419,1,02111,1
20240419,1,02112,1
20240419,1,02116,4
20240419,1,02148,2
20240419,1,02159,1
20240419,1,02171,1
20240419,1,02185,1
20240419,1,02186,1
20240419,10,02111,2
20240419,10,02112,2
20240419,10,02116,1
20240419,10,02129,1
20240419,10,02139,1
20240419,10,02159,1
20240419,10,02171,1
20240419,10,02172,1
20240419,10,02179,1
20240419,10,02186,2
20240419,10,02191,1
20240419,10,02198,1
20240419,10,02199,1
20240419,10,03311,2
20240419,10,03802,1
20240419,11,02111,6
20240419,11,02112,1
20240419,11,02129,3
20240419,11,02130,1
20240419,11,02139,2
20240419,11,02148,3
20240419,11,02171,3
20240419,11,02178,3
20240419,11,02179,1
20240419,11,02185,1
20240419,11,02186,1
20240419,11,03310,1
20240419,11,03311,1
20240419,11,03802,2
20240419,12,02111,2
20240419,12,02112,1
20240419,12,02116,1
20240419,12,02128,2
20240419,12,02130,2
20240419,12,02139,1
20240419,12,02143,1
20240419,12,02148,1
20240419,12,02159,1
20240419,12,02171,2
20240419,12,02172,2
20240419,12,02178,3
20240419,12,02179,2
20240419,12,02185,1
20240419,12,02198,1
20240419,12,03310,1
20240419,12,03311,5
20240419,12,03802,2
20240419,13,02112,4
20240419,13,02116,3
20240419,13,02122,3
20240419,13,02128,1
20240419,13,02129,1
20240419,13,02139,1
20240419,13,02143,2
20240419,13,02148,2
20240419,13,02171,2
20240419,13,02172,1
20240419,13,02178,2
20240419,13,02179,2
20240419,13,02191,1
20240419,13,02198,2
20240419,13,02199,1
20240419,13,03802,1
20240419,14,02111,1
20240419,14,02112,1
20240419,14,02116,1
20240419,14,02128,1
20240419,14,02129,2
20240419,14,02139,1
20240419,14,02148,1
20240419,14,02171,5
20240419,14,02178,1
20240419,14,02179,3
20240419,14,02185,1
20240419,14,02186,2
20240419,14,02191,1
20240419,14,02198,2
20240419,14,03311,3
20240419,14,03802,1
20240419,15,02111,4
20240419,15,02112,1
20240419,15,02116,3
20240419,15,02122,6
20240419,15,02129,1
20240419,15,02139,3
20240419,15,02143,1
20240419,15,02159,1
20240419,15,02171,6
20240419,15,02172,1
20240419,15,02178,2
20240419,15,02179,6
20240419,15,02191,2
20240419,15,02198,1
20240419,15,03310,2
20240419,15,03802,1
20240419,16,02111,2
20240419,16,02112,2
20240419,16,02116,1
20240419,16,02122,1
20240419,16,02128,3
20240419,16,02130,1
20240419,16,02139,1
20240419,16,02143,1
20240419,16,02148,1
20240419,16,02159,1
20240419,16,02171,3
20240419,16,02172,2
20240419,16,02178,3
20240419,16,02179,2
20240419,16,02185,5
20240419,16,02186,1
20240419,16,02191,2
20240419,16,03310,1
20240419,16,03311,4
20240419,16,03802,1
20240419,17,02111,1
20240419,17,02112,5
20240419,17,02116,2
20240419,17,02122,2
20240419,17,02128,1
20240419,17,02129,1
20240419,17,02139,2
20240419,17,02148,3
20240419,17,02159,3
20240419,17,02171,6
20240419,17,02172,3
20240419,17,02179,1
20240419,17,02185,3
20240419,17,02186,3
20240419,17,02191,5
20240419,17,02198,2
20240419,17,03310,3
20240419,17,03311,4
20240419,18,02111,5
20240419,18,02112,2
20240419,18,02116,1
20240419,18,02122,3
20240419,18,02129,2
20240419,18,02139,1
20240419,18,02143,1
20240419,18,02148,2
20240419,18,02171,8
20240419,18,02172,5
20240419,18,02178,3
20240419,18,02179,8
20240419,18,02185,1
20240419,18,02186,2
20240419,18,02191,2
20240419,18,02198,1
20240419,18,03310,1
20240419,18,03311,5
20240419,19,02111,3
20240419,19,02112,3
20240419,19,02116,2
20240419,19,02122,2
20240419,19,02130,2
20240419,19,02148,6
20240419,19,02159,1
20240419,19,02171,3
20240419,19,02172,1
20240419,19,02179,3
20240419,19,02185,1
20240419,19,02186,2
20240419,19,02191,1
20240419,19,02198,1
20240419,19,03310,1
20240419,19,03311,2
20240419,19,03802,4
20240419,2,02111,3
20240419,2,02122,1
20240419,2,02130,1
20240419,2,02148,1
20240419,2,02171,1
20240419,2,02172,1
20240419,2,02178,1
20240419,2,02179,3
20240419,2,02185,1
20240419,2,02191,1
20240419,2,03311,2
20240419,20,02111,3
20240419,20,02112,1
20240419,20,02116,2
20240419,20,02122,1
20240419,20,02128,1
20240419,20,02129,2
20240419,20,02130,2
20240419,20,02143,1
20240419,20,02148,6
20240419,20,02159,1
20240419,20,02171,7
20240419,20,02178,1
20240419,20,02179,5
20240419,20,02186,2
20240419,20,02191,3
20240419,20,02198,2
20240419,20,03311,3
20240419,20,03802,3
20240419,21,02111,4
20240419,21,02112,3
20240419,21,02116,3
20240419,21,02122,3
20240419,21,02128,1
20240419,21,02129,2
20240419,21,02143,2
20240419,21,02148,1
20240419,21,02159,1
20240419,21,02171,2
20240419,21,02172,2
20240419,21,02178,1
20240419,21,02179,3
20240419,21,02185,3
20240419,21,02186,2
20240419,21,02191,2
20240419,21,02198,2
20240419,21,02199,1
20240419,21,03310,2
20240419,21,03311,1
20240419,21,03802,1
20240419,22,02111,8
20240419,22,02112,5
20240419,22,02116,2
20240419,22,02139,2
20240419,22,02148,3
20240419,22,02159,1
20240419,22,02172,2
20240419,22,02178,5
20240419,22,02179,8
20240419,22,02185,3
20240419,22,02191,6
20240419,22,02198,3
20240419,22,02199,1
20240419,22,03310,2
20240419,22,03311,2
20240419,22,03802,1
20240419,23,02111,4
20240419,23,02116,3
20240419,23,02122,1
20240419,23,02139,2
20240419,23,02148,6
20240419,23,02171,3
20240419,23,02172,1
20240419,23,02179,2
20240419,23,02191,1
20240419,23,02198,3
20240419,23,03310,1
20240419,23,03311,2
20240419,3,02112,2
20240419,3,02116,1
20240419,3,02122,1
20240419,3,02129,1
20240419,3,02130,1
20240419,3,02171,2
20240419,3,02179,1
20240419,3,02198,1
20240419,3,03311,1
20240419,4,02111,1
20240419,4,02112,1
20240419,4,02116,2
20240419,4,02179,2
20240419,5,02116,1
20240419,5,02122,2
20240419,5,02139,1
20240419,5,02179,1
20240419,5,02186,2
20240419,5,02191,1
20240419,6,02116,1
20240419,6,02122,1
20240419,6,02148,1
20240419,6,02179,1
20240419,6,02186,1
20240419,6,02191,1
20240419,6,02198,1
20240419,6,03802,3
20240419,7,02112,1
20240419,7,02139,2
20240419,7,02148,5
20240419,7,02159,2
20240419,7,02171,1
20240419,7,02179,1
20240419,7,02186,3
20240419,7,02191,1
20240419,7,03310,1
20240419,7,03311,1
20240419,7,03802,5
20240419,8,02111,1
20240419,8,02122,1
20240419,8,02128,4
20240419,8,02139,7
20240419,8,02143,2
20240419,8,02148,6
20240419,8,02171,2
20240419,8,02172,1
20240419,8,02178,1
20240419,8,02179,5
20240419,8,02185,1
20240419,8,02186,1
20240419,8,02191,5
20240419,8,02198,2
20240419,8,02199,1
20240419,8,03310,2
20240419,8,03311,1
20240419,8,03802,2
20240419,9,02111,1
20240419,9,02116,1
20240419,9,02122,1
20240419,9,02128,1
20240419,9,02129,1
20240419,9,02139,4
20240419,9,02143,2
20240419,9,02148,1
20240419,9,02159,1
20240419,9,02171,5
20240419,9,02172,1
20240419,9,02179,2
20240419,9,02185,3
20240419,9,02186,3
20240419,9,02191,5
20240419,9,02198,3
20240419,9,03310,2
20240419,9,03311,3
20240419,9,03802,2
20240420,0,02111,3
20240420,0,02112,1
20240420,0,02116,1
20240420,0,02128,1
20240420,0,02129,3
20240420,0,02139,2
20240420,0,02143,2
20240420,0,02148,1
20240420,0,02159,1
20240420,0,02171,2
20240420,0,02178,4
20240420,0,02179,2
20240420,0,02185,1
20240420,0,02191,5
20240420,0,03310,3
20240420,0,03311,2
20240420,1,02111,5
20240420,1,02112,2
20240420,1,02122,2
20240420,1,02128,3
20240420,1,02148,3
20240420,1,02171,2
20240420,1,02178,1
20240420,1,02179,1
20240420,1,02186,2
20240420,1,02198,2
20240420,1,03311,1
20240420,10,02112,1
20240420,10,02198,1
20240420,11,02111,1
20240420,11,02128,1
20240420,11,02129,2
20240420,11,02139,1
20240420,11,02171,2
20240420,11,02179,2
20240420,11,02191,1
20240420,11,02198,1
20240420,11,03310,1
20240420,11,03802,1
20240420,12,02112,1
20240420,12,02128,2
20240420,12,02139,1
20240420,12,02178,1
20240420,12,02179,1
20240420,12,02191,1
20240420,13,02112,1
20240420,13,02122,1
20240420,13,02139,2
20240420,13,02148,1
20240420,13,02159,1
20240420,13,02171,2
20240420,13,02172,1
20240420,13,02179,3
20240420,13,02185,4
20240420,13,02191,1
20240420,13,02198,2
20240420,13,03310,1
20240420,14,02122,1
20240420,14,02128,1
20240420,14,02139,1
20240420,14,02143,1
20240420,14,02172,1
20240420,14,03310,2
20240420,16,02178,1
20240420,17,02178,1
20240420,18,02171,1
20240420,19,02128,1
20240420,2,02111,3
20240420,2,02122,1
20240420,2,02128,1
20240420,2,02139,1
20240420,2,02143,1
20240420,2,02148,1
20240420,2,02159,1
20240420,2,02171,4
20240420,2,02172,1
20240420,2,02178,1
20240420,2,02179,1
20240420,2,02185,1
20240420,2,02186,2
20240420,20,02171,1
20240420,20,03311,2
20240420,21,02116,1
20240420,21,02172,1
20240420,21,02191,1
20240420,22,02128,1
20240420,22,02178,1
20240420,22,02198,1
20240420,22,03311,1
20240420,23,02139,2
20240420,23,02171,2
20240420,23,02185,1
20240420,23,02191,2
20240420,3,02111,1
20240420,3,02139,1
20240420,3,02171,2
20240420,3,02178,1
20240420,3,02198,2
20240420,4,02111,1
20240420,4,02112,1
20240420,4,02171,2
20240420,4,02179,1
20240420,4,02186,1
20240420,5,02139,1
20240420,5,02148,1
20240420,5,02178,1
20240420,5,03311,1
20240420,6,02111,1
20240420,6,02122,1
20240420,6,02143,1
20240420,6,02186,1
20240420,6,02191,1
20240420,7,02112,1
20240420,7,02129,1
20240420,7,02143,1
20240420,7,02148,1
20240420,7,02159,1
20240420,7,02172,1
20240420,7,02179,1
20240420,7,02185,2
20240420,7,02186,2
20240420,7,03310,3
20240420,7,03802,1
20240420,8,02112,2
20240420,8,02139,3
20240420,8,02143,1
20240420,8,02148,2
20240420,8,02159,1
20240420,8,02171,1
20240420,8,02185,1
20240420,8,02191,2
20240420,8,03310,1
20240420,8,03802,1
20240420,9,02122,1
20240420,9,02130,1
20240420,9,02139,1
20240420,9,02179,2
20240420,9,02186,1
20240420,9,02191,1
20240420,9,03311,1
20240421,0,02111,2
20240421,0,02112,1
20240421,0,02116,1
20240421,0,02128,1
20240421,0,02139,1
20240421,0,02143,1
20240421,0,02148,1
20240421,0,02171,3
20240421,0,02172,1
20240421,0,02178,1
20240421,0,02179,2
20240421,0,02185,1
20240421,1,02111,2
20240421,1,02112,2
20240421,1,02122,1
20240421,1,02148,2
20240421,1,03311,1
20240421,10,02111,3
20240421,10,02112,1
20240421,10,02116,2
20240421,10,02122,1
20240421,10,02128,1
20240421,10,02139,2
20240421,10,02148,2
20240421,10,02159,4
20240421,10,02171,1
20240421,10,02179,2
20240421,10,02185,3
20240421,10,02186,2
20240421,10,02191,1
20240421,10,03311,1
20240421,10,03802,1
20240421,11,02111,2
20240421,11,02112,4
20240421,11,02128,3
20240421,11,02143,2
20240421,11,02171,3
20240421,11,02179,3
20240421,11,02185,1
20240421,11,02186,4
20240421,11,02191,5
20240421,11,03310,3
20240421,11,03802,1
20240421,12,02111,1
20240421,12,02112,4
20240421,12,02116,1
20240421,12,02122,4
20240421,12,02128,1
20240421,12,02129,1
20240421,12,02130,2
20240421,12,02139,1
20240421,12,02143,1
20240421,12,02148,3
20240421,12,02159,1
20240421,12,02171,5
20240421,12,02178,1
20240421,12,02186,2
20240421,12,02191,1
20240421,12,02198,4
20240421,12,03310,3
20240421,12,03802,1
20240421,13,02111,1
20240421,13,02112,2
20240421,13,02116,2
20240421,13,02122,6
20240421,13,02129,2
20240421,13,02139,3
20240421,13,02148,5
20240421,13,02171,4
20240421,13,02172,1
20240421,13,02178,1
20240421,13,02179,1
20240421,13,02185,3
20240421,13,02186,2
20240421,13,02191,6
20240421,13,02199,1
20240421,13,03311,2
20240421,13,03802,3
20240421,14,02111,4
20240421,14,02122,6
20240421,14,02128,1
20240421,14,02129,4
20240421,14,02130,1
20240421,14,02139,1
20240421,14,02143,1
20240421,14,02148,4
20240421,14,02159,2
20240421,14,02171,4
20240421,14,02172,2
20240421,14,02178,1
20240421,14,02179,7
20240421,14,02185,2
20240421,14,02186,1
20240421,14,02191,2
20240421,14,02198,1
20240421,14,02199,2
20240421,14,03311,4
20240421,15,02111,4
20240421,15,02112,2
20240421,15,02116,1
20240421,15,02122,1
20240421,15,02129,2
20240421,15,02130,1
20240421,15,02139,1
20240421,15,02143,1
20240421,15,02148,6
20240421,15,02159,3
20240421,15,02172,5
20240421,15,02178,4
20240421,15,02179,9
20240421,15,02185,1
20240421,15,02186,3
20240421,15,02191,3
20240421,15,02199,1
20240421,15,03310,1
20240421,15,03311,4
20240421,15,03802,2
20240421,16,02111,6
20240421,16,02112,6
20240421,16,02122,2
20240421,16,02128,3
20240421,16,02129,1
20240421,16,02130,1
20240421,16,02143,1
20240421,16,02148,2
20240421,16,02159,2
20240421,16,02171,6
20240421,16,02172,1
20240421,16,02178,6
20240421,16,02179,8
20240421,16,02185,1
20240421,16,02186,1
20240421,16,02191,1
20240421,16,02198,3
20240421,16,03311,2
20240421,16,03802,4
20240421,17,02112,2
20240421,17,02116,3
20240421,17,02122,6
20240421,17,02128,7
20240421,17,02143,4
20240421,17,02148,3
20240421,17,02171,4
20240421,17,02172,2
20240421,17,02178,5
20240421,17,02179,10
20240421,17,02185,1
20240421,17,02186,2
20240421,17,02191,2
20240421,17,02198,5
20240421,17,03310,2
20240421,17,03311,3
20240421,17,03802,1
20240421,18,02111,2
20240421,18,02112,2
20240421,18,02116,1
20240421,18,02122,1
20240421,18,02128,6
20240421,18,02129,2
20240421,18,02148,4
20240421,18,02159,3
20240421,18,02172,6
20240421,18,02178,2
20240421,18,02179,7
20240421,18,02185,2
20240421,18,02186,2
20240421,18,02191,1
20240421,18,02198,1
20240421,18,03310,1
20240421,18,03311,2
20240421,18,03802,2
20240421,19,02111,2
20240421,19,02112,4
20240421,19,02116,5
20240421,19,02128,1
20240421,19,02129,1
20240421,19,02143,1
20240421,19,02148,2
20240421,19,02171,4
20240421,19,02172,2
20240421,19,02178,2
20240421,19,02179,5
20240421,19,02186,2
20240421,19,02198,3
20240421,19,02199,1
20240421,19,03310,2
20240421,19,03311,4
20240421,2,02111,2
20240421,2,02122,1
20240421,2,02128,1
20240421,2,02139,1
20240421,2,02179,1
20240421,20,02111,2
20240421,20,02116,10
20240421,20,02122,2
20240421,20,02128,3
20240421,20,02129,2
20240421,20,02139,1
20240421,20,02148,2
20240421,20,02159,3
20240421,20,02171,2
20240421,20,02172,4
20240421,20,02179,2
20240421,20,02185,1
20240421,20,02186,2
20240421,20,02191,1
20240421,20,02198,3
20240421,20,03310,1
20240421,20,03311,3
20240421,21,02111,1
20240421,21,02129,1
20240421,21,02143,2
20240421,21,02148,2
20240421,21,02171,4
20240421,21,02178,2
20240421,21,02179,3
20240421,21,02185,1
20240421,21,02198,2
20240421,22,02111,5
20240421,22,02112,5
20240421,22,02122,1
20240421,22,02139,2
20240421,22,02159,1
20240421,22,02171,2
20240421,22,02172,2
20240421,22,02178,3
20240421,22,02179,2
20240421,22,02185,1
20240421,22,02191,1
20240421,22,03310,2
20240421,22,03311,1
20240421,23,02111,2
20240421,23,02112,3
20240421,23,02116,2
20240421,23,02122,3
20240421,23,02129,1
20240421,23,02139,1
20240421,23,02148,1
20240421,23,02171,4
20240421,23,02198,3
20240421,23,03310,1
20240421,3,02112,1
20240421,3,02171,1
20240421,3,02198,1
20240421,3,03311,1
20240421,4,02111,2
20240421,4,02122,1
20240421,4,02179,1
20240421,4,02191,1
20240421,4,02198,1
20240421,5,02116,1
20240421,5,02139,1
20240421,5,02186,1
20240421,6,02112,1
20240421,6,02143,1
20240421,6,02148,1
20240421,6,02179,1
20240421,6,02185,1
20240421,6,03311,1
20240421,7,02122,1
20240421,7,02178,1
20240421,7,02185,2
20240421,7,02191,2
20240421,8,02112,1
20240421,8,02116,1
20240421,8,02128,1
20240421,8,02139,1
20240421,8,02159,1
20240421,8,02172,1
20240421,8,02179,1
20240421,8,02185,1
20240421,8,03310,1
20240421,9,02112,1
20240421,9,02129,1
20240421,9,02130,1
20240421,9,02139,2
20240421,9,02143,2
20240421,9,02148,2
20240421,9,02159,2
20240421,9,02171,1
20240421,9,02172,1
20240421,9,02179,2
20240421,9,02185,5
20240421,9,02191,1
20240421,9,02198,2
20240422,0,02111,8
20240422,0,02112,4
20240422,0,02116,3
20240422,0,02128,1
20240422,0,02139,1
20240422,0,02148,2
20240422,0,02171,1
20240422,0,02179,3
20240422,0,02186,1
20240422,0,03310,2
20240422,0,03311,1
20240422,1,02111,2
20240422,1,02112,2
20240422,1,02116,1
20240422,1,02128,1
20240422,1,02143,1
20240422,1,02148,1
20240422,1,02171,2
20240422,1,02172,1
20240422,1,02179,1
20240422,1,02191,1
20240422,1,02199,1
20240422,1,03311,2
20240422,10,02111,1
20240422,10,02112,2
20240422,10,02116,1
20240422,10,02128,1
20240422,10,02139,1
20240422,10,02172,1
20240422,10,02179,1
20240422,10,02185,3
20240422,10,02191,2
20240422,10,02198,1
20240422,10,03311,3
20240422,11,02111,3
20240422,11,02112,2
20240422,11,02116,1
20240422,11,02122,1
20240422,11,02128,3
20240422,11,02143,1
20240422,11,02148,1
20240422,11,02159,1
20240422,11,02171,2
20240422,11,02172,1
20240422,11,02178,1
20240422,11,02179,2
20240422,11,02191,2
20240422,11,02198,1
20240422,11,02199,1
20240422,11,03311,2
20240422,11,03802,2
20240422,12,02122,1
20240422,12,02128,1
20240422,12,02129,1
20240422,12,02130,1
20240422,12,02148,4
20240422,12,02171,4
20240422,12,02172,1
20240422,12,02178,1
20240422,12,02179,1
20240422,12,02185,2
20240422,12,02186,1
20240422,12,02191,3
20240422,12,02198,1
20240422,12,03311,2
20240422,12,03802,1
20240422,13,02111,2
20240422,13,02112,2
20240422,13,02116,3
20240422,13,02122,1
20240422,13,02128,1
20240422,13,02129,1
20240422,13,02143,2
20240422,13,02171,2
20240422,13,02179,3
20240422,13,02191,7
20240422,13,02198,3
20240422,13,03311,3
20240422,14,02111,2
20240422,14,02112,1
20240422,14,02116,2
20240422,14,02122,2
20240422,14,02128,1
20240422,14,02129,1
20240422,14,02130,1
20240422,14,02139,1
20240422,14,02148,4
20240422,14,02171,5
20240422,14,02172,2
20240422,14,02178,3
20240422,14,02179,2
20240422,14,02185,1
20240422,14,02191,1
20240422,14,02199,1
20240422,14,03311,2
20240422,15,02111,3
20240422,15,02116,1
20240422,15,02122,2
20240422,15,02128,2
20240422,15,02129,1
20240422,15,02139,1
20240422,15,02143,1
20240422,15,02148,4
20240422,15,02171,5
20240422,15,02172,1
20240422,15,02178,5
20240422,15,02179,1
20240422,15,02185,1
20240422,15,02186,1
20240422,15,02191,1
20240422,15,02198,3
20240422,15,03310,1
20240422,15,03311,3
20240422,16,02111,1
20240422,16,02116,2
20240422,16,02122,1
20240422,16,02128,1
20240422,16,02129,1
20240422,16,02148,2
20240422,16,02171,4
20240422,16,02172,1
20240422,16,02178,2
20240422,16,02179,3
20240422,16,02185,5
20240422,16,02186,2
20240422,16,02191,4
20240422,16,03310,5
20240422,16,03311,2
20240422,17,02111,5
20240422,17,02112,3
20240422,17,02122,2
20240422,17,02128,1
20240422,17,02129,5
20240422,17,02143,2
20240422,17,02148,5
20240422,17,02171,5
20240422,17,02172,3
20240422,17,02178,1
20240422,17,02179,1
20240422,17,02185,1
20240422,17,02186,1
20240422,17,02191,6
20240422,17,02198,3
20240422,17,03311,4
20240422,17,03802,1
20240422,18,02111,5
20240422,18,02112,9
20240422,18,02116,2
20240422,18,02122,3
20240422,18,02128,1
20240422,18,02129,8
20240422,18,02130,2
20240422,18,02139,3
20240422,18,02148,8
20240422,18,02159,1
20240422,18,02171,7
20240422,18,02172,5
20240422,18,02178,7
20240422,18,02179,7
20240422,18,02185,4
20240422,18,02186,6
20240422,18,02198,4
20240422,18,03310,1
20240422,18,03311,6
20240422,18,03802,1
20240422,19,02111,5
20240422,19,02112,2
20240422,19,02116,3
20240422,19,02122,4
20240422,19,02129,3
20240422,19,02130,2
20240422,19,02139,1
20240422,19,02143,1
20240422,19,02148,5
20240422,19,02159,3
20240422,19,02171,3
20240422,19,02178,2
20240422,19,02179,4
20240422,19,02185,1
20240422,19,02186,3
20240422,19,02191,3
20240422,19,02198,1
20240422,19,02199,1
20240422,19,03310,2
20240422,19,03311,1
20240422,19,03802,6
20240422,2,02179,1
20240422,2,02191,2
20240422,2,02198,1
20240422,2,03311,1
20240422,20,02111,6
20240422,20,02112,3
20240422,20,02116,3
20240422,20,02122,6
20240422,20,02139,1
20240422,20,02159,1
20240422,20,02171,9
20240422,20,02172,1
20240422,20,02178,1
20240422,20,02179,6
20240422,20,02185,5
20240422,20,02186,1
20240422,20,02191,1
20240422,20,02198,1
20240422,20,03311,2
20240422,20,03802,1
20240422,21,02111,9
20240422,21,02112,7
20240422,21,02116,6
20240422,21,02122,2
20240422,21,02128,4
20240422,21,02129,1
20240422,21,02139,1
20240422,21,02143,2
20240422,21,02148,3
20240422,21,02159,2
20240422,21,02171,6
20240422,21,02172,1
20240422,21,02178,3
20240422,21,02179,9
20240422,21,02186,3
20240422,21,02191,3
20240422,21,02198,2
20240422,21,03310,1
20240422,21,03311,1
20240422,21,03802,1
20240422,22,02111,2
20240422,22,02112,1
20240422,22,02116,6
20240422,22,02122,2
20240422,22,02128,1
20240422,22,02171,5
20240422,22,02172,1
20240422,22,02178,4
20240422,22,02179,5
20240422,22,02185,2
20240422,22,02186,1
20240422,22,02191,1
20240422,22,02198,2
20240422,22,03310,2
20240422,22,03311,4
20240422,22,03802,1
20240422,23,02111,3
20240422,23,02112,2
20240422,23,02122,1
20240422,23,02128,1
20240422,23,02143,2
20240422,23,02171,4
20240422,23,02178,2
20240422,23,02179,2
20240422,23,02186,2
20240422,23,02191,1
20240422,23,03311,1
20240422,3,02178,1
20240422,3,02179,1
20240422,3,02191,1
20240422,4,02171,2
20240422,4,02179,1
20240422,4,02185,2
20240422,5,02122,1
20240422,5,02128,1
20240422,5,02178,1
20240422,5,02179,1
20240422,5,02198,1
20240422,6,02111,1
20240422,6,02116,1
20240422,6,02122,2
20240422,6,02143,1
20240422,6,02171,1
20240422,6,02172,1
20240422,6,02185,1
20240422,6,02191,1
20240422,6,02198,1
20240422,6,03311,2
20240422,6,03802,3
20240422,7,02112,3
20240422,7,02122,1
20240422,7,02128,4
20240422,7,02130,1
20240422,7,02139,1
20240422,7,02148,1
20240422,7,02159,2
20240422,7,02171,4
20240422,7,02179,2
20240422,7,02185,1
20240422,7,02186,2
20240422,7,02191,1
20240422,7,02198,1
20240422,7,02199,1
20240422,7,03310,3
20240422,7,03311,3
20240422,7,03802,6
20240422,8,02112,1
20240422,8,02116,1
20240422,8,02122,3
20240422,8,02128,1
20240422,8,02139,6
20240422,8,02143,1
20240422,8,02148,3
20240422,8,02159,2
20240422,8,02171,4
20240422,8,02172,1
20240422,8,02179,1
20240422,8,02185,1
20240422,8,02186,2
20240422,8,02191,6
20240422,8,02198,4
20240422,8,03311,1
20240422,8,03802,2
20240422,9,02111,3
20240422,9,02112,2
20240422,9,02122,1
20240422,9,02128,1
20240422,9,02139,3
20240422,9,02143,1
20240422,9,02148,1
20240422,9,02171,3
20240422,9,02172,1
20240422,9,02178,1
20240422,9,02179,2
20240422,9,02185,4
20240422,9,02186,3
20240422,9,02191,1
20240422,9,03311,1
20240422,9,03802,2
20240423,0,02111,6
20240423,0,02122,1
20240423,0,02130,2
20240423,0,02139,1
20240423,0,02148,2
20240423,0,02171,2
20240423,0,02172,1
20240423,0,02178,1
20240423,0,02179,1
20240423,0,02185,1
20240423,0,02191,1
20240423,0,02198,3
20240423,1,02111,2
20240423,1,02112,3
20240423,1,02122,1
20240423,1,02128,1
20240423,1,02148,3
20240423,1,02171,4
20240423,1,02172,2
20240423,1,02179,1
20240423,1,02185,1
20240423,1,02198,2
20240423,1,03310,2
20240423,1,03311,1
20240423,10,02111,3
20240423,10,02112,1
20240423,10,02116,2
20240423,10,02129,1
20240423,10,02148,1
20240423,10,02178,2
20240423,10,02179,1
20240423,10,02185,3
20240423,10,02186,1
20240423,10,02191,2
20240423,10,02198,2
20240423,10,02199,2
20240423,10,03310,2
20240423,10,03802,4
20240423,11,02111,1
20240423,11,02116,1
20240423,11,02122,1
20240423,11,02128,2
20240423,11,02129,2
20240423,11,02139,1
20240423,11,02148,4
20240423,11,02172,1
20240423,11,02178,1
20240423,11,02179,4
20240423,11,02191,2
20240423,11,03310,2
20240423,11,03802,2
20240423,12,02111,1
20240423,12,02112,1
20240423,12,02116,2
20240423,12,02122,2
20240423,12,02128,2
20240423,12,02129,2
20240423,12,02139,2
20240423,12,02143,3
20240423,12,02148,2
20240423,12,02159,1
20240423,12,02171,1
20240423,12,02172,3
20240423,12,02178,2
20240423,12,02179,3
20240423,12,02185,4
20240423,12,02191,3
20240423,12,02198,2
20240423,12,02199,1
20240423,12,03311,2
20240423,13,02111,5
20240423,13,02112,1
20240423,13,02116,1
20240423,13,02122,5
20240423,13,02129,1
20240423,13,02139,1
20240423,13,02148,1
20240423,13,02159,1
20240423,13,02171,6
20240423,13,02178,1
20240423,13,02179,1
20240423,13,02185,4
20240423,13,02186,2
20240423,13,02191,1
20240423,13,02199,1
20240423,13,03310,1
20240423,13,03311,2
20240423,14,02111,2
20240423,14,02112,2
20240423,14,02122,4
20240423,14,02130,2
20240423,14,02139,2
20240423,14,02159,5
20240423,14,02171,7
20240423,14,02178,1
20240423,14,02179,2
20240423,14,02191,1
20240423,14,02198,1
20240423,14,02199,1
20240423,14,03310,1
20240423,14,03311,3
20240423,15,02111,2
20240423,15,02112,2
20240423,15,02116,2
20240423,15,02122,3
20240423,15,02130,1
20240423,15,02139,1
20240423,15,02148,2
20240423,15,02171,6
20240423,15,02172,1
20240423,15,02178,3
20240423,15,02179,1
20240423,15,02185,1
20240423,15,02186,1
20240423,15,02191,1
20240423,15,02199,2
20240423,15,03310,1
20240423,15,03311,5
20240423,16,02111,1
20240423,16,02112,2
20240423,16,02116,2
20240423,16,02122,1
20240423,16,02129,1
20240423,16,02139,3
20240423,16,02148,1
20240423,16,02159,3
20240423,16,02171,3
20240423,16,02172,2
20240423,16,02178,2
20240423,16,02179,2
20240423,16,02185,2
20240423,16,02186,3
20240423,16,02191,3
20240423,16,02198,1
20240423,16,03310,1
20240423,16,03311,1
20240423,16,03802,1
20240423,17,02111,2
20240423,17,02112,1
20240423,17,02116,2
20240423,17,02122,1
20240423,17,02128,5
20240423,17,02129,1
20240423,17,02130,3
20240423,17,02139,1
20240423,17,02148,3
20240423,17,02159,1
20240423,17,02171,3
20240423,17,02172,3
20240423,17,02178,4
20240423,17,02179,3
20240423,17,02185,1
20240423,17,02186,5
20240423,17,02191,1
20240423,17,02198,2
20240423,17,02199,1
20240423,17,03310,2
20240423,17,03311,4
20240423,18,02111,1
20240423,18,02112,4
20240423,18,02116,4
20240423,18,02122,4
20240423,18,02130,2
20240423,18,02148,1
20240423,18,02171,7
20240423,18,02172,6
20240423,18,02178,3
20240423,18,02179,6
20240423,18,02186,3
20240423,18,02191,2
20240423,18,02198,1
20240423,18,02199,2
20240423,18,03310,1
20240423,18,03311,3
20240423,18,03802,2
20240423,19,02111,1
20240423,19,02122,3
20240423,19,02129,1
20240423,19,02148,1
20240423,19,02172,1
20240423,19,02185,1
20240423,19,02186,2
20240423,19,02199,1
20240423,19,03310,2
20240423,19,03802,1
20240423,2,02112,1
20240423,2,02128,1
20240423,2,02139,1
20240423,2,02148,1
20240423,2,02172,2
20240423,2,02179,3
20240423,20,02111,2
20240423,20,02112,3
20240423,20,02128,1
20240423,20,02171,3
20240423,20,02179,1
20240423,20,02186,2
20240423,20,02198,1
20240423,20,03310,1
20240423,20,03802,2
20240423,21,02112,2
20240423,21,02116,4
20240423,21,02122,1
20240423,21,02128,2
20240423,21,02148,1
20240423,21,02159,1
20240423,21,02171,2
20240423,21,02172,1
20240423,21,02178,2
20240423,21,02179,3
20240423,21,02191,2
20240423,21,02198,3
20240423,21,03310,1
20240423,21,03802,3
20240423,22,02111,2
20240423,22,02112,6
20240423,22,02116,2
20240423,22,02122,1
20240423,22,02148,3
20240423,22,02171,5
20240423,22,02172,1
20240423,22,02179,1
20240423,22,02185,1
20240423,22,02191,1
20240423,22,02198,1
20240423,22,03311,1
20240423,22,03802,1
20240423,23,02111,10
20240423,23,02112,2
20240423,23,02116,2
20240423,23,02122,1
20240423,23,02139,1
20240423,23,02159,1
20240423,23,02171,1
20240423,23,02172,1
20240423,23,02185,1
20240423,23,02186,2
20240423,23,02191,1
20240423,23,02198,2
20240423,23,03310,2
20240423,3,02116,1
20240423,3,02143,1
20240423,3,02159,1
20240423,4,02111,1
20240423,4,02139,1
20240423,4,02171,2
20240423,4,02178,1
20240423,4,02185,2
20240423,4,02191,1
20240423,5,02116,1
20240423,5,02122,1
20240423,5,02128,1
20240423,5,02143,1
20240423,5,02171,1
20240423,5,02179,1
20240423,5,02185,1
20240423,5,02186,1
20240423,6,02122,1
20240423,6,02171,1
20240423,6,02172,1
20240423,6,02179,1
20240423,6,02185,1
20240423,6,02186,1
20240423,6,02191,1
20240423,6,03310,1
20240423,6,03802,1
20240423,7,02111,2
20240423,7,02112,2
20240423,7,02116,1
20240423,7,02139,4
20240423,7,02148,3
20240423,7,02171,1
20240423,7,02179,4
20240423,7,02185,1
20240423,7,02186,2
20240423,7,02191,3
20240423,7,02198,2
20240423,7,03310,4
20240423,7,03311,1
20240423,7,03802,5
20240423,8,02111,4
20240423,8,02112,1
20240423,8,02116,2
20240423,8,02122,2
20240423,8,02129,1
20240423,8,02139,6
20240423,8,02143,2
20240423,8,02148,3
20240423,8,02159,1
20240423,8,02171,6
20240423,8,02179,2
20240423,8,02186,1
20240423,8,02191,6
20240423,8,02198,2
20240423,8,03310,3
20240423,8,03311,1
20240423,8,03802,5
20240423,9,02111,1
20240423,9,02112,4
20240423,9,02122,1
20240423,9,02128,1
20240423,9,02129,1
20240423,9,02139,4
20240423,9,02143,2
20240423,9,02148,3
20240423,9,02171,1
20240423,9,02172,3
20240423,9,02179,1
20240423,9,02185,4
20240423,9,02186,5
20240423,9,02191,2
20240423,9,02198,2
20240423,9,02199,1
20240423,9,03311,4
20240423,9,03802,2
20240424,0,02111,1
20240424,0,02112,2
20240424,0,02139,1
20240424,0,02148,1
20240424,0,02159,1
20240424,0,02171,1
20240424,0,02178,1
20240424,0,02198,2
20240424,1,02111,4
20240424,1,02112,2
20240424,1,02116,1
20240424,1,02122,1
20240424,1,02171,1
20240424,1,02179,2
20240424,1,02185,1
20240424,1,02186,1
20240424,1,02198,1
20240424,10,02111,1
20240424,10,02112,5
20240424,10,02139,1
20240424,10,02171,1
20240424,10,02185,1
20240424,10,03311,1
20240424,11,02111,2
20240424,11,02116,1
20240424,11,02122,1
20240424,11,02148,1
20240424,11,02171,1
20240424,11,02172,1
20240424,11,02179,1
20240424,11,02185,2
20240424,11,02186,1
20240424,11,02198,2
20240424,11,03310,2
20240424,11,03311,3
20240424,11,03802,2
20240424,12,02111,1
20240424,12,02112,1
20240424,12,02116,1
20240424,12,02122,2
20240424,12,02128,2
20240424,12,02129,1
20240424,12,02139,2
20240424,12,02148,2
20240424,12,02171,1
20240424,12,02178,1
20240424,12,02179,2
20240424,12,02186,1
20240424,12,02191,2
20240424,12,03802,2
20240424,13,02111,1
20240424,13,02112,1
20240424,13,02128,2
20240424,13,02143,1
20240424,13,02148,1
20240424,13,02172,2
20240424,13,02178,2
20240424,13,02179,1
20240424,13,02185,2
20240424,13,02186,3
20240424,13,02191,2
20240424,13,03310,1
20240424,13,03311,1
20240424,13,03802,3
20240424,14,02111,5
20240424,14,02112,1
20240424,14,02116,2
20240424,14,02122,1
20240424,14,02128,1
20240424,14,02129,1
20240424,14,02139,1
20240424,14,02171,4
20240424,14,02172,2
20240424,14,02185,1
20240424,14,02186,1
20240424,14,02191,2
20240424,14,02198,1
20240424,14,02199,1
20240424,14,03311,5
20240424,15,02112,2
20240424,15,02122,2
20240424,15,02128,1
20240424,15,02139,1
20240424,15,02143,1
20240424,15,02171,1
20240424,15,02172,1
20240424,15,02178,5
20240424,15,02179,2
20240424,15,02185,3
20240424,15,02186,1
20240424,15,02198,3
20240424,15,03311,2
20240424,16,02111,3
20240424,16,02112,4
20240424,16,02116,1
20240424,16,02122,1
20240424,16,02128,1
20240424,16,02130,2
20240424,16,02139,1
20240424,16,02143,1
20240424,16,02148,1
20240424,16,02171,5
20240424,16,02172,1
20240424,16,02178,4
20240424,16,02179,2
20240424,16,02186,1
20240424,16,02191,2
20240424,16,02198,2
20240424,16,03311,5
20240424,17,02111,1
20240424,17,02112,7
20240424,17,02116,4
20240424,17,02122,1
20240424,17,02128,1
20240424,17,02129,1
20240424,17,02130,1
20240424,17,02139,7
20240424,17,02143,4
20240424,17,02148,2
20240424,17,02171,2
20240424,17,02172,3
20240424,17,02178,3
20240424,17,02179,1
20240424,17,02185,7
20240424,17,02186,2
20240424,17,02191,4
20240424,17,03311,2
20240424,18,02111,4
20240424,18,02112,6
20240424,18,02116,3
20240424,18,02122,2
20240424,18,02128,2
20240424,18,02129,1
20240424,18,02130,3
20240424,18,02143,1
20240424,18,02148,8
20240424,18,02171,2
20240424,18,02172,7
20240424,18,02179,4
20240424,18,02185,3
20240424,18,02186,2
20240424,18,02191,3
20240424,18,02198,1
20240424,18,02199,2
20240424,18,03311,2
20240424,19,02111,4
20240424,19,02112,5
20240424,19,02116,3
20240424,19,02122,4
20240424,19,02130,6
20240424,19,02139,1
20240424,19,02148,2
20240424,19,02171,2
20240424,19,02172,1
20240424,19,02178,1
20240424,19,02179,2
20240424,19,02185,2
20240424,19,02186,2
20240424,19,02191,1
20240424,19,02198,4
20240424,19,02199,1
20240424,19,03310,2
20240424,19,03802,6
20240424,2,02111,2
20240424,2,02112,1
20240424,2,02116,1
20240424,2,02171,1
20240424,2,02191,2
20240424,2,02198,1
20240424,20,02111,2
20240424,20,02112,4
20240424,20,02116,7
20240424,20,02122,2
20240424,20,02130,2
20240424,20,02139,2
20240424,20,02143,1
20240424,20,02148,1
20240424,20,02171,2
20240424,20,02172,1
20240424,20,02179,6
20240424,20,02185,1
20240424,20,02186,4
20240424,20,02191,1
20240424,20,02198,3
20240424,20,02199,1
20240424,20,03310,2
20240424,20,03311,3
20240424,20,03802,1
20240424,21,02111,1
20240424,21,02112,3
20240424,21,02116,3
20240424,21,02128,1
20240424,21,02148,2
20240424,21,02159,2
20240424,21,02171,3
20240424,21,02172,1
20240424,21,02178,3
20240424,21,02179,2
20240424,21,02185,1
20240424,21,02191,1
20240424,21,02198,1
20240424,21,02199,2
20240424,21,03311,1
20240424,21,03802,2
20240424,22,02111,2
20240424,22,02112,5
20240424,22,02116,2
20240424,22,02122,4
20240424,22,02128,1
20240424,22,02130,2
20240424,22,02143,2
20240424,22,02148,4
20240424,22,02159,3
20240424,22,02171,3
20240424,22,02172,1
20240424,22,02178,4
20240424,22,02179,2
20240424,22,02185,1
20240424,22,02191,3
20240424,22,02198,2
20240424,22,03311,1
20240424,23,02112,4
20240424,23,02116,1
20240424,23,02122,1
20240424,23,02128,1
20240424,23,02139,2
20240424,23,02148,2
20240424,23,02171,2
20240424,23,02172,1
20240424,23,02178,1
20240424,23,02179,2
20240424,23,02185,1
20240424,23,02186,3
20240424,23,02191,2
20240424,23,02198,1
20240424,23,03311,1
20240424,3,02191,1
20240424,3,03310,1
20240424,4,02111,1
20240424,7,03310,1
20240424,9,02111,3
20240424,9,02128,1
20240425,0,02111,5
20240425,0,02112,3
20240425,0,02122,2
20240425,0,02128,3
20240425,0,02139,1
20240425,0,02148,2
20240425,0,02171,3
20240425,0,02178,2
20240425,0,02186,1
20240425,0,02191,1
20240425,0,02198,2
20240425,0,03310,1
20240425,1,02111,1
20240425,1,02116,2
20240425,1,02122,1
20240425,1,02171,3
20240425,1,02178,1
20240425,1,02179,3
20240425,1,02185,1
20240425,10,02116,2
20240425,10,02139,1
20240425,10,02148,2
20240425,10,02159,1
20240425,10,02171,1
20240425,10,02185,1
20240425,10,02186,1
20240425,10,02191,7
20240425,10,02199,1
20240425,10,03311,1
20240425,10,03802,2
20240425,11,02111,2
20240425,11,02116,2
20240425,11,02122,1
20240425,11,02128,1
20240425,11,02129,1
20240425,11,02130,2
20240425,11,02148,1
20240425,11,02171,2
20240425,11,02179,2
20240425,11,02191,2
20240425,11,03311,1
20240425,12,02111,4
20240425,12,02112,1
20240425,12,02122,2
20240425,12,02128,3
20240425,12,02129,3
20240425,12,02139,1
20240425,12,02143,1
20240425,12,02148,3
20240425,12,02171,1
20240425,12,02172,1
20240425,12,02178,4
20240425,12,02179,2
20240425,12,02185,3
20240425,12,02186,2
20240425,12,02191,5
20240425,13,02111,4
20240425,13,02112,1
20240425,13,02116,2
20240425,13,02129,3
20240425,13,02139,2
20240425,13,02171,2
20240425,13,02172,2
20240425,13,02179,4
20240425,13,02185,1
20240425,13,02186,1
20240425,13,02191,1
20240425,13,02198,1
20240425,13,02199,1
20240425,13,03311,3
20240425,14,02111,1
20240425,14,02112,1
20240425,14,02116,3
20240425,14,02122,1
20240425,14,02129,1
20240425,14,02139,1
20240425,14,02148,1
20240425,14,02171,6
20240425,14,02172,1
20240425,14,02178,4
20240425,14,02179,2
20240425,14,02185,1
20240425,14,02186,1
20240425,14,02191,1
20240425,14,02199,1
20240425,14,03311,5
20240425,15,02111,4
20240425,15,02112,1
20240425,15,02116,2
20240425,15,02122,2
20240425,15,02128,2
20240425,15,02129,3
20240425,15,02130,1
20240425,15,02143,1
20240425,15,02148,1
20240425,15,02171,2
20240425,15,02172,4
20240425,15,02178,1
20240425,15,02179,3
20240425,15,02185,4
20240425,15,02186,3
20240425,15,02191,3
20240425,15,02198,2
20240425,15,03310,1
20240425,15,03311,1
20240425,16,02111,2
20240425,16,02112,3
20240425,16,02116,3
20240425,16,02122,1
20240425,16,02129,3
20240425,16,02130,1
20240425,16,02139,3
20240425,16,02143,1
20240425,16,02148,1
20240425,16,02159,1
20240425,16,02171,4
20240425,16,02172,4
20240425,16,02178,1
20240425,16,02179,3
20240425,16,02185,1
20240425,16,02186,1
20240425,16,02191,3
20240425,16,02198,1
20240425,16,02199,2
20240425,16,03310,2
20240425,16,03311,3
20240425,16,03802,2
20240425,17,02111,4
20240425,17,02112,3
20240425,17,02116,1
20240425,17,02122,1
20240425,17,02128,1
20240425,17,02129,7
20240425,17,02130,1
20240425,17,02139,2
20240425,17,02143,1
20240425,17,02148,1
20240425,17,02171,5
20240425,17,02172,3
20240425,17,02178,4
20240425,17,02179,1
20240425,17,02185,4
20240425,17,02186,2
20240425,17,02191,3
20240425,17,03310,4
20240425,17,03311,5
20240425,18,02111,2
20240425,18,02112,4
20240425,18,02116,7
20240425,18,02129,4
20240425,18,02130,2
20240425,18,02139,2
20240425,18,02148,3
20240425,18,02159,1
20240425,18,02171,6
20240425,18,02172,5
20240425,18,02178,7
20240425,18,02179,9
20240425,18,02186,3
20240425,18,02191,3
20240425,18,02198,1
20240425,18,02199,1
20240425,18,03311,12
20240425,18,03802,1
20240425,19,02111,10
20240425,19,02112,4
20240425,19,02116,3
20240425,19,02122,3
20240425,19,02129,1
20240425,19,02139,1
20240425,19,02148,2
20240425,19,02159,1
20240425,19,02171,4
20240425,19,02172,2
20240425,19,02178,3
20240425,19,02179,6
20240425,19,02185,2
20240425,19,02191,2
20240425,19,02198,1
20240425,19,03310,1
20240425,19,03311,6
20240425,19,03802,1
20240425,2,02111,1
20240425,2,02112,3
20240425,2,02116,1
20240425,2,02122,1
20240425,2,02148,1
20240425,2,02171,2
20240425,2,02178,1
20240425,20,02111,6
20240425,20,02112,6
20240425,20,02116,2
20240425,20,02128,1
20240425,20,02129,4
20240425,20,02139,2
20240425,20,02148,1
20240425,20,02159,3
20240425,20,02171,6
20240425,20,02172,1
20240425,20,02178,1
20240425,20,02179,10
20240425,20,02185,5
20240425,20,02186,3
20240425,20,02191,1
20240425,20,02198,3
20240425,20,03310,1
20240425,20,03311,4
20240425,20,03802,6
20240425,21,02111,2
20240425,21,02112,5
20240425,21,02116,2
20240425,21,02122,4
20240425,21,02129,2
20240425,21,02143,2
20240425,21,02148,4
20240425,21,02159,2
20240425,21,02171,4
20240425,21,02172,3
20240425,21,02178,3
20240425,21,02179,3
20240425,21,02191,1
20240425,21,02198,2
20240425,21,03310,1
20240425,21,03311,4
20240425,21,03802,3
20240425,22,02111,4
20240425,22,02112,2
20240425,22,02116,7
20240425,22,02122,3
20240425,22,02128,2
20240425,22,02129,1
20240425,22,02130,2
20240425,22,02148,4
20240425,22,02159,1
20240425,22,02171,1
20240425,22,02179,5
20240425,22,02185,5
20240425,22,02186,1
20240425,22,02191,3
20240425,22,03311,1
20240425,22,03802,2
20240425,23,02111,2
20240425,23,02112,5
20240425,23,02116,2
20240425,23,02122,1
20240425,23,02128,1
20240425,23,02129,1
20240425,23,02143,1
20240425,23,02148,3
20240425,23,02159,1
20240425,23,02171,2
20240425,23,02172,4
20240425,23,02179,2
20240425,23,02191,2
20240425,23,02198,2
20240425,3,02143,1
20240425,4,02191,1
20240425,5,02116,1
20240425,5,02179,1
20240425,5,02198,1
20240425,6,02111,1
20240425,6,02122,1
20240425,6,02171,2
20240425,6,02186,1
20240425,6,02191,1
20240425,6,03802,3
20240425,7,02111,2
20240425,7,02112,1
20240425,7,02116,1
20240425,7,02139,2
20240425,7,02143,1
20240425,7,02148,1
20240425,7,02171,1
20240425,7,02179,4
20240425,7,02185,2
20240425,7,02186,1
20240425,7,02191,1
20240425,7,03311,1
20240425,7,03802,2
20240425,8,02111,2
20240425,8,02112,1
20240425,8,02122,2
20240425,8,02139,6
20240425,8,02143,1
20240425,8,02148,3
20240425,8,02171,4
20240425,8,02179,5
20240425,8,02186,1
20240425,8,02191,7
20240425,8,02198,3
20240425,8,02199,2
20240425,8,03311,3
20240425,8,03802,5
20240425,9,02111,1
20240425,9,02112,1
20240425,9,02116,1
20240425,9,02122,2
20240425,9,02139,2
20240425,9,02148,1
20240425,9,02171,4
20240425,9,02172,2
20240425,9,02179,2
20240425,9,02185,5
20240425,9,02186,1
20240425,9,02191,3
20240425,9,02198,1
20240425,9,03802,2
20240426,0,02111,3
20240426,0,02112,1
20240426,0,02128,1
20240426,0,02171,1
20240426,0,02191,1
20240426,1,02111,1
20240426,1,02116,1
20240426,1,02128,1
20240426,1,02148,1
20240426,1,02171,3
20240426,1,02172,4
20240426,1,02179,1
20240426,1,02198,1
20240426,1,03311,1
20240426,10,02111,3
20240426,10,02112,2
20240426,10,02128,1
20240426,10,02129,1
20240426,10,02139,3
20240426,10,02171,1
20240426,10,02179,1
20240426,10,02191,3
20240426,10,03311,2
20240426,10,03802,1
20240426,11,02111,3
20240426,11,02116,1
20240426,11,02122,2
20240426,11,02128,1
20240426,11,02130,1
20240426,11,02139,1
20240426,11,02148,4
20240426,11,02171,5
20240426,11,02172,1
20240426,11,02178,1
20240426,11,02179,1
20240426,11,02185,1
20240426,11,02191,1
20240426,11,02198,3
20240426,11,03310,1
20240426,11,03311,1
20240426,11,03802,4
20240426,12,02111,4
20240426,12,02116,2
20240426,12,02122,4
20240426,12,02128,1
20240426,12,02139,2
20240426,12,02148,1
20240426,12,02179,2
20240426,12,02185,2
20240426,12,02191,1
20240426,12,02198,1
20240426,12,03310,1
20240426,12,03311,4
20240426,12,03802,3
20240426,13,02111,2
20240426,13,02112,2
20240426,13,02116,1
20240426,13,02122,1
20240426,13,02130,1
20240426,13,02171,7
20240426,13,02172,2
20240426,13,02178,2
20240426,13,02179,3
20240426,13,02185,1
20240426,13,02191,1
20240426,13,02198,4
20240426,13,02199,1
20240426,13,03311,5
20240426,13,03802,3
20240426,14,02111,2
20240426,14,02112,1
20240426,14,02116,3
20240426,14,02122,5
20240426,14,02129,2
20240426,14,02148,2
20240426,14,02159,1
20240426,14,02171,2
20240426,14,02172,1
20240426,14,02178,2
20240426,14,02179,2
20240426,14,02185,1
20240426,14,02186,1
20240426,14,02198,5
20240426,14,03310,2
20240426,14,03311,2
20240426,15,02111,7
20240426,15,02122,1
20240426,15,02128,1
20240426,15,02130,2
20240426,15,02143,2
20240426,15,02148,2
20240426,15,02171,4
20240426,15,02172,2
20240426,15,02179,5
20240426,15,02186,2
20240426,15,02198,2
20240426,15,03310,2
20240426,15,03311,4
20240426,16,02111,4
20240426,16,02112,6
20240426,16,02122,5
20240426,16,02129,3
20240426,16,02139,3
20240426,16,02143,2
20240426,16,02148,3
20240426,16,02171,6
20240426,16,02178,2
20240426,16,02179,2
20240426,16,02185,2
20240426,16,02186,1
20240426,16,02191,2
20240426,16,02198,3
20240426,16,02199,1
20240426,16,03310,3
20240426,16,03311,6
20240426,17,02111,2
20240426,17,02112,1
20240426,17,02116,1
20240426,17,02122,3
20240426,17,02128,1
20240426,17,02129,3
20240426,17,02130,2
20240426,17,02139,2
20240426,17,02148,2
20240426,17,02159,2
20240426,17,02171,3
20240426,17,02172,2
20240426,17,02178,2
20240426,17,02179,2
20240426,17,02185,1
20240426,17,02186,2
20240426,17,02191,3
20240426,17,02198,3
20240426,17,03310,3
20240426,17,03311,3
20240426,17,03802,1
20240426,18,02111,6
20240426,18,02112,1
20240426,18,02116,3
20240426,18,02122,2
20240426,18,02128,1
20240426,18,02139,1
20240426,18,02148,3
20240426,18,02159,1
20240426,18,02171,9
20240426,18,02172,2
20240426,18,02178,4
20240426,18,02179,5
20240426,18,02185,3
20240426,18,02186,1
20240426,18,02191,3
20240426,18,02198,1
20240426,18,03310,2
20240426,18,03311,11
20240426,18,03802,1
20240426,19,02111,4
20240426,19,02116,4
20240426,19,02128,2
20240426,19,02139,6
20240426,19,02148,5
20240426,19,02159,1
20240426,19,02171,14
20240426,19,02178,1
20240426,19,02179,2
20240426,19,02185,4
20240426,19,02198,4
20240426,19,03311,4
20240426,19,03802,1
20240426,2,02111,1
20240426,2,02122,2
20240426,2,02148,1
20240426,2,02159,1
20240426,2,02171,1
20240426,2,02179,1
20240426,2,02186,3
20240426,2,02191,1
20240426,20,02111,4
20240426,20,02112,3
20240426,20,02122,1
20240426,20,02128,2
20240426,20,02129,1
20240426,20,02130,1
20240426,20,02139,4
20240426,20,02148,1
20240426,20,02159,2
20240426,20,02171,6
20240426,20,02172,5
20240426,20,02178,9
20240426,20,02179,5
20240426,20,02185,1
20240426,20,02186,3
20240426,20,02198,1
20240426,20,02199,1
20240426,20,03310,1
20240426,20,03311,4
20240426,20,03802,1
20240426,21,02111,2
20240426,21,02112,1
20240426,21,02116,2
20240426,21,02128,3
20240426,21,02139,1
20240426,21,02143,1
20240426,21,02159,2
20240426,21,02171,6
20240426,21,02172,1
20240426,21,02178,4
20240426,21,02179,1
20240426,21,02185,1
20240426,21,02191,2
20240426,21,03310,1
20240426,21,03311,2
20240426,21,03802,2
20240426,22,02111,2
20240426,22,02112,8
20240426,22,02116,2
20240426,22,02122,5
20240426,22,02128,1
20240426,22,02130,5
20240426,22,02139,2
20240426,22,02143,1
20240426,22,02148,3
20240426,22,02171,2
20240426,22,02172,4
20240426,22,02178,2
20240426,22,02179,3
20240426,22,02185,5
20240426,22,02191,2
20240426,22,02198,6
20240426,22,03310,4
20240426,22,03311,2
20240426,23,02111,2
20240426,23,02112,6
20240426,23,02116,1
20240426,23,02122,3
20240426,23,02129,1
20240426,23,02139,1
20240426,23,02148,4
20240426,23,02171,5
20240426,23,02172,2
20240426,23,02179,3
20240426,23,02186,2
20240426,23,02191,1
20240426,23,02198,2
20240426,23,02199,1
20240426,3,02122,1
20240426,3,02185,1
20240426,3,02191,1
20240426,3,02198,2
20240426,3,02199,2
20240426,4,02111,1
20240426,4,02143,1
20240426,4,02185,1
20240426,5,02116,1
20240426,5,02122,2
20240426,5,02139,1
20240426,6,02112,3
20240426,6,02116,1
20240426,6,02122,1
20240426,6,02128,1
20240426,6,02139,1
20240426,6,02186,1
20240426,6,02191,1
20240426,6,03802,2
20240426,7,02111,1
20240426,7,02112,2
20240426,7,02122,1
20240426,7,02128,1
20240426,7,02129,1
20240426,7,02139,1
20240426,7,02143,1
20240426,7,02148,3
20240426,7,02159,2
20240426,7,02171,1
20240426,7,02186,1
20240426,7,02198,1
20240426,7,03310,3
20240426,7,03311,2
20240426,7,03802,5
20240426,8,02111,1
20240426,8,02128,1
20240426,8,02129,1
20240426,8,02139,6
20240426,8,02143,2
20240426,8,02148,9
20240426,8,02159,1
20240426,8,02171,4
20240426,8,02178,1
20240426,8,02179,4
20240426,8,02185,2
20240426,8,02186,1
20240426,8,02191,5
20240426,8,02198,1
20240426,8,03310,4
20240426,8,03802,1
20240426,9,02112,1
20240426,9,02116,1
20240426,9,02122,3
20240426,9,02129,1
20240426,9,02139,4
20240426,9,02143,1
20240426,9,02148,1
20240426,9,02171,2
20240426,9,02178,2
20240426,9,02179,2
20240426,9,02185,4
20240426,9,02186,1
20240426,9,02191,4
20240426,9,02198,1
20240426,9,03311,1
20240427,0,02111,2
20240427,0,02122,3
20240427,0,02128,1
20240427,0,02130,1
20240427,0,02148,3
20240427,0,02171,4
20240427,0,02172,2
20240427,0,02178,1
20240427,0,02179,3
20240427,0,02186,3
20240427,0,02191,1
20240427,0,02198,2
20240427,0,03310,1
20240427,0,03802,1
20240427,1,02111,5
20240427,1,02112,3
20240427,1,02116,1
20240427,1,02122,2
20240427,1,02139,1
20240427,1,02148,1
20240427,1,02171,6
20240427,1,02172,1
20240427,1,02179,1
20240427,1,02185,2
20240427,1,02186,1
20240427,1,02191,2
20240427,1,02198,6
20240427,1,03311,1
20240427,10,02111,3
20240427,10,02112,1
20240427,10,02128,1
20240427,10,02129,1
20240427,10,02139,2
20240427,10,02143,1
20240427,10,02148,2
20240427,10,02159,1
20240427,10,02171,2
20240427,10,02179,2
20240427,10,02185,1
20240427,10,02186,1
20240427,10,02191,3
20240427,10,02198,3
20240427,10,03311,2
20240427,11,02111,3
20240427,11,02112,5
20240427,11,02116,1
20240427,11,02122,1
20240427,11,02128,1
20240427,11,02129,1
20240427,11,02130,2
20240427,11,02139,1
20240427,11,02159,2
20240427,11,02171,3
20240427,11,02172,1
20240427,11,02179,1
20240427,11,02185,1
20240427,11,02186,2
20240427,11,02191,4
20240427,11,02198,1
20240427,11,02199,1
20240427,11,03311,2
20240427,12,02112,2
20240427,12,02116,3
20240427,12,02122,3
20240427,12,02128,1
20240427,12,02130,1
20240427,12,02139,2
20240427,12,02148,3
20240427,12,02159,2
20240427,12,02171,6
20240427,12,02172,1
20240427,12,02178,1
20240427,12,02185,1
20240427,12,02191,6
20240427,12,02198,3
20240427,12,03311,4
20240427,12,03802,1
20240427,13,02111,4
20240427,13,02112,1
20240427,13,02116,2
20240427,13,02122,3
20240427,13,02128,3
20240427,13,02129,1
20240427,13,02130,1
20240427,13,02139,1
20240427,13,02143,2
20240427,13,02148,3
20240427,13,02159,3
20240427,13,02171,5
20240427,13,02172,5
20240427,13,02178,4
20240427,13,02179,3
20240427,13,02185,3
20240427,13,02186,6
20240427,13,02191,3
20240427,13,02198,3
20240427,13,02199,1
20240427,13,03310,1
20240427,13,03802,2
20240427,14,02111,10
20240427,14,02112,1
20240427,14,02116,2
20240427,14,02122,2
20240427,14,02129,1
20240427,14,02130,2
20240427,14,02148,2
20240427,14,02159,1
20240427,14,02171,2
20240427,14,02172,5
20240427,14,02179,4
20240427,14,02185,2
20240427,14,02191,4
20240427,14,02198,3
20240427,14,03311,6
20240427,14,03802,1
20240427,15,02111,3
20240427,15,02112,1
20240427,15,02116,4
20240427,15,02122,3
20240427,15,02128,2
20240427,15,02129,1
20240427,15,02143,1
20240427,15,02148,3
20240427,15,02159,5
20240427,15,02171,5
20240427,15,02172,1
20240427,15,02179,6
20240427,15,02185,1
20240427,15,02186,1
20240427,15,02198,3
20240427,15,03311,4
20240427,16,02111,7
20240427,16,02112,6
20240427,16,02122,4
20240427,16,02129,1
20240427,16,02130,2
20240427,16,02143,1
20240427,16,02159,2
20240427,16,02171,3
20240427,16,02172,4
20240427,16,02178,3
20240427,16,02179,3
20240427,16,02186,2
20240427,16,02191,3
20240427,16,02199,1
20240427,16,03311,5
20240427,16,03802,1
20240427,17,02111,6
20240427,17,02112,2
20240427,17,02116,4
20240427,17,02122,1
20240427,17,02128,1
20240427,17,02130,1
20240427,17,02139,5
20240427,17,02148,6
20240427,17,02159,2
20240427,17,02171,4
20240427,17,02172,6
20240427,17,02179,6
20240427,17,02185,3
20240427,17,02191,4
20240427,17,02198,4
20240427,17,03311,5
20240427,17,03802,3
20240427,18,02111,5
20240427,18,02112,2
20240427,18,02116,2
20240427,18,02122,6
20240427,18,02129,1
20240427,18,02139,2
20240427,18,02143,1
20240427,18,02148,1
20240427,18,02159,3
20240427,18,02171,5
20240427,18,02179,2
20240427,18,02185,5
20240427,18,02186,1
20240427,18,02191,4
20240427,18,02198,2
20240427,18,03311,3
20240427,18,03802,1
20240427,19,02111,4
20240427,19,02112,1
20240427,19,02122,6
20240427,19,02130,1
20240427,19,02139,6
20240427,19,02148,2
20240427,19,02171,7
20240427,19,02172,3
20240427,19,02179,1
20240427,19,02185,5
20240427,19,02198,1
20240427,19,03311,2
20240427,19,03802,1
20240427,2,02111,2
20240427,2,02112,2
20240427,2,02139,1
20240427,2,02148,1
20240427,2,02171,1
20240427,2,02179,1
20240427,2,02191,2
20240427,2,03310,1
20240427,20,02111,4
20240427,20,02112,7
20240427,20,02116,5
20240427,20,02122,1
20240427,20,02128,4
20240427,20,02129,1
20240427,20,02143,2
20240427,20,02148,2
20240427,20,02171,4
20240427,20,02172,4
20240427,20,02179,9
20240427,20,02186,3
20240427,20,02191,1
20240427,20,02198,2
20240427,20,03311,4
20240427,20,03802,2
20240427,21,02111,6
20240427,21,02122,3
20240427,21,02128,1
20240427,21,02139,1
20240427,21,02143,3
20240427,21,02148,1
20240427,21,02171,1
20240427,21,02178,4
20240427,21,02179,4
20240427,21,02185,1
20240427,21,02191,2
20240427,21,02198,4
20240427,21,02199,2
20240427,21,03311,1
20240427,22,02111,2
20240427,22,02112,6
20240427,22,02116,1
20240427,22,02122,2
20240427,22,02128,1
20240427,22,02143,1
20240427,22,02148,1
20240427,22,02159,2
20240427,22,02171,2
20240427,22,02172,1
20240427,22,02178,2
20240427,22,02179,4
20240427,22,02185,3
20240427,22,02186,3
20240427,22,02198,2
20240427,22,03311,2
20240427,23,02111,5
20240427,23,02116,2
20240427,23,02122,1
20240427,23,02128,1
20240427,23,02139,1
20240427,23,02171,5
20240427,23,02179,4
20240427,23,02185,2
20240427,23,02191,3
20240427,23,02198,3
20240427,23,03311,3
20240427,3,02111,1
20240427,3,02116,3
20240427,3,02122,3
20240427,3,02128,1
20240427,3,02143,1
20240427,3,02171,1
20240427,3,02186,1
20240427,3,02191,2
20240427,4,02122,1
20240427,4,02139,1
20240427,4,02148,1
20240427,4,02179,1
20240427,4,02191,1
20240427,5,02112,1
20240427,5,02122,1
20240427,5,02128,2
20240427,5,02179,1
20240427,5,02186,1
20240427,6,02112,2
20240427,6,02148,2
20240427,6,02185,1
20240427,6,02186,1
20240427,6,02191,1
20240427,7,02111,1
20240427,7,02116,1
20240427,7,02122,1
20240427,7,02172,1
20240427,7,02185,3
20240427,7,02186,1
20240427,7,02191,1
20240427,7,02198,1
20240427,7,03310,1
20240427,8,02112,2
20240427,8,02116,1
20240427,8,02122,5
20240427,8,02128,1
20240427,8,02129,3
20240427,8,02139,2
20240427,8,02148,1
20240427,8,02159,1
20240427,8,02171,1
20240427,8,02179,2
20240427,8,02185,1
20240427,8,02186,2
20240427,8,03802,2
20240427,9,02111,1
20240427,9,02112,1
20240427,9,02116,1
20240427,9,02128,1
20240427,9,02130,2
20240427,9,02139,4
20240427,9,02143,2
20240427,9,02148,1
20240427,9,02172,1
20240427,9,02178,1
20240427,9,02179,3
20240427,9,02185,4
20240427,9,02191,2
20240427,9,02198,1
20240427,9,03311,1
20240428,0,02111,5
20240428,0,02112,2
20240428,0,02129,1
20240428,0,02139,3
20240428,0,02148,3
20240428,0,02159,1
20240428,0,02171,7
20240428,0,02172,1
20240428,0,02178,2
20240428,0,02179,2
20240428,0,02185,2
20240428,0,02191,6
20240428,0,02198,2
20240428,0,03311,4
20240428,1,02111,2
20240428,1,02112,2
20240428,1,02116,1
20240428,1,02122,1
20240428,1,02128,1
20240428,1,02129,1
20240428,1,02143,1
20240428,1,02148,2
20240428,1,02159,1
20240428,1,02171,3
20240428,1,02178,1
20240428,1,02179,4
20240428,1,02186,2
20240428,1,02191,1
20240428,1,02198,1
20240428,10,02112,1
20240428,10,02116,1
20240428,10,02122,1
20240428,10,02139,1
20240428,10,02143,1
20240428,10,02159,2
20240428,10,02171,1
20240428,10,02172,1
20240428,10,02178,1
20240428,10,02179,3
20240428,10,02185,1
20240428,10,02186,3
20240428,10,02198,1
20240428,10,02199,2
20240428,10,03310,1
20240428,10,03311,1
20240428,11,02111,5
20240428,11,02112,7
20240428,11,02129,2
20240428,11,02139,1
20240428,11,02143,1
20240428,11,02171,3
20240428,11,02172,2
20240428,11,02185,1
20240428,11,02191,3
20240428,11,02199,1
20240428,11,03310,5
20240428,11,03311,2
20240428,12,02111,2
20240428,12,02112,4
20240428,12,02116,2
20240428,12,02128,2
20240428,12,02129,2
20240428,12,02139,3
20240428,12,02143,1
20240428,12,02148,1
20240428,12,02159,1
20240428,12,02171,4
20240428,12,02172,1
20240428,12,02179,3
20240428,12,02185,2
20240428,12,02191,3
20240428,12,02198,4
20240428,12,03310,3
20240428,12,03311,5
20240428,12,03802,2
20240428,13,02111,3
20240428,13,02112,2
20240428,13,02116,1
20240428,13,02122,4
20240428,13,02128,1
20240428,13,02129,2
20240428,13,02130,2
20240428,13,02139,2
20240428,13,02159,4
20240428,13,02171,2
20240428,13,02172,4
20240428,13,02178,1
20240428,13,02179,6
20240428,13,02185,6
20240428,13,02186,1
20240428,13,02199,1
20240428,13,03310,1
20240428,13,03311,3
20240428,14,02111,5
20240428,14,02112,2
20240428,14,02116,1
20240428,14,02122,2
20240428,14,02128,1
20240428,14,02129,3
20240428,14,02130,1
20240428,14,02143,1
20240428,14,02148,2
20240428,14,02171,3
20240428,14,02172,1
20240428,14,02179,4
20240428,14,02185,2
20240428,14,02186,4
20240428,14,03310,1
20240428,14,03802,2
20240428,15,02111,5
20240428,15,02112,3
20240428,15,02116,1
20240428,15,02122,2
20240428,15,02129,5
20240428,15,02143,1
20240428,15,02148,2
20240428,15,02159,1
20240428,15,02171,6
20240428,15,02172,1
20240428,15,02178,2
20240428,15,02179,3
20240428,15,02185,3
20240428,15,02191,1
20240428,15,02198,2
20240428,15,02199,2
20240428,15,03310,1
20240428,15,03802,2
20240428,16,02111,1
20240428,16,02112,4
20240428,16,02116,5
20240428,16,02122,2
20240428,16,02129,3
20240428,16,02139,1
20240428,16,02143,4
20240428,16,02148,3
20240428,16,02159,4
20240428,16,02171,3
20240428,16,02172,6
20240428,16,02178,5
20240428,16,02179,3
20240428,16,02185,1
20240428,16,02186,2
20240428,16,02191,4
20240428,16,02198,2
20240428,16,03310,2
20240428,16,03311,5
20240428,16,03802,1
20240428,17,02111,4
20240428,17,02112,4
20240428,17,02116,1
20240428,17,02122,5
20240428,17,02128,1
20240428,17,02129,4
20240428,17,02139,4
20240428,17,02143,5
20240428,17,02148,3
20240428,17,02171,6
20240428,17,02172,3
20240428,17,02178,2
20240428,17,02179,2
20240428,17,02186,1
20240428,17,02191,2
20240428,17,02198,1
20240428,17,03310,1
20240428,17,03311,3
20240428,17,03802,1
20240428,18,02111,10
20240428,18,02112,4
20240428,18,02116,7
20240428,18,02122,2
20240428,18,02128,5
20240428,18,02143,1
20240428,18,02148,2
20240428,18,02159,4
20240428,18,02171,8
20240428,18,02172,1
20240428,18,02178,1
20240428,18,02179,4
20240428,18,02185,3
20240428,18,02186,1
20240428,18,02191,4
20240428,18,02198,6
20240428,18,03310,1
20240428,18,03311,3
20240428,19,02111,9
20240428,19,02112,4
20240428,19,02116,8
20240428,19,02122,1
20240428,19,02128,3
20240428,19,02129,6
20240428,19,02139,1
20240428,19,02143,4
20240428,19,02148,3
20240428,19,02159,1
20240428,19,02171,1
20240428,19,02178,2
20240428,19,02186,2
20240428,19,02198,4
20240428,19,03310,2
20240428,19,03311,4
20240428,2,02122,1
20240428,2,02178,1
20240428,2,02179,2
20240428,2,02185,1
20240428,2,02191,2
20240428,2,02198,1
20240428,20,02111,9
20240428,20,02112,1
20240428,20,02116,2
20240428,20,02122,2
20240428,20,02128,1
20240428,20,02139,1
20240428,20,02143,1
20240428,20,02148,2
20240428,20,02171,3
20240428,20,02172,1
20240428,20,02178,1
20240428,20,02179,1
20240428,20,02185,2
20240428,20,02186,1
20240428,20,02191,1
20240428,21,02111,6
20240428,21,02112,4
20240428,21,02116,2
20240428,21,02122,1
20240428,21,02139,3
20240428,21,02148,3
20240428,21,02171,4
20240428,21,02172,1
20240428,21,02178,1
20240428,21,02179,4
20240428,21,02186,4
20240428,21,02191,3
20240428,21,02198,3
20240428,21,03310,1
20240428,21,03311,4
20240428,22,02111,4
20240428,22,02112,5
20240428,22,02116,3
20240428,22,02128,1
20240428,22,02139,1
20240428,22,02143,2
20240428,22,02148,3
20240428,22,02171,2
20240428,22,02178,2
20240428,22,02179,3
20240428,22,02191,1
20240428,22,02198,2
20240428,22,03310,2
20240428,22,03311,3
20240428,23,02111,1
20240428,23,02112,2
20240428,23,02122,1
20240428,23,02129,1
20240428,23,02139,1
20240428,23,02148,1
20240428,23,02171,5
20240428,23,02178,1
20240428,23,02179,1
20240428,23,02185,1
20240428,3,02122,1
20240428,3,02178,1
20240428,3,03311,1
20240428,4,02111,1
20240428,4,02112,1
20240428,4,02116,1
20240428,4,02122,2
20240428,4,02148,1
20240428,4,02171,2
20240428,4,02179,1
20240428,4,02185,1
20240428,5,02111,1
20240428,5,02116,1
20240428,5,02148,1
20240428,5,02179,1
20240428,5,02186,1
20240428,5,02191,2
20240428,6,02111,1
20240428,6,02112,1
20240428,6,02116,1
20240428,6,02122,1
20240428,6,02185,1
20240428,6,02186,1
20240428,7,02139,1
20240428,7,02178,1
20240428,7,02198,1
20240428,8,02122,1
20240428,8,02129,1
20240428,8,02159,1
20240428,8,02185,1
20240428,8,02186,1
20240428,8,02198,1
20240428,9,02112,1
20240428,9,02116,1
20240428,9,02122,1
20240428,9,02139,3
20240428,9,02143,2
20240428,9,02148,1
20240428,9,02171,1
20240428,9,02172,1
20240428,9,02179,2
20240428,9,02185,2
20240428,9,02186,1
20240428,9,02191,1
20240428,9,02199,1
20240428,9,03310,2
20240429,0,02111,6
20240429,0,02112,3
20240429,0,02122,2
20240429,0,02129,1
20240429,0,02139,3
20240429,0,02148,2
20240429,0,02171,3
20240429,0,02185,3
20240429,0,02186,1
20240429,0,02191,1
20240429,0,02198,1
20240429,0,03310,1
20240429,0,03311,1
20240429,1,02111,1
20240429,1,02122,1
20240429,1,02128,2
20240429,1,02139,1
20240429,1,02159,1
20240429,1,02171,1
20240429,1,02178,1
20240429,1,02179,1
20240429,1,02185,2
20240429,1,02186,1
20240429,1,02198,1
20240429,1,03311,2
20240429,1,03802,1
20240429,10,02111,2
20240429,10,02112,1
20240429,10,02116,2
20240429,10,02129,1
20240429,10,02139,1
20240429,10,02143,1
20240429,10,02148,2
20240429,10,02171,1
20240429,10,02179,3
20240429,10,02186,1
20240429,10,02191,3
20240429,10,02198,1
20240429,10,02199,1
20240429,10,03311,1
20240429,10,03802,1
20240429,11,02111,2
20240429,11,02116,1
20240429,11,02128,2
20240429,11,02129,1
20240429,11,02130,1
20240429,11,02143,1
20240429,11,02148,2
20240429,11,02172,1
20240429,11,02179,2
20240429,11,02186,1
20240429,11,02198,1
20240429,11,02199,1
20240429,11,03310,2
20240429,11,03802,1
20240429,12,02111,1
20240429,12,02112,1
20240429,12,02116,2
20240429,12,02122,1
20240429,12,02129,3
20240429,12,02143,1
20240429,12,02148,1
20240429,12,02159,1
20240429,12,02172,2
20240429,12,02178,1
20240429,12,02179,3
20240429,12,02191,1
20240429,12,03310,1
20240429,12,03311,2
20240429,12,03802,3
20240429,13,02111,3
20240429,13,02112,2
20240429,13,02116,3
20240429,13,02122,5
20240429,13,02128,1
20240429,13,02129,3
20240429,13,02159,2
20240429,13,02171,3
20240429,13,02178,1
20240429,13,02179,1
20240429,13,02186,1
20240429,13,02191,2
20240429,13,02198,1
20240429,13,02199,1
20240429,13,03310,1
20240429,13,03311,1
20240429,13,03802,1
20240429,14,02111,1
20240429,14,02128,1
20240429,14,02129,1
20240429,14,02148,1
20240429,14,02159,1
20240429,14,02171,2
20240429,14,02178,1
20240429,14,02179,2
20240429,14,02198,1
20240429,14,02199,1
20240429,14,03310,1
20240429,14,03311,4
20240429,15,02111,5
20240429,15,02116,3
20240429,15,02122,4
20240429,15,02129,2
20240429,15,02130,1
20240429,15,02139,1
20240429,15,02143,1
20240429,15,02159,1
20240429,15,02171,4
20240429,15,02172,1
20240429,15,02178,4
20240429,15,02179,2
20240429,15,02185,3
20240429,15,02186,1
20240429,15,02198,2
20240429,15,03310,1
20240429,15,03311,5
20240429,15,03802,1
20240429,16,02111,3
20240429,16,02116,1
20240429,16,02122,1
20240429,16,02128,1
20240429,16,02139,2
20240429,16,02143,1
20240429,16,02148,1
20240429,16,02159,1
20240429,16,02171,5
20240429,16,02179,2
20240429,16,02185,2
20240429,16,02191,1
20240429,16,02198,2
20240429,16,02199,1
20240429,16,03310,2
20240429,17,02111,5
20240429,17,02112,4
20240429,17,02116,2
20240429,17,02128,2
20240429,17,02129,3
20240429,17,02130,2
20240429,17,02143,1
20240429,17,02148,3
20240429,17,02159,1
20240429,17,02171,6
20240429,17,02172,1
20240429,17,02178,2
20240429,17,02179,1
20240429,17,02185,6
20240429,17,02186,1
20240429,17,02191,2
20240429,17,02198,1
20240429,17,02199,1
20240429,17,03310,2
20240429,17,03311,5
20240429,18,02111,9
20240429,18,02112,8
20240429,18,02116,5
20240429,18,02122,7
20240429,18,02128,1
20240429,18,02130,6
20240429,18,02148,5
20240429,18,02159,1
20240429,18,02171,9
20240429,18,02172,3
20240429,18,02178,7
20240429,18,02179,8
20240429,18,02185,4
20240429,18,02186,3
20240429,18,02191,1
20240429,18,02198,4
20240429,18,03310,3
20240429,18,03311,9
20240429,19,02111,2
20240429,19,02112,7
20240429,19,02116,3
20240429,19,02122,2
20240429,19,02139,1
20240429,19,02148,4
20240429,19,02159,1
20240429,19,02171,9
20240429,19,02178,3
20240429,19,02179,8
20240429,19,02185,2
20240429,19,02186,1
20240429,19,02191,4
20240429,19,02198,1
20240429,19,03310,2
20240429,19,03802,1
20240429,2,02111,2
20240429,2,02112,1
20240429,2,02116,1
20240429,2,02122,1
20240429,2,02171,2
20240429,2,02178,1
20240429,2,02179,1
20240429,2,02186,1
20240429,2,02191,1
20240429,2,02198,4
20240429,2,03311,1
20240429,20,02111,5
20240429,20,02112,5
20240429,20,02116,4
20240429,20,02122,9
20240429,20,02128,1
20240429,20,02130,2
20240429,20,02139,4
20240429,20,02148,4
20240429,20,02171,3
20240429,20,02178,2
20240429,20,02179,2
20240429,20,02185,3
20240429,20,02186,2
20240429,20,02191,4
20240429,20,02198,3
20240429,20,03310,2
20240429,20,03311,5
20240429,21,02111,4
20240429,21,02112,2
20240429,21,02116,7
20240429,21,02122,4
20240429,21,02128,4
20240429,21,02130,1
20240429,21,02139,1
20240429,21,02143,1
20240429,21,02171,3
20240429,21,02179,1
20240429,21,02185,1
20240429,21,02186,3
20240429,21,02191,6
20240429,21,02198,5
20240429,21,03310,1
20240429,21,03311,2
20240429,21,03802,6
20240429,22,02111,2
20240429,22,02112,2
20240429,22,02116,1
20240429,22,02122,1
20240429,22,02139,4
20240429,22,02143,2
20240429,22,02148,4
20240429,22,02171,5
20240429,22,02179,1
20240429,22,02185,3
20240429,22,02191,3
20240429,22,02198,2
20240429,22,03310,1
20240429,22,03802,1
20240429,23,02111,1
20240429,23,02112,5
20240429,23,02122,1
20240429,23,02143,1
20240429,23,02148,3
20240429,23,02159,2
20240429,23,02171,3
20240429,23,02178,3
20240429,23,02179,2
20240429,23,02186,1
20240429,23,02191,1
20240429,23,02198,2
20240429,3,02112,1
20240429,3,02198,1
20240429,4,02112,1
20240429,4,02116,1
20240429,4,02191,2
20240429,5,02139,1
20240429,5,02191,1
20240429,5,02198,2
20240429,5,03310,1
20240429,6,02122,1
20240429,6,02130,1
20240429,6,02139,2
20240429,6,02186,2
20240429,6,02191,1
20240429,6,02198,1
20240429,6,03311,1
20240429,6,03802,1
20240429,7,02111,3
20240429,7,02112,1
20240429,7,02116,1
20240429,7,02129,1
20240429,7,02139,3
20240429,7,02143,1
20240429,7,02148,1
20240429,7,02159,2
20240429,7,02171,3
20240429,7,02179,3
20240429,7,02185,2
20240429,7,02186,3
20240429,7,02191,1
20240429,7,03310,3
20240429,7,03311,1
20240429,7,03802,6
20240429,8,02112,2
20240429,8,02139,5
20240429,8,02143,1
20240429,8,02148,5
20240429,8,02159,2
20240429,8,02171,2
20240429,8,02172,1
20240429,8,02179,4
20240429,8,02185,2
20240429,8,02186,1
20240429,8,02191,7
20240429,8,02198,1
20240429,8,03310,3
20240429,8,03311,4
20240429,8,03802,1
20240429,9,02111,1
20240429,9,02112,3
20240429,9,02122,1
20240429,9,02128,2
20240429,9,02139,1
20240429,9,02143,2
20240429,9,02148,1
20240429,9,02159,1
20240429,9,02171,4
20240429,9,02179,2
20240429,9,02185,1
20240429,9,02186,1
20240429,9,02191,1
20240429,9,02198,2
20240429,9,03310,1
20240429,9,03311,4
20240430,0,02111,5
20240430,0,02112,1
20240430,0,02122,1
20240430,0,02130,2
20240430,0,02139,1
20240430,0,02143,2
20240430,0,02148,4
20240430,0,02171,4
20240430,0,02172,1
20240430,0,02178,1
20240430,0,03310,1
20240430,1,02111,2
20240430,1,02112,1
20240430,1,02116,4
20240430,1,02148,3
20240430,1,02159,2
20240430,1,02171,1
20240430,1,02178,2
20240430,1,02179,1
20240430,1,02185,1
20240430,1,02191,1
20240430,1,03802,1
20240430,10,02111,2
20240430,10,02112,1
20240430,10,02116,1
20240430,10,02128,2
20240430,10,02139,5
20240430,10,02143,1
20240430,10,02148,2
20240430,10,02171,1
20240430,10,02172,2
20240430,10,02179,1
20240430,10,02185,1
20240430,10,02191,4
20240430,10,02199,1
20240430,10,03311,4
20240430,11,02112,1
20240430,11,02116,1
20240430,11,02122,1
20240430,11,02129,1
20240430,11,02130,1
20240430,11,02171,1
20240430,11,02172,1
20240430,11,02178,1
20240430,11,02179,1
20240430,11,02185,2
20240430,11,02186,1
20240430,11,02191,2
20240430,11,02198,1
20240430,11,02199,1
20240430,11,03311,1
20240430,11,03802,2
20240430,12,02111,2
20240430,12,02122,2
20240430,12,02128,2
20240430,12,02129,1
20240430,12,02139,2
20240430,12,02148,1
20240430,12,02171,5
20240430,12,02172,1
20240430,12,02179,2
20240430,12,02191,4
20240430,12,02198,3
20240430,12,02199,1
20240430,12,03802,1
20240430,13,02111,10
20240430,13,02128,1
20240430,13,02129,2
20240430,13,02143,1
20240430,13,02159,1
20240430,13,02171,3
20240430,13,02172,2
20240430,13,02178,2
20240430,13,02179,2
20240430,13,02186,1
20240430,13,02191,2
20240430,13,02199,1
20240430,13,03311,3
20240430,14,02112,4
20240430,14,02128,2
20240430,14,02129,1
20240430,14,02143,2
20240430,14,02148,1
20240430,14,02159,1
20240430,14,02171,6
20240430,14,02172,1
20240430,14,02178,1
20240430,14,02179,4
20240430,14,02185,1
20240430,14,02198,1
20240430,14,02199,1
20240430,14,03311,4
20240430,15,02111,3
20240430,15,02116,1
20240430,15,02122,2
20240430,15,02128,1
20240430,15,02139,1
20240430,15,02143,1
20240430,15,02159,1
20240430,15,02171,4
20240430,15,02172,1
20240430,15,02178,3
20240430,15,02179,2
20240430,15,02185,4
20240430,15,02186,1
20240430,15,02191,2
20240430,15,02198,1
20240430,15,02199,1
20240430,15,03311,5
20240430,16,02111,1
20240430,16,02112,1
20240430,16,02116,4
20240430,16,02122,1
20240430,16,02128,5
20240430,16,02129,1
20240430,16,02130,1
20240430,16,02143,2
20240430,16,02159,1
20240430,16,02171,5
20240430,16,02172,2
20240430,16,02178,2
20240430,16,02179,2
20240430,16,02191,3
20240430,16,02198,4
20240430,16,02199,1
20240430,16,03311,4
20240430,17,02111,1
20240430,17,02112,2
20240430,17,02122,1
20240430,17,02128,3
20240430,17,02129,4
20240430,17,02143,1
20240430,17,02148,2
20240430,17,02159,1
20240430,17,02171,1
20240430,17,02172,3
20240430,17,02178,9
20240430,17,02185,1
20240430,17,02186,3
20240430,17,02191,2
20240430,17,02198,1
20240430,17,03311,6
20240430,18,02111,3
20240430,18,02112,5
20240430,18,02116,1
20240430,18,02122,1
20240430,18,02128,1
20240430,18,02129,1
20240430,18,02130,3
20240430,18,02139,3
20240430,18,02143,3
20240430,18,02148,7
20240430,18,02159,2
20240430,18,02171,14
20240430,18,02172,1
20240430,18,02178,5
20240430,18,02179,4
20240430,18,02185,2
20240430,18,02186,1
20240430,18,02191,2
20240430,18,02198,4
20240430,18,02199,1
20240430,18,03310,2
20240430,18,03311,8
20240430,18,03802,3
20240430,19,02111,5
20240430,19,02112,6
20240430,19,02116,3
20240430,19,02122,3
20240430,19,02128,3
20240430,19,02129,1
20240430,19,02148,3
20240430,19,02171,6
20240430,19,02172,2
20240430,19,02178,3
20240430,19,02179,1
20240430,19,02185,1
20240430,19,02198,1
20240430,19,03311,1
20240430,19,03802,2
20240430,2,02116,1
20240430,2,02139,1
20240430,2,02171,2
20240430,2,02186,1
20240430,2,02191,3
20240430,2,02199,1
20240430,20,02111,1
20240430,20,02112,7
20240430,20,02116,8
20240430,20,02122,5
20240430,20,02128,1
20240430,20,02129,1
20240430,20,02139,3
20240430,20,02148,3
20240430,20,02159,1
20240430,20,02171,8
20240430,20,02172,1
20240430,20,02179,6
20240430,20,02185,2
20240430,20,02186,3
20240430,20,02191,6
20240430,20,02198,6
20240430,20,03310,3
20240430,20,03311,5
20240430,20,03802,5
20240430,21,02111,4
20240430,21,02112,7
20240430,21,02116,5
20240430,21,02122,2
20240430,21,02129,2
20240430,21,02148,2
20240430,21,02171,4
20240430,21,02172,2
20240430,21,02185,3
20240430,21,02186,1
20240430,21,02191,3
20240430,21,02198,4
20240430,21,03311,2
20240430,21,03802,2
20240430,22,02111,3
20240430,22,02112,1
20240430,22,02116,3
20240430,22,02122,4
20240430,22,02128,1
20240430,22,02129,2
20240430,22,02130,1
20240430,22,02139,3
20240430,22,02143,2
20240430,22,02148,4
20240430,22,02171,6
20240430,22,02172,1
20240430,22,02179,2
20240430,22,02185,3
20240430,22,02186,1
20240430,22,02191,3
20240430,22,03310,1
20240430,22,03311,2
20240430,23,02111,1
20240430,23,02112,2
20240430,23,02122,1
20240430,23,02159,1
20240430,23,02171,2
20240430,23,02179,2
20240430,23,02185,1
20240430,23,02186,3
20240430,23,02198,1
20240430,23,03311,2
20240430,3,02116,1
20240430,3,02129,1
20240430,3,02139,1
20240430,3,02179,1
20240430,3,02185,1
20240430,3,03310,1
20240430,4,02111,1
20240430,4,02171,1
20240430,4,02178,1
20240430,4,02191,2
20240430,5,02116,1
20240430,5,02122,1
20240430,5,02171,1
20240430,5,02198,1
20240430,5,03311,1
20240430,6,02116,1
20240430,6,02122,2
20240430,6,02129,1
20240430,6,02139,1
20240430,6,02159,3
20240430,6,02171,1
20240430,6,02178,1
20240430,6,02186,2
20240430,6,02191,2
20240430,6,03310,1
20240430,6,03311,1
20240430,6,03802,2
20240430,7,02111,2
20240430,7,02139,4
20240430,7,02148,5
20240430,7,02159,1
20240430,7,02171,2
20240430,7,02179,3
20240430,7,02185,4
20240430,7,02186,1
20240430,7,02191,1
20240430,7,02198,1
20240430,7,03310,3
20240430,7,03311,2
20240430,7,03802,4
20240430,8,02122,2
20240430,8,02128,2
20240430,8,02139,6
20240430,8,02143,4
20240430,8,02148,6
20240430,8,02159,1
20240430,8,02171,3
20240430,8,02172,1
20240430,8,02178,1
20240430,8,02179,4
20240430,8,02185,3
20240430,8,02191,5
20240430,8,02198,1
20240430,8,03310,1
20240430,8,03311,5
20240430,8,03802,4
20240430,9,02111,2
20240430,9,02112,1
20240430,9,02122,2
20240430,9,02128,1
20240430,9,02129,1
20240430,9,02130,1
20240430,9,02139,2
20240430,9,02143,3
20240430,9,02148,3
20240430,9,02171,1
20240430,9,02179,4
20240430,9,02186,2
20240430,9,02191,3
20240430,9,02198,4
20240430,9,02199,1
20240430,9,03311,2
20240430,9,03802,3
