RENT_DATE,RENT_TIME,RENT_ID,CNT
20211201,0,02112,1
20211201,0,02116,1
20211201,0,02122,1
20211201,0,02139,1
20211201,0,02191,1
20211201,0,02198,1
20211201,0,03311,2
20211201,1,02122,1
20211201,1,02128,1
20211201,1,02171,1
20211201,1,02191,1
20211201,10,02111,1
20211201,10,02112,1
20211201,10,02139,1
20211201,10,02143,1
20211201,10,02148,1
20211201,10,02159,2
20211201,10,02171,1
20211201,10,02172,1
20211201,10,02179,1
20211201,10,02185,1
20211201,10,02198,1
20211201,10,03310,1
20211201,10,03311,1
20211201,11,02139,1
20211201,11,02171,3
20211201,11,02178,1
20211201,11,02186,1
20211201,12,02111,2
20211201,12,02122,1
20211201,12,02139,1
20211201,12,02143,1
20211201,12,02148,1
20211201,12,02172,1
20211201,12,02178,1
20211201,12,02179,2
20211201,12,02191,4
20211201,12,03310,3
20211201,13,02112,1
20211201,13,02122,1
20211201,13,02129,1
20211201,13,02148,1
20211201,13,02159,1
20211201,13,02171,1
20211201,13,02179,1
20211201,13,02186,1
20211201,13,02191,2
20211201,13,02198,1
20211201,13,03310,2
20211201,14,02128,1
20211201,14,02139,1
20211201,14,02171,1
20211201,14,02179,4
20211201,14,02186,5
20211201,14,02191,1
20211201,14,03311,1
20211201,15,02112,1
20211201,15,02116,2
20211201,15,02122,2
20211201,15,02128,1
20211201,15,02130,1
20211201,15,02139,2
20211201,15,02159,2
20211201,15,02178,4
20211201,15,02179,2
20211201,15,02191,2
20211201,15,03311,1
20211201,16,02111,2
20211201,16,02116,1
20211201,16,02122,2
20211201,16,02128,4
20211201,16,02129,2
20211201,16,02139,2
20211201,16,02159,2
20211201,16,02171,3
20211201,16,02172,1
20211201,16,02185,2
20211201,16,02191,1
20211201,16,02198,1
20211201,16,03310,4
20211201,16,03311,1
20211201,17,02111,2
20211201,17,02112,2
20211201,17,02116,1
20211201,17,02122,2
20211201,17,02128,2
20211201,17,02130,3
20211201,17,02143,2
20211201,17,02148,2
20211201,17,02171,2
20211201,17,02172,1
20211201,17,02178,1
20211201,17,02179,2
20211201,17,02185,1
20211201,17,02186,1
20211201,17,02191,3
20211201,17,03310,2
20211201,17,03311,2
20211201,18,02111,2
20211201,18,02116,2
20211201,18,02122,1
20211201,18,02129,1
20211201,18,02139,2
20211201,18,02171,3
20211201,18,02172,2
20211201,18,02179,1
20211201,18,02185,1
20211201,18,02191,2
20211201,18,02198,3
20211201,18,02199,1
20211201,18,03310,2
20211201,18,03311,3
20211201,19,02111,1
20211201,19,02112,1
20211201,19,02116,1
20211201,19,02122,1
20211201,19,02128,2
20211201,19,02130,1
20211201,19,02171,1
20211201,19,02172,1
20211201,19,02179,3
20211201,19,02185,1
20211201,19,02186,1
20211201,19,03311,3
20211201,2,02129,1
20211201,2,02130,1
20211201,2,02191,2
20211201,2,02198,1
20211201,20,02112,2
20211201,20,02116,3
20211201,20,02128,2
20211201,20,02130,4
20211201,20,02159,1
20211201,20,02171,3
20211201,20,02179,3
20211201,20,02185,2
20211201,20,02191,1
20211201,20,02198,1
20211201,20,03311,3
20211201,21,02112,2
20211201,21,02116,2
20211201,21,02122,1
20211201,21,02128,2
20211201,21,02139,1
20211201,21,02148,2
20211201,21,02171,2
20211201,21,02172,2
20211201,21,02179,1
20211201,21,02191,2
20211201,22,02112,2
20211201,22,02116,3
20211201,22,02122,1
20211201,22,02128,1
20211201,22,02129,1
20211201,22,02171,1
20211201,22,02191,1
20211201,22,03802,1
20211201,23,02111,1
20211201,23,02112,1
20211201,23,02116,2
20211201,23,02148,2
20211201,23,02179,1
20211201,3,02111,1
20211201,3,02130,1
20211201,3,02191,1
20211201,3,02198,1
20211201,5,02130,1
20211201,5,02159,1
20211201,5,02185,1
20211201,6,02179,1
20211201,6,02198,1
20211201,7,02112,2
20211201,7,02130,1
20211201,7,02139,1
20211201,7,02159,1
20211201,7,02171,1
20211201,7,02185,2
20211201,7,02186,1
20211201,7,02191,1
20211201,8,02111,1
20211201,8,02112,4
20211201,8,02122,1
20211201,8,02139,1
20211201,8,02148,1
20211201,8,02178,1
20211201,8,02179,1
20211201,8,02185,1
20211201,8,02191,5
20211201,8,02198,1
20211201,9,02111,2
20211201,9,02129,1
20211201,9,02148,1
20211201,9,02159,1
20211201,9,02179,1
20211201,9,02186,1
20211201,9,03311,2
20211202,0,02111,2
20211202,0,02112,3
20211202,0,02116,3
20211202,0,02128,2
20211202,0,02129,1
20211202,0,02148,1
20211202,0,02171,2
20211202,0,02172,1
20211202,0,02186,1
20211202,0,02198,2
20211202,0,03311,1
20211202,1,02111,2
20211202,1,02112,1
20211202,1,02116,1
20211202,1,02122,2
20211202,1,02128,2
20211202,1,02139,1
20211202,1,02159,2
20211202,1,02179,1
20211202,1,02186,1
20211202,1,02198,1
20211202,1,02199,1
20211202,10,02111,1
20211202,10,02112,1
20211202,10,02128,1
20211202,10,02139,1
20211202,10,02159,1
20211202,10,02171,1
20211202,10,02178,1
20211202,10,02185,1
20211202,10,03311,2
20211202,11,02111,1
20211202,11,02112,3
20211202,11,02128,1
20211202,11,02130,1
20211202,11,02139,2
20211202,11,02171,1
20211202,11,02172,1
20211202,11,02185,1
20211202,11,02191,1
20211202,11,03802,1
20211202,12,02111,3
20211202,12,02112,1
20211202,12,02116,3
20211202,12,02122,2
20211202,12,02128,2
20211202,12,02129,1
20211202,12,02139,3
20211202,12,02171,2
20211202,12,02178,1
20211202,12,02179,1
20211202,12,02191,1
20211202,12,02198,1
20211202,13,02111,2
20211202,13,02112,3
20211202,13,02128,2
20211202,13,02129,1
20211202,13,02139,4
20211202,13,02159,1
20211202,13,02171,3
20211202,13,02172,3
20211202,13,02179,2
20211202,13,02185,1
20211202,13,02191,2
20211202,13,02198,1
20211202,13,02199,2
20211202,13,03311,1
20211202,14,02111,1
20211202,14,02171,1
20211202,14,02191,2
20211202,14,02198,1
20211202,14,03311,3
20211202,15,02112,1
20211202,15,02116,1
20211202,15,02128,2
20211202,15,02159,1
20211202,15,02171,1
20211202,15,02191,2
20211202,16,02111,1
20211202,16,02116,1
20211202,16,02128,1
20211202,16,02171,1
20211202,16,02179,1
20211202,16,02185,1
20211202,16,02186,1
20211202,16,02191,2
20211202,16,03311,1
20211202,17,02111,1
20211202,17,02112,2
20211202,17,02116,3
20211202,17,02122,3
20211202,17,02128,1
20211202,17,02148,1
20211202,17,02159,1
20211202,17,02171,1
20211202,17,02172,1
20211202,17,02178,3
20211202,17,02179,1
20211202,17,02191,3
20211202,17,03311,1
20211202,17,03802,1
20211202,18,02111,2
20211202,18,02112,5
20211202,18,02116,3
20211202,18,02128,3
20211202,18,02129,1
20211202,18,02148,1
20211202,18,02159,1
20211202,18,02171,4
20211202,18,02178,1
20211202,18,02179,2
20211202,18,02185,1
20211202,18,02186,2
20211202,18,02191,2
20211202,18,02199,1
20211202,18,03311,4
20211202,19,02111,2
20211202,19,02112,1
20211202,19,02116,3
20211202,19,02129,1
20211202,19,02139,1
20211202,19,02148,2
20211202,19,02171,2
20211202,19,02179,4
20211202,19,02191,1
20211202,19,02198,1
20211202,19,03311,2
20211202,2,02122,2
20211202,2,02129,1
20211202,2,02171,2
20211202,2,02186,1
20211202,20,02116,1
20211202,20,02171,1
20211202,20,02178,2
20211202,20,02179,1
20211202,20,02198,1
20211202,21,02111,1
20211202,21,02112,1
20211202,21,02116,1
20211202,21,02128,1
20211202,21,02143,2
20211202,21,02178,1
20211202,21,02179,2
20211202,21,02186,1
20211202,21,02191,1
20211202,21,03311,1
20211202,22,02111,1
20211202,22,02116,3
20211202,22,02122,1
20211202,22,02139,1
20211202,22,02159,1
20211202,22,02178,1
20211202,22,02179,2
20211202,22,02185,1
20211202,22,02191,1
20211202,22,02198,1
20211202,22,02199,1
20211202,22,03311,1
20211202,23,02111,1
20211202,23,02112,1
20211202,23,02116,1
20211202,23,02143,1
20211202,23,02148,2
20211202,23,02171,1
20211202,23,02179,1
20211202,23,02191,1
20211202,3,02111,1
20211202,3,02122,1
20211202,3,02171,1
20211202,3,02198,1
20211202,3,03311,1
20211202,4,02198,1
20211202,5,02159,1
20211202,5,02185,1
20211202,6,02139,1
20211202,6,02159,1
20211202,7,02112,1
20211202,7,02139,1
20211202,7,02143,1
20211202,7,02148,1
20211202,7,02159,1
20211202,7,02171,1
20211202,7,02178,1
20211202,7,02185,2
20211202,7,02186,2
20211202,7,02191,3
20211202,8,02112,4
20211202,8,02116,1
20211202,8,02122,1
20211202,8,02143,1
20211202,8,02171,1
20211202,8,02179,1
20211202,8,02186,1
20211202,8,02191,2
20211202,8,02199,1
20211202,9,02111,1
20211202,9,02122,1
20211202,9,02129,1
20211202,9,02139,2
20211202,9,02148,1
20211202,9,02171,2
20211202,9,02178,1
20211202,9,02185,2
20211203,0,02111,3
20211203,0,02112,7
20211203,0,02116,1
20211203,0,02128,2
20211203,0,02129,2
20211203,0,02171,2
20211203,0,02178,1
20211203,0,02179,2
20211203,0,02198,1
20211203,0,03311,4
20211203,1,02112,2
20211203,1,02116,1
20211203,1,02122,1
20211203,1,02128,1
20211203,1,02139,2
20211203,1,02148,1
20211203,1,02171,3
20211203,1,02198,1
20211203,1,03311,1
20211203,10,02111,1
20211203,10,02112,1
20211203,10,02139,1
20211203,10,02148,1
20211203,10,02159,4
20211203,10,02171,1
20211203,10,02172,1
20211203,10,02179,2
20211203,10,02185,1
20211203,10,02191,1
20211203,10,03311,4
20211203,11,02112,1
20211203,11,02122,2
20211203,11,02128,1
20211203,11,02139,1
20211203,11,02148,2
20211203,11,02171,2
20211203,11,02172,1
20211203,11,02178,2
20211203,11,02179,2
20211203,11,02191,1
20211203,11,03310,2
20211203,11,03311,1
20211203,12,02112,1
20211203,12,02116,1
20211203,12,02122,1
20211203,12,02139,1
20211203,12,02148,1
20211203,12,02171,3
20211203,12,02179,1
20211203,12,02186,1
20211203,12,02191,3
20211203,12,02198,1
20211203,12,03310,1
20211203,13,02111,1
20211203,13,02116,1
20211203,13,02122,3
20211203,13,02128,2
20211203,13,02143,1
20211203,13,02148,1
20211203,13,02159,1
20211203,13,02171,2
20211203,13,02178,5
20211203,13,02179,1
20211203,13,02186,2
20211203,13,02191,2
20211203,13,02198,2
20211203,13,03311,3
20211203,14,02122,1
20211203,14,02128,1
20211203,14,02129,1
20211203,14,02148,1
20211203,14,02171,2
20211203,14,02178,1
20211203,14,02179,1
20211203,14,03310,1
20211203,14,03311,2
20211203,15,02112,1
20211203,15,02122,2
20211203,15,02128,1
20211203,15,02143,1
20211203,15,02159,1
20211203,15,02171,1
20211203,15,02172,3
20211203,15,02178,1
20211203,15,02179,2
20211203,15,02186,1
20211203,15,02191,1
20211203,15,02198,1
20211203,15,03311,1
20211203,16,02128,2
20211203,16,02129,1
20211203,16,02130,1
20211203,16,02148,1
20211203,16,02171,3
20211203,16,02185,1
20211203,16,02186,1
20211203,16,02191,5
20211203,16,02198,1
20211203,16,03310,4
20211203,16,03311,2
20211203,16,03802,1
20211203,17,02111,1
20211203,17,02112,1
20211203,17,02116,1
20211203,17,02122,2
20211203,17,02129,1
20211203,17,02139,1
20211203,17,02143,1
20211203,17,02148,1
20211203,17,02171,4
20211203,17,02172,1
20211203,17,02178,3
20211203,17,02179,2
20211203,17,02186,2
20211203,17,02191,1
20211203,17,02198,2
20211203,17,03310,2
20211203,17,03311,1
20211203,18,02111,5
20211203,18,02122,3
20211203,18,02128,3
20211203,18,02129,1
20211203,18,02130,1
20211203,18,02159,1
20211203,18,02171,4
20211203,18,02179,1
20211203,18,02185,2
20211203,18,02186,1
20211203,18,02198,1
20211203,18,02199,1
20211203,18,03310,3
20211203,18,03311,3
20211203,19,02111,3
20211203,19,02112,3
20211203,19,02128,3
20211203,19,02129,1
20211203,19,02148,1
20211203,19,02171,6
20211203,19,02178,2
20211203,19,02179,2
20211203,19,02185,2
20211203,19,02186,2
20211203,19,02198,1
20211203,19,03311,1
20211203,2,02199,1
20211203,20,02112,1
20211203,20,02116,4
20211203,20,02122,2
20211203,20,02128,2
20211203,20,02129,1
20211203,20,02130,1
20211203,20,02139,1
20211203,20,02143,1
20211203,20,02148,1
20211203,20,02159,1
20211203,20,02171,2
20211203,20,02179,3
20211203,20,02198,2
20211203,21,02111,1
20211203,21,02122,1
20211203,21,02128,1
20211203,21,02130,1
20211203,21,02148,3
20211203,21,02159,1
20211203,21,02171,1
20211203,21,02178,1
20211203,21,02179,2
20211203,21,02191,2
20211203,22,02111,2
20211203,22,02112,3
20211203,22,02116,2
20211203,22,02122,1
20211203,22,02139,1
20211203,22,02148,2
20211203,22,02172,1
20211203,22,02178,1
20211203,22,02179,1
20211203,22,02185,1
20211203,22,02186,2
20211203,22,02191,1
20211203,23,02111,1
20211203,23,02112,1
20211203,23,02128,1
20211203,23,02143,1
20211203,23,02171,1
20211203,23,02179,2
20211203,23,02186,1
20211203,23,02198,1
20211203,3,02185,1
20211203,3,02186,1
20211203,4,02171,1
20211203,5,02159,2
20211203,6,02129,1
20211203,6,02139,1
20211203,6,02171,1
20211203,6,02179,1
20211203,6,03310,1
20211203,7,02139,1
20211203,7,02171,1
20211203,7,02185,2
20211203,7,02186,1
20211203,7,02191,2
20211203,8,02111,1
20211203,8,02112,2
20211203,8,02129,1
20211203,8,02139,1
20211203,8,02143,1
20211203,8,02148,2
20211203,8,02179,1
20211203,8,02186,1
20211203,8,02191,3
20211203,8,02198,1
20211203,8,03310,2
20211203,9,02111,2
20211203,9,02112,1
20211203,9,02148,1
20211203,9,02171,1
20211203,9,02178,1
20211203,9,03310,2
20211203,9,03311,1
20211204,0,02111,2
20211204,0,02112,3
20211204,0,02116,2
20211204,0,02122,1
20211204,0,02128,3
20211204,0,02148,2
20211204,0,02171,4
20211204,0,02179,1
20211204,0,02186,1
20211204,0,02191,1
20211204,0,02198,1
20211204,0,03310,1
20211204,0,03311,1
20211204,1,02112,1
20211204,1,02116,1
20211204,1,02122,1
20211204,1,02179,1
20211204,10,02112,2
20211204,10,02116,1
20211204,10,02122,1
20211204,10,02128,2
20211204,10,02129,1
20211204,10,02130,1
20211204,10,02139,1
20211204,10,02159,2
20211204,10,02172,2
20211204,10,02185,1
20211204,10,02198,1
20211204,10,03311,1
20211204,11,02112,1
20211204,11,02116,1
20211204,11,02122,1
20211204,11,02130,2
20211204,11,02139,1
20211204,11,02143,6
20211204,11,02148,3
20211204,11,02178,1
20211204,11,02179,5
20211204,11,02185,2
20211204,11,02191,2
20211204,11,02198,1
20211204,12,02111,2
20211204,12,02128,2
20211204,12,02139,1
20211204,12,02143,1
20211204,12,02148,3
20211204,12,02159,3
20211204,12,02171,3
20211204,12,02172,3
20211204,12,02178,3
20211204,12,02179,1
20211204,12,02191,1
20211204,12,02198,1
20211204,12,03311,2
20211204,13,02111,2
20211204,13,02116,2
20211204,13,02122,1
20211204,13,02128,1
20211204,13,02130,1
20211204,13,02143,1
20211204,13,02148,2
20211204,13,02159,1
20211204,13,02171,1
20211204,13,02179,3
20211204,13,02185,1
20211204,13,02186,1
20211204,13,02191,1
20211204,13,03310,1
20211204,13,03311,1
20211204,13,03802,1
20211204,14,02122,3
20211204,14,02128,1
20211204,14,02130,1
20211204,14,02139,3
20211204,14,02143,2
20211204,14,02148,1
20211204,14,02159,1
20211204,14,02171,3
20211204,14,02178,3
20211204,14,02179,1
20211204,14,02185,2
20211204,14,02191,1
20211204,14,02198,1
20211204,14,02199,1
20211204,14,03311,1
20211204,15,02112,1
20211204,15,02116,2
20211204,15,02128,1
20211204,15,02143,1
20211204,15,02148,1
20211204,15,02171,2
20211204,15,02178,1
20211204,15,02179,1
20211204,15,02185,2
20211204,15,02191,1
20211204,15,02198,1
20211204,15,03311,1
20211204,16,02111,1
20211204,16,02112,1
20211204,16,02116,1
20211204,16,02122,1
20211204,16,02128,5
20211204,16,02129,1
20211204,16,02130,1
20211204,16,02148,1
20211204,16,02171,3
20211204,16,02172,1
20211204,16,02178,3
20211204,16,02179,6
20211204,16,02185,1
20211204,16,02186,1
20211204,16,02191,2
20211204,16,02198,1
20211204,16,03311,2
20211204,16,03802,1
20211204,17,02111,2
20211204,17,02112,1
20211204,17,02116,1
20211204,17,02122,1
20211204,17,02130,2
20211204,17,02139,1
20211204,17,02143,2
20211204,17,02148,1
20211204,17,02171,4
20211204,17,02185,2
20211204,17,02186,1
20211204,17,02191,3
20211204,17,02198,1
20211204,17,02199,1
20211204,17,03311,2
20211204,18,02111,3
20211204,18,02112,1
20211204,18,02116,2
20211204,18,02130,1
20211204,18,02139,2
20211204,18,02143,1
20211204,18,02148,1
20211204,18,02171,3
20211204,18,02178,2
20211204,18,02179,1
20211204,18,02186,1
20211204,18,03311,1
20211204,19,02111,1
20211204,19,02112,2
20211204,19,02116,3
20211204,19,02128,3
20211204,19,02130,1
20211204,19,02148,1
20211204,19,02171,2
20211204,19,02179,2
20211204,19,02186,1
20211204,19,02198,4
20211204,19,02199,1
20211204,19,03311,1
20211204,2,02111,6
20211204,2,02112,3
20211204,2,02178,1
20211204,20,02111,1
20211204,20,02112,2
20211204,20,02116,1
20211204,20,02122,1
20211204,20,02129,1
20211204,20,02143,1
20211204,20,02171,3
20211204,20,02178,1
20211204,20,02179,1
20211204,20,02191,1
20211204,20,02198,2
20211204,21,02112,1
20211204,21,02122,1
20211204,21,02130,1
20211204,21,02139,1
20211204,21,02143,2
20211204,21,02148,2
20211204,21,02171,2
20211204,21,02179,2
20211204,21,02185,3
20211204,21,02186,1
20211204,21,02191,2
20211204,21,02198,1
20211204,22,02111,2
20211204,22,02112,2
20211204,22,02116,1
20211204,22,02129,1
20211204,22,02139,2
20211204,22,02171,1
20211204,22,02178,1
20211204,22,02185,1
20211204,22,02186,2
20211204,22,02191,3
20211204,22,02198,3
20211204,22,03311,2
20211204,23,02111,2
20211204,23,02112,1
20211204,23,02179,1
20211204,23,02186,1
20211204,23,02191,2
20211204,23,02198,1
20211204,23,03310,1
20211204,3,02122,1
20211204,3,02128,1
20211204,3,02129,1
20211204,3,02148,1
20211204,3,02178,1
20211204,3,02179,2
20211204,4,02148,1
20211204,4,02179,1
20211204,4,02186,1
20211204,5,02178,1
20211204,5,02191,1
20211204,7,02122,1
20211204,7,02159,1
20211204,8,02112,1
20211204,8,02159,1
20211204,8,02178,1
20211204,8,02185,2
20211204,8,02186,1
20211204,8,02191,2
20211204,8,03310,1
20211204,9,02111,2
20211204,9,02112,1
20211204,9,02122,1
20211204,9,02128,4
20211204,9,02130,1
20211204,9,02139,1
20211204,9,02143,1
20211204,9,02159,1
20211204,9,02178,1
20211204,9,02179,1
20211204,9,02185,2
20211204,9,02186,1
20211204,9,02198,1
20211205,0,02112,5
20211205,0,02130,1
20211205,0,02171,6
20211205,0,02178,1
20211205,0,02179,1
20211205,0,02191,1
20211205,1,02122,1
20211205,1,02148,1
20211205,1,02171,5
20211205,1,02186,1
20211205,1,02198,1
20211205,10,02112,1
20211205,10,02122,1
20211205,10,02143,1
20211205,10,02186,1
20211205,10,02191,3
20211205,10,03311,1
20211205,10,03802,1
20211205,11,02112,2
20211205,11,02116,1
20211205,11,02122,2
20211205,11,02128,1
20211205,11,02148,1
20211205,11,02159,1
20211205,11,02171,3
20211205,11,02179,1
20211205,11,02185,1
20211205,11,02186,2
20211205,11,02191,3
20211205,11,02198,1
20211205,11,03311,2
20211205,12,02112,1
20211205,12,02122,1
20211205,12,02129,1
20211205,12,02171,1
20211205,12,02172,3
20211205,12,02178,2
20211205,12,02191,1
20211205,12,02198,2
20211205,12,03310,1
20211205,13,02111,4
20211205,13,02116,1
20211205,13,02122,1
20211205,13,02128,1
20211205,13,02130,1
20211205,13,02139,1
20211205,13,02143,2
20211205,13,02148,2
20211205,13,02159,3
20211205,13,02171,1
20211205,13,02178,1
20211205,13,02179,2
20211205,13,02185,1
20211205,13,02186,1
20211205,13,02191,3
20211205,13,03311,2
20211205,14,02112,5
20211205,14,02122,2
20211205,14,02128,1
20211205,14,02130,2
20211205,14,02139,1
20211205,14,02143,1
20211205,14,02148,4
20211205,14,02171,1
20211205,14,02178,1
20211205,14,02179,1
20211205,14,02185,2
20211205,14,02186,1
20211205,14,02191,1
20211205,14,02198,5
20211205,14,03311,3
20211205,15,02111,3
20211205,15,02112,1
20211205,15,02116,2
20211205,15,02128,3
20211205,15,02129,1
20211205,15,02148,2
20211205,15,02159,1
20211205,15,02171,3
20211205,15,02172,2
20211205,15,02178,2
20211205,15,02179,1
20211205,15,02185,1
20211205,15,02186,2
20211205,15,02191,1
20211205,15,03311,2
20211205,16,02112,4
20211205,16,02122,1
20211205,16,02128,1
20211205,16,02139,2
20211205,16,02143,1
20211205,16,02148,2
20211205,16,02171,1
20211205,16,02172,3
20211205,16,02178,1
20211205,16,02179,5
20211205,16,02185,1
20211205,16,02186,5
20211205,16,02191,2
20211205,16,02198,2
20211205,16,03310,1
20211205,16,03311,4
20211205,16,03802,3
20211205,17,02111,2
20211205,17,02112,1
20211205,17,02128,1
20211205,17,02139,1
20211205,17,02143,2
20211205,17,02148,3
20211205,17,02171,4
20211205,17,02172,1
20211205,17,02178,1
20211205,17,02179,3
20211205,17,02185,1
20211205,17,02186,3
20211205,18,02111,1
20211205,18,02112,3
20211205,18,02116,2
20211205,18,02139,1
20211205,18,02148,2
20211205,18,02171,6
20211205,18,02179,3
20211205,18,03311,1
20211205,19,02112,1
20211205,19,02122,3
20211205,19,02128,1
20211205,19,02139,1
20211205,19,02143,2
20211205,19,02171,4
20211205,19,02179,5
20211205,19,02191,2
20211205,2,02112,1
20211205,2,02171,1
20211205,2,03311,1
20211205,20,02112,3
20211205,20,02116,2
20211205,20,02128,2
20211205,20,02129,1
20211205,20,02148,1
20211205,20,02171,1
20211205,20,02178,1
20211205,20,02179,3
20211205,20,02191,2
20211205,21,02111,1
20211205,21,02112,2
20211205,21,02128,1
20211205,21,02139,1
20211205,21,02159,1
20211205,21,02171,1
20211205,21,02179,1
20211205,21,02185,1
20211205,21,02186,2
20211205,21,03311,2
20211205,22,02111,1
20211205,22,02112,2
20211205,22,02128,2
20211205,22,02179,2
20211205,22,02185,1
20211205,22,02198,2
20211205,22,03311,1
20211205,23,02111,1
20211205,23,02112,2
20211205,23,02116,1
20211205,23,02122,1
20211205,23,02148,1
20211205,23,02186,1
20211205,23,02198,1
20211205,23,02199,1
20211205,3,02111,1
20211205,3,02122,1
20211205,3,02171,2
20211205,4,02111,1
20211205,4,02128,2
20211205,4,02148,2
20211205,4,02171,2
20211205,5,02128,1
20211205,6,02122,1
20211205,7,02139,1
20211205,7,02159,1
20211205,7,02191,2
20211205,8,02143,1
20211205,8,02148,1
20211205,8,02171,1
20211205,8,02185,2
20211205,9,02111,2
20211205,9,02112,1
20211205,9,02128,1
20211205,9,02130,1
20211205,9,02172,1
20211205,9,02178,1
20211205,9,02185,1
20211205,9,02186,1
20211206,0,02112,1
20211206,0,02116,4
20211206,0,02128,1
20211206,0,02129,2
20211206,0,02185,1
20211206,0,02198,1
20211206,0,02199,1
20211206,1,02171,1
20211206,1,02172,2
20211206,1,02191,3
20211206,1,02198,2
20211206,10,02111,1
20211206,10,02122,3
20211206,10,02128,1
20211206,10,02129,2
20211206,10,02130,1
20211206,10,02139,1
20211206,10,02148,1
20211206,10,02159,1
20211206,10,02171,1
20211206,10,02172,1
20211206,10,02178,1
20211206,10,02185,1
20211206,10,02186,2
20211206,10,02191,1
20211206,10,02198,1
20211206,10,03311,1
20211206,10,03802,2
20211206,11,02111,2
20211206,11,02112,1
20211206,11,02116,1
20211206,11,02122,2
20211206,11,02128,1
20211206,11,02129,2
20211206,11,02148,1
20211206,11,02179,2
20211206,11,02185,1
20211206,11,02186,1
20211206,11,02191,3
20211206,11,03311,1
20211206,12,02111,2
20211206,12,02112,3
20211206,12,02122,3
20211206,12,02128,1
20211206,12,02129,1
20211206,12,02130,1
20211206,12,02139,3
20211206,12,02171,4
20211206,12,02178,1
20211206,12,02179,6
20211206,12,02186,1
20211206,12,02191,1
20211206,12,02198,1
20211206,13,02112,3
20211206,13,02122,1
20211206,13,02128,3
20211206,13,02139,1
20211206,13,02148,1
20211206,13,02171,1
20211206,13,02179,1
20211206,13,02191,1
20211206,13,02198,1
20211206,13,02199,1
20211206,13,03311,1
20211206,14,02111,1
20211206,14,02116,1
20211206,14,02122,1
20211206,14,02128,2
20211206,14,02139,1
20211206,14,02143,1
20211206,14,02159,1
20211206,14,02172,2
20211206,14,02178,4
20211206,14,02198,2
20211206,14,03311,2
20211206,15,02111,2
20211206,15,02112,3
20211206,15,02116,1
20211206,15,02128,6
20211206,15,02129,1
20211206,15,02139,2
20211206,15,02148,3
20211206,15,02159,2
20211206,15,02171,3
20211206,15,02178,1
20211206,15,02179,2
20211206,15,02186,1
20211206,15,02191,1
20211206,15,03311,1
20211206,16,02111,2
20211206,16,02112,2
20211206,16,02116,1
20211206,16,02122,1
20211206,16,02128,3
20211206,16,02148,1
20211206,16,02159,2
20211206,16,02171,4
20211206,16,02178,3
20211206,16,02179,1
20211206,16,02186,1
20211206,17,02111,1
20211206,17,02112,2
20211206,17,02116,1
20211206,17,02122,2
20211206,17,02128,2
20211206,17,02130,1
20211206,17,02143,1
20211206,17,02148,3
20211206,17,02171,1
20211206,17,02178,4
20211206,17,02179,2
20211206,17,02185,1
20211206,17,02186,2
20211206,17,02191,3
20211206,18,02112,2
20211206,18,02116,1
20211206,18,02122,1
20211206,18,02128,1
20211206,18,02139,3
20211206,18,02143,2
20211206,18,02148,2
20211206,18,02171,5
20211206,18,02178,3
20211206,18,02179,1
20211206,18,02185,1
20211206,18,02191,3
20211206,18,02198,1
20211206,18,02199,1
20211206,18,03311,4
20211206,18,03802,1
20211206,19,02111,2
20211206,19,02112,1
20211206,19,02116,3
20211206,19,02122,1
20211206,19,02128,2
20211206,19,02130,1
20211206,19,02139,1
20211206,19,02143,1
20211206,19,02148,2
20211206,19,02171,6
20211206,19,02172,1
20211206,19,02178,1
20211206,19,02179,4
20211206,19,02186,1
20211206,19,02191,1
20211206,19,02198,1
20211206,19,03311,2
20211206,19,03802,2
20211206,2,02112,1
20211206,2,02122,2
20211206,2,02139,1
20211206,20,02111,2
20211206,20,02112,1
20211206,20,02116,2
20211206,20,02122,1
20211206,20,02128,2
20211206,20,02139,2
20211206,20,02171,5
20211206,20,02178,1
20211206,20,02179,4
20211206,20,02186,2
20211206,20,02191,2
20211206,21,02111,4
20211206,21,02116,3
20211206,21,02122,3
20211206,21,02159,2
20211206,21,02171,7
20211206,21,02172,1
20211206,21,02185,1
20211206,21,02186,4
20211206,21,02198,1
20211206,21,03311,2
20211206,22,02111,1
20211206,22,02112,4
20211206,22,02116,2
20211206,22,02122,3
20211206,22,02129,2
20211206,22,02139,1
20211206,22,02171,1
20211206,22,02179,5
20211206,22,02185,1
20211206,22,02191,2
20211206,22,02198,1
20211206,22,02199,1
20211206,23,02111,2
20211206,23,02112,4
20211206,23,02116,2
20211206,23,02130,1
20211206,23,02172,2
20211206,23,02179,1
20211206,23,02185,1
20211206,23,02198,1
20211206,23,02199,1
20211206,3,02112,1
20211206,3,02122,2
20211206,3,02129,1
20211206,3,02148,1
20211206,3,02172,1
20211206,3,03311,1
20211206,4,02112,1
20211206,4,02148,1
20211206,5,02143,1
20211206,5,02159,1
20211206,5,02185,1
20211206,6,02139,1
20211206,7,02128,1
20211206,7,02148,1
20211206,7,02171,1
20211206,7,02185,1
20211206,7,02186,1
20211206,7,02191,5
20211206,8,02111,1
20211206,8,02112,2
20211206,8,02116,1
20211206,8,02128,2
20211206,8,02139,3
20211206,8,02143,1
20211206,8,02171,1
20211206,8,02178,1
20211206,8,02179,2
20211206,8,02185,1
20211206,8,02186,2
20211206,8,02191,2
20211206,9,02111,2
20211206,9,02112,2
20211206,9,02128,1
20211206,9,02139,4
20211206,9,02148,1
20211206,9,02171,1
20211206,9,02178,1
20211206,9,02179,1
20211206,9,02185,1
20211206,9,02191,1
20211206,9,03311,2
20211207,0,02112,5
20211207,0,02116,3
20211207,0,02128,1
20211207,0,02139,1
20211207,0,02171,1
20211207,0,02179,2
20211207,0,02186,1
20211207,0,02198,2
20211207,0,03311,1
20211207,1,02111,1
20211207,1,02112,2
20211207,1,02116,3
20211207,1,02122,2
20211207,1,02171,1
20211207,1,02172,1
20211207,1,02185,1
20211207,1,02186,1
20211207,1,02191,1
20211207,1,02198,1
20211207,1,03311,1
20211207,10,02111,1
20211207,10,02122,1
20211207,10,02128,1
20211207,10,02129,2
20211207,10,02139,2
20211207,10,02185,1
20211207,10,02191,1
20211207,10,03802,1
20211207,11,02112,1
20211207,11,02122,1
20211207,11,02129,1
20211207,11,02130,1
20211207,11,02139,1
20211207,11,02148,1
20211207,11,02171,2
20211207,11,02172,1
20211207,11,02179,4
20211207,11,02186,2
20211207,12,02111,2
20211207,12,02112,1
20211207,12,02122,1
20211207,12,02128,1
20211207,12,02129,1
20211207,12,02139,1
20211207,12,02148,1
20211207,12,02171,2
20211207,12,02178,3
20211207,12,02179,1
20211207,12,02185,1
20211207,12,02191,1
20211207,13,02111,2
20211207,13,02112,2
20211207,13,02129,3
20211207,13,02143,1
20211207,13,02171,5
20211207,13,02172,1
20211207,13,02179,4
20211207,13,02186,2
20211207,13,02191,1
20211207,13,02198,1
20211207,13,03311,3
20211207,14,02112,2
20211207,14,02122,1
20211207,14,02130,1
20211207,14,02171,3
20211207,14,02172,2
20211207,14,02179,1
20211207,14,02191,2
20211207,14,03311,1
20211207,14,03802,1
20211207,15,02111,1
20211207,15,02112,2
20211207,15,02116,2
20211207,15,02122,3
20211207,15,02128,2
20211207,15,02129,1
20211207,15,02139,1
20211207,15,02148,1
20211207,15,02171,1
20211207,15,02172,1
20211207,15,02191,1
20211207,15,02198,1
20211207,15,03311,2
20211207,16,02128,1
20211207,16,02130,1
20211207,16,02139,2
20211207,16,02159,1
20211207,16,02171,4
20211207,16,02172,4
20211207,16,02185,1
20211207,16,02186,2
20211207,16,02191,3
20211207,16,02198,2
20211207,16,02199,1
20211207,17,02111,2
20211207,17,02112,2
20211207,17,02116,2
20211207,17,02122,2
20211207,17,02128,2
20211207,17,02130,2
20211207,17,02139,3
20211207,17,02148,2
20211207,17,02171,5
20211207,17,02172,2
20211207,17,02178,3
20211207,17,02179,2
20211207,17,02186,1
20211207,17,02191,2
20211207,17,02198,1
20211207,17,02199,1
20211207,17,03311,2
20211207,18,02111,3
20211207,18,02112,2
20211207,18,02116,1
20211207,18,02122,2
20211207,18,02130,1
20211207,18,02139,1
20211207,18,02148,2
20211207,18,02159,1
20211207,18,02171,5
20211207,18,02172,2
20211207,18,02178,1
20211207,18,02179,5
20211207,18,02185,1
20211207,18,02186,1
20211207,18,02191,1
20211207,18,02198,3
20211207,18,03310,1
20211207,19,02111,3
20211207,19,02112,3
20211207,19,02116,6
20211207,19,02130,2
20211207,19,02139,1
20211207,19,02148,2
20211207,19,02159,1
20211207,19,02171,6
20211207,19,02172,1
20211207,19,02179,2
20211207,19,02185,1
20211207,19,02191,1
20211207,19,02199,1
20211207,19,03311,1
20211207,2,02111,1
20211207,2,02112,1
20211207,2,02116,1
20211207,2,02122,1
20211207,2,02143,1
20211207,2,02148,1
20211207,2,02171,1
20211207,2,02185,1
20211207,2,02198,1
20211207,20,02111,4
20211207,20,02112,2
20211207,20,02116,3
20211207,20,02122,2
20211207,20,02128,2
20211207,20,02130,2
20211207,20,02139,2
20211207,20,02143,1
20211207,20,02148,1
20211207,20,02159,1
20211207,20,02172,1
20211207,20,02178,1
20211207,20,02179,3
20211207,20,02185,1
20211207,20,02186,2
20211207,20,02191,2
20211207,20,02198,4
20211207,20,02199,2
20211207,20,03802,1
20211207,21,02111,5
20211207,21,02112,5
20211207,21,02116,5
20211207,21,02122,3
20211207,21,02128,4
20211207,21,02139,2
20211207,21,02148,1
20211207,21,02159,1
20211207,21,02171,2
20211207,21,02172,2
20211207,21,02179,1
20211207,21,02185,3
20211207,21,02191,1
20211207,21,03310,1
20211207,21,03311,3
20211207,22,02111,2
20211207,22,02112,2
20211207,22,02116,3
20211207,22,02122,2
20211207,22,02128,2
20211207,22,02129,2
20211207,22,02139,1
20211207,22,02171,3
20211207,22,02179,6
20211207,22,02185,1
20211207,22,02186,3
20211207,22,02191,3
20211207,22,02198,3
20211207,23,02112,3
20211207,23,02171,3
20211207,23,02172,1
20211207,23,02191,1
20211207,23,02198,2
20211207,23,03311,2
20211207,3,02198,1
20211207,4,02148,1
20211207,4,02191,1
20211207,5,02185,1
20211207,6,02186,1
20211207,6,02198,1
20211207,7,02112,1
20211207,7,02128,1
20211207,7,02129,1
20211207,7,02139,1
20211207,7,02171,2
20211207,7,02179,1
20211207,7,02185,1
20211207,7,02186,1
20211207,7,02191,5
20211207,7,03310,1
20211207,8,02112,4
20211207,8,02116,3
20211207,8,02129,1
20211207,8,02143,1
20211207,8,02171,1
20211207,8,02179,3
20211207,8,02186,2
20211207,8,02191,1
20211207,8,03311,1
20211207,9,02128,1
20211207,9,02129,2
20211207,9,02139,1
20211207,9,02148,2
20211207,9,02171,3
20211207,9,02179,4
20211207,9,02185,2
20211207,9,03311,1
20211208,0,02111,1
20211208,0,02112,2
20211208,0,02116,2
20211208,0,02122,2
20211208,0,02139,1
20211208,0,02171,3
20211208,0,02179,1
20211208,0,02186,2
20211208,0,02191,2
20211208,0,02198,1
20211208,0,03310,1
20211208,1,02111,1
20211208,1,02112,2
20211208,1,02116,1
20211208,1,02128,1
20211208,1,02143,1
20211208,1,02148,1
20211208,1,02185,1
20211208,1,02186,2
20211208,1,02191,1
20211208,1,02198,2
20211208,1,03311,1
20211208,10,02111,1
20211208,10,02116,1
20211208,10,02122,2
20211208,10,02143,2
20211208,10,02148,1
20211208,10,02171,3
20211208,10,02178,2
20211208,10,02179,2
20211208,10,02186,3
20211208,10,02199,1
20211208,10,03311,2
20211208,11,02111,4
20211208,11,02112,2
20211208,11,02128,1
20211208,11,02129,2
20211208,11,02143,1
20211208,11,02148,1
20211208,11,02171,1
20211208,11,02172,1
20211208,11,02178,2
20211208,11,02179,2
20211208,11,02191,1
20211208,11,02198,1
20211208,11,03310,3
20211208,11,03311,1
20211208,12,02112,1
20211208,12,02122,1
20211208,12,02128,1
20211208,12,02129,1
20211208,12,02130,1
20211208,12,02139,2
20211208,12,02172,1
20211208,12,02179,2
20211208,12,02186,1
20211208,12,02191,2
20211208,12,02198,1
20211208,12,03310,2
20211208,13,02112,2
20211208,13,02116,2
20211208,13,02122,1
20211208,13,02128,1
20211208,13,02129,1
20211208,13,02139,2
20211208,13,02148,1
20211208,13,02171,1
20211208,13,02172,2
20211208,13,02178,1
20211208,13,02179,2
20211208,13,02186,1
20211208,13,02191,4
20211208,13,03311,2
20211208,14,02111,2
20211208,14,02116,1
20211208,14,02122,3
20211208,14,02128,1
20211208,14,02129,1
20211208,14,02130,1
20211208,14,02148,1
20211208,14,02171,5
20211208,14,02186,1
20211208,14,02191,2
20211208,14,03311,1
20211208,15,02111,2
20211208,15,02112,1
20211208,15,02116,1
20211208,15,02122,1
20211208,15,02128,1
20211208,15,02129,2
20211208,15,02139,3
20211208,15,02143,1
20211208,15,02148,2
20211208,15,02159,1
20211208,15,02171,2
20211208,15,02178,1
20211208,15,02186,1
20211208,15,02198,1
20211208,15,03310,3
20211208,16,02111,2
20211208,16,02112,2
20211208,16,02116,5
20211208,16,02122,1
20211208,16,02128,2
20211208,16,02139,2
20211208,16,02148,1
20211208,16,02159,1
20211208,16,02171,7
20211208,16,02178,1
20211208,16,02179,2
20211208,16,02185,1
20211208,16,02186,1
20211208,16,02191,2
20211208,16,03310,1
20211208,16,03311,2
20211208,17,02111,2
20211208,17,02112,3
20211208,17,02116,3
20211208,17,02128,2
20211208,17,02143,2
20211208,17,02148,4
20211208,17,02159,2
20211208,17,02172,3
20211208,17,02179,6
20211208,17,02185,1
20211208,17,02186,1
20211208,17,02191,2
20211208,17,02198,2
20211208,17,03311,2
20211208,18,02111,4
20211208,18,02112,3
20211208,18,02116,2
20211208,18,02122,3
20211208,18,02128,2
20211208,18,02129,2
20211208,18,02130,1
20211208,18,02139,1
20211208,18,02148,2
20211208,18,02171,8
20211208,18,02172,1
20211208,18,02179,2
20211208,18,02186,2
20211208,18,02191,5
20211208,18,02198,4
20211208,18,02199,1
20211208,18,03310,5
20211208,18,03311,4
20211208,19,02111,2
20211208,19,02112,3
20211208,19,02116,1
20211208,19,02139,2
20211208,19,02148,2
20211208,19,02179,3
20211208,19,02186,5
20211208,19,02191,1
20211208,19,02198,3
20211208,19,03310,1
20211208,19,03311,4
20211208,19,03802,1
20211208,2,02111,1
20211208,2,02112,2
20211208,2,02116,1
20211208,2,02122,1
20211208,2,02143,1
20211208,20,02111,5
20211208,20,02112,2
20211208,20,02116,4
20211208,20,02143,1
20211208,20,02148,1
20211208,20,02171,3
20211208,20,02172,1
20211208,20,02178,1
20211208,20,02179,1
20211208,20,02191,3
20211208,20,02198,1
20211208,20,03311,2
20211208,20,03802,1
20211208,21,02111,3
20211208,21,02112,3
20211208,21,02116,4
20211208,21,02122,1
20211208,21,02128,2
20211208,21,02130,1
20211208,21,02139,1
20211208,21,02143,1
20211208,21,02171,5
20211208,21,02172,2
20211208,21,02179,2
20211208,21,02185,3
20211208,21,02186,2
20211208,21,02191,3
20211208,21,03311,2
20211208,21,03802,1
20211208,22,02111,4
20211208,22,02112,4
20211208,22,02116,1
20211208,22,02128,1
20211208,22,02139,1
20211208,22,02148,1
20211208,22,02171,1
20211208,22,02179,4
20211208,22,02185,1
20211208,22,02186,1
20211208,22,02191,3
20211208,22,03311,2
20211208,23,02111,2
20211208,23,02112,5
20211208,23,02116,1
20211208,23,02128,2
20211208,23,02143,1
20211208,23,02171,1
20211208,23,02179,1
20211208,23,02191,3
20211208,23,02198,1
20211208,23,03310,1
20211208,23,03311,1
20211208,3,02129,1
20211208,3,02185,1
20211208,3,02191,1
20211208,4,02112,1
20211208,4,02116,1
20211208,4,02179,1
20211208,5,02139,2
20211208,5,02185,1
20211208,6,02143,1
20211208,6,02179,1
20211208,6,02191,2
20211208,6,03310,1
20211208,6,03311,1
20211208,7,02122,1
20211208,7,02130,1
20211208,7,02139,2
20211208,7,02171,1
20211208,7,02179,1
20211208,7,02185,1
20211208,7,02186,2
20211208,7,02191,2
20211208,7,02198,1
20211208,8,02111,1
20211208,8,02112,1
20211208,8,02116,3
20211208,8,02128,1
20211208,8,02139,1
20211208,8,02143,1
20211208,8,02148,1
20211208,8,02178,1
20211208,8,02179,2
20211208,8,02185,1
20211208,8,02191,1
20211208,8,03311,1
20211208,9,02111,2
20211208,9,02129,1
20211208,9,02159,2
20211208,9,02171,2
20211208,9,02179,1
20211208,9,02185,1
20211208,9,02186,1
20211208,9,02198,2
20211208,9,03311,1
20211209,0,02111,1
20211209,0,02112,4
20211209,0,02116,1
20211209,0,02122,1
20211209,0,02128,1
20211209,0,02129,1
20211209,0,02130,1
20211209,0,02139,1
20211209,0,02171,2
20211209,0,02179,3
20211209,0,02185,1
20211209,0,02186,1
20211209,0,02198,3
20211209,0,03311,1
20211209,1,02112,1
20211209,1,02116,1
20211209,1,02128,1
20211209,1,02171,1
20211209,1,02179,1
20211209,1,02186,1
20211209,1,02198,1
20211209,1,03311,1
20211209,10,02111,1
20211209,10,02122,3
20211209,10,02128,1
20211209,10,02129,2
20211209,10,02139,1
20211209,10,02148,1
20211209,10,02179,2
20211209,10,02191,2
20211209,10,03311,3
20211209,10,03802,1
20211209,11,02111,1
20211209,11,02112,1
20211209,11,02116,2
20211209,11,02122,1
20211209,11,02128,1
20211209,11,02129,1
20211209,11,02130,1
20211209,11,02139,1
20211209,11,02148,1
20211209,11,02159,1
20211209,11,02171,1
20211209,11,02172,1
20211209,11,02178,1
20211209,11,02179,2
20211209,11,02186,1
20211209,11,02198,1
20211209,11,03310,3
20211209,12,02111,2
20211209,12,02116,2
20211209,12,02128,1
20211209,12,02129,1
20211209,12,02139,2
20211209,12,02171,1
20211209,12,02172,1
20211209,12,02178,4
20211209,12,02179,2
20211209,12,02186,3
20211209,12,02191,1
20211209,12,02198,1
20211209,12,03310,2
20211209,13,02111,2
20211209,13,02112,1
20211209,13,02128,1
20211209,13,02129,1
20211209,13,02139,3
20211209,13,02143,1
20211209,13,02171,2
20211209,13,02172,1
20211209,13,02179,1
20211209,13,02185,1
20211209,13,02191,1
20211209,13,02198,1
20211209,13,03310,1
20211209,13,03311,3
20211209,14,02112,1
20211209,14,02122,2
20211209,14,02129,1
20211209,14,02139,1
20211209,14,02148,2
20211209,14,02159,1
20211209,14,02171,2
20211209,14,02178,3
20211209,14,03310,2
20211209,14,03311,1
20211209,15,02111,2
20211209,15,02116,2
20211209,15,02128,2
20211209,15,02129,2
20211209,15,02139,1
20211209,15,02143,1
20211209,15,02148,2
20211209,15,02178,1
20211209,15,02179,1
20211209,15,02186,2
20211209,15,02191,2
20211209,15,03310,1
20211209,15,03311,1
20211209,16,02111,1
20211209,16,02112,1
20211209,16,02116,1
20211209,16,02122,1
20211209,16,02128,3
20211209,16,02129,2
20211209,16,02143,1
20211209,16,02159,2
20211209,16,02171,4
20211209,16,02172,4
20211209,16,02178,1
20211209,16,02179,1
20211209,16,02185,1
20211209,16,02198,1
20211209,16,03310,2
20211209,16,03311,1
20211209,17,02111,1
20211209,17,02112,3
20211209,17,02116,2
20211209,17,02122,5
20211209,17,02128,1
20211209,17,02129,2
20211209,17,02143,1
20211209,17,02148,5
20211209,17,02171,3
20211209,17,02172,2
20211209,17,02178,2
20211209,17,02179,2
20211209,17,02186,2
20211209,17,02191,4
20211209,17,03311,2
20211209,18,02111,2
20211209,18,02112,1
20211209,18,02122,1
20211209,18,02128,2
20211209,18,02130,1
20211209,18,02139,1
20211209,18,02143,1
20211209,18,02148,3
20211209,18,02159,1
20211209,18,02171,9
20211209,18,02172,1
20211209,18,02178,3
20211209,18,02179,3
20211209,18,02185,1
20211209,18,02191,2
20211209,18,02198,3
20211209,18,03311,2
20211209,19,02111,1
20211209,19,02112,2
20211209,19,02116,2
20211209,19,02122,2
20211209,19,02128,2
20211209,19,02129,1
20211209,19,02139,1
20211209,19,02148,1
20211209,19,02171,6
20211209,19,02179,4
20211209,19,02185,1
20211209,19,02186,1
20211209,19,02191,2
20211209,19,02198,2
20211209,19,03310,1
20211209,19,03311,3
20211209,2,02112,1
20211209,2,02116,2
20211209,2,02143,1
20211209,20,02111,3
20211209,20,02112,2
20211209,20,02116,3
20211209,20,02122,1
20211209,20,02128,1
20211209,20,02130,2
20211209,20,02139,1
20211209,20,02148,1
20211209,20,02171,1
20211209,20,02178,2
20211209,20,02179,1
20211209,20,02186,3
20211209,20,02191,1
20211209,20,02198,1
20211209,20,03311,3
20211209,21,02111,1
20211209,21,02112,2
20211209,21,02116,10
20211209,21,02130,3
20211209,21,02171,5
20211209,21,02179,1
20211209,21,02185,2
20211209,21,02186,2
20211209,21,02191,1
20211209,21,02198,3
20211209,21,03311,2
20211209,22,02112,6
20211209,22,02116,3
20211209,22,02139,1
20211209,22,02148,2
20211209,22,02171,1
20211209,22,02178,1
20211209,22,02179,4
20211209,22,02185,2
20211209,22,02191,3
20211209,22,02198,3
20211209,23,02111,2
20211209,23,02112,4
20211209,23,02116,4
20211209,23,02129,1
20211209,23,02130,1
20211209,23,02139,1
20211209,23,02148,1
20211209,23,02171,2
20211209,23,02172,1
20211209,23,02179,1
20211209,23,02185,3
20211209,23,02191,1
20211209,23,02198,1
20211209,3,02179,2
20211209,3,02186,3
20211209,4,02185,1
20211209,4,02191,1
20211209,5,02112,1
20211209,5,02171,1
20211209,5,02172,1
20211209,5,02186,1
20211209,6,02111,1
20211209,6,02129,1
20211209,6,02130,1
20211209,6,02139,1
20211209,6,02185,2
20211209,7,02171,1
20211209,7,02186,2
20211209,7,02191,2
20211209,7,02199,1
20211209,7,03311,1
20211209,8,02112,3
20211209,8,02139,1
20211209,8,02143,1
20211209,8,02148,3
20211209,8,02178,1
20211209,8,02186,2
20211209,8,02191,4
20211209,8,03311,1
20211209,9,02111,1
20211209,9,02112,2
20211209,9,02139,1
20211209,9,02171,2
20211209,9,02179,1
20211209,9,02186,1
20211209,9,02191,1
20211209,9,02198,1
20211209,9,03310,3
20211209,9,03311,2
20211210,0,02111,1
20211210,0,02112,7
20211210,0,02116,6
20211210,0,02143,1
20211210,0,02148,2
20211210,0,02171,1
20211210,0,02179,3
20211210,0,02186,2
20211210,1,02112,1
20211210,1,02116,1
20211210,1,02179,1
20211210,1,02191,1
20211210,10,02111,2
20211210,10,02129,2
20211210,10,02143,1
20211210,10,02159,1
20211210,11,02128,2
20211210,11,02129,1
20211210,11,02148,1
20211210,11,02159,1
20211210,11,02171,1
20211210,11,02178,1
20211210,11,02179,1
20211210,11,02198,1
20211210,12,02111,1
20211210,12,02122,1
20211210,12,02129,1
20211210,12,02143,1
20211210,12,02148,3
20211210,12,02159,1
20211210,12,02179,1
20211210,12,02185,1
20211210,12,02186,1
20211210,12,02191,4
20211210,12,03311,4
20211210,13,02111,2
20211210,13,02112,1
20211210,13,02122,2
20211210,13,02128,4
20211210,13,02139,1
20211210,13,02148,1
20211210,13,02159,1
20211210,13,02171,2
20211210,13,02186,1
20211210,13,02191,2
20211210,13,03311,1
20211210,14,02111,1
20211210,14,02148,1
20211210,14,02171,3
20211210,14,02185,1
20211210,14,03311,1
20211210,14,03802,1
20211210,15,02111,1
20211210,15,02112,1
20211210,15,02139,1
20211210,15,02148,2
20211210,15,02171,3
20211210,15,02199,1
20211210,15,03311,1
20211210,16,02122,3
20211210,16,02128,3
20211210,16,02139,1
20211210,16,02159,1
20211210,16,02171,4
20211210,16,02172,1
20211210,16,02179,2
20211210,16,02185,1
20211210,16,02191,3
20211210,16,03311,2
20211210,17,02111,3
20211210,17,02112,3
20211210,17,02122,1
20211210,17,02171,5
20211210,17,02172,1
20211210,17,02179,5
20211210,17,02191,1
20211210,17,03311,2
20211210,18,02111,3
20211210,18,02112,1
20211210,18,02122,4
20211210,18,02129,3
20211210,18,02139,2
20211210,18,02171,2
20211210,18,02172,1
20211210,18,02178,1
20211210,18,02185,2
20211210,18,02186,2
20211210,18,02191,1
20211210,18,02198,3
20211210,18,03311,2
20211210,19,02111,4
20211210,19,02112,4
20211210,19,02116,2
20211210,19,02128,1
20211210,19,02129,3
20211210,19,02139,1
20211210,19,02159,1
20211210,19,02171,2
20211210,19,02172,1
20211210,19,02179,4
20211210,19,02185,1
20211210,19,02186,3
20211210,19,02191,3
20211210,19,02198,2
20211210,19,03311,3
20211210,2,02122,2
20211210,2,02171,1
20211210,2,02179,1
20211210,2,02198,2
20211210,20,02111,4
20211210,20,02112,3
20211210,20,02116,3
20211210,20,02122,1
20211210,20,02129,1
20211210,20,02130,1
20211210,20,02139,1
20211210,20,02143,1
20211210,20,02171,4
20211210,20,02179,3
20211210,20,02186,2
20211210,20,02191,1
20211210,20,02198,2
20211210,20,02199,1
20211210,20,03311,2
20211210,21,02111,4
20211210,21,02112,1
20211210,21,02116,3
20211210,21,02128,1
20211210,21,02171,1
20211210,21,02179,1
20211210,21,02198,2
20211210,21,03311,3
20211210,22,02111,3
20211210,22,02112,3
20211210,22,02116,1
20211210,22,02122,1
20211210,22,02139,1
20211210,22,02171,2
20211210,22,02179,5
20211210,22,02185,1
20211210,22,02186,2
20211210,22,02191,2
20211210,22,02198,1
20211210,22,03802,1
20211210,23,02111,1
20211210,23,02112,2
20211210,23,02116,1
20211210,23,02128,1
20211210,23,02129,1
20211210,23,02171,1
20211210,23,02172,1
20211210,23,02179,1
20211210,23,02185,1
20211210,23,02191,3
20211210,23,02198,1
20211210,3,02111,1
20211210,3,02116,2
20211210,3,02122,1
20211210,3,02171,1
20211210,3,02185,1
20211210,4,02148,1
20211210,4,02171,2
20211210,4,02185,1
20211210,5,02172,1
20211210,5,02179,1
20211210,5,02186,1
20211210,5,02191,1
20211210,6,02143,1
20211210,6,02185,1
20211210,6,02186,1
20211210,6,02191,1
20211210,6,02198,1
20211210,6,03310,1
20211210,7,02129,1
20211210,7,02139,1
20211210,7,02148,2
20211210,7,02179,3
20211210,7,02186,1
20211210,7,02191,3
20211210,7,03310,1
20211210,8,02112,1
20211210,8,02122,2
20211210,8,02129,1
20211210,8,02159,1
20211210,8,02171,2
20211210,8,02178,1
20211210,8,02179,1
20211210,8,02185,1
20211210,8,02186,2
20211210,8,02191,3
20211210,8,02198,1
20211210,9,02128,1
20211210,9,02129,1
20211210,9,02148,1
20211210,9,02171,2
20211210,9,02185,1
20211210,9,02186,1
20211211,0,02111,3
20211211,0,02112,1
20211211,0,02116,1
20211211,0,02122,3
20211211,0,02128,4
20211211,0,02139,1
20211211,0,02143,1
20211211,0,02148,2
20211211,0,02171,4
20211211,0,02179,3
20211211,0,02185,2
20211211,0,02186,2
20211211,0,02191,1
20211211,0,02198,1
20211211,0,03311,1
20211211,1,02111,1
20211211,1,02116,1
20211211,1,02171,2
20211211,1,02172,1
20211211,1,02179,3
20211211,1,02185,2
20211211,1,02186,1
20211211,10,02111,2
20211211,10,02112,1
20211211,10,02122,1
20211211,10,02128,1
20211211,10,02130,1
20211211,10,02139,1
20211211,10,02148,2
20211211,10,02185,3
20211211,10,02191,1
20211211,10,02198,1
20211211,11,02122,2
20211211,11,02130,1
20211211,11,02139,1
20211211,11,02148,2
20211211,11,02171,3
20211211,11,02172,1
20211211,11,02179,3
20211211,11,02185,3
20211211,11,02186,1
20211211,11,02191,2
20211211,11,02198,1
20211211,11,03311,3
20211211,11,03802,1
20211211,12,02111,2
20211211,12,02116,1
20211211,12,02122,1
20211211,12,02129,1
20211211,12,02139,2
20211211,12,02143,1
20211211,12,02148,1
20211211,12,02171,2
20211211,12,02172,2
20211211,12,02178,2
20211211,12,02179,1
20211211,12,02185,1
20211211,12,02186,3
20211211,12,02191,1
20211211,12,03311,2
20211211,12,03802,1
20211211,13,02111,2
20211211,13,02116,3
20211211,13,02122,3
20211211,13,02128,2
20211211,13,02148,1
20211211,13,02171,6
20211211,13,02179,1
20211211,13,02185,1
20211211,13,02191,2
20211211,14,02111,1
20211211,14,02112,3
20211211,14,02122,1
20211211,14,02129,1
20211211,14,02139,3
20211211,14,02143,1
20211211,14,02159,2
20211211,14,02171,3
20211211,14,02172,4
20211211,14,02178,2
20211211,14,02179,2
20211211,14,02186,1
20211211,14,03311,2
20211211,15,02112,1
20211211,15,02116,2
20211211,15,02122,1
20211211,15,02128,1
20211211,15,02129,1
20211211,15,02130,2
20211211,15,02159,2
20211211,15,02171,2
20211211,15,02172,2
20211211,15,02178,1
20211211,15,02179,1
20211211,15,02185,2
20211211,15,02186,1
20211211,15,02191,2
20211211,15,02198,1
20211211,15,02199,2
20211211,15,03802,1
20211211,16,02128,2
20211211,16,02129,1
20211211,16,02130,1
20211211,16,02148,1
20211211,16,02171,4
20211211,16,02172,2
20211211,16,02178,6
20211211,16,02179,1
20211211,16,02185,1
20211211,16,02186,4
20211211,16,02198,1
20211211,16,03311,2
20211211,17,02111,1
20211211,17,02112,4
20211211,17,02116,3
20211211,17,02128,1
20211211,17,02129,1
20211211,17,02130,1
20211211,17,02139,1
20211211,17,02143,2
20211211,17,02159,1
20211211,17,02171,3
20211211,17,02172,4
20211211,17,02178,1
20211211,17,02179,4
20211211,17,02185,2
20211211,17,02186,1
20211211,17,02191,3
20211211,17,03311,1
20211211,18,02111,1
20211211,18,02112,1
20211211,18,02129,1
20211211,18,02139,1
20211211,18,02148,2
20211211,18,02171,3
20211211,18,02172,2
20211211,18,02178,1
20211211,18,02179,2
20211211,18,02185,2
20211211,18,02191,1
20211211,18,02199,1
20211211,18,03311,3
20211211,19,02111,2
20211211,19,02112,1
20211211,19,02116,2
20211211,19,02128,1
20211211,19,02148,1
20211211,19,02159,1
20211211,19,02171,4
20211211,19,02178,1
20211211,19,02179,1
20211211,19,02185,1
20211211,19,02198,4
20211211,19,03311,1
20211211,2,02111,1
20211211,2,02112,1
20211211,2,02116,2
20211211,2,02148,1
20211211,2,02172,2
20211211,2,02179,3
20211211,2,02191,1
20211211,2,02198,2
20211211,2,02199,1
20211211,20,02112,3
20211211,20,02116,1
20211211,20,02122,3
20211211,20,02128,1
20211211,20,02129,2
20211211,20,02171,5
20211211,20,02179,2
20211211,20,02186,1
20211211,20,02191,1
20211211,20,03311,4
20211211,21,02112,4
20211211,21,02116,3
20211211,21,02122,1
20211211,21,02128,1
20211211,21,02129,1
20211211,21,02148,1
20211211,21,02178,1
20211211,21,02179,1
20211211,21,03311,1
20211211,22,02122,4
20211211,22,02128,1
20211211,22,02139,1
20211211,22,02171,2
20211211,22,02185,1
20211211,22,02198,1
20211211,22,03311,1
20211211,23,02112,3
20211211,23,02171,1
20211211,23,02178,1
20211211,23,02179,1
20211211,23,02185,3
20211211,23,02191,2
20211211,23,03310,1
20211211,3,02111,1
20211211,3,02128,1
20211211,3,02171,2
20211211,3,02179,2
20211211,3,03802,1
20211211,4,02128,1
20211211,4,02129,1
20211211,4,02139,1
20211211,4,02159,1
20211211,4,02185,1
20211211,5,02172,1
20211211,5,02186,1
20211211,6,02116,1
20211211,6,03311,1
20211211,7,02139,1
20211211,7,02171,2
20211211,7,02191,1
20211211,8,02129,1
20211211,8,02143,1
20211211,8,02185,2
20211211,8,02186,1
20211211,8,02191,1
20211211,9,02112,2
20211211,9,02122,1
20211211,9,02128,2
20211211,9,02129,3
20211211,9,02143,1
20211211,9,02171,1
20211211,9,02179,2
20211211,9,02186,1
20211211,9,03310,1
20211212,0,02111,1
20211212,0,02112,9
20211212,0,02139,1
20211212,0,02148,1
20211212,0,02171,1
20211212,0,02178,1
20211212,0,02186,2
20211212,0,02198,1
20211212,0,03311,1
20211212,1,02111,1
20211212,1,02112,4
20211212,1,02128,1
20211212,1,02143,1
20211212,1,02148,1
20211212,1,02191,1
20211212,1,02198,1
20211212,10,02112,1
20211212,10,02128,2
20211212,10,02159,1
20211212,10,02179,1
20211212,10,02191,2
20211212,11,02111,1
20211212,11,02112,2
20211212,11,02122,1
20211212,11,02128,1
20211212,11,02129,2
20211212,11,02130,3
20211212,11,02148,2
20211212,11,02159,1
20211212,11,02171,3
20211212,11,02172,1
20211212,11,02179,2
20211212,11,02185,1
20211212,11,03311,1
20211212,12,02111,1
20211212,12,02143,1
20211212,12,02171,3
20211212,12,02172,1
20211212,12,02178,2
20211212,12,02179,1
20211212,12,02185,1
20211212,12,02191,1
20211212,12,02198,1
20211212,12,02199,1
20211212,12,03311,1
20211212,13,02111,1
20211212,13,02112,1
20211212,13,02116,2
20211212,13,02122,1
20211212,13,02128,1
20211212,13,02148,2
20211212,13,02159,2
20211212,13,02171,1
20211212,13,02172,1
20211212,13,02179,2
20211212,13,02185,1
20211212,13,02191,1
20211212,13,02199,2
20211212,13,03311,2
20211212,14,02111,1
20211212,14,02112,5
20211212,14,02128,1
20211212,14,02148,1
20211212,14,02159,1
20211212,14,02171,2
20211212,14,02172,2
20211212,14,02178,2
20211212,14,02179,1
20211212,14,02191,3
20211212,14,03311,1
20211212,15,02116,2
20211212,15,02122,2
20211212,15,02128,1
20211212,15,02130,1
20211212,15,02143,2
20211212,15,02148,3
20211212,15,02171,2
20211212,15,02172,1
20211212,15,02179,1
20211212,15,02191,2
20211212,15,03310,1
20211212,15,03311,6
20211212,15,03802,1
20211212,16,02111,2
20211212,16,02112,3
20211212,16,02116,1
20211212,16,02122,1
20211212,16,02128,1
20211212,16,02129,3
20211212,16,02171,1
20211212,16,02172,6
20211212,16,02178,1
20211212,16,02179,1
20211212,16,02185,1
20211212,16,02186,2
20211212,16,02191,2
20211212,17,02111,1
20211212,17,02112,3
20211212,17,02116,3
20211212,17,02139,1
20211212,17,02148,1
20211212,17,02171,2
20211212,17,02178,1
20211212,17,02179,1
20211212,17,02198,1
20211212,17,03310,1
20211212,18,02112,2
20211212,18,02116,1
20211212,18,02122,2
20211212,18,02128,1
20211212,18,02130,2
20211212,18,02139,1
20211212,18,02171,2
20211212,18,02172,1
20211212,18,02179,3
20211212,18,02185,1
20211212,18,02186,1
20211212,18,02191,1
20211212,18,02199,2
20211212,18,03310,1
20211212,19,02111,2
20211212,19,02112,1
20211212,19,02116,1
20211212,19,02122,1
20211212,19,02129,1
20211212,19,02130,1
20211212,19,02139,1
20211212,19,02159,1
20211212,19,03310,1
20211212,2,02116,1
20211212,2,02143,1
20211212,2,02171,1
20211212,20,02111,1
20211212,20,02112,2
20211212,20,02122,1
20211212,20,02179,1
20211212,20,02185,1
20211212,21,02111,2
20211212,21,02112,2
20211212,21,02116,1
20211212,21,02128,1
20211212,21,02129,1
20211212,21,02139,1
20211212,21,02171,2
20211212,21,02178,1
20211212,21,02179,2
20211212,21,02186,1
20211212,21,02191,1
20211212,21,02198,1
20211212,21,02199,1
20211212,21,03310,2
20211212,22,02111,2
20211212,22,02112,1
20211212,22,02148,1
20211212,22,02191,1
20211212,22,02198,1
20211212,22,03311,2
20211212,23,02111,1
20211212,23,02112,1
20211212,23,02116,1
20211212,23,02129,1
20211212,23,02171,1
20211212,23,02198,1
20211212,3,02116,1
20211212,3,02128,1
20211212,3,02171,1
20211212,3,02179,1
20211212,3,02198,1
20211212,4,02112,1
20211212,4,02122,1
20211212,4,02191,1
20211212,5,02128,2
20211212,5,02159,1
20211212,5,02179,1
20211212,5,02186,2
20211212,6,02191,2
20211212,7,02148,2
20211212,7,02171,1
20211212,7,02191,1
20211212,8,02143,1
20211212,8,02148,1
20211212,8,02185,1
20211212,8,02186,1
20211212,8,03311,1
20211212,9,02112,1
20211212,9,02116,2
20211212,9,02128,3
20211212,9,02185,2
20211212,9,02191,1
20211213,0,02111,3
20211213,0,02112,2
20211213,0,02116,3
20211213,0,02128,2
20211213,0,02129,1
20211213,0,02178,1
20211213,0,02186,1
20211213,0,03311,1
20211213,1,02111,1
20211213,1,02112,2
20211213,1,02185,1
20211213,10,02111,4
20211213,10,02112,1
20211213,10,02122,1
20211213,10,02128,1
20211213,10,02129,1
20211213,10,02139,1
20211213,10,02143,1
20211213,10,02171,4
20211213,10,02178,1
20211213,10,02179,1
20211213,10,03310,1
20211213,10,03311,1
20211213,11,02111,1
20211213,11,02112,1
20211213,11,02128,1
20211213,11,02139,2
20211213,11,02186,1
20211213,11,02191,2
20211213,11,02198,2
20211213,11,03311,1
20211213,11,03802,1
20211213,12,02111,4
20211213,12,02112,2
20211213,12,02139,2
20211213,12,02143,1
20211213,12,02148,1
20211213,12,02171,4
20211213,12,02178,1
20211213,12,02185,1
20211213,12,02191,1
20211213,12,03310,1
20211213,12,03311,1
20211213,13,02112,2
20211213,13,02116,2
20211213,13,02128,1
20211213,13,02139,1
20211213,13,02143,1
20211213,13,02171,2
20211213,13,02172,1
20211213,13,02178,3
20211213,13,02186,1
20211213,13,02191,2
20211213,13,02198,1
20211213,13,03311,1
20211213,14,02112,1
20211213,14,02122,1
20211213,14,02128,3
20211213,14,02129,1
20211213,14,02143,1
20211213,14,02171,1
20211213,14,02178,1
20211213,14,02186,1
20211213,14,02198,1
20211213,15,02112,1
20211213,15,02116,2
20211213,15,02128,1
20211213,15,02178,1
20211213,15,02179,3
20211213,15,03311,2
20211213,16,02111,1
20211213,16,02112,1
20211213,16,02128,1
20211213,16,02148,1
20211213,16,02171,2
20211213,16,02185,1
20211213,16,02186,1
20211213,16,03311,3
20211213,17,02111,1
20211213,17,02112,3
20211213,17,02122,2
20211213,17,02128,1
20211213,17,02129,1
20211213,17,02143,1
20211213,17,02148,3
20211213,17,02171,5
20211213,17,02172,1
20211213,17,02178,1
20211213,17,02179,1
20211213,17,02186,2
20211213,17,02191,2
20211213,17,02198,2
20211213,18,02111,1
20211213,18,02122,2
20211213,18,02128,2
20211213,18,02130,1
20211213,18,02139,2
20211213,18,02148,2
20211213,18,02171,3
20211213,18,02178,4
20211213,18,02186,1
20211213,18,02191,2
20211213,18,02198,2
20211213,18,03311,1
20211213,19,02111,3
20211213,19,02112,2
20211213,19,02116,1
20211213,19,02128,4
20211213,19,02139,1
20211213,19,02143,1
20211213,19,02148,1
20211213,19,02159,1
20211213,19,02171,3
20211213,19,02179,2
20211213,19,02185,1
20211213,19,02186,1
20211213,19,02191,1
20211213,19,03311,1
20211213,19,03802,1
20211213,2,02185,1
20211213,20,02111,2
20211213,20,02116,4
20211213,20,02139,1
20211213,20,02159,1
20211213,20,02171,5
20211213,20,02178,1
20211213,20,02179,2
20211213,20,02185,1
20211213,20,02191,2
20211213,20,02198,2
20211213,20,03311,1
20211213,21,02111,3
20211213,21,02116,1
20211213,21,02128,2
20211213,21,02143,1
20211213,21,02148,2
20211213,21,02171,1
20211213,21,02178,2
20211213,21,02179,1
20211213,21,02198,2
20211213,21,03311,2
20211213,21,03802,1
20211213,22,02116,4
20211213,22,02122,1
20211213,22,02128,2
20211213,22,02129,1
20211213,22,02139,1
20211213,22,02148,1
20211213,22,02171,1
20211213,22,02179,1
20211213,22,02186,1
20211213,22,02191,2
20211213,22,02198,2
20211213,23,02111,2
20211213,23,02116,1
20211213,23,02128,1
20211213,23,02171,3
20211213,23,02179,1
20211213,23,02191,1
20211213,23,02198,1
20211213,23,03311,1
20211213,3,02122,1
20211213,3,02185,1
20211213,4,02148,1
20211213,5,02159,1
20211213,5,02191,1
20211213,6,02198,1
20211213,6,03310,1
20211213,7,02116,1
20211213,7,02129,1
20211213,7,02130,1
20211213,7,02143,1
20211213,7,02148,2
20211213,7,02171,1
20211213,7,02186,1
20211213,7,02191,2
20211213,7,03310,3
20211213,8,02112,2
20211213,8,02116,1
20211213,8,02139,1
20211213,8,02143,1
20211213,8,02148,1
20211213,8,02171,1
20211213,8,02178,1
20211213,8,02179,1
20211213,8,02186,2
20211213,8,02191,1
20211213,8,02198,1
20211213,8,03310,2
20211213,9,02111,1
20211213,9,02128,1
20211213,9,02130,1
20211213,9,02148,1
20211214,0,02111,1
20211214,0,02112,2
20211214,0,02116,1
20211214,0,02128,3
20211214,0,02129,1
20211214,0,02143,1
20211214,0,02178,3
20211214,0,02179,4
20211214,1,02139,1
20211214,1,02178,1
20211214,1,02186,1
20211214,1,02191,1
20211214,1,02198,1
20211214,10,02112,1
20211214,10,02122,1
20211214,10,02129,1
20211214,10,02148,1
20211214,10,02159,2
20211214,10,02171,2
20211214,10,02178,2
20211214,10,02185,1
20211214,10,02199,1
20211214,10,03310,1
20211214,10,03802,1
20211214,11,02111,1
20211214,11,02139,1
20211214,11,02143,2
20211214,11,02148,1
20211214,11,02179,1
20211214,11,03310,1
20211214,11,03802,1
20211214,12,02111,3
20211214,12,02130,1
20211214,12,02139,2
20211214,12,02143,2
20211214,12,02148,1
20211214,12,02159,1
20211214,12,02178,3
20211214,12,02179,2
20211214,12,02185,1
20211214,12,02191,3
20211214,12,03310,3
20211214,12,03311,1
20211214,13,02111,1
20211214,13,02112,2
20211214,13,02122,1
20211214,13,02128,1
20211214,13,02148,1
20211214,13,02159,2
20211214,13,02171,3
20211214,13,02178,2
20211214,13,03311,1
20211214,14,02111,3
20211214,14,02116,1
20211214,14,02122,1
20211214,14,02128,2
20211214,14,02143,2
20211214,14,02148,1
20211214,14,02171,2
20211214,14,02198,1
20211214,14,03310,2
20211214,14,03311,1
20211214,15,02111,1
20211214,15,02112,1
20211214,15,02128,4
20211214,15,02139,2
20211214,15,02148,3
20211214,15,02159,2
20211214,15,02171,2
20211214,15,02172,3
20211214,15,02178,1
20211214,15,02185,1
20211214,15,02186,2
20211214,15,03310,2
20211214,15,03311,1
20211214,15,03802,1
20211214,16,02111,4
20211214,16,02128,1
20211214,16,02148,1
20211214,16,02159,1
20211214,16,02171,4
20211214,16,02172,2
20211214,16,02179,1
20211214,16,02191,1
20211214,16,02199,1
20211214,16,03310,1
20211214,16,03311,1
20211214,17,02111,1
20211214,17,02116,1
20211214,17,02122,1
20211214,17,02129,1
20211214,17,02148,2
20211214,17,02171,2
20211214,17,02178,1
20211214,17,02198,1
20211214,17,03310,1
20211214,18,02122,1
20211214,18,02128,1
20211214,18,02130,1
20211214,18,02143,1
20211214,18,02159,1
20211214,18,02171,3
20211214,18,02178,1
20211214,18,02179,1
20211214,18,03802,1
20211214,19,02116,1
20211214,19,02171,1
20211214,19,02179,2
20211214,2,02111,2
20211214,2,02116,1
20211214,20,02159,1
20211214,20,02179,1
20211214,20,02186,1
20211214,20,03310,1
20211214,21,02111,1
20211214,21,02116,3
20211214,21,02122,1
20211214,21,02171,5
20211214,21,02186,1
20211214,21,02191,1
20211214,21,03311,1
20211214,22,02111,1
20211214,22,02116,1
20211214,22,02128,1
20211214,22,02129,1
20211214,22,02178,1
20211214,22,02179,1
20211214,23,02130,1
20211214,23,02171,2
20211214,23,02179,2
20211214,3,02111,2
20211214,3,02122,1
20211214,3,02178,1
20211214,4,02128,1
20211214,4,02171,1
20211214,5,02116,1
20211214,5,02159,1
20211214,5,02185,1
20211214,5,02191,1
20211214,6,02112,1
20211214,6,02129,1
20211214,6,02179,1
20211214,6,02186,1
20211214,6,02198,1
20211214,7,02111,1
20211214,7,02112,1
20211214,7,02128,1
20211214,7,02139,3
20211214,7,02185,1
20211214,7,02191,1
20211214,8,02112,1
20211214,8,02116,1
20211214,8,02139,1
20211214,8,02143,1
20211214,8,02171,1
20211214,8,02179,2
20211214,8,02186,2
20211214,8,02191,1
20211214,9,02112,1
20211214,9,02128,2
20211214,9,02171,1
20211214,9,02179,2
20211214,9,02185,1
20211214,9,02191,1
20211214,9,03310,1
20211214,9,03311,1
20211215,0,02111,2
20211215,0,02116,1
20211215,0,02191,1
20211215,0,03311,1
20211215,1,02112,1
20211215,1,02128,1
20211215,1,02198,2
20211215,10,02111,1
20211215,10,02122,1
20211215,10,02129,1
20211215,10,02159,1
20211215,10,02172,2
20211215,10,02179,1
20211215,10,02186,1
20211215,10,02191,1
20211215,10,02198,1
20211215,11,02111,1
20211215,11,02112,1
20211215,11,02122,2
20211215,11,02128,1
20211215,11,02129,1
20211215,11,02139,1
20211215,11,02171,2
20211215,11,02185,1
20211215,11,02191,2
20211215,11,02198,1
20211215,12,02116,1
20211215,12,02128,2
20211215,12,02148,3
20211215,12,02171,1
20211215,12,02172,2
20211215,12,02179,1
20211215,12,02185,1
20211215,12,03311,1
20211215,12,03802,1
20211215,13,02111,1
20211215,13,02116,2
20211215,13,02122,2
20211215,13,02128,1
20211215,13,02139,1
20211215,13,02159,1
20211215,13,02171,1
20211215,13,02191,1
20211215,13,02198,1
20211215,13,03311,3
20211215,13,03802,1
20211215,14,02112,1
20211215,14,02116,1
20211215,14,02128,1
20211215,14,02148,1
20211215,14,02179,1
20211215,14,02185,1
20211215,14,02186,1
20211215,14,03311,3
20211215,14,03802,1
20211215,15,02111,2
20211215,15,02112,1
20211215,15,02116,1
20211215,15,02128,1
20211215,15,02129,1
20211215,15,02143,1
20211215,15,02148,3
20211215,15,02159,3
20211215,15,02171,2
20211215,15,02179,1
20211215,15,02185,3
20211215,15,03311,1
20211215,16,02111,2
20211215,16,02112,1
20211215,16,02116,2
20211215,16,02122,3
20211215,16,02128,2
20211215,16,02143,2
20211215,16,02148,2
20211215,16,02159,1
20211215,16,02171,2
20211215,16,02178,2
20211215,16,02179,2
20211215,16,03310,2
20211215,16,03311,4
20211215,17,02112,2
20211215,17,02122,2
20211215,17,02128,1
20211215,17,02143,1
20211215,17,02148,1
20211215,17,02172,1
20211215,17,02178,2
20211215,17,02186,1
20211215,17,02191,1
20211215,17,02198,2
20211215,17,02199,1
20211215,17,03310,2
20211215,17,03311,3
20211215,17,03802,1
20211215,18,02111,2
20211215,18,02112,2
20211215,18,02122,1
20211215,18,02128,1
20211215,18,02129,1
20211215,18,02139,1
20211215,18,02159,1
20211215,18,02171,6
20211215,18,02178,1
20211215,18,02179,2
20211215,18,02185,2
20211215,18,02191,2
20211215,18,03310,3
20211215,18,03311,1
20211215,18,03802,1
20211215,19,02112,5
20211215,19,02116,1
20211215,19,02122,3
20211215,19,02143,1
20211215,19,02148,2
20211215,19,02171,7
20211215,19,02179,4
20211215,19,02186,3
20211215,19,02198,3
20211215,19,03310,2
20211215,19,03802,1
20211215,2,02112,1
20211215,2,02116,1
20211215,2,02122,1
20211215,2,02139,1
20211215,2,02148,1
20211215,2,02185,1
20211215,20,02111,2
20211215,20,02112,1
20211215,20,02116,3
20211215,20,02122,1
20211215,20,02128,2
20211215,20,02129,1
20211215,20,02139,1
20211215,20,02171,2
20211215,20,02172,1
20211215,20,02179,2
20211215,20,02191,2
20211215,20,02198,2
20211215,20,03311,2
20211215,21,02111,3
20211215,21,02112,1
20211215,21,02116,3
20211215,21,02148,1
20211215,21,02171,1
20211215,21,02172,1
20211215,21,02178,1
20211215,21,02179,3
20211215,21,02191,3
20211215,21,03802,2
20211215,22,02111,2
20211215,22,02112,4
20211215,22,02116,2
20211215,22,02128,1
20211215,22,02129,1
20211215,22,02139,1
20211215,22,02148,1
20211215,22,02171,3
20211215,22,02185,2
20211215,22,02186,1
20211215,22,03311,1
20211215,23,02111,3
20211215,23,02112,3
20211215,23,02116,1
20211215,23,02122,3
20211215,23,02148,2
20211215,23,02171,3
20211215,23,02178,1
20211215,23,02179,1
20211215,23,02185,1
20211215,23,02186,3
20211215,23,02198,1
20211215,23,02199,1
20211215,23,03311,1
20211215,3,02111,2
20211215,3,02139,1
20211215,3,02178,1
20211215,3,02179,1
20211215,4,02143,1
20211215,5,02198,1
20211215,6,02130,1
20211215,7,02111,1
20211215,7,02139,1
20211215,7,02148,1
20211215,7,02171,1
20211215,7,02191,2
20211215,8,02112,1
20211215,8,02139,1
20211215,8,02148,2
20211215,8,02159,1
20211215,8,02179,1
20211215,8,02191,1
20211215,8,02198,1
20211215,8,03310,1
20211215,9,03310,1
20211216,0,02111,3
20211216,0,02112,3
20211216,0,02116,2
20211216,0,02128,2
20211216,0,02139,1
20211216,0,02171,4
20211216,0,02179,1
20211216,0,02186,1
20211216,0,02198,2
20211216,0,02199,1
20211216,0,03310,3
20211216,1,02111,3
20211216,1,02112,2
20211216,1,02116,1
20211216,1,02129,1
20211216,1,02139,2
20211216,1,02171,3
20211216,1,02198,2
20211216,10,02111,2
20211216,10,02112,2
20211216,10,02116,1
20211216,10,02122,1
20211216,10,02148,1
20211216,10,02159,1
20211216,10,02171,2
20211216,10,02172,1
20211216,10,03310,2
20211216,10,03311,1
20211216,10,03802,1
20211216,11,02112,2
20211216,11,02122,2
20211216,11,02128,1
20211216,11,02129,1
20211216,11,02130,1
20211216,11,02139,2
20211216,11,02148,2
20211216,11,02159,1
20211216,11,02178,2
20211216,11,02179,2
20211216,11,02186,1
20211216,11,02191,2
20211216,11,03311,1
20211216,11,03802,1
20211216,12,02111,1
20211216,12,02112,1
20211216,12,02128,2
20211216,12,02129,1
20211216,12,02139,1
20211216,12,02178,6
20211216,12,02179,1
20211216,12,02185,4
20211216,12,02191,2
20211216,12,02198,1
20211216,12,03310,3
20211216,12,03311,1
20211216,13,02111,1
20211216,13,02112,2
20211216,13,02116,1
20211216,13,02122,1
20211216,13,02128,3
20211216,13,02129,1
20211216,13,02171,1
20211216,13,02186,1
20211216,13,02191,3
20211216,13,03310,3
20211216,13,03311,2
20211216,14,02111,3
20211216,14,02112,1
20211216,14,02122,1
20211216,14,02129,2
20211216,14,02139,2
20211216,14,02143,1
20211216,14,02178,2
20211216,14,02179,1
20211216,14,02185,1
20211216,14,02198,1
20211216,14,02199,2
20211216,14,03310,2
20211216,14,03311,2
20211216,15,02111,2
20211216,15,02112,2
20211216,15,02129,1
20211216,15,02143,2
20211216,15,02148,2
20211216,15,02172,5
20211216,15,02178,3
20211216,15,02186,1
20211216,15,02191,2
20211216,15,02198,1
20211216,15,03311,2
20211216,16,02111,1
20211216,16,02112,1
20211216,16,02116,1
20211216,16,02122,3
20211216,16,02128,1
20211216,16,02129,3
20211216,16,02139,1
20211216,16,02148,2
20211216,16,02159,2
20211216,16,02178,1
20211216,16,02185,1
20211216,16,02186,1
20211216,16,02198,1
20211216,16,03310,1
20211216,16,03311,1
20211216,17,02111,1
20211216,17,02112,3
20211216,17,02116,1
20211216,17,02122,1
20211216,17,02128,1
20211216,17,02129,3
20211216,17,02139,2
20211216,17,02143,1
20211216,17,02148,1
20211216,17,02171,5
20211216,17,02172,1
20211216,17,02178,4
20211216,17,02179,2
20211216,17,02186,1
20211216,17,02191,4
20211216,17,03310,4
20211216,17,03311,2
20211216,18,02111,2
20211216,18,02116,1
20211216,18,02122,3
20211216,18,02128,2
20211216,18,02129,4
20211216,18,02148,1
20211216,18,02171,12
20211216,18,02172,1
20211216,18,02178,2
20211216,18,02179,2
20211216,18,02185,4
20211216,18,02191,2
20211216,18,03311,1
20211216,19,02111,2
20211216,19,02112,3
20211216,19,02116,3
20211216,19,02122,1
20211216,19,02128,1
20211216,19,02129,1
20211216,19,02143,2
20211216,19,02148,2
20211216,19,02171,5
20211216,19,02178,2
20211216,19,02179,4
20211216,19,02185,2
20211216,19,02186,1
20211216,19,02191,1
20211216,19,02198,1
20211216,19,03310,1
20211216,19,03311,3
20211216,19,03802,1
20211216,2,02112,2
20211216,2,02116,1
20211216,2,02122,1
20211216,2,02186,1
20211216,2,02198,2
20211216,20,02111,3
20211216,20,02116,3
20211216,20,02128,1
20211216,20,02139,1
20211216,20,02148,2
20211216,20,02171,1
20211216,20,02178,1
20211216,20,02179,2
20211216,20,02186,1
20211216,20,02191,2
20211216,21,02112,1
20211216,21,02116,1
20211216,21,02128,2
20211216,21,02129,1
20211216,21,02148,1
20211216,21,02159,1
20211216,21,02171,2
20211216,21,02172,1
20211216,21,02178,1
20211216,21,02179,1
20211216,21,02191,2
20211216,21,02198,2
20211216,21,03802,1
20211216,22,02111,3
20211216,22,02112,1
20211216,22,02116,2
20211216,22,02128,1
20211216,22,02129,2
20211216,22,02139,1
20211216,22,02148,2
20211216,22,02171,1
20211216,22,02179,3
20211216,22,02185,2
20211216,22,02191,1
20211216,22,02198,2
20211216,22,03311,1
20211216,23,02111,4
20211216,23,02129,1
20211216,23,02148,3
20211216,23,02171,2
20211216,23,02179,2
20211216,23,02198,1
20211216,23,03311,1
20211216,3,02111,1
20211216,3,02148,1
20211216,3,02179,1
20211216,3,02198,1
20211216,4,02112,1
20211216,4,02116,1
20211216,4,02143,1
20211216,5,02139,1
20211216,5,02159,1
20211216,5,02185,1
20211216,5,02198,1
20211216,6,02116,1
20211216,6,02129,1
20211216,6,02171,1
20211216,6,02186,1
20211216,7,02128,1
20211216,7,02148,1
20211216,7,02159,1
20211216,7,02171,1
20211216,7,02191,2
20211216,7,03311,1
20211216,8,02112,3
20211216,8,02116,1
20211216,8,02129,1
20211216,8,02139,2
20211216,8,02143,2
20211216,8,02148,2
20211216,8,02159,1
20211216,8,02171,2
20211216,8,02185,1
20211216,8,02186,3
20211216,8,02191,4
20211216,8,03310,1
20211216,8,03311,1
20211216,9,02111,1
20211216,9,02171,1
20211217,0,02111,3
20211217,0,02112,6
20211217,0,02116,1
20211217,0,02143,1
20211217,0,02171,3
20211217,0,02178,1
20211217,0,02179,2
20211217,0,02185,1
20211217,0,03311,1
20211217,1,02111,1
20211217,1,02112,3
20211217,1,02122,1
20211217,1,02148,1
20211217,1,02186,1
20211217,1,02198,1
20211217,1,02199,1
20211217,10,02111,1
20211217,10,02112,3
20211217,10,02122,2
20211217,10,02129,2
20211217,10,02148,1
20211217,10,02185,2
20211217,10,02186,1
20211217,10,02191,1
20211217,11,02171,3
20211217,11,02172,1
20211217,11,02178,1
20211217,11,02179,1
20211217,12,02111,2
20211217,12,02128,1
20211217,12,02129,1
20211217,12,02139,1
20211217,12,02148,2
20211217,12,02159,1
20211217,12,02171,2
20211217,12,02191,2
20211217,12,03311,1
20211217,13,02122,1
20211217,13,02139,1
20211217,13,02186,1
20211217,13,02191,1
20211217,14,02112,1
20211217,14,02116,1
20211217,14,02122,1
20211217,14,02172,1
20211217,14,02198,2
20211217,14,03311,2
20211217,15,02122,2
20211217,15,02143,1
20211217,15,02159,2
20211217,15,02171,1
20211217,15,02172,2
20211217,15,02178,1
20211217,15,02179,2
20211217,15,02185,2
20211217,15,02199,2
20211217,15,03311,3
20211217,16,02116,1
20211217,16,02178,1
20211217,16,02179,2
20211217,16,02186,1
20211217,16,02191,1
20211217,16,02198,1
20211217,17,02112,1
20211217,17,02129,1
20211217,17,02139,2
20211217,17,02143,1
20211217,17,02171,1
20211217,17,02185,1
20211217,17,02186,1
20211217,17,02198,1
20211217,17,03311,1
20211217,17,03802,1
20211217,18,02116,1
20211217,18,02128,1
20211217,18,02143,1
20211217,18,02159,1
20211217,18,02171,2
20211217,18,02179,2
20211217,18,02191,2
20211217,18,02199,1
20211217,18,03311,1
20211217,19,02111,1
20211217,19,02112,2
20211217,19,02116,2
20211217,19,02122,2
20211217,19,02128,1
20211217,19,02139,1
20211217,19,02171,1
20211217,19,02179,2
20211217,19,02186,1
20211217,19,02191,1
20211217,2,02111,2
20211217,2,02129,1
20211217,2,02171,1
20211217,2,02179,2
20211217,2,02191,1
20211217,20,02111,1
20211217,20,02116,1
20211217,20,02122,1
20211217,20,02171,4
20211217,20,02179,2
20211217,20,02198,1
20211217,20,03311,1
20211217,21,02112,1
20211217,21,02128,1
20211217,21,02139,2
20211217,21,02171,1
20211217,21,02179,2
20211217,21,02186,2
20211217,21,03311,1
20211217,21,03802,1
20211217,22,02111,1
20211217,22,02116,1
20211217,22,02122,1
20211217,22,02143,1
20211217,22,02172,1
20211217,22,02178,1
20211217,22,02179,1
20211217,22,02185,2
20211217,22,03311,2
20211217,23,02111,1
20211217,23,02129,1
20211217,23,02159,1
20211217,23,02171,1
20211217,23,03311,1
20211217,3,02191,1
20211217,4,02178,1
20211217,5,02185,1
20211217,6,02116,1
20211217,6,02179,1
20211217,6,02186,1
20211217,7,02112,1
20211217,7,02171,2
20211217,7,02191,1
20211217,8,02112,3
20211217,8,02116,1
20211217,8,02148,1
20211217,8,02179,1
20211217,8,02186,1
20211217,8,02191,1
20211217,9,02111,2
20211217,9,02112,1
20211217,9,02148,2
20211217,9,02179,1
20211218,0,02111,2
20211218,0,02112,1
20211218,0,02128,2
20211218,0,02171,3
20211218,0,02186,1
20211218,0,03310,1
20211218,0,03311,2
20211218,1,02143,1
20211218,1,02148,1
20211218,1,02186,2
20211218,10,02111,1
20211218,10,02112,1
20211218,10,02122,1
20211218,10,02159,1
20211218,10,02185,1
20211218,11,02128,1
20211218,11,02159,1
20211218,11,02171,1
20211218,11,03311,1
20211218,11,03802,1
20211218,12,02111,4
20211218,12,02112,2
20211218,12,02139,2
20211218,12,02143,3
20211218,12,02171,4
20211218,12,02178,2
20211218,12,02185,1
20211218,12,02191,1
20211218,12,02198,1
20211218,12,03311,1
20211218,13,02116,1
20211218,13,02128,1
20211218,13,02139,2
20211218,13,02143,1
20211218,13,02171,3
20211218,13,02172,1
20211218,13,02178,1
20211218,13,02179,3
20211218,13,02185,2
20211218,13,02198,1
20211218,14,02122,1
20211218,14,02130,1
20211218,14,02178,1
20211218,14,02191,1
20211218,15,02171,3
20211218,16,02172,1
20211218,17,02128,1
20211218,17,02139,3
20211218,17,02179,1
20211218,17,03311,1
20211218,18,02111,1
20211218,18,02172,2
20211218,18,02178,1
20211218,18,02186,1
20211218,18,02191,1
20211218,19,02171,1
20211218,20,02179,1
20211218,20,02186,1
20211218,21,02112,1
20211218,21,02128,1
20211218,21,02171,2
20211218,21,02179,2
20211218,22,02112,1
20211218,22,02139,1
20211218,22,02148,1
20211218,22,02178,1
20211218,22,03311,2
20211218,23,02128,1
20211218,3,02112,1
20211218,3,02122,1
20211218,3,02186,1
20211218,3,03311,1
20211218,4,02116,1
20211218,4,02179,1
20211218,6,02191,1
20211218,7,02129,1
20211218,7,02171,1
20211218,8,02122,3
20211218,8,02143,1
20211218,8,02159,1
20211218,8,02178,1
20211218,8,02179,1
20211218,8,02185,1
20211218,9,02112,1
20211218,9,02128,1
20211218,9,02143,1
20211218,9,02148,1
20211218,9,02185,1
20211219,0,02111,1
20211219,1,02112,1
20211219,1,03311,1
20211219,10,02111,1
20211219,10,02128,2
20211219,10,02139,1
20211219,10,02148,1
20211219,10,02185,1
20211219,11,02116,1
20211219,12,02122,1
20211219,12,02128,1
20211219,12,02171,1
20211219,12,02172,1
20211219,13,02179,1
20211219,13,02185,1
20211219,13,02191,1
20211219,13,03311,1
20211219,14,02116,1
20211219,14,02128,1
20211219,14,02186,1
20211219,14,03311,1
20211219,15,02148,1
20211219,15,02171,1
20211219,15,02191,2
20211219,16,02112,1
20211219,16,02116,1
20211219,16,02122,1
20211219,16,02179,1
20211219,16,02185,2
20211219,16,02191,1
20211219,17,02111,1
20211219,17,02122,1
20211219,17,02130,1
20211219,17,02139,1
20211219,17,02172,1
20211219,17,02178,3
20211219,17,02179,2
20211219,17,02191,1
20211219,17,03310,1
20211219,18,02112,1
20211219,18,02179,3
20211219,18,02191,1
20211219,19,02130,1
20211219,19,02179,1
20211219,19,02185,1
20211219,2,02178,1
20211219,20,02139,1
20211219,20,02171,1
20211219,20,02179,1
20211219,21,02111,1
20211219,21,02112,2
20211219,21,02122,1
20211219,21,02128,1
20211219,21,02178,1
20211219,21,02179,1
20211219,21,02191,1
20211219,22,02128,1
20211219,22,02171,1
20211219,22,02179,1
20211219,23,02111,1
20211219,23,02178,2
20211219,23,02179,2
20211219,23,02186,1
20211219,23,02191,1
20211219,3,02148,1
20211219,3,02171,1
20211219,3,02186,1
20211220,0,02111,1
20211220,0,02112,1
20211220,0,02130,1
20211220,0,02139,1
20211220,0,02178,1
20211220,0,02179,1
20211220,0,03311,1
20211220,10,02111,1
20211220,10,02122,3
20211220,10,02148,1
20211220,10,02171,1
20211220,10,03311,1
20211220,11,02112,1
20211220,11,02128,1
20211220,11,02139,2
20211220,11,02143,1
20211220,11,02171,1
20211220,11,02179,3
20211220,11,02191,1
20211220,11,03310,2
20211220,12,02111,2
20211220,12,02116,1
20211220,12,02129,1
20211220,12,02139,1
20211220,12,02143,1
20211220,12,02171,4
20211220,12,02179,2
20211220,12,03311,1
20211220,13,02111,2
20211220,13,02112,1
20211220,13,02116,2
20211220,13,02130,1
20211220,13,02139,2
20211220,13,02171,1
20211220,13,02191,1
20211220,13,02198,1
20211220,13,03310,3
20211220,13,03311,1
20211220,14,02116,2
20211220,14,02122,1
20211220,14,02139,2
20211220,14,02172,1
20211220,14,02179,2
20211220,14,02185,3
20211220,14,02191,2
20211220,14,02198,1
20211220,14,03310,1
20211220,14,03311,1
20211220,15,02111,1
20211220,15,02112,1
20211220,15,02122,1
20211220,15,02128,2
20211220,15,02129,1
20211220,15,02143,1
20211220,15,02171,2
20211220,15,02179,1
20211220,15,03311,3
20211220,16,02111,2
20211220,16,02112,1
20211220,16,02128,3
20211220,16,02129,2
20211220,16,02171,1
20211220,16,02185,2
20211220,16,02186,1
20211220,16,02191,1
20211220,16,02198,1
20211220,16,03310,2
20211220,16,03311,1
20211220,17,02112,4
20211220,17,02122,1
20211220,17,02128,2
20211220,17,02139,1
20211220,17,02143,2
20211220,17,02148,2
20211220,17,02159,1
20211220,17,02178,4
20211220,17,02179,1
20211220,17,02191,1
20211220,17,03310,2
20211220,17,03311,1
20211220,18,02111,1
20211220,18,02112,1
20211220,18,02116,4
20211220,18,02122,4
20211220,18,02128,2
20211220,18,02129,6
20211220,18,02139,1
20211220,18,02148,1
20211220,18,02171,8
20211220,18,02172,1
20211220,18,02178,2
20211220,18,02179,2
20211220,18,02191,2
20211220,18,02198,1
20211220,18,03310,2
20211220,19,02112,2
20211220,19,02116,2
20211220,19,02122,2
20211220,19,02128,2
20211220,19,02139,1
20211220,19,02148,1
20211220,19,02171,3
20211220,19,02179,4
20211220,19,02185,1
20211220,19,02186,1
20211220,19,02191,1
20211220,19,02198,2
20211220,19,03310,2
20211220,19,03311,2
20211220,2,02111,1
20211220,2,02139,1
20211220,2,02179,1
20211220,20,02111,2
20211220,20,02112,1
20211220,20,02116,1
20211220,20,02128,3
20211220,20,02143,2
20211220,20,02171,2
20211220,20,02179,3
20211220,20,02185,1
20211220,20,02186,2
20211220,20,02191,1
20211220,20,02198,2
20211220,20,03311,1
20211220,21,02111,5
20211220,21,02112,1
20211220,21,02116,3
20211220,21,02122,2
20211220,21,02128,4
20211220,21,02129,1
20211220,21,02171,2
20211220,21,02179,1
20211220,21,02185,1
20211220,21,02186,1
20211220,21,02191,1
20211220,21,02198,1
20211220,21,03311,2
20211220,22,02112,2
20211220,22,02116,1
20211220,22,02128,1
20211220,22,02148,1
20211220,22,02178,1
20211220,22,02179,1
20211220,22,02185,3
20211220,22,02198,1
20211220,22,03310,1
20211220,22,03311,2
20211220,23,02111,2
20211220,23,02112,3
20211220,23,02128,1
20211220,23,02143,1
20211220,4,02148,1
20211220,4,02171,1
20211220,5,02159,1
20211220,5,02171,1
20211220,5,02191,2
20211220,6,02171,1
20211220,7,02139,3
20211220,7,02171,1
20211220,7,02198,1
20211220,8,02112,1
20211220,8,02116,2
20211220,8,02128,1
20211220,8,02139,1
20211220,8,02143,1
20211220,8,02171,1
20211220,8,02179,1
20211220,8,02185,1
20211220,8,02186,1
20211220,9,02111,3
20211220,9,02112,2
20211220,9,02116,1
20211220,9,02139,1
20211220,9,02171,1
20211220,9,03310,2
20211220,9,03311,2
20211221,0,02111,3
20211221,0,02112,2
20211221,0,02116,2
20211221,0,02122,1
20211221,0,02128,1
20211221,0,02129,1
20211221,0,02139,1
20211221,0,02143,1
20211221,0,02171,4
20211221,0,02178,1
20211221,0,03310,1
20211221,0,03311,2
20211221,1,02122,1
20211221,1,02186,1
20211221,1,02198,2
20211221,10,02111,2
20211221,10,02112,1
20211221,10,02116,1
20211221,10,02128,1
20211221,10,02139,1
20211221,10,02143,1
20211221,10,02148,2
20211221,10,02159,1
20211221,10,02171,1
20211221,10,02178,1
20211221,10,02179,1
20211221,10,02198,1
20211221,10,02199,1
20211221,11,02111,2
20211221,11,02112,2
20211221,11,02116,1
20211221,11,02139,1
20211221,11,02171,3
20211221,11,02185,1
20211221,11,02191,2
20211221,11,03802,1
20211221,12,02111,2
20211221,12,02116,1
20211221,12,02129,1
20211221,12,02139,1
20211221,12,02148,1
20211221,12,02159,1
20211221,12,02186,1
20211221,12,02191,2
20211221,12,02198,2
20211221,12,03311,1
20211221,13,02111,1
20211221,13,02112,2
20211221,13,02116,1
20211221,13,02128,1
20211221,13,02143,1
20211221,13,02148,4
20211221,13,02171,2
20211221,13,02179,1
20211221,13,02185,2
20211221,13,02198,3
20211221,13,03311,1
20211221,14,02111,2
20211221,14,02112,1
20211221,14,02122,1
20211221,14,02139,1
20211221,14,02143,1
20211221,14,02171,4
20211221,14,02172,1
20211221,14,02185,2
20211221,14,02191,1
20211221,15,02111,1
20211221,15,02112,1
20211221,15,02122,1
20211221,15,02148,2
20211221,15,02179,3
20211221,15,02185,2
20211221,15,02191,2
20211221,15,02198,1
20211221,15,03311,1
20211221,16,02111,1
20211221,16,02112,1
20211221,16,02116,2
20211221,16,02128,3
20211221,16,02139,1
20211221,16,02143,1
20211221,16,02148,1
20211221,16,02159,1
20211221,16,02171,2
20211221,16,02172,1
20211221,16,02178,3
20211221,16,02179,1
20211221,16,02185,1
20211221,16,02191,4
20211221,16,02198,1
20211221,16,03311,3
20211221,17,02111,4
20211221,17,02116,5
20211221,17,02122,3
20211221,17,02128,1
20211221,17,02129,1
20211221,17,02139,2
20211221,17,02171,4
20211221,17,02172,1
20211221,17,02178,3
20211221,17,02185,1
20211221,17,02186,1
20211221,17,03310,1
20211221,17,03311,1
20211221,18,02112,2
20211221,18,02116,1
20211221,18,02122,1
20211221,18,02128,2
20211221,18,02129,2
20211221,18,02139,1
20211221,18,02143,2
20211221,18,02148,1
20211221,18,02171,5
20211221,18,02178,4
20211221,18,02179,2
20211221,18,02185,2
20211221,18,02186,1
20211221,18,02191,2
20211221,18,02198,1
20211221,18,03311,7
20211221,19,02111,3
20211221,19,02112,4
20211221,19,02128,2
20211221,19,02130,1
20211221,19,02139,2
20211221,19,02148,1
20211221,19,02171,6
20211221,19,02178,2
20211221,19,02179,4
20211221,19,02186,1
20211221,19,02191,1
20211221,19,02198,1
20211221,19,03311,1
20211221,2,02111,1
20211221,2,02112,1
20211221,2,02116,1
20211221,2,02171,2
20211221,2,02198,1
20211221,20,02111,4
20211221,20,02112,2
20211221,20,02116,4
20211221,20,02122,2
20211221,20,02128,2
20211221,20,02129,1
20211221,20,02130,1
20211221,20,02139,1
20211221,20,02171,3
20211221,20,02172,1
20211221,20,02179,2
20211221,20,02185,1
20211221,20,02198,2
20211221,21,02111,2
20211221,21,02112,2
20211221,21,02116,6
20211221,21,02129,1
20211221,21,02148,1
20211221,21,02159,1
20211221,21,02171,1
20211221,21,02179,2
20211221,21,02186,4
20211221,21,02191,2
20211221,21,02198,1
20211221,21,02199,1
20211221,21,03311,1
20211221,22,02122,2
20211221,22,02128,1
20211221,22,02129,1
20211221,22,02139,1
20211221,22,02143,2
20211221,22,02171,1
20211221,22,02179,4
20211221,22,02185,2
20211221,22,02186,1
20211221,22,02199,1
20211221,22,03311,2
20211221,23,02111,1
20211221,23,02112,1
20211221,23,02129,1
20211221,23,02143,1
20211221,23,02159,1
20211221,23,02171,1
20211221,23,02178,1
20211221,23,02185,1
20211221,3,02178,1
20211221,4,02191,1
20211221,5,02185,1
20211221,6,02112,1
20211221,6,02159,1
20211221,6,02179,1
20211221,6,02186,1
20211221,6,03310,1
20211221,7,02112,2
20211221,7,02159,1
20211221,7,02171,1
20211221,7,02185,1
20211221,7,02191,1
20211221,7,03310,1
20211221,8,02112,1
20211221,8,02116,1
20211221,8,02143,1
20211221,8,02171,1
20211221,8,02179,2
20211221,8,02186,2
20211221,8,02191,3
20211221,8,02198,1
20211221,8,03310,2
20211221,9,02112,1
20211221,9,02122,1
20211221,9,02143,1
20211221,9,02148,1
20211221,9,02159,1
20211221,9,02171,2
20211221,9,02179,2
20211221,9,02198,1
20211221,9,03311,1
20211222,0,02112,2
20211222,0,02116,2
20211222,0,02122,1
20211222,0,02128,2
20211222,0,02171,1
20211222,0,02172,1
20211222,0,02178,1
20211222,0,02179,2
20211222,0,02185,1
20211222,0,03311,1
20211222,1,02129,1
20211222,1,02148,1
20211222,1,02159,2
20211222,10,02112,2
20211222,10,02129,1
20211222,10,02148,3
20211222,10,02159,2
20211222,10,02178,1
20211222,10,02179,1
20211222,10,02185,2
20211222,10,02191,1
20211222,11,02122,1
20211222,11,02128,2
20211222,11,02129,1
20211222,11,02143,1
20211222,11,02148,2
20211222,11,02171,2
20211222,11,02178,1
20211222,11,02185,2
20211222,11,02191,2
20211222,11,02198,1
20211222,11,03310,2
20211222,11,03311,1
20211222,12,02111,2
20211222,12,02112,1
20211222,12,02116,1
20211222,12,02128,1
20211222,12,02129,1
20211222,12,02130,1
20211222,12,02139,2
20211222,12,02143,2
20211222,12,02148,1
20211222,12,02171,1
20211222,12,02178,1
20211222,12,02179,2
20211222,12,02186,2
20211222,12,02191,1
20211222,12,02198,1
20211222,12,02199,1
20211222,12,03310,1
20211222,13,02111,2
20211222,13,02112,1
20211222,13,02116,2
20211222,13,02128,1
20211222,13,02139,2
20211222,13,02143,1
20211222,13,02171,4
20211222,13,02179,3
20211222,13,02185,1
20211222,13,02191,3
20211222,13,02198,2
20211222,13,03311,1
20211222,14,02122,2
20211222,14,02129,1
20211222,14,02130,1
20211222,14,02139,3
20211222,14,02148,1
20211222,14,02178,3
20211222,14,02179,3
20211222,14,02185,1
20211222,14,02198,2
20211222,14,03311,1
20211222,14,03802,2
20211222,15,02111,2
20211222,15,02112,1
20211222,15,02116,1
20211222,15,02122,1
20211222,15,02130,2
20211222,15,02139,2
20211222,15,02171,1
20211222,15,02172,2
20211222,15,02178,1
20211222,15,02179,1
20211222,15,02191,1
20211222,15,03310,2
20211222,15,03311,2
20211222,16,02111,1
20211222,16,02112,2
20211222,16,02116,1
20211222,16,02129,1
20211222,16,02130,2
20211222,16,02171,3
20211222,16,02178,2
20211222,16,02179,5
20211222,16,02185,2
20211222,16,02191,1
20211222,16,02198,2
20211222,17,02111,2
20211222,17,02112,1
20211222,17,02116,3
20211222,17,02122,1
20211222,17,02128,1
20211222,17,02129,1
20211222,17,02143,2
20211222,17,02148,1
20211222,17,02171,2
20211222,17,02178,3
20211222,17,02179,1
20211222,17,02186,1
20211222,17,02191,5
20211222,17,03310,2
20211222,17,03802,1
20211222,18,02111,6
20211222,18,02116,1
20211222,18,02128,2
20211222,18,02148,3
20211222,18,02171,4
20211222,18,02178,2
20211222,18,02179,1
20211222,18,02185,1
20211222,18,02191,1
20211222,18,02198,2
20211222,18,03310,4
20211222,18,03311,1
20211222,19,02111,4
20211222,19,02112,3
20211222,19,02116,1
20211222,19,02128,3
20211222,19,02129,1
20211222,19,02148,1
20211222,19,02159,1
20211222,19,02171,6
20211222,19,02178,2
20211222,19,02179,2
20211222,19,02185,1
20211222,19,02186,2
20211222,19,02191,3
20211222,19,02198,1
20211222,19,03310,1
20211222,19,03802,1
20211222,2,02111,1
20211222,2,02171,1
20211222,2,02186,1
20211222,20,02111,3
20211222,20,02112,1
20211222,20,02116,5
20211222,20,02129,1
20211222,20,02148,1
20211222,20,02171,2
20211222,20,02179,3
20211222,20,02185,2
20211222,20,02186,2
20211222,20,02191,1
20211222,20,02198,3
20211222,20,03802,1
20211222,21,02111,2
20211222,21,02112,4
20211222,21,02116,11
20211222,21,02122,2
20211222,21,02128,3
20211222,21,02139,1
20211222,21,02171,2
20211222,21,02179,1
20211222,21,02185,1
20211222,21,02191,1
20211222,21,02198,4
20211222,22,02112,1
20211222,22,02116,2
20211222,22,02122,2
20211222,22,02128,1
20211222,22,02130,1
20211222,22,02139,1
20211222,22,02143,1
20211222,22,02148,1
20211222,22,02178,3
20211222,22,02179,1
20211222,22,02185,1
20211222,22,02186,2
20211222,22,02191,1
20211222,22,03311,3
20211222,23,02139,1
20211222,23,02171,1
20211222,23,02178,1
20211222,23,02179,3
20211222,23,02185,1
20211222,23,02198,1
20211222,23,03310,1
20211222,3,02112,1
20211222,4,02178,1
20211222,5,02159,1
20211222,5,02172,1
20211222,5,02179,1
20211222,5,02185,1
20211222,5,02198,2
20211222,6,02116,1
20211222,6,02179,1
20211222,6,02186,1
20211222,7,02129,1
20211222,7,02143,1
20211222,7,02159,1
20211222,7,02179,1
20211222,7,02185,1
20211222,7,02191,2
20211222,7,03311,1
20211222,8,02112,2
20211222,8,02116,1
20211222,8,02143,1
20211222,8,02148,2
20211222,8,02179,1
20211222,8,02191,4
20211222,8,02198,1
20211222,9,02111,2
20211222,9,02122,1
20211222,9,02129,1
20211222,9,02171,3
20211222,9,02198,1
20211223,0,02112,2
20211223,0,02116,4
20211223,0,02128,1
20211223,0,02139,1
20211223,0,02179,1
20211223,0,02186,2
20211223,0,02198,1
20211223,0,03311,1
20211223,1,02111,2
20211223,1,02128,1
20211223,1,02148,2
20211223,10,02111,2
20211223,10,02112,1
20211223,10,02129,1
20211223,10,02159,1
20211223,10,02171,1
20211223,10,02178,1
20211223,10,02179,1
20211223,10,02191,1
20211223,10,02198,1
20211223,10,03802,1
20211223,11,02111,1
20211223,11,02112,1
20211223,11,02122,2
20211223,11,02128,1
20211223,11,02139,1
20211223,11,02159,1
20211223,11,02171,2
20211223,11,02172,1
20211223,11,02179,1
20211223,11,02198,1
20211223,11,03311,2
20211223,11,03802,4
20211223,12,02111,3
20211223,12,02122,1
20211223,12,02129,2
20211223,12,02130,1
20211223,12,02139,1
20211223,12,02148,1
20211223,12,02171,1
20211223,12,02179,2
20211223,12,02185,1
20211223,12,02191,1
20211223,12,02198,1
20211223,12,03311,1
20211223,13,02111,1
20211223,13,02112,2
20211223,13,02116,2
20211223,13,02128,2
20211223,13,02129,1
20211223,13,02139,2
20211223,13,02143,1
20211223,13,02148,1
20211223,13,02171,1
20211223,13,02179,1
20211223,13,02186,1
20211223,13,02191,3
20211223,13,03802,1
20211223,14,02112,3
20211223,14,02116,2
20211223,14,02122,2
20211223,14,02128,2
20211223,14,02139,1
20211223,14,02143,1
20211223,14,02148,1
20211223,14,02172,2
20211223,14,02178,2
20211223,14,02179,1
20211223,14,03311,1
20211223,15,02116,2
20211223,15,02122,2
20211223,15,02128,1
20211223,15,02171,5
20211223,15,02178,4
20211223,15,02185,1
20211223,15,02191,2
20211223,16,02111,1
20211223,16,02122,1
20211223,16,02129,1
20211223,16,02148,1
20211223,16,02178,1
20211223,16,02179,2
20211223,16,02185,3
20211223,16,02186,2
20211223,16,02191,4
20211223,16,02199,1
20211223,16,03311,2
20211223,16,03802,1
20211223,17,02111,4
20211223,17,02112,2
20211223,17,02116,3
20211223,17,02128,2
20211223,17,02130,1
20211223,17,02148,3
20211223,17,02171,2
20211223,17,02172,2
20211223,17,02185,2
20211223,17,02198,2
20211223,17,02199,1
20211223,17,03311,3
20211223,17,03802,1
20211223,18,02112,1
20211223,18,02116,1
20211223,18,02122,1
20211223,18,02128,2
20211223,18,02143,1
20211223,18,02148,1
20211223,18,02159,2
20211223,18,02171,4
20211223,18,02178,1
20211223,18,02179,1
20211223,18,02186,1
20211223,18,02191,1
20211223,18,02198,2
20211223,18,03311,1
20211223,19,02111,1
20211223,19,02116,1
20211223,19,02122,1
20211223,19,02128,1
20211223,19,02139,2
20211223,19,02148,1
20211223,19,02159,1
20211223,19,02171,2
20211223,19,02179,4
20211223,19,02185,1
20211223,19,02191,3
20211223,19,02198,1
20211223,19,03310,1
20211223,19,03311,5
20211223,2,02111,2
20211223,2,02128,1
20211223,20,02111,2
20211223,20,02116,4
20211223,20,02128,1
20211223,20,02171,3
20211223,20,02179,4
20211223,20,02186,4
20211223,20,02191,4
20211223,20,02198,2
20211223,20,03311,3
20211223,21,02111,6
20211223,21,02112,1
20211223,21,02116,2
20211223,21,02128,3
20211223,21,02129,1
20211223,21,02139,1
20211223,21,02171,3
20211223,21,02179,4
20211223,21,02185,1
20211223,21,02191,1
20211223,21,02198,1
20211223,21,03311,2
20211223,22,02111,2
20211223,22,02129,1
20211223,22,02139,2
20211223,22,02159,1
20211223,22,02171,2
20211223,22,02191,1
20211223,22,02198,1
20211223,22,03311,1
20211223,23,02111,1
20211223,23,02128,2
20211223,23,02171,1
20211223,23,02179,1
20211223,23,02186,1
20211223,23,02198,2
20211223,3,02178,1
20211223,3,02186,1
20211223,3,02198,1
20211223,4,02148,1
20211223,4,02186,1
20211223,4,02191,1
20211223,5,02143,1
20211223,5,02159,1
20211223,5,02171,1
20211223,5,02185,1
20211223,6,02159,1
20211223,6,02191,1
20211223,7,02148,1
20211223,7,02171,1
20211223,7,02185,1
20211223,7,02186,1
20211223,7,02191,2
20211223,7,03311,1
20211223,8,02122,1
20211223,8,02129,1
20211223,8,02148,1
20211223,8,02159,1
20211223,8,02186,2
20211223,8,02191,1
20211223,8,02198,2
20211223,8,03310,1
20211223,9,02111,1
20211223,9,02112,1
20211223,9,02122,1
20211223,9,02171,2
20211223,9,02185,1
20211223,9,02191,1
20211223,9,02198,1
20211223,9,03311,3
20211224,0,02111,1
20211224,0,02116,4
20211224,0,02122,1
20211224,0,02139,2
20211224,0,02171,2
20211224,0,02179,4
20211224,0,02191,1
20211224,0,02198,1
20211224,0,03311,1
20211224,1,02111,1
20211224,1,02116,1
20211224,1,02139,1
20211224,1,02179,1
20211224,10,02111,2
20211224,10,02116,1
20211224,10,02128,1
20211224,10,02148,2
20211224,10,02179,3
20211224,10,02185,1
20211224,10,02198,1
20211224,10,03311,2
20211224,11,02111,3
20211224,11,02112,1
20211224,11,02116,1
20211224,11,02122,3
20211224,11,02128,2
20211224,11,02129,1
20211224,11,02130,1
20211224,11,02159,2
20211224,11,02178,1
20211224,11,02179,1
20211224,11,02185,2
20211224,11,02186,1
20211224,11,02191,1
20211224,11,03802,1
20211224,12,02116,1
20211224,12,02122,1
20211224,12,02128,1
20211224,12,02129,1
20211224,12,02139,3
20211224,12,02148,3
20211224,12,02159,1
20211224,12,02171,1
20211224,12,02178,1
20211224,12,02179,1
20211224,12,02186,3
20211224,12,02191,2
20211224,13,02143,1
20211224,13,02171,1
20211224,13,02186,1
20211224,13,03311,1
20211224,13,03802,1
20211224,14,02122,1
20211224,14,02128,1
20211224,14,02171,3
20211224,14,02199,1
20211224,14,03311,1
20211224,15,02112,2
20211224,15,02116,1
20211224,15,02130,1
20211224,15,02148,1
20211224,15,02171,2
20211224,15,03311,1
20211224,16,02111,2
20211224,16,02112,1
20211224,16,02116,1
20211224,16,02122,3
20211224,16,02128,2
20211224,16,02139,2
20211224,16,02171,2
20211224,16,02178,1
20211224,16,02185,1
20211224,16,02186,2
20211224,17,02111,3
20211224,17,02112,2
20211224,17,02116,1
20211224,17,02128,2
20211224,17,02139,1
20211224,17,02148,2
20211224,17,02171,1
20211224,17,02178,2
20211224,17,02179,3
20211224,17,02186,2
20211224,17,02191,1
20211224,17,02198,1
20211224,17,03311,2
20211224,18,02111,1
20211224,18,02112,2
20211224,18,02116,2
20211224,18,02122,3
20211224,18,02148,1
20211224,18,02171,2
20211224,18,02185,1
20211224,18,02191,1
20211224,18,02198,2
20211224,18,03310,2
20211224,18,03311,1
20211224,19,02111,1
20211224,19,02116,1
20211224,19,02128,1
20211224,19,02139,1
20211224,19,02171,1
20211224,19,02179,3
20211224,19,02198,1
20211224,19,03311,1
20211224,2,02111,1
20211224,2,02116,1
20211224,2,02122,1
20211224,2,02139,1
20211224,2,02171,3
20211224,2,02172,1
20211224,2,02185,1
20211224,2,02191,1
20211224,20,02111,1
20211224,20,02116,1
20211224,20,02128,2
20211224,20,02129,1
20211224,20,02179,1
20211224,20,02186,1
20211224,20,02198,2
20211224,21,02111,1
20211224,21,02112,1
20211224,21,02116,1
20211224,21,02122,1
20211224,21,02128,1
20211224,21,02148,2
20211224,21,02179,1
20211224,21,02191,1
20211224,21,03311,1
20211224,22,02111,1
20211224,22,02116,1
20211224,22,02139,1
20211224,22,02171,2
20211224,22,02178,1
20211224,22,02179,1
20211224,22,03311,1
20211224,23,02116,1
20211224,23,02122,1
20211224,23,02139,1
20211224,23,02148,1
20211224,23,02171,1
20211224,3,02116,3
20211224,3,03311,1
20211224,5,02159,1
20211224,5,02172,1
20211224,5,02191,1
20211224,6,02128,1
20211224,6,02139,1
20211224,6,02159,1
20211224,6,02186,1
20211224,6,02191,1
20211224,7,02159,1
20211224,7,02171,1
20211224,7,02185,1
20211224,7,02186,1
20211224,7,02191,1
20211224,7,03311,1
20211224,8,02111,1
20211224,8,02116,1
20211224,8,02122,1
20211224,8,02129,1
20211224,8,02148,1
20211224,8,02171,1
20211224,8,02179,1
20211224,8,02186,2
20211224,8,02191,1
20211224,8,02198,1
20211224,8,03310,1
20211224,9,02111,1
20211224,9,02112,1
20211224,9,02128,1
20211224,9,02139,1
20211224,9,02148,1
20211224,9,02171,1
20211224,9,02179,1
20211224,9,02185,1
20211224,9,03802,2
20211225,0,02111,2
20211225,0,02139,1
20211225,0,02171,1
20211225,0,02178,1
20211225,0,03310,1
20211225,1,02122,1
20211225,1,02171,1
20211225,1,02172,1
20211225,10,02128,1
20211225,10,02139,1
20211225,10,02185,1
20211225,10,02191,1
20211225,11,02112,1
20211225,11,02116,2
20211225,11,02178,1
20211225,11,02179,2
20211225,11,02185,1
20211225,11,03311,1
20211225,12,02111,1
20211225,12,02139,1
20211225,12,02148,1
20211225,12,02171,1
20211225,12,02172,1
20211225,12,02179,2
20211225,12,02191,1
20211225,13,02130,2
20211225,13,02139,1
20211225,13,02148,2
20211225,13,02171,1
20211225,13,02179,1
20211225,13,02191,1
20211225,13,03311,1
20211225,14,02130,1
20211225,14,02148,1
20211225,14,02171,1
20211225,14,02185,1
20211225,14,02186,1
20211225,14,02191,1
20211225,14,02198,1
20211225,14,03311,2
20211225,15,02111,1
20211225,15,02179,1
20211225,15,03311,1
20211225,16,02111,1
20211225,16,02112,2
20211225,16,02128,1
20211225,16,02139,1
20211225,16,02171,2
20211225,16,02172,1
20211225,16,02178,1
20211225,16,02179,2
20211225,16,02186,1
20211225,17,02112,1
20211225,17,02128,1
20211225,17,02143,1
20211225,17,02148,1
20211225,17,02171,1
20211225,17,02179,1
20211225,17,03311,1
20211225,18,02112,1
20211225,18,02139,1
20211225,18,02148,2
20211225,18,02159,1
20211225,18,02179,2
20211225,18,03311,3
20211225,19,02112,1
20211225,19,02116,2
20211225,19,02148,1
20211225,19,02179,1
20211225,2,02116,1
20211225,20,02112,1
20211225,20,03802,1
20211225,21,02111,1
20211225,21,02128,1
20211225,21,02130,1
20211225,21,02171,2
20211225,21,02178,1
20211225,21,02198,1
20211225,21,03311,1
20211225,22,02112,1
20211225,22,02139,1
20211225,22,02185,1
20211225,3,02148,1
20211225,3,02179,1
20211225,3,02185,1
20211225,4,02116,1
20211225,4,02171,1
20211225,7,02171,2
20211225,7,02179,1
20211225,8,02178,1
20211225,8,02185,1
20211225,9,02111,1
20211225,9,02171,1
20211226,0,02116,2
20211226,0,02171,2
20211226,0,02186,1
20211226,0,02198,1
20211226,0,03311,1
20211226,1,02116,1
20211226,1,02122,1
20211226,1,02129,1
20211226,10,02171,1
20211226,10,02179,1
20211226,11,02178,1
20211226,11,02179,1
20211226,11,02191,1
20211226,12,02111,1
20211226,12,02112,1
20211226,12,02148,3
20211226,12,02159,2
20211226,12,02171,1
20211226,12,02198,1
20211226,13,02128,2
20211226,13,02172,1
20211226,13,02179,1
20211226,13,02191,1
20211226,13,02198,1
20211226,14,02116,1
20211226,14,02122,1
20211226,14,02139,1
20211226,14,02171,2
20211226,14,02179,1
20211226,14,03311,1
20211226,15,02128,1
20211226,15,02191,1
20211226,16,02111,1
20211226,16,02112,1
20211226,16,02128,1
20211226,16,02143,1
20211226,16,02171,1
20211226,16,02179,2
20211226,16,02191,1
20211226,16,03311,1
20211226,17,02122,1
20211226,17,02128,1
20211226,17,02148,1
20211226,17,02159,1
20211226,17,02171,1
20211226,17,02172,1
20211226,17,02178,1
20211226,17,02179,2
20211226,17,02185,1
20211226,18,02112,1
20211226,18,02139,1
20211226,18,02148,1
20211226,18,02178,1
20211226,18,02179,1
20211226,18,02186,2
20211226,18,02198,2
20211226,18,03311,1
20211226,19,02112,1
20211226,19,02198,1
20211226,19,03311,1
20211226,2,02139,1
20211226,20,02111,1
20211226,20,02112,2
20211226,20,02116,1
20211226,20,02128,2
20211226,20,02171,3
20211226,20,02185,1
20211226,20,02198,1
20211226,21,02111,2
20211226,21,02112,1
20211226,21,02128,1
20211226,21,02139,1
20211226,21,02191,1
20211226,21,03311,1
20211226,22,02139,2
20211226,22,02143,1
20211226,22,02171,1
20211226,22,02179,1
20211226,23,02171,1
20211226,23,02178,1
20211226,3,02111,1
20211226,3,03311,1
20211226,7,02171,1
20211226,8,02111,1
20211226,8,02185,1
20211226,8,02191,1
20211227,0,02112,1
20211227,0,03802,1
20211227,1,02185,1
20211227,10,02111,1
20211227,10,02112,2
20211227,10,02148,1
20211227,10,02171,1
20211227,10,02178,1
20211227,10,02179,2
20211227,10,02198,1
20211227,11,02112,1
20211227,11,02139,2
20211227,11,02171,1
20211227,11,02191,1
20211227,11,03311,2
20211227,11,03802,2
20211227,12,02112,1
20211227,12,02116,1
20211227,12,02130,1
20211227,12,02139,1
20211227,12,02148,1
20211227,12,02179,1
20211227,12,02185,1
20211227,12,02191,3
20211227,12,02199,1
20211227,12,03311,1
20211227,13,02111,1
20211227,13,02116,1
20211227,13,02122,2
20211227,13,02143,1
20211227,13,02171,2
20211227,13,02185,1
20211227,13,02191,1
20211227,13,03311,1
20211227,14,02122,1
20211227,14,02172,1
20211227,14,02179,1
20211227,14,02185,2
20211227,14,02191,2
20211227,14,02199,1
20211227,14,03311,1
20211227,15,02116,2
20211227,15,02128,1
20211227,15,02178,1
20211227,16,02112,1
20211227,16,02128,1
20211227,16,02139,3
20211227,16,02185,1
20211227,16,03311,2
20211227,17,02111,2
20211227,17,02116,3
20211227,17,02128,4
20211227,17,02143,2
20211227,17,02148,1
20211227,17,02171,1
20211227,17,02179,1
20211227,17,03311,2
20211227,18,02111,1
20211227,18,02128,2
20211227,18,02139,1
20211227,18,02171,4
20211227,18,02178,1
20211227,18,02179,2
20211227,18,02191,3
20211227,18,02198,1
20211227,18,02199,1
20211227,18,03311,1
20211227,19,02111,1
20211227,19,02112,1
20211227,19,02116,2
20211227,19,02122,1
20211227,19,02128,1
20211227,19,02171,1
20211227,19,02178,1
20211227,19,02179,1
20211227,19,02186,1
20211227,19,03311,1
20211227,2,02111,1
20211227,2,02198,1
20211227,20,02111,3
20211227,20,02116,2
20211227,20,02128,2
20211227,20,02143,2
20211227,20,02171,2
20211227,20,02179,1
20211227,20,02185,2
20211227,20,02191,2
20211227,20,02198,1
20211227,21,02112,2
20211227,21,02116,2
20211227,21,02128,2
20211227,21,02139,1
20211227,21,02148,2
20211227,21,02159,1
20211227,21,02171,5
20211227,21,02179,3
20211227,21,02186,1
20211227,21,02191,1
20211227,22,02112,2
20211227,22,02139,1
20211227,22,02143,1
20211227,22,02148,1
20211227,22,02171,1
20211227,22,02178,2
20211227,22,02179,2
20211227,22,02198,2
20211227,23,02143,1
20211227,23,02191,1
20211227,3,02111,1
20211227,3,02178,1
20211227,4,02191,1
20211227,5,02172,1
20211227,5,02191,2
20211227,5,02198,1
20211227,6,02122,1
20211227,7,02159,1
20211227,7,02191,2
20211227,8,02112,1
20211227,8,02116,1
20211227,8,02148,1
20211227,8,02179,1
20211227,8,02198,1
20211227,9,02111,1
20211227,9,02171,1
20211228,0,02111,1
20211228,0,02179,1
20211228,0,02198,1
20211228,0,03310,1
20211228,0,03311,1
20211228,1,02139,1
20211228,1,02171,1
20211228,10,02171,2
20211228,10,02179,1
20211228,10,02185,1
20211228,10,02186,1
20211228,10,02198,1
20211228,11,02111,1
20211228,11,02112,1
20211228,11,02139,1
20211228,11,02171,1
20211228,11,02179,1
20211228,11,02186,1
20211228,11,02191,2
20211228,11,02198,1
20211228,11,03802,3
20211228,12,02111,2
20211228,12,02122,1
20211228,12,02128,2
20211228,12,02178,1
20211228,12,02191,1
20211228,13,02111,1
20211228,13,02122,1
20211228,13,02128,1
20211228,13,02130,1
20211228,13,02186,2
20211228,13,02191,1
20211228,13,02199,1
20211228,14,02116,1
20211228,14,02122,1
20211228,14,02178,1
20211228,14,02179,2
20211228,14,02186,1
20211228,14,02191,1
20211228,15,02111,1
20211228,15,02128,1
20211228,15,02139,2
20211228,15,02143,1
20211228,15,02171,3
20211228,15,02172,1
20211228,15,02179,1
20211228,15,02186,1
20211228,15,02191,2
20211228,15,02198,1
20211228,15,03311,1
20211228,16,02111,1
20211228,16,02139,4
20211228,16,02179,1
20211228,16,03311,1
20211228,17,02111,3
20211228,17,02112,1
20211228,17,02116,1
20211228,17,02128,3
20211228,17,02139,2
20211228,17,02143,2
20211228,17,02148,2
20211228,17,02171,2
20211228,17,02186,1
20211228,17,02191,1
20211228,17,03311,1
20211228,18,02116,2
20211228,18,02122,1
20211228,18,02139,2
20211228,18,02143,1
20211228,18,02171,6
20211228,18,02172,2
20211228,18,02179,1
20211228,18,02185,1
20211228,18,03311,1
20211228,19,02111,2
20211228,19,02112,1
20211228,19,02116,2
20211228,19,02122,1
20211228,19,02128,1
20211228,19,02143,1
20211228,19,02148,1
20211228,19,02171,4
20211228,19,02179,1
20211228,19,02186,2
20211228,19,02191,3
20211228,19,02198,1
20211228,19,03311,3
20211228,2,02111,1
20211228,2,02171,1
20211228,20,02112,2
20211228,20,02116,4
20211228,20,02143,1
20211228,20,02171,5
20211228,20,02179,1
20211228,20,02185,2
20211228,20,02186,1
20211228,20,02198,1
20211228,20,03311,3
20211228,21,02111,2
20211228,21,02112,1
20211228,21,02116,1
20211228,21,02128,3
20211228,21,02129,2
20211228,21,02143,1
20211228,21,02171,1
20211228,21,02179,1
20211228,21,02191,1
20211228,21,02198,1
20211228,21,03311,3
20211228,22,02111,2
20211228,22,02139,1
20211228,22,02159,1
20211228,22,02172,1
20211228,22,02179,4
20211228,22,02185,2
20211228,22,02191,1
20211228,22,02198,1
20211228,22,03311,1
20211228,23,02111,2
20211228,23,02179,1
20211228,5,02143,1
20211228,5,02172,1
20211228,5,02191,1
20211228,6,02186,1
20211228,7,02171,1
20211228,7,02191,1
20211228,8,02111,1
20211228,8,02112,2
20211228,8,02116,1
20211228,8,02179,1
20211228,8,02198,1
20211228,8,03311,1
20211228,9,02112,1
20211228,9,02116,1
20211228,9,02171,2
20211228,9,02179,1
20211228,9,02186,2
20211228,9,02191,2
20211229,0,02111,2
20211229,0,02116,1
20211229,0,02148,1
20211229,0,02179,1
20211229,0,03311,2
20211229,1,02171,1
20211229,10,02128,1
20211229,10,02143,1
20211229,10,02148,1
20211229,10,02178,1
20211229,10,02179,1
20211229,11,02128,1
20211229,11,02139,1
20211229,11,02159,1
20211229,11,02191,1
20211229,11,03311,1
20211229,12,02111,2
20211229,12,02116,1
20211229,12,02139,2
20211229,12,02186,1
20211229,12,02199,1
20211229,13,02111,1
20211229,13,02116,1
20211229,13,02128,1
20211229,13,02139,1
20211229,13,02148,1
20211229,13,02186,1
20211229,13,02198,1
20211229,13,03311,1
20211229,14,02112,2
20211229,14,02116,1
20211229,14,02122,1
20211229,14,02128,2
20211229,14,02139,1
20211229,14,02178,1
20211229,14,02179,1
20211229,14,02191,3
20211229,14,03802,1
20211229,15,02111,1
20211229,15,02112,3
20211229,15,02116,2
20211229,15,02122,1
20211229,15,02129,1
20211229,15,02143,2
20211229,15,02171,3
20211229,15,03311,2
20211229,16,02116,1
20211229,16,02128,1
20211229,16,02148,1
20211229,16,02159,1
20211229,16,02178,1
20211229,16,02179,1
20211229,17,02111,2
20211229,17,02112,1
20211229,17,02128,1
20211229,17,02129,1
20211229,17,02139,1
20211229,17,02148,1
20211229,17,02171,1
20211229,17,02178,1
20211229,17,02179,3
20211229,17,02191,3
20211229,17,03311,3
20211229,18,02111,2
20211229,18,02116,1
20211229,18,02122,1
20211229,18,02128,1
20211229,18,02129,2
20211229,18,02171,3
20211229,18,02178,1
20211229,18,02179,2
20211229,18,02186,2
20211229,18,02191,1
20211229,18,02198,1
20211229,18,03311,1
20211229,19,02111,2
20211229,19,02112,2
20211229,19,02128,1
20211229,19,02139,1
20211229,19,02148,1
20211229,19,02159,1
20211229,19,02171,2
20211229,19,02179,1
20211229,19,02186,1
20211229,19,02198,1
20211229,2,02111,1
20211229,2,02122,1
20211229,2,02128,1
20211229,2,02171,1
20211229,2,02179,1
20211229,20,02111,4
20211229,20,02112,1
20211229,20,02116,1
20211229,20,02128,1
20211229,20,02139,1
20211229,20,02159,1
20211229,20,02171,4
20211229,20,02178,3
20211229,20,02179,1
20211229,20,03311,1
20211229,21,02111,3
20211229,21,02112,1
20211229,21,02116,2
20211229,21,02143,1
20211229,21,02159,1
20211229,21,02171,3
20211229,21,02178,1
20211229,21,02179,1
20211229,21,02185,1
20211229,21,02186,1
20211229,21,02198,2
20211229,21,03311,3
20211229,22,02112,1
20211229,22,02148,1
20211229,22,02178,1
20211229,22,02179,3
20211229,22,02185,2
20211229,22,02186,1
20211229,22,02191,1
20211229,22,02198,1
20211229,22,03310,1
20211229,22,03311,1
20211229,23,02178,1
20211229,23,03310,1
20211229,3,02111,1
20211229,3,02116,1
20211229,3,02171,1
20211229,5,02139,1
20211229,5,02191,1
20211229,6,02186,1
20211229,7,02159,1
20211229,7,02171,1
20211229,7,02191,2
20211229,8,02112,2
20211229,8,02116,1
20211229,8,02139,1
20211229,8,02148,1
20211229,8,02179,2
20211229,8,02186,1
20211229,8,02191,1
20211229,8,02198,1
20211229,8,03311,1
20211229,9,02111,1
20211229,9,02128,1
20211229,9,02171,3
20211229,9,02179,2
20211229,9,02198,1
20211230,0,02111,1
20211230,0,02112,1
20211230,0,02171,2
20211230,0,02179,1
20211230,0,02186,2
20211230,0,02198,1
20211230,0,03311,2
20211230,1,02139,2
20211230,1,02143,2
20211230,1,02148,1
20211230,1,02171,1
20211230,1,02185,1
20211230,10,02112,1
20211230,10,02139,1
20211230,10,02148,1
20211230,10,02178,1
20211230,10,02179,2
20211230,10,02186,2
20211230,10,02191,1
20211230,11,02111,1
20211230,11,02129,1
20211230,11,02139,1
20211230,11,02148,1
20211230,11,02171,2
20211230,11,02179,2
20211230,11,02191,1
20211230,12,02111,2
20211230,12,02128,2
20211230,12,02129,1
20211230,12,02139,2
20211230,12,02159,1
20211230,12,02178,2
20211230,12,02179,2
20211230,12,02191,1
20211230,12,02198,1
20211230,13,02122,2
20211230,13,02129,1
20211230,13,02139,1
20211230,13,02148,1
20211230,13,02159,1
20211230,13,02171,1
20211230,13,02178,1
20211230,13,03311,2
20211230,14,02111,4
20211230,14,02112,2
20211230,14,02116,1
20211230,14,02122,3
20211230,14,02129,1
20211230,14,02139,2
20211230,14,02148,1
20211230,14,02159,1
20211230,14,02171,1
20211230,14,02178,2
20211230,14,02179,1
20211230,14,02186,1
20211230,14,03311,1
20211230,15,02112,1
20211230,15,02116,1
20211230,15,02122,1
20211230,15,02128,1
20211230,15,02178,2
20211230,15,02198,1
20211230,15,02199,1
20211230,16,02112,1
20211230,16,02116,2
20211230,16,02128,1
20211230,16,02139,1
20211230,16,02148,1
20211230,16,02159,1
20211230,16,02172,1
20211230,16,02178,1
20211230,16,02179,2
20211230,16,02191,1
20211230,16,02198,1
20211230,16,02199,2
20211230,16,03311,1
20211230,17,02111,1
20211230,17,02112,1
20211230,17,02116,2
20211230,17,02122,1
20211230,17,02128,1
20211230,17,02139,2
20211230,17,02171,3
20211230,17,02179,1
20211230,17,02191,1
20211230,17,02198,1
20211230,17,03311,2
20211230,18,02111,3
20211230,18,02116,1
20211230,18,02122,3
20211230,18,02129,2
20211230,18,02148,1
20211230,18,02171,5
20211230,18,02172,1
20211230,18,02178,1
20211230,18,02185,2
20211230,18,02186,1
20211230,18,02198,2
20211230,18,03311,1
20211230,19,02111,2
20211230,19,02112,2
20211230,19,02116,2
20211230,19,02171,1
20211230,19,02178,1
20211230,19,02179,2
20211230,19,02198,1
20211230,19,03311,2
20211230,2,02111,1
20211230,2,02171,2
20211230,2,03311,1
20211230,20,02111,1
20211230,20,02116,1
20211230,20,02128,1
20211230,20,02129,1
20211230,20,02143,1
20211230,20,02159,1
20211230,20,02191,1
20211230,21,02111,1
20211230,21,02112,1
20211230,21,02116,2
20211230,21,02128,2
20211230,21,02148,1
20211230,21,02171,2
20211230,21,02178,1
20211230,21,02179,1
20211230,21,03311,1
20211230,22,02122,1
20211230,22,02139,1
20211230,22,02148,1
20211230,22,02179,1
20211230,22,02191,2
20211230,22,03311,1
20211230,23,02111,1
20211230,23,02116,1
20211230,23,02171,2
20211230,23,02179,1
20211230,5,02116,1
20211230,5,02143,1
20211230,5,02159,1
20211230,5,02185,2
20211230,6,02139,1
20211230,6,02186,1
20211230,7,02139,1
20211230,7,02148,1
20211230,7,02171,1
20211230,7,02179,1
20211230,7,02191,1
20211230,8,02116,1
20211230,8,02122,1
20211230,8,02148,1
20211230,8,02171,2
20211230,8,02191,1
20211230,8,03311,1
20211230,9,02111,1
20211230,9,02129,1
20211230,9,02171,1
20211231,0,02116,1
20211231,0,02171,1
20211231,0,02179,2
20211231,0,02186,1
20211231,0,02191,1
20211231,0,03311,2
20211231,1,02143,1
20211231,1,02198,1
20211231,10,02112,1
20211231,10,02148,1
20211231,10,02171,1
20211231,10,02178,1
20211231,10,02179,2
20211231,10,03310,2
20211231,10,03311,1
20211231,11,02111,1
20211231,11,02112,1
20211231,11,02128,1
20211231,11,02130,1
20211231,11,02139,1
20211231,11,02148,2
20211231,11,02172,1
20211231,11,02185,1
20211231,11,02198,2
20211231,11,03310,1
20211231,11,03802,2
20211231,12,02111,1
20211231,12,02128,2
20211231,12,02139,1
20211231,12,02148,3
20211231,12,02185,1
20211231,12,02186,2
20211231,12,02191,1
20211231,12,03310,1
20211231,13,02112,1
20211231,13,02139,2
20211231,13,02148,1
20211231,13,02159,1
20211231,13,02186,1
20211231,13,02191,3
20211231,13,03311,1
20211231,13,03802,1
20211231,14,02116,3
20211231,14,02139,1
20211231,14,02171,3
20211231,14,03311,1
20211231,15,02111,1
20211231,15,02112,1
20211231,15,02116,2
20211231,15,02128,1
20211231,15,02130,2
20211231,15,02148,1
20211231,15,02171,1
20211231,15,02179,1
20211231,15,03310,1
20211231,15,03311,4
20211231,16,02111,1
20211231,16,02112,2
20211231,16,02116,1
20211231,16,02122,1
20211231,16,02128,2
20211231,16,02148,2
20211231,16,02171,1
20211231,16,02191,1
20211231,16,03311,2
20211231,17,02122,1
20211231,17,02128,2
20211231,17,02139,1
20211231,17,02172,1
20211231,17,02185,2
20211231,17,03310,1
20211231,17,03311,1
20211231,18,02111,3
20211231,18,02112,1
20211231,18,02122,1
20211231,18,02128,1
20211231,18,02129,1
20211231,18,02143,1
20211231,18,02171,1
20211231,18,02179,3
20211231,18,02185,1
20211231,18,02191,1
20211231,18,02198,1
20211231,18,02199,1
20211231,18,03311,1
20211231,19,02111,2
20211231,19,02112,1
20211231,19,02129,1
20211231,19,02130,1
20211231,19,02143,1
20211231,19,02148,1
20211231,19,02179,1
20211231,19,02186,1
20211231,19,03311,1
20211231,2,02112,1
20211231,2,02116,1
20211231,2,02122,1
20211231,2,02171,1
20211231,20,02111,1
20211231,20,02112,1
20211231,20,02130,1
20211231,20,02171,1
20211231,20,02172,2
20211231,20,02186,1
20211231,20,02191,1
20211231,20,03311,1
20211231,21,02111,2
20211231,21,02112,2
20211231,21,02122,2
20211231,21,02128,1
20211231,21,02171,3
20211231,21,02179,1
20211231,21,02185,2
20211231,21,02186,1
20211231,21,02198,1
20211231,21,03310,1
20211231,21,03311,2
20211231,22,02111,1
20211231,22,03310,1
20211231,23,02112,2
20211231,23,02116,1
20211231,23,02171,1
20211231,23,02191,1
20211231,23,03310,4
20211231,23,03802,1
20211231,3,02112,1
20211231,3,02198,1
20211231,3,03311,1
20211231,4,02178,1
20211231,4,02186,1
20211231,5,02159,1
20211231,5,02172,1
20211231,7,02128,1
20211231,7,02171,1
20211231,7,02186,1
20211231,7,02191,1
20211231,8,02116,1
20211231,8,02128,1
20211231,8,02143,1
20211231,8,02179,2
20211231,8,02185,1
20211231,8,03311,1
20211231,9,02171,2
20211231,9,02172,1
20211231,9,02186,1
20211231,9,03310,1
20211231,9,03311,1
