DATE,TIME,RENT_ID,AVAILABLE
20240101,0,2111,2
20240101,0,2112,3
20240101,0,2116,3
20240101,0,2122,0
20240101,0,2128,0
20240101,0,2129,1
20240101,0,2130,0
20240101,0,2139,2
20240101,0,2143,3
20240101,0,2148,1
20240101,0,2159,1
20240101,0,2171,0
20240101,0,2172,2
20240101,0,2178,0
20240101,0,2179,11
20240101,0,2185,17
20240101,0,2186,1
20240101,0,2191,10
20240101,0,2198,0
20240101,0,2199,0
20240101,0,3310,0
20240101,0,3311,1
20240101,0,3802,0
20240101,1,2111,2
20240101,1,2112,3
20240101,1,2116,3
20240101,1,2122,0
20240101,1,2128,1
20240101,1,2129,0
20240101,1,2130,0
20240101,1,2139,2
20240101,1,2143,3
20240101,1,2148,1
20240101,1,2159,1
20240101,1,2171,1
20240101,1,2172,2
20240101,1,2178,0
20240101,1,2179,12
20240101,1,2185,17
20240101,1,2186,1
20240101,1,2191,12
20240101,1,2198,0
20240101,1,2199,0
20240101,1,3310,0
20240101,1,3311,1
20240101,1,3802,0
20240101,2,2111,2
20240101,2,2112,1
20240101,2,2116,3
20240101,2,2122,1
20240101,2,2128,1
20240101,2,2129,2
20240101,2,2130,0
20240101,2,2139,3
20240101,2,2143,4
20240101,2,2148,1
20240101,2,2159,1
20240101,2,2171,0
20240101,2,2172,2
20240101,2,2178,0
20240101,2,2179,10
20240101,2,2185,17
20240101,2,2186,0
20240101,2,2191,11
20240101,2,2198,0
20240101,2,2199,0
20240101,2,3310,0
20240101,2,3311,1
20240101,2,3802,0
20240101,3,2111,2
20240101,3,2112,3
20240101,3,2116,3
20240101,3,2122,0
20240101,3,2128,1
20240101,3,2129,1
20240101,3,2130,0
20240101,3,2139,4
20240101,3,2143,4
20240101,3,2148,1
20240101,3,2159,1
20240101,3,2171,0
20240101,3,2172,2
20240101,3,2178,0
20240101,3,2179,11
20240101,3,2185,17
20240101,3,2186,0
20240101,3,2191,12
20240101,3,2198,1
20240101,3,2199,0
20240101,3,3310,0
20240101,3,3311,0
20240101,3,3802,0
20240101,4,2111,4
20240101,4,2112,3
20240101,4,2116,3
20240101,4,2122,0
20240101,4,2128,1
20240101,4,2129,2
20240101,4,2130,0
20240101,4,2139,4
20240101,4,2143,4
20240101,4,2148,0
20240101,4,2159,1
20240101,4,2171,0
20240101,4,2172,2
20240101,4,2178,3
20240101,4,2179,11
20240101,4,2185,17
20240101,4,2186,0
20240101,4,2191,13
20240101,4,2198,1
20240101,4,2199,0
20240101,4,3310,0
20240101,4,3311,0
20240101,4,3802,0
20240101,5,2111,4
20240101,5,2112,3
20240101,5,2116,3
20240101,5,2122,0
20240101,5,2128,3
20240101,5,2129,1
20240101,5,2130,0
20240101,5,2139,4
20240101,5,2143,4
20240101,5,2148,0
20240101,5,2159,1
20240101,5,2171,0
20240101,5,2172,3
20240101,5,2178,3
20240101,5,2179,9
20240101,5,2185,20
20240101,5,2186,0
20240101,5,2191,13
20240101,5,2198,2
20240101,5,2199,0
20240101,5,3310,0
20240101,5,3311,1
20240101,5,3802,0
20240101,6,2111,4
20240101,6,2112,2
20240101,6,2116,3
20240101,6,2122,0
20240101,6,2128,3
20240101,6,2129,2
20240101,6,2130,0
20240101,6,2139,3
20240101,6,2143,5
20240101,6,2148,1
20240101,6,2159,1
20240101,6,2171,0
20240101,6,2172,8
20240101,6,2178,3
20240101,6,2179,7
20240101,6,2185,19
20240101,6,2186,0
20240101,6,2191,12
20240101,6,2198,2
20240101,6,2199,0
20240101,6,3310,0
20240101,6,3311,1
20240101,6,3802,0
20240101,7,2111,5
20240101,7,2112,1
20240101,7,2116,3
20240101,7,2122,0
20240101,7,2128,3
20240101,7,2129,2
20240101,7,2130,0
20240101,7,2139,3
20240101,7,2143,5
20240101,7,2148,0
20240101,7,2159,1
20240101,7,2171,0
20240101,7,2172,11
20240101,7,2178,3
20240101,7,2179,8
20240101,7,2185,18
20240101,7,2186,0
20240101,7,2191,12
20240101,7,2198,1
20240101,7,2199,0
20240101,7,3310,0
20240101,7,3311,1
20240101,7,3802,0
20240101,8,2111,5
20240101,8,2112,1
20240101,8,2116,3
20240101,8,2122,0
20240101,8,2128,4
20240101,8,2129,3
20240101,8,2130,0
20240101,8,2139,4
20240101,8,2143,5
20240101,8,2148,0
20240101,8,2159,1
20240101,8,2171,0
20240101,8,2172,11
20240101,8,2178,3
20240101,8,2179,8
20240101,8,2185,18
20240101,8,2186,0
20240101,8,2191,11
20240101,8,2198,1
20240101,8,2199,0
20240101,8,3310,0
20240101,8,3311,1
20240101,8,3802,0
20240101,9,2111,5
20240101,9,2112,1
20240101,9,2116,3
20240101,9,2122,0
20240101,9,2128,4
20240101,9,2129,2
20240101,9,2130,0
20240101,9,2139,4
20240101,9,2143,5
20240101,9,2148,0
20240101,9,2159,1
20240101,9,2171,2
20240101,9,2172,11
20240101,9,2178,1
20240101,9,2179,9
20240101,9,2185,17
20240101,9,2186,0
20240101,9,2191,11
20240101,9,2198,1
20240101,9,2199,0
20240101,9,3310,0
20240101,9,3311,2
20240101,9,3802,0
20240101,10,2111,4
20240101,10,2112,3
20240101,10,2116,3
20240101,10,2122,0
20240101,10,2128,4
20240101,10,2129,1
20240101,10,2130,0
20240101,10,2139,4
20240101,10,2143,5
20240101,10,2148,0
20240101,10,2159,0
20240101,10,2171,1
20240101,10,2172,9
20240101,10,2178,1
20240101,10,2179,8
20240101,10,2185,17
20240101,10,2186,0
20240101,10,2191,12
20240101,10,2198,1
20240101,10,2199,0
20240101,10,3310,0
20240101,10,3311,2
20240101,10,3802,0
20240101,11,2111,2
20240101,11,2112,3
20240101,11,2116,3
20240101,11,2122,0
20240101,11,2128,5
20240101,11,2129,1
20240101,11,2130,0
20240101,11,2139,4
20240101,11,2143,5
20240101,11,2148,0
20240101,11,2159,0
20240101,11,2171,2
20240101,11,2172,5
20240101,11,2178,1
20240101,11,2179,9
20240101,11,2185,17
20240101,11,2186,17
20240101,11,2191,12
20240101,11,2198,2
20240101,11,2199,0
20240101,11,3310,0
20240101,11,3311,4
20240101,11,3802,0
20240101,12,2111,2
20240101,12,2112,3
20240101,12,2116,3
20240101,12,2122,0
20240101,12,2128,5
20240101,12,2129,1
20240101,12,2130,0
20240101,12,2139,12
20240101,12,2143,5
20240101,12,2148,1
20240101,12,2159,0
20240101,12,2171,1
20240101,12,2172,6
20240101,12,2178,1
20240101,12,2179,9
20240101,12,2185,18
20240101,12,2186,17
20240101,12,2191,9
20240101,12,2198,2
20240101,12,2199,0
20240101,12,3310,0
20240101,12,3311,4
20240101,12,3802,0
20240101,13,2111,2
20240101,13,2112,3
20240101,13,2116,4
20240101,13,2122,0
20240101,13,2128,5
20240101,13,2129,2
20240101,13,2130,0
20240101,13,2139,10
20240101,13,2143,4
20240101,13,2148,1
20240101,13,2159,0
20240101,13,2171,1
20240101,13,2172,5
20240101,13,2178,1
20240101,13,2179,9
20240101,13,2185,18
20240101,13,2186,15
20240101,13,2191,10
20240101,13,2198,1
20240101,13,2199,0
20240101,13,3310,0
20240101,13,3311,5
20240101,13,3802,0
20240101,14,2111,3
20240101,14,2112,1
20240101,14,2116,4
20240101,14,2122,1
20240101,14,2128,5
20240101,14,2129,1
20240101,14,2130,0
20240101,14,2139,11
20240101,14,2143,4
20240101,14,2148,0
20240101,14,2159,0
20240101,14,2171,8
20240101,14,2172,5
20240101,14,2178,1
20240101,14,2179,9
20240101,14,2185,21
20240101,14,2186,12
20240101,14,2191,11
20240101,14,2198,1
20240101,14,2199,1
20240101,14,3310,0
20240101,14,3311,5
20240101,14,3802,0
20240101,15,2111,2
20240101,15,2112,1
20240101,15,2116,4
20240101,15,2122,1
20240101,15,2128,2
20240101,15,2129,1
20240101,15,2130,0
20240101,15,2139,10
20240101,15,2143,4
20240101,15,2148,7
20240101,15,2159,0
20240101,15,2171,8
20240101,15,2172,4
20240101,15,2178,1
20240101,15,2179,12
20240101,15,2185,23
20240101,15,2186,11
20240101,15,2191,13
20240101,15,2198,2
20240101,15,2199,0
20240101,15,3310,0
20240101,15,3311,3
20240101,15,3802,0
20240101,16,2111,3
20240101,16,2112,2
20240101,16,2116,2
20240101,16,2122,0
20240101,16,2128,3
20240101,16,2129,1
20240101,16,2130,0
20240101,16,2139,10
20240101,16,2143,5
20240101,16,2148,5
20240101,16,2159,2
20240101,16,2171,5
20240101,16,2172,3
20240101,16,2178,1
20240101,16,2179,12
20240101,16,2185,23
20240101,16,2186,9
20240101,16,2191,13
20240101,16,2198,2
20240101,16,2199,0
20240101,16,3310,0
20240101,16,3311,4
20240101,16,3802,0
20240101,17,2111,4
20240101,17,2112,4
20240101,17,2116,2
20240101,17,2122,1
20240101,17,2128,4
20240101,17,2129,1
20240101,17,2130,0
20240101,17,2139,11
20240101,17,2143,5
20240101,17,2148,8
20240101,17,2159,1
20240101,17,2171,2
20240101,17,2172,4
20240101,17,2178,1
20240101,17,2179,12
20240101,17,2185,22
20240101,17,2186,7
20240101,17,2191,7
20240101,17,2198,2
20240101,17,2199,0
20240101,17,3310,0
20240101,17,3311,2
20240101,17,3802,0
20240101,18,2111,3
20240101,18,2112,3
20240101,18,2116,2
20240101,18,2122,1
20240101,18,2128,3
20240101,18,2129,1
20240101,18,2130,0
20240101,18,2139,7
20240101,18,2143,5
20240101,18,2148,10
20240101,18,2159,1
20240101,18,2171,0
20240101,18,2172,3
20240101,18,2178,2
20240101,18,2179,11
20240101,18,2185,23
20240101,18,2186,7
20240101,18,2191,7
20240101,18,2198,2
20240101,18,2199,0
20240101,18,3310,0
20240101,18,3311,2
20240101,18,3802,0
20240101,19,2111,3
20240101,19,2112,2
20240101,19,2116,3
20240101,19,2122,2
20240101,19,2128,2
20240101,19,2129,0
20240101,19,2130,0
20240101,19,2139,7
20240101,19,2143,4
20240101,19,2148,13
20240101,19,2159,1
20240101,19,2171,1
20240101,19,2172,3
20240101,19,2178,2
20240101,19,2179,9
20240101,19,2185,22
20240101,19,2186,7
20240101,19,2191,8
20240101,19,2198,3
20240101,19,2199,0
20240101,19,3310,0
20240101,19,3311,2
20240101,19,3802,0
20240101,20,2111,4
20240101,20,2112,3
20240101,20,2116,3
20240101,20,2122,0
20240101,20,2128,2
20240101,20,2129,0
20240101,20,2130,0
20240101,20,2139,5
20240101,20,2143,5
20240101,20,2148,13
20240101,20,2159,2
20240101,20,2171,0
20240101,20,2172,4
20240101,20,2178,2
20240101,20,2179,9
20240101,20,2185,22
20240101,20,2186,7
20240101,20,2191,9
20240101,20,2198,3
20240101,20,2199,0
20240101,20,3310,0
20240101,20,3311,2
20240101,20,3802,1
20240101,21,2111,4
20240101,21,2112,3
20240101,21,2116,2
20240101,21,2122,0
20240101,21,2128,3
20240101,21,2129,1
20240101,21,2130,0
20240101,21,2139,4
20240101,21,2143,4
20240101,21,2148,12
20240101,21,2159,2
20240101,21,2171,1
20240101,21,2172,4
20240101,21,2178,1
20240101,21,2179,10
20240101,21,2185,22
20240101,21,2186,7
20240101,21,2191,9
20240101,21,2198,3
20240101,21,2199,0
20240101,21,3310,0
20240101,21,3311,2
20240101,21,3802,1
20240101,22,2111,2
20240101,22,2112,3
20240101,22,2116,2
20240101,22,2122,0
20240101,22,2128,2
20240101,22,2129,1
20240101,22,2130,0
20240101,22,2139,7
20240101,22,2143,3
20240101,22,2148,11
20240101,22,2159,1
20240101,22,2171,1
20240101,22,2172,4
20240101,22,2178,1
20240101,22,2179,9
20240101,22,2185,20
20240101,22,2186,7
20240101,22,2191,10
20240101,22,2198,5
20240101,22,2199,0
20240101,22,3310,1
20240101,22,3311,2
20240101,22,3802,1
20240101,23,2111,2
20240101,23,2112,3
20240101,23,2116,2
20240101,23,2122,1
20240101,23,2128,2
20240101,23,2129,0
20240101,23,2130,0
20240101,23,2139,7
20240101,23,2143,3
20240101,23,2148,10
20240101,23,2159,1
20240101,23,2171,2
20240101,23,2172,4
20240101,23,2178,1
20240101,23,2179,9
20240101,23,2185,23
20240101,23,2186,8
20240101,23,2191,9
20240101,23,2198,7
20240101,23,2199,0
20240101,23,3310,0
20240101,23,3311,1
20240101,23,3802,1
20240102,0,2111,2
20240102,0,2112,2
20240102,0,2116,2
20240102,0,2122,1
20240102,0,2128,1
20240102,0,2129,1
20240102,0,2130,0
20240102,0,2139,8
20240102,0,2143,2
20240102,0,2148,10
20240102,0,2159,1
20240102,0,2171,2
20240102,0,2172,4
20240102,0,2178,1
20240102,0,2179,11
20240102,0,2185,22
20240102,0,2186,10
20240102,0,2191,9
20240102,0,2198,7
20240102,0,2199,0
20240102,0,3310,0
20240102,0,3311,0
20240102,0,3802,1
20240102,1,2111,1
20240102,1,2112,0
20240102,1,2116,2
20240102,1,2122,1
20240102,1,2128,1
20240102,1,2129,2
20240102,1,2130,0
20240102,1,2139,9
20240102,1,2143,2
20240102,1,2148,9
20240102,1,2159,1
20240102,1,2171,2
20240102,1,2172,4
20240102,1,2178,1
20240102,1,2179,11
20240102,1,2185,22
20240102,1,2186,9
20240102,1,2191,11
20240102,1,2198,7
20240102,1,2199,0
20240102,1,3310,0
20240102,1,3311,1
20240102,1,3802,1
20240102,2,2111,0
20240102,2,2112,0
20240102,2,2116,2
20240102,2,2122,2
20240102,2,2128,1
20240102,2,2129,1
20240102,2,2130,0
20240102,2,2139,9
20240102,2,2143,3
20240102,2,2148,9
20240102,2,2159,1
20240102,2,2171,1
20240102,2,2172,4
20240102,2,2178,1
20240102,2,2179,12
20240102,2,2185,23
20240102,2,2186,9
20240102,2,2191,10
20240102,2,2198,8
20240102,2,2199,0
20240102,2,3310,1
20240102,2,3311,0
20240102,2,3802,1
20240102,3,2111,2
20240102,3,2112,0
20240102,3,2116,2
20240102,3,2122,2
20240102,3,2128,1
20240102,3,2129,1
20240102,3,2130,0
20240102,3,2139,10
20240102,3,2143,3
20240102,3,2148,9
20240102,3,2159,1
20240102,3,2171,1
20240102,3,2172,4
20240102,3,2178,0
20240102,3,2179,11
20240102,3,2185,23
20240102,3,2186,10
20240102,3,2191,14
20240102,3,2198,7
20240102,3,2199,0
20240102,3,3310,1
20240102,3,3311,0
20240102,3,3802,1
20240102,4,2111,2
20240102,4,2112,0
20240102,4,2116,2
20240102,4,2122,2
20240102,4,2128,1
20240102,4,2129,1
20240102,4,2130,0
20240102,4,2139,10
20240102,4,2143,3
20240102,4,2148,9
20240102,4,2159,1
20240102,4,2171,1
20240102,4,2172,4
20240102,4,2178,0
20240102,4,2179,10
20240102,4,2185,23
20240102,4,2186,10
20240102,4,2191,15
20240102,4,2198,6
20240102,4,2199,0
20240102,4,3310,1
20240102,4,3311,0
20240102,4,3802,1
20240102,5,2111,2
20240102,5,2112,0
20240102,5,2116,2
20240102,5,2122,2
20240102,5,2128,1
20240102,5,2129,2
20240102,5,2130,0
20240102,5,2139,11
20240102,5,2143,3
20240102,5,2148,9
20240102,5,2159,1
20240102,5,2171,0
20240102,5,2172,4
20240102,5,2178,0
20240102,5,2179,11
20240102,5,2185,23
20240102,5,2186,10
20240102,5,2191,13
20240102,5,2198,6
20240102,5,2199,0
20240102,5,3310,1
20240102,5,3311,0
20240102,5,3802,1
20240102,6,2111,2
20240102,6,2112,0
20240102,6,2116,2
20240102,6,2122,2
20240102,6,2128,1
20240102,6,2129,2
20240102,6,2130,0
20240102,6,2139,11
20240102,6,2143,3
20240102,6,2148,8
20240102,6,2159,2
20240102,6,2171,0
20240102,6,2172,4
20240102,6,2178,0
20240102,6,2179,11
20240102,6,2185,23
20240102,6,2186,10
20240102,6,2191,12
20240102,6,2198,6
20240102,6,2199,0
20240102,6,3310,1
20240102,6,3311,0
20240102,6,3802,3
20240102,7,2111,1
20240102,7,2112,0
20240102,7,2116,2
20240102,7,2122,1
20240102,7,2128,1
20240102,7,2129,2
20240102,7,2130,0
20240102,7,2139,11
20240102,7,2143,3
20240102,7,2148,8
20240102,7,2159,3
20240102,7,2171,0
20240102,7,2172,4
20240102,7,2178,0
20240102,7,2179,9
20240102,7,2185,23
20240102,7,2186,9
20240102,7,2191,12
20240102,7,2198,6
20240102,7,2199,0
20240102,7,3310,0
20240102,7,3311,2
20240102,7,3802,6
20240102,8,2111,3
20240102,8,2112,1
20240102,8,2116,2
20240102,8,2122,2
20240102,8,2128,1
20240102,8,2129,0
20240102,8,2130,1
20240102,8,2139,10
20240102,8,2143,3
20240102,8,2148,6
20240102,8,2159,3
20240102,8,2171,0
20240102,8,2172,4
20240102,8,2178,0
20240102,8,2179,9
20240102,8,2185,22
20240102,8,2186,8
20240102,8,2191,11
20240102,8,2198,6
20240102,8,2199,0
20240102,8,3310,0
20240102,8,3311,1
20240102,8,3802,8
20240102,9,2111,4
20240102,9,2112,2
20240102,9,2116,3
20240102,9,2122,3
20240102,9,2128,2
20240102,9,2129,0
20240102,9,2130,1
20240102,9,2139,8
20240102,9,2143,2
20240102,9,2148,5
20240102,9,2159,2
20240102,9,2171,0
20240102,9,2172,4
20240102,9,2178,0
20240102,9,2179,8
20240102,9,2185,22
20240102,9,2186,7
20240102,9,2191,11
20240102,9,2198,4
20240102,9,2199,0
20240102,9,3310,7
20240102,9,3311,0
20240102,9,3802,6
20240102,10,2111,5
20240102,10,2112,3
20240102,10,2116,4
20240102,10,2122,4
20240102,10,2128,2
20240102,10,2129,1
20240102,10,2130,1
20240102,10,2139,5
20240102,10,2143,2
20240102,10,2148,4
20240102,10,2159,2
20240102,10,2171,1
20240102,10,2172,5
20240102,10,2178,1
20240102,10,2179,8
20240102,10,2185,23
20240102,10,2186,6
20240102,10,2191,11
20240102,10,2198,1
20240102,10,2199,1
20240102,10,3310,14
20240102,10,3311,0
20240102,10,3802,4
20240102,11,2111,6
20240102,11,2112,2
20240102,11,2116,6
20240102,11,2122,4
20240102,11,2128,2
20240102,11,2129,2
20240102,11,2130,1
20240102,11,2139,4
20240102,11,2143,1
20240102,11,2148,4
20240102,11,2159,2
20240102,11,2171,2
20240102,11,2172,5
20240102,11,2178,1
20240102,11,2179,7
20240102,11,2185,23
20240102,11,2186,5
20240102,11,2191,11
20240102,11,2198,1
20240102,11,2199,1
20240102,11,3310,14
20240102,11,3311,0
20240102,11,3802,4
20240102,12,2111,6
20240102,12,2112,2
20240102,12,2116,5
20240102,12,2122,4
20240102,12,2128,1
20240102,12,2129,2
20240102,12,2130,1
20240102,12,2139,4
20240102,12,2143,1
20240102,12,2148,3
20240102,12,2159,1
20240102,12,2171,0
20240102,12,2172,5
20240102,12,2178,0
20240102,12,2179,9
20240102,12,2185,25
20240102,12,2186,5
20240102,12,2191,10
20240102,12,2198,1
20240102,12,2199,1
20240102,12,3310,13
20240102,12,3311,2
20240102,12,3802,4
20240102,13,2111,3
20240102,13,2112,1
20240102,13,2116,5
20240102,13,2122,4
20240102,13,2128,1
20240102,13,2129,1
20240102,13,2130,1
20240102,13,2139,4
20240102,13,2143,2
20240102,13,2148,6
20240102,13,2159,2
20240102,13,2171,0
20240102,13,2172,4
20240102,13,2178,0
20240102,13,2179,9
20240102,13,2185,25
20240102,13,2186,5
20240102,13,2191,9
20240102,13,2198,1
20240102,13,2199,0
20240102,13,3310,14
20240102,13,3311,3
20240102,13,3802,5
20240102,14,2111,6
20240102,14,2112,0
20240102,14,2116,3
20240102,14,2122,4
20240102,14,2128,2
20240102,14,2129,4
20240102,14,2130,2
20240102,14,2139,4
20240102,14,2143,2
20240102,14,2148,4
20240102,14,2159,2
20240102,14,2171,2
20240102,14,2172,4
20240102,14,2178,0
20240102,14,2179,9
20240102,14,2185,24
20240102,14,2186,4
20240102,14,2191,8
20240102,14,2198,0
20240102,14,2199,0
20240102,14,3310,13
20240102,14,3311,4
20240102,14,3802,3
20240102,15,2111,8
20240102,15,2112,1
20240102,15,2116,3
20240102,15,2122,5
20240102,15,2128,2
20240102,15,2129,2
20240102,15,2130,2
20240102,15,2139,3
20240102,15,2143,2
20240102,15,2148,5
20240102,15,2159,2
20240102,15,2171,3
20240102,15,2172,4
20240102,15,2178,0
20240102,15,2179,13
20240102,15,2185,25
20240102,15,2186,4
20240102,15,2191,9
20240102,15,2198,0
20240102,15,2199,0
20240102,15,3310,13
20240102,15,3311,1
20240102,15,3802,4
20240102,16,2111,11
20240102,16,2112,2
20240102,16,2116,4
20240102,16,2122,6
20240102,16,2128,3
20240102,16,2129,0
20240102,16,2130,1
20240102,16,2139,3
20240102,16,2143,1
20240102,16,2148,4
20240102,16,2159,2
20240102,16,2171,3
20240102,16,2172,5
20240102,16,2178,1
20240102,16,2179,13
20240102,16,2185,25
20240102,16,2186,6
20240102,16,2191,9
20240102,16,2198,0
20240102,16,2199,0
20240102,16,3310,13
20240102,16,3311,3
20240102,16,3802,4
20240102,17,2111,11
20240102,17,2112,2
20240102,17,2116,4
20240102,17,2122,7
20240102,17,2128,4
20240102,17,2129,0
20240102,17,2130,1
20240102,17,2139,2
20240102,17,2143,1
20240102,17,2148,1
20240102,17,2159,1
20240102,17,2171,5
20240102,17,2172,6
20240102,17,2178,1
20240102,17,2179,13
20240102,17,2185,25
20240102,17,2186,7
20240102,17,2191,9
20240102,17,2198,1
20240102,17,2199,0
20240102,17,3310,12
20240102,17,3311,0
20240102,17,3802,4
20240102,18,2111,12
20240102,18,2112,1
20240102,18,2116,4
20240102,18,2122,7
20240102,18,2128,3
20240102,18,2129,0
20240102,18,2130,1
20240102,18,2139,2
20240102,18,2143,1
20240102,18,2148,3
20240102,18,2159,1
20240102,18,2171,10
20240102,18,2172,3
20240102,18,2178,0
20240102,18,2179,15
20240102,18,2185,24
20240102,18,2186,9
20240102,18,2191,9
20240102,18,2198,1
20240102,18,2199,0
20240102,18,3310,13
20240102,18,3311,0
20240102,18,3802,4
20240102,19,2111,9
20240102,19,2112,0
20240102,19,2116,3
20240102,19,2122,8
20240102,19,2128,1
20240102,19,2129,0
20240102,19,2130,1
20240102,19,2139,5
20240102,19,2143,1
20240102,19,2148,1
20240102,19,2159,1
20240102,19,2171,7
20240102,19,2172,0
20240102,19,2178,0
20240102,19,2179,13
20240102,19,2185,25
20240102,19,2186,7
20240102,19,2191,10
20240102,19,2198,1
20240102,19,2199,0
20240102,19,3310,13
20240102,19,3311,1
20240102,19,3802,6
20240102,20,2111,8
20240102,20,2112,0
20240102,20,2116,1
20240102,20,2122,6
20240102,20,2128,4
20240102,20,2129,0
20240102,20,2130,2
20240102,20,2139,6
20240102,20,2143,2
20240102,20,2148,0
20240102,20,2159,1
20240102,20,2171,0
20240102,20,2172,0
20240102,20,2178,0
20240102,20,2179,9
20240102,20,2185,25
20240102,20,2186,6
20240102,20,2191,9
20240102,20,2198,2
20240102,20,2199,0
20240102,20,3310,12
20240102,20,3311,3
20240102,20,3802,7
20240102,21,2111,7
20240102,21,2112,2
20240102,21,2116,3
20240102,21,2122,4
20240102,21,2128,4
20240102,21,2129,0
20240102,21,2130,1
20240102,21,2139,5
20240102,21,2143,2
20240102,21,2148,0
20240102,21,2159,0
20240102,21,2171,2
20240102,21,2172,1
20240102,21,2178,0
20240102,21,2179,6
20240102,21,2185,23
20240102,21,2186,7
20240102,21,2191,10
20240102,21,2198,3
20240102,21,2199,0
20240102,21,3310,11
20240102,21,3311,4
20240102,21,3802,3
20240102,22,2111,5
20240102,22,2112,1
20240102,22,2116,2
20240102,22,2122,2
20240102,22,2128,2
20240102,22,2129,0
20240102,22,2130,0
20240102,22,2139,4
20240102,22,2143,2
20240102,22,2148,0
20240102,22,2159,1
20240102,22,2171,3
20240102,22,2172,0
20240102,22,2178,0
20240102,22,2179,7
20240102,22,2185,23
20240102,22,2186,8
20240102,22,2191,10
20240102,22,2198,5
20240102,22,2199,0
20240102,22,3310,12
20240102,22,3311,2
20240102,22,3802,0
20240102,23,2111,5
20240102,23,2112,2
20240102,23,2116,2
20240102,23,2122,2
20240102,23,2128,1
20240102,23,2129,0
20240102,23,2130,0
20240102,23,2139,5
20240102,23,2143,2
20240102,23,2148,0
20240102,23,2159,0
20240102,23,2171,1
20240102,23,2172,0
20240102,23,2178,0
20240102,23,2179,9
20240102,23,2185,26
20240102,23,2186,5
20240102,23,2191,12
20240102,23,2198,4
20240102,23,2199,0
20240102,23,3310,11
20240102,23,3311,0
20240102,23,3802,0
20240103,0,2111,1
20240103,0,2112,2
20240103,0,2116,1
20240103,0,2122,2
20240103,0,2128,2
20240103,0,2129,0
20240103,0,2130,0
20240103,0,2139,6
20240103,0,2143,2
20240103,0,2148,0
20240103,0,2159,0
20240103,0,2171,2
20240103,0,2172,0
20240103,0,2178,0
20240103,0,2179,9
20240103,0,2185,26
20240103,0,2186,7
20240103,0,2191,13
20240103,0,2198,5
20240103,0,2199,0
20240103,0,3310,11
20240103,0,3311,0
20240103,0,3802,0
20240103,1,2111,1
20240103,1,2112,1
20240103,1,2116,1
20240103,1,2122,2
20240103,1,2128,3
20240103,1,2129,0
20240103,1,2130,0
20240103,1,2139,6
20240103,1,2143,2
20240103,1,2148,0
20240103,1,2159,0
20240103,1,2171,2
20240103,1,2172,0
20240103,1,2178,0
20240103,1,2179,9
20240103,1,2185,25
20240103,1,2186,7
20240103,1,2191,13
20240103,1,2198,5
20240103,1,2199,0
20240103,1,3310,10
20240103,1,3311,1
20240103,1,3802,0
20240103,2,2111,2
20240103,2,2112,2
20240103,2,2116,2
20240103,2,2122,2
20240103,2,2128,2
20240103,2,2129,0
20240103,2,2130,0
20240103,2,2139,6
20240103,2,2143,2
20240103,2,2148,0
20240103,2,2159,0
20240103,2,2171,2
20240103,2,2172,0
20240103,2,2178,0
20240103,2,2179,9
20240103,2,2185,25
20240103,2,2186,8
20240103,2,2191,12
20240103,2,2198,5
20240103,2,2199,0
20240103,2,3310,10
20240103,2,3311,1
20240103,2,3802,0
20240103,3,2111,1
20240103,3,2112,0
20240103,3,2116,2
20240103,3,2122,2
20240103,3,2128,2
20240103,3,2129,0
20240103,3,2130,0
20240103,3,2139,7
20240103,3,2143,2
20240103,3,2148,0
20240103,3,2159,0
20240103,3,2171,2
20240103,3,2172,0
20240103,3,2178,0
20240103,3,2179,9
20240103,3,2185,26
20240103,3,2186,8
20240103,3,2191,13
20240103,3,2198,5
20240103,3,2199,0
20240103,3,3310,10
20240103,3,3311,1
20240103,3,3802,0
20240103,4,2111,0
20240103,4,2112,0
20240103,4,2116,2
20240103,4,2122,2
20240103,4,2128,2
20240103,4,2129,0
20240103,4,2130,0
20240103,4,2139,7
20240103,4,2143,2
20240103,4,2148,0
20240103,4,2159,0
20240103,4,2171,2
20240103,4,2172,0
20240103,4,2178,0
20240103,4,2179,10
20240103,4,2185,26
20240103,4,2186,7
20240103,4,2191,14
20240103,4,2198,6
20240103,4,2199,2
20240103,4,3310,9
20240103,4,3311,1
20240103,4,3802,0
20240103,5,2111,0
20240103,5,2112,0
20240103,5,2116,1
20240103,5,2122,2
20240103,5,2128,2
20240103,5,2129,0
20240103,5,2130,0
20240103,5,2139,8
20240103,5,2143,2
20240103,5,2148,1
20240103,5,2159,0
20240103,5,2171,0
20240103,5,2172,0
20240103,5,2178,0
20240103,5,2179,10
20240103,5,2185,27
20240103,5,2186,7
20240103,5,2191,13
20240103,5,2198,6
20240103,5,2199,1
20240103,5,3310,9
20240103,5,3311,1
20240103,5,3802,0
20240103,6,2111,0
20240103,6,2112,0
20240103,6,2116,1
20240103,6,2122,1
20240103,6,2128,2
20240103,6,2129,0
20240103,6,2130,0
20240103,6,2139,8
20240103,6,2143,2
20240103,6,2148,0
20240103,6,2159,0
20240103,6,2171,1
20240103,6,2172,0
20240103,6,2178,0
20240103,6,2179,10
20240103,6,2185,27
20240103,6,2186,8
20240103,6,2191,13
20240103,6,2198,5
20240103,6,2199,1
20240103,6,3310,8
20240103,6,3311,1
20240103,6,3802,2
20240103,7,2111,0
20240103,7,2112,1
20240103,7,2116,2
20240103,7,2122,1
20240103,7,2128,2
20240103,7,2129,0
20240103,7,2130,0
20240103,7,2139,8
20240103,7,2143,2
20240103,7,2148,1
20240103,7,2159,0
20240103,7,2171,0
20240103,7,2172,0
20240103,7,2178,0
20240103,7,2179,9
20240103,7,2185,27
20240103,7,2186,9
20240103,7,2191,12
20240103,7,2198,5
20240103,7,2199,1
20240103,7,3310,7
20240103,7,3311,3
20240103,7,3802,3
20240103,8,2111,0
20240103,8,2112,0
20240103,8,2116,1
20240103,8,2122,1
20240103,8,2128,4
20240103,8,2129,0
20240103,8,2130,1
20240103,8,2139,7
20240103,8,2143,1
20240103,8,2148,2
20240103,8,2159,0
20240103,8,2171,1
20240103,8,2172,1
20240103,8,2178,0
20240103,8,2179,10
20240103,8,2185,26
20240103,8,2186,8
20240103,8,2191,12
20240103,8,2198,6
20240103,8,2199,1
20240103,8,3310,6
20240103,8,3311,3
20240103,8,3802,1
20240103,9,2111,2
20240103,9,2112,1
20240103,9,2116,1
20240103,9,2122,2
20240103,9,2128,3
20240103,9,2129,3
20240103,9,2130,1
20240103,9,2139,4
20240103,9,2143,2
20240103,9,2148,0
20240103,9,2159,0
20240103,9,2171,3
20240103,9,2172,2
20240103,9,2178,0
20240103,9,2179,10
20240103,9,2185,26
20240103,9,2186,8
20240103,9,2191,10
20240103,9,2198,6
20240103,9,2199,1
20240103,9,3310,5
20240103,9,3311,4
20240103,9,3802,1
20240103,10,2111,2
20240103,10,2112,1
20240103,10,2116,1
20240103,10,2122,2
20240103,10,2128,3
20240103,10,2129,2
20240103,10,2130,1
20240103,10,2139,3
20240103,10,2143,2
20240103,10,2148,0
20240103,10,2159,1
20240103,10,2171,3
20240103,10,2172,1
20240103,10,2178,1
20240103,10,2179,11
20240103,10,2185,27
20240103,10,2186,8
20240103,10,2191,11
20240103,10,2198,5
20240103,10,2199,1
20240103,10,3310,3
20240103,10,3311,2
20240103,10,3802,0
20240103,11,2111,2
20240103,11,2112,0
20240103,11,2116,2
20240103,11,2122,2
20240103,11,2128,3
20240103,11,2129,1
20240103,11,2130,1
20240103,11,2139,3
20240103,11,2143,1
20240103,11,2148,0
20240103,11,2159,1
20240103,11,2171,5
20240103,11,2172,1
20240103,11,2178,2
20240103,11,2179,12
20240103,11,2185,27
20240103,11,2186,8
20240103,11,2191,11
20240103,11,2198,5
20240103,11,2199,1
20240103,11,3310,3
20240103,11,3311,2
20240103,11,3802,0
20240103,12,2111,1
20240103,12,2112,0
20240103,12,2116,2
20240103,12,2122,1
20240103,12,2128,3
20240103,12,2129,1
20240103,12,2130,0
20240103,12,2139,3
20240103,12,2143,2
20240103,12,2148,1
20240103,12,2159,1
20240103,12,2171,5
20240103,12,2172,1
20240103,12,2178,2
20240103,12,2179,12
20240103,12,2185,27
20240103,12,2186,6
20240103,12,2191,11
20240103,12,2198,5
20240103,12,2199,1
20240103,12,3310,2
20240103,12,3311,3
20240103,12,3802,2
20240103,13,2111,2
20240103,13,2112,0
20240103,13,2116,2
20240103,13,2122,1
20240103,13,2128,3
20240103,13,2129,0
20240103,13,2130,0
20240103,13,2139,3
20240103,13,2143,2
20240103,13,2148,1
20240103,13,2159,1
20240103,13,2171,11
20240103,13,2172,4
20240103,13,2178,2
20240103,13,2179,11
20240103,13,2185,27
20240103,13,2186,6
20240103,13,2191,10
20240103,13,2198,4
20240103,13,2199,1
20240103,13,3310,2
20240103,13,3311,4
20240103,13,3802,1
20240103,14,2111,3
20240103,14,2112,1
20240103,14,2116,2
20240103,14,2122,2
20240103,14,2128,2
20240103,14,2129,2
20240103,14,2130,0
20240103,14,2139,3
20240103,14,2143,1
20240103,14,2148,2
20240103,14,2159,0
20240103,14,2171,10
20240103,14,2172,3
20240103,14,2178,1
20240103,14,2179,9
20240103,14,2185,29
20240103,14,2186,6
20240103,14,2191,11
20240103,14,2198,4
20240103,14,2199,1
20240103,14,3310,1
20240103,14,3311,6
20240103,14,3802,0
20240103,15,2111,3
20240103,15,2112,1
20240103,15,2116,2
20240103,15,2122,2
20240103,15,2128,2
20240103,15,2129,0
20240103,15,2130,0
20240103,15,2139,3
20240103,15,2143,1
20240103,15,2148,3
20240103,15,2159,0
20240103,15,2171,10
20240103,15,2172,3
20240103,15,2178,1
20240103,15,2179,9
20240103,15,2185,29
20240103,15,2186,6
20240103,15,2191,11
20240103,15,2198,4
20240103,15,2199,1
20240103,15,3310,1
20240103,15,3311,6
20240103,15,3802,0
20240103,16,2111,1
20240103,16,2112,1
20240103,16,2116,2
20240103,16,2122,2
20240103,16,2128,2
20240103,16,2129,0
20240103,16,2130,0
20240103,16,2139,3
20240103,16,2143,1
20240103,16,2148,3
20240103,16,2159,0
20240103,16,2171,9
20240103,16,2172,3
20240103,16,2178,1
20240103,16,2179,8
20240103,16,2185,28
20240103,16,2186,6
20240103,16,2191,11
20240103,16,2198,4
20240103,16,2199,1
20240103,16,3310,1
20240103,16,3311,6
20240103,16,3802,0
20240103,17,2111,1
20240103,17,2112,1
20240103,17,2116,1
20240103,17,2122,1
20240103,17,2128,3
20240103,17,2129,0
20240103,17,2130,0
20240103,17,2139,3
20240103,17,2143,1
20240103,17,2148,3
20240103,17,2159,0
20240103,17,2171,13
20240103,17,2172,3
20240103,17,2178,1
20240103,17,2179,8
20240103,17,2185,28
20240103,17,2186,6
20240103,17,2191,10
20240103,17,2198,3
20240103,17,2199,1
20240103,17,3310,1
20240103,17,3311,5
20240103,17,3802,0
20240103,18,2111,3
20240103,18,2112,1
20240103,18,2116,3
20240103,18,2122,2
20240103,18,2128,3
20240103,18,2129,0
20240103,18,2130,0
20240103,18,2139,3
20240103,18,2143,1
20240103,18,2148,2
20240103,18,2159,0
20240103,18,2171,11
20240103,18,2172,4
20240103,18,2178,0
20240103,18,2179,8
20240103,18,2185,27
20240103,18,2186,6
20240103,18,2191,9
20240103,18,2198,1
20240103,18,2199,0
20240103,18,3310,0
20240103,18,3311,4
20240103,18,3802,0
20240103,19,2111,1
20240103,19,2112,4
20240103,19,2116,3
20240103,19,2122,1
20240103,19,2128,2
20240103,19,2129,0
20240103,19,2130,0
20240103,19,2139,5
20240103,19,2143,1
20240103,19,2148,1
20240103,19,2159,0
20240103,19,2171,10
20240103,19,2172,1
20240103,19,2178,0
20240103,19,2179,10
20240103,19,2185,27
20240103,19,2186,7
20240103,19,2191,12
20240103,19,2198,2
20240103,19,2199,0
20240103,19,3310,0
20240103,19,3311,4
20240103,19,3802,1
20240103,20,2111,1
20240103,20,2112,3
20240103,20,2116,3
20240103,20,2122,2
20240103,20,2128,3
20240103,20,2129,0
20240103,20,2130,0
20240103,20,2139,4
20240103,20,2143,1
20240103,20,2148,3
20240103,20,2159,0
20240103,20,2171,10
20240103,20,2172,2
20240103,20,2178,0
20240103,20,2179,9
20240103,20,2185,26
20240103,20,2186,7
20240103,20,2191,13
20240103,20,2198,1
20240103,20,2199,0
20240103,20,3310,0
20240103,20,3311,2
20240103,20,3802,2
20240103,21,2111,0
20240103,21,2112,2
20240103,21,2116,1
20240103,21,2122,3
20240103,21,2128,3
20240103,21,2129,0
20240103,21,2130,0
20240103,21,2139,3
20240103,21,2143,1
20240103,21,2148,3
20240103,21,2159,0
20240103,21,2171,10
20240103,21,2172,3
20240103,21,2178,1
20240103,21,2179,10
20240103,21,2185,29
20240103,21,2186,7
20240103,21,2191,14
20240103,21,2198,2
20240103,21,2199,0
20240103,21,3310,0
20240103,21,3311,0
20240103,21,3802,2
20240103,22,2111,0
20240103,22,2112,0
20240103,22,2116,1
20240103,22,2122,3
20240103,22,2128,3
20240103,22,2129,0
20240103,22,2130,0
20240103,22,2139,2
20240103,22,2143,0
20240103,22,2148,4
20240103,22,2159,1
20240103,22,2171,9
20240103,22,2172,2
20240103,22,2178,0
20240103,22,2179,11
20240103,22,2185,28
20240103,22,2186,6
20240103,22,2191,14
20240103,22,2198,0
20240103,22,2199,0
20240103,22,3310,0
20240103,22,3311,0
20240103,22,3802,1
20240103,23,2111,1
20240103,23,2112,0
20240103,23,2116,1
20240103,23,2122,1
20240103,23,2128,1
20240103,23,2129,0
20240103,23,2130,0
20240103,23,2139,4
20240103,23,2143,1
20240103,23,2148,4
20240103,23,2159,0
20240103,23,2171,6
20240103,23,2172,0
20240103,23,2178,0
20240103,23,2179,11
20240103,23,2185,29
20240103,23,2186,4
20240103,23,2191,14
20240103,23,2198,1
20240103,23,2199,0
20240103,23,3310,0
20240103,23,3311,0
20240103,23,3802,0
20240104,0,2111,1
20240104,0,2112,0
20240104,0,2116,2
20240104,0,2122,1
20240104,0,2128,0
20240104,0,2129,0
20240104,0,2130,0
20240104,0,2139,4
20240104,0,2143,1
20240104,0,2148,4
20240104,0,2159,0
20240104,0,2171,5
20240104,0,2172,1
20240104,0,2178,0
20240104,0,2179,11
20240104,0,2185,28
20240104,0,2186,5
20240104,0,2191,16
20240104,0,2198,3
20240104,0,2199,0
20240104,0,3310,0
20240104,0,3311,0
20240104,0,3802,0
20240104,1,2111,0
20240104,1,2112,1
20240104,1,2116,1
20240104,1,2122,1
20240104,1,2128,1
20240104,1,2129,0
20240104,1,2130,0
20240104,1,2139,2
20240104,1,2143,1
20240104,1,2148,4
20240104,1,2159,0
20240104,1,2171,3
20240104,1,2172,1
20240104,1,2178,0
20240104,1,2179,10
20240104,1,2185,28
20240104,1,2186,6
20240104,1,2191,16
20240104,1,2198,3
20240104,1,2199,0
20240104,1,3310,0
20240104,1,3311,1
20240104,1,3802,0
20240104,2,2111,0
20240104,2,2112,1
20240104,2,2116,1
20240104,2,2122,1
20240104,2,2128,0
20240104,2,2129,0
20240104,2,2130,0
20240104,2,2139,2
20240104,2,2143,1
20240104,2,2148,4
20240104,2,2159,0
20240104,2,2171,2
20240104,2,2172,1
20240104,2,2178,0
20240104,2,2179,11
20240104,2,2185,27
20240104,2,2186,6
20240104,2,2191,17
20240104,2,2198,3
20240104,2,2199,0
20240104,2,3310,1
20240104,2,3311,1
20240104,2,3802,0
20240104,3,2111,0
20240104,3,2112,1
20240104,3,2116,1
20240104,3,2122,0
20240104,3,2128,0
20240104,3,2129,1
20240104,3,2130,0
20240104,3,2139,4
20240104,3,2143,1
20240104,3,2148,5
20240104,3,2159,0
20240104,3,2171,3
20240104,3,2172,0
20240104,3,2178,0
20240104,3,2179,9
20240104,3,2185,27
20240104,3,2186,6
20240104,3,2191,19
20240104,3,2198,3
20240104,3,2199,0
20240104,3,3310,1
20240104,3,3311,1
20240104,3,3802,0
20240104,4,2111,0
20240104,4,2112,1
20240104,4,2116,2
20240104,4,2122,0
20240104,4,2128,0
20240104,4,2129,1
20240104,4,2130,0
20240104,4,2139,4
20240104,4,2143,1
20240104,4,2148,5
20240104,4,2159,0
20240104,4,2171,2
20240104,4,2172,0
20240104,4,2178,0
20240104,4,2179,9
20240104,4,2185,27
20240104,4,2186,5
20240104,4,2191,20
20240104,4,2198,3
20240104,4,2199,1
20240104,4,3310,1
20240104,4,3311,1
20240104,4,3802,0
20240104,5,2111,1
20240104,5,2112,1
20240104,5,2116,2
20240104,5,2122,0
20240104,5,2128,0
20240104,5,2129,1
20240104,5,2130,0
20240104,5,2139,5
20240104,5,2143,1
20240104,5,2148,5
20240104,5,2159,0
20240104,5,2171,4
20240104,5,2172,1
20240104,5,2178,0
20240104,5,2179,9
20240104,5,2185,28
20240104,5,2186,5
20240104,5,2191,18
20240104,5,2198,3
20240104,5,2199,0
20240104,5,3310,1
20240104,5,3311,1
20240104,5,3802,0
20240104,6,2111,2
20240104,6,2112,1
20240104,6,2116,3
20240104,6,2122,0
20240104,6,2128,0
20240104,6,2129,1
20240104,6,2130,0
20240104,6,2139,5
20240104,6,2143,1
20240104,6,2148,3
20240104,6,2159,0
20240104,6,2171,5
20240104,6,2172,1
20240104,6,2178,0
20240104,6,2179,9
20240104,6,2185,28
20240104,6,2186,4
20240104,6,2191,18
20240104,6,2198,2
20240104,6,2199,0
20240104,6,3310,1
20240104,6,3311,1
20240104,6,3802,4
20240104,7,2111,2
20240104,7,2112,0
20240104,7,2116,2
20240104,7,2122,0
20240104,7,2128,0
20240104,7,2129,1
20240104,7,2130,0
20240104,7,2139,5
20240104,7,2143,1
20240104,7,2148,1
20240104,7,2159,0
20240104,7,2171,4
20240104,7,2172,1
20240104,7,2178,0
20240104,7,2179,9
20240104,7,2185,27
20240104,7,2186,3
20240104,7,2191,19
20240104,7,2198,3
20240104,7,2199,0
20240104,7,3310,1
20240104,7,3311,4
20240104,7,3802,10
20240104,8,2111,3
20240104,8,2112,0
20240104,8,2116,3
20240104,8,2122,3
20240104,8,2128,0
20240104,8,2129,0
20240104,8,2130,0
20240104,8,2139,5
20240104,8,2143,1
20240104,8,2148,1
20240104,8,2159,1
20240104,8,2171,7
20240104,8,2172,1
20240104,8,2178,0
20240104,8,2179,10
20240104,8,2185,27
20240104,8,2186,2
20240104,8,2191,18
20240104,8,2198,3
20240104,8,2199,0
20240104,8,3310,0
20240104,8,3311,4
20240104,8,3802,5
20240104,9,2111,3
20240104,9,2112,0
20240104,9,2116,3
20240104,9,2122,0
20240104,9,2128,2
20240104,9,2129,1
20240104,9,2130,0
20240104,9,2139,2
20240104,9,2143,0
20240104,9,2148,1
20240104,9,2159,0
20240104,9,2171,9
20240104,9,2172,2
20240104,9,2178,1
20240104,9,2179,9
20240104,9,2185,26
20240104,9,2186,2
20240104,9,2191,19
20240104,9,2198,2
20240104,9,2199,0
20240104,9,3310,0
20240104,9,3311,3
20240104,9,3802,0
20240104,10,2111,3
20240104,10,2112,1
20240104,10,2116,3
20240104,10,2122,1
20240104,10,2128,2
20240104,10,2129,1
20240104,10,2130,0
20240104,10,2139,0
20240104,10,2143,0
20240104,10,2148,0
20240104,10,2159,1
20240104,10,2171,10
20240104,10,2172,2
20240104,10,2178,2
20240104,10,2179,8
20240104,10,2185,25
20240104,10,2186,2
20240104,10,2191,17
20240104,10,2198,0
20240104,10,2199,0
20240104,10,3310,0
20240104,10,3311,1
20240104,10,3802,0
20240104,11,2111,3
20240104,11,2112,0
20240104,11,2116,4
20240104,11,2122,1
20240104,11,2128,3
20240104,11,2129,1
20240104,11,2130,0
20240104,11,2139,0
20240104,11,2143,0
20240104,11,2148,0
20240104,11,2159,1
20240104,11,2171,8
20240104,11,2172,3
20240104,11,2178,2
20240104,11,2179,12
20240104,11,2185,24
20240104,11,2186,3
20240104,11,2191,17
20240104,11,2198,2
20240104,11,2199,0
20240104,11,3310,0
20240104,11,3311,4
20240104,11,3802,0
20240104,12,2111,3
20240104,12,2112,0
20240104,12,2116,4
20240104,12,2122,1
20240104,12,2128,2
20240104,12,2129,1
20240104,12,2130,0
20240104,12,2139,2
20240104,12,2143,0
20240104,12,2148,0
20240104,12,2159,0
20240104,12,2171,10
20240104,12,2172,4
20240104,12,2178,2
20240104,12,2179,14
20240104,12,2185,23
20240104,12,2186,3
20240104,12,2191,16
20240104,12,2198,0
20240104,12,2199,0
20240104,12,3310,0
20240104,12,3311,6
20240104,12,3802,0
20240104,13,2111,2
20240104,13,2112,1
20240104,13,2116,4
20240104,13,2122,0
20240104,13,2128,2
20240104,13,2129,0
20240104,13,2130,0
20240104,13,2139,2
20240104,13,2143,2
20240104,13,2148,0
20240104,13,2159,2
20240104,13,2171,9
20240104,13,2172,4
20240104,13,2178,0
20240104,13,2179,15
20240104,13,2185,22
20240104,13,2186,3
20240104,13,2191,16
20240104,13,2198,0
20240104,13,2199,0
20240104,13,3310,0
20240104,13,3311,6
20240104,13,3802,0
20240104,14,2111,4
20240104,14,2112,4
20240104,14,2116,4
20240104,14,2122,1
20240104,14,2128,1
20240104,14,2129,0
20240104,14,2130,0
20240104,14,2139,2
20240104,14,2143,2
20240104,14,2148,0
20240104,14,2159,1
20240104,14,2171,14
20240104,14,2172,3
20240104,14,2178,0
20240104,14,2179,18
20240104,14,2185,20
20240104,14,2186,1
20240104,14,2191,18
20240104,14,2198,1
20240104,14,2199,0
20240104,14,3310,0
20240104,14,3311,5
20240104,14,3802,0
20240104,15,2111,4
20240104,15,2112,6
20240104,15,2116,3
20240104,15,2122,1
20240104,15,2128,0
20240104,15,2129,1
20240104,15,2130,0
20240104,15,2139,4
20240104,15,2143,2
20240104,15,2148,0
20240104,15,2159,1
20240104,15,2171,15
20240104,15,2172,3
20240104,15,2178,0
20240104,15,2179,19
20240104,15,2185,20
20240104,15,2186,0
20240104,15,2191,17
20240104,15,2198,0
20240104,15,2199,0
20240104,15,3310,0
20240104,15,3311,4
20240104,15,3802,0
20240104,16,2111,3
20240104,16,2112,5
20240104,16,2116,4
20240104,16,2122,1
20240104,16,2128,0
20240104,16,2129,0
20240104,16,2130,0
20240104,16,2139,5
20240104,16,2143,1
20240104,16,2148,1
20240104,16,2159,0
20240104,16,2171,17
20240104,16,2172,3
20240104,16,2178,1
20240104,16,2179,18
20240104,16,2185,20
20240104,16,2186,1
20240104,16,2191,15
20240104,16,2198,0
20240104,16,2199,0
20240104,16,3310,0
20240104,16,3311,6
20240104,16,3802,0
20240104,17,2111,5
20240104,17,2112,4
20240104,17,2116,2
20240104,17,2122,1
20240104,17,2128,2
20240104,17,2129,0
20240104,17,2130,11
20240104,17,2139,4
20240104,17,2143,1
20240104,17,2148,0
20240104,17,2159,1
20240104,17,2171,15
20240104,17,2172,1
20240104,17,2178,0
20240104,17,2179,20
20240104,17,2185,20
20240104,17,2186,1
20240104,17,2191,16
20240104,17,2198,1
20240104,17,2199,0
20240104,17,3310,0
20240104,17,3311,4
20240104,17,3802,0
20240104,18,2111,3
20240104,18,2112,1
20240104,18,2116,3
20240104,18,2122,3
20240104,18,2128,1
20240104,18,2129,1
20240104,18,2130,11
20240104,18,2139,4
20240104,18,2143,1
20240104,18,2148,1
20240104,18,2159,2
20240104,18,2171,15
20240104,18,2172,0
20240104,18,2178,0
20240104,18,2179,22
20240104,18,2185,18
20240104,18,2186,0
20240104,18,2191,17
20240104,18,2198,0
20240104,18,2199,0
20240104,18,3310,0
20240104,18,3311,6
20240104,18,3802,0
20240104,19,2111,5
20240104,19,2112,2
20240104,19,2116,2
20240104,19,2122,2
20240104,19,2128,2
20240104,19,2129,0
20240104,19,2130,11
20240104,19,2139,5
20240104,19,2143,1
20240104,19,2148,3
20240104,19,2159,0
20240104,19,2171,14
20240104,19,2172,0
20240104,19,2178,0
20240104,19,2179,24
20240104,19,2185,17
20240104,19,2186,1
20240104,19,2191,18
20240104,19,2198,3
20240104,19,2199,0
20240104,19,3310,0
20240104,19,3311,2
20240104,19,3802,1
20240104,20,2111,2
20240104,20,2112,1
20240104,20,2116,3
20240104,20,2122,3
20240104,20,2128,0
20240104,20,2129,0
20240104,20,2130,11
20240104,20,2139,5
20240104,20,2143,1
20240104,20,2148,3
20240104,20,2159,0
20240104,20,2171,10
20240104,20,2172,0
20240104,20,2178,0
20240104,20,2179,22
20240104,20,2185,18
20240104,20,2186,3
20240104,20,2191,17
20240104,20,2198,5
20240104,20,2199,0
20240104,20,3310,0
20240104,20,3311,2
20240104,20,3802,4
20240104,21,2111,1
20240104,21,2112,0
20240104,21,2116,3
20240104,21,2122,5
20240104,21,2128,0
20240104,21,2129,0
20240104,21,2130,11
20240104,21,2139,5
20240104,21,2143,1
20240104,21,2148,4
20240104,21,2159,0
20240104,21,2171,11
20240104,21,2172,0
20240104,21,2178,0
20240104,21,2179,21
20240104,21,2185,17
20240104,21,2186,3
20240104,21,2191,19
20240104,21,2198,2
20240104,21,2199,0
20240104,21,3310,0
20240104,21,3311,2
20240104,21,3802,5
20240104,22,2111,1
20240104,22,2112,0
20240104,22,2116,4
20240104,22,2122,5
20240104,22,2128,0
20240104,22,2129,0
20240104,22,2130,9
20240104,22,2139,6
20240104,22,2143,0
20240104,22,2148,3
20240104,22,2159,0
20240104,22,2171,5
20240104,22,2172,0
20240104,22,2178,0
20240104,22,2179,17
20240104,22,2185,18
20240104,22,2186,4
20240104,22,2191,17
20240104,22,2198,2
20240104,22,2199,0
20240104,22,3310,0
20240104,22,3311,1
20240104,22,3802,0
20240104,23,2111,1
20240104,23,2112,4
20240104,23,2116,2
20240104,23,2122,3
20240104,23,2128,0
20240104,23,2129,0
20240104,23,2130,7
20240104,23,2139,8
20240104,23,2143,0
20240104,23,2148,4
20240104,23,2159,0
20240104,23,2171,6
20240104,23,2172,0
20240104,23,2178,0
20240104,23,2179,20
20240104,23,2185,17
20240104,23,2186,1
20240104,23,2191,17
20240104,23,2198,4
20240104,23,2199,0
20240104,23,3310,0
20240104,23,3311,1
20240104,23,3802,0
20240105,0,2111,0
20240105,0,2112,0
20240105,0,2116,3
20240105,0,2122,5
20240105,0,2128,0
20240105,0,2129,0
20240105,0,2130,7
20240105,0,2139,9
20240105,0,2143,0
20240105,0,2148,3
20240105,0,2159,0
20240105,0,2171,5
20240105,0,2172,0
20240105,0,2178,0
20240105,0,2179,19
20240105,0,2185,15
20240105,0,2186,1
20240105,0,2191,18
20240105,0,2198,4
20240105,0,2199,0
20240105,0,3310,0
20240105,0,3311,1
20240105,0,3802,0
20240105,1,2111,0
20240105,1,2112,0
20240105,1,2116,4
20240105,1,2122,4
20240105,1,2128,0
20240105,1,2129,1
20240105,1,2130,7
20240105,1,2139,8
20240105,1,2143,0
20240105,1,2148,5
20240105,1,2159,0
20240105,1,2171,1
20240105,1,2172,0
20240105,1,2178,0
20240105,1,2179,18
20240105,1,2185,16
20240105,1,2186,2
20240105,1,2191,19
20240105,1,2198,3
20240105,1,2199,0
20240105,1,3310,0
20240105,1,3311,1
20240105,1,3802,0
20240105,2,2111,0
20240105,2,2112,0
20240105,2,2116,2
20240105,2,2122,3
20240105,2,2128,1
20240105,2,2129,1
20240105,2,2130,7
20240105,2,2139,8
20240105,2,2143,0
20240105,2,2148,4
20240105,2,2159,0
20240105,2,2171,0
20240105,2,2172,0
20240105,2,2178,0
20240105,2,2179,16
20240105,2,2185,15
20240105,2,2186,2
20240105,2,2191,18
20240105,2,2198,3
20240105,2,2199,0
20240105,2,3310,0
20240105,2,3311,1
20240105,2,3802,0
20240105,3,2111,0
20240105,3,2112,1
20240105,3,2116,2
20240105,3,2122,2
20240105,3,2128,0
20240105,3,2129,1
20240105,3,2130,7
20240105,3,2139,8
20240105,3,2143,0
20240105,3,2148,4
20240105,3,2159,0
20240105,3,2171,0
20240105,3,2172,0
20240105,3,2178,0
20240105,3,2179,15
20240105,3,2185,15
20240105,3,2186,2
20240105,3,2191,20
20240105,3,2198,3
20240105,3,2199,0
20240105,3,3310,0
20240105,3,3311,1
20240105,3,3802,0
20240105,4,2111,0
20240105,4,2112,1
20240105,4,2116,2
20240105,4,2122,2
20240105,4,2128,0
20240105,4,2129,2
20240105,4,2130,7
20240105,4,2139,8
20240105,4,2143,0
20240105,4,2148,3
20240105,4,2159,0
20240105,4,2171,0
20240105,4,2172,0
20240105,4,2178,0
20240105,4,2179,14
20240105,4,2185,15
20240105,4,2186,1
20240105,4,2191,22
20240105,4,2198,3
20240105,4,2199,0
20240105,4,3310,0
20240105,4,3311,1
20240105,4,3802,0
20240105,5,2111,0
20240105,5,2112,1
20240105,5,2116,2
20240105,5,2122,2
20240105,5,2128,0
20240105,5,2129,2
20240105,5,2130,7
20240105,5,2139,9
20240105,5,2143,0
20240105,5,2148,2
20240105,5,2159,0
20240105,5,2171,0
20240105,5,2172,0
20240105,5,2178,0
20240105,5,2179,15
20240105,5,2185,15
20240105,5,2186,1
20240105,5,2191,23
20240105,5,2198,4
20240105,5,2199,0
20240105,5,3310,0
20240105,5,3311,1
20240105,5,3802,0
20240105,6,2111,0
20240105,6,2112,1
20240105,6,2116,2
20240105,6,2122,3
20240105,6,2128,0
20240105,6,2129,1
20240105,6,2130,7
20240105,6,2139,9
20240105,6,2143,0
20240105,6,2148,1
20240105,6,2159,0
20240105,6,2171,0
20240105,6,2172,0
20240105,6,2178,0
20240105,6,2179,15
20240105,6,2185,16
20240105,6,2186,0
20240105,6,2191,22
20240105,6,2198,3
20240105,6,2199,0
20240105,6,3310,0
20240105,6,3311,0
20240105,6,3802,1
20240105,7,2111,0
20240105,7,2112,0
20240105,7,2116,2
20240105,7,2122,4
20240105,7,2128,0
20240105,7,2129,0
20240105,7,2130,6
20240105,7,2139,9
20240105,7,2143,0
20240105,7,2148,2
20240105,7,2159,0
20240105,7,2171,1
20240105,7,2172,0
20240105,7,2178,0
20240105,7,2179,14
20240105,7,2185,15
20240105,7,2186,0
20240105,7,2191,20
20240105,7,2198,2
20240105,7,2199,1
20240105,7,3310,0
20240105,7,3311,4
20240105,7,3802,5
20240105,8,2111,0
20240105,8,2112,2
20240105,8,2116,2
20240105,8,2122,3
20240105,8,2128,2
20240105,8,2129,0
20240105,8,2130,6
20240105,8,2139,7
20240105,8,2143,0
20240105,8,2148,0
20240105,8,2159,0
20240105,8,2171,3
20240105,8,2172,0
20240105,8,2178,0
20240105,8,2179,14
20240105,8,2185,14
20240105,8,2186,0
20240105,8,2191,21
20240105,8,2198,2
20240105,8,2199,2
20240105,8,3310,0
20240105,8,3311,6
20240105,8,3802,4
20240105,9,2111,2
20240105,9,2112,1
20240105,9,2116,2
20240105,9,2122,2
20240105,9,2128,2
20240105,9,2129,2
20240105,9,2130,6
20240105,9,2139,3
20240105,9,2143,0
20240105,9,2148,2
20240105,9,2159,0
20240105,9,2171,2
20240105,9,2172,0
20240105,9,2178,1
20240105,9,2179,15
20240105,9,2185,12
20240105,9,2186,0
20240105,9,2191,18
20240105,9,2198,2
20240105,9,2199,0
20240105,9,3310,0
20240105,9,3311,5
20240105,9,3802,5
20240105,10,2111,1
20240105,10,2112,2
20240105,10,2116,2
20240105,10,2122,3
20240105,10,2128,3
20240105,10,2129,2
20240105,10,2130,6
20240105,10,2139,1
20240105,10,2143,0
20240105,10,2148,1
20240105,10,2159,0
20240105,10,2171,1
20240105,10,2172,1
20240105,10,2178,2
20240105,10,2179,15
20240105,10,2185,11
20240105,10,2186,0
20240105,10,2191,17
20240105,10,2198,1
20240105,10,2199,0
20240105,10,3310,0
20240105,10,3311,6
20240105,10,3802,1
20240105,11,2111,1
20240105,11,2112,2
20240105,11,2116,3
20240105,11,2122,1
20240105,11,2128,3
20240105,11,2129,2
20240105,11,2130,6
20240105,11,2139,0
20240105,11,2143,1
20240105,11,2148,0
20240105,11,2159,1
20240105,11,2171,3
20240105,11,2172,1
20240105,11,2178,2
20240105,11,2179,16
20240105,11,2185,10
20240105,11,2186,0
20240105,11,2191,17
20240105,11,2198,1
20240105,11,2199,0
20240105,11,3310,0
20240105,11,3311,6
20240105,11,3802,1
20240105,12,2111,1
20240105,12,2112,2
20240105,12,2116,4
20240105,12,2122,4
20240105,12,2128,2
20240105,12,2129,0
20240105,12,2130,6
20240105,12,2139,1
20240105,12,2143,1
20240105,12,2148,4
20240105,12,2159,0
20240105,12,2171,6
20240105,12,2172,1
20240105,12,2178,3
20240105,12,2179,16
20240105,12,2185,9
20240105,12,2186,0
20240105,12,2191,17
20240105,12,2198,0
20240105,12,2199,0
20240105,12,3310,0
20240105,12,3311,10
20240105,12,3802,0
20240105,13,2111,2
20240105,13,2112,1
20240105,13,2116,5
20240105,13,2122,5
20240105,13,2128,3
20240105,13,2129,0
20240105,13,2130,6
20240105,13,2139,1
20240105,13,2143,1
20240105,13,2148,3
20240105,13,2159,2
20240105,13,2171,4
20240105,13,2172,0
20240105,13,2178,2
20240105,13,2179,15
20240105,13,2185,7
20240105,13,2186,0
20240105,13,2191,16
20240105,13,2198,0
20240105,13,2199,1
20240105,13,3310,0
20240105,13,3311,10
20240105,13,3802,0
20240105,14,2111,1
20240105,14,2112,2
20240105,14,2116,5
20240105,14,2122,6
20240105,14,2128,2
20240105,14,2129,0
20240105,14,2130,5
20240105,14,2139,2
20240105,14,2143,0
20240105,14,2148,2
20240105,14,2159,2
20240105,14,2171,4
20240105,14,2172,0
20240105,14,2178,1
20240105,14,2179,17
20240105,14,2185,8
20240105,14,2186,0
20240105,14,2191,17
20240105,14,2198,0
20240105,14,2199,1
20240105,14,3310,0
20240105,14,3311,9
20240105,14,3802,0
20240105,15,2111,1
20240105,15,2112,2
20240105,15,2116,5
20240105,15,2122,6
20240105,15,2128,2
20240105,15,2129,0
20240105,15,2130,3
20240105,15,2139,3
20240105,15,2143,1
20240105,15,2148,2
20240105,15,2159,3
20240105,15,2171,2
20240105,15,2172,2
20240105,15,2178,0
20240105,15,2179,17
20240105,15,2185,9
20240105,15,2186,0
20240105,15,2191,16
20240105,15,2198,0
20240105,15,2199,1
20240105,15,3310,0
20240105,15,3311,9
20240105,15,3802,0
20240105,16,2111,2
20240105,16,2112,2
20240105,16,2116,5
20240105,16,2122,6
20240105,16,2128,1
20240105,16,2129,0
20240105,16,2130,2
20240105,16,2139,2
20240105,16,2143,0
20240105,16,2148,1
20240105,16,2159,2
20240105,16,2171,1
20240105,16,2172,3
20240105,16,2178,1
20240105,16,2179,19
20240105,16,2185,9
20240105,16,2186,0
20240105,16,2191,14
20240105,16,2198,0
20240105,16,2199,0
20240105,16,3310,0
20240105,16,3311,8
20240105,16,3802,0
20240105,17,2111,2
20240105,17,2112,3
20240105,17,2116,4
20240105,17,2122,5
20240105,17,2128,1
20240105,17,2129,0
20240105,17,2130,1
20240105,17,2139,4
20240105,17,2143,0
20240105,17,2148,1
20240105,17,2159,2
20240105,17,2171,1
20240105,17,2172,2
20240105,17,2178,1
20240105,17,2179,18
20240105,17,2185,10
20240105,17,2186,0
20240105,17,2191,12
20240105,17,2198,0
20240105,17,2199,1
20240105,17,3310,0
20240105,17,3311,6
20240105,17,3802,1
20240105,18,2111,3
20240105,18,2112,4
20240105,18,2116,4
20240105,18,2122,5
20240105,18,2128,0
20240105,18,2129,0
20240105,18,2130,1
20240105,18,2139,2
20240105,18,2143,1
20240105,18,2148,1
20240105,18,2159,2
20240105,18,2171,5
20240105,18,2172,0
20240105,18,2178,0
20240105,18,2179,17
20240105,18,2185,10
20240105,18,2186,0
20240105,18,2191,15
20240105,18,2198,0
20240105,18,2199,0
20240105,18,3310,0
20240105,18,3311,9
20240105,18,3802,0
20240105,19,2111,2
20240105,19,2112,2
20240105,19,2116,4
20240105,19,2122,3
20240105,19,2128,0
20240105,19,2129,0
20240105,19,2130,1
20240105,19,2139,4
20240105,19,2143,2
20240105,19,2148,1
20240105,19,2159,2
20240105,19,2171,4
20240105,19,2172,1
20240105,19,2178,0
20240105,19,2179,13
20240105,19,2185,9
20240105,19,2186,0
20240105,19,2191,15
20240105,19,2198,1
20240105,19,2199,0
20240105,19,3310,0
20240105,19,3311,5
20240105,19,3802,1
20240105,20,2111,3
20240105,20,2112,2
20240105,20,2116,5
20240105,20,2122,1
20240105,20,2128,1
20240105,20,2129,0
20240105,20,2130,1
20240105,20,2139,5
20240105,20,2143,2
20240105,20,2148,0
20240105,20,2159,3
20240105,20,2171,3
20240105,20,2172,0
20240105,20,2178,0
20240105,20,2179,13
20240105,20,2185,10
20240105,20,2186,0
20240105,20,2191,16
20240105,20,2198,0
20240105,20,2199,0
20240105,20,3310,0
20240105,20,3311,7
20240105,20,3802,0
20240105,21,2111,2
20240105,21,2112,2
20240105,21,2116,4
20240105,21,2122,1
20240105,21,2128,1
20240105,21,2129,1
20240105,21,2130,18
20240105,21,2139,4
20240105,21,2143,1
20240105,21,2148,0
20240105,21,2159,4
20240105,21,2171,0
20240105,21,2172,0
20240105,21,2178,0
20240105,21,2179,13
20240105,21,2185,11
20240105,21,2186,2
20240105,21,2191,15
20240105,21,2198,1
20240105,21,2199,1
20240105,21,3310,0
20240105,21,3311,4
20240105,21,3802,1
20240105,22,2111,2
20240105,22,2112,0
20240105,22,2116,3
20240105,22,2122,1
20240105,22,2128,1
20240105,22,2129,0
20240105,22,2130,18
20240105,22,2139,3
20240105,22,2143,1
20240105,22,2148,0
20240105,22,2159,4
20240105,22,2171,0
20240105,22,2172,0
20240105,22,2178,0
20240105,22,2179,14
20240105,22,2185,10
20240105,22,2186,0
20240105,22,2191,16
20240105,22,2198,1
20240105,22,2199,1
20240105,22,3310,0
20240105,22,3311,0
20240105,22,3802,0
20240105,23,2111,1
20240105,23,2112,0
20240105,23,2116,3
20240105,23,2122,0
20240105,23,2128,1
20240105,23,2129,0
20240105,23,2130,14
20240105,23,2139,6
20240105,23,2143,0
20240105,23,2148,0
20240105,23,2159,3
20240105,23,2171,2
20240105,23,2172,0
20240105,23,2178,0
20240105,23,2179,14
20240105,23,2185,10
20240105,23,2186,3
20240105,23,2191,15
20240105,23,2198,0
20240105,23,2199,1
20240105,23,3310,0
20240105,23,3311,1
20240105,23,3802,0
20240106,0,2111,0
20240106,0,2112,0
20240106,0,2116,2
20240106,0,2122,0
20240106,0,2128,1
20240106,0,2129,0
20240106,0,2130,13
20240106,0,2139,5
20240106,0,2143,1
20240106,0,2148,0
20240106,0,2159,3
20240106,0,2171,0
20240106,0,2172,0
20240106,0,2178,0
20240106,0,2179,13
20240106,0,2185,11
20240106,0,2186,5
20240106,0,2191,16
20240106,0,2198,2
20240106,0,2199,0
20240106,0,3310,0
20240106,0,3311,0
20240106,0,3802,0
20240106,1,2111,0
20240106,1,2112,1
20240106,1,2116,1
20240106,1,2122,0
20240106,1,2128,1
20240106,1,2129,0
20240106,1,2130,13
20240106,1,2139,4
20240106,1,2143,2
20240106,1,2148,0
20240106,1,2159,3
20240106,1,2171,0
20240106,1,2172,0
20240106,1,2178,0
20240106,1,2179,13
20240106,1,2185,12
20240106,1,2186,5
20240106,1,2191,18
20240106,1,2198,2
20240106,1,2199,0
20240106,1,3310,0
20240106,1,3311,0
20240106,1,3802,0
20240106,2,2111,0
20240106,2,2112,0
20240106,2,2116,1
20240106,2,2122,0
20240106,2,2128,0
20240106,2,2129,0
20240106,2,2130,13
20240106,2,2139,4
20240106,2,2143,2
20240106,2,2148,0
20240106,2,2159,3
20240106,2,2171,0
20240106,2,2172,0
20240106,2,2178,0
20240106,2,2179,12
20240106,2,2185,12
20240106,2,2186,1
20240106,2,2191,18
20240106,2,2198,0
20240106,2,2199,0
20240106,2,3310,1
20240106,2,3311,0
20240106,2,3802,0
20240106,3,2111,0
20240106,3,2112,1
20240106,3,2116,1
20240106,3,2122,0
20240106,3,2128,1
20240106,3,2129,0
20240106,3,2130,14
20240106,3,2139,4
20240106,3,2143,1
20240106,3,2148,0
20240106,3,2159,3
20240106,3,2171,0
20240106,3,2172,0
20240106,3,2178,0
20240106,3,2179,14
20240106,3,2185,12
20240106,3,2186,1
20240106,3,2191,20
20240106,3,2198,0
20240106,3,2199,0
20240106,3,3310,1
20240106,3,3311,0
20240106,3,3802,0
20240106,4,2111,1
20240106,4,2112,0
20240106,4,2116,2
20240106,4,2122,0
20240106,4,2128,0
20240106,4,2129,0
20240106,4,2130,13
20240106,4,2139,4
20240106,4,2143,1
20240106,4,2148,0
20240106,4,2159,3
20240106,4,2171,0
20240106,4,2172,0
20240106,4,2178,0
20240106,4,2179,14
20240106,4,2185,12
20240106,4,2186,0
20240106,4,2191,22
20240106,4,2198,1
20240106,4,2199,0
20240106,4,3310,1
20240106,4,3311,0
20240106,4,3802,0
20240106,5,2111,1
20240106,5,2112,0
20240106,5,2116,2
20240106,5,2122,0
20240106,5,2128,0
20240106,5,2129,0
20240106,5,2130,13
20240106,5,2139,8
20240106,5,2143,1
20240106,5,2148,0
20240106,5,2159,3
20240106,5,2171,0
20240106,5,2172,0
20240106,5,2178,0
20240106,5,2179,16
20240106,5,2185,12
20240106,5,2186,0
20240106,5,2191,21
20240106,5,2198,1
20240106,5,2199,0
20240106,5,3310,1
20240106,5,3311,0
20240106,5,3802,0
20240106,6,2111,1
20240106,6,2112,0
20240106,6,2116,2
20240106,6,2122,0
20240106,6,2128,0
20240106,6,2129,0
20240106,6,2130,14
20240106,6,2139,7
20240106,6,2143,1
20240106,6,2148,0
20240106,6,2159,3
20240106,6,2171,0
20240106,6,2172,0
20240106,6,2178,0
20240106,6,2179,16
20240106,6,2185,11
20240106,6,2186,0
20240106,6,2191,22
20240106,6,2198,1
20240106,6,2199,0
20240106,6,3310,1
20240106,6,3311,0
20240106,6,3802,0
20240106,7,2111,1
20240106,7,2112,0
20240106,7,2116,1
20240106,7,2122,0
20240106,7,2128,0
20240106,7,2129,0
20240106,7,2130,14
20240106,7,2139,7
20240106,7,2143,1
20240106,7,2148,0
20240106,7,2159,3
20240106,7,2171,0
20240106,7,2172,0
20240106,7,2178,0
20240106,7,2179,16
20240106,7,2185,9
20240106,7,2186,0
20240106,7,2191,24
20240106,7,2198,1
20240106,7,2199,0
20240106,7,3310,1
20240106,7,3311,0
20240106,7,3802,0
20240106,8,2111,1
20240106,8,2112,0
20240106,8,2116,1
20240106,8,2122,1
20240106,8,2128,0
20240106,8,2129,0
20240106,8,2130,14
20240106,8,2139,6
20240106,8,2143,1
20240106,8,2148,0
20240106,8,2159,2
20240106,8,2171,0
20240106,8,2172,1
20240106,8,2178,0
20240106,8,2179,16
20240106,8,2185,9
20240106,8,2186,0
20240106,8,2191,23
20240106,8,2198,1
20240106,8,2199,0
20240106,8,3310,0
20240106,8,3311,0
20240106,8,3802,0
20240106,9,2111,1
20240106,9,2112,1
20240106,9,2116,1
20240106,9,2122,2
20240106,9,2128,1
20240106,9,2129,0
20240106,9,2130,14
20240106,9,2139,6
20240106,9,2143,1
20240106,9,2148,0
20240106,9,2159,1
20240106,9,2171,4
20240106,9,2172,1
20240106,9,2178,1
20240106,9,2179,17
20240106,9,2185,7
20240106,9,2186,0
20240106,9,2191,23
20240106,9,2198,1
20240106,9,2199,0
20240106,9,3310,0
20240106,9,3311,0
20240106,9,3802,0
20240106,10,2111,2
20240106,10,2112,0
20240106,10,2116,1
20240106,10,2122,0
20240106,10,2128,2
20240106,10,2129,1
20240106,10,2130,14
20240106,10,2139,5
20240106,10,2143,0
20240106,10,2148,1
20240106,10,2159,1
20240106,10,2171,5
20240106,10,2172,1
20240106,10,2178,0
20240106,10,2179,19
20240106,10,2185,7
20240106,10,2186,0
20240106,10,2191,22
20240106,10,2198,0
20240106,10,2199,0
20240106,10,3310,0
20240106,10,3311,1
20240106,10,3802,0
20240106,11,2111,1
20240106,11,2112,0
20240106,11,2116,6
20240106,11,2122,0
20240106,11,2128,3
20240106,11,2129,1
20240106,11,2130,13
20240106,11,2139,4
20240106,11,2143,0
20240106,11,2148,0
20240106,11,2159,0
20240106,11,2171,4
20240106,11,2172,0
20240106,11,2178,1
20240106,11,2179,19
20240106,11,2185,5
20240106,11,2186,0
20240106,11,2191,22
20240106,11,2198,0
20240106,11,2199,0
20240106,11,3310,0
20240106,11,3311,1
20240106,11,3802,0
20240106,12,2111,1
20240106,12,2112,3
20240106,12,2116,7
20240106,12,2122,0
20240106,12,2128,3
20240106,12,2129,0
20240106,12,2130,13
20240106,12,2139,5
20240106,12,2143,0
20240106,12,2148,0
20240106,12,2159,1
20240106,12,2171,7
20240106,12,2172,1
20240106,12,2178,1
20240106,12,2179,18
20240106,12,2185,5
20240106,12,2186,0
20240106,12,2191,21
20240106,12,2198,0
20240106,12,2199,0
20240106,12,3310,0
20240106,12,3311,4
20240106,12,3802,0
20240106,13,2111,1
20240106,13,2112,4
20240106,13,2116,9
20240106,13,2122,0
20240106,13,2128,2
20240106,13,2129,1
20240106,13,2130,12
20240106,13,2139,4
20240106,13,2143,1
20240106,13,2148,2
20240106,13,2159,0
20240106,13,2171,6
20240106,13,2172,1
20240106,13,2178,1
20240106,13,2179,18
20240106,13,2185,2
20240106,13,2186,0
20240106,13,2191,21
20240106,13,2198,1
20240106,13,2199,0
20240106,13,3310,0
20240106,13,3311,2
20240106,13,3802,0
20240106,14,2111,2
20240106,14,2112,3
20240106,14,2116,5
20240106,14,2122,0
20240106,14,2128,2
20240106,14,2129,0
20240106,14,2130,11
20240106,14,2139,2
20240106,14,2143,1
20240106,14,2148,1
20240106,14,2159,0
20240106,14,2171,4
20240106,14,2172,2
20240106,14,2178,0
20240106,14,2179,21
20240106,14,2185,1
20240106,14,2186,0
20240106,14,2191,19
20240106,14,2198,0
20240106,14,2199,0
20240106,14,3310,0
20240106,14,3311,0
20240106,14,3802,1
20240106,15,2111,2
20240106,15,2112,5
20240106,15,2116,6
20240106,15,2122,0
20240106,15,2128,2
20240106,15,2129,1
20240106,15,2130,10
20240106,15,2139,5
20240106,15,2143,1
20240106,15,2148,2
20240106,15,2159,0
20240106,15,2171,5
20240106,15,2172,3
20240106,15,2178,0
20240106,15,2179,21
20240106,15,2185,1
20240106,15,2186,15
20240106,15,2191,15
20240106,15,2198,0
20240106,15,2199,0
20240106,15,3310,0
20240106,15,3311,1
20240106,15,3802,2
20240106,16,2111,2
20240106,16,2112,6
20240106,16,2116,9
20240106,16,2122,0
20240106,16,2128,2
20240106,16,2129,0
20240106,16,2130,8
20240106,16,2139,5
20240106,16,2143,1
20240106,16,2148,1
20240106,16,2159,0
20240106,16,2171,1
20240106,16,2172,6
20240106,16,2178,0
20240106,16,2179,20
20240106,16,2185,0
20240106,16,2186,16
20240106,16,2191,16
20240106,16,2198,1
20240106,16,2199,0
20240106,16,3310,0
20240106,16,3311,0
20240106,16,3802,1
20240106,17,2111,1
20240106,17,2112,4
20240106,17,2116,8
20240106,17,2122,1
20240106,17,2128,2
20240106,17,2129,0
20240106,17,2130,5
20240106,17,2139,5
20240106,17,2143,1
20240106,17,2148,4
20240106,17,2159,0
20240106,17,2171,3
20240106,17,2172,3
20240106,17,2178,0
20240106,17,2179,19
20240106,17,2185,0
20240106,17,2186,14
20240106,17,2191,15
20240106,17,2198,2
20240106,17,2199,0
20240106,17,3310,0
20240106,17,3311,1
20240106,17,3802,5
20240106,18,2111,1
20240106,18,2112,4
20240106,18,2116,6
20240106,18,2122,1
20240106,18,2128,2
20240106,18,2129,0
20240106,18,2130,4
20240106,18,2139,4
20240106,18,2143,1
20240106,18,2148,3
20240106,18,2159,2
20240106,18,2171,0
20240106,18,2172,3
20240106,18,2178,0
20240106,18,2179,16
20240106,18,2185,1
20240106,18,2186,14
20240106,18,2191,14
20240106,18,2198,1
20240106,18,2199,1
20240106,18,3310,0
20240106,18,3311,1
20240106,18,3802,1
20240106,19,2111,3
20240106,19,2112,3
20240106,19,2116,3
20240106,19,2122,2
20240106,19,2128,2
20240106,19,2129,0
20240106,19,2130,3
20240106,19,2139,5
20240106,19,2143,1
20240106,19,2148,3
20240106,19,2159,2
20240106,19,2171,0
20240106,19,2172,4
20240106,19,2178,0
20240106,19,2179,16
20240106,19,2185,0
20240106,19,2186,16
20240106,19,2191,15
20240106,19,2198,0
20240106,19,2199,0
20240106,19,3310,0
20240106,19,3311,1
20240106,19,3802,0
20240106,20,2111,3
20240106,20,2112,0
20240106,20,2116,3
20240106,20,2122,3
20240106,20,2128,2
20240106,20,2129,0
20240106,20,2130,3
20240106,20,2139,4
20240106,20,2143,2
20240106,20,2148,4
20240106,20,2159,2
20240106,20,2171,1
20240106,20,2172,4
20240106,20,2178,0
20240106,20,2179,16
20240106,20,2185,0
20240106,20,2186,16
20240106,20,2191,13
20240106,20,2198,0
20240106,20,2199,0
20240106,20,3310,0
20240106,20,3311,0
20240106,20,3802,1
20240106,21,2111,1
20240106,21,2112,1
20240106,21,2116,3
20240106,21,2122,3
20240106,21,2128,1
20240106,21,2129,1
20240106,21,2130,3
20240106,21,2139,4
20240106,21,2143,2
20240106,21,2148,4
20240106,21,2159,2
20240106,21,2171,3
20240106,21,2172,4
20240106,21,2178,0
20240106,21,2179,16
20240106,21,2185,0
20240106,21,2186,15
20240106,21,2191,13
20240106,21,2198,0
20240106,21,2199,0
20240106,21,3310,0
20240106,21,3311,0
20240106,21,3802,1
20240106,22,2111,2
20240106,22,2112,2
20240106,22,2116,3
20240106,22,2122,3
20240106,22,2128,1
20240106,22,2129,1
20240106,22,2130,3
20240106,22,2139,4
20240106,22,2143,2
20240106,22,2148,4
20240106,22,2159,2
20240106,22,2171,4
20240106,22,2172,4
20240106,22,2178,0
20240106,22,2179,16
20240106,22,2185,0
20240106,22,2186,15
20240106,22,2191,14
20240106,22,2198,0
20240106,22,2199,0
20240106,22,3310,0
20240106,22,3311,0
20240106,22,3802,1
20240106,23,2111,2
20240106,23,2112,2
20240106,23,2116,3
20240106,23,2122,3
20240106,23,2128,1
20240106,23,2129,1
20240106,23,2130,3
20240106,23,2139,4
20240106,23,2143,2
20240106,23,2148,4
20240106,23,2159,2
20240106,23,2171,4
20240106,23,2172,3
20240106,23,2178,0
20240106,23,2179,16
20240106,23,2185,0
20240106,23,2186,15
20240106,23,2191,14
20240106,23,2198,0
20240106,23,2199,0
20240106,23,3310,0
20240106,23,3311,1
20240106,23,3802,1
20240107,0,2111,1
20240107,0,2112,2
20240107,0,2116,2
20240107,0,2122,3
20240107,0,2128,1
20240107,0,2129,1
20240107,0,2130,3
20240107,0,2139,4
20240107,0,2143,3
20240107,0,2148,4
20240107,0,2159,2
20240107,0,2171,4
20240107,0,2172,2
20240107,0,2178,0
20240107,0,2179,17
20240107,0,2185,0
20240107,0,2186,16
20240107,0,2191,14
20240107,0,2198,0
20240107,0,2199,0
20240107,0,3310,0
20240107,0,3311,0
20240107,0,3802,1
20240107,1,2111,1
20240107,1,2112,1
20240107,1,2116,1
20240107,1,2122,4
20240107,1,2128,2
20240107,1,2129,1
20240107,1,2130,3
20240107,1,2139,4
20240107,1,2143,3
20240107,1,2148,2
20240107,1,2159,2
20240107,1,2171,0
20240107,1,2172,1
20240107,1,2178,0
20240107,1,2179,16
20240107,1,2185,0
20240107,1,2186,16
20240107,1,2191,13
20240107,1,2198,1
20240107,1,2199,0
20240107,1,3310,0
20240107,1,3311,0
20240107,1,3802,1
20240107,2,2111,2
20240107,2,2112,1
20240107,2,2116,1
20240107,2,2122,3
20240107,2,2128,3
20240107,2,2129,1
20240107,2,2130,3
20240107,2,2139,4
20240107,2,2143,3
20240107,2,2148,2
20240107,2,2159,2
20240107,2,2171,0
20240107,2,2172,1
20240107,2,2178,0
20240107,2,2179,16
20240107,2,2185,0
20240107,2,2186,16
20240107,2,2191,13
20240107,2,2198,1
20240107,2,2199,0
20240107,2,3310,0
20240107,2,3311,0
20240107,2,3802,1
20240107,3,2111,2
20240107,3,2112,1
20240107,3,2116,1
20240107,3,2122,3
20240107,3,2128,3
20240107,3,2129,2
20240107,3,2130,3
20240107,3,2139,5
20240107,3,2143,3
20240107,3,2148,2
20240107,3,2159,2
20240107,3,2171,1
20240107,3,2172,1
20240107,3,2178,0
20240107,3,2179,17
20240107,3,2185,0
20240107,3,2186,16
20240107,3,2191,14
20240107,3,2198,1
20240107,3,2199,0
20240107,3,3310,0
20240107,3,3311,0
20240107,3,3802,1
20240107,4,2111,2
20240107,4,2112,1
20240107,4,2116,1
20240107,4,2122,3
20240107,4,2128,3
20240107,4,2129,2
20240107,4,2130,3
20240107,4,2139,4
20240107,4,2143,3
20240107,4,2148,2
20240107,4,2159,2
20240107,4,2171,1
20240107,4,2172,2
20240107,4,2178,0
20240107,4,2179,18
20240107,4,2185,0
20240107,4,2186,16
20240107,4,2191,14
20240107,4,2198,0
20240107,4,2199,0
20240107,4,3310,0
20240107,4,3311,0
20240107,4,3802,1
20240107,5,2111,2
20240107,5,2112,1
20240107,5,2116,1
20240107,5,2122,3
20240107,5,2128,3
20240107,5,2129,2
20240107,5,2130,3
20240107,5,2139,5
20240107,5,2143,3
20240107,5,2148,2
20240107,5,2159,2
20240107,5,2171,2
20240107,5,2172,2
20240107,5,2178,0
20240107,5,2179,17
20240107,5,2185,0
20240107,5,2186,16
20240107,5,2191,12
20240107,5,2198,0
20240107,5,2199,0
20240107,5,3310,0
20240107,5,3311,0
20240107,5,3802,1
20240107,6,2111,2
20240107,6,2112,1
20240107,6,2116,1
20240107,6,2122,3
20240107,6,2128,3
20240107,6,2129,2
20240107,6,2130,3
20240107,6,2139,6
20240107,6,2143,2
20240107,6,2148,2
20240107,6,2159,2
20240107,6,2171,2
20240107,6,2172,2
20240107,6,2178,0
20240107,6,2179,19
20240107,6,2185,0
20240107,6,2186,14
20240107,6,2191,12
20240107,6,2198,0
20240107,6,2199,1
20240107,6,3310,0
20240107,6,3311,0
20240107,6,3802,1
20240107,7,2111,2
20240107,7,2112,1
20240107,7,2116,1
20240107,7,2122,4
20240107,7,2128,3
20240107,7,2129,1
20240107,7,2130,3
20240107,7,2139,6
20240107,7,2143,2
20240107,7,2148,2
20240107,7,2159,2
20240107,7,2171,2
20240107,7,2172,2
20240107,7,2178,0
20240107,7,2179,19
20240107,7,2185,0
20240107,7,2186,15
20240107,7,2191,14
20240107,7,2198,0
20240107,7,2199,0
20240107,7,3310,0
20240107,7,3311,0
20240107,7,3802,1
20240107,8,2111,2
20240107,8,2112,1
20240107,8,2116,1
20240107,8,2122,4
20240107,8,2128,3
20240107,8,2129,1
20240107,8,2130,3
20240107,8,2139,6
20240107,8,2143,2
20240107,8,2148,2
20240107,8,2159,2
20240107,8,2171,3
20240107,8,2172,2
20240107,8,2178,0
20240107,8,2179,19
20240107,8,2185,0
20240107,8,2186,14
20240107,8,2191,14
20240107,8,2198,0
20240107,8,2199,0
20240107,8,3310,0
20240107,8,3311,0
20240107,8,3802,1
20240107,9,2111,2
20240107,9,2112,0
20240107,9,2116,1
20240107,9,2122,4
20240107,9,2128,4
20240107,9,2129,1
20240107,9,2130,3
20240107,9,2139,6
20240107,9,2143,2
20240107,9,2148,2
20240107,9,2159,2
20240107,9,2171,4
20240107,9,2172,2
20240107,9,2178,0
20240107,9,2179,21
20240107,9,2185,0
20240107,9,2186,14
20240107,9,2191,14
20240107,9,2198,0
20240107,9,2199,0
20240107,9,3310,0
20240107,9,3311,0
20240107,9,3802,1
20240107,10,2111,2
20240107,10,2112,0
20240107,10,2116,1
20240107,10,2122,4
20240107,10,2128,3
20240107,10,2129,1
20240107,10,2130,3
20240107,10,2139,6
20240107,10,2143,2
20240107,10,2148,2
20240107,10,2159,2
20240107,10,2171,5
20240107,10,2172,1
20240107,10,2178,0
20240107,10,2179,22
20240107,10,2185,1
20240107,10,2186,14
20240107,10,2191,15
20240107,10,2198,1
20240107,10,2199,0
20240107,10,3310,0
20240107,10,3311,0
20240107,10,3802,1
20240107,11,2111,2
20240107,11,2112,2
20240107,11,2116,1
20240107,11,2122,4
20240107,11,2128,3
20240107,11,2129,1
20240107,11,2130,3
20240107,11,2139,7
20240107,11,2143,2
20240107,11,2148,2
20240107,11,2159,2
20240107,11,2171,6
20240107,11,2172,0
20240107,11,2178,0
20240107,11,2179,22
20240107,11,2185,2
20240107,11,2186,14
20240107,11,2191,15
20240107,11,2198,1
20240107,11,2199,0
20240107,11,3310,0
20240107,11,3311,1
20240107,11,3802,1
20240107,12,2111,3
20240107,12,2112,3
20240107,12,2116,3
20240107,12,2122,4
20240107,12,2128,4
20240107,12,2129,1
20240107,12,2130,3
20240107,12,2139,6
20240107,12,2143,2
20240107,12,2148,2
20240107,12,2159,2
20240107,12,2171,5
20240107,12,2172,1
20240107,12,2178,0
20240107,12,2179,21
20240107,12,2185,1
20240107,12,2186,14
20240107,12,2191,14
20240107,12,2198,0
20240107,12,2199,0
20240107,12,3310,0
20240107,12,3311,1
20240107,12,3802,1
20240107,13,2111,3
20240107,13,2112,1
20240107,13,2116,3
20240107,13,2122,3
20240107,13,2128,5
20240107,13,2129,1
20240107,13,2130,3
20240107,13,2139,6
20240107,13,2143,2
20240107,13,2148,2
20240107,13,2159,0
20240107,13,2171,4
20240107,13,2172,1
20240107,13,2178,0
20240107,13,2179,22
20240107,13,2185,1
20240107,13,2186,13
20240107,13,2191,14
20240107,13,2198,0
20240107,13,2199,0
20240107,13,3310,0
20240107,13,3311,1
20240107,13,3802,2
20240107,14,2111,2
20240107,14,2112,2
20240107,14,2116,2
20240107,14,2122,3
20240107,14,2128,6
20240107,14,2129,1
20240107,14,2130,3
20240107,14,2139,7
20240107,14,2143,2
20240107,14,2148,2
20240107,14,2159,0
20240107,14,2171,4
20240107,14,2172,0
20240107,14,2178,0
20240107,14,2179,23
20240107,14,2185,0
20240107,14,2186,13
20240107,14,2191,14
20240107,14,2198,1
20240107,14,2199,0
20240107,14,3310,0
20240107,14,3311,1
20240107,14,3802,2
20240107,15,2111,3
20240107,15,2112,1
20240107,15,2116,2
20240107,15,2122,4
20240107,15,2128,5
20240107,15,2129,1
20240107,15,2130,3
20240107,15,2139,7
20240107,15,2143,2
20240107,15,2148,2
20240107,15,2159,0
20240107,15,2171,2
20240107,15,2172,0
20240107,15,2178,0
20240107,15,2179,23
20240107,15,2185,17
20240107,15,2186,11
20240107,15,2191,14
20240107,15,2198,1
20240107,15,2199,0
20240107,15,3310,0
20240107,15,3311,3
20240107,15,3802,2
20240107,16,2111,4
20240107,16,2112,0
20240107,16,2116,1
20240107,16,2122,2
20240107,16,2128,5
20240107,16,2129,1
20240107,16,2130,3
20240107,16,2139,8
20240107,16,2143,3
20240107,16,2148,2
20240107,16,2159,0
20240107,16,2171,5
20240107,16,2172,3
20240107,16,2178,0
20240107,16,2179,23
20240107,16,2185,16
20240107,16,2186,10
20240107,16,2191,13
20240107,16,2198,0
20240107,16,2199,1
20240107,16,3310,0
20240107,16,3311,5
20240107,16,3802,2
20240107,17,2111,4
20240107,17,2112,3
20240107,17,2116,1
20240107,17,2122,2
20240107,17,2128,6
20240107,17,2129,1
20240107,17,2130,3
20240107,17,2139,8
20240107,17,2143,3
20240107,17,2148,1
20240107,17,2159,0
20240107,17,2171,4
20240107,17,2172,2
20240107,17,2178,0
20240107,17,2179,23
20240107,17,2185,17
20240107,17,2186,10
20240107,17,2191,13
20240107,17,2198,0
20240107,17,2199,1
20240107,17,3310,0
20240107,17,3311,3
20240107,17,3802,2
20240107,18,2111,6
20240107,18,2112,2
20240107,18,2116,1
20240107,18,2122,3
20240107,18,2128,4
20240107,18,2129,1
20240107,18,2130,3
20240107,18,2139,7
20240107,18,2143,3
20240107,18,2148,2
20240107,18,2159,0
20240107,18,2171,3
20240107,18,2172,2
20240107,18,2178,0
20240107,18,2179,22
20240107,18,2185,18
20240107,18,2186,9
20240107,18,2191,14
20240107,18,2198,0
20240107,18,2199,2
20240107,18,3310,0
20240107,18,3311,3
20240107,18,3802,2
20240107,19,2111,9
20240107,19,2112,1
20240107,19,2116,1
20240107,19,2122,3
20240107,19,2128,3
20240107,19,2129,0
20240107,19,2130,3
20240107,19,2139,7
20240107,19,2143,3
20240107,19,2148,3
20240107,19,2159,0
20240107,19,2171,2
20240107,19,2172,3
20240107,19,2178,0
20240107,19,2179,21
20240107,19,2185,17
20240107,19,2186,9
20240107,19,2191,14
20240107,19,2198,0
20240107,19,2199,2
20240107,19,3310,0
20240107,19,3311,4
20240107,19,3802,1
20240107,20,2111,8
20240107,20,2112,0
20240107,20,2116,1
20240107,20,2122,3
20240107,20,2128,4
20240107,20,2129,0
20240107,20,2130,3
20240107,20,2139,7
20240107,20,2143,3
20240107,20,2148,2
20240107,20,2159,1
20240107,20,2171,2
20240107,20,2172,4
20240107,20,2178,0
20240107,20,2179,22
20240107,20,2185,17
20240107,20,2186,9
20240107,20,2191,14
20240107,20,2198,1
20240107,20,2199,2
20240107,20,3310,0
20240107,20,3311,4
20240107,20,3802,1
20240107,21,2111,8
20240107,21,2112,0
20240107,21,2116,1
20240107,21,2122,3
20240107,21,2128,4
20240107,21,2129,0
20240107,21,2130,3
20240107,21,2139,7
20240107,21,2143,3
20240107,21,2148,2
20240107,21,2159,1
20240107,21,2171,1
20240107,21,2172,3
20240107,21,2178,0
20240107,21,2179,20
20240107,21,2185,18
20240107,21,2186,9
20240107,21,2191,14
20240107,21,2198,2
20240107,21,2199,2
20240107,21,3310,0
20240107,21,3311,3
20240107,21,3802,2
20240107,22,2111,7
20240107,22,2112,0
20240107,22,2116,1
20240107,22,2122,2
20240107,22,2128,3
20240107,22,2129,0
20240107,22,2130,3
20240107,22,2139,7
20240107,22,2143,3
20240107,22,2148,2
20240107,22,2159,1
20240107,22,2171,1
20240107,22,2172,3
20240107,22,2178,0
20240107,22,2179,20
20240107,22,2185,17
20240107,22,2186,8
20240107,22,2191,15
20240107,22,2198,3
20240107,22,2199,2
20240107,22,3310,0
20240107,22,3311,3
20240107,22,3802,2
20240107,23,2111,6
20240107,23,2112,0
20240107,23,2116,1
20240107,23,2122,2
20240107,23,2128,3
20240107,23,2129,0
20240107,23,2130,3
20240107,23,2139,7
20240107,23,2143,3
20240107,23,2148,3
20240107,23,2159,1
20240107,23,2171,2
20240107,23,2172,3
20240107,23,2178,0
20240107,23,2179,20
20240107,23,2185,17
20240107,23,2186,8
20240107,23,2191,15
20240107,23,2198,3
20240107,23,2199,2
20240107,23,3310,0
20240107,23,3311,2
20240107,23,3802,2
20240108,0,2111,7
20240108,0,2112,0
20240108,0,2116,2
20240108,0,2122,2
20240108,0,2128,3
20240108,0,2129,0
20240108,0,2130,3
20240108,0,2139,7
20240108,0,2143,3
20240108,0,2148,3
20240108,0,2159,1
20240108,0,2171,1
20240108,0,2172,3
20240108,0,2178,0
20240108,0,2179,20
20240108,0,2185,16
20240108,0,2186,8
20240108,0,2191,15
20240108,0,2198,3
20240108,0,2199,1
20240108,0,3310,0
20240108,0,3311,3
20240108,0,3802,2
20240108,1,2111,8
20240108,1,2112,1
20240108,1,2116,1
20240108,1,2122,2
20240108,1,2128,6
20240108,1,2129,0
20240108,1,2130,3
20240108,1,2139,7
20240108,1,2143,3
20240108,1,2148,2
20240108,1,2159,0
20240108,1,2171,1
20240108,1,2172,3
20240108,1,2178,0
20240108,1,2179,19
20240108,1,2185,16
20240108,1,2186,10
20240108,1,2191,15
20240108,1,2198,3
20240108,1,2199,2
20240108,1,3310,0
20240108,1,3311,2
20240108,1,3802,2
20240108,2,2111,8
20240108,2,2112,0
20240108,2,2116,1
20240108,2,2122,2
20240108,2,2128,5
20240108,2,2129,1
20240108,2,2130,3
20240108,2,2139,8
20240108,2,2143,4
20240108,2,2148,2
20240108,2,2159,1
20240108,2,2171,1
20240108,2,2172,3
20240108,2,2178,0
20240108,2,2179,18
20240108,2,2185,16
20240108,2,2186,9
20240108,2,2191,13
20240108,2,2198,2
20240108,2,2199,2
20240108,2,3310,0
20240108,2,3311,1
20240108,2,3802,2
20240108,3,2111,8
20240108,3,2112,0
20240108,3,2116,2
20240108,3,2122,2
20240108,3,2128,5
20240108,3,2129,0
20240108,3,2130,3
20240108,3,2139,8
20240108,3,2143,4
20240108,3,2148,2
20240108,3,2159,1
20240108,3,2171,1
20240108,3,2172,3
20240108,3,2178,0
20240108,3,2179,18
20240108,3,2185,16
20240108,3,2186,9
20240108,3,2191,16
20240108,3,2198,2
20240108,3,2199,1
20240108,3,3310,0
20240108,3,3311,1
20240108,3,3802,2
20240108,4,2111,8
20240108,4,2112,0
20240108,4,2116,2
20240108,4,2122,2
20240108,4,2128,5
20240108,4,2129,0
20240108,4,2130,3
20240108,4,2139,8
20240108,4,2143,3
20240108,4,2148,1
20240108,4,2159,1
20240108,4,2171,1
20240108,4,2172,3
20240108,4,2178,1
20240108,4,2179,18
20240108,4,2185,16
20240108,4,2186,9
20240108,4,2191,17
20240108,4,2198,2
20240108,4,2199,2
20240108,4,3310,0
20240108,4,3311,1
20240108,4,3802,3
20240108,5,2111,8
20240108,5,2112,0
20240108,5,2116,2
20240108,5,2122,2
20240108,5,2128,5
20240108,5,2129,1
20240108,5,2130,3
20240108,5,2139,9
20240108,5,2143,3
20240108,5,2148,1
20240108,5,2159,1
20240108,5,2171,1
20240108,5,2172,3
20240108,5,2178,1
20240108,5,2179,18
20240108,5,2185,16
20240108,5,2186,9
20240108,5,2191,15
20240108,5,2198,2
20240108,5,2199,2
20240108,5,3310,0
20240108,5,3311,1
20240108,5,3802,3
20240108,6,2111,8
20240108,6,2112,0
20240108,6,2116,1
20240108,6,2122,1
20240108,6,2128,5
20240108,6,2129,0
20240108,6,2130,3
20240108,6,2139,8
20240108,6,2143,3
20240108,6,2148,1
20240108,6,2159,2
20240108,6,2171,1
20240108,6,2172,3
20240108,6,2178,1
20240108,6,2179,17
20240108,6,2185,16
20240108,6,2186,9
20240108,6,2191,15
20240108,6,2198,2
20240108,6,2199,2
20240108,6,3310,0
20240108,6,3311,1
20240108,6,3802,4
20240108,7,2111,7
20240108,7,2112,0
20240108,7,2116,2
20240108,7,2122,0
20240108,7,2128,5
20240108,7,2129,0
20240108,7,2130,3
20240108,7,2139,8
20240108,7,2143,3
20240108,7,2148,1
20240108,7,2159,2
20240108,7,2171,1
20240108,7,2172,3
20240108,7,2178,1
20240108,7,2179,19
20240108,7,2185,16
20240108,7,2186,7
20240108,7,2191,15
20240108,7,2198,2
20240108,7,2199,1
20240108,7,3310,0
20240108,7,3311,3
20240108,7,3802,7
20240108,8,2111,9
20240108,8,2112,0
20240108,8,2116,1
20240108,8,2122,0
20240108,8,2128,3
20240108,8,2129,0
20240108,8,2130,3
20240108,8,2139,5
20240108,8,2143,3
20240108,8,2148,2
20240108,8,2159,2
20240108,8,2171,2
20240108,8,2172,3
20240108,8,2178,1
20240108,8,2179,20
20240108,8,2185,15
20240108,8,2186,6
20240108,8,2191,15
20240108,8,2198,3
20240108,8,2199,2
20240108,8,3310,0
20240108,8,3311,3
20240108,8,3802,6
20240108,9,2111,10
20240108,9,2112,0
20240108,9,2116,2
20240108,9,2122,0
20240108,9,2128,5
20240108,9,2129,0
20240108,9,2130,3
20240108,9,2139,3
20240108,9,2143,2
20240108,9,2148,3
20240108,9,2159,0
20240108,9,2171,3
20240108,9,2172,0
20240108,9,2178,3
20240108,9,2179,22
20240108,9,2185,14
20240108,9,2186,5
20240108,9,2191,16
20240108,9,2198,3
20240108,9,2199,2
20240108,9,3310,0
20240108,9,3311,2
20240108,9,3802,7
20240108,10,2111,11
20240108,10,2112,1
20240108,10,2116,2
20240108,10,2122,1
20240108,10,2128,6
20240108,10,2129,0
20240108,10,2130,3
20240108,10,2139,3
20240108,10,2143,2
20240108,10,2148,3
20240108,10,2159,1
20240108,10,2171,3
20240108,10,2172,0
20240108,10,2178,3
20240108,10,2179,19
20240108,10,2185,15
20240108,10,2186,2
20240108,10,2191,15
20240108,10,2198,1
20240108,10,2199,2
20240108,10,3310,0
20240108,10,3311,1
20240108,10,3802,6
20240108,11,2111,10
20240108,11,2112,2
20240108,11,2116,3
20240108,11,2122,1
20240108,11,2128,6
20240108,11,2129,0
20240108,11,2130,3
20240108,11,2139,3
20240108,11,2143,3
20240108,11,2148,3
20240108,11,2159,1
20240108,11,2171,4
20240108,11,2172,0
20240108,11,2178,3
20240108,11,2179,19
20240108,11,2185,14
20240108,11,2186,3
20240108,11,2191,16
20240108,11,2198,1
20240108,11,2199,2
20240108,11,3310,0
20240108,11,3311,4
20240108,11,3802,5
20240108,12,2111,11
20240108,12,2112,2
20240108,12,2116,3
20240108,12,2122,1
20240108,12,2128,8
20240108,12,2129,0
20240108,12,2130,3
20240108,12,2139,2
20240108,12,2143,2
20240108,12,2148,3
20240108,12,2159,0
20240108,12,2171,6
20240108,12,2172,1
20240108,12,2178,3
20240108,12,2179,22
20240108,12,2185,13
20240108,12,2186,3
20240108,12,2191,16
20240108,12,2198,0
20240108,12,2199,2
20240108,12,3310,0
20240108,12,3311,6
20240108,12,3802,6
20240108,13,2111,11
20240108,13,2112,4
20240108,13,2116,3
20240108,13,2122,1
20240108,13,2128,8
20240108,13,2129,0
20240108,13,2130,3
20240108,13,2139,2
20240108,13,2143,2
20240108,13,2148,1
20240108,13,2159,0
20240108,13,2171,6
20240108,13,2172,2
20240108,13,2178,3
20240108,13,2179,22
20240108,13,2185,12
20240108,13,2186,1
20240108,13,2191,16
20240108,13,2198,0
20240108,13,2199,1
20240108,13,3310,0
20240108,13,3311,6
20240108,13,3802,5
20240108,14,2111,12
20240108,14,2112,5
20240108,14,2116,2
20240108,14,2122,1
20240108,14,2128,8
20240108,14,2129,1
20240108,14,2130,3
20240108,14,2139,3
20240108,14,2143,1
20240108,14,2148,2
20240108,14,2159,0
20240108,14,2171,7
20240108,14,2172,4
20240108,14,2178,3
20240108,14,2179,24
20240108,14,2185,12
20240108,14,2186,2
20240108,14,2191,14
20240108,14,2198,0
20240108,14,2199,0
20240108,14,3310,0
20240108,14,3311,6
20240108,14,3802,3
20240108,15,2111,13
20240108,15,2112,5
20240108,15,2116,2
20240108,15,2122,1
20240108,15,2128,7
20240108,15,2129,0
20240108,15,2130,3
20240108,15,2139,4
20240108,15,2143,0
20240108,15,2148,2
20240108,15,2159,0
20240108,15,2171,7
20240108,15,2172,3
20240108,15,2178,3
20240108,15,2179,23
20240108,15,2185,12
20240108,15,2186,1
20240108,15,2191,15
20240108,15,2198,0
20240108,15,2199,0
20240108,15,3310,0
20240108,15,3311,8
20240108,15,3802,3
20240108,16,2111,12
20240108,16,2112,4
20240108,16,2116,2
20240108,16,2122,1
20240108,16,2128,6
20240108,16,2129,0
20240108,16,2130,3
20240108,16,2139,4
20240108,16,2143,0
20240108,16,2148,2
20240108,16,2159,0
20240108,16,2171,5
20240108,16,2172,3
20240108,16,2178,3
20240108,16,2179,22
20240108,16,2185,12
20240108,16,2186,2
20240108,16,2191,14
20240108,16,2198,0
20240108,16,2199,0
20240108,16,3310,0
20240108,16,3311,8
20240108,16,3802,3
20240108,17,2111,11
20240108,17,2112,4
20240108,17,2116,1
20240108,17,2122,2
20240108,17,2128,7
20240108,17,2129,0
20240108,17,2130,3
20240108,17,2139,5
20240108,17,2143,0
20240108,17,2148,3
20240108,17,2159,0
20240108,17,2171,5
20240108,17,2172,2
20240108,17,2178,2
20240108,17,2179,23
20240108,17,2185,12
20240108,17,2186,1
20240108,17,2191,13
20240108,17,2198,0
20240108,17,2199,0
20240108,17,3310,0
20240108,17,3311,7
20240108,17,3802,3
20240108,18,2111,10
20240108,18,2112,4
20240108,18,2116,4
20240108,18,2122,2
20240108,18,2128,7
20240108,18,2129,0
20240108,18,2130,3
20240108,18,2139,5
20240108,18,2143,0
20240108,18,2148,3
20240108,18,2159,0
20240108,18,2171,5
20240108,18,2172,2
20240108,18,2178,1
20240108,18,2179,21
20240108,18,2185,13
20240108,18,2186,1
20240108,18,2191,13
20240108,18,2198,1
20240108,18,2199,0
20240108,18,3310,0
20240108,18,3311,7
20240108,18,3802,4
20240108,19,2111,8
20240108,19,2112,4
20240108,19,2116,5
20240108,19,2122,1
20240108,19,2128,6
20240108,19,2129,0
20240108,19,2130,3
20240108,19,2139,5
20240108,19,2143,1
20240108,19,2148,3
20240108,19,2159,0
20240108,19,2171,2
20240108,19,2172,2
20240108,19,2178,0
20240108,19,2179,21
20240108,19,2185,15
20240108,19,2186,1
20240108,19,2191,15
20240108,19,2198,2
20240108,19,2199,0
20240108,19,3310,0
20240108,19,3311,5
20240108,19,3802,4
20240108,20,2111,10
20240108,20,2112,4
20240108,20,2116,4
20240108,20,2122,1
20240108,20,2128,7
20240108,20,2129,0
20240108,20,2130,3
20240108,20,2139,6
20240108,20,2143,0
20240108,20,2148,4
20240108,20,2159,2
20240108,20,2171,3
20240108,20,2172,0
20240108,20,2178,0
20240108,20,2179,23
20240108,20,2185,16
20240108,20,2186,1
20240108,20,2191,15
20240108,20,2198,1
20240108,20,2199,0
20240108,20,3310,0
20240108,20,3311,2
20240108,20,3802,6
20240108,21,2111,9
20240108,21,2112,4
20240108,21,2116,5
20240108,21,2122,2
20240108,21,2128,7
20240108,21,2129,0
20240108,21,2130,3
20240108,21,2139,5
20240108,21,2143,0
20240108,21,2148,0
20240108,21,2159,2
20240108,21,2171,6
20240108,21,2172,0
20240108,21,2178,0
20240108,21,2179,22
20240108,21,2185,16
20240108,21,2186,2
20240108,21,2191,15
20240108,21,2198,1
20240108,21,2199,0
20240108,21,3310,0
20240108,21,3311,1
20240108,21,3802,7
20240108,22,2111,11
20240108,22,2112,6
20240108,22,2116,3
20240108,22,2122,2
20240108,22,2128,5
20240108,22,2129,0
20240108,22,2130,3
20240108,22,2139,5
20240108,22,2143,0
20240108,22,2148,0
20240108,22,2159,2
20240108,22,2171,7
20240108,22,2172,0
20240108,22,2178,0
20240108,22,2179,19
20240108,22,2185,14
20240108,22,2186,2
20240108,22,2191,15
20240108,22,2198,1
20240108,22,2199,0
20240108,22,3310,0
20240108,22,3311,1
20240108,22,3802,6
20240108,23,2111,11
20240108,23,2112,8
20240108,23,2116,2
20240108,23,2122,2
20240108,23,2128,5
20240108,23,2129,0
20240108,23,2130,3
20240108,23,2139,5
20240108,23,2143,0
20240108,23,2148,0
20240108,23,2159,2
20240108,23,2171,8
20240108,23,2172,0
20240108,23,2178,0
20240108,23,2179,19
20240108,23,2185,14
20240108,23,2186,2
20240108,23,2191,15
20240108,23,2198,2
20240108,23,2199,0
20240108,23,3310,0
20240108,23,3311,0
20240108,23,3802,1
20240109,0,2111,10
20240109,0,2112,7
20240109,0,2116,3
20240109,0,2122,2
20240109,0,2128,4
20240109,0,2129,0
20240109,0,2130,3
20240109,0,2139,5
20240109,0,2143,0
20240109,0,2148,0
20240109,0,2159,2
20240109,0,2171,4
20240109,0,2172,0
20240109,0,2178,0
20240109,0,2179,22
20240109,0,2185,14
20240109,0,2186,3
20240109,0,2191,16
20240109,0,2198,4
20240109,0,2199,0
20240109,0,3310,0
20240109,0,3311,0
20240109,0,3802,1
20240109,1,2111,8
20240109,1,2112,7
20240109,1,2116,3
20240109,1,2122,0
20240109,1,2128,4
20240109,1,2129,0
20240109,1,2130,3
20240109,1,2139,5
20240109,1,2143,0
20240109,1,2148,0
20240109,1,2159,3
20240109,1,2171,3
20240109,1,2172,0
20240109,1,2178,0
20240109,1,2179,22
20240109,1,2185,14
20240109,1,2186,4
20240109,1,2191,16
20240109,1,2198,3
20240109,1,2199,0
20240109,1,3310,0
20240109,1,3311,0
20240109,1,3802,1
20240109,2,2111,6
20240109,2,2112,8
20240109,2,2116,2
20240109,2,2122,0
20240109,2,2128,4
20240109,2,2129,0
20240109,2,2130,3
20240109,2,2139,5
20240109,2,2143,0
20240109,2,2148,2
20240109,2,2159,3
20240109,2,2171,1
20240109,2,2172,0
20240109,2,2178,1
20240109,2,2179,23
20240109,2,2185,13
20240109,2,2186,4
20240109,2,2191,17
20240109,2,2198,3
20240109,2,2199,0
20240109,2,3310,0
20240109,2,3311,0
20240109,2,3802,1
20240109,3,2111,6
20240109,3,2112,7
20240109,3,2116,1
20240109,3,2122,0
20240109,3,2128,2
20240109,3,2129,1
20240109,3,2130,3
20240109,3,2139,5
20240109,3,2143,0
20240109,3,2148,2
20240109,3,2159,2
20240109,3,2171,1
20240109,3,2172,0
20240109,3,2178,1
20240109,3,2179,22
20240109,3,2185,13
20240109,3,2186,3
20240109,3,2191,18
20240109,3,2198,2
20240109,3,2199,0
20240109,3,3310,0
20240109,3,3311,0
20240109,3,3802,1
20240109,4,2111,7
20240109,4,2112,7
20240109,4,2116,2
20240109,4,2122,0
20240109,4,2128,2
20240109,4,2129,1
20240109,4,2130,3
20240109,4,2139,5
20240109,4,2143,0
20240109,4,2148,2
20240109,4,2159,2
20240109,4,2171,2
20240109,4,2172,1
20240109,4,2178,1
20240109,4,2179,23
20240109,4,2185,12
20240109,4,2186,4
20240109,4,2191,19
20240109,4,2198,3
20240109,4,2199,0
20240109,4,3310,0
20240109,4,3311,1
20240109,4,3802,1
20240109,5,2111,7
20240109,5,2112,7
20240109,5,2116,2
20240109,5,2122,0
20240109,5,2128,2
20240109,5,2129,1
20240109,5,2130,3
20240109,5,2139,5
20240109,5,2143,0
20240109,5,2148,2
20240109,5,2159,2
20240109,5,2171,2
20240109,5,2172,1
20240109,5,2178,1
20240109,5,2179,23
20240109,5,2185,12
20240109,5,2186,4
20240109,5,2191,19
20240109,5,2198,4
20240109,5,2199,0
20240109,5,3310,1
20240109,5,3311,1
20240109,5,3802,1
20240109,6,2111,5
20240109,6,2112,7
20240109,6,2116,2
20240109,6,2122,0
20240109,6,2128,2
20240109,6,2129,1
20240109,6,2130,3
20240109,6,2139,5
20240109,6,2143,0
20240109,6,2148,2
20240109,6,2159,2
20240109,6,2171,2
20240109,6,2172,1
20240109,6,2178,1
20240109,6,2179,23
20240109,6,2185,13
20240109,6,2186,3
20240109,6,2191,19
20240109,6,2198,4
20240109,6,2199,0
20240109,6,3310,1
20240109,6,3311,1
20240109,6,3802,3
20240109,7,2111,5
20240109,7,2112,8
20240109,7,2116,1
20240109,7,2122,0
20240109,7,2128,2
20240109,7,2129,1
20240109,7,2130,3
20240109,7,2139,4
20240109,7,2143,0
20240109,7,2148,2
20240109,7,2159,3
20240109,7,2171,1
20240109,7,2172,1
20240109,7,2178,1
20240109,7,2179,24
20240109,7,2185,12
20240109,7,2186,2
20240109,7,2191,20
20240109,7,2198,4
20240109,7,2199,0
20240109,7,3310,0
20240109,7,3311,2
20240109,7,3802,5
20240109,8,2111,7
20240109,8,2112,6
20240109,8,2116,1
20240109,8,2122,0
20240109,8,2128,1
20240109,8,2129,1
20240109,8,2130,3
20240109,8,2139,2
20240109,8,2143,0
20240109,8,2148,2
20240109,8,2159,3
20240109,8,2171,3
20240109,8,2172,1
20240109,8,2178,1
20240109,8,2179,24
20240109,8,2185,13
20240109,8,2186,1
20240109,8,2191,20
20240109,8,2198,4
20240109,8,2199,0
20240109,8,3310,0
20240109,8,3311,4
20240109,8,3802,6
20240109,9,2111,9
20240109,9,2112,6
20240109,9,2116,1
20240109,9,2122,0
20240109,9,2128,2
20240109,9,2129,1
20240109,9,2130,3
20240109,9,2139,1
20240109,9,2143,0
20240109,9,2148,1
20240109,9,2159,2
20240109,9,2171,4
20240109,9,2172,1
20240109,9,2178,2
20240109,9,2179,25
20240109,9,2185,13
20240109,9,2186,1
20240109,9,2191,19
20240109,9,2198,3
20240109,9,2199,0
20240109,9,3310,0
20240109,9,3311,4
20240109,9,3802,5
20240109,10,2111,9
20240109,10,2112,6
20240109,10,2116,1
20240109,10,2122,1
20240109,10,2128,2
20240109,10,2129,1
20240109,10,2130,3
20240109,10,2139,1
20240109,10,2143,0
20240109,10,2148,2
20240109,10,2159,2
20240109,10,2171,3
20240109,10,2172,1
20240109,10,2178,2
20240109,10,2179,25
20240109,10,2185,13
20240109,10,2186,1
20240109,10,2191,19
20240109,10,2198,3
20240109,10,2199,0
20240109,10,3310,0
20240109,10,3311,4
20240109,10,3802,4
20240109,11,2111,9
20240109,11,2112,6
20240109,11,2116,2
20240109,11,2122,1
20240109,11,2128,2
20240109,11,2129,1
20240109,11,2130,3
20240109,11,2139,1
20240109,11,2143,0
20240109,11,2148,2
20240109,11,2159,2
20240109,11,2171,4
20240109,11,2172,1
20240109,11,2178,2
20240109,11,2179,25
20240109,11,2185,13
20240109,11,2186,1
20240109,11,2191,19
20240109,11,2198,3
20240109,11,2199,0
20240109,11,3310,0
20240109,11,3311,4
20240109,11,3802,4
20240109,12,2111,9
20240109,12,2112,6
20240109,12,2116,2
20240109,12,2122,1
20240109,12,2128,2
20240109,12,2129,2
20240109,12,2130,3
20240109,12,2139,1
20240109,12,2143,0
20240109,12,2148,2
20240109,12,2159,2
20240109,12,2171,4
20240109,12,2172,1
20240109,12,2178,2
20240109,12,2179,25
20240109,12,2185,13
20240109,12,2186,1
20240109,12,2191,19
20240109,12,2198,3
20240109,12,2199,0
20240109,12,3310,0
20240109,12,3311,5
20240109,12,3802,4
20240109,13,2111,9
20240109,13,2112,6
20240109,13,2116,2
20240109,13,2122,1
20240109,13,2128,2
20240109,13,2129,2
20240109,13,2130,3
20240109,13,2139,1
20240109,13,2143,0
20240109,13,2148,1
20240109,13,2159,2
20240109,13,2171,4
20240109,13,2172,1
20240109,13,2178,2
20240109,13,2179,25
20240109,13,2185,13
20240109,13,2186,1
20240109,13,2191,19
20240109,13,2198,2
20240109,13,2199,0
20240109,13,3310,0
20240109,13,3311,5
20240109,13,3802,4
20240109,14,2111,9
20240109,14,2112,6
20240109,14,2116,2
20240109,14,2122,0
20240109,14,2128,2
20240109,14,2129,2
20240109,14,2130,3
20240109,14,2139,1
20240109,14,2143,0
20240109,14,2148,2
20240109,14,2159,2
20240109,14,2171,4
20240109,14,2172,1
20240109,14,2178,1
20240109,14,2179,26
20240109,14,2185,12
20240109,14,2186,1
20240109,14,2191,19
20240109,14,2198,2
20240109,14,2199,0
20240109,14,3310,0
20240109,14,3311,5
20240109,14,3802,4
20240109,15,2111,9
20240109,15,2112,6
20240109,15,2116,2
20240109,15,2122,0
20240109,15,2128,2
20240109,15,2129,2
20240109,15,2130,3
20240109,15,2139,1
20240109,15,2143,0
20240109,15,2148,2
20240109,15,2159,2
20240109,15,2171,2
20240109,15,2172,0
20240109,15,2178,1
20240109,15,2179,26
20240109,15,2185,13
20240109,15,2186,1
20240109,15,2191,19
20240109,15,2198,2
20240109,15,2199,0
20240109,15,3310,0
20240109,15,3311,5
20240109,15,3802,4
20240109,16,2111,9
20240109,16,2112,6
20240109,16,2116,2
20240109,16,2122,0
20240109,16,2128,2
20240109,16,2129,2
20240109,16,2130,3
20240109,16,2139,1
20240109,16,2143,0
20240109,16,2148,3
20240109,16,2159,2
20240109,16,2171,1
20240109,16,2172,0
20240109,16,2178,1
20240109,16,2179,26
20240109,16,2185,13
20240109,16,2186,1
20240109,16,2191,19
20240109,16,2198,2
20240109,16,2199,0
20240109,16,3310,0
20240109,16,3311,5
20240109,16,3802,3
20240109,17,2111,9
20240109,17,2112,6
20240109,17,2116,1
20240109,17,2122,0
20240109,17,2128,2
20240109,17,2129,2
20240109,17,2130,3
20240109,17,2139,1
20240109,17,2143,0
20240109,17,2148,3
20240109,17,2159,2
20240109,17,2171,2
20240109,17,2172,0
20240109,17,2178,1
20240109,17,2179,26
20240109,17,2185,14
20240109,17,2186,1
20240109,17,2191,18
20240109,17,2198,2
20240109,17,2199,0
20240109,17,3310,0
20240109,17,3311,6
20240109,17,3802,3
20240109,18,2111,9
20240109,18,2112,5
20240109,18,2116,1
20240109,18,2122,0
20240109,18,2128,2
20240109,18,2129,2
20240109,18,2130,3
20240109,18,2139,1
20240109,18,2143,0
20240109,18,2148,3
20240109,18,2159,2
20240109,18,2171,2
20240109,18,2172,0
20240109,18,2178,0
20240109,18,2179,26
20240109,18,2185,14
20240109,18,2186,1
20240109,18,2191,18
20240109,18,2198,1
20240109,18,2199,0
20240109,18,3310,0
20240109,18,3311,6
20240109,18,3802,3
20240109,19,2111,10
20240109,19,2112,5
20240109,19,2116,2
20240109,19,2122,0
20240109,19,2128,3
20240109,19,2129,1
20240109,19,2130,3
20240109,19,2139,3
20240109,19,2143,0
20240109,19,2148,4
20240109,19,2159,2
20240109,19,2171,3
20240109,19,2172,0
20240109,19,2178,0
20240109,19,2179,27
20240109,19,2185,15
20240109,19,2186,1
20240109,19,2191,18
20240109,19,2198,1
20240109,19,2199,0
20240109,19,3310,0
20240109,19,3311,5
20240109,19,3802,3
20240109,20,2111,9
20240109,20,2112,5
20240109,20,2116,3
20240109,20,2122,0
20240109,20,2128,2
20240109,20,2129,1
20240109,20,2130,3
20240109,20,2139,4
20240109,20,2143,0
20240109,20,2148,3
20240109,20,2159,2
20240109,20,2171,4
20240109,20,2172,0
20240109,20,2178,0
20240109,20,2179,29
20240109,20,2185,15
20240109,20,2186,1
20240109,20,2191,18
20240109,20,2198,1
20240109,20,2199,0
20240109,20,3310,0
20240109,20,3311,5
20240109,20,3802,3
20240109,21,2111,9
20240109,21,2112,5
20240109,21,2116,1
20240109,21,2122,0
20240109,21,2128,2
20240109,21,2129,1
20240109,21,2130,3
20240109,21,2139,4
20240109,21,2143,0
20240109,21,2148,4
20240109,21,2159,2
20240109,21,2171,2
20240109,21,2172,1
20240109,21,2178,0
20240109,21,2179,28
20240109,21,2185,15
20240109,21,2186,1
20240109,21,2191,18
20240109,21,2198,1
20240109,21,2199,0
20240109,21,3310,0
20240109,21,3311,5
20240109,21,3802,6
20240109,22,2111,9
20240109,22,2112,5
20240109,22,2116,1
20240109,22,2122,0
20240109,22,2128,1
20240109,22,2129,0
20240109,22,2130,3
20240109,22,2139,3
20240109,22,2143,0
20240109,22,2148,3
20240109,22,2159,2
20240109,22,2171,3
20240109,22,2172,1
20240109,22,2178,0
20240109,22,2179,26
20240109,22,2185,15
20240109,22,2186,2
20240109,22,2191,17
20240109,22,2198,2
20240109,22,2199,0
20240109,22,3310,0
20240109,22,3311,5
20240109,22,3802,5
20240109,23,2111,9
20240109,23,2112,8
20240109,23,2116,1
20240109,23,2122,0
20240109,23,2128,1
20240109,23,2129,1
20240109,23,2130,3
20240109,23,2139,2
20240109,23,2143,0
20240109,23,2148,2
20240109,23,2159,2
20240109,23,2171,1
20240109,23,2172,1
20240109,23,2178,0
20240109,23,2179,24
20240109,23,2185,15
20240109,23,2186,2
20240109,23,2191,18
20240109,23,2198,2
20240109,23,2199,0
20240109,23,3310,0
20240109,23,3311,5
20240109,23,3802,0
20240110,0,2111,9
20240110,0,2112,7
20240110,0,2116,1
20240110,0,2122,0
20240110,0,2128,1
20240110,0,2129,1
20240110,0,2130,3
20240110,0,2139,2
20240110,0,2143,1
20240110,0,2148,3
20240110,0,2159,2
20240110,0,2171,2
20240110,0,2172,0
20240110,0,2178,0
20240110,0,2179,26
20240110,0,2185,15
20240110,0,2186,2
20240110,0,2191,17
20240110,0,2198,0
20240110,0,2199,0
20240110,0,3310,0
20240110,0,3311,5
20240110,0,3802,0
20240110,1,2111,9
20240110,1,2112,9
20240110,1,2116,1
20240110,1,2122,0
20240110,1,2128,1
20240110,1,2129,1
20240110,1,2130,3
20240110,1,2139,2
20240110,1,2143,1
20240110,1,2148,3
20240110,1,2159,2
20240110,1,2171,3
20240110,1,2172,0
20240110,1,2178,0
20240110,1,2179,26
20240110,1,2185,16
20240110,1,2186,2
20240110,1,2191,17
20240110,1,2198,1
20240110,1,2199,0
20240110,1,3310,0
20240110,1,3311,5
20240110,1,3802,0
20240110,2,2111,11
20240110,2,2112,10
20240110,2,2116,1
20240110,2,2122,0
20240110,2,2128,1
20240110,2,2129,1
20240110,2,2130,3
20240110,2,2139,2
20240110,2,2143,1
20240110,2,2148,3
20240110,2,2159,2
20240110,2,2171,2
20240110,2,2172,0
20240110,2,2178,0
20240110,2,2179,27
20240110,2,2185,15
20240110,2,2186,1
20240110,2,2191,17
20240110,2,2198,0
20240110,2,2199,0
20240110,2,3310,1
20240110,2,3311,4
20240110,2,3802,0
20240110,3,2111,11
20240110,3,2112,9
20240110,3,2116,1
20240110,3,2122,0
20240110,3,2128,1
20240110,3,2129,1
20240110,3,2130,3
20240110,3,2139,3
20240110,3,2143,1
20240110,3,2148,3
20240110,3,2159,2
20240110,3,2171,2
20240110,3,2172,0
20240110,3,2178,0
20240110,3,2179,26
20240110,3,2185,15
20240110,3,2186,0
20240110,3,2191,18
20240110,3,2198,0
20240110,3,2199,1
20240110,3,3310,1
20240110,3,3311,4
20240110,3,3802,0
20240110,4,2111,11
20240110,4,2112,8
20240110,4,2116,1
20240110,4,2122,0
20240110,4,2128,1
20240110,4,2129,1
20240110,4,2130,3
20240110,4,2139,3
20240110,4,2143,1
20240110,4,2148,3
20240110,4,2159,2
20240110,4,2171,3
20240110,4,2172,0
20240110,4,2178,0
20240110,4,2179,25
20240110,4,2185,15
20240110,4,2186,0
20240110,4,2191,18
20240110,4,2198,1
20240110,4,2199,0
20240110,4,3310,1
20240110,4,3311,4
20240110,4,3802,0
20240110,5,2111,11
20240110,5,2112,8
20240110,5,2116,1
20240110,5,2122,0
20240110,5,2128,1
20240110,5,2129,1
20240110,5,2130,3
20240110,5,2139,4
20240110,5,2143,1
20240110,5,2148,3
20240110,5,2159,2
20240110,5,2171,3
20240110,5,2172,0
20240110,5,2178,0
20240110,5,2179,25
20240110,5,2185,16
20240110,5,2186,0
20240110,5,2191,18
20240110,5,2198,1
20240110,5,2199,0
20240110,5,3310,1
20240110,5,3311,4
20240110,5,3802,0
20240110,6,2111,10
20240110,6,2112,8
20240110,6,2116,0
20240110,6,2122,0
20240110,6,2128,2
20240110,6,2129,1
20240110,6,2130,3
20240110,6,2139,5
20240110,6,2143,1
20240110,6,2148,3
20240110,6,2159,2
20240110,6,2171,4
20240110,6,2172,0
20240110,6,2178,0
20240110,6,2179,24
20240110,6,2185,16
20240110,6,2186,0
20240110,6,2191,18
20240110,6,2198,0
20240110,6,2199,0
20240110,6,3310,1
20240110,6,3311,4
20240110,6,3802,1
20240110,7,2111,8
20240110,7,2112,8
20240110,7,2116,1
20240110,7,2122,0
20240110,7,2128,2
20240110,7,2129,1
20240110,7,2130,3
20240110,7,2139,5
20240110,7,2143,1
20240110,7,2148,3
20240110,7,2159,2
20240110,7,2171,3
20240110,7,2172,0
20240110,7,2178,0
20240110,7,2179,24
20240110,7,2185,15
20240110,7,2186,0
20240110,7,2191,19
20240110,7,2198,0
20240110,7,2199,0
20240110,7,3310,1
20240110,7,3311,5
20240110,7,3802,3
20240110,8,2111,8
20240110,8,2112,8
20240110,8,2116,0
20240110,8,2122,0
20240110,8,2128,2
20240110,8,2129,1
20240110,8,2130,3
20240110,8,2139,5
20240110,8,2143,1
20240110,8,2148,3
20240110,8,2159,2
20240110,8,2171,3
20240110,8,2172,0
20240110,8,2178,0
20240110,8,2179,25
20240110,8,2185,14
20240110,8,2186,0
20240110,8,2191,19
20240110,8,2198,1
20240110,8,2199,0
20240110,8,3310,0
20240110,8,3311,8
20240110,8,3802,2
20240110,9,2111,8
20240110,9,2112,7
20240110,9,2116,0
20240110,9,2122,1
20240110,9,2128,1
20240110,9,2129,2
20240110,9,2130,3
20240110,9,2139,1
20240110,9,2143,0
20240110,9,2148,2
20240110,9,2159,2
20240110,9,2171,3
20240110,9,2172,1
20240110,9,2178,0
20240110,9,2179,27
20240110,9,2185,14
20240110,9,2186,0
20240110,9,2191,19
20240110,9,2198,2
20240110,9,2199,0
20240110,9,3310,0
20240110,9,3311,8
20240110,9,3802,2
20240110,10,2111,7
20240110,10,2112,9
20240110,10,2116,0
20240110,10,2122,0
20240110,10,2128,1
20240110,10,2129,3
20240110,10,2130,3
20240110,10,2139,1
20240110,10,2143,0
20240110,10,2148,2
20240110,10,2159,2
20240110,10,2171,3
20240110,10,2172,1
20240110,10,2178,0
20240110,10,2179,27
20240110,10,2185,13
20240110,10,2186,0
20240110,10,2191,18
20240110,10,2198,1
20240110,10,2199,0
20240110,10,3310,0
20240110,10,3311,7
20240110,10,3802,1
20240110,11,2111,6
20240110,11,2112,7
20240110,11,2116,0
20240110,11,2122,0
20240110,11,2128,1
20240110,11,2129,3
20240110,11,2130,3
20240110,11,2139,2
20240110,11,2143,1
20240110,11,2148,2
20240110,11,2159,2
20240110,11,2171,3
20240110,11,2172,0
20240110,11,2178,0
20240110,11,2179,29
20240110,11,2185,11
20240110,11,2186,0
20240110,11,2191,18
20240110,11,2198,1
20240110,11,2199,0
20240110,11,3310,0
20240110,11,3311,6
20240110,11,3802,1
20240110,12,2111,7
20240110,12,2112,7
20240110,12,2116,0
20240110,12,2122,0
20240110,12,2128,3
20240110,12,2129,2
20240110,12,2130,3
20240110,12,2139,1
20240110,12,2143,0
20240110,12,2148,2
20240110,12,2159,2
20240110,12,2171,4
20240110,12,2172,1
20240110,12,2178,2
20240110,12,2179,31
20240110,12,2185,11
20240110,12,2186,0
20240110,12,2191,18
20240110,12,2198,0
20240110,12,2199,0
20240110,12,3310,0
20240110,12,3311,9
20240110,12,3802,1
20240110,13,2111,8
20240110,13,2112,6
20240110,13,2116,0
20240110,13,2122,0
20240110,13,2128,4
20240110,13,2129,2
20240110,13,2130,3
20240110,13,2139,2
20240110,13,2143,0
20240110,13,2148,2
20240110,13,2159,2
20240110,13,2171,4
20240110,13,2172,1
20240110,13,2178,2
20240110,13,2179,29
20240110,13,2185,12
20240110,13,2186,0
20240110,13,2191,19
20240110,13,2198,0
20240110,13,2199,0
20240110,13,3310,0
20240110,13,3311,8
20240110,13,3802,2
20240110,14,2111,8
20240110,14,2112,6
20240110,14,2116,0
20240110,14,2122,0
20240110,14,2128,4
20240110,14,2129,2
20240110,14,2130,3
20240110,14,2139,2
20240110,14,2143,0
20240110,14,2148,1
20240110,14,2159,1
20240110,14,2171,4
20240110,14,2172,0
20240110,14,2178,1
20240110,14,2179,30
20240110,14,2185,12
20240110,14,2186,0
20240110,14,2191,20
20240110,14,2198,0
20240110,14,2199,0
20240110,14,3310,0
20240110,14,3311,4
20240110,14,3802,1
20240110,15,2111,9
20240110,15,2112,7
20240110,15,2116,0
20240110,15,2122,0
20240110,15,2128,2
20240110,15,2129,3
20240110,15,2130,3
20240110,15,2139,2
20240110,15,2143,0
20240110,15,2148,1
20240110,15,2159,1
20240110,15,2171,5
20240110,15,2172,0
20240110,15,2178,0
20240110,15,2179,30
20240110,15,2185,13
20240110,15,2186,0
20240110,15,2191,21
20240110,15,2198,0
20240110,15,2199,0
20240110,15,3310,0
20240110,15,3311,7
20240110,15,3802,0
20240110,16,2111,9
20240110,16,2112,7
20240110,16,2116,2
20240110,16,2122,0
20240110,16,2128,1
20240110,16,2129,3
20240110,16,2130,3
20240110,16,2139,1
20240110,16,2143,0
20240110,16,2148,1
20240110,16,2159,1
20240110,16,2171,7
20240110,16,2172,0
20240110,16,2178,0
20240110,16,2179,30
20240110,16,2185,15
20240110,16,2186,0
20240110,16,2191,18
20240110,16,2198,0
20240110,16,2199,0
20240110,16,3310,0
20240110,16,3311,5
20240110,16,3802,0
20240110,17,2111,6
20240110,17,2112,7
20240110,17,2116,1
20240110,17,2122,3
20240110,17,2128,2
20240110,17,2129,3
20240110,17,2130,3
20240110,17,2139,1
20240110,17,2143,0
20240110,17,2148,1
20240110,17,2159,1
20240110,17,2171,8
20240110,17,2172,0
20240110,17,2178,0
20240110,17,2179,29
20240110,17,2185,15
20240110,17,2186,0
20240110,17,2191,17
20240110,17,2198,0
20240110,17,2199,0
20240110,17,3310,0
20240110,17,3311,3
20240110,17,3802,0
20240110,18,2111,6
20240110,18,2112,3
20240110,18,2116,3
20240110,18,2122,4
20240110,18,2128,2
20240110,18,2129,3
20240110,18,2130,3
20240110,18,2139,1
20240110,18,2143,0
20240110,18,2148,0
20240110,18,2159,1
20240110,18,2171,4
20240110,18,2172,0
20240110,18,2178,0
20240110,18,2179,28
20240110,18,2185,15
20240110,18,2186,1
20240110,18,2191,15
20240110,18,2198,2
20240110,18,2199,0
20240110,18,3310,0
20240110,18,3311,1
20240110,18,3802,0
20240110,19,2111,9
20240110,19,2112,1
20240110,19,2116,4
20240110,19,2122,3
20240110,19,2128,1
20240110,19,2129,0
20240110,19,2130,4
20240110,19,2139,4
20240110,19,2143,0
20240110,19,2148,1
20240110,19,2159,1
20240110,19,2171,3
20240110,19,2172,0
20240110,19,2178,0
20240110,19,2179,29
20240110,19,2185,16
20240110,19,2186,1
20240110,19,2191,15
20240110,19,2198,4
20240110,19,2199,0
20240110,19,3310,0
20240110,19,3311,1
20240110,19,3802,0
20240110,20,2111,7
20240110,20,2112,1
20240110,20,2116,2
20240110,20,2122,2
20240110,20,2128,2
20240110,20,2129,0
20240110,20,2130,4
20240110,20,2139,4
20240110,20,2143,0
20240110,20,2148,2
20240110,20,2159,1
20240110,20,2171,4
20240110,20,2172,0
20240110,20,2178,0
20240110,20,2179,26
20240110,20,2185,15
20240110,20,2186,1
20240110,20,2191,15
20240110,20,2198,5
20240110,20,2199,0
20240110,20,3310,0
20240110,20,3311,0
20240110,20,3802,1
20240110,21,2111,6
20240110,21,2112,1
20240110,21,2116,1
20240110,21,2122,1
20240110,21,2128,2
20240110,21,2129,0
20240110,21,2130,4
20240110,21,2139,4
20240110,21,2143,0
20240110,21,2148,2
20240110,21,2159,1
20240110,21,2171,6
20240110,21,2172,1
20240110,21,2178,0
20240110,21,2179,27
20240110,21,2185,14
20240110,21,2186,1
20240110,21,2191,14
20240110,21,2198,7
20240110,21,2199,0
20240110,21,3310,0
20240110,21,3311,0
20240110,21,3802,0
20240110,22,2111,3
20240110,22,2112,2
20240110,22,2116,0
20240110,22,2122,1
20240110,22,2128,1
20240110,22,2129,0
20240110,22,2130,3
20240110,22,2139,4
20240110,22,2143,0
20240110,22,2148,0
20240110,22,2159,1
20240110,22,2171,5
20240110,22,2172,1
20240110,22,2178,0
20240110,22,2179,26
20240110,22,2185,13
20240110,22,2186,0
20240110,22,2191,14
20240110,22,2198,8
20240110,22,2199,0
20240110,22,3310,0
20240110,22,3311,0
20240110,22,3802,2
20240110,23,2111,3
20240110,23,2112,2
20240110,23,2116,0
20240110,23,2122,1
20240110,23,2128,1
20240110,23,2129,0
20240110,23,2130,3
20240110,23,2139,6
20240110,23,2143,0
20240110,23,2148,2
20240110,23,2159,1
20240110,23,2171,5
20240110,23,2172,0
20240110,23,2178,0
20240110,23,2179,23
20240110,23,2185,14
20240110,23,2186,0
20240110,23,2191,15
20240110,23,2198,8
20240110,23,2199,0
20240110,23,3310,0
20240110,23,3311,0
20240110,23,3802,0
20240111,0,2111,2
20240111,0,2112,1
20240111,0,2116,0
20240111,0,2122,1
20240111,0,2128,1
20240111,0,2129,0
20240111,0,2130,3
20240111,0,2139,7
20240111,0,2143,0
20240111,0,2148,2
20240111,0,2159,2
20240111,0,2171,5
20240111,0,2172,0
20240111,0,2178,0
20240111,0,2179,26
20240111,0,2185,14
20240111,0,2186,2
20240111,0,2191,15
20240111,0,2198,8
20240111,0,2199,0
20240111,0,3310,0
20240111,0,3311,2
20240111,0,3802,0
20240111,1,2111,0
20240111,1,2112,1
20240111,1,2116,0
20240111,1,2122,1
20240111,1,2128,2
20240111,1,2129,0
20240111,1,2130,3
20240111,1,2139,6
20240111,1,2143,0
20240111,1,2148,2
20240111,1,2159,2
20240111,1,2171,4
20240111,1,2172,0
20240111,1,2178,0
20240111,1,2179,26
20240111,1,2185,13
20240111,1,2186,2
20240111,1,2191,15
20240111,1,2198,8
20240111,1,2199,0
20240111,1,3310,0
20240111,1,3311,2
20240111,1,3802,0
20240111,2,2111,0
20240111,2,2112,2
20240111,2,2116,0
20240111,2,2122,2
20240111,2,2128,1
20240111,2,2129,0
20240111,2,2130,3
20240111,2,2139,7
20240111,2,2143,0
20240111,2,2148,2
20240111,2,2159,2
20240111,2,2171,3
20240111,2,2172,0
20240111,2,2178,0
20240111,2,2179,27
20240111,2,2185,14
20240111,2,2186,2
20240111,2,2191,16
20240111,2,2198,9
20240111,2,2199,0
20240111,2,3310,1
20240111,2,3311,1
20240111,2,3802,0
20240111,3,2111,0
20240111,3,2112,1
20240111,3,2116,0
20240111,3,2122,2
20240111,3,2128,1
20240111,3,2129,0
20240111,3,2130,3
20240111,3,2139,7
20240111,3,2143,1
20240111,3,2148,2
20240111,3,2159,2
20240111,3,2171,3
20240111,3,2172,0
20240111,3,2178,0
20240111,3,2179,26
20240111,3,2185,15
20240111,3,2186,2
20240111,3,2191,19
20240111,3,2198,10
20240111,3,2199,0
20240111,3,3310,1
20240111,3,3311,2
20240111,3,3802,0
20240111,4,2111,1
20240111,4,2112,1
20240111,4,2116,0
20240111,4,2122,2
20240111,4,2128,1
20240111,4,2129,0
20240111,4,2130,3
20240111,4,2139,7
20240111,4,2143,1
20240111,4,2148,2
20240111,4,2159,2
20240111,4,2171,2
20240111,4,2172,0
20240111,4,2178,0
20240111,4,2179,27
20240111,4,2185,15
20240111,4,2186,2
20240111,4,2191,19
20240111,4,2198,10
20240111,4,2199,0
20240111,4,3310,1
20240111,4,3311,2
20240111,4,3802,0
20240111,5,2111,1
20240111,5,2112,1
20240111,5,2116,0
20240111,5,2122,2
20240111,5,2128,1
20240111,5,2129,0
20240111,5,2130,3
20240111,5,2139,7
20240111,5,2143,1
20240111,5,2148,2
20240111,5,2159,2
20240111,5,2171,2
20240111,5,2172,0
20240111,5,2178,0
20240111,5,2179,27
20240111,5,2185,15
20240111,5,2186,1
20240111,5,2191,18
20240111,5,2198,10
20240111,5,2199,0
20240111,5,3310,1
20240111,5,3311,2
20240111,5,3802,0
20240111,6,2111,1
20240111,6,2112,0
20240111,6,2116,0
20240111,6,2122,2
20240111,6,2128,1
20240111,6,2129,0
20240111,6,2130,3
20240111,6,2139,7
20240111,6,2143,2
20240111,6,2148,2
20240111,6,2159,2
20240111,6,2171,2
20240111,6,2172,0
20240111,6,2178,0
20240111,6,2179,27
20240111,6,2185,16
20240111,6,2186,0
20240111,6,2191,18
20240111,6,2198,10
20240111,6,2199,0
20240111,6,3310,0
20240111,6,3311,1
20240111,6,3802,4
20240111,7,2111,1
20240111,7,2112,0
20240111,7,2116,0
20240111,7,2122,1
20240111,7,2128,1
20240111,7,2129,0
20240111,7,2130,3
20240111,7,2139,7
20240111,7,2143,2
20240111,7,2148,2
20240111,7,2159,3
20240111,7,2171,3
20240111,7,2172,0
20240111,7,2178,0
20240111,7,2179,27
20240111,7,2185,15
20240111,7,2186,0
20240111,7,2191,18
20240111,7,2198,10
20240111,7,2199,0
20240111,7,3310,0
20240111,7,3311,2
20240111,7,3802,7
20240111,8,2111,3
20240111,8,2112,0
20240111,8,2116,1
20240111,8,2122,4
20240111,8,2128,2
20240111,8,2129,0
20240111,8,2130,3
20240111,8,2139,7
20240111,8,2143,2
20240111,8,2148,2
20240111,8,2159,4
20240111,8,2171,4
20240111,8,2172,0
20240111,8,2178,0
20240111,8,2179,27
20240111,8,2185,15
20240111,8,2186,0
20240111,8,2191,16
20240111,8,2198,10
20240111,8,2199,0
20240111,8,3310,0
20240111,8,3311,4
20240111,8,3802,4
20240111,9,2111,4
20240111,9,2112,0
20240111,9,2116,2
20240111,9,2122,3
20240111,9,2128,3
20240111,9,2129,2
20240111,9,2130,3
20240111,9,2139,3
20240111,9,2143,1
20240111,9,2148,4
20240111,9,2159,2
20240111,9,2171,7
20240111,9,2172,1
20240111,9,2178,0
20240111,9,2179,27
20240111,9,2185,14
20240111,9,2186,0
20240111,9,2191,16
20240111,9,2198,9
20240111,9,2199,0
20240111,9,3310,0
20240111,9,3311,1
20240111,9,3802,2
20240111,10,2111,5
20240111,10,2112,2
20240111,10,2116,3
20240111,10,2122,4
20240111,10,2128,5
20240111,10,2129,2
20240111,10,2130,3
20240111,10,2139,3
20240111,10,2143,1
20240111,10,2148,1
20240111,10,2159,3
20240111,10,2171,4
20240111,10,2172,0
20240111,10,2178,1
20240111,10,2179,26
20240111,10,2185,14
20240111,10,2186,0
20240111,10,2191,16
20240111,10,2198,8
20240111,10,2199,0
20240111,10,3310,1
20240111,10,3311,1
20240111,10,3802,1
20240111,11,2111,2
20240111,11,2112,2
20240111,11,2116,4
20240111,11,2122,4
20240111,11,2128,5
20240111,11,2129,1
20240111,11,2130,3
20240111,11,2139,2
20240111,11,2143,1
20240111,11,2148,1
20240111,11,2159,3
20240111,11,2171,7
20240111,11,2172,0
20240111,11,2178,1
20240111,11,2179,26
20240111,11,2185,13
20240111,11,2186,0
20240111,11,2191,16
20240111,11,2198,9
20240111,11,2199,0
20240111,11,3310,0
20240111,11,3311,2
20240111,11,3802,1
20240111,12,2111,5
20240111,12,2112,2
20240111,12,2116,5
20240111,12,2122,6
20240111,12,2128,3
20240111,12,2129,0
20240111,12,2130,1
20240111,12,2139,2
20240111,12,2143,1
20240111,12,2148,3
20240111,12,2159,1
20240111,12,2171,6
20240111,12,2172,0
20240111,12,2178,1
20240111,12,2179,30
20240111,12,2185,14
20240111,12,2186,0
20240111,12,2191,16
20240111,12,2198,8
20240111,12,2199,0
20240111,12,3310,0
20240111,12,3311,3
20240111,12,3802,0
20240111,13,2111,4
20240111,13,2112,4
20240111,13,2116,4
20240111,13,2122,5
20240111,13,2128,3
20240111,13,2129,0
20240111,13,2130,1
20240111,13,2139,1
20240111,13,2143,1
20240111,13,2148,2
20240111,13,2159,3
20240111,13,2171,5
20240111,13,2172,0
20240111,13,2178,1
20240111,13,2179,31
20240111,13,2185,14
20240111,13,2186,0
20240111,13,2191,16
20240111,13,2198,9
20240111,13,2199,0
20240111,13,3310,0
20240111,13,3311,4
20240111,13,3802,0
20240111,14,2111,3
20240111,14,2112,4
20240111,14,2116,4
20240111,14,2122,6
20240111,14,2128,3
20240111,14,2129,0
20240111,14,2130,1
20240111,14,2139,1
20240111,14,2143,0
20240111,14,2148,2
20240111,14,2159,3
20240111,14,2171,4
20240111,14,2172,2
20240111,14,2178,2
20240111,14,2179,31
20240111,14,2185,13
20240111,14,2186,0
20240111,14,2191,15
20240111,14,2198,10
20240111,14,2199,0
20240111,14,3310,0
20240111,14,3311,5
20240111,14,3802,0
20240111,15,2111,3
20240111,15,2112,1
20240111,15,2116,4
20240111,15,2122,7
20240111,15,2128,3
20240111,15,2129,0
20240111,15,2130,1
20240111,15,2139,1
20240111,15,2143,0
20240111,15,2148,3
20240111,15,2159,2
20240111,15,2171,2
20240111,15,2172,0
20240111,15,2178,2
20240111,15,2179,33
20240111,15,2185,15
20240111,15,2186,16
20240111,15,2191,15
20240111,15,2198,9
20240111,15,2199,0
20240111,15,3310,0
20240111,15,3311,5
20240111,15,3802,0
20240111,16,2111,1
20240111,16,2112,0
20240111,16,2116,4
20240111,16,2122,7
20240111,16,2128,2
20240111,16,2129,0
20240111,16,2130,1
20240111,16,2139,2
20240111,16,2143,0
20240111,16,2148,5
20240111,16,2159,3
20240111,16,2171,3
20240111,16,2172,1
20240111,16,2178,2
20240111,16,2179,31
20240111,16,2185,13
20240111,16,2186,17
20240111,16,2191,14
20240111,16,2198,9
20240111,16,2199,0
20240111,16,3310,0
20240111,16,3311,5
20240111,16,3802,0
20240111,17,2111,1
20240111,17,2112,0
20240111,17,2116,5
20240111,17,2122,8
20240111,17,2128,4
20240111,17,2129,0
20240111,17,2130,0
20240111,17,2139,2
20240111,17,2143,0
20240111,17,2148,6
20240111,17,2159,2
20240111,17,2171,7
20240111,17,2172,0
20240111,17,2178,2
20240111,17,2179,33
20240111,17,2185,14
20240111,17,2186,16
20240111,17,2191,14
20240111,17,2198,8
20240111,17,2199,0
20240111,17,3310,0
20240111,17,3311,7
20240111,17,3802,0
20240111,18,2111,0
20240111,18,2112,1
20240111,18,2116,7
20240111,18,2122,9
20240111,18,2128,2
20240111,18,2129,0
20240111,18,2130,0
20240111,18,2139,1
20240111,18,2143,0
20240111,18,2148,2
20240111,18,2159,3
20240111,18,2171,4
20240111,18,2172,0
20240111,18,2178,0
20240111,18,2179,33
20240111,18,2185,13
20240111,18,2186,16
20240111,18,2191,12
20240111,18,2198,9
20240111,18,2199,0
20240111,18,3310,0
20240111,18,3311,4
20240111,18,3802,0
20240111,19,2111,1
20240111,19,2112,5
20240111,19,2116,8
20240111,19,2122,5
20240111,19,2128,1
20240111,19,2129,0
20240111,19,2130,0
20240111,19,2139,1
20240111,19,2143,1
20240111,19,2148,0
20240111,19,2159,1
20240111,19,2171,3
20240111,19,2172,0
20240111,19,2178,0
20240111,19,2179,31
20240111,19,2185,11
20240111,19,2186,15
20240111,19,2191,16
20240111,19,2198,11
20240111,19,2199,0
20240111,19,3310,0
20240111,19,3311,2
20240111,19,3802,1
20240111,20,2111,1
20240111,20,2112,5
20240111,20,2116,3
20240111,20,2122,6
20240111,20,2128,3
20240111,20,2129,0
20240111,20,2130,0
20240111,20,2139,2
20240111,20,2143,1
20240111,20,2148,1
20240111,20,2159,1
20240111,20,2171,3
20240111,20,2172,3
20240111,20,2178,0
20240111,20,2179,31
20240111,20,2185,11
20240111,20,2186,14
20240111,20,2191,15
20240111,20,2198,11
20240111,20,2199,0
20240111,20,3310,0
20240111,20,3311,1
20240111,20,3802,1
20240111,21,2111,1
20240111,21,2112,4
20240111,21,2116,2
20240111,21,2122,7
20240111,21,2128,4
20240111,21,2129,0
20240111,21,2130,9
20240111,21,2139,4
20240111,21,2143,1
20240111,21,2148,2
20240111,21,2159,0
20240111,21,2171,3
20240111,21,2172,2
20240111,21,2178,0
20240111,21,2179,32
20240111,21,2185,13
20240111,21,2186,15
20240111,21,2191,17
20240111,21,2198,12
20240111,21,2199,0
20240111,21,3310,0
20240111,21,3311,0
20240111,21,3802,2
20240111,22,2111,2
20240111,22,2112,2
20240111,22,2116,0
20240111,22,2122,6
20240111,22,2128,5
20240111,22,2129,0
20240111,22,2130,9
20240111,22,2139,4
20240111,22,2143,1
20240111,22,2148,2
20240111,22,2159,2
20240111,22,2171,2
20240111,22,2172,2
20240111,22,2178,0
20240111,22,2179,31
20240111,22,2185,11
20240111,22,2186,16
20240111,22,2191,16
20240111,22,2198,12
20240111,22,2199,1
20240111,22,3310,0
20240111,22,3311,0
20240111,22,3802,0
20240111,23,2111,0
20240111,23,2112,3
20240111,23,2116,0
20240111,23,2122,6
20240111,23,2128,5
20240111,23,2129,0
20240111,23,2130,8
20240111,23,2139,4
20240111,23,2143,3
20240111,23,2148,1
20240111,23,2159,1
20240111,23,2171,5
20240111,23,2172,0
20240111,23,2178,0
20240111,23,2179,29
20240111,23,2185,12
20240111,23,2186,14
20240111,23,2191,16
20240111,23,2198,12
20240111,23,2199,0
20240111,23,3310,0
20240111,23,3311,1
20240111,23,3802,0
20240112,0,2111,2
20240112,0,2112,2
20240112,0,2116,1
20240112,0,2122,6
20240112,0,2128,4
20240112,0,2129,0
20240112,0,2130,8
20240112,0,2139,5
20240112,0,2143,3
20240112,0,2148,0
20240112,0,2159,1
20240112,0,2171,3
20240112,0,2172,1
20240112,0,2178,0
20240112,0,2179,29
20240112,0,2185,12
20240112,0,2186,14
20240112,0,2191,15
20240112,0,2198,12
20240112,0,2199,0
20240112,0,3310,0
20240112,0,3311,1
20240112,0,3802,0
20240112,1,2111,0
20240112,1,2112,2
20240112,1,2116,0
20240112,1,2122,6
20240112,1,2128,2
20240112,1,2129,1
20240112,1,2130,8
20240112,1,2139,7
20240112,1,2143,4
20240112,1,2148,0
20240112,1,2159,1
20240112,1,2171,5
20240112,1,2172,1
20240112,1,2178,0
20240112,1,2179,28
20240112,1,2185,12
20240112,1,2186,15
20240112,1,2191,14
20240112,1,2198,15
20240112,1,2199,0
20240112,1,3310,1
20240112,1,3311,1
20240112,1,3802,0
20240112,2,2111,0
20240112,2,2112,2
20240112,2,2116,0
20240112,2,2122,5
20240112,2,2128,2
20240112,2,2129,1
20240112,2,2130,8
20240112,2,2139,7
20240112,2,2143,4
20240112,2,2148,0
20240112,2,2159,2
20240112,2,2171,2
20240112,2,2172,0
20240112,2,2178,0
20240112,2,2179,27
20240112,2,2185,12
20240112,2,2186,15
20240112,2,2191,15
20240112,2,2198,15
20240112,2,2199,0
20240112,2,3310,1
20240112,2,3311,1
20240112,2,3802,0
20240112,3,2111,0
20240112,3,2112,2
20240112,3,2116,0
20240112,3,2122,5
20240112,3,2128,2
20240112,3,2129,1
20240112,3,2130,8
20240112,3,2139,8
20240112,3,2143,3
20240112,3,2148,0
20240112,3,2159,2
20240112,3,2171,2
20240112,3,2172,0
20240112,3,2178,0
20240112,3,2179,26
20240112,3,2185,12
20240112,3,2186,15
20240112,3,2191,17
20240112,3,2198,15
20240112,3,2199,0
20240112,3,3310,1
20240112,3,3311,0
20240112,3,3802,0
20240112,4,2111,0
20240112,4,2112,1
20240112,4,2116,0
20240112,4,2122,5
20240112,4,2128,2
20240112,4,2129,1
20240112,4,2130,8
20240112,4,2139,8
20240112,4,2143,3
20240112,4,2148,0
20240112,4,2159,2
20240112,4,2171,3
20240112,4,2172,0
20240112,4,2178,0
20240112,4,2179,27
20240112,4,2185,12
20240112,4,2186,15
20240112,4,2191,17
20240112,4,2198,15
20240112,4,2199,0
20240112,4,3310,1
20240112,4,3311,0
20240112,4,3802,0
20240112,5,2111,0
20240112,5,2112,1
20240112,5,2116,0
20240112,5,2122,4
20240112,5,2128,2
20240112,5,2129,1
20240112,5,2130,8
20240112,5,2139,8
20240112,5,2143,3
20240112,5,2148,0
20240112,5,2159,2
20240112,5,2171,3
20240112,5,2172,0
20240112,5,2178,0
20240112,5,2179,24
20240112,5,2185,11
20240112,5,2186,15
20240112,5,2191,16
20240112,5,2198,15
20240112,5,2199,0
20240112,5,3310,1
20240112,5,3311,0
20240112,5,3802,0
20240112,6,2111,1
20240112,6,2112,1
20240112,6,2116,0
20240112,6,2122,4
20240112,6,2128,2
20240112,6,2129,1
20240112,6,2130,8
20240112,6,2139,8
20240112,6,2143,3
20240112,6,2148,0
20240112,6,2159,2
20240112,6,2171,4
20240112,6,2172,0
20240112,6,2178,0
20240112,6,2179,26
20240112,6,2185,12
20240112,6,2186,14
20240112,6,2191,16
20240112,6,2198,13
20240112,6,2199,0
20240112,6,3310,0
20240112,6,3311,0
20240112,6,3802,2
20240112,7,2111,0
20240112,7,2112,1
20240112,7,2116,0
20240112,7,2122,3
20240112,7,2128,2
20240112,7,2129,1
20240112,7,2130,8
20240112,7,2139,8
20240112,7,2143,3
20240112,7,2148,0
20240112,7,2159,2
20240112,7,2171,4
20240112,7,2172,0
20240112,7,2178,0
20240112,7,2179,26
20240112,7,2185,13
20240112,7,2186,14
20240112,7,2191,15
20240112,7,2198,12
20240112,7,2199,0
20240112,7,3310,0
20240112,7,3311,1
20240112,7,3802,4
20240112,8,2111,1
20240112,8,2112,1
20240112,8,2116,1
20240112,8,2122,3
20240112,8,2128,1
20240112,8,2129,0
20240112,8,2130,8
20240112,8,2139,7
20240112,8,2143,3
20240112,8,2148,1
20240112,8,2159,2
20240112,8,2171,3
20240112,8,2172,0
20240112,8,2178,0
20240112,8,2179,26
20240112,8,2185,12
20240112,8,2186,12
20240112,8,2191,15
20240112,8,2198,11
20240112,8,2199,0
20240112,8,3310,0
20240112,8,3311,3
20240112,8,3802,3
20240112,9,2111,3
20240112,9,2112,1
20240112,9,2116,1
20240112,9,2122,4
20240112,9,2128,1
20240112,9,2129,0
20240112,9,2130,8
20240112,9,2139,4
20240112,9,2143,3
20240112,9,2148,0
20240112,9,2159,1
20240112,9,2171,4
20240112,9,2172,0
20240112,9,2178,0
20240112,9,2179,26
20240112,9,2185,9
20240112,9,2186,12
20240112,9,2191,12
20240112,9,2198,10
20240112,9,2199,0
20240112,9,3310,0
20240112,9,3311,3
20240112,9,3802,4
20240112,10,2111,3
20240112,10,2112,2
20240112,10,2116,0
20240112,10,2122,4
20240112,10,2128,1
20240112,10,2129,0
20240112,10,2130,8
20240112,10,2139,0
20240112,10,2143,3
20240112,10,2148,1
20240112,10,2159,0
20240112,10,2171,5
20240112,10,2172,2
20240112,10,2178,1
20240112,10,2179,26
20240112,10,2185,7
20240112,10,2186,9
20240112,10,2191,12
20240112,10,2198,9
20240112,10,2199,0
20240112,10,3310,1
20240112,10,3311,2
20240112,10,3802,4
20240112,11,2111,3
20240112,11,2112,3
20240112,11,2116,0
20240112,11,2122,5
20240112,11,2128,3
20240112,11,2129,0
20240112,11,2130,8
20240112,11,2139,1
20240112,11,2143,3
20240112,11,2148,0
20240112,11,2159,0
20240112,11,2171,2
20240112,11,2172,0
20240112,11,2178,1
20240112,11,2179,28
20240112,11,2185,8
20240112,11,2186,8
20240112,11,2191,11
20240112,11,2198,9
20240112,11,2199,0
20240112,11,3310,1
20240112,11,3311,2
20240112,11,3802,4
20240112,12,2111,5
20240112,12,2112,2
20240112,12,2116,2
20240112,12,2122,3
20240112,12,2128,3
20240112,12,2129,1
20240112,12,2130,6
20240112,12,2139,2
20240112,12,2143,2
20240112,12,2148,0
20240112,12,2159,0
20240112,12,2171,2
20240112,12,2172,2
20240112,12,2178,1
20240112,12,2179,30
20240112,12,2185,7
20240112,12,2186,7
20240112,12,2191,12
20240112,12,2198,7
20240112,12,2199,1
20240112,12,3310,1
20240112,12,3311,3
20240112,12,3802,4
20240112,13,2111,6
20240112,13,2112,2
20240112,13,2116,2
20240112,13,2122,4
20240112,13,2128,1
20240112,13,2129,0
20240112,13,2130,7
20240112,13,2139,1
20240112,13,2143,1
20240112,13,2148,1
20240112,13,2159,1
20240112,13,2171,4
20240112,13,2172,1
20240112,13,2178,1
20240112,13,2179,29
20240112,13,2185,6
20240112,13,2186,8
20240112,13,2191,12
20240112,13,2198,7
20240112,13,2199,0
20240112,13,3310,0
20240112,13,3311,5
20240112,13,3802,4
20240112,14,2111,8
20240112,14,2112,0
20240112,14,2116,3
20240112,14,2122,3
20240112,14,2128,1
20240112,14,2129,0
20240112,14,2130,7
20240112,14,2139,0
20240112,14,2143,1
20240112,14,2148,1
20240112,14,2159,1
20240112,14,2171,4
20240112,14,2172,3
20240112,14,2178,1
20240112,14,2179,30
20240112,14,2185,6
20240112,14,2186,7
20240112,14,2191,11
20240112,14,2198,8
20240112,14,2199,0
20240112,14,3310,0
20240112,14,3311,4
20240112,14,3802,2
20240112,15,2111,7
20240112,15,2112,5
20240112,15,2116,2
20240112,15,2122,3
20240112,15,2128,2
20240112,15,2129,0
20240112,15,2130,7
20240112,15,2139,1
20240112,15,2143,1
20240112,15,2148,1
20240112,15,2159,1
20240112,15,2171,2
20240112,15,2172,5
20240112,15,2178,0
20240112,15,2179,32
20240112,15,2185,6
20240112,15,2186,7
20240112,15,2191,11
20240112,15,2198,8
20240112,15,2199,0
20240112,15,3310,0
20240112,15,3311,1
20240112,15,3802,1
20240112,16,2111,6
20240112,16,2112,2
20240112,16,2116,0
20240112,16,2122,3
20240112,16,2128,4
20240112,16,2129,0
20240112,16,2130,7
20240112,16,2139,2
20240112,16,2143,1
20240112,16,2148,1
20240112,16,2159,1
20240112,16,2171,5
20240112,16,2172,4
20240112,16,2178,0
20240112,16,2179,34
20240112,16,2185,6
20240112,16,2186,8
20240112,16,2191,11
20240112,16,2198,8
20240112,16,2199,0
20240112,16,3310,0
20240112,16,3311,1
20240112,16,3802,2
20240112,17,2111,6
20240112,17,2112,2
20240112,17,2116,0
20240112,17,2122,3
20240112,17,2128,4
20240112,17,2129,0
20240112,17,2130,7
20240112,17,2139,1
20240112,17,2143,1
20240112,17,2148,1
20240112,17,2159,0
20240112,17,2171,4
20240112,17,2172,3
20240112,17,2178,0
20240112,17,2179,35
20240112,17,2185,5
20240112,17,2186,7
20240112,17,2191,11
20240112,17,2198,8
20240112,17,2199,0
20240112,17,3310,0
20240112,17,3311,1
20240112,17,3802,2
20240112,18,2111,6
20240112,18,2112,2
20240112,18,2116,1
20240112,18,2122,2
20240112,18,2128,3
20240112,18,2129,0
20240112,18,2130,6
20240112,18,2139,0
20240112,18,2143,1
20240112,18,2148,0
20240112,18,2159,0
20240112,18,2171,7
20240112,18,2172,2
20240112,18,2178,0
20240112,18,2179,36
20240112,18,2185,6
20240112,18,2186,6
20240112,18,2191,10
20240112,18,2198,8
20240112,18,2199,1
20240112,18,3310,0
20240112,18,3311,2
20240112,18,3802,2
20240112,19,2111,7
20240112,19,2112,2
20240112,19,2116,1
20240112,19,2122,2
20240112,19,2128,1
20240112,19,2129,0
20240112,19,2130,6
20240112,19,2139,1
20240112,19,2143,1
20240112,19,2148,2
20240112,19,2159,0
20240112,19,2171,5
20240112,19,2172,2
20240112,19,2178,0
20240112,19,2179,31
20240112,19,2185,5
20240112,19,2186,4
20240112,19,2191,10
20240112,19,2198,8
20240112,19,2199,1
20240112,19,3310,0
20240112,19,3311,0
20240112,19,3802,1
20240112,20,2111,6
20240112,20,2112,1
20240112,20,2116,0
20240112,20,2122,3
20240112,20,2128,1
20240112,20,2129,0
20240112,20,2130,6
20240112,20,2139,1
20240112,20,2143,1
20240112,20,2148,2
20240112,20,2159,0
20240112,20,2171,5
20240112,20,2172,1
20240112,20,2178,0
20240112,20,2179,32
20240112,20,2185,7
20240112,20,2186,3
20240112,20,2191,9
20240112,20,2198,7
20240112,20,2199,1
20240112,20,3310,0
20240112,20,3311,1
20240112,20,3802,1
20240112,21,2111,4
20240112,21,2112,2
20240112,21,2116,0
20240112,21,2122,3
20240112,21,2128,1
20240112,21,2129,0
20240112,21,2130,6
20240112,21,2139,1
20240112,21,2143,0
20240112,21,2148,1
20240112,21,2159,0
20240112,21,2171,5
20240112,21,2172,0
20240112,21,2178,0
20240112,21,2179,32
20240112,21,2185,8
20240112,21,2186,4
20240112,21,2191,8
20240112,21,2198,8
20240112,21,2199,1
20240112,21,3310,0
20240112,21,3311,2
20240112,21,3802,1
20240112,22,2111,2
20240112,22,2112,0
20240112,22,2116,0
20240112,22,2122,5
20240112,22,2128,3
20240112,22,2129,1
20240112,22,2130,6
20240112,22,2139,1
20240112,22,2143,0
20240112,22,2148,4
20240112,22,2159,0
20240112,22,2171,4
20240112,22,2172,0
20240112,22,2178,0
20240112,22,2179,32
20240112,22,2185,7
20240112,22,2186,4
20240112,22,2191,8
20240112,22,2198,7
20240112,22,2199,1
20240112,22,3310,0
20240112,22,3311,1
20240112,22,3802,0
20240112,23,2111,3
20240112,23,2112,1
20240112,23,2116,1
20240112,23,2122,4
20240112,23,2128,4
20240112,23,2129,1
20240112,23,2130,3
20240112,23,2139,2
20240112,23,2143,0
20240112,23,2148,3
20240112,23,2159,0
20240112,23,2171,2
20240112,23,2172,1
20240112,23,2178,0
20240112,23,2179,30
20240112,23,2185,7
20240112,23,2186,5
20240112,23,2191,11
20240112,23,2198,5
20240112,23,2199,1
20240112,23,3310,0
20240112,23,3311,0
20240112,23,3802,0
20240113,0,2111,3
20240113,0,2112,3
20240113,0,2116,1
20240113,0,2122,4
20240113,0,2128,3
20240113,0,2129,1
20240113,0,2130,3
20240113,0,2139,5
20240113,0,2143,0
20240113,0,2148,5
20240113,0,2159,0
20240113,0,2171,2
20240113,0,2172,1
20240113,0,2178,0
20240113,0,2179,30
20240113,0,2185,6
20240113,0,2186,7
20240113,0,2191,12
20240113,0,2198,6
20240113,0,2199,0
20240113,0,3310,0
20240113,0,3311,0
20240113,0,3802,0
20240113,1,2111,3
20240113,1,2112,3
20240113,1,2116,0
20240113,1,2122,4
20240113,1,2128,3
20240113,1,2129,1
20240113,1,2130,3
20240113,1,2139,4
20240113,1,2143,0
20240113,1,2148,6
20240113,1,2159,1
20240113,1,2171,2
20240113,1,2172,0
20240113,1,2178,0
20240113,1,2179,30
20240113,1,2185,6
20240113,1,2186,7
20240113,1,2191,13
20240113,1,2198,5
20240113,1,2199,1
20240113,1,3310,0
20240113,1,3311,0
20240113,1,3802,0
20240113,2,2111,3
20240113,2,2112,2
20240113,2,2116,0
20240113,2,2122,4
20240113,2,2128,2
20240113,2,2129,2
20240113,2,2130,3
20240113,2,2139,4
20240113,2,2143,0
20240113,2,2148,7
20240113,2,2159,1
20240113,2,2171,2
20240113,2,2172,0
20240113,2,2178,0
20240113,2,2179,32
20240113,2,2185,7
20240113,2,2186,8
20240113,2,2191,12
20240113,2,2198,5
20240113,2,2199,1
20240113,2,3310,0
20240113,2,3311,0
20240113,2,3802,0
20240113,3,2111,3
20240113,3,2112,1
20240113,3,2116,0
20240113,3,2122,4
20240113,3,2128,1
20240113,3,2129,1
20240113,3,2130,3
20240113,3,2139,3
20240113,3,2143,0
20240113,3,2148,7
20240113,3,2159,1
20240113,3,2171,2
20240113,3,2172,0
20240113,3,2178,0
20240113,3,2179,31
20240113,3,2185,10
20240113,3,2186,9
20240113,3,2191,13
20240113,3,2198,5
20240113,3,2199,1
20240113,3,3310,0
20240113,3,3311,0
20240113,3,3802,0
20240113,4,2111,4
20240113,4,2112,1
20240113,4,2116,0
20240113,4,2122,5
20240113,4,2128,0
20240113,4,2129,1
20240113,4,2130,3
20240113,4,2139,3
20240113,4,2143,0
20240113,4,2148,6
20240113,4,2159,1
20240113,4,2171,2
20240113,4,2172,0
20240113,4,2178,0
20240113,4,2179,29
20240113,4,2185,10
20240113,4,2186,9
20240113,4,2191,13
20240113,4,2198,7
20240113,4,2199,1
20240113,4,3310,0
20240113,4,3311,0
20240113,4,3802,0
20240113,5,2111,4
20240113,5,2112,1
20240113,5,2116,0
20240113,5,2122,5
20240113,5,2128,0
20240113,5,2129,0
20240113,5,2130,3
20240113,5,2139,4
20240113,5,2143,0
20240113,5,2148,6
20240113,5,2159,1
20240113,5,2171,2
20240113,5,2172,0
20240113,5,2178,0
20240113,5,2179,30
20240113,5,2185,9
20240113,5,2186,9
20240113,5,2191,14
20240113,5,2198,7
20240113,5,2199,2
20240113,5,3310,0
20240113,5,3311,1
20240113,5,3802,0
20240113,6,2111,4
20240113,6,2112,1
20240113,6,2116,0
20240113,6,2122,5
20240113,6,2128,0
20240113,6,2129,3
20240113,6,2130,3
20240113,6,2139,4
20240113,6,2143,0
20240113,6,2148,5
20240113,6,2159,1
20240113,6,2171,2
20240113,6,2172,0
20240113,6,2178,1
20240113,6,2179,29
20240113,6,2185,10
20240113,6,2186,8
20240113,6,2191,13
20240113,6,2198,7
20240113,6,2199,1
20240113,6,3310,0
20240113,6,3311,1
20240113,6,3802,0
20240113,7,2111,4
20240113,7,2112,1
20240113,7,2116,0
20240113,7,2122,5
20240113,7,2128,0
20240113,7,2129,0
20240113,7,2130,3
20240113,7,2139,4
20240113,7,2143,0
20240113,7,2148,5
20240113,7,2159,0
20240113,7,2171,3
20240113,7,2172,0
20240113,7,2178,1
20240113,7,2179,27
20240113,7,2185,9
20240113,7,2186,8
20240113,7,2191,14
20240113,7,2198,7
20240113,7,2199,1
20240113,7,3310,0
20240113,7,3311,0
20240113,7,3802,0
20240113,8,2111,4
20240113,8,2112,1
20240113,8,2116,1
20240113,8,2122,5
20240113,8,2128,1
20240113,8,2129,0
20240113,8,2130,3
20240113,8,2139,4
20240113,8,2143,0
20240113,8,2148,5
20240113,8,2159,0
20240113,8,2171,4
20240113,8,2172,1
20240113,8,2178,1
20240113,8,2179,26
20240113,8,2185,9
20240113,8,2186,8
20240113,8,2191,15
20240113,8,2198,6
20240113,8,2199,1
20240113,8,3310,0
20240113,8,3311,0
20240113,8,3802,0
20240113,9,2111,4
20240113,9,2112,0
20240113,9,2116,0
20240113,9,2122,7
20240113,9,2128,1
20240113,9,2129,1
20240113,9,2130,2
20240113,9,2139,4
20240113,9,2143,0
20240113,9,2148,5
20240113,9,2159,0
20240113,9,2171,6
20240113,9,2172,1
20240113,9,2178,1
20240113,9,2179,29
20240113,9,2185,8
20240113,9,2186,8
20240113,9,2191,14
20240113,9,2198,6
20240113,9,2199,1
20240113,9,3310,0
20240113,9,3311,0
20240113,9,3802,0
20240113,10,2111,4
20240113,10,2112,2
20240113,10,2116,2
20240113,10,2122,4
20240113,10,2128,1
20240113,10,2129,0
20240113,10,2130,2
20240113,10,2139,3
20240113,10,2143,0
20240113,10,2148,6
20240113,10,2159,0
20240113,10,2171,5
20240113,10,2172,0
20240113,10,2178,3
20240113,10,2179,29
20240113,10,2185,9
20240113,10,2186,6
20240113,10,2191,17
20240113,10,2198,5
20240113,10,2199,1
20240113,10,3310,0
20240113,10,3311,2
20240113,10,3802,2
20240113,11,2111,6
20240113,11,2112,2
20240113,11,2116,2
20240113,11,2122,5
20240113,11,2128,1
20240113,11,2129,0
20240113,11,2130,2
20240113,11,2139,1
20240113,11,2143,0
20240113,11,2148,5
20240113,11,2159,1
20240113,11,2171,4
20240113,11,2172,1
20240113,11,2178,3
20240113,11,2179,29
20240113,11,2185,9
20240113,11,2186,6
20240113,11,2191,12
20240113,11,2198,4
20240113,11,2199,1
20240113,11,3310,0
20240113,11,3311,2
20240113,11,3802,3
20240113,12,2111,4
20240113,12,2112,2
20240113,12,2116,4
20240113,12,2122,5
20240113,12,2128,2
20240113,12,2129,0
20240113,12,2130,2
20240113,12,2139,2
20240113,12,2143,0
20240113,12,2148,3
20240113,12,2159,0
20240113,12,2171,5
20240113,12,2172,2
20240113,12,2178,2
20240113,12,2179,30
20240113,12,2185,8
20240113,12,2186,4
20240113,12,2191,12
20240113,12,2198,3
20240113,12,2199,1
20240113,12,3310,0
20240113,12,3311,1
20240113,12,3802,2
20240113,13,2111,5
20240113,13,2112,2
20240113,13,2116,4
20240113,13,2122,4
20240113,13,2128,2
20240113,13,2129,0
20240113,13,2130,2
20240113,13,2139,1
20240113,13,2143,0
20240113,13,2148,1
20240113,13,2159,0
20240113,13,2171,9
20240113,13,2172,1
20240113,13,2178,3
20240113,13,2179,30
20240113,13,2185,8
20240113,13,2186,4
20240113,13,2191,11
20240113,13,2198,4
20240113,13,2199,1
20240113,13,3310,0
20240113,13,3311,0
20240113,13,3802,1
20240113,14,2111,5
20240113,14,2112,1
20240113,14,2116,5
20240113,14,2122,2
20240113,14,2128,2
20240113,14,2129,0
20240113,14,2130,2
20240113,14,2139,3
20240113,14,2143,0
20240113,14,2148,2
20240113,14,2159,0
20240113,14,2171,10
20240113,14,2172,0
20240113,14,2178,5
20240113,14,2179,33
20240113,14,2185,7
20240113,14,2186,2
20240113,14,2191,11
20240113,14,2198,4
20240113,14,2199,0
20240113,14,3310,0
20240113,14,3311,2
20240113,14,3802,1
20240113,15,2111,3
20240113,15,2112,1
20240113,15,2116,5
20240113,15,2122,3
20240113,15,2128,3
20240113,15,2129,0
20240113,15,2130,0
20240113,15,2139,4
20240113,15,2143,0
20240113,15,2148,2
20240113,15,2159,0
20240113,15,2171,5
20240113,15,2172,0
20240113,15,2178,4
20240113,15,2179,35
20240113,15,2185,5
20240113,15,2186,1
20240113,15,2191,11
20240113,15,2198,2
20240113,15,2199,0
20240113,15,3310,0
20240113,15,3311,2
20240113,15,3802,1
20240113,16,2111,3
20240113,16,2112,1
20240113,16,2116,6
20240113,16,2122,2
20240113,16,2128,1
20240113,16,2129,0
20240113,16,2130,0
20240113,16,2139,6
20240113,16,2143,1
20240113,16,2148,2
20240113,16,2159,0
20240113,16,2171,3
20240113,16,2172,16
20240113,16,2178,4
20240113,16,2179,31
20240113,16,2185,5
20240113,16,2186,0
20240113,16,2191,13
20240113,16,2198,2
20240113,16,2199,1
20240113,16,3310,0
20240113,16,3311,0
20240113,16,3802,4
20240113,17,2111,1
20240113,17,2112,4
20240113,17,2116,6
20240113,17,2122,3
20240113,17,2128,0
20240113,17,2129,0
20240113,17,2130,0
20240113,17,2139,6
20240113,17,2143,1
20240113,17,2148,2
20240113,17,2159,1
20240113,17,2171,3
20240113,17,2172,18
20240113,17,2178,3
20240113,17,2179,31
20240113,17,2185,3
20240113,17,2186,0
20240113,17,2191,10
20240113,17,2198,2
20240113,17,2199,1
20240113,17,3310,0
20240113,17,3311,1
20240113,17,3802,4
20240113,18,2111,5
20240113,18,2112,4
20240113,18,2116,5
20240113,18,2122,3
20240113,18,2128,0
20240113,18,2129,0
20240113,18,2130,0
20240113,18,2139,6
20240113,18,2143,3
20240113,18,2148,3
20240113,18,2159,1
20240113,18,2171,6
20240113,18,2172,16
20240113,18,2178,3
20240113,18,2179,31
20240113,18,2185,4
20240113,18,2186,1
20240113,18,2191,10
20240113,18,2198,2
20240113,18,2199,1
20240113,18,3310,0
20240113,18,3311,0
20240113,18,3802,1
20240113,19,2111,5
20240113,19,2112,3
20240113,19,2116,5
20240113,19,2122,3
20240113,19,2128,0
20240113,19,2129,0
20240113,19,2130,0
20240113,19,2139,5
20240113,19,2143,3
20240113,19,2148,2
20240113,19,2159,0
20240113,19,2171,7
20240113,19,2172,16
20240113,19,2178,2
20240113,19,2179,31
20240113,19,2185,4
20240113,19,2186,2
20240113,19,2191,10
20240113,19,2198,3
20240113,19,2199,1
20240113,19,3310,0
20240113,19,3311,1
20240113,19,3802,0
20240113,20,2111,4
20240113,20,2112,2
20240113,20,2116,4
20240113,20,2122,3
20240113,20,2128,0
20240113,20,2129,2
20240113,20,2130,0
20240113,20,2139,4
20240113,20,2143,3
20240113,20,2148,2
20240113,20,2159,0
20240113,20,2171,9
20240113,20,2172,15
20240113,20,2178,3
20240113,20,2179,30
20240113,20,2185,3
20240113,20,2186,1
20240113,20,2191,11
20240113,20,2198,4
20240113,20,2199,1
20240113,20,3310,0
20240113,20,3311,1
20240113,20,3802,1
20240113,21,2111,3
20240113,21,2112,1
20240113,21,2116,4
20240113,21,2122,3
20240113,21,2128,0
20240113,21,2129,1
20240113,21,2130,15
20240113,21,2139,3
20240113,21,2143,3
20240113,21,2148,1
20240113,21,2159,0
20240113,21,2171,7
20240113,21,2172,15
20240113,21,2178,3
20240113,21,2179,31
20240113,21,2185,3
20240113,21,2186,0
20240113,21,2191,11
20240113,21,2198,5
20240113,21,2199,1
20240113,21,3310,0
20240113,21,3311,1
20240113,21,3802,2
20240113,22,2111,0
20240113,22,2112,1
20240113,22,2116,3
20240113,22,2122,4
20240113,22,2128,0
20240113,22,2129,0
20240113,22,2130,15
20240113,22,2139,4
20240113,22,2143,3
20240113,22,2148,2
20240113,22,2159,0
20240113,22,2171,4
20240113,22,2172,14
20240113,22,2178,3
20240113,22,2179,31
20240113,22,2185,3
20240113,22,2186,2
20240113,22,2191,13
20240113,22,2198,5
20240113,22,2199,1
20240113,22,3310,0
20240113,22,3311,1
20240113,22,3802,2
20240113,23,2111,0
20240113,23,2112,1
20240113,23,2116,4
20240113,23,2122,3
20240113,23,2128,0
20240113,23,2129,1
20240113,23,2130,15
20240113,23,2139,3
20240113,23,2143,3
20240113,23,2148,2
20240113,23,2159,0
20240113,23,2171,5
20240113,23,2172,14
20240113,23,2178,3
20240113,23,2179,30
20240113,23,2185,4
20240113,23,2186,2
20240113,23,2191,17
20240113,23,2198,5
20240113,23,2199,1
20240113,23,3310,0
20240113,23,3311,1
20240113,23,3802,2
20240114,0,2111,1
20240114,0,2112,1
20240114,0,2116,4
20240114,0,2122,5
20240114,0,2128,0
20240114,0,2129,1
20240114,0,2130,15
20240114,0,2139,2
20240114,0,2143,3
20240114,0,2148,0
20240114,0,2159,0
20240114,0,2171,5
20240114,0,2172,14
20240114,0,2178,2
20240114,0,2179,31
20240114,0,2185,7
20240114,0,2186,3
20240114,0,2191,18
20240114,0,2198,4
20240114,0,2199,1
20240114,0,3310,0
20240114,0,3311,0
20240114,0,3802,2
20240114,1,2111,1
20240114,1,2112,1
20240114,1,2116,0
20240114,1,2122,3
20240114,1,2128,0
20240114,1,2129,2
20240114,1,2130,15
20240114,1,2139,4
20240114,1,2143,3
20240114,1,2148,1
20240114,1,2159,0
20240114,1,2171,3
20240114,1,2172,14
20240114,1,2178,2
20240114,1,2179,31
20240114,1,2185,7
20240114,1,2186,3
20240114,1,2191,17
20240114,1,2198,1
20240114,1,2199,1
20240114,1,3310,0
20240114,1,3311,0
20240114,1,3802,2
20240114,2,2111,0
20240114,2,2112,0
20240114,2,2116,0
20240114,2,2122,4
20240114,2,2128,0
20240114,2,2129,1
20240114,2,2130,15
20240114,2,2139,4
20240114,2,2143,4
20240114,2,2148,1
20240114,2,2159,0
20240114,2,2171,2
20240114,2,2172,14
20240114,2,2178,2
20240114,2,2179,31
20240114,2,2185,7
20240114,2,2186,3
20240114,2,2191,17
20240114,2,2198,1
20240114,2,2199,1
20240114,2,3310,0
20240114,2,3311,0
20240114,2,3802,2
20240114,3,2111,2
20240114,3,2112,0
20240114,3,2116,1
20240114,3,2122,4
20240114,3,2128,0
20240114,3,2129,2
20240114,3,2130,15
20240114,3,2139,5
20240114,3,2143,4
20240114,3,2148,1
20240114,3,2159,0
20240114,3,2171,2
20240114,3,2172,14
20240114,3,2178,2
20240114,3,2179,27
20240114,3,2185,7
20240114,3,2186,4
20240114,3,2191,18
20240114,3,2198,2
20240114,3,2199,0
20240114,3,3310,0
20240114,3,3311,0
20240114,3,3802,2
20240114,4,2111,2
20240114,4,2112,0
20240114,4,2116,1
20240114,4,2122,4
20240114,4,2128,0
20240114,4,2129,1
20240114,4,2130,15
20240114,4,2139,5
20240114,4,2143,4
20240114,4,2148,1
20240114,4,2159,0
20240114,4,2171,3
20240114,4,2172,14
20240114,4,2178,2
20240114,4,2179,28
20240114,4,2185,7
20240114,4,2186,4
20240114,4,2191,16
20240114,4,2198,0
20240114,4,2199,1
20240114,4,3310,0
20240114,4,3311,0
20240114,4,3802,2
20240114,5,2111,2
20240114,5,2112,1
20240114,5,2116,1
20240114,5,2122,4
20240114,5,2128,0
20240114,5,2129,1
20240114,5,2130,15
20240114,5,2139,5
20240114,5,2143,4
20240114,5,2148,1
20240114,5,2159,0
20240114,5,2171,3
20240114,5,2172,14
20240114,5,2178,2
20240114,5,2179,28
20240114,5,2185,6
20240114,5,2186,3
20240114,5,2191,16
20240114,5,2198,0
20240114,5,2199,1
20240114,5,3310,0
20240114,5,3311,0
20240114,5,3802,2
20240114,6,2111,2
20240114,6,2112,1
20240114,6,2116,1
20240114,6,2122,3
20240114,6,2128,1
20240114,6,2129,0
20240114,6,2130,15
20240114,6,2139,5
20240114,6,2143,4
20240114,6,2148,2
20240114,6,2159,0
20240114,6,2171,2
20240114,6,2172,14
20240114,6,2178,2
20240114,6,2179,29
20240114,6,2185,7
20240114,6,2186,3
20240114,6,2191,15
20240114,6,2198,0
20240114,6,2199,1
20240114,6,3310,0
20240114,6,3311,0
20240114,6,3802,2
20240114,7,2111,2
20240114,7,2112,1
20240114,7,2116,1
20240114,7,2122,3
20240114,7,2128,1
20240114,7,2129,1
20240114,7,2130,15
20240114,7,2139,5
20240114,7,2143,3
20240114,7,2148,2
20240114,7,2159,0
20240114,7,2171,4
20240114,7,2172,14
20240114,7,2178,3
20240114,7,2179,31
20240114,7,2185,6
20240114,7,2186,2
20240114,7,2191,15
20240114,7,2198,0
20240114,7,2199,1
20240114,7,3310,0
20240114,7,3311,0
20240114,7,3802,2
20240114,8,2111,2
20240114,8,2112,0
20240114,8,2116,1
20240114,8,2122,3
20240114,8,2128,1
20240114,8,2129,0
20240114,8,2130,15
20240114,8,2139,4
20240114,8,2143,3
20240114,8,2148,2
20240114,8,2159,0
20240114,8,2171,4
20240114,8,2172,14
20240114,8,2178,3
20240114,8,2179,31
20240114,8,2185,6
20240114,8,2186,2
20240114,8,2191,15
20240114,8,2198,0
20240114,8,2199,1
20240114,8,3310,0
20240114,8,3311,0
20240114,8,3802,2
20240114,9,2111,2
20240114,9,2112,0
20240114,9,2116,1
20240114,9,2122,3
20240114,9,2128,1
20240114,9,2129,0
20240114,9,2130,15
20240114,9,2139,5
20240114,9,2143,3
20240114,9,2148,2
20240114,9,2159,0
20240114,9,2171,5
20240114,9,2172,14
20240114,9,2178,3
20240114,9,2179,31
20240114,9,2185,6
20240114,9,2186,2
20240114,9,2191,13
20240114,9,2198,0
20240114,9,2199,0
20240114,9,3310,0
20240114,9,3311,0
20240114,9,3802,2
20240114,10,2111,1
20240114,10,2112,11
20240114,10,2116,1
20240114,10,2122,2
20240114,10,2128,1
20240114,10,2129,0
20240114,10,2130,14
20240114,10,2139,4
20240114,10,2143,3
20240114,10,2148,2
20240114,10,2159,0
20240114,10,2171,7
20240114,10,2172,14
20240114,10,2178,3
20240114,10,2179,32
20240114,10,2185,7
20240114,10,2186,1
20240114,10,2191,14
20240114,10,2198,0
20240114,10,2199,0
20240114,10,3310,14
20240114,10,3311,0
20240114,10,3802,3
20240114,11,2111,1
20240114,11,2112,12
20240114,11,2116,1
20240114,11,2122,2
20240114,11,2128,1
20240114,11,2129,1
20240114,11,2130,13
20240114,11,2139,5
20240114,11,2143,3
20240114,11,2148,2
20240114,11,2159,1
20240114,11,2171,7
20240114,11,2172,14
20240114,11,2178,2
20240114,11,2179,31
20240114,11,2185,8
20240114,11,2186,3
20240114,11,2191,14
20240114,11,2198,1
20240114,11,2199,0
20240114,11,3310,14
20240114,11,3311,1
20240114,11,3802,2
20240114,12,2111,1
20240114,12,2112,14
20240114,12,2116,0
20240114,12,2122,2
20240114,12,2128,1
20240114,12,2129,1
20240114,12,2130,13
20240114,12,2139,5
20240114,12,2143,3
20240114,12,2148,3
20240114,12,2159,1
20240114,12,2171,5
20240114,12,2172,13
20240114,12,2178,2
20240114,12,2179,32
20240114,12,2185,8
20240114,12,2186,3
20240114,12,2191,14
20240114,12,2198,1
20240114,12,2199,0
20240114,12,3310,12
20240114,12,3311,0
20240114,12,3802,2
20240114,13,2111,1
20240114,13,2112,14
20240114,13,2116,0
20240114,13,2122,2
20240114,13,2128,1
20240114,13,2129,0
20240114,13,2130,13
20240114,13,2139,4
20240114,13,2143,3
20240114,13,2148,3
20240114,13,2159,1
20240114,13,2171,6
20240114,13,2172,11
20240114,13,2178,2
20240114,13,2179,32
20240114,13,2185,8
20240114,13,2186,2
20240114,13,2191,13
20240114,13,2198,1
20240114,13,2199,0
20240114,13,3310,12
20240114,13,3311,0
20240114,13,3802,2
20240114,14,2111,1
20240114,14,2112,14
20240114,14,2116,0
20240114,14,2122,2
20240114,14,2128,1
20240114,14,2129,0
20240114,14,2130,13
20240114,14,2139,4
20240114,14,2143,3
20240114,14,2148,3
20240114,14,2159,1
20240114,14,2171,6
20240114,14,2172,11
20240114,14,2178,2
20240114,14,2179,32
20240114,14,2185,8
20240114,14,2186,2
20240114,14,2191,13
20240114,14,2198,1
20240114,14,2199,0
20240114,14,3310,12
20240114,14,3311,0
20240114,14,3802,2
20240114,15,2111,1
20240114,15,2112,14
20240114,15,2116,0
20240114,15,2122,2
20240114,15,2128,1
20240114,15,2129,0
20240114,15,2130,13
20240114,15,2139,4
20240114,15,2143,3
20240114,15,2148,3
20240114,15,2159,1
20240114,15,2171,6
20240114,15,2172,11
20240114,15,2178,2
20240114,15,2179,32
20240114,15,2185,8
20240114,15,2186,2
20240114,15,2191,13
20240114,15,2198,1
20240114,15,2199,0
20240114,15,3310,12
20240114,15,3311,0
20240114,15,3802,2
20240114,16,2111,1
20240114,16,2112,14
20240114,16,2116,0
20240114,16,2122,1
20240114,16,2128,1
20240114,16,2129,0
20240114,16,2130,13
20240114,16,2139,4
20240114,16,2143,3
20240114,16,2148,2
20240114,16,2159,1
20240114,16,2171,5
20240114,16,2172,11
20240114,16,2178,2
20240114,16,2179,32
20240114,16,2185,7
20240114,16,2186,2
20240114,16,2191,13
20240114,16,2198,1
20240114,16,2199,1
20240114,16,3310,12
20240114,16,3311,0
20240114,16,3802,3
20240114,17,2111,2
20240114,17,2112,14
20240114,17,2116,0
20240114,17,2122,1
20240114,17,2128,1
20240114,17,2129,0
20240114,17,2130,13
20240114,17,2139,4
20240114,17,2143,3
20240114,17,2148,2
20240114,17,2159,1
20240114,17,2171,6
20240114,17,2172,11
20240114,17,2178,2
20240114,17,2179,32
20240114,17,2185,6
20240114,17,2186,2
20240114,17,2191,13
20240114,17,2198,1
20240114,17,2199,1
20240114,17,3310,12
20240114,17,3311,0
20240114,17,3802,2
20240114,18,2111,2
20240114,18,2112,14
20240114,18,2116,0
20240114,18,2122,2
20240114,18,2128,2
20240114,18,2129,0
20240114,18,2130,13
20240114,18,2139,4
20240114,18,2143,2
20240114,18,2148,2
20240114,18,2159,1
20240114,18,2171,8
20240114,18,2172,10
20240114,18,2178,2
20240114,18,2179,31
20240114,18,2185,6
20240114,18,2186,2
20240114,18,2191,13
20240114,18,2198,1
20240114,18,2199,1
20240114,18,3310,12
20240114,18,3311,1
20240114,18,3802,1
20240114,19,2111,2
20240114,19,2112,15
20240114,19,2116,1
20240114,19,2122,2
20240114,19,2128,3
20240114,19,2129,0
20240114,19,2130,13
20240114,19,2139,4
20240114,19,2143,2
20240114,19,2148,2
20240114,19,2159,1
20240114,19,2171,9
20240114,19,2172,10
20240114,19,2178,3
20240114,19,2179,32
20240114,19,2185,5
20240114,19,2186,2
20240114,19,2191,12
20240114,19,2198,1
20240114,19,2199,1
20240114,19,3310,11
20240114,19,3311,1
20240114,19,3802,1
20240114,20,2111,2
20240114,20,2112,14
20240114,20,2116,1
20240114,20,2122,2
20240114,20,2128,2
20240114,20,2129,1
20240114,20,2130,13
20240114,20,2139,5
20240114,20,2143,2
20240114,20,2148,2
20240114,20,2159,1
20240114,20,2171,8
20240114,20,2172,10
20240114,20,2178,3
20240114,20,2179,31
20240114,20,2185,5
20240114,20,2186,2
20240114,20,2191,12
20240114,20,2198,2
20240114,20,2199,1
20240114,20,3310,11
20240114,20,3311,2
20240114,20,3802,1
20240114,21,2111,1
20240114,21,2112,15
20240114,21,2116,1
20240114,21,2122,1
20240114,21,2128,4
20240114,21,2129,1
20240114,21,2130,13
20240114,21,2139,5
20240114,21,2143,1
20240114,21,2148,2
20240114,21,2159,1
20240114,21,2171,9
20240114,21,2172,11
20240114,21,2178,4
20240114,21,2179,30
20240114,21,2185,5
20240114,21,2186,2
20240114,21,2191,12
20240114,21,2198,2
20240114,21,2199,2
20240114,21,3310,11
20240114,21,3311,1
20240114,21,3802,1
20240114,22,2111,1
20240114,22,2112,14
20240114,22,2116,0
20240114,22,2122,1
20240114,22,2128,4
20240114,22,2129,0
20240114,22,2130,13
20240114,22,2139,4
20240114,22,2143,1
20240114,22,2148,2
20240114,22,2159,1
20240114,22,2171,8
20240114,22,2172,10
20240114,22,2178,4
20240114,22,2179,32
20240114,22,2185,6
20240114,22,2186,1
20240114,22,2191,13
20240114,22,2198,3
20240114,22,2199,1
20240114,22,3310,11
20240114,22,3311,0
20240114,22,3802,1
20240114,23,2111,0
20240114,23,2112,14
20240114,23,2116,1
20240114,23,2122,1
20240114,23,2128,4
20240114,23,2129,0
20240114,23,2130,13
20240114,23,2139,5
20240114,23,2143,1
20240114,23,2148,2
20240114,23,2159,1
20240114,23,2171,7
20240114,23,2172,10
20240114,23,2178,3
20240114,23,2179,31
20240114,23,2185,6
20240114,23,2186,0
20240114,23,2191,14
20240114,23,2198,4
20240114,23,2199,1
20240114,23,3310,11
20240114,23,3311,1
20240114,23,3802,2
20240115,0,2111,0
20240115,0,2112,14
20240115,0,2116,2
20240115,0,2122,2
20240115,0,2128,3
20240115,0,2129,0
20240115,0,2130,13
20240115,0,2139,4
20240115,0,2143,1
20240115,0,2148,3
20240115,0,2159,2
20240115,0,2171,6
20240115,0,2172,10
20240115,0,2178,3
20240115,0,2179,29
20240115,0,2185,7
20240115,0,2186,0
20240115,0,2191,14
20240115,0,2198,4
20240115,0,2199,0
20240115,0,3310,10
20240115,0,3311,1
20240115,0,3802,2
20240115,1,2111,0
20240115,1,2112,13
20240115,1,2116,1
20240115,1,2122,3
20240115,1,2128,2
20240115,1,2129,0
20240115,1,2130,13
20240115,1,2139,5
20240115,1,2143,1
20240115,1,2148,3
20240115,1,2159,2
20240115,1,2171,5
20240115,1,2172,10
20240115,1,2178,3
20240115,1,2179,29
20240115,1,2185,7
20240115,1,2186,1
20240115,1,2191,12
20240115,1,2198,3
20240115,1,2199,0
20240115,1,3310,10
20240115,1,3311,0
20240115,1,3802,2
20240115,2,2111,1
20240115,2,2112,14
20240115,2,2116,1
20240115,2,2122,2
20240115,2,2128,2
20240115,2,2129,0
20240115,2,2130,13
20240115,2,2139,5
20240115,2,2143,1
20240115,2,2148,3
20240115,2,2159,2
20240115,2,2171,6
20240115,2,2172,10
20240115,2,2178,3
20240115,2,2179,29
20240115,2,2185,7
20240115,2,2186,1
20240115,2,2191,12
20240115,2,2198,3
20240115,2,2199,0
20240115,2,3310,10
20240115,2,3311,0
20240115,2,3802,2
20240115,3,2111,0
20240115,3,2112,15
20240115,3,2116,0
20240115,3,2122,2
20240115,3,2128,2
20240115,3,2129,0
20240115,3,2130,13
20240115,3,2139,6
20240115,3,2143,1
20240115,3,2148,3
20240115,3,2159,2
20240115,3,2171,6
20240115,3,2172,10
20240115,3,2178,3
20240115,3,2179,30
20240115,3,2185,7
20240115,3,2186,1
20240115,3,2191,14
20240115,3,2198,4
20240115,3,2199,1
20240115,3,3310,10
20240115,3,3311,0
20240115,3,3802,2
20240115,4,2111,1
20240115,4,2112,14
20240115,4,2116,0
20240115,4,2122,2
20240115,4,2128,2
20240115,4,2129,1
20240115,4,2130,13
20240115,4,2139,5
20240115,4,2143,1
20240115,4,2148,3
20240115,4,2159,2
20240115,4,2171,5
20240115,4,2172,10
20240115,4,2178,3
20240115,4,2179,29
20240115,4,2185,7
20240115,4,2186,1
20240115,4,2191,17
20240115,4,2198,4
20240115,4,2199,0
20240115,4,3310,10
20240115,4,3311,0
20240115,4,3802,2
20240115,5,2111,1
20240115,5,2112,14
20240115,5,2116,0
20240115,5,2122,2
20240115,5,2128,2
20240115,5,2129,1
20240115,5,2130,13
20240115,5,2139,6
20240115,5,2143,1
20240115,5,2148,3
20240115,5,2159,2
20240115,5,2171,4
20240115,5,2172,10
20240115,5,2178,3
20240115,5,2179,29
20240115,5,2185,8
20240115,5,2186,0
20240115,5,2191,19
20240115,5,2198,4
20240115,5,2199,0
20240115,5,3310,10
20240115,5,3311,0
20240115,5,3802,2
20240115,6,2111,2
20240115,6,2112,14
20240115,6,2116,1
20240115,6,2122,2
20240115,6,2128,2
20240115,6,2129,1
20240115,6,2130,13
20240115,6,2139,7
20240115,6,2143,1
20240115,6,2148,3
20240115,6,2159,2
20240115,6,2171,4
20240115,6,2172,10
20240115,6,2178,3
20240115,6,2179,29
20240115,6,2185,8
20240115,6,2186,0
20240115,6,2191,19
20240115,6,2198,4
20240115,6,2199,0
20240115,6,3310,10
20240115,6,3311,0
20240115,6,3802,2
20240115,7,2111,2
20240115,7,2112,13
20240115,7,2116,2
20240115,7,2122,1
20240115,7,2128,2
20240115,7,2129,1
20240115,7,2130,13
20240115,7,2139,7
20240115,7,2143,1
20240115,7,2148,2
20240115,7,2159,2
20240115,7,2171,3
20240115,7,2172,10
20240115,7,2178,3
20240115,7,2179,29
20240115,7,2185,8
20240115,7,2186,0
20240115,7,2191,19
20240115,7,2198,4
20240115,7,2199,0
20240115,7,3310,9
20240115,7,3311,2
20240115,7,3802,5
20240115,8,2111,2
20240115,8,2112,12
20240115,8,2116,0
20240115,8,2122,1
20240115,8,2128,1
20240115,8,2129,1
20240115,8,2130,13
20240115,8,2139,6
20240115,8,2143,1
20240115,8,2148,2
20240115,8,2159,2
20240115,8,2171,6
20240115,8,2172,10
20240115,8,2178,3
20240115,8,2179,31
20240115,8,2185,7
20240115,8,2186,0
20240115,8,2191,19
20240115,8,2198,3
20240115,8,2199,0
20240115,8,3310,8
20240115,8,3311,4
20240115,8,3802,5
20240115,9,2111,5
20240115,9,2112,10
20240115,9,2116,1
20240115,9,2122,0
20240115,9,2128,2
20240115,9,2129,3
20240115,9,2130,13
20240115,9,2139,2
20240115,9,2143,1
20240115,9,2148,2
20240115,9,2159,0
20240115,9,2171,7
20240115,9,2172,11
20240115,9,2178,3
20240115,9,2179,32
20240115,9,2185,6
20240115,9,2186,0
20240115,9,2191,18
20240115,9,2198,1
20240115,9,2199,0
20240115,9,3310,8
20240115,9,3311,3
20240115,9,3802,1
20240115,10,2111,6
20240115,10,2112,11
20240115,10,2116,1
20240115,10,2122,0
20240115,10,2128,3
20240115,10,2129,2
20240115,10,2130,13
20240115,10,2139,1
20240115,10,2143,2
20240115,10,2148,1
20240115,10,2159,0
20240115,10,2171,9
20240115,10,2172,11
20240115,10,2178,3
20240115,10,2179,32
20240115,10,2185,7
20240115,10,2186,0
20240115,10,2191,17
20240115,10,2198,0
20240115,10,2199,0
20240115,10,3310,8
20240115,10,3311,3
20240115,10,3802,2
20240115,11,2111,6
20240115,11,2112,11
20240115,11,2116,2
20240115,11,2122,0
20240115,11,2128,4
20240115,11,2129,2
20240115,11,2130,13
20240115,11,2139,1
20240115,11,2143,2
20240115,11,2148,1
20240115,11,2159,0
20240115,11,2171,9
20240115,11,2172,11
20240115,11,2178,3
20240115,11,2179,32
20240115,11,2185,7
20240115,11,2186,0
20240115,11,2191,17
20240115,11,2198,1
20240115,11,2199,0
20240115,11,3310,8
20240115,11,3311,3
20240115,11,3802,1
20240115,12,2111,7
20240115,12,2112,11
20240115,12,2116,1
20240115,12,2122,0
20240115,12,2128,6
20240115,12,2129,1
20240115,12,2130,13
20240115,12,2139,1
20240115,12,2143,2
20240115,12,2148,1
20240115,12,2159,0
20240115,12,2171,9
20240115,12,2172,11
20240115,12,2178,3
20240115,12,2179,31
20240115,12,2185,7
20240115,12,2186,0
20240115,12,2191,16
20240115,12,2198,0
20240115,12,2199,0
20240115,12,3310,7
20240115,12,3311,4
20240115,12,3802,2
20240115,13,2111,7
20240115,13,2112,11
20240115,13,2116,1
20240115,13,2122,1
20240115,13,2128,6
20240115,13,2129,2
20240115,13,2130,13
20240115,13,2139,1
20240115,13,2143,2
20240115,13,2148,0
20240115,13,2159,0
20240115,13,2171,8
20240115,13,2172,12
20240115,13,2178,3
20240115,13,2179,32
20240115,13,2185,7
20240115,13,2186,0
20240115,13,2191,16
20240115,13,2198,0
20240115,13,2199,0
20240115,13,3310,6
20240115,13,3311,2
20240115,13,3802,2
20240115,14,2111,9
20240115,14,2112,11
20240115,14,2116,1
20240115,14,2122,0
20240115,14,2128,6
20240115,14,2129,2
20240115,14,2130,11
20240115,14,2139,2
20240115,14,2143,1
20240115,14,2148,0
20240115,14,2159,0
20240115,14,2171,10
20240115,14,2172,13
20240115,14,2178,3
20240115,14,2179,31
20240115,14,2185,8
20240115,14,2186,0
20240115,14,2191,15
20240115,14,2198,0
20240115,14,2199,0
20240115,14,3310,6
20240115,14,3311,3
20240115,14,3802,0
20240115,15,2111,9
20240115,15,2112,11
20240115,15,2116,1
20240115,15,2122,0
20240115,15,2128,5
20240115,15,2129,2
20240115,15,2130,11
20240115,15,2139,2
20240115,15,2143,1
20240115,15,2148,0
20240115,15,2159,0
20240115,15,2171,9
20240115,15,2172,13
20240115,15,2178,3
20240115,15,2179,32
20240115,15,2185,7
20240115,15,2186,0
20240115,15,2191,14
20240115,15,2198,0
20240115,15,2199,0
20240115,15,3310,4
20240115,15,3311,1
20240115,15,3802,0
20240115,16,2111,9
20240115,16,2112,10
20240115,16,2116,1
20240115,16,2122,0
20240115,16,2128,4
20240115,16,2129,2
20240115,16,2130,11
20240115,16,2139,2
20240115,16,2143,1
20240115,16,2148,0
20240115,16,2159,8
20240115,16,2171,8
20240115,16,2172,13
20240115,16,2178,3
20240115,16,2179,32
20240115,16,2185,7
20240115,16,2186,0
20240115,16,2191,13
20240115,16,2198,1
20240115,16,2199,0
20240115,16,3310,4
20240115,16,3311,2
20240115,16,3802,1
20240115,17,2111,9
20240115,17,2112,11
20240115,17,2116,2
20240115,17,2122,0
20240115,17,2128,5
20240115,17,2129,4
20240115,17,2130,11
20240115,17,2139,1
20240115,17,2143,1
20240115,17,2148,2
20240115,17,2159,7
20240115,17,2171,7
20240115,17,2172,13
20240115,17,2178,2
20240115,17,2179,32
20240115,17,2185,5
20240115,17,2186,0
20240115,17,2191,12
20240115,17,2198,1
20240115,17,2199,0
20240115,17,3310,3
20240115,17,3311,3
20240115,17,3802,0
20240115,18,2111,8
20240115,18,2112,13
20240115,18,2116,2
20240115,18,2122,1
20240115,18,2128,5
20240115,18,2129,2
20240115,18,2130,11
20240115,18,2139,2
20240115,18,2143,1
20240115,18,2148,2
20240115,18,2159,7
20240115,18,2171,7
20240115,18,2172,13
20240115,18,2178,1
20240115,18,2179,26
20240115,18,2185,5
20240115,18,2186,0
20240115,18,2191,12
20240115,18,2198,0
20240115,18,2199,0
20240115,18,3310,2
20240115,18,3311,2
20240115,18,3802,0
20240115,19,2111,7
20240115,19,2112,13
20240115,19,2116,3
20240115,19,2122,1
20240115,19,2128,4
20240115,19,2129,1
20240115,19,2130,10
20240115,19,2139,5
20240115,19,2143,1
20240115,19,2148,0
20240115,19,2159,8
20240115,19,2171,4
20240115,19,2172,11
20240115,19,2178,1
20240115,19,2179,22
20240115,19,2185,2
20240115,19,2186,0
20240115,19,2191,15
20240115,19,2198,1
20240115,19,2199,0
20240115,19,3310,2
20240115,19,3311,1
20240115,19,3802,0
20240115,20,2111,8
20240115,20,2112,11
20240115,20,2116,4
20240115,20,2122,0
20240115,20,2128,2
20240115,20,2129,0
20240115,20,2130,10
20240115,20,2139,5
20240115,20,2143,0
20240115,20,2148,1
20240115,20,2159,10
20240115,20,2171,4
20240115,20,2172,10
20240115,20,2178,1
20240115,20,2179,21
20240115,20,2185,3
20240115,20,2186,0
20240115,20,2191,14
20240115,20,2198,1
20240115,20,2199,0
20240115,20,3310,2
20240115,20,3311,1
20240115,20,3802,1
20240115,21,2111,8
20240115,21,2112,9
20240115,21,2116,2
20240115,21,2122,2
20240115,21,2128,3
20240115,21,2129,0
20240115,21,2130,10
20240115,21,2139,2
20240115,21,2143,0
20240115,21,2148,0
20240115,21,2159,9
20240115,21,2171,3
20240115,21,2172,11
20240115,21,2178,1
20240115,21,2179,23
20240115,21,2185,4
20240115,21,2186,2
20240115,21,2191,15
20240115,21,2198,1
20240115,21,2199,0
20240115,21,3310,0
20240115,21,3311,2
20240115,21,3802,2
20240115,22,2111,7
20240115,22,2112,9
20240115,22,2116,1
20240115,22,2122,1
20240115,22,2128,2
20240115,22,2129,0
20240115,22,2130,9
20240115,22,2139,3
20240115,22,2143,0
20240115,22,2148,2
20240115,22,2159,9
20240115,22,2171,3
20240115,22,2172,11
20240115,22,2178,1
20240115,22,2179,23
20240115,22,2185,5
20240115,22,2186,2
20240115,22,2191,11
20240115,22,2198,2
20240115,22,2199,0
20240115,22,3310,1
20240115,22,3311,1
20240115,22,3802,3
20240115,23,2111,7
20240115,23,2112,8
20240115,23,2116,1
20240115,23,2122,1
20240115,23,2128,2
20240115,23,2129,0
20240115,23,2130,8
20240115,23,2139,5
20240115,23,2143,1
20240115,23,2148,2
20240115,23,2159,10
20240115,23,2171,4
20240115,23,2172,9
20240115,23,2178,1
20240115,23,2179,22
20240115,23,2185,4
20240115,23,2186,3
20240115,23,2191,14
20240115,23,2198,4
20240115,23,2199,0
20240115,23,3310,1
20240115,23,3311,2
20240115,23,3802,0
20240116,0,2111,7
20240116,0,2112,8
20240116,0,2116,1
20240116,0,2122,3
20240116,0,2128,2
20240116,0,2129,0
20240116,0,2130,8
20240116,0,2139,7
20240116,0,2143,1
20240116,0,2148,2
20240116,0,2159,10
20240116,0,2171,4
20240116,0,2172,10
20240116,0,2178,1
20240116,0,2179,21
20240116,0,2185,3
20240116,0,2186,3
20240116,0,2191,15
20240116,0,2198,5
20240116,0,2199,0
20240116,0,3310,1
20240116,0,3311,2
20240116,0,3802,0
20240116,1,2111,5
20240116,1,2112,8
20240116,1,2116,2
20240116,1,2122,3
20240116,1,2128,3
20240116,1,2129,0
20240116,1,2130,8
20240116,1,2139,7
20240116,1,2143,1
20240116,1,2148,1
20240116,1,2159,10
20240116,1,2171,4
20240116,1,2172,10
20240116,1,2178,1
20240116,1,2179,20
20240116,1,2185,3
20240116,1,2186,4
20240116,1,2191,15
20240116,1,2198,5
20240116,1,2199,0
20240116,1,3310,1
20240116,1,3311,2
20240116,1,3802,0
20240116,2,2111,3
20240116,2,2112,8
20240116,2,2116,2
20240116,2,2122,4
20240116,2,2128,0
20240116,2,2129,0
20240116,2,2130,8
20240116,2,2139,8
20240116,2,2143,1
20240116,2,2148,1
20240116,2,2159,10
20240116,2,2171,4
20240116,2,2172,10
20240116,2,2178,1
20240116,2,2179,22
20240116,2,2185,3
20240116,2,2186,3
20240116,2,2191,16
20240116,2,2198,5
20240116,2,2199,0
20240116,2,3310,2
20240116,2,3311,1
20240116,2,3802,0
20240116,3,2111,3
20240116,3,2112,8
20240116,3,2116,2
20240116,3,2122,3
20240116,3,2128,0
20240116,3,2129,0
20240116,3,2130,7
20240116,3,2139,10
20240116,3,2143,2
20240116,3,2148,1
20240116,3,2159,10
20240116,3,2171,5
20240116,3,2172,10
20240116,3,2178,1
20240116,3,2179,22
20240116,3,2185,3
20240116,3,2186,4
20240116,3,2191,16
20240116,3,2198,5
20240116,3,2199,0
20240116,3,3310,2
20240116,3,3311,1
20240116,3,3802,0
20240116,4,2111,3
20240116,4,2112,8
20240116,4,2116,2
20240116,4,2122,3
20240116,4,2128,0
20240116,4,2129,0
20240116,4,2130,8
20240116,4,2139,10
20240116,4,2143,2
20240116,4,2148,0
20240116,4,2159,10
20240116,4,2171,4
20240116,4,2172,10
20240116,4,2178,1
20240116,4,2179,21
20240116,4,2185,3
20240116,4,2186,3
20240116,4,2191,17
20240116,4,2198,5
20240116,4,2199,1
20240116,4,3310,2
20240116,4,3311,1
20240116,4,3802,0
20240116,5,2111,2
20240116,5,2112,8
20240116,5,2116,2
20240116,5,2122,3
20240116,5,2128,1
20240116,5,2129,0
20240116,5,2130,7
20240116,5,2139,11
20240116,5,2143,2
20240116,5,2148,0
20240116,5,2159,10
20240116,5,2171,4
20240116,5,2172,10
20240116,5,2178,1
20240116,5,2179,20
20240116,5,2185,4
20240116,5,2186,3
20240116,5,2191,16
20240116,5,2198,5
20240116,5,2199,1
20240116,5,3310,2
20240116,5,3311,1
20240116,5,3802,0
20240116,6,2111,4
20240116,6,2112,8
20240116,6,2116,2
20240116,6,2122,2
20240116,6,2128,1
20240116,6,2129,0
20240116,6,2130,8
20240116,6,2139,11
20240116,6,2143,2
20240116,6,2148,0
20240116,6,2159,10
20240116,6,2171,3
20240116,6,2172,10
20240116,6,2178,1
20240116,6,2179,21
20240116,6,2185,4
20240116,6,2186,2
20240116,6,2191,16
20240116,6,2198,5
20240116,6,2199,0
20240116,6,3310,2
20240116,6,3311,1
20240116,6,3802,3
20240116,7,2111,4
20240116,7,2112,6
20240116,7,2116,2
20240116,7,2122,1
20240116,7,2128,1
20240116,7,2129,0
20240116,7,2130,8
20240116,7,2139,11
20240116,7,2143,2
20240116,7,2148,0
20240116,7,2159,10
20240116,7,2171,1
20240116,7,2172,10
20240116,7,2178,1
20240116,7,2179,21
20240116,7,2185,3
20240116,7,2186,0
20240116,7,2191,16
20240116,7,2198,6
20240116,7,2199,1
20240116,7,3310,1
20240116,7,3311,1
20240116,7,3802,4
20240116,8,2111,7
20240116,8,2112,4
20240116,8,2116,3
20240116,8,2122,1
20240116,8,2128,1
20240116,8,2129,1
20240116,8,2130,7
20240116,8,2139,11
20240116,8,2143,2
20240116,8,2148,1
20240116,8,2159,11
20240116,8,2171,2
20240116,8,2172,10
20240116,8,2178,1
20240116,8,2179,22
20240116,8,2185,4
20240116,8,2186,0
20240116,8,2191,15
20240116,8,2198,5
20240116,8,2199,1
20240116,8,3310,0
20240116,8,3311,3
20240116,8,3802,4
20240116,9,2111,8
20240116,9,2112,3
20240116,9,2116,4
20240116,9,2122,2
20240116,9,2128,2
20240116,9,2129,2
20240116,9,2130,8
20240116,9,2139,6
20240116,9,2143,2
20240116,9,2148,1
20240116,9,2159,9
20240116,9,2171,5
20240116,9,2172,10
20240116,9,2178,1
20240116,9,2179,23
20240116,9,2185,4
20240116,9,2186,0
20240116,9,2191,15
20240116,9,2198,3
20240116,9,2199,1
20240116,9,3310,0
20240116,9,3311,4
20240116,9,3802,0
20240116,10,2111,8
20240116,10,2112,2
20240116,10,2116,4
20240116,10,2122,2
20240116,10,2128,3
20240116,10,2129,2
20240116,10,2130,7
20240116,10,2139,4
20240116,10,2143,2
20240116,10,2148,2
20240116,10,2159,9
20240116,10,2171,4
20240116,10,2172,10
20240116,10,2178,0
20240116,10,2179,21
20240116,10,2185,5
20240116,10,2186,0
20240116,10,2191,16
20240116,10,2198,0
20240116,10,2199,1
20240116,10,3310,0
20240116,10,3311,4
20240116,10,3802,0
20240116,11,2111,8
20240116,11,2112,3
20240116,11,2116,3
20240116,11,2122,0
20240116,11,2128,3
20240116,11,2129,3
20240116,11,2130,7
20240116,11,2139,3
20240116,11,2143,2
20240116,11,2148,2
20240116,11,2159,8
20240116,11,2171,5
20240116,11,2172,10
20240116,11,2178,0
20240116,11,2179,21
20240116,11,2185,4
20240116,11,2186,0
20240116,11,2191,14
20240116,11,2198,0
20240116,11,2199,0
20240116,11,3310,0
20240116,11,3311,4
20240116,11,3802,0
20240116,12,2111,9
20240116,12,2112,2
20240116,12,2116,3
20240116,12,2122,0
20240116,12,2128,4
20240116,12,2129,3
20240116,12,2130,7
20240116,12,2139,3
20240116,12,2143,2
20240116,12,2148,3
20240116,12,2159,8
20240116,12,2171,6
20240116,12,2172,12
20240116,12,2178,0
20240116,12,2179,18
20240116,12,2185,5
20240116,12,2186,0
20240116,12,2191,14
20240116,12,2198,1
20240116,12,2199,0
20240116,12,3310,0
20240116,12,3311,3
20240116,12,3802,1
20240116,13,2111,11
20240116,13,2112,4
20240116,13,2116,5
20240116,13,2122,0
20240116,13,2128,3
20240116,13,2129,1
20240116,13,2130,7
20240116,13,2139,4
20240116,13,2143,2
20240116,13,2148,1
20240116,13,2159,8
20240116,13,2171,8
20240116,13,2172,11
20240116,13,2178,0
20240116,13,2179,16
20240116,13,2185,4
20240116,13,2186,0
20240116,13,2191,16
20240116,13,2198,0
20240116,13,2199,0
20240116,13,3310,0
20240116,13,3311,2
20240116,13,3802,1
20240116,14,2111,12
20240116,14,2112,5
20240116,14,2116,5
20240116,14,2122,0
20240116,14,2128,1
20240116,14,2129,1
20240116,14,2130,7
20240116,14,2139,5
20240116,14,2143,1
20240116,14,2148,0
20240116,14,2159,8
20240116,14,2171,9
20240116,14,2172,11
20240116,14,2178,0
20240116,14,2179,16
20240116,14,2185,5
20240116,14,2186,0
20240116,14,2191,17
20240116,14,2198,0
20240116,14,2199,0
20240116,14,3310,0
20240116,14,3311,1
20240116,14,3802,0
20240116,15,2111,10
20240116,15,2112,4
20240116,15,2116,4
20240116,15,2122,0
20240116,15,2128,1
20240116,15,2129,1
20240116,15,2130,7
20240116,15,2139,5
20240116,15,2143,1
20240116,15,2148,0
20240116,15,2159,8
20240116,15,2171,4
20240116,15,2172,13
20240116,15,2178,0
20240116,15,2179,17
20240116,15,2185,4
20240116,15,2186,0
20240116,15,2191,14
20240116,15,2198,0
20240116,15,2199,0
20240116,15,3310,0
20240116,15,3311,2
20240116,15,3802,0
20240116,16,2111,9
20240116,16,2112,5
20240116,16,2116,6
20240116,16,2122,0
20240116,16,2128,0
20240116,16,2129,1
20240116,16,2130,7
20240116,16,2139,4
20240116,16,2143,1
20240116,16,2148,1
20240116,16,2159,8
20240116,16,2171,6
20240116,16,2172,10
20240116,16,2178,0
20240116,16,2179,17
20240116,16,2185,4
20240116,16,2186,16
20240116,16,2191,14
20240116,16,2198,0
20240116,16,2199,0
20240116,16,3310,0
20240116,16,3311,3
20240116,16,3802,0
20240116,17,2111,4
20240116,17,2112,7
20240116,17,2116,6
20240116,17,2122,0
20240116,17,2128,0
20240116,17,2129,0
20240116,17,2130,6
20240116,17,2139,2
20240116,17,2143,1
20240116,17,2148,2
20240116,17,2159,8
20240116,17,2171,4
20240116,17,2172,8
20240116,17,2178,1
20240116,17,2179,17
20240116,17,2185,2
20240116,17,2186,16
20240116,17,2191,13
20240116,17,2198,0
20240116,17,2199,0
20240116,17,3310,0
20240116,17,3311,4
20240116,17,3802,0
20240116,18,2111,4
20240116,18,2112,6
20240116,18,2116,5
20240116,18,2122,0
20240116,18,2128,0
20240116,18,2129,0
20240116,18,2130,3
20240116,18,2139,1
20240116,18,2143,2
20240116,18,2148,1
20240116,18,2159,8
20240116,18,2171,9
20240116,18,2172,7
20240116,18,2178,0
20240116,18,2179,15
20240116,18,2185,1
20240116,18,2186,16
20240116,18,2191,14
20240116,18,2198,2
20240116,18,2199,0
20240116,18,3310,0
20240116,18,3311,3
20240116,18,3802,0
20240116,19,2111,2
20240116,19,2112,11
20240116,19,2116,9
20240116,19,2122,0
20240116,19,2128,1
20240116,19,2129,0
20240116,19,2130,3
20240116,19,2139,3
20240116,19,2143,2
20240116,19,2148,1
20240116,19,2159,9
20240116,19,2171,7
20240116,19,2172,8
20240116,19,2178,0
20240116,19,2179,16
20240116,19,2185,1
20240116,19,2186,15
20240116,19,2191,17
20240116,19,2198,4
20240116,19,2199,0
20240116,19,3310,0
20240116,19,3311,2
20240116,19,3802,1
20240116,20,2111,5
20240116,20,2112,12
20240116,20,2116,7
20240116,20,2122,1
20240116,20,2128,0
20240116,20,2129,0
20240116,20,2130,2
20240116,20,2139,3
20240116,20,2143,1
20240116,20,2148,0
20240116,20,2159,9
20240116,20,2171,11
20240116,20,2172,8
20240116,20,2178,0
20240116,20,2179,16
20240116,20,2185,1
20240116,20,2186,14
20240116,20,2191,16
20240116,20,2198,4
20240116,20,2199,0
20240116,20,3310,0
20240116,20,3311,4
20240116,20,3802,2
20240116,21,2111,5
20240116,21,2112,9
20240116,21,2116,8
20240116,21,2122,1
20240116,21,2128,0
20240116,21,2129,0
20240116,21,2130,2
20240116,21,2139,3
20240116,21,2143,1
20240116,21,2148,3
20240116,21,2159,9
20240116,21,2171,11
20240116,21,2172,7
20240116,21,2178,0
20240116,21,2179,16
20240116,21,2185,3
20240116,21,2186,11
20240116,21,2191,18
20240116,21,2198,4
20240116,21,2199,0
20240116,21,3310,0
20240116,21,3311,4
20240116,21,3802,4
20240116,22,2111,7
20240116,22,2112,9
20240116,22,2116,6
20240116,22,2122,1
20240116,22,2128,0
20240116,22,2129,0
20240116,22,2130,1
20240116,22,2139,2
20240116,22,2143,2
20240116,22,2148,2
20240116,22,2159,9
20240116,22,2171,10
20240116,22,2172,7
20240116,22,2178,0
20240116,22,2179,16
20240116,22,2185,2
20240116,22,2186,10
20240116,22,2191,20
20240116,22,2198,6
20240116,22,2199,0
20240116,22,3310,0
20240116,22,3311,3
20240116,22,3802,0
20240116,23,2111,5
20240116,23,2112,9
20240116,23,2116,3
20240116,23,2122,0
20240116,23,2128,0
20240116,23,2129,0
20240116,23,2130,1
20240116,23,2139,2
20240116,23,2143,2
20240116,23,2148,2
20240116,23,2159,6
20240116,23,2171,10
20240116,23,2172,5
20240116,23,2178,0
20240116,23,2179,14
20240116,23,2185,1
20240116,23,2186,8
20240116,23,2191,24
20240116,23,2198,5
20240116,23,2199,0
20240116,23,3310,0
20240116,23,3311,1
20240116,23,3802,0
20240117,0,2111,3
20240117,0,2112,9
20240117,0,2116,3
20240117,0,2122,0
20240117,0,2128,0
20240117,0,2129,0
20240117,0,2130,1
20240117,0,2139,5
20240117,0,2143,3
20240117,0,2148,1
20240117,0,2159,7
20240117,0,2171,10
20240117,0,2172,5
20240117,0,2178,0
20240117,0,2179,14
20240117,0,2185,1
20240117,0,2186,8
20240117,0,2191,25
20240117,0,2198,3
20240117,0,2199,0
20240117,0,3310,0
20240117,0,3311,1
20240117,0,3802,1
20240117,1,2111,2
20240117,1,2112,10
20240117,1,2116,3
20240117,1,2122,0
20240117,1,2128,0
20240117,1,2129,0
20240117,1,2130,4
20240117,1,2139,5
20240117,1,2143,4
20240117,1,2148,0
20240117,1,2159,7
20240117,1,2171,9
20240117,1,2172,4
20240117,1,2178,0
20240117,1,2179,14
20240117,1,2185,1
20240117,1,2186,8
20240117,1,2191,25
20240117,1,2198,3
20240117,1,2199,0
20240117,1,3310,0
20240117,1,3311,1
20240117,1,3802,1
20240117,2,2111,2
20240117,2,2112,10
20240117,2,2116,3
20240117,2,2122,0
20240117,2,2128,0
20240117,2,2129,0
20240117,2,2130,4
20240117,2,2139,5
20240117,2,2143,4
20240117,2,2148,0
20240117,2,2159,7
20240117,2,2171,9
20240117,2,2172,3
20240117,2,2178,0
20240117,2,2179,14
20240117,2,2185,1
20240117,2,2186,8
20240117,2,2191,25
20240117,2,2198,3
20240117,2,2199,1
20240117,2,3310,1
20240117,2,3311,1
20240117,2,3802,1
20240117,3,2111,4
20240117,3,2112,10
20240117,3,2116,3
20240117,3,2122,0
20240117,3,2128,0
20240117,3,2129,0
20240117,3,2130,4
20240117,3,2139,4
20240117,3,2143,4
20240117,3,2148,0
20240117,3,2159,7
20240117,3,2171,9
20240117,3,2172,3
20240117,3,2178,0
20240117,3,2179,13
20240117,3,2185,0
20240117,3,2186,8
20240117,3,2191,29
20240117,3,2198,2
20240117,3,2199,1
20240117,3,3310,1
20240117,3,3311,1
20240117,3,3802,1
20240117,4,2111,4
20240117,4,2112,10
20240117,4,2116,3
20240117,4,2122,0
20240117,4,2128,0
20240117,4,2129,0
20240117,4,2130,4
20240117,4,2139,6
20240117,4,2143,4
20240117,4,2148,0
20240117,4,2159,7
20240117,4,2171,9
20240117,4,2172,3
20240117,4,2178,0
20240117,4,2179,13
20240117,4,2185,1
20240117,4,2186,9
20240117,4,2191,29
20240117,4,2198,2
20240117,4,2199,1
20240117,4,3310,1
20240117,4,3311,1
20240117,4,3802,1
20240117,5,2111,3
20240117,5,2112,10
20240117,5,2116,3
20240117,5,2122,0
20240117,5,2128,0
20240117,5,2129,0
20240117,5,2130,4
20240117,5,2139,5
20240117,5,2143,4
20240117,5,2148,0
20240117,5,2159,7
20240117,5,2171,7
20240117,5,2172,3
20240117,5,2178,0
20240117,5,2179,13
20240117,5,2185,1
20240117,5,2186,9
20240117,5,2191,30
20240117,5,2198,2
20240117,5,2199,1
20240117,5,3310,1
20240117,5,3311,1
20240117,5,3802,1
20240117,6,2111,3
20240117,6,2112,10
20240117,6,2116,3
20240117,6,2122,0
20240117,6,2128,0
20240117,6,2129,0
20240117,6,2130,4
20240117,6,2139,5
20240117,6,2143,4
20240117,6,2148,0
20240117,6,2159,7
20240117,6,2171,6
20240117,6,2172,3
20240117,6,2178,0
20240117,6,2179,14
20240117,6,2185,2
20240117,6,2186,9
20240117,6,2191,30
20240117,6,2198,1
20240117,6,2199,1
20240117,6,3310,1
20240117,6,3311,1
20240117,6,3802,5
20240117,7,2111,2
20240117,7,2112,11
20240117,7,2116,4
20240117,7,2122,0
20240117,7,2128,0
20240117,7,2129,0
20240117,7,2130,4
20240117,7,2139,6
20240117,7,2143,4
20240117,7,2148,0
20240117,7,2159,7
20240117,7,2171,5
20240117,7,2172,3
20240117,7,2178,0
20240117,7,2179,14
20240117,7,2185,1
20240117,7,2186,10
20240117,7,2191,30
20240117,7,2198,0
20240117,7,2199,1
20240117,7,3310,0
20240117,7,3311,3
20240117,7,3802,7
20240117,8,2111,4
20240117,8,2112,12
20240117,8,2116,3
20240117,8,2122,0
20240117,8,2128,2
20240117,8,2129,0
20240117,8,2130,4
20240117,8,2139,7
20240117,8,2143,4
20240117,8,2148,0
20240117,8,2159,7
20240117,8,2171,8
20240117,8,2172,3
20240117,8,2178,0
20240117,8,2179,14
20240117,8,2185,1
20240117,8,2186,8
20240117,8,2191,25
20240117,8,2198,1
20240117,8,2199,1
20240117,8,3310,0
20240117,8,3311,7
20240117,8,3802,6
20240117,9,2111,7
20240117,9,2112,12
20240117,9,2116,3
20240117,9,2122,0
20240117,9,2128,4
20240117,9,2129,0
20240117,9,2130,3
20240117,9,2139,3
20240117,9,2143,3
20240117,9,2148,0
20240117,9,2159,5
20240117,9,2171,13
20240117,9,2172,2
20240117,9,2178,1
20240117,9,2179,16
20240117,9,2185,1
20240117,9,2186,9
20240117,9,2191,23
20240117,9,2198,0
20240117,9,2199,1
20240117,9,3310,0
20240117,9,3311,13
20240117,9,3802,7
20240117,10,2111,7
20240117,10,2112,13
20240117,10,2116,3
20240117,10,2122,0
20240117,10,2128,5
20240117,10,2129,0
20240117,10,2130,4
20240117,10,2139,3
20240117,10,2143,3
20240117,10,2148,0
20240117,10,2159,5
20240117,10,2171,11
20240117,10,2172,3
20240117,10,2178,1
20240117,10,2179,14
20240117,10,2185,1
20240117,10,2186,7
20240117,10,2191,22
20240117,10,2198,1
20240117,10,2199,1
20240117,10,3310,0
20240117,10,3311,15
20240117,10,3802,5
20240117,11,2111,6
20240117,11,2112,12
20240117,11,2116,4
20240117,11,2122,0
20240117,11,2128,5
20240117,11,2129,0
20240117,11,2130,4
20240117,11,2139,2
20240117,11,2143,3
20240117,11,2148,1
20240117,11,2159,5
20240117,11,2171,13
20240117,11,2172,2
20240117,11,2178,1
20240117,11,2179,15
20240117,11,2185,1
20240117,11,2186,7
20240117,11,2191,20
20240117,11,2198,0
20240117,11,2199,2
20240117,11,3310,0
20240117,11,3311,19
20240117,11,3802,4
20240117,12,2111,7
20240117,12,2112,11
20240117,12,2116,4
20240117,12,2122,1
20240117,12,2128,5
20240117,12,2129,1
20240117,12,2130,4
20240117,12,2139,3
20240117,12,2143,3
20240117,12,2148,1
20240117,12,2159,4
20240117,12,2171,13
20240117,12,2172,2
20240117,12,2178,1
20240117,12,2179,18
20240117,12,2185,2
20240117,12,2186,7
20240117,12,2191,21
20240117,12,2198,1
20240117,12,2199,1
20240117,12,3310,0
20240117,12,3311,19
20240117,12,3802,4
20240117,13,2111,7
20240117,13,2112,11
20240117,13,2116,4
20240117,13,2122,1
20240117,13,2128,5
20240117,13,2129,1
20240117,13,2130,4
20240117,13,2139,3
20240117,13,2143,3
20240117,13,2148,1
20240117,13,2159,4
20240117,13,2171,13
20240117,13,2172,2
20240117,13,2178,1
20240117,13,2179,18
20240117,13,2185,2
20240117,13,2186,7
20240117,13,2191,21
20240117,13,2198,1
20240117,13,2199,1
20240117,13,3310,0
20240117,13,3311,20
20240117,13,3802,4
20240117,14,2111,7
20240117,14,2112,11
20240117,14,2116,4
20240117,14,2122,1
20240117,14,2128,5
20240117,14,2129,1
20240117,14,2130,4
20240117,14,2139,3
20240117,14,2143,3
20240117,14,2148,1
20240117,14,2159,4
20240117,14,2171,13
20240117,14,2172,2
20240117,14,2178,1
20240117,14,2179,18
20240117,14,2185,2
20240117,14,2186,7
20240117,14,2191,21
20240117,14,2198,1
20240117,14,2199,1
20240117,14,3310,0
20240117,14,3311,20
20240117,14,3802,4
20240117,15,2111,7
20240117,15,2112,11
20240117,15,2116,4
20240117,15,2122,1
20240117,15,2128,5
20240117,15,2129,1
20240117,15,2130,4
20240117,15,2139,3
20240117,15,2143,3
20240117,15,2148,1
20240117,15,2159,4
20240117,15,2171,13
20240117,15,2172,2
20240117,15,2178,1
20240117,15,2179,18
20240117,15,2185,2
20240117,15,2186,7
20240117,15,2191,20
20240117,15,2198,1
20240117,15,2199,1
20240117,15,3310,0
20240117,15,3311,20
20240117,15,3802,4
20240117,16,2111,8
20240117,16,2112,11
20240117,16,2116,4
20240117,16,2122,1
20240117,16,2128,5
20240117,16,2129,1
20240117,16,2130,4
20240117,16,2139,3
20240117,16,2143,3
20240117,16,2148,1
20240117,16,2159,4
20240117,16,2171,13
20240117,16,2172,2
20240117,16,2178,1
20240117,16,2179,18
20240117,16,2185,2
20240117,16,2186,7
20240117,16,2191,20
20240117,16,2198,1
20240117,16,2199,1
20240117,16,3310,0
20240117,16,3311,20
20240117,16,3802,4
20240117,17,2111,8
20240117,17,2112,11
20240117,17,2116,4
20240117,17,2122,1
20240117,17,2128,5
20240117,17,2129,1
20240117,17,2130,4
20240117,17,2139,3
20240117,17,2143,3
20240117,17,2148,1
20240117,17,2159,4
20240117,17,2171,13
20240117,17,2172,2
20240117,17,2178,1
20240117,17,2179,18
20240117,17,2185,2
20240117,17,2186,7
20240117,17,2191,20
20240117,17,2198,1
20240117,17,2199,1
20240117,17,3310,0
20240117,17,3311,20
20240117,17,3802,3
20240117,18,2111,8
20240117,18,2112,12
20240117,18,2116,4
20240117,18,2122,1
20240117,18,2128,5
20240117,18,2129,1
20240117,18,2130,4
20240117,18,2139,3
20240117,18,2143,3
20240117,18,2148,1
20240117,18,2159,4
20240117,18,2171,13
20240117,18,2172,2
20240117,18,2178,1
20240117,18,2179,18
20240117,18,2185,2
20240117,18,2186,7
20240117,18,2191,20
20240117,18,2198,1
20240117,18,2199,2
20240117,18,3310,0
20240117,18,3311,20
20240117,18,3802,3
20240117,19,2111,8
20240117,19,2112,12
20240117,19,2116,4
20240117,19,2122,0
20240117,19,2128,5
20240117,19,2129,0
20240117,19,2130,4
20240117,19,2139,4
20240117,19,2143,3
20240117,19,2148,3
20240117,19,2159,4
20240117,19,2171,12
20240117,19,2172,2
20240117,19,2178,1
20240117,19,2179,19
20240117,19,2185,2
20240117,19,2186,7
20240117,19,2191,20
20240117,19,2198,1
20240117,19,2199,1
20240117,19,3310,0
20240117,19,3311,21
20240117,19,3802,3
20240117,20,2111,8
20240117,20,2112,12
20240117,20,2116,4
20240117,20,2122,0
20240117,20,2128,5
20240117,20,2129,0
20240117,20,2130,4
20240117,20,2139,4
20240117,20,2143,3
20240117,20,2148,3
20240117,20,2159,4
20240117,20,2171,12
20240117,20,2172,2
20240117,20,2178,1
20240117,20,2179,19
20240117,20,2185,2
20240117,20,2186,7
20240117,20,2191,20
20240117,20,2198,1
20240117,20,2199,1
20240117,20,3310,0
20240117,20,3311,21
20240117,20,3802,3
20240117,21,2111,7
20240117,21,2112,12
20240117,21,2116,4
20240117,21,2122,1
20240117,21,2128,5
20240117,21,2129,0
20240117,21,2130,4
20240117,21,2139,4
20240117,21,2143,3
20240117,21,2148,3
20240117,21,2159,4
20240117,21,2171,13
20240117,21,2172,2
20240117,21,2178,1
20240117,21,2179,19
20240117,21,2185,2
20240117,21,2186,7
20240117,21,2191,20
20240117,21,2198,1
20240117,21,2199,1
20240117,21,3310,0
20240117,21,3311,22
20240117,21,3802,3
20240117,22,2111,7
20240117,22,2112,12
20240117,22,2116,4
20240117,22,2122,1
20240117,22,2128,5
20240117,22,2129,0
20240117,22,2130,4
20240117,22,2139,4
20240117,22,2143,3
20240117,22,2148,2
20240117,22,2159,4
20240117,22,2171,13
20240117,22,2172,2
20240117,22,2178,1
20240117,22,2179,19
20240117,22,2185,2
20240117,22,2186,7
20240117,22,2191,20
20240117,22,2198,1
20240117,22,2199,1
20240117,22,3310,0
20240117,22,3311,22
20240117,22,3802,5
20240117,23,2111,7
20240117,23,2112,12
20240117,23,2116,4
20240117,23,2122,1
20240117,23,2128,5
20240117,23,2129,0
20240117,23,2130,4
20240117,23,2139,4
20240117,23,2143,3
20240117,23,2148,2
20240117,23,2159,4
20240117,23,2171,13
20240117,23,2172,2
20240117,23,2178,1
20240117,23,2179,19
20240117,23,2185,2
20240117,23,2186,7
20240117,23,2191,21
20240117,23,2198,1
20240117,23,2199,1
20240117,23,3310,0
20240117,23,3311,22
20240117,23,3802,5
20240118,0,2111,7
20240118,0,2112,12
20240118,0,2116,4
20240118,0,2122,1
20240118,0,2128,5
20240118,0,2129,0
20240118,0,2130,3
20240118,0,2139,4
20240118,0,2143,3
20240118,0,2148,2
20240118,0,2159,4
20240118,0,2171,13
20240118,0,2172,2
20240118,0,2178,1
20240118,0,2179,19
20240118,0,2185,2
20240118,0,2186,7
20240118,0,2191,21
20240118,0,2198,1
20240118,0,2199,1
20240118,0,3310,0
20240118,0,3311,22
20240118,0,3802,5
20240118,1,2111,7
20240118,1,2112,12
20240118,1,2116,4
20240118,1,2122,1
20240118,1,2128,5
20240118,1,2129,0
20240118,1,2130,4
20240118,1,2139,4
20240118,1,2143,3
20240118,1,2148,2
20240118,1,2159,4
20240118,1,2171,13
20240118,1,2172,2
20240118,1,2178,1
20240118,1,2179,19
20240118,1,2185,2
20240118,1,2186,7
20240118,1,2191,21
20240118,1,2198,1
20240118,1,2199,2
20240118,1,3310,0
20240118,1,3311,22
20240118,1,3802,5
20240118,2,2111,8
20240118,2,2112,14
20240118,2,2116,4
20240118,2,2122,1
20240118,2,2128,5
20240118,2,2129,0
20240118,2,2130,4
20240118,2,2139,5
20240118,2,2143,3
20240118,2,2148,2
20240118,2,2159,4
20240118,2,2171,13
20240118,2,2172,1
20240118,2,2178,1
20240118,2,2179,17
20240118,2,2185,2
20240118,2,2186,7
20240118,2,2191,21
20240118,2,2198,1
20240118,2,2199,1
20240118,2,3310,0
20240118,2,3311,22
20240118,2,3802,5
20240118,3,2111,8
20240118,3,2112,14
20240118,3,2116,4
20240118,3,2122,1
20240118,3,2128,5
20240118,3,2129,0
20240118,3,2130,4
20240118,3,2139,5
20240118,3,2143,3
20240118,3,2148,2
20240118,3,2159,4
20240118,3,2171,13
20240118,3,2172,1
20240118,3,2178,1
20240118,3,2179,17
20240118,3,2185,2
20240118,3,2186,7
20240118,3,2191,21
20240118,3,2198,1
20240118,3,2199,1
20240118,3,3310,0
20240118,3,3311,22
20240118,3,3802,5
20240118,4,2111,8
20240118,4,2112,14
20240118,4,2116,3
20240118,4,2122,0
20240118,4,2128,5
20240118,4,2129,0
20240118,4,2130,3
20240118,4,2139,5
20240118,4,2143,3
20240118,4,2148,2
20240118,4,2159,4
20240118,4,2171,12
20240118,4,2172,1
20240118,4,2178,1
20240118,4,2179,17
20240118,4,2185,2
20240118,4,2186,7
20240118,4,2191,23
20240118,4,2198,1
20240118,4,2199,1
20240118,4,3310,0
20240118,4,3311,22
20240118,4,3802,5
20240118,5,2111,9
20240118,5,2112,15
20240118,5,2116,2
20240118,5,2122,0
20240118,5,2128,4
20240118,5,2129,0
20240118,5,2130,4
20240118,5,2139,5
20240118,5,2143,3
20240118,5,2148,1
20240118,5,2159,4
20240118,5,2171,13
20240118,5,2172,1
20240118,5,2178,1
20240118,5,2179,18
20240118,5,2185,2
20240118,5,2186,7
20240118,5,2191,25
20240118,5,2198,1
20240118,5,2199,1
20240118,5,3310,0
20240118,5,3311,22
20240118,5,3802,5
20240118,6,2111,8
20240118,6,2112,15
20240118,6,2116,2
20240118,6,2122,0
20240118,6,2128,4
20240118,6,2129,0
20240118,6,2130,4
20240118,6,2139,5
20240118,6,2143,3
20240118,6,2148,1
20240118,6,2159,4
20240118,6,2171,12
20240118,6,2172,1
20240118,6,2178,1
20240118,6,2179,18
20240118,6,2185,2
20240118,6,2186,7
20240118,6,2191,25
20240118,6,2198,1
20240118,6,2199,1
20240118,6,3310,0
20240118,6,3311,22
20240118,6,3802,7
20240118,7,2111,8
20240118,7,2112,13
20240118,7,2116,2
20240118,7,2122,0
20240118,7,2128,4
20240118,7,2129,0
20240118,7,2130,4
20240118,7,2139,5
20240118,7,2143,2
20240118,7,2148,0
20240118,7,2159,5
20240118,7,2171,13
20240118,7,2172,1
20240118,7,2178,1
20240118,7,2179,18
20240118,7,2185,1
20240118,7,2186,7
20240118,7,2191,25
20240118,7,2198,1
20240118,7,2199,1
20240118,7,3310,0
20240118,7,3311,22
20240118,7,3802,9
20240118,8,2111,10
20240118,8,2112,10
20240118,8,2116,3
20240118,8,2122,0
20240118,8,2128,4
20240118,8,2129,0
20240118,8,2130,4
20240118,8,2139,4
20240118,8,2143,2
20240118,8,2148,2
20240118,8,2159,5
20240118,8,2171,12
20240118,8,2172,1
20240118,8,2178,1
20240118,8,2179,18
20240118,8,2185,2
20240118,8,2186,6
20240118,8,2191,24
20240118,8,2198,1
20240118,8,2199,1
20240118,8,3310,0
20240118,8,3311,23
20240118,8,3802,8
20240118,9,2111,13
20240118,9,2112,10
20240118,9,2116,3
20240118,9,2122,1
20240118,9,2128,3
20240118,9,2129,1
20240118,9,2130,4
20240118,9,2139,2
20240118,9,2143,2
20240118,9,2148,2
20240118,9,2159,5
20240118,9,2171,11
20240118,9,2172,2
20240118,9,2178,1
20240118,9,2179,18
20240118,9,2185,1
20240118,9,2186,5
20240118,9,2191,22
20240118,9,2198,0
20240118,9,2199,1
20240118,9,3310,0
20240118,9,3311,23
20240118,9,3802,5
20240118,10,2111,11
20240118,10,2112,13
20240118,10,2116,3
20240118,10,2122,1
20240118,10,2128,3
20240118,10,2129,1
20240118,10,2130,4
20240118,10,2139,2
20240118,10,2143,2
20240118,10,2148,2
20240118,10,2159,5
20240118,10,2171,12
20240118,10,2172,3
20240118,10,2178,1
20240118,10,2179,19
20240118,10,2185,1
20240118,10,2186,6
20240118,10,2191,19
20240118,10,2198,0
20240118,10,2199,1
20240118,10,3310,0
20240118,10,3311,21
20240118,10,3802,6
20240118,11,2111,10
20240118,11,2112,15
20240118,11,2116,4
20240118,11,2122,0
20240118,11,2128,4
20240118,11,2129,0
20240118,11,2130,3
20240118,11,2139,1
20240118,11,2143,2
20240118,11,2148,3
20240118,11,2159,5
20240118,11,2171,14
20240118,11,2172,2
20240118,11,2178,2
20240118,11,2179,19
20240118,11,2185,1
20240118,11,2186,4
20240118,11,2191,20
20240118,11,2198,1
20240118,11,2199,1
20240118,11,3310,0
20240118,11,3311,20
20240118,11,3802,6
20240118,12,2111,9
20240118,12,2112,15
20240118,12,2116,4
20240118,12,2122,0
20240118,12,2128,4
20240118,12,2129,0
20240118,12,2130,2
20240118,12,2139,1
20240118,12,2143,2
20240118,12,2148,7
20240118,12,2159,5
20240118,12,2171,16
20240118,12,2172,2
20240118,12,2178,2
20240118,12,2179,18
20240118,12,2185,1
20240118,12,2186,3
20240118,12,2191,19
20240118,12,2198,0
20240118,12,2199,1
20240118,12,3310,0
20240118,12,3311,22
20240118,12,3802,5
20240118,13,2111,9
20240118,13,2112,15
20240118,13,2116,5
20240118,13,2122,0
20240118,13,2128,4
20240118,13,2129,0
20240118,13,2130,2
20240118,13,2139,1
20240118,13,2143,2
20240118,13,2148,4
20240118,13,2159,5
20240118,13,2171,15
20240118,13,2172,4
20240118,13,2178,2
20240118,13,2179,19
20240118,13,2185,2
20240118,13,2186,3
20240118,13,2191,18
20240118,13,2198,0
20240118,13,2199,1
20240118,13,3310,0
20240118,13,3311,23
20240118,13,3802,8
20240118,14,2111,10
20240118,14,2112,17
20240118,14,2116,7
20240118,14,2122,0
20240118,14,2128,6
20240118,14,2129,0
20240118,14,2130,2
20240118,14,2139,1
20240118,14,2143,2
20240118,14,2148,2
20240118,14,2159,5
20240118,14,2171,12
20240118,14,2172,2
20240118,14,2178,3
20240118,14,2179,20
20240118,14,2185,2
20240118,14,2186,3
20240118,14,2191,19
20240118,14,2198,1
20240118,14,2199,0
20240118,14,3310,0
20240118,14,3311,23
20240118,14,3802,6
20240118,15,2111,11
20240118,15,2112,15
20240118,15,2116,7
20240118,15,2122,2
20240118,15,2128,3
20240118,15,2129,0
20240118,15,2130,0
20240118,15,2139,3
20240118,15,2143,2
20240118,15,2148,2
20240118,15,2159,4
20240118,15,2171,9
20240118,15,2172,0
20240118,15,2178,2
20240118,15,2179,18
20240118,15,2185,4
20240118,15,2186,1
20240118,15,2191,17
20240118,15,2198,1
20240118,15,2199,1
20240118,15,3310,0
20240118,15,3311,23
20240118,15,3802,6
20240118,16,2111,8
20240118,16,2112,14
20240118,16,2116,7
20240118,16,2122,1
20240118,16,2128,5
20240118,16,2129,0
20240118,16,2130,0
20240118,16,2139,1
20240118,16,2143,1
20240118,16,2148,3
20240118,16,2159,4
20240118,16,2171,8
20240118,16,2172,0
20240118,16,2178,3
20240118,16,2179,18
20240118,16,2185,1
20240118,16,2186,1
20240118,16,2191,14
20240118,16,2198,1
20240118,16,2199,1
20240118,16,3310,0
20240118,16,3311,21
20240118,16,3802,4
20240118,17,2111,8
20240118,17,2112,14
20240118,17,2116,7
20240118,17,2122,2
20240118,17,2128,6
20240118,17,2129,0
20240118,17,2130,0
20240118,17,2139,0
20240118,17,2143,0
20240118,17,2148,1
20240118,17,2159,4
20240118,17,2171,6
20240118,17,2172,1
20240118,17,2178,4
20240118,17,2179,19
20240118,17,2185,0
20240118,17,2186,3
20240118,17,2191,13
20240118,17,2198,2
20240118,17,2199,1
20240118,17,3310,0
20240118,17,3311,19
20240118,17,3802,5
20240118,18,2111,9
20240118,18,2112,12
20240118,18,2116,10
20240118,18,2122,2
20240118,18,2128,6
20240118,18,2129,0
20240118,18,2130,0
20240118,18,2139,1
20240118,18,2143,0
20240118,18,2148,0
20240118,18,2159,3
20240118,18,2171,7
20240118,18,2172,1
20240118,18,2178,2
20240118,18,2179,19
20240118,18,2185,0
20240118,18,2186,5
20240118,18,2191,13
20240118,18,2198,2
20240118,18,2199,1
20240118,18,3310,0
20240118,18,3311,18
20240118,18,3802,5
20240118,19,2111,7
20240118,19,2112,11
20240118,19,2116,11
20240118,19,2122,0
20240118,19,2128,8
20240118,19,2129,0
20240118,19,2130,1
20240118,19,2139,4
20240118,19,2143,0
20240118,19,2148,0
20240118,19,2159,3
20240118,19,2171,8
20240118,19,2172,1
20240118,19,2178,0
20240118,19,2179,17
20240118,19,2185,1
20240118,19,2186,5
20240118,19,2191,18
20240118,19,2198,1
20240118,19,2199,1
20240118,19,3310,0
20240118,19,3311,19
20240118,19,3802,7
20240118,20,2111,6
20240118,20,2112,12
20240118,20,2116,8
20240118,20,2122,2
20240118,20,2128,9
20240118,20,2129,0
20240118,20,2130,1
20240118,20,2139,3
20240118,20,2143,0
20240118,20,2148,2
20240118,20,2159,4
20240118,20,2171,3
20240118,20,2172,0
20240118,20,2178,0
20240118,20,2179,17
20240118,20,2185,1
20240118,20,2186,5
20240118,20,2191,19
20240118,20,2198,1
20240118,20,2199,1
20240118,20,3310,0
20240118,20,3311,17
20240118,20,3802,8
20240118,21,2111,5
20240118,21,2112,10
20240118,21,2116,6
20240118,21,2122,4
20240118,21,2128,10
20240118,21,2129,1
20240118,21,2130,0
20240118,21,2139,1
20240118,21,2143,1
20240118,21,2148,0
20240118,21,2159,4
20240118,21,2171,3
20240118,21,2172,0
20240118,21,2178,0
20240118,21,2179,17
20240118,21,2185,0
20240118,21,2186,5
20240118,21,2191,18
20240118,21,2198,1
20240118,21,2199,1
20240118,21,3310,0
20240118,21,3311,16
20240118,21,3802,7
20240118,22,2111,4
20240118,22,2112,10
20240118,22,2116,5
20240118,22,2122,3
20240118,22,2128,8
20240118,22,2129,0
20240118,22,2130,0
20240118,22,2139,0
20240118,22,2143,1
20240118,22,2148,1
20240118,22,2159,2
20240118,22,2171,2
20240118,22,2172,0
20240118,22,2178,0
20240118,22,2179,17
20240118,22,2185,0
20240118,22,2186,6
20240118,22,2191,14
20240118,22,2198,1
20240118,22,2199,1
20240118,22,3310,0
20240118,22,3311,13
20240118,22,3802,5
20240118,23,2111,4
20240118,23,2112,12
20240118,23,2116,3
20240118,23,2122,3
20240118,23,2128,8
20240118,23,2129,0
20240118,23,2130,0
20240118,23,2139,2
20240118,23,2143,0
20240118,23,2148,0
20240118,23,2159,2
20240118,23,2171,2
20240118,23,2172,0
20240118,23,2178,0
20240118,23,2179,17
20240118,23,2185,0
20240118,23,2186,5
20240118,23,2191,17
20240118,23,2198,0
20240118,23,2199,1
20240118,23,3310,0
20240118,23,3311,10
20240118,23,3802,1
20240119,0,2111,5
20240119,0,2112,11
20240119,0,2116,2
20240119,0,2122,3
20240119,0,2128,7
20240119,0,2129,0
20240119,0,2130,0
20240119,0,2139,4
20240119,0,2143,0
20240119,0,2148,0
20240119,0,2159,2
20240119,0,2171,3
20240119,0,2172,0
20240119,0,2178,0
20240119,0,2179,17
20240119,0,2185,0
20240119,0,2186,5
20240119,0,2191,19
20240119,0,2198,1
20240119,0,2199,1
20240119,0,3310,0
20240119,0,3311,9
20240119,0,3802,1
20240119,1,2111,4
20240119,1,2112,13
20240119,1,2116,2
20240119,1,2122,3
20240119,1,2128,7
20240119,1,2129,0
20240119,1,2130,0
20240119,1,2139,3
20240119,1,2143,0
20240119,1,2148,0
20240119,1,2159,2
20240119,1,2171,4
20240119,1,2172,0
20240119,1,2178,0
20240119,1,2179,16
20240119,1,2185,0
20240119,1,2186,5
20240119,1,2191,19
20240119,1,2198,0
20240119,1,2199,1
20240119,1,3310,0
20240119,1,3311,5
20240119,1,3802,1
20240119,2,2111,4
20240119,2,2112,12
20240119,2,2116,2
20240119,2,2122,1
20240119,2,2128,7
20240119,2,2129,0
20240119,2,2130,0
20240119,2,2139,4
20240119,2,2143,0
20240119,2,2148,0
20240119,2,2159,2
20240119,2,2171,3
20240119,2,2172,0
20240119,2,2178,0
20240119,2,2179,16
20240119,2,2185,0
20240119,2,2186,6
20240119,2,2191,19
20240119,2,2198,0
20240119,2,2199,1
20240119,2,3310,0
20240119,2,3311,4
20240119,2,3802,1
20240119,3,2111,3
20240119,3,2112,11
20240119,3,2116,2
20240119,3,2122,1
20240119,3,2128,6
20240119,3,2129,0
20240119,3,2130,0
20240119,3,2139,4
20240119,3,2143,0
20240119,3,2148,0
20240119,3,2159,2
20240119,3,2171,3
20240119,3,2172,0
20240119,3,2178,0
20240119,3,2179,15
20240119,3,2185,0
20240119,3,2186,6
20240119,3,2191,20
20240119,3,2198,0
20240119,3,2199,1
20240119,3,3310,0
20240119,3,3311,4
20240119,3,3802,1
20240119,4,2111,4
20240119,4,2112,11
20240119,4,2116,2
20240119,4,2122,1
20240119,4,2128,4
20240119,4,2129,0
20240119,4,2130,0
20240119,4,2139,5
20240119,4,2143,0
20240119,4,2148,0
20240119,4,2159,2
20240119,4,2171,3
20240119,4,2172,0
20240119,4,2178,0
20240119,4,2179,17
20240119,4,2185,0
20240119,4,2186,6
20240119,4,2191,21
20240119,4,2198,0
20240119,4,2199,0
20240119,4,3310,0
20240119,4,3311,5
20240119,4,3802,1
20240119,5,2111,4
20240119,5,2112,12
20240119,5,2116,1
20240119,5,2122,1
20240119,5,2128,3
20240119,5,2129,0
20240119,5,2130,0
20240119,5,2139,4
20240119,5,2143,0
20240119,5,2148,1
20240119,5,2159,2
20240119,5,2171,4
20240119,5,2172,0
20240119,5,2178,0
20240119,5,2179,17
20240119,5,2185,0
20240119,5,2186,6
20240119,5,2191,22
20240119,5,2198,0
20240119,5,2199,0
20240119,5,3310,0
20240119,5,3311,4
20240119,5,3802,1
20240119,6,2111,5
20240119,6,2112,11
20240119,6,2116,1
20240119,6,2122,1
20240119,6,2128,3
20240119,6,2129,0
20240119,6,2130,0
20240119,6,2139,4
20240119,6,2143,0
20240119,6,2148,1
20240119,6,2159,2
20240119,6,2171,3
20240119,6,2172,0
20240119,6,2178,0
20240119,6,2179,17
20240119,6,2185,0
20240119,6,2186,3
20240119,6,2191,23
20240119,6,2198,0
20240119,6,2199,1
20240119,6,3310,0
20240119,6,3311,5
20240119,6,3802,3
20240119,7,2111,3
20240119,7,2112,11
20240119,7,2116,1
20240119,7,2122,1
20240119,7,2128,2
20240119,7,2129,0
20240119,7,2130,0
20240119,7,2139,4
20240119,7,2143,0
20240119,7,2148,0
20240119,7,2159,2
20240119,7,2171,3
20240119,7,2172,0
20240119,7,2178,0
20240119,7,2179,19
20240119,7,2185,0
20240119,7,2186,4
20240119,7,2191,24
20240119,7,2198,0
20240119,7,2199,1
20240119,7,3310,0
20240119,7,3311,5
20240119,7,3802,4
20240119,8,2111,5
20240119,8,2112,10
20240119,8,2116,2
20240119,8,2122,0
20240119,8,2128,3
20240119,8,2129,0
20240119,8,2130,0
20240119,8,2139,2
20240119,8,2143,0
20240119,8,2148,0
20240119,8,2159,2
20240119,8,2171,6
20240119,8,2172,0
20240119,8,2178,0
20240119,8,2179,20
20240119,8,2185,0
20240119,8,2186,2
20240119,8,2191,23
20240119,8,2198,0
20240119,8,2199,1
20240119,8,3310,0
20240119,8,3311,7
20240119,8,3802,3
20240119,9,2111,8
20240119,9,2112,8
20240119,9,2116,3
20240119,9,2122,0
20240119,9,2128,3
20240119,9,2129,0
20240119,9,2130,0
20240119,9,2139,0
20240119,9,2143,0
20240119,9,2148,1
20240119,9,2159,1
20240119,9,2171,7
20240119,9,2172,0
20240119,9,2178,0
20240119,9,2179,19
20240119,9,2185,0
20240119,9,2186,2
20240119,9,2191,21
20240119,9,2198,0
20240119,9,2199,1
20240119,9,3310,0
20240119,9,3311,8
20240119,9,3802,3
20240119,10,2111,8
20240119,10,2112,9
20240119,10,2116,4
20240119,10,2122,0
20240119,10,2128,4
20240119,10,2129,0
20240119,10,2130,0
20240119,10,2139,0
20240119,10,2143,0
20240119,10,2148,2
20240119,10,2159,0
20240119,10,2171,7
20240119,10,2172,1
20240119,10,2178,0
20240119,10,2179,18
20240119,10,2185,0
20240119,10,2186,0
20240119,10,2191,20
20240119,10,2198,0
20240119,10,2199,1
20240119,10,3310,0
20240119,10,3311,7
20240119,10,3802,0
20240119,11,2111,9
20240119,11,2112,9
20240119,11,2116,5
20240119,11,2122,0
20240119,11,2128,6
20240119,11,2129,0
20240119,11,2130,0
20240119,11,2139,0
20240119,11,2143,0
20240119,11,2148,1
20240119,11,2159,0
20240119,11,2171,9
20240119,11,2172,2
20240119,11,2178,1
20240119,11,2179,20
20240119,11,2185,0
20240119,11,2186,0
20240119,11,2191,19
20240119,11,2198,0
20240119,11,2199,1
20240119,11,3310,0
20240119,11,3311,7
20240119,11,3802,0
20240119,12,2111,10
20240119,12,2112,11
20240119,12,2116,4
20240119,12,2122,2
20240119,12,2128,7
20240119,12,2129,0
20240119,12,2130,0
20240119,12,2139,0
20240119,12,2143,0
20240119,12,2148,1
20240119,12,2159,1
20240119,12,2171,11
20240119,12,2172,4
20240119,12,2178,1
20240119,12,2179,22
20240119,12,2185,0
20240119,12,2186,0
20240119,12,2191,19
20240119,12,2198,0
20240119,12,2199,1
20240119,12,3310,0
20240119,12,3311,8
20240119,12,3802,0
20240119,13,2111,12
20240119,13,2112,11
20240119,13,2116,5
20240119,13,2122,1
20240119,13,2128,7
20240119,13,2129,0
20240119,13,2130,0
20240119,13,2139,0
20240119,13,2143,0
20240119,13,2148,2
20240119,13,2159,1
20240119,13,2171,11
20240119,13,2172,5
20240119,13,2178,1
20240119,13,2179,21
20240119,13,2185,0
20240119,13,2186,0
20240119,13,2191,17
20240119,13,2198,0
20240119,13,2199,1
20240119,13,3310,0
20240119,13,3311,10
20240119,13,3802,1
20240119,14,2111,10
20240119,14,2112,9
20240119,14,2116,5
20240119,14,2122,1
20240119,14,2128,7
20240119,14,2129,0
20240119,14,2130,0
20240119,14,2139,1
20240119,14,2143,0
20240119,14,2148,0
20240119,14,2159,1
20240119,14,2171,11
20240119,14,2172,7
20240119,14,2178,1
20240119,14,2179,20
20240119,14,2185,0
20240119,14,2186,0
20240119,14,2191,14
20240119,14,2198,0
20240119,14,2199,1
20240119,14,3310,0
20240119,14,3311,8
20240119,14,3802,0
20240119,15,2111,11
20240119,15,2112,9
20240119,15,2116,5
20240119,15,2122,0
20240119,15,2128,8
20240119,15,2129,1
20240119,15,2130,0
20240119,15,2139,0
20240119,15,2143,0
20240119,15,2148,0
20240119,15,2159,2
20240119,15,2171,11
20240119,15,2172,7
20240119,15,2178,1
20240119,15,2179,22
20240119,15,2185,19
20240119,15,2186,0
20240119,15,2191,15
20240119,15,2198,1
20240119,15,2199,1
20240119,15,3310,0
20240119,15,3311,7
20240119,15,3802,0
20240119,16,2111,9
20240119,16,2112,8
20240119,16,2116,3
20240119,16,2122,3
20240119,16,2128,8
20240119,16,2129,0
20240119,16,2130,0
20240119,16,2139,0
20240119,16,2143,0
20240119,16,2148,0
20240119,16,2159,2
20240119,16,2171,13
20240119,16,2172,7
20240119,16,2178,0
20240119,16,2179,21
20240119,16,2185,17
20240119,16,2186,0
20240119,16,2191,17
20240119,16,2198,2
20240119,16,2199,1
20240119,16,3310,0
20240119,16,3311,8
20240119,16,3802,0
20240119,17,2111,9
20240119,17,2112,9
20240119,17,2116,3
20240119,17,2122,0
20240119,17,2128,9
20240119,17,2129,0
20240119,17,2130,0
20240119,17,2139,1
20240119,17,2143,1
20240119,17,2148,0
20240119,17,2159,5
20240119,17,2171,16
20240119,17,2172,7
20240119,17,2178,0
20240119,17,2179,19
20240119,17,2185,16
20240119,17,2186,0
20240119,17,2191,14
20240119,17,2198,1
20240119,17,2199,0
20240119,17,3310,0
20240119,17,3311,8
20240119,17,3802,0
20240119,18,2111,6
20240119,18,2112,10
20240119,18,2116,3
20240119,18,2122,3
20240119,18,2128,7
20240119,18,2129,0
20240119,18,2130,0
20240119,18,2139,1
20240119,18,2143,2
20240119,18,2148,0
20240119,18,2159,5
20240119,18,2171,13
20240119,18,2172,5
20240119,18,2178,0
20240119,18,2179,21
20240119,18,2185,18
20240119,18,2186,0
20240119,18,2191,12
20240119,18,2198,1
20240119,18,2199,0
20240119,18,3310,0
20240119,18,3311,8
20240119,18,3802,0
20240119,19,2111,7
20240119,19,2112,9
20240119,19,2116,5
20240119,19,2122,0
20240119,19,2128,7
20240119,19,2129,0
20240119,19,2130,0
20240119,19,2139,3
20240119,19,2143,3
20240119,19,2148,0
20240119,19,2159,3
20240119,19,2171,7
20240119,19,2172,4
20240119,19,2178,0
20240119,19,2179,21
20240119,19,2185,17
20240119,19,2186,0
20240119,19,2191,11
20240119,19,2198,1
20240119,19,2199,0
20240119,19,3310,0
20240119,19,3311,5
20240119,19,3802,2
20240119,20,2111,8
20240119,20,2112,8
20240119,20,2116,6
20240119,20,2122,0
20240119,20,2128,8
20240119,20,2129,0
20240119,20,2130,0
20240119,20,2139,3
20240119,20,2143,2
20240119,20,2148,1
20240119,20,2159,3
20240119,20,2171,6
20240119,20,2172,2
20240119,20,2178,0
20240119,20,2179,24
20240119,20,2185,19
20240119,20,2186,0
20240119,20,2191,15
20240119,20,2198,2
20240119,20,2199,0
20240119,20,3310,0
20240119,20,3311,7
20240119,20,3802,1
20240119,21,2111,8
20240119,21,2112,8
20240119,21,2116,8
20240119,21,2122,2
20240119,21,2128,5
20240119,21,2129,0
20240119,21,2130,0
20240119,21,2139,1
20240119,21,2143,2
20240119,21,2148,1
20240119,21,2159,4
20240119,21,2171,5
20240119,21,2172,2
20240119,21,2178,0
20240119,21,2179,23
20240119,21,2185,20
20240119,21,2186,2
20240119,21,2191,13
20240119,21,2198,2
20240119,21,2199,0
20240119,21,3310,0
20240119,21,3311,7
20240119,21,3802,0
20240119,22,2111,8
20240119,22,2112,5
20240119,22,2116,7
20240119,22,2122,2
20240119,22,2128,2
20240119,22,2129,0
20240119,22,2130,0
20240119,22,2139,1
20240119,22,2143,3
20240119,22,2148,2
20240119,22,2159,1
20240119,22,2171,6
20240119,22,2172,1
20240119,22,2178,0
20240119,22,2179,22
20240119,22,2185,20
20240119,22,2186,2
20240119,22,2191,13
20240119,22,2198,2
20240119,22,2199,0
20240119,22,3310,0
20240119,22,3311,6
20240119,22,3802,0
20240119,23,2111,6
20240119,23,2112,5
20240119,23,2116,7
20240119,23,2122,0
20240119,23,2128,3
20240119,23,2129,0
20240119,23,2130,0
20240119,23,2139,2
20240119,23,2143,3
20240119,23,2148,1
20240119,23,2159,1
20240119,23,2171,3
20240119,23,2172,1
20240119,23,2178,0
20240119,23,2179,23
20240119,23,2185,20
20240119,23,2186,1
20240119,23,2191,14
20240119,23,2198,3
20240119,23,2199,0
20240119,23,3310,0
20240119,23,3311,6
20240119,23,3802,0
20240120,0,2111,4
20240120,0,2112,5
20240120,0,2116,7
20240120,0,2122,1
20240120,0,2128,2
20240120,0,2129,0
20240120,0,2130,0
20240120,0,2139,0
20240120,0,2143,4
20240120,0,2148,1
20240120,0,2159,1
20240120,0,2171,3
20240120,0,2172,2
20240120,0,2178,0
20240120,0,2179,23
20240120,0,2185,19
20240120,0,2186,4
20240120,0,2191,16
20240120,0,2198,2
20240120,0,2199,0
20240120,0,3310,0
20240120,0,3311,5
20240120,0,3802,0
20240120,1,2111,5
20240120,1,2112,5
20240120,1,2116,8
20240120,1,2122,2
20240120,1,2128,1
20240120,1,2129,0
20240120,1,2130,0
20240120,1,2139,0
20240120,1,2143,4
20240120,1,2148,1
20240120,1,2159,1
20240120,1,2171,2
20240120,1,2172,1
20240120,1,2178,0
20240120,1,2179,24
20240120,1,2185,16
20240120,1,2186,4
20240120,1,2191,16
20240120,1,2198,1
20240120,1,2199,0
20240120,1,3310,0
20240120,1,3311,4
20240120,1,3802,0
20240120,2,2111,3
20240120,2,2112,6
20240120,2,2116,8
20240120,2,2122,2
20240120,2,2128,1
20240120,2,2129,0
20240120,2,2130,0
20240120,2,2139,2
20240120,2,2143,3
20240120,2,2148,2
20240120,2,2159,1
20240120,2,2171,2
20240120,2,2172,1
20240120,2,2178,0
20240120,2,2179,24
20240120,2,2185,16
20240120,2,2186,2
20240120,2,2191,17
20240120,2,2198,3
20240120,2,2199,0
20240120,2,3310,0
20240120,2,3311,3
20240120,2,3802,0
20240120,3,2111,3
20240120,3,2112,5
20240120,3,2116,8
20240120,3,2122,2
20240120,3,2128,1
20240120,3,2129,0
20240120,3,2130,0
20240120,3,2139,4
20240120,3,2143,3
20240120,3,2148,2
20240120,3,2159,1
20240120,3,2171,2
20240120,3,2172,0
20240120,3,2178,0
20240120,3,2179,24
20240120,3,2185,16
20240120,3,2186,1
20240120,3,2191,20
20240120,3,2198,3
20240120,3,2199,0
20240120,3,3310,0
20240120,3,3311,2
20240120,3,3802,0
20240120,4,2111,3
20240120,4,2112,3
20240120,4,2116,8
20240120,4,2122,2
20240120,4,2128,0
20240120,4,2129,0
20240120,4,2130,0
20240120,4,2139,4
20240120,4,2143,3
20240120,4,2148,0
20240120,4,2159,1
20240120,4,2171,1
20240120,4,2172,0
20240120,4,2178,0
20240120,4,2179,25
20240120,4,2185,17
20240120,4,2186,1
20240120,4,2191,21
20240120,4,2198,3
20240120,4,2199,0
20240120,4,3310,0
20240120,4,3311,1
20240120,4,3802,0
20240120,5,2111,3
20240120,5,2112,3
20240120,5,2116,8
20240120,5,2122,2
20240120,5,2128,0
20240120,5,2129,0
20240120,5,2130,0
20240120,5,2139,4
20240120,5,2143,3
20240120,5,2148,0
20240120,5,2159,1
20240120,5,2171,1
20240120,5,2172,0
20240120,5,2178,0
20240120,5,2179,25
20240120,5,2185,17
20240120,5,2186,1
20240120,5,2191,21
20240120,5,2198,3
20240120,5,2199,0
20240120,5,3310,0
20240120,5,3311,1
20240120,5,3802,0
20240120,6,2111,3
20240120,6,2112,3
20240120,6,2116,8
20240120,6,2122,2
20240120,6,2128,0
20240120,6,2129,0
20240120,6,2130,0
20240120,6,2139,4
20240120,6,2143,3
20240120,6,2148,0
20240120,6,2159,1
20240120,6,2171,1
20240120,6,2172,0
20240120,6,2178,0
20240120,6,2179,26
20240120,6,2185,17
20240120,6,2186,1
20240120,6,2191,20
20240120,6,2198,3
20240120,6,2199,0
20240120,6,3310,0
20240120,6,3311,1
20240120,6,3802,0
20240120,7,2111,3
20240120,7,2112,3
20240120,7,2116,8
20240120,7,2122,2
20240120,7,2128,0
20240120,7,2129,0
20240120,7,2130,0
20240120,7,2139,4
20240120,7,2143,3
20240120,7,2148,0
20240120,7,2159,1
20240120,7,2171,1
20240120,7,2172,0
20240120,7,2178,0
20240120,7,2179,26
20240120,7,2185,17
20240120,7,2186,1
20240120,7,2191,20
20240120,7,2198,3
20240120,7,2199,0
20240120,7,3310,0
20240120,7,3311,2
20240120,7,3802,0
20240120,8,2111,3
20240120,8,2112,3
20240120,8,2116,7
20240120,8,2122,2
20240120,8,2128,0
20240120,8,2129,0
20240120,8,2130,0
20240120,8,2139,3
20240120,8,2143,3
20240120,8,2148,0
20240120,8,2159,1
20240120,8,2171,2
20240120,8,2172,0
20240120,8,2178,0
20240120,8,2179,27
20240120,8,2185,16
20240120,8,2186,1
20240120,8,2191,20
20240120,8,2198,3
20240120,8,2199,0
20240120,8,3310,0
20240120,8,3311,2
20240120,8,3802,0
20240120,9,2111,3
20240120,9,2112,3
20240120,9,2116,7
20240120,9,2122,2
20240120,9,2128,0
20240120,9,2129,0
20240120,9,2130,0
20240120,9,2139,3
20240120,9,2143,2
20240120,9,2148,0
20240120,9,2159,1
20240120,9,2171,2
20240120,9,2172,0
20240120,9,2178,0
20240120,9,2179,27
20240120,9,2185,16
20240120,9,2186,1
20240120,9,2191,20
20240120,9,2198,3
20240120,9,2199,0
20240120,9,3310,0
20240120,9,3311,2
20240120,9,3802,0
20240120,10,2111,3
20240120,10,2112,3
20240120,10,2116,7
20240120,10,2122,2
20240120,10,2128,0
20240120,10,2129,0
20240120,10,2130,0
20240120,10,2139,3
20240120,10,2143,2
20240120,10,2148,0
20240120,10,2159,1
20240120,10,2171,2
20240120,10,2172,1
20240120,10,2178,1
20240120,10,2179,27
20240120,10,2185,16
20240120,10,2186,1
20240120,10,2191,19
20240120,10,2198,3
20240120,10,2199,0
20240120,10,3310,0
20240120,10,3311,2
20240120,10,3802,1
20240120,11,2111,3
20240120,11,2112,3
20240120,11,2116,7
20240120,11,2122,2
20240120,11,2128,0
20240120,11,2129,0
20240120,11,2130,0
20240120,11,2139,3
20240120,11,2143,2
20240120,11,2148,0
20240120,11,2159,1
20240120,11,2171,2
20240120,11,2172,1
20240120,11,2178,1
20240120,11,2179,28
20240120,11,2185,16
20240120,11,2186,1
20240120,11,2191,19
20240120,11,2198,3
20240120,11,2199,0
20240120,11,3310,0
20240120,11,3311,2
20240120,11,3802,1
20240120,12,2111,2
20240120,12,2112,3
20240120,12,2116,7
20240120,12,2122,1
20240120,12,2128,0
20240120,12,2129,0
20240120,12,2130,0
20240120,12,2139,3
20240120,12,2143,2
20240120,12,2148,1
20240120,12,2159,1
20240120,12,2171,2
20240120,12,2172,1
20240120,12,2178,1
20240120,12,2179,28
20240120,12,2185,16
20240120,12,2186,1
20240120,12,2191,19
20240120,12,2198,2
20240120,12,2199,0
20240120,12,3310,0
20240120,12,3311,2
20240120,12,3802,1
20240120,13,2111,2
20240120,13,2112,3
20240120,13,2116,7
20240120,13,2122,1
20240120,13,2128,0
20240120,13,2129,0
20240120,13,2130,0
20240120,13,2139,3
20240120,13,2143,2
20240120,13,2148,1
20240120,13,2159,1
20240120,13,2171,2
20240120,13,2172,1
20240120,13,2178,1
20240120,13,2179,29
20240120,13,2185,16
20240120,13,2186,1
20240120,13,2191,19
20240120,13,2198,2
20240120,13,2199,0
20240120,13,3310,0
20240120,13,3311,2
20240120,13,3802,1
20240120,14,2111,2
20240120,14,2112,3
20240120,14,2116,7
20240120,14,2122,1
20240120,14,2128,0
20240120,14,2129,0
20240120,14,2130,0
20240120,14,2139,3
20240120,14,2143,2
20240120,14,2148,1
20240120,14,2159,1
20240120,14,2171,2
20240120,14,2172,1
20240120,14,2178,1
20240120,14,2179,29
20240120,14,2185,16
20240120,14,2186,1
20240120,14,2191,18
20240120,14,2198,2
20240120,14,2199,0
20240120,14,3310,0
20240120,14,3311,3
20240120,14,3802,1
20240120,15,2111,2
20240120,15,2112,3
20240120,15,2116,7
20240120,15,2122,1
20240120,15,2128,0
20240120,15,2129,0
20240120,15,2130,0
20240120,15,2139,3
20240120,15,2143,2
20240120,15,2148,1
20240120,15,2159,1
20240120,15,2171,2
20240120,15,2172,1
20240120,15,2178,1
20240120,15,2179,29
20240120,15,2185,16
20240120,15,2186,1
20240120,15,2191,18
20240120,15,2198,2
20240120,15,2199,0
20240120,15,3310,0
20240120,15,3311,3
20240120,15,3802,1
20240120,16,2111,2
20240120,16,2112,3
20240120,16,2116,6
20240120,16,2122,1
20240120,16,2128,0
20240120,16,2129,0
20240120,16,2130,0
20240120,16,2139,2
20240120,16,2143,2
20240120,16,2148,1
20240120,16,2159,1
20240120,16,2171,3
20240120,16,2172,1
20240120,16,2178,1
20240120,16,2179,30
20240120,16,2185,15
20240120,16,2186,1
20240120,16,2191,18
20240120,16,2198,2
20240120,16,2199,0
20240120,16,3310,0
20240120,16,3311,3
20240120,16,3802,1
20240120,17,2111,2
20240120,17,2112,3
20240120,17,2116,6
20240120,17,2122,1
20240120,17,2128,0
20240120,17,2129,0
20240120,17,2130,0
20240120,17,2139,2
20240120,17,2143,2
20240120,17,2148,1
20240120,17,2159,1
20240120,17,2171,3
20240120,17,2172,1
20240120,17,2178,1
20240120,17,2179,30
20240120,17,2185,15
20240120,17,2186,1
20240120,17,2191,18
20240120,17,2198,2
20240120,17,2199,0
20240120,17,3310,0
20240120,17,3311,3
20240120,17,3802,1
20240120,18,2111,2
20240120,18,2112,3
20240120,18,2116,6
20240120,18,2122,1
20240120,18,2128,0
20240120,18,2129,0
20240120,18,2130,0
20240120,18,2139,2
20240120,18,2143,2
20240120,18,2148,1
20240120,18,2159,1
20240120,18,2171,3
20240120,18,2172,1
20240120,18,2178,1
20240120,18,2179,31
20240120,18,2185,15
20240120,18,2186,1
20240120,18,2191,17
20240120,18,2198,2
20240120,18,2199,0
20240120,18,3310,0
20240120,18,3311,3
20240120,18,3802,1
20240120,19,2111,2
20240120,19,2112,4
20240120,19,2116,6
20240120,19,2122,1
20240120,19,2128,0
20240120,19,2129,0
20240120,19,2130,0
20240120,19,2139,2
20240120,19,2143,2
20240120,19,2148,1
20240120,19,2159,0
20240120,19,2171,3
20240120,19,2172,2
20240120,19,2178,2
20240120,19,2179,31
20240120,19,2185,15
20240120,19,2186,1
20240120,19,2191,17
20240120,19,2198,2
20240120,19,2199,0
20240120,19,3310,0
20240120,19,3311,4
20240120,19,3802,2
20240120,20,2111,2
20240120,20,2112,4
20240120,20,2116,6
20240120,20,2122,1
20240120,20,2128,1
20240120,20,2129,0
20240120,20,2130,0
20240120,20,2139,2
20240120,20,2143,1
20240120,20,2148,1
20240120,20,2159,0
20240120,20,2171,3
20240120,20,2172,2
20240120,20,2178,2
20240120,20,2179,31
20240120,20,2185,15
20240120,20,2186,1
20240120,20,2191,17
20240120,20,2198,2
20240120,20,2199,1
20240120,20,3310,0
20240120,20,3311,4
20240120,20,3802,2
20240120,21,2111,2
20240120,21,2112,4
20240120,21,2116,6
20240120,21,2122,1
20240120,21,2128,1
20240120,21,2129,0
20240120,21,2130,0
20240120,21,2139,2
20240120,21,2143,1
20240120,21,2148,1
20240120,21,2159,0
20240120,21,2171,3
20240120,21,2172,2
20240120,21,2178,2
20240120,21,2179,32
20240120,21,2185,15
20240120,21,2186,1
20240120,21,2191,16
20240120,21,2198,2
20240120,21,2199,1
20240120,21,3310,0
20240120,21,3311,4
20240120,21,3802,2
20240120,22,2111,2
20240120,22,2112,4
20240120,22,2116,6
20240120,22,2122,1
20240120,22,2128,1
20240120,22,2129,0
20240120,22,2130,0
20240120,22,2139,2
20240120,22,2143,1
20240120,22,2148,1
20240120,22,2159,0
20240120,22,2171,3
20240120,22,2172,2
20240120,22,2178,2
20240120,22,2179,32
20240120,22,2185,15
20240120,22,2186,1
20240120,22,2191,16
20240120,22,2198,2
20240120,22,2199,1
20240120,22,3310,0
20240120,22,3311,4
20240120,22,3802,2
20240120,23,2111,2
20240120,23,2112,4
20240120,23,2116,5
20240120,23,2122,1
20240120,23,2128,1
20240120,23,2129,0
20240120,23,2130,0
20240120,23,2139,1
20240120,23,2143,1
20240120,23,2148,1
20240120,23,2159,0
20240120,23,2171,4
20240120,23,2172,2
20240120,23,2178,2
20240120,23,2179,33
20240120,23,2185,14
20240120,23,2186,1
20240120,23,2191,16
20240120,23,2198,2
20240120,23,2199,1
20240120,23,3310,0
20240120,23,3311,4
20240120,23,3802,2
20240125,0,2111,2
20240125,0,2112,4
20240125,0,2116,5
20240125,0,2122,1
20240125,0,2128,1
20240125,0,2129,0
20240125,0,2130,0
20240125,0,2139,1
20240125,0,2143,1
20240125,0,2148,1
20240125,0,2159,0
20240125,0,2171,4
20240125,0,2172,2
20240125,0,2178,2
20240125,0,2179,33
20240125,0,2185,14
20240125,0,2186,1
20240125,0,2191,16
20240125,0,2198,2
20240125,0,2199,1
20240125,0,3310,0
20240125,0,3311,4
20240125,0,3802,2
20240125,1,2111,2
20240125,1,2112,4
20240125,1,2116,5
20240125,1,2122,1
20240125,1,2128,1
20240125,1,2129,0
20240125,1,2130,0
20240125,1,2139,1
20240125,1,2143,1
20240125,1,2148,1
20240125,1,2159,0
20240125,1,2171,4
20240125,1,2172,2
20240125,1,2178,2
20240125,1,2179,33
20240125,1,2185,14
20240125,1,2186,1
20240125,1,2191,15
20240125,1,2198,2
20240125,1,2199,1
20240125,1,3310,0
20240125,1,3311,4
20240125,1,3802,2
20240125,2,2111,2
20240125,2,2112,4
20240125,2,2116,5
20240125,2,2122,1
20240125,2,2128,1
20240125,2,2129,0
20240125,2,2130,0
20240125,2,2139,1
20240125,2,2143,1
20240125,2,2148,1
20240125,2,2159,0
20240125,2,2171,4
20240125,2,2172,2
20240125,2,2178,2
20240125,2,2179,34
20240125,2,2185,14
20240125,2,2186,1
20240125,2,2191,15
20240125,2,2198,2
20240125,2,2199,1
20240125,2,3310,0
20240125,2,3311,5
20240125,2,3802,2
20240125,3,2111,1
20240125,3,2112,4
20240125,3,2116,5
20240125,3,2122,0
20240125,3,2128,1
20240125,3,2129,0
20240125,3,2130,0
20240125,3,2139,1
20240125,3,2143,1
20240125,3,2148,2
20240125,3,2159,0
20240125,3,2171,4
20240125,3,2172,2
20240125,3,2178,2
20240125,3,2179,34
20240125,3,2185,14
20240125,3,2186,1
20240125,3,2191,15
20240125,3,2198,1
20240125,3,2199,1
20240125,3,3310,0
20240125,3,3311,5
20240125,3,3802,2
20240125,4,2111,1
20240125,4,2112,4
20240125,4,2116,5
20240125,4,2122,0
20240125,4,2128,1
20240125,4,2129,0
20240125,4,2130,0
20240125,4,2139,1
20240125,4,2143,1
20240125,4,2148,2
20240125,4,2159,0
20240125,4,2171,4
20240125,4,2172,2
20240125,4,2178,2
20240125,4,2179,35
20240125,4,2185,14
20240125,4,2186,1
20240125,4,2191,15
20240125,4,2198,1
20240125,4,2199,1
20240125,4,3310,0
20240125,4,3311,5
20240125,4,3802,2
20240125,5,2111,1
20240125,5,2112,4
20240125,5,2116,5
20240125,5,2122,0
20240125,5,2128,1
20240125,5,2129,0
20240125,5,2130,0
20240125,5,2139,1
20240125,5,2143,0
20240125,5,2148,2
20240125,5,2159,0
20240125,5,2171,4
20240125,5,2172,2
20240125,5,2178,2
20240125,5,2179,35
20240125,5,2185,14
20240125,5,2186,1
20240125,5,2191,14
20240125,5,2198,1
20240125,5,2199,1
20240125,5,3310,0
20240125,5,3311,5
20240125,5,3802,2
20240125,6,2111,1
20240125,6,2112,4
20240125,6,2116,5
20240125,6,2122,0
20240125,6,2128,1
20240125,6,2129,0
20240125,6,2130,0
20240125,6,2139,1
20240125,6,2143,0
20240125,6,2148,2
20240125,6,2159,0
20240125,6,2171,4
20240125,6,2172,3
20240125,6,2178,3
20240125,6,2179,35
20240125,6,2185,14
20240125,6,2186,1
20240125,6,2191,14
20240125,6,2198,1
20240125,6,2199,1
20240125,6,3310,0
20240125,6,3311,5
20240125,6,3802,3
20240125,7,2111,1
20240125,7,2112,4
20240125,7,2116,4
20240125,7,2122,0
20240125,7,2128,1
20240125,7,2129,0
20240125,7,2130,0
20240125,7,2139,0
20240125,7,2143,0
20240125,7,2148,2
20240125,7,2159,0
20240125,7,2171,5
20240125,7,2172,3
20240125,7,2178,3
20240125,7,2179,36
20240125,7,2185,13
20240125,7,2186,1
20240125,7,2191,14
20240125,7,2198,1
20240125,7,2199,1
20240125,7,3310,0
20240125,7,3311,6
20240125,7,3802,3
20240125,8,2111,1
20240125,8,2112,4
20240125,8,2116,4
20240125,8,2122,0
20240125,8,2128,1
20240125,8,2129,0
20240125,8,2130,0
20240125,8,2139,0
20240125,8,2143,0
20240125,8,2148,2
20240125,8,2159,0
20240125,8,2171,5
20240125,8,2172,3
20240125,8,2178,3
20240125,8,2179,36
20240125,8,2185,13
20240125,8,2186,1
20240125,8,2191,14
20240125,8,2198,1
20240125,8,2199,1
20240125,8,3310,0
20240125,8,3311,6
20240125,8,3802,3
20240125,9,2111,1
20240125,9,2112,4
20240125,9,2116,4
20240125,9,2122,0
20240125,9,2128,1
20240125,9,2129,0
20240125,9,2130,0
20240125,9,2139,0
20240125,9,2143,0
20240125,9,2148,2
20240125,9,2159,0
20240125,9,2171,5
20240125,9,2172,3
20240125,9,2178,3
20240125,9,2179,37
20240125,9,2185,13
20240125,9,2186,1
20240125,9,2191,13
20240125,9,2198,1
20240125,9,2199,1
20240125,9,3310,0
20240125,9,3311,6
20240125,9,3802,3
20240125,10,2111,1
20240125,10,2112,4
20240125,10,2116,4
20240125,10,2122,0
20240125,10,2128,1
20240125,10,2129,0
20240125,10,2130,0
20240125,10,2139,0
20240125,10,2143,0
20240125,10,2148,2
20240125,10,2159,0
20240125,10,2171,5
20240125,10,2172,3
20240125,10,2178,3
20240125,10,2179,37
20240125,10,2185,13
20240125,10,2186,1
20240125,10,2191,13
20240125,10,2198,1
20240125,10,2199,1
20240125,10,3310,0
20240125,10,3311,6
20240125,10,3802,3
20240125,11,2111,1
20240125,11,2112,4
20240125,11,2116,6
20240125,11,2122,0
20240125,11,2128,1
20240125,11,2129,0
20240125,11,2130,0
20240125,11,2139,0
20240125,11,2143,0
20240125,11,2148,2
20240125,11,2159,0
20240125,11,2171,6
20240125,11,2172,3
20240125,11,2178,3
20240125,11,2179,35
20240125,11,2185,13
20240125,11,2186,1
20240125,11,2191,13
20240125,11,2198,1
20240125,11,2199,1
20240125,11,3310,0
20240125,11,3311,6
20240125,11,3802,4
20240125,12,2111,1
20240125,12,2112,4
20240125,12,2116,6
20240125,12,2122,1
20240125,12,2128,0
20240125,12,2129,0
20240125,12,2130,0
20240125,12,2139,0
20240125,12,2143,0
20240125,12,2148,3
20240125,12,2159,0
20240125,12,2171,7
20240125,12,2172,4
20240125,12,2178,3
20240125,12,2179,35
20240125,12,2185,12
20240125,12,2186,1
20240125,12,2191,13
20240125,12,2198,0
20240125,12,2199,1
20240125,12,3310,0
20240125,12,3311,6
20240125,12,3802,3
20240125,13,2111,1
20240125,13,2112,3
20240125,13,2116,6
20240125,13,2122,1
20240125,13,2128,1
20240125,13,2129,0
20240125,13,2130,1
20240125,13,2139,0
20240125,13,2143,0
20240125,13,2148,3
20240125,13,2159,0
20240125,13,2171,7
20240125,13,2172,4
20240125,13,2178,3
20240125,13,2179,35
20240125,13,2185,12
20240125,13,2186,2
20240125,13,2191,13
20240125,13,2198,0
20240125,13,2199,1
20240125,13,3310,0
20240125,13,3311,6
20240125,13,3802,2
20240125,14,2111,2
20240125,14,2112,4
20240125,14,2116,6
20240125,14,2122,0
20240125,14,2128,2
20240125,14,2129,0
20240125,14,2130,1
20240125,14,2139,0
20240125,14,2143,0
20240125,14,2148,2
20240125,14,2159,0
20240125,14,2171,4
20240125,14,2172,3
20240125,14,2178,3
20240125,14,2179,35
20240125,14,2185,12
20240125,14,2186,1
20240125,14,2191,13
20240125,14,2198,0
20240125,14,2199,1
20240125,14,3310,0
20240125,14,3311,2
20240125,14,3802,2
20240125,15,2111,1
20240125,15,2112,5
20240125,15,2116,5
20240125,15,2122,0
20240125,15,2128,1
20240125,15,2129,0
20240125,15,2130,1
20240125,15,2139,0
20240125,15,2143,0
20240125,15,2148,2
20240125,15,2159,0
20240125,15,2171,2
20240125,15,2172,2
20240125,15,2178,3
20240125,15,2179,21
20240125,15,2185,13
20240125,15,2186,1
20240125,15,2191,13
20240125,15,2198,0
20240125,15,2199,1
20240125,15,3310,0
20240125,15,3311,3
20240125,15,3802,2
20240125,16,2111,1
20240125,16,2112,5
20240125,16,2116,5
20240125,16,2122,1
20240125,16,2128,1
20240125,16,2129,0
20240125,16,2130,0
20240125,16,2139,0
20240125,16,2143,0
20240125,16,2148,2
20240125,16,2159,0
20240125,16,2171,2
20240125,16,2172,0
20240125,16,2178,3
20240125,16,2179,24
20240125,16,2185,11
20240125,16,2186,1
20240125,16,2191,12
20240125,16,2198,0
20240125,16,2199,0
20240125,16,3310,0
20240125,16,3311,4
20240125,16,3802,2
20240125,17,2111,1
20240125,17,2112,7
20240125,17,2116,5
20240125,17,2122,0
20240125,17,2128,2
20240125,17,2129,1
20240125,17,2130,0
20240125,17,2139,0
20240125,17,2143,0
20240125,17,2148,1
20240125,17,2159,0
20240125,17,2171,4
20240125,17,2172,1
20240125,17,2178,2
20240125,17,2179,25
20240125,17,2185,9
20240125,17,2186,1
20240125,17,2191,10
20240125,17,2198,0
20240125,17,2199,1
20240125,17,3310,1
20240125,17,3311,3
20240125,17,3802,1
20240125,18,2111,2
20240125,18,2112,8
20240125,18,2116,5
20240125,18,2122,0
20240125,18,2128,2
20240125,18,2129,1
20240125,18,2130,0
20240125,18,2139,0
20240125,18,2143,0
20240125,18,2148,0
20240125,18,2159,0
20240125,18,2171,3
20240125,18,2172,1
20240125,18,2178,0
20240125,18,2179,23
20240125,18,2185,9
20240125,18,2186,1
20240125,18,2191,10
20240125,18,2198,0
20240125,18,2199,0
20240125,18,3310,0
20240125,18,3311,2
20240125,18,3802,0
20240125,19,2111,3
20240125,19,2112,6
20240125,19,2116,7
20240125,19,2122,0
20240125,19,2128,2
20240125,19,2129,0
20240125,19,2130,0
20240125,19,2139,1
20240125,19,2143,0
20240125,19,2148,0
20240125,19,2159,0
20240125,19,2171,2
20240125,19,2172,1
20240125,19,2178,0
20240125,19,2179,23
20240125,19,2185,8
20240125,19,2186,1
20240125,19,2191,13
20240125,19,2198,2
20240125,19,2199,0
20240125,19,3310,0
20240125,19,3311,2
20240125,19,3802,2
20240125,20,2111,3
20240125,20,2112,6
20240125,20,2116,6
20240125,20,2122,0
20240125,20,2128,2
20240125,20,2129,0
20240125,20,2130,0
20240125,20,2139,2
20240125,20,2143,0
20240125,20,2148,2
20240125,20,2159,1
20240125,20,2171,2
20240125,20,2172,1
20240125,20,2178,0
20240125,20,2179,23
20240125,20,2185,7
20240125,20,2186,1
20240125,20,2191,13
20240125,20,2198,1
20240125,20,2199,0
20240125,20,3310,0
20240125,20,3311,2
20240125,20,3802,4
20240125,21,2111,3
20240125,21,2112,4
20240125,21,2116,4
20240125,21,2122,0
20240125,21,2128,4
20240125,21,2129,0
20240125,21,2130,9
20240125,21,2139,3
20240125,21,2143,0
20240125,21,2148,2
20240125,21,2159,1
20240125,21,2171,3
20240125,21,2172,1
20240125,21,2178,0
20240125,21,2179,21
20240125,21,2185,9
20240125,21,2186,1
20240125,21,2191,12
20240125,21,2198,2
20240125,21,2199,0
20240125,21,3310,0
20240125,21,3311,4
20240125,21,3802,1
20240125,22,2111,2
20240125,22,2112,4
20240125,22,2116,3
20240125,22,2122,0
20240125,22,2128,3
20240125,22,2129,0
20240125,22,2130,9
20240125,22,2139,3
20240125,22,2143,0
20240125,22,2148,0
20240125,22,2159,0
20240125,22,2171,2
20240125,22,2172,2
20240125,22,2178,0
20240125,22,2179,20
20240125,22,2185,9
20240125,22,2186,1
20240125,22,2191,11
20240125,22,2198,2
20240125,22,2199,0
20240125,22,3310,0
20240125,22,3311,3
20240125,22,3802,0
20240125,23,2111,3
20240125,23,2112,6
20240125,23,2116,2
20240125,23,2122,0
20240125,23,2128,2
20240125,23,2129,0
20240125,23,2130,9
20240125,23,2139,2
20240125,23,2143,0
20240125,23,2148,0
20240125,23,2159,0
20240125,23,2171,3
20240125,23,2172,1
20240125,23,2178,0
20240125,23,2179,20
20240125,23,2185,9
20240125,23,2186,1
20240125,23,2191,11
20240125,23,2198,2
20240125,23,2199,0
20240125,23,3310,0
20240125,23,3311,3
20240125,23,3802,0
20240126,0,2111,3
20240126,0,2112,5
20240126,0,2116,2
20240126,0,2122,0
20240126,0,2128,1
20240126,0,2129,0
20240126,0,2130,10
20240126,0,2139,3
20240126,0,2143,0
20240126,0,2148,0
20240126,0,2159,0
20240126,0,2171,1
20240126,0,2172,1
20240126,0,2178,0
20240126,0,2179,20
20240126,0,2185,9
20240126,0,2186,2
20240126,0,2191,11
20240126,0,2198,3
20240126,0,2199,0
20240126,0,3310,0
20240126,0,3311,1
20240126,0,3802,0
20240126,1,2111,3
20240126,1,2112,4
20240126,1,2116,2
20240126,1,2122,0
20240126,1,2128,0
20240126,1,2129,0
20240126,1,2130,10
20240126,1,2139,2
20240126,1,2143,0
20240126,1,2148,0
20240126,1,2159,0
20240126,1,2171,0
20240126,1,2172,1
20240126,1,2178,0
20240126,1,2179,18
20240126,1,2185,7
20240126,1,2186,1
20240126,1,2191,11
20240126,1,2198,1
20240126,1,2199,0
20240126,1,3310,0
20240126,1,3311,1
20240126,1,3802,0
20240126,2,2111,4
20240126,2,2112,5
20240126,2,2116,2
20240126,2,2122,0
20240126,2,2128,0
20240126,2,2129,0
20240126,2,2130,10
20240126,2,2139,2
20240126,2,2143,0
20240126,2,2148,0
20240126,2,2159,0
20240126,2,2171,0
20240126,2,2172,1
20240126,2,2178,0
20240126,2,2179,17
20240126,2,2185,7
20240126,2,2186,0
20240126,2,2191,10
20240126,2,2198,1
20240126,2,2199,1
20240126,2,3310,0
20240126,2,3311,1
20240126,2,3802,0
20240126,3,2111,3
20240126,3,2112,5
20240126,3,2116,2
20240126,3,2122,0
20240126,3,2128,0
20240126,3,2129,0
20240126,3,2130,10
20240126,3,2139,5
20240126,3,2143,0
20240126,3,2148,0
20240126,3,2159,0
20240126,3,2171,1
20240126,3,2172,1
20240126,3,2178,0
20240126,3,2179,17
20240126,3,2185,6
20240126,3,2186,0
20240126,3,2191,10
20240126,3,2198,1
20240126,3,2199,1
20240126,3,3310,0
20240126,3,3311,1
20240126,3,3802,0
20240126,4,2111,1
20240126,4,2112,5
20240126,4,2116,2
20240126,4,2122,0
20240126,4,2128,0
20240126,4,2129,0
20240126,4,2130,10
20240126,4,2139,4
20240126,4,2143,0
20240126,4,2148,0
20240126,4,2159,0
20240126,4,2171,1
20240126,4,2172,1
20240126,4,2178,0
20240126,4,2179,20
20240126,4,2185,8
20240126,4,2186,2
20240126,4,2191,11
20240126,4,2198,1
20240126,4,2199,0
20240126,4,3310,0
20240126,4,3311,1
20240126,4,3802,0
20240126,5,2111,1
20240126,5,2112,5
20240126,5,2116,2
20240126,5,2122,0
20240126,5,2128,0
20240126,5,2129,0
20240126,5,2130,10
20240126,5,2139,5
20240126,5,2143,0
20240126,5,2148,0
20240126,5,2159,0
20240126,5,2171,0
20240126,5,2172,1
20240126,5,2178,0
20240126,5,2179,21
20240126,5,2185,8
20240126,5,2186,1
20240126,5,2191,12
20240126,5,2198,1
20240126,5,2199,0
20240126,5,3310,0
20240126,5,3311,2
20240126,5,3802,0
20240126,6,2111,0
20240126,6,2112,3
20240126,6,2116,2
20240126,6,2122,0
20240126,6,2128,0
20240126,6,2129,0
20240126,6,2130,10
20240126,6,2139,5
20240126,6,2143,0
20240126,6,2148,0
20240126,6,2159,0
20240126,6,2171,0
20240126,6,2172,1
20240126,6,2178,0
20240126,6,2179,21
20240126,6,2185,9
20240126,6,2186,0
20240126,6,2191,12
20240126,6,2198,1
20240126,6,2199,0
20240126,6,3310,0
20240126,6,3311,2
20240126,6,3802,2
20240126,7,2111,1
20240126,7,2112,3
20240126,7,2116,2
20240126,7,2122,0
20240126,7,2128,0
20240126,7,2129,0
20240126,7,2130,10
20240126,7,2139,5
20240126,7,2143,0
20240126,7,2148,0
20240126,7,2159,0
20240126,7,2171,1
20240126,7,2172,1
20240126,7,2178,0
20240126,7,2179,23
20240126,7,2185,9
20240126,7,2186,0
20240126,7,2191,12
20240126,7,2198,0
20240126,7,2199,0
20240126,7,3310,0
20240126,7,3311,1
20240126,7,3802,2
20240126,8,2111,2
20240126,8,2112,3
20240126,8,2116,2
20240126,8,2122,0
20240126,8,2128,0
20240126,8,2129,0
20240126,8,2130,10
20240126,8,2139,4
20240126,8,2143,0
20240126,8,2148,0
20240126,8,2159,0
20240126,8,2171,1
20240126,8,2172,1
20240126,8,2178,0
20240126,8,2179,23
20240126,8,2185,9
20240126,8,2186,0
20240126,8,2191,11
20240126,8,2198,0
20240126,8,2199,0
20240126,8,3310,0
20240126,8,3311,2
20240126,8,3802,2
20240126,9,2111,3
20240126,9,2112,3
20240126,9,2116,2
20240126,9,2122,1
20240126,9,2128,1
20240126,9,2129,0
20240126,9,2130,10
20240126,9,2139,0
20240126,9,2143,0
20240126,9,2148,1
20240126,9,2159,0
20240126,9,2171,4
20240126,9,2172,2
20240126,9,2178,0
20240126,9,2179,22
20240126,9,2185,8
20240126,9,2186,0
20240126,9,2191,10
20240126,9,2198,0
20240126,9,2199,0
20240126,9,3310,0
20240126,9,3311,4
20240126,9,3802,0
20240126,10,2111,3
20240126,10,2112,5
20240126,10,2116,2
20240126,10,2122,0
20240126,10,2128,0
20240126,10,2129,0
20240126,10,2130,9
20240126,10,2139,0
20240126,10,2143,0
20240126,10,2148,1
20240126,10,2159,0
20240126,10,2171,2
20240126,10,2172,2
20240126,10,2178,0
20240126,10,2179,22
20240126,10,2185,8
20240126,10,2186,0
20240126,10,2191,9
20240126,10,2198,0
20240126,10,2199,0
20240126,10,3310,0
20240126,10,3311,5
20240126,10,3802,0
20240126,11,2111,3
20240126,11,2112,4
20240126,11,2116,3
20240126,11,2122,0
20240126,11,2128,0
20240126,11,2129,9
20240126,11,2130,9
20240126,11,2139,1
20240126,11,2143,0
20240126,11,2148,1
20240126,11,2159,13
20240126,11,2171,5
20240126,11,2172,2
20240126,11,2178,0
20240126,11,2179,24
20240126,11,2185,8
20240126,11,2186,0
20240126,11,2191,9
20240126,11,2198,6
20240126,11,2199,0
20240126,11,3310,0
20240126,11,3311,3
20240126,11,3802,0
20240126,12,2111,5
20240126,12,2112,5
20240126,12,2116,3
20240126,12,2122,0
20240126,12,2128,1
20240126,12,2129,9
20240126,12,2130,9
20240126,12,2139,1
20240126,12,2143,0
20240126,12,2148,2
20240126,12,2159,13
20240126,12,2171,5
20240126,12,2172,2
20240126,12,2178,0
20240126,12,2179,27
20240126,12,2185,8
20240126,12,2186,1
20240126,12,2191,9
20240126,12,2198,3
20240126,12,2199,0
20240126,12,3310,0
20240126,12,3311,4
20240126,12,3802,0
20240126,13,2111,6
20240126,13,2112,5
20240126,13,2116,4
20240126,13,2122,1
20240126,13,2128,1
20240126,13,2129,7
20240126,13,2130,9
20240126,13,2139,2
20240126,13,2143,0
20240126,13,2148,2
20240126,13,2159,14
20240126,13,2171,6
20240126,13,2172,3
20240126,13,2178,0
20240126,13,2179,28
20240126,13,2185,7
20240126,13,2186,1
20240126,13,2191,8
20240126,13,2198,3
20240126,13,2199,0
20240126,13,3310,0
20240126,13,3311,6
20240126,13,3802,0
20240126,14,2111,7
20240126,14,2112,5
20240126,14,2116,2
20240126,14,2122,0
20240126,14,2128,1
20240126,14,2129,6
20240126,14,2130,9
20240126,14,2139,1
20240126,14,2143,0
20240126,14,2148,3
20240126,14,2159,14
20240126,14,2171,6
20240126,14,2172,3
20240126,14,2178,0
20240126,14,2179,27
20240126,14,2185,6
20240126,14,2186,1
20240126,14,2191,9
20240126,14,2198,3
20240126,14,2199,0
20240126,14,3310,1
20240126,14,3311,2
20240126,14,3802,1
20240126,15,2111,8
20240126,15,2112,5
20240126,15,2116,2
20240126,15,2122,0
20240126,15,2128,0
20240126,15,2129,6
20240126,15,2130,9
20240126,15,2139,2
20240126,15,2143,0
20240126,15,2148,2
20240126,15,2159,14
20240126,15,2171,7
20240126,15,2172,2
20240126,15,2178,0
20240126,15,2179,26
20240126,15,2185,5
20240126,15,2186,1
20240126,15,2191,9
20240126,15,2198,3
20240126,15,2199,0
20240126,15,3310,0
20240126,15,3311,3
20240126,15,3802,1
20240126,16,2111,7
20240126,16,2112,6
20240126,16,2116,3
20240126,16,2122,1
20240126,16,2128,0
20240126,16,2129,7
20240126,16,2130,9
20240126,16,2139,2
20240126,16,2143,0
20240126,16,2148,2
20240126,16,2159,14
20240126,16,2171,8
20240126,16,2172,2
20240126,16,2178,0
20240126,16,2179,26
20240126,16,2185,5
20240126,16,2186,1
20240126,16,2191,8
20240126,16,2198,4
20240126,16,2199,0
20240126,16,3310,0
20240126,16,3311,3
20240126,16,3802,0
20240126,17,2111,6
20240126,17,2112,7
20240126,17,2116,3
20240126,17,2122,0
20240126,17,2128,0
20240126,17,2129,6
20240126,17,2130,9
20240126,17,2139,2
20240126,17,2143,0
20240126,17,2148,0
20240126,17,2159,14
20240126,17,2171,7
20240126,17,2172,2
20240126,17,2178,0
20240126,17,2179,28
20240126,17,2185,4
20240126,17,2186,1
20240126,17,2191,8
20240126,17,2198,3
20240126,17,2199,0
20240126,17,3310,0
20240126,17,3311,2
20240126,17,3802,0
20240126,18,2111,4
20240126,18,2112,3
20240126,18,2116,3
20240126,18,2122,2
20240126,18,2128,0
20240126,18,2129,6
20240126,18,2130,9
20240126,18,2139,0
20240126,18,2143,0
20240126,18,2148,1
20240126,18,2159,11
20240126,18,2171,12
20240126,18,2172,1
20240126,18,2178,0
20240126,18,2179,25
20240126,18,2185,6
20240126,18,2186,0
20240126,18,2191,9
20240126,18,2198,1
20240126,18,2199,0
20240126,18,3310,0
20240126,18,3311,3
20240126,18,3802,0
20240126,19,2111,2
20240126,19,2112,3
20240126,19,2116,4
20240126,19,2122,3
20240126,19,2128,0
20240126,19,2129,2
20240126,19,2130,9
20240126,19,2139,3
20240126,19,2143,0
20240126,19,2148,1
20240126,19,2159,10
20240126,19,2171,8
20240126,19,2172,0
20240126,19,2178,0
20240126,19,2179,24
20240126,19,2185,9
20240126,19,2186,0
20240126,19,2191,10
20240126,19,2198,3
20240126,19,2199,0
20240126,19,3310,0
20240126,19,3311,4
20240126,19,3802,0
20240126,20,2111,5
20240126,20,2112,3
20240126,20,2116,4
20240126,20,2122,3
20240126,20,2128,1
20240126,20,2129,3
20240126,20,2130,9
20240126,20,2139,2
20240126,20,2143,1
20240126,20,2148,4
20240126,20,2159,10
20240126,20,2171,9
20240126,20,2172,0
20240126,20,2178,0
20240126,20,2179,24
20240126,20,2185,8
20240126,20,2186,0
20240126,20,2191,12
20240126,20,2198,3
20240126,20,2199,0
20240126,20,3310,0
20240126,20,3311,1
20240126,20,3802,0
20240126,21,2111,4
20240126,21,2112,4
20240126,21,2116,2
20240126,21,2122,3
20240126,21,2128,0
20240126,21,2129,3
20240126,21,2130,9
20240126,21,2139,0
20240126,21,2143,0
20240126,21,2148,5
20240126,21,2159,10
20240126,21,2171,9
20240126,21,2172,0
20240126,21,2178,0
20240126,21,2179,24
20240126,21,2185,7
20240126,21,2186,0
20240126,21,2191,10
20240126,21,2198,3
20240126,21,2199,1
20240126,21,3310,0
20240126,21,3311,0
20240126,21,3802,0
20240126,22,2111,5
20240126,22,2112,5
20240126,22,2116,3
20240126,22,2122,2
20240126,22,2128,0
20240126,22,2129,3
20240126,22,2130,9
20240126,22,2139,0
20240126,22,2143,0
20240126,22,2148,2
20240126,22,2159,10
20240126,22,2171,10
20240126,22,2172,0
20240126,22,2178,0
20240126,22,2179,24
20240126,22,2185,7
20240126,22,2186,1
20240126,22,2191,9
20240126,22,2198,4
20240126,22,2199,1
20240126,22,3310,0
20240126,22,3311,0
20240126,22,3802,1
20240126,23,2111,4
20240126,23,2112,7
20240126,23,2116,2
20240126,23,2122,4
20240126,23,2128,0
20240126,23,2129,1
20240126,23,2130,9
20240126,23,2139,1
20240126,23,2143,0
20240126,23,2148,4
20240126,23,2159,10
20240126,23,2171,10
20240126,23,2172,0
20240126,23,2178,0
20240126,23,2179,25
20240126,23,2185,7
20240126,23,2186,1
20240126,23,2191,9
20240126,23,2198,3
20240126,23,2199,0
20240126,23,3310,0
20240126,23,3311,0
20240126,23,3802,1
20240127,0,2111,3
20240127,0,2112,6
20240127,0,2116,2
20240127,0,2122,4
20240127,0,2128,0
20240127,0,2129,1
20240127,0,2130,9
20240127,0,2139,1
20240127,0,2143,0
20240127,0,2148,4
20240127,0,2159,10
20240127,0,2171,8
20240127,0,2172,0
20240127,0,2178,0
20240127,0,2179,27
20240127,0,2185,7
20240127,0,2186,1
20240127,0,2191,9
20240127,0,2198,1
20240127,0,2199,0
20240127,0,3310,0
20240127,0,3311,0
20240127,0,3802,1
20240127,1,2111,2
20240127,1,2112,2
20240127,1,2116,3
20240127,1,2122,4
20240127,1,2128,0
20240127,1,2129,1
20240127,1,2130,9
20240127,1,2139,1
20240127,1,2143,1
20240127,1,2148,4
20240127,1,2159,11
20240127,1,2171,5
20240127,1,2172,0
20240127,1,2178,0
20240127,1,2179,27
20240127,1,2185,6
20240127,1,2186,1
20240127,1,2191,9
20240127,1,2198,1
20240127,1,2199,0
20240127,1,3310,1
20240127,1,3311,0
20240127,1,3802,1
20240127,2,2111,3
20240127,2,2112,3
20240127,2,2116,2
20240127,2,2122,3
20240127,2,2128,0
20240127,2,2129,1
20240127,2,2130,9
20240127,2,2139,2
20240127,2,2143,1
20240127,2,2148,3
20240127,2,2159,12
20240127,2,2171,5
20240127,2,2172,0
20240127,2,2178,0
20240127,2,2179,25
20240127,2,2185,7
20240127,2,2186,2
20240127,2,2191,9
20240127,2,2198,1
20240127,2,2199,0
20240127,2,3310,1
20240127,2,3311,0
20240127,2,3802,1
20240127,3,2111,3
20240127,3,2112,2
20240127,3,2116,2
20240127,3,2122,3
20240127,3,2128,0
20240127,3,2129,1
20240127,3,2130,9
20240127,3,2139,2
20240127,3,2143,1
20240127,3,2148,2
20240127,3,2159,12
20240127,3,2171,5
20240127,3,2172,0
20240127,3,2178,0
20240127,3,2179,24
20240127,3,2185,7
20240127,3,2186,3
20240127,3,2191,10
20240127,3,2198,1
20240127,3,2199,0
20240127,3,3310,1
20240127,3,3311,0
20240127,3,3802,2
20240127,4,2111,3
20240127,4,2112,2
20240127,4,2116,2
20240127,4,2122,3
20240127,4,2128,0
20240127,4,2129,2
20240127,4,2130,9
20240127,4,2139,2
20240127,4,2143,1
20240127,4,2148,2
20240127,4,2159,12
20240127,4,2171,4
20240127,4,2172,0
20240127,4,2178,0
20240127,4,2179,23
20240127,4,2185,9
20240127,4,2186,3
20240127,4,2191,11
20240127,4,2198,1
20240127,4,2199,1
20240127,4,3310,1
20240127,4,3311,0
20240127,4,3802,2
20240127,5,2111,3
20240127,5,2112,2
20240127,5,2116,2
20240127,5,2122,3
20240127,5,2128,0
20240127,5,2129,1
20240127,5,2130,9
20240127,5,2139,3
20240127,5,2143,1
20240127,5,2148,1
20240127,5,2159,12
20240127,5,2171,4
20240127,5,2172,0
20240127,5,2178,0
20240127,5,2179,22
20240127,5,2185,9
20240127,5,2186,4
20240127,5,2191,8
20240127,5,2198,1
20240127,5,2199,1
20240127,5,3310,1
20240127,5,3311,0
20240127,5,3802,2
20240127,6,2111,5
20240127,6,2112,2
20240127,6,2116,2
20240127,6,2122,2
20240127,6,2128,0
20240127,6,2129,1
20240127,6,2130,9
20240127,6,2139,2
20240127,6,2143,1
20240127,6,2148,1
20240127,6,2159,13
20240127,6,2171,2
20240127,6,2172,0
20240127,6,2178,0
20240127,6,2179,22
20240127,6,2185,9
20240127,6,2186,4
20240127,6,2191,8
20240127,6,2198,1
20240127,6,2199,0
20240127,6,3310,1
20240127,6,3311,0
20240127,6,3802,2
20240127,7,2111,5
20240127,7,2112,1
20240127,7,2116,2
20240127,7,2122,2
20240127,7,2128,0
20240127,7,2129,1
20240127,7,2130,9
20240127,7,2139,3
20240127,7,2143,1
20240127,7,2148,0
20240127,7,2159,12
20240127,7,2171,1
20240127,7,2172,0
20240127,7,2178,0
20240127,7,2179,23
20240127,7,2185,8
20240127,7,2186,4
20240127,7,2191,8
20240127,7,2198,1
20240127,7,2199,0
20240127,7,3310,1
20240127,7,3311,1
20240127,7,3802,2
20240127,8,2111,4
20240127,8,2112,1
20240127,8,2116,2
20240127,8,2122,1
20240127,8,2128,0
20240127,8,2129,1
20240127,8,2130,8
20240127,8,2139,3
20240127,8,2143,1
20240127,8,2148,0
20240127,8,2159,14
20240127,8,2171,1
20240127,8,2172,0
20240127,8,2178,0
20240127,8,2179,23
20240127,8,2185,8
20240127,8,2186,3
20240127,8,2191,8
20240127,8,2198,1
20240127,8,2199,1
20240127,8,3310,1
20240127,8,3311,1
20240127,8,3802,2
20240127,9,2111,3
20240127,9,2112,1
20240127,9,2116,2
20240127,9,2122,1
20240127,9,2128,1
20240127,9,2129,1
20240127,9,2130,9
20240127,9,2139,2
20240127,9,2143,0
20240127,9,2148,0
20240127,9,2159,12
20240127,9,2171,2
20240127,9,2172,0
20240127,9,2178,1
20240127,9,2179,24
20240127,9,2185,7
20240127,9,2186,4
20240127,9,2191,8
20240127,9,2198,1
20240127,9,2199,0
20240127,9,3310,1
20240127,9,3311,2
20240127,9,3802,2
20240127,10,2111,5
20240127,10,2112,2
20240127,10,2116,5
20240127,10,2122,2
20240127,10,2128,1
20240127,10,2129,1
20240127,10,2130,9
20240127,10,2139,1
20240127,10,2143,1
20240127,10,2148,1
20240127,10,2159,11
20240127,10,2171,2
20240127,10,2172,2
20240127,10,2178,2
20240127,10,2179,24
20240127,10,2185,5
20240127,10,2186,3
20240127,10,2191,8
20240127,10,2198,0
20240127,10,2199,0
20240127,10,3310,1
20240127,10,3311,2
20240127,10,3802,3
20240127,11,2111,3
20240127,11,2112,2
20240127,11,2116,5
20240127,11,2122,3
20240127,11,2128,3
20240127,11,2129,1
20240127,11,2130,8
20240127,11,2139,2
20240127,11,2143,0
20240127,11,2148,3
20240127,11,2159,10
20240127,11,2171,7
20240127,11,2172,3
20240127,11,2178,2
20240127,11,2179,24
20240127,11,2185,3
20240127,11,2186,4
20240127,11,2191,8
20240127,11,2198,0
20240127,11,2199,0
20240127,11,3310,1
20240127,11,3311,2
20240127,11,3802,2
20240127,12,2111,6
20240127,12,2112,2
20240127,12,2116,5
20240127,12,2122,2
20240127,12,2128,3
20240127,12,2129,1
20240127,12,2130,8
20240127,12,2139,2
20240127,12,2143,0
20240127,12,2148,2
20240127,12,2159,10
20240127,12,2171,2
20240127,12,2172,5
20240127,12,2178,2
20240127,12,2179,23
20240127,12,2185,3
20240127,12,2186,4
20240127,12,2191,8
20240127,12,2198,0
20240127,12,2199,1
20240127,12,3310,0
20240127,12,3311,2
20240127,12,3802,0
20240127,13,2111,8
20240127,13,2112,3
20240127,13,2116,5
20240127,13,2122,2
20240127,13,2128,2
20240127,13,2129,0
20240127,13,2130,8
20240127,13,2139,1
20240127,13,2143,1
20240127,13,2148,2
20240127,13,2159,10
20240127,13,2171,3
20240127,13,2172,4
20240127,13,2178,2
20240127,13,2179,23
20240127,13,2185,3
20240127,13,2186,3
20240127,13,2191,8
20240127,13,2198,1
20240127,13,2199,0
20240127,13,3310,0
20240127,13,3311,3
20240127,13,3802,1
20240127,14,2111,8
20240127,14,2112,5
20240127,14,2116,5
20240127,14,2122,2
20240127,14,2128,2
20240127,14,2129,1
20240127,14,2130,8
20240127,14,2139,0
20240127,14,2143,1
20240127,14,2148,3
20240127,14,2159,9
20240127,14,2171,3
20240127,14,2172,2
20240127,14,2178,2
20240127,14,2179,25
20240127,14,2185,3
20240127,14,2186,3
20240127,14,2191,7
20240127,14,2198,2
20240127,14,2199,0
20240127,14,3310,0
20240127,14,3311,4
20240127,14,3802,0
20240127,15,2111,12
20240127,15,2112,4
20240127,15,2116,4
20240127,15,2122,2
20240127,15,2128,2
20240127,15,2129,0
20240127,15,2130,8
20240127,15,2139,1
20240127,15,2143,0
20240127,15,2148,3
20240127,15,2159,9
20240127,15,2171,2
20240127,15,2172,3
20240127,15,2178,2
20240127,15,2179,27
20240127,15,2185,3
20240127,15,2186,3
20240127,15,2191,5
20240127,15,2198,1
20240127,15,2199,0
20240127,15,3310,0
20240127,15,3311,3
20240127,15,3802,0
20240127,16,2111,6
20240127,16,2112,4
20240127,16,2116,6
20240127,16,2122,1
20240127,16,2128,2
20240127,16,2129,0
20240127,16,2130,7
20240127,16,2139,2
20240127,16,2143,0
20240127,16,2148,2
20240127,16,2159,9
20240127,16,2171,2
20240127,16,2172,3
20240127,16,2178,2
20240127,16,2179,25
20240127,16,2185,4
20240127,16,2186,2
20240127,16,2191,6
20240127,16,2198,2
20240127,16,2199,0
20240127,16,3310,0
20240127,16,3311,3
20240127,16,3802,1
20240127,17,2111,8
20240127,17,2112,1
20240127,17,2116,8
20240127,17,2122,1
20240127,17,2128,2
20240127,17,2129,0
20240127,17,2130,7
20240127,17,2139,1
20240127,17,2143,0
20240127,17,2148,1
20240127,17,2159,10
20240127,17,2171,4
20240127,17,2172,4
20240127,17,2178,2
20240127,17,2179,25
20240127,17,2185,3
20240127,17,2186,1
20240127,17,2191,5
20240127,17,2198,3
20240127,17,2199,1
20240127,17,3310,0
20240127,17,3311,3
20240127,17,3802,4
20240127,18,2111,11
20240127,18,2112,1
20240127,18,2116,8
20240127,18,2122,1
20240127,18,2128,0
20240127,18,2129,0
20240127,18,2130,7
20240127,18,2139,1
20240127,18,2143,0
20240127,18,2148,2
20240127,18,2159,9
20240127,18,2171,4
20240127,18,2172,2
20240127,18,2178,2
20240127,18,2179,26
20240127,18,2185,3
20240127,18,2186,1
20240127,18,2191,7
20240127,18,2198,2
20240127,18,2199,1
20240127,18,3310,0
20240127,18,3311,2
20240127,18,3802,2
20240127,19,2111,13
20240127,19,2112,1
20240127,19,2116,8
20240127,19,2122,2
20240127,19,2128,1
20240127,19,2129,0
20240127,19,2130,5
20240127,19,2139,0
20240127,19,2143,0
20240127,19,2148,1
20240127,19,2159,10
20240127,19,2171,5
20240127,19,2172,2
20240127,19,2178,2
20240127,19,2179,27
20240127,19,2185,3
20240127,19,2186,1
20240127,19,2191,7
20240127,19,2198,3
20240127,19,2199,1
20240127,19,3310,0
20240127,19,3311,1
20240127,19,3802,1
20240127,20,2111,13
20240127,20,2112,1
20240127,20,2116,8
20240127,20,2122,4
20240127,20,2128,1
20240127,20,2129,0
20240127,20,2130,5
20240127,20,2139,1
20240127,20,2143,0
20240127,20,2148,1
20240127,20,2159,11
20240127,20,2171,5
20240127,20,2172,2
20240127,20,2178,1
20240127,20,2179,27
20240127,20,2185,3
20240127,20,2186,2
20240127,20,2191,5
20240127,20,2198,2
20240127,20,2199,1
20240127,20,3310,0
20240127,20,3311,1
20240127,20,3802,2
20240127,21,2111,13
20240127,21,2112,3
20240127,21,2116,8
20240127,21,2122,0
20240127,21,2128,1
20240127,21,2129,1
20240127,21,2130,5
20240127,21,2139,2
20240127,21,2143,0
20240127,21,2148,1
20240127,21,2159,13
20240127,21,2171,2
20240127,21,2172,2
20240127,21,2178,1
20240127,21,2179,28
20240127,21,2185,3
20240127,21,2186,1
20240127,21,2191,5
20240127,21,2198,2
20240127,21,2199,1
20240127,21,3310,0
20240127,21,3311,0
20240127,21,3802,1
20240127,22,2111,12
20240127,22,2112,5
20240127,22,2116,8
20240127,22,2122,1
20240127,22,2128,1
20240127,22,2129,0
20240127,22,2130,5
20240127,22,2139,1
20240127,22,2143,0
20240127,22,2148,1
20240127,22,2159,11
20240127,22,2171,1
20240127,22,2172,2
20240127,22,2178,2
20240127,22,2179,28
20240127,22,2185,3
20240127,22,2186,1
20240127,22,2191,4
20240127,22,2198,2
20240127,22,2199,1
20240127,22,3310,0
20240127,22,3311,0
20240127,22,3802,1
20240127,23,2111,11
20240127,23,2112,4
20240127,23,2116,9
20240127,23,2122,1
20240127,23,2128,2
20240127,23,2129,0
20240127,23,2130,4
20240127,23,2139,2
20240127,23,2143,0
20240127,23,2148,1
20240127,23,2159,11
20240127,23,2171,1
20240127,23,2172,2
20240127,23,2178,1
20240127,23,2179,26
20240127,23,2185,3
20240127,23,2186,1
20240127,23,2191,5
20240127,23,2198,1
20240127,23,2199,1
20240127,23,3310,0
20240127,23,3311,1
20240127,23,3802,1
20240128,0,2111,10
20240128,0,2112,2
20240128,0,2116,11
20240128,0,2122,1
20240128,0,2128,1
20240128,0,2129,0
20240128,0,2130,4
20240128,0,2139,2
20240128,0,2143,0
20240128,0,2148,1
20240128,0,2159,11
20240128,0,2171,2
20240128,0,2172,2
20240128,0,2178,1
20240128,0,2179,27
20240128,0,2185,3
20240128,0,2186,2
20240128,0,2191,5
20240128,0,2198,1
20240128,0,2199,1
20240128,0,3310,0
20240128,0,3311,1
20240128,0,3802,1
20240128,1,2111,3
20240128,1,2112,2
20240128,1,2116,10
20240128,1,2122,1
20240128,1,2128,1
20240128,1,2129,0
20240128,1,2130,5
20240128,1,2139,2
20240128,1,2143,0
20240128,1,2148,5
20240128,1,2159,11
20240128,1,2171,1
20240128,1,2172,2
20240128,1,2178,0
20240128,1,2179,27
20240128,1,2185,4
20240128,1,2186,2
20240128,1,2191,5
20240128,1,2198,1
20240128,1,2199,1
20240128,1,3310,0
20240128,1,3311,0
20240128,1,3802,1
20240128,2,2111,3
20240128,2,2112,2
20240128,2,2116,9
20240128,2,2122,3
20240128,2,2128,1
20240128,2,2129,0
20240128,2,2130,5
20240128,2,2139,2
20240128,2,2143,0
20240128,2,2148,3
20240128,2,2159,11
20240128,2,2171,0
20240128,2,2172,2
20240128,2,2178,0
20240128,2,2179,27
20240128,2,2185,5
20240128,2,2186,0
20240128,2,2191,4
20240128,2,2198,1
20240128,2,2199,1
20240128,2,3310,1
20240128,2,3311,0
20240128,2,3802,1
20240128,3,2111,3
20240128,3,2112,2
20240128,3,2116,8
20240128,3,2122,2
20240128,3,2128,1
20240128,3,2129,0
20240128,3,2130,4
20240128,3,2139,2
20240128,3,2143,0
20240128,3,2148,2
20240128,3,2159,11
20240128,3,2171,0
20240128,3,2172,2
20240128,3,2178,0
20240128,3,2179,26
20240128,3,2185,5
20240128,3,2186,1
20240128,3,2191,4
20240128,3,2198,1
20240128,3,2199,1
20240128,3,3310,0
20240128,3,3311,0
20240128,3,3802,1
20240128,4,2111,2
20240128,4,2112,3
20240128,4,2116,7
20240128,4,2122,3
20240128,4,2128,0
20240128,4,2129,0
20240128,4,2130,5
20240128,4,2139,3
20240128,4,2143,0
20240128,4,2148,2
20240128,4,2159,11
20240128,4,2171,0
20240128,4,2172,2
20240128,4,2178,0
20240128,4,2179,26
20240128,4,2185,5
20240128,4,2186,1
20240128,4,2191,5
20240128,4,2198,1
20240128,4,2199,1
20240128,4,3310,0
20240128,4,3311,0
20240128,4,3802,1
20240128,5,2111,3
20240128,5,2112,3
20240128,5,2116,7
20240128,5,2122,2
20240128,5,2128,0
20240128,5,2129,0
20240128,5,2130,4
20240128,5,2139,4
20240128,5,2143,0
20240128,5,2148,1
20240128,5,2159,11
20240128,5,2171,0
20240128,5,2172,2
20240128,5,2178,0
20240128,5,2179,26
20240128,5,2185,6
20240128,5,2186,1
20240128,5,2191,6
20240128,5,2198,1
20240128,5,2199,1
20240128,5,3310,0
20240128,5,3311,0
20240128,5,3802,1
20240128,6,2111,3
20240128,6,2112,3
20240128,6,2116,7
20240128,6,2122,2
20240128,6,2128,0
20240128,6,2129,0
20240128,6,2130,4
20240128,6,2139,4
20240128,6,2143,0
20240128,6,2148,1
20240128,6,2159,11
20240128,6,2171,0
20240128,6,2172,3
20240128,6,2178,0
20240128,6,2179,26
20240128,6,2185,5
20240128,6,2186,1
20240128,6,2191,6
20240128,6,2198,1
20240128,6,2199,1
20240128,6,3310,0
20240128,6,3311,0
20240128,6,3802,1
20240128,7,2111,2
20240128,7,2112,3
20240128,7,2116,7
20240128,7,2122,2
20240128,7,2128,0
20240128,7,2129,0
20240128,7,2130,5
20240128,7,2139,4
20240128,7,2143,0
20240128,7,2148,1
20240128,7,2159,11
20240128,7,2171,1
20240128,7,2172,3
20240128,7,2178,0
20240128,7,2179,26
20240128,7,2185,4
20240128,7,2186,1
20240128,7,2191,5
20240128,7,2198,1
20240128,7,2199,1
20240128,7,3310,0
20240128,7,3311,0
20240128,7,3802,1
20240128,8,2111,3
20240128,8,2112,2
20240128,8,2116,8
20240128,8,2122,1
20240128,8,2128,0
20240128,8,2129,0
20240128,8,2130,5
20240128,8,2139,4
20240128,8,2143,0
20240128,8,2148,1
20240128,8,2159,11
20240128,8,2171,0
20240128,8,2172,3
20240128,8,2178,0
20240128,8,2179,25
20240128,8,2185,4
20240128,8,2186,1
20240128,8,2191,5
20240128,8,2198,1
20240128,8,2199,1
20240128,8,3310,0
20240128,8,3311,0
20240128,8,3802,1
20240128,9,2111,4
20240128,9,2112,2
20240128,9,2116,7
20240128,9,2122,1
20240128,9,2128,0
20240128,9,2129,0
20240128,9,2130,5
20240128,9,2139,3
20240128,9,2143,1
20240128,9,2148,0
20240128,9,2159,11
20240128,9,2171,0
20240128,9,2172,3
20240128,9,2178,0
20240128,9,2179,9
20240128,9,2185,4
20240128,9,2186,1
20240128,9,2191,5
20240128,9,2198,1
20240128,9,2199,1
20240128,9,3310,0
20240128,9,3311,0
20240128,9,3802,1
20240128,10,2111,4
20240128,10,2112,2
20240128,10,2116,8
20240128,10,2122,0
20240128,10,2128,0
20240128,10,2129,10
20240128,10,2130,5
20240128,10,2139,0
20240128,10,2143,1
20240128,10,2148,0
20240128,10,2159,11
20240128,10,2171,0
20240128,10,2172,4
20240128,10,2178,0
20240128,10,2179,9
20240128,10,2185,5
20240128,10,2186,1
20240128,10,2191,6
20240128,10,2198,1
20240128,10,2199,0
20240128,10,3310,0
20240128,10,3311,0
20240128,10,3802,2
20240128,11,2111,3
20240128,11,2112,2
20240128,11,2116,7
20240128,11,2122,0
20240128,11,2128,0
20240128,11,2129,8
20240128,11,2130,5
20240128,11,2139,0
20240128,11,2143,2
20240128,11,2148,1
20240128,11,2159,11
20240128,11,2171,1
20240128,11,2172,3
20240128,11,2178,0
20240128,11,2179,9
20240128,11,2185,7
20240128,11,2186,1
20240128,11,2191,5
20240128,11,2198,1
20240128,11,2199,0
20240128,11,3310,0
20240128,11,3311,0
20240128,11,3802,2
20240128,12,2111,3
20240128,12,2112,2
20240128,12,2116,6
20240128,12,2122,2
20240128,12,2128,0
20240128,12,2129,9
20240128,12,2130,5
20240128,12,2139,0
20240128,12,2143,2
20240128,12,2148,0
20240128,12,2159,11
20240128,12,2171,2
20240128,12,2172,3
20240128,12,2178,0
20240128,12,2179,11
20240128,12,2185,6
20240128,12,2186,3
20240128,12,2191,4
20240128,12,2198,1
20240128,12,2199,0
20240128,12,3310,0
20240128,12,3311,0
20240128,12,3802,1
20240128,13,2111,3
20240128,13,2112,2
20240128,13,2116,5
20240128,13,2122,3
20240128,13,2128,1
20240128,13,2129,8
20240128,13,2130,5
20240128,13,2139,1
20240128,13,2143,2
20240128,13,2148,0
20240128,13,2159,12
20240128,13,2171,1
20240128,13,2172,1
20240128,13,2178,0
20240128,13,2179,12
20240128,13,2185,6
20240128,13,2186,1
20240128,13,2191,4
20240128,13,2198,2
20240128,13,2199,1
20240128,13,3310,0
20240128,13,3311,3
20240128,13,3802,1
20240128,14,2111,1
20240128,14,2112,1
20240128,14,2116,5
20240128,14,2122,2
20240128,14,2128,0
20240128,14,2129,9
20240128,14,2130,5
20240128,14,2139,2
20240128,14,2143,1
20240128,14,2148,1
20240128,14,2159,12
20240128,14,2171,2
20240128,14,2172,1
20240128,14,2178,0
20240128,14,2179,15
20240128,14,2185,4
20240128,14,2186,1
20240128,14,2191,5
20240128,14,2198,2
20240128,14,2199,1
20240128,14,3310,0
20240128,14,3311,1
20240128,14,3802,1
20240128,15,2111,1
20240128,15,2112,1
20240128,15,2116,4
20240128,15,2122,2
20240128,15,2128,0
20240128,15,2129,8
20240128,15,2130,5
20240128,15,2139,1
20240128,15,2143,1
20240128,15,2148,2
20240128,15,2159,10
20240128,15,2171,2
20240128,15,2172,1
20240128,15,2178,0
20240128,15,2179,17
20240128,15,2185,4
20240128,15,2186,2
20240128,15,2191,5
20240128,15,2198,1
20240128,15,2199,1
20240128,15,3310,0
20240128,15,3311,2
20240128,15,3802,4
20240128,16,2111,0
20240128,16,2112,1
20240128,16,2116,3
20240128,16,2122,3
20240128,16,2128,0
20240128,16,2129,6
20240128,16,2130,4
20240128,16,2139,0
20240128,16,2143,1
20240128,16,2148,0
20240128,16,2159,10
20240128,16,2171,1
20240128,16,2172,3
20240128,16,2178,0
20240128,16,2179,18
20240128,16,2185,4
20240128,16,2186,3
20240128,16,2191,5
20240128,16,2198,1
20240128,16,2199,1
20240128,16,3310,0
20240128,16,3311,2
20240128,16,3802,4
20240128,17,2111,1
20240128,17,2112,1
20240128,17,2116,4
20240128,17,2122,3
20240128,17,2128,0
20240128,17,2129,9
20240128,17,2130,4
20240128,17,2139,0
20240128,17,2143,1
20240128,17,2148,0
20240128,17,2159,10
20240128,17,2171,1
20240128,17,2172,1
20240128,17,2178,0
20240128,17,2179,17
20240128,17,2185,4
20240128,17,2186,1
20240128,17,2191,6
20240128,17,2198,3
20240128,17,2199,1
20240128,17,3310,0
20240128,17,3311,5
20240128,17,3802,2
20240128,18,2111,0
20240128,18,2112,2
20240128,18,2116,5
20240128,18,2122,1
20240128,18,2128,1
20240128,18,2129,10
20240128,18,2130,4
20240128,18,2139,0
20240128,18,2143,0
20240128,18,2148,1
20240128,18,2159,10
20240128,18,2171,5
20240128,18,2172,1
20240128,18,2178,1
20240128,18,2179,17
20240128,18,2185,3
20240128,18,2186,0
20240128,18,2191,5
20240128,18,2198,4
20240128,18,2199,1
20240128,18,3310,0
20240128,18,3311,3
20240128,18,3802,0
20240128,19,2111,0
20240128,19,2112,3
20240128,19,2116,6
20240128,19,2122,1
20240128,19,2128,1
20240128,19,2129,10
20240128,19,2130,4
20240128,19,2139,1
20240128,19,2143,0
20240128,19,2148,0
20240128,19,2159,11
20240128,19,2171,3
20240128,19,2172,1
20240128,19,2178,1
20240128,19,2179,15
20240128,19,2185,3
20240128,19,2186,0
20240128,19,2191,2
20240128,19,2198,4
20240128,19,2199,1
20240128,19,3310,0
20240128,19,3311,3
20240128,19,3802,0
20240128,20,2111,3
20240128,20,2112,3
20240128,20,2116,3
20240128,20,2122,1
20240128,20,2128,1
20240128,20,2129,9
20240128,20,2130,4
20240128,20,2139,0
20240128,20,2143,0
20240128,20,2148,0
20240128,20,2159,8
20240128,20,2171,2
20240128,20,2172,1
20240128,20,2178,1
20240128,20,2179,16
20240128,20,2185,3
20240128,20,2186,0
20240128,20,2191,2
20240128,20,2198,4
20240128,20,2199,1
20240128,20,3310,0
20240128,20,3311,6
20240128,20,3802,0
20240128,21,2111,3
20240128,21,2112,3
20240128,21,2116,4
20240128,21,2122,1
20240128,21,2128,1
20240128,21,2129,10
20240128,21,2130,4
20240128,21,2139,0
20240128,21,2143,0
20240128,21,2148,0
20240128,21,2159,9
20240128,21,2171,6
20240128,21,2172,1
20240128,21,2178,1
20240128,21,2179,16
20240128,21,2185,4
20240128,21,2186,1
20240128,21,2191,2
20240128,21,2198,2
20240128,21,2199,1
20240128,21,3310,1
20240128,21,3311,5
20240128,21,3802,0
20240128,22,2111,2
20240128,22,2112,2
20240128,22,2116,4
20240128,22,2122,1
20240128,22,2128,1
20240128,22,2129,10
20240128,22,2130,4
20240128,22,2139,0
20240128,22,2143,0
20240128,22,2148,0
20240128,22,2159,9
20240128,22,2171,6
20240128,22,2172,1
20240128,22,2178,1
20240128,22,2179,16
20240128,22,2185,3
20240128,22,2186,0
20240128,22,2191,3
20240128,22,2198,3
20240128,22,2199,2
20240128,22,3310,1
20240128,22,3311,2
20240128,22,3802,0
20240128,23,2111,1
20240128,23,2112,1
20240128,23,2116,3
20240128,23,2122,0
20240128,23,2128,1
20240128,23,2129,9
20240128,23,2130,4
20240128,23,2139,3
20240128,23,2143,0
20240128,23,2148,0
20240128,23,2159,9
20240128,23,2171,4
20240128,23,2172,1
20240128,23,2178,1
20240128,23,2179,16
20240128,23,2185,4
20240128,23,2186,0
20240128,23,2191,3
20240128,23,2198,3
20240128,23,2199,1
20240128,23,3310,1
20240128,23,3311,1
20240128,23,3802,0
20240129,0,2111,1
20240129,0,2112,2
20240129,0,2116,1
20240129,0,2122,0
20240129,0,2128,1
20240129,0,2129,10
20240129,0,2130,4
20240129,0,2139,3
20240129,0,2143,0
20240129,0,2148,0
20240129,0,2159,9
20240129,0,2171,5
20240129,0,2172,1
20240129,0,2178,1
20240129,0,2179,16
20240129,0,2185,3
20240129,0,2186,0
20240129,0,2191,3
20240129,0,2198,3
20240129,0,2199,1
20240129,0,3310,1
20240129,0,3311,0
20240129,0,3802,0
20240129,1,2111,0
20240129,1,2112,2
20240129,1,2116,2
20240129,1,2122,0
20240129,1,2128,1
20240129,1,2129,9
20240129,1,2130,4
20240129,1,2139,3
20240129,1,2143,0
20240129,1,2148,0
20240129,1,2159,9
20240129,1,2171,3
20240129,1,2172,1
20240129,1,2178,1
20240129,1,2179,16
20240129,1,2185,3
20240129,1,2186,0
20240129,1,2191,3
20240129,1,2198,3
20240129,1,2199,1
20240129,1,3310,1
20240129,1,3311,1
20240129,1,3802,0
20240129,2,2111,0
20240129,2,2112,4
20240129,2,2116,0
20240129,2,2122,0
20240129,2,2128,1
20240129,2,2129,8
20240129,2,2130,4
20240129,2,2139,3
20240129,2,2143,0
20240129,2,2148,0
20240129,2,2159,9
20240129,2,2171,3
20240129,2,2172,1
20240129,2,2178,1
20240129,2,2179,16
20240129,2,2185,3
20240129,2,2186,0
20240129,2,2191,4
20240129,2,2198,2
20240129,2,2199,1
20240129,2,3310,1
20240129,2,3311,0
20240129,2,3802,0
20240129,3,2111,1
20240129,3,2112,3
20240129,3,2116,1
20240129,3,2122,1
20240129,3,2128,1
20240129,3,2129,9
20240129,3,2130,4
20240129,3,2139,3
20240129,3,2143,1
20240129,3,2148,1
20240129,3,2159,9
20240129,3,2171,3
20240129,3,2172,1
20240129,3,2178,0
20240129,3,2179,16
20240129,3,2185,3
20240129,3,2186,1
20240129,3,2191,6
20240129,3,2198,2
20240129,3,2199,1
20240129,3,3310,1
20240129,3,3311,0
20240129,3,3802,0
20240129,4,2111,1
20240129,4,2112,3
20240129,4,2116,1
20240129,4,2122,1
20240129,4,2128,1
20240129,4,2129,8
20240129,4,2130,4
20240129,4,2139,3
20240129,4,2143,1
20240129,4,2148,0
20240129,4,2159,9
20240129,4,2171,3
20240129,4,2172,1
20240129,4,2178,0
20240129,4,2179,15
20240129,4,2185,3
20240129,4,2186,1
20240129,4,2191,6
20240129,4,2198,3
20240129,4,2199,1
20240129,4,3310,1
20240129,4,3311,0
20240129,4,3802,0
20240129,5,2111,1
20240129,5,2112,2
20240129,5,2116,2
20240129,5,2122,1
20240129,5,2128,1
20240129,5,2129,9
20240129,5,2130,4
20240129,5,2139,3
20240129,5,2143,1
20240129,5,2148,0
20240129,5,2159,9
20240129,5,2171,3
20240129,5,2172,1
20240129,5,2178,0
20240129,5,2179,13
20240129,5,2185,4
20240129,5,2186,1
20240129,5,2191,6
20240129,5,2198,3
20240129,5,2199,1
20240129,5,3310,1
20240129,5,3311,0
20240129,5,3802,0
20240129,6,2111,1
20240129,6,2112,2
20240129,6,2116,2
20240129,6,2122,1
20240129,6,2128,1
20240129,6,2129,10
20240129,6,2130,4
20240129,6,2139,3
20240129,6,2143,1
20240129,6,2148,0
20240129,6,2159,9
20240129,6,2171,3
20240129,6,2172,1
20240129,6,2178,0
20240129,6,2179,13
20240129,6,2185,4
20240129,6,2186,1
20240129,6,2191,6
20240129,6,2198,1
20240129,6,2199,1
20240129,6,3310,1
20240129,6,3311,0
20240129,6,3802,2
20240129,7,2111,1
20240129,7,2112,4
20240129,7,2116,1
20240129,7,2122,0
20240129,7,2128,1
20240129,7,2129,10
20240129,7,2130,4
20240129,7,2139,3
20240129,7,2143,1
20240129,7,2148,0
20240129,7,2159,9
20240129,7,2171,3
20240129,7,2172,1
20240129,7,2178,0
20240129,7,2179,13
20240129,7,2185,4
20240129,7,2186,0
20240129,7,2191,6
20240129,7,2198,1
20240129,7,2199,1
20240129,7,3310,1
20240129,7,3311,3
20240129,7,3802,3
20240129,8,2111,1
20240129,8,2112,3
20240129,8,2116,1
20240129,8,2122,0
20240129,8,2128,2
20240129,8,2129,9
20240129,8,2130,4
20240129,8,2139,1
20240129,8,2143,1
20240129,8,2148,0
20240129,8,2159,9
20240129,8,2171,3
20240129,8,2172,1
20240129,8,2178,0
20240129,8,2179,14
20240129,8,2185,4
20240129,8,2186,0
20240129,8,2191,4
20240129,8,2198,2
20240129,8,2199,1
20240129,8,3310,0
20240129,8,3311,6
20240129,8,3802,2
20240129,9,2111,2
20240129,9,2112,2
20240129,9,2116,0
20240129,9,2122,1
20240129,9,2128,3
20240129,9,2129,10
20240129,9,2130,4
20240129,9,2139,0
20240129,9,2143,1
20240129,9,2148,0
20240129,9,2159,8
20240129,9,2171,4
20240129,9,2172,1
20240129,9,2178,0
20240129,9,2179,15
20240129,9,2185,4
20240129,9,2186,0
20240129,9,2191,4
20240129,9,2198,0
20240129,9,2199,1
20240129,9,3310,0
20240129,9,3311,8
20240129,9,3802,2
20240129,10,2111,3
20240129,10,2112,3
20240129,10,2116,0
20240129,10,2122,1
20240129,10,2128,3
20240129,10,2129,8
20240129,10,2130,4
20240129,10,2139,0
20240129,10,2143,2
20240129,10,2148,2
20240129,10,2159,8
20240129,10,2171,3
20240129,10,2172,1
20240129,10,2178,1
20240129,10,2179,15
20240129,10,2185,5
20240129,10,2186,0
20240129,10,2191,3
20240129,10,2198,0
20240129,10,2199,0
20240129,10,3310,15
20240129,10,3311,5
20240129,10,3802,2
20240129,11,2111,2
20240129,11,2112,4
20240129,11,2116,1
20240129,11,2122,1
20240129,11,2128,4
20240129,11,2129,8
20240129,11,2130,4
20240129,11,2139,0
20240129,11,2143,2
20240129,11,2148,2
20240129,11,2159,8
20240129,11,2171,4
20240129,11,2172,3
20240129,11,2178,1
20240129,11,2179,16
20240129,11,2185,4
20240129,11,2186,0
20240129,11,2191,5
20240129,11,2198,0
20240129,11,2199,0
20240129,11,3310,15
20240129,11,3311,5
20240129,11,3802,1
20240129,12,2111,3
20240129,12,2112,4
20240129,12,2116,2
20240129,12,2122,1
20240129,12,2128,7
20240129,12,2129,6
20240129,12,2130,4
20240129,12,2139,1
20240129,12,2143,2
20240129,12,2148,1
20240129,12,2159,8
20240129,12,2171,5
20240129,12,2172,3
20240129,12,2178,1
20240129,12,2179,16
20240129,12,2185,4
20240129,12,2186,0
20240129,12,2191,5
20240129,12,2198,0
20240129,12,2199,0
20240129,12,3310,14
20240129,12,3311,6
20240129,12,3802,2
20240129,13,2111,4
20240129,13,2112,5
20240129,13,2116,3
20240129,13,2122,2
20240129,13,2128,4
20240129,13,2129,6
20240129,13,2130,4
20240129,13,2139,0
20240129,13,2143,2
20240129,13,2148,0
20240129,13,2159,8
20240129,13,2171,2
20240129,13,2172,2
20240129,13,2178,1
20240129,13,2179,16
20240129,13,2185,4
20240129,13,2186,0
20240129,13,2191,6
20240129,13,2198,1
20240129,13,2199,0
20240129,13,3310,12
20240129,13,3311,6
20240129,13,3802,1
20240129,14,2111,3
20240129,14,2112,8
20240129,14,2116,3
20240129,14,2122,3
20240129,14,2128,1
20240129,14,2129,4
20240129,14,2130,4
20240129,14,2139,0
20240129,14,2143,2
20240129,14,2148,0
20240129,14,2159,8
20240129,14,2171,1
20240129,14,2172,2
20240129,14,2178,1
20240129,14,2179,15
20240129,14,2185,4
20240129,14,2186,0
20240129,14,2191,6
20240129,14,2198,2
20240129,14,2199,0
20240129,14,3310,13
20240129,14,3311,7
20240129,14,3802,1
20240129,15,2111,3
20240129,15,2112,8
20240129,15,2116,3
20240129,15,2122,2
20240129,15,2128,1
20240129,15,2129,6
20240129,15,2130,4
20240129,15,2139,1
20240129,15,2143,2
20240129,15,2148,0
20240129,15,2159,9
20240129,15,2171,1
20240129,15,2172,0
20240129,15,2178,0
20240129,15,2179,17
20240129,15,2185,5
20240129,15,2186,0
20240129,15,2191,5
20240129,15,2198,2
20240129,15,2199,0
20240129,15,3310,12
20240129,15,3311,5
20240129,15,3802,0
20240129,16,2111,4
20240129,16,2112,10
20240129,16,2116,2
20240129,16,2122,1
20240129,16,2128,1
20240129,16,2129,4
20240129,16,2130,3
20240129,16,2139,1
20240129,16,2143,1
20240129,16,2148,0
20240129,16,2159,9
20240129,16,2171,1
20240129,16,2172,0
20240129,16,2178,0
20240129,16,2179,14
20240129,16,2185,4
20240129,16,2186,0
20240129,16,2191,6
20240129,16,2198,0
20240129,16,2199,0
20240129,16,3310,11
20240129,16,3311,6
20240129,16,3802,0
20240129,17,2111,2
20240129,17,2112,10
20240129,17,2116,2
20240129,17,2122,1
20240129,17,2128,1
20240129,17,2129,4
20240129,17,2130,3
20240129,17,2139,0
20240129,17,2143,1
20240129,17,2148,1
20240129,17,2159,9
20240129,17,2171,4
20240129,17,2172,0
20240129,17,2178,0
20240129,17,2179,14
20240129,17,2185,4
20240129,17,2186,0
20240129,17,2191,4
20240129,17,2198,0
20240129,17,2199,0
20240129,17,3310,9
20240129,17,3311,4
20240129,17,3802,0
20240129,18,2111,1
20240129,18,2112,10
20240129,18,2116,3
20240129,18,2122,1
20240129,18,2128,2
20240129,18,2129,4
20240129,18,2130,3
20240129,18,2139,0
20240129,18,2143,0
20240129,18,2148,1
20240129,18,2159,8
20240129,18,2171,6
20240129,18,2172,0
20240129,18,2178,0
20240129,18,2179,12
20240129,18,2185,5
20240129,18,2186,0
20240129,18,2191,3
20240129,18,2198,0
20240129,18,2199,0
20240129,18,3310,8
20240129,18,3311,3
20240129,18,3802,1
20240129,19,2111,2
20240129,19,2112,9
20240129,19,2116,2
20240129,19,2122,2
20240129,19,2128,2
20240129,19,2129,2
20240129,19,2130,3
20240129,19,2139,1
20240129,19,2143,0
20240129,19,2148,0
20240129,19,2159,6
20240129,19,2171,2
20240129,19,2172,0
20240129,19,2178,1
20240129,19,2179,9
20240129,19,2185,4
20240129,19,2186,0
20240129,19,2191,5
20240129,19,2198,0
20240129,19,2199,0
20240129,19,3310,8
20240129,19,3311,2
20240129,19,3802,2
20240129,20,2111,2
20240129,20,2112,6
20240129,20,2116,1
20240129,20,2122,3
20240129,20,2128,1
20240129,20,2129,2
20240129,20,2130,1
20240129,20,2139,1
20240129,20,2143,0
20240129,20,2148,2
20240129,20,2159,7
20240129,20,2171,2
20240129,20,2172,1
20240129,20,2178,1
20240129,20,2179,9
20240129,20,2185,4
20240129,20,2186,0
20240129,20,2191,6
20240129,20,2198,0
20240129,20,2199,0
20240129,20,3310,8
20240129,20,3311,2
20240129,20,3802,1
20240129,21,2111,1
20240129,21,2112,1
20240129,21,2116,1
20240129,21,2122,2
20240129,21,2128,0
20240129,21,2129,2
20240129,21,2130,0
20240129,21,2139,0
20240129,21,2143,0
20240129,21,2148,1
20240129,21,2159,5
20240129,21,2171,1
20240129,21,2172,2
20240129,21,2178,1
20240129,21,2179,8
20240129,21,2185,4
20240129,21,2186,1
20240129,21,2191,4
20240129,21,2198,0
20240129,21,2199,0
20240129,21,3310,8
20240129,21,3311,1
20240129,21,3802,1
20240129,22,2111,0
20240129,22,2112,3
20240129,22,2116,1
20240129,22,2122,7
20240129,22,2128,1
20240129,22,2129,1
20240129,22,2130,0
20240129,22,2139,1
20240129,22,2143,0
20240129,22,2148,0
20240129,22,2159,6
20240129,22,2171,0
20240129,22,2172,0
20240129,22,2178,1
20240129,22,2179,7
20240129,22,2185,5
20240129,22,2186,0
20240129,22,2191,5
20240129,22,2198,0
20240129,22,2199,0
20240129,22,3310,7
20240129,22,3311,2
20240129,22,3802,2
20240129,23,2111,1
20240129,23,2112,1
20240129,23,2116,1
20240129,23,2122,7
20240129,23,2128,1
20240129,23,2129,1
20240129,23,2130,0
20240129,23,2139,2
20240129,23,2143,0
20240129,23,2148,2
20240129,23,2159,6
20240129,23,2171,0
20240129,23,2172,0
20240129,23,2178,1
20240129,23,2179,5
20240129,23,2185,4
20240129,23,2186,0
20240129,23,2191,5
20240129,23,2198,1
20240129,23,2199,0
20240129,23,3310,7
20240129,23,3311,1
20240129,23,3802,0
20240130,0,2111,1
20240130,0,2112,1
20240130,0,2116,1
20240130,0,2122,7
20240130,0,2128,0
20240130,0,2129,1
20240130,0,2130,0
20240130,0,2139,1
20240130,0,2143,0
20240130,0,2148,3
20240130,0,2159,6
20240130,0,2171,2
20240130,0,2172,0
20240130,0,2178,1
20240130,0,2179,5
20240130,0,2185,4
20240130,0,2186,2
20240130,0,2191,7
20240130,0,2198,1
20240130,0,2199,0
20240130,0,3310,7
20240130,0,3311,2
20240130,0,3802,1
20240130,1,2111,0
20240130,1,2112,1
20240130,1,2116,0
20240130,1,2122,8
20240130,1,2128,0
20240130,1,2129,1
20240130,1,2130,0
20240130,1,2139,2
20240130,1,2143,1
20240130,1,2148,0
20240130,1,2159,6
20240130,1,2171,4
20240130,1,2172,0
20240130,1,2178,1
20240130,1,2179,5
20240130,1,2185,4
20240130,1,2186,1
20240130,1,2191,6
20240130,1,2198,1
20240130,1,2199,0
20240130,1,3310,7
20240130,1,3311,2
20240130,1,3802,1
20240130,2,2111,0
20240130,2,2112,1
20240130,2,2116,0
20240130,2,2122,8
20240130,2,2128,0
20240130,2,2129,1
20240130,2,2130,0
20240130,2,2139,2
20240130,2,2143,1
20240130,2,2148,0
20240130,2,2159,5
20240130,2,2171,2
20240130,2,2172,0
20240130,2,2178,0
20240130,2,2179,6
20240130,2,2185,4
20240130,2,2186,1
20240130,2,2191,8
20240130,2,2198,1
20240130,2,2199,0
20240130,2,3310,8
20240130,2,3311,0
20240130,2,3802,1
20240130,3,2111,1
20240130,3,2112,1
20240130,3,2116,0
20240130,3,2122,7
20240130,3,2128,0
20240130,3,2129,1
20240130,3,2130,0
20240130,3,2139,3
20240130,3,2143,1
20240130,3,2148,1
20240130,3,2159,5
20240130,3,2171,2
20240130,3,2172,0
20240130,3,2178,0
20240130,3,2179,6
20240130,3,2185,4
20240130,3,2186,1
20240130,3,2191,8
20240130,3,2198,1
20240130,3,2199,0
20240130,3,3310,8
20240130,3,3311,0
20240130,3,3802,1
20240130,4,2111,1
20240130,4,2112,1
20240130,4,2116,0
20240130,4,2122,7
20240130,4,2128,0
20240130,4,2129,1
20240130,4,2130,0
20240130,4,2139,2
20240130,4,2143,1
20240130,4,2148,0
20240130,4,2159,5
20240130,4,2171,2
20240130,4,2172,0
20240130,4,2178,0
20240130,4,2179,6
20240130,4,2185,4
20240130,4,2186,3
20240130,4,2191,9
20240130,4,2198,1
20240130,4,2199,0
20240130,4,3310,7
20240130,4,3311,0
20240130,4,3802,1
20240130,5,2111,0
20240130,5,2112,1
20240130,5,2116,0
20240130,5,2122,6
20240130,5,2128,1
20240130,5,2129,1
20240130,5,2130,0
20240130,5,2139,3
20240130,5,2143,1
20240130,5,2148,0
20240130,5,2159,4
20240130,5,2171,2
20240130,5,2172,0
20240130,5,2178,1
20240130,5,2179,6
20240130,5,2185,4
20240130,5,2186,3
20240130,5,2191,8
20240130,5,2198,1
20240130,5,2199,1
20240130,5,3310,7
20240130,5,3311,0
20240130,5,3802,1
20240130,6,2111,0
20240130,6,2112,1
20240130,6,2116,0
20240130,6,2122,6
20240130,6,2128,1
20240130,6,2129,1
20240130,6,2130,0
20240130,6,2139,3
20240130,6,2143,1
20240130,6,2148,0
20240130,6,2159,4
20240130,6,2171,1
20240130,6,2172,0
20240130,6,2178,1
20240130,6,2179,6
20240130,6,2185,4
20240130,6,2186,2
20240130,6,2191,8
20240130,6,2198,1
20240130,6,2199,0
20240130,6,3310,7
20240130,6,3311,0
20240130,6,3802,2
20240130,7,2111,1
20240130,7,2112,1
20240130,7,2116,1
20240130,7,2122,6
20240130,7,2128,1
20240130,7,2129,1
20240130,7,2130,0
20240130,7,2139,1
20240130,7,2143,1
20240130,7,2148,0
20240130,7,2159,4
20240130,7,2171,3
20240130,7,2172,0
20240130,7,2178,1
20240130,7,2179,4
20240130,7,2185,4
20240130,7,2186,0
20240130,7,2191,8
20240130,7,2198,1
20240130,7,2199,0
20240130,7,3310,7
20240130,7,3311,0
20240130,7,3802,4
20240130,8,2111,2
20240130,8,2112,1
20240130,8,2116,0
20240130,8,2122,5
20240130,8,2128,3
20240130,8,2129,1
20240130,8,2130,0
20240130,8,2139,0
20240130,8,2143,1
20240130,8,2148,0
20240130,8,2159,4
20240130,8,2171,4
20240130,8,2172,0
20240130,8,2178,1
20240130,8,2179,4
20240130,8,2185,5
20240130,8,2186,0
20240130,8,2191,6
20240130,8,2198,1
20240130,8,2199,0
20240130,8,3310,4
20240130,8,3311,1
20240130,8,3802,3
20240130,9,2111,2
20240130,9,2112,1
20240130,9,2116,2
20240130,9,2122,3
20240130,9,2128,4
20240130,9,2129,1
20240130,9,2130,0
20240130,9,2139,0
20240130,9,2143,0
20240130,9,2148,0
20240130,9,2159,3
20240130,9,2171,4
20240130,9,2172,0
20240130,9,2178,1
20240130,9,2179,3
20240130,9,2185,4
20240130,9,2186,0
20240130,9,2191,4
20240130,9,2198,1
20240130,9,2199,0
20240130,9,3310,4
20240130,9,3311,1
20240130,9,3802,2
20240130,10,2111,0
20240130,10,2112,1
20240130,10,2116,2
20240130,10,2122,2
20240130,10,2128,3
20240130,10,2129,2
20240130,10,2130,0
20240130,10,2139,1
20240130,10,2143,0
20240130,10,2148,1
20240130,10,2159,3
20240130,10,2171,1
20240130,10,2172,1
20240130,10,2178,1
20240130,10,2179,4
20240130,10,2185,6
20240130,10,2186,0
20240130,10,2191,4
20240130,10,2198,0
20240130,10,2199,0
20240130,10,3310,2
20240130,10,3311,1
20240130,10,3802,2
20240130,11,2111,1
20240130,11,2112,1
20240130,11,2116,4
20240130,11,2122,2
20240130,11,2128,4
20240130,11,2129,2
20240130,11,2130,14
20240130,11,2139,17
20240130,11,2143,0
20240130,11,2148,0
20240130,11,2159,3
20240130,11,2171,2
20240130,11,2172,3
20240130,11,2178,1
20240130,11,2179,3
20240130,11,2185,4
20240130,11,2186,0
20240130,11,2191,4
20240130,11,2198,3
20240130,11,2199,0
20240130,11,3310,2
20240130,11,3311,0
20240130,11,3802,2
20240130,12,2111,1
20240130,12,2112,3
20240130,12,2116,3
20240130,12,2122,1
20240130,12,2128,3
20240130,12,2129,2
20240130,12,2130,13
20240130,12,2139,16
20240130,12,2143,0
20240130,12,2148,0
20240130,12,2159,3
20240130,12,2171,1
20240130,12,2172,2
20240130,12,2178,1
20240130,12,2179,5
20240130,12,2185,4
20240130,12,2186,0
20240130,12,2191,4
20240130,12,2198,1
20240130,12,2199,0
20240130,12,3310,0
20240130,12,3311,1
20240130,12,3802,2
20240130,13,2111,1
20240130,13,2112,4
20240130,13,2116,5
20240130,13,2122,1
20240130,13,2128,3
20240130,13,2129,1
20240130,13,2130,13
20240130,13,2139,15
20240130,13,2143,0
20240130,13,2148,0
20240130,13,2159,3
20240130,13,2171,3
20240130,13,2172,1
20240130,13,2178,1
20240130,13,2179,5
20240130,13,2185,5
20240130,13,2186,0
20240130,13,2191,4
20240130,13,2198,0
20240130,13,2199,0
20240130,13,3310,0
20240130,13,3311,2
20240130,13,3802,0
20240130,14,2111,0
20240130,14,2112,2
20240130,14,2116,6
20240130,14,2122,0
20240130,14,2128,3
20240130,14,2129,1
20240130,14,2130,13
20240130,14,2139,14
20240130,14,2143,0
20240130,14,2148,0
20240130,14,2159,3
20240130,14,2171,3
20240130,14,2172,3
20240130,14,2178,1
20240130,14,2179,6
20240130,14,2185,5
20240130,14,2186,0
20240130,14,2191,5
20240130,14,2198,0
20240130,14,2199,0
20240130,14,3310,0
20240130,14,3311,0
20240130,14,3802,0
20240130,15,2111,0
20240130,15,2112,1
20240130,15,2116,2
20240130,15,2122,1
20240130,15,2128,1
20240130,15,2129,1
20240130,15,2130,13
20240130,15,2139,13
20240130,15,2143,0
20240130,15,2148,1
20240130,15,2159,3
20240130,15,2171,2
20240130,15,2172,1
20240130,15,2178,1
20240130,15,2179,6
20240130,15,2185,4
20240130,15,2186,0
20240130,15,2191,4
20240130,15,2198,0
20240130,15,2199,0
20240130,15,3310,0
20240130,15,3311,0
20240130,15,3802,0
20240130,16,2111,0
20240130,16,2112,0
20240130,16,2116,2
20240130,16,2122,1
20240130,16,2128,0
20240130,16,2129,2
20240130,16,2130,12
20240130,16,2139,13
20240130,16,2143,0
20240130,16,2148,2
20240130,16,2159,3
20240130,16,2171,4
20240130,16,2172,2
20240130,16,2178,1
20240130,16,2179,6
20240130,16,2185,5
20240130,16,2186,0
20240130,16,2191,3
20240130,16,2198,0
20240130,16,2199,0
20240130,16,3310,0
20240130,16,3311,1
20240130,16,3802,1
20240130,17,2111,0
20240130,17,2112,0
20240130,17,2116,2
20240130,17,2122,1
20240130,17,2128,1
20240130,17,2129,0
20240130,17,2130,11
20240130,17,2139,12
20240130,17,2143,0
20240130,17,2148,0
20240130,17,2159,4
20240130,17,2171,7
20240130,17,2172,2
20240130,17,2178,1
20240130,17,2179,4
20240130,17,2185,5
20240130,17,2186,0
20240130,17,2191,4
20240130,17,2198,0
20240130,17,2199,0
20240130,17,3310,0
20240130,17,3311,0
20240130,17,3802,0
20240130,18,2111,2
20240130,18,2112,1
20240130,18,2116,2
20240130,18,2122,0
20240130,18,2128,1
20240130,18,2129,0
20240130,18,2130,10
20240130,18,2139,9
20240130,18,2143,0
20240130,18,2148,0
20240130,18,2159,3
20240130,18,2171,6
20240130,18,2172,0
20240130,18,2178,0
20240130,18,2179,4
20240130,18,2185,4
20240130,18,2186,2
20240130,18,2191,8
20240130,18,2198,0
20240130,18,2199,0
20240130,18,3310,0
20240130,18,3311,0
20240130,18,3802,0
20240130,19,2111,3
20240130,19,2112,2
20240130,19,2116,3
20240130,19,2122,0
20240130,19,2128,0
20240130,19,2129,0
20240130,19,2130,11
20240130,19,2139,11
20240130,19,2143,1
20240130,19,2148,1
20240130,19,2159,3
20240130,19,2171,5
20240130,19,2172,0
20240130,19,2178,0
20240130,19,2179,3
20240130,19,2185,4
20240130,19,2186,1
20240130,19,2191,5
20240130,19,2198,2
20240130,19,2199,0
20240130,19,3310,0
20240130,19,3311,1
20240130,19,3802,2
20240130,20,2111,1
20240130,20,2112,5
20240130,20,2116,4
20240130,20,2122,2
20240130,20,2128,0
20240130,20,2129,0
20240130,20,2130,10
20240130,20,2139,9
20240130,20,2143,1
20240130,20,2148,1
20240130,20,2159,3
20240130,20,2171,3
20240130,20,2172,0
20240130,20,2178,0
20240130,20,2179,2
20240130,20,2185,4
20240130,20,2186,1
20240130,20,2191,6
20240130,20,2198,3
20240130,20,2199,1
20240130,20,3310,0
20240130,20,3311,2
20240130,20,3802,3
20240130,21,2111,0
20240130,21,2112,4
20240130,21,2116,2
20240130,21,2122,0
20240130,21,2128,1
20240130,21,2129,1
20240130,21,2130,8
20240130,21,2139,9
20240130,21,2143,1
20240130,21,2148,1
20240130,21,2159,5
20240130,21,2171,2
20240130,21,2172,0
20240130,21,2178,0
20240130,21,2179,2
20240130,21,2185,4
20240130,21,2186,2
20240130,21,2191,6
20240130,21,2198,3
20240130,21,2199,0
20240130,21,3310,0
20240130,21,3311,0
20240130,21,3802,5
20240130,22,2111,0
20240130,22,2112,2
20240130,22,2116,2
20240130,22,2122,0
20240130,22,2128,0
20240130,22,2129,1
20240130,22,2130,8
20240130,22,2139,8
20240130,22,2143,1
20240130,22,2148,2
20240130,22,2159,4
20240130,22,2171,3
20240130,22,2172,0
20240130,22,2178,0
20240130,22,2179,2
20240130,22,2185,4
20240130,22,2186,2
20240130,22,2191,5
20240130,22,2198,4
20240130,22,2199,0
20240130,22,3310,0
20240130,22,3311,0
20240130,22,3802,0
20240130,23,2111,0
20240130,23,2112,3
20240130,23,2116,2
20240130,23,2122,1
20240130,23,2128,0
20240130,23,2129,1
20240130,23,2130,8
20240130,23,2139,11
20240130,23,2143,1
20240130,23,2148,4
20240130,23,2159,3
20240130,23,2171,5
20240130,23,2172,0
20240130,23,2178,0
20240130,23,2179,3
20240130,23,2185,4
20240130,23,2186,3
20240130,23,2191,5
20240130,23,2198,2
20240130,23,2199,0
20240130,23,3310,0
20240130,23,3311,0
20240130,23,3802,1
20240131,0,2111,0
20240131,0,2112,1
20240131,0,2116,1
20240131,0,2122,1
20240131,0,2128,0
20240131,0,2129,1
20240131,0,2130,8
20240131,0,2139,10
20240131,0,2143,1
20240131,0,2148,4
20240131,0,2159,3
20240131,0,2171,2
20240131,0,2172,0
20240131,0,2178,0
20240131,0,2179,4
20240131,0,2185,5
20240131,0,2186,3
20240131,0,2191,9
20240131,0,2198,2
20240131,0,2199,0
20240131,0,3310,0
20240131,0,3311,0
20240131,0,3802,1
20240131,1,2111,0
20240131,1,2112,0
20240131,1,2116,2
20240131,1,2122,3
20240131,1,2128,0
20240131,1,2129,2
20240131,1,2130,8
20240131,1,2139,9
20240131,1,2143,1
20240131,1,2148,2
20240131,1,2159,3
20240131,1,2171,0
20240131,1,2172,0
20240131,1,2178,0
20240131,1,2179,3
20240131,1,2185,5
20240131,1,2186,3
20240131,1,2191,12
20240131,1,2198,2
20240131,1,2199,0
20240131,1,3310,0
20240131,1,3311,0
20240131,1,3802,1
20240131,2,2111,0
20240131,2,2112,0
20240131,2,2116,0
20240131,2,2122,3
20240131,2,2128,0
20240131,2,2129,2
20240131,2,2130,8
20240131,2,2139,9
20240131,2,2143,1
20240131,2,2148,2
20240131,2,2159,3
20240131,2,2171,0
20240131,2,2172,0
20240131,2,2178,0
20240131,2,2179,3
20240131,2,2185,6
20240131,2,2186,3
20240131,2,2191,11
20240131,2,2198,2
20240131,2,2199,0
20240131,2,3310,1
20240131,2,3311,0
20240131,2,3802,1
20240131,3,2111,0
20240131,3,2112,0
20240131,3,2116,0
20240131,3,2122,3
20240131,3,2128,0
20240131,3,2129,3
20240131,3,2130,8
20240131,3,2139,9
20240131,3,2143,1
20240131,3,2148,2
20240131,3,2159,3
20240131,3,2171,0
20240131,3,2172,0
20240131,3,2178,0
20240131,3,2179,2
20240131,3,2185,6
20240131,3,2186,4
20240131,3,2191,12
20240131,3,2198,2
20240131,3,2199,0
20240131,3,3310,1
20240131,3,3311,1
20240131,3,3802,1
20240131,4,2111,0
20240131,4,2112,0
20240131,4,2116,0
20240131,4,2122,3
20240131,4,2128,0
20240131,4,2129,2
20240131,4,2130,8
20240131,4,2139,9
20240131,4,2143,1
20240131,4,2148,2
20240131,4,2159,3
20240131,4,2171,0
20240131,4,2172,0
20240131,4,2178,0
20240131,4,2179,4
20240131,4,2185,6
20240131,4,2186,4
20240131,4,2191,12
20240131,4,2198,2
20240131,4,2199,0
20240131,4,3310,0
20240131,4,3311,1
20240131,4,3802,1
20240131,5,2111,1
20240131,5,2112,0
20240131,5,2116,0
20240131,5,2122,3
20240131,5,2128,0
20240131,5,2129,2
20240131,5,2130,8
20240131,5,2139,8
20240131,5,2143,1
20240131,5,2148,2
20240131,5,2159,3
20240131,5,2171,0
20240131,5,2172,0
20240131,5,2178,0
20240131,5,2179,4
20240131,5,2185,5
20240131,5,2186,3
20240131,5,2191,11
20240131,5,2198,2
20240131,5,2199,1
20240131,5,3310,0
20240131,5,3311,1
20240131,5,3802,1
20240131,6,2111,1
20240131,6,2112,0
20240131,6,2116,0
20240131,6,2122,3
20240131,6,2128,0
20240131,6,2129,3
20240131,6,2130,8
20240131,6,2139,8
20240131,6,2143,1
20240131,6,2148,2
20240131,6,2159,3
20240131,6,2171,0
20240131,6,2172,0
20240131,6,2178,0
20240131,6,2179,4
20240131,6,2185,5
20240131,6,2186,4
20240131,6,2191,11
20240131,6,2198,0
20240131,6,2199,0
20240131,6,3310,0
20240131,6,3311,0
20240131,6,3802,3
20240131,7,2111,0
20240131,7,2112,0
20240131,7,2116,0
20240131,7,2122,2
20240131,7,2128,0
20240131,7,2129,2
20240131,7,2130,8
20240131,7,2139,8
20240131,7,2143,1
20240131,7,2148,2
20240131,7,2159,3
20240131,7,2171,1
20240131,7,2172,0
20240131,7,2178,0
20240131,7,2179,4
20240131,7,2185,5
20240131,7,2186,4
20240131,7,2191,10
20240131,7,2198,0
20240131,7,2199,0
20240131,7,3310,0
20240131,7,3311,1
20240131,7,3802,6
20240131,8,2111,1
20240131,8,2112,0
20240131,8,2116,0
20240131,8,2122,3
20240131,8,2128,3
20240131,8,2129,3
20240131,8,2130,8
20240131,8,2139,7
20240131,8,2143,0
20240131,8,2148,2
20240131,8,2159,3
20240131,8,2171,2
20240131,8,2172,0
20240131,8,2178,0
20240131,8,2179,3
20240131,8,2185,5
20240131,8,2186,4
20240131,8,2191,9
20240131,8,2198,0
20240131,8,2199,0
20240131,8,3310,0
20240131,8,3311,2
20240131,8,3802,3
20240131,9,2111,3
20240131,9,2112,0
20240131,9,2116,0
20240131,9,2122,3
20240131,9,2128,4
20240131,9,2129,4
20240131,9,2130,8
20240131,9,2139,6
20240131,9,2143,0
20240131,9,2148,1
20240131,9,2159,2
20240131,9,2171,10
20240131,9,2172,1
20240131,9,2178,1
20240131,9,2179,4
20240131,9,2185,4
20240131,9,2186,4
20240131,9,2191,7
20240131,9,2198,0
20240131,9,2199,0
20240131,9,3310,0
20240131,9,3311,4
20240131,9,3802,2
20240131,10,2111,2
20240131,10,2112,4
20240131,10,2116,0
20240131,10,2122,2
20240131,10,2128,4
20240131,10,2129,4
20240131,10,2130,8
20240131,10,2139,4
20240131,10,2143,0
20240131,10,2148,0
20240131,10,2159,2
20240131,10,2171,6
20240131,10,2172,1
20240131,10,2178,1
20240131,10,2179,4
20240131,10,2185,4
20240131,10,2186,2
20240131,10,2191,7
20240131,10,2198,0
20240131,10,2199,0
20240131,10,3310,0
20240131,10,3311,2
20240131,10,3802,2
20240131,11,2111,3
20240131,11,2112,5
20240131,11,2116,2
20240131,11,2122,2
20240131,11,2128,4
20240131,11,2129,3
20240131,11,2130,8
20240131,11,2139,5
20240131,11,2143,0
20240131,11,2148,0
20240131,11,2159,2
20240131,11,2171,10
20240131,11,2172,0
20240131,11,2178,1
20240131,11,2179,5
20240131,11,2185,4
20240131,11,2186,2
20240131,11,2191,9
20240131,11,2198,1
20240131,11,2199,0
20240131,11,3310,0
20240131,11,3311,3
20240131,11,3802,2
20240131,12,2111,4
20240131,12,2112,5
20240131,12,2116,2
20240131,12,2122,2
20240131,12,2128,4
20240131,12,2129,3
20240131,12,2130,8
20240131,12,2139,5
20240131,12,2143,0
20240131,12,2148,1
20240131,12,2159,2
20240131,12,2171,8
20240131,12,2172,0
20240131,12,2178,1
20240131,12,2179,7
20240131,12,2185,4
20240131,12,2186,2
20240131,12,2191,8
20240131,12,2198,3
20240131,12,2199,0
20240131,12,3310,0
20240131,12,3311,6
20240131,12,3802,1
20240131,13,2111,5
20240131,13,2112,4
20240131,13,2116,3
20240131,13,2122,1
20240131,13,2128,4
20240131,13,2129,3
20240131,13,2130,7
20240131,13,2139,5
20240131,13,2143,0
20240131,13,2148,0
20240131,13,2159,3
20240131,13,2171,9
20240131,13,2172,1
20240131,13,2178,2
20240131,13,2179,7
20240131,13,2185,3
20240131,13,2186,2
20240131,13,2191,7
20240131,13,2198,2
20240131,13,2199,0
20240131,13,3310,0
20240131,13,3311,9
20240131,13,3802,1
20240131,14,2111,4
20240131,14,2112,4
20240131,14,2116,3
20240131,14,2122,1
20240131,14,2128,0
20240131,14,2129,2
20240131,14,2130,7
20240131,14,2139,4
20240131,14,2143,0
20240131,14,2148,0
20240131,14,2159,3
20240131,14,2171,4
20240131,14,2172,1
20240131,14,2178,3
20240131,14,2179,8
20240131,14,2185,3
20240131,14,2186,1
20240131,14,2191,5
20240131,14,2198,4
20240131,14,2199,0
20240131,14,3310,0
20240131,14,3311,7
20240131,14,3802,1
20240131,15,2111,5
20240131,15,2112,2
20240131,15,2116,4
20240131,15,2122,1
20240131,15,2128,1
20240131,15,2129,1
20240131,15,2130,7
20240131,15,2139,5
20240131,15,2143,0
20240131,15,2148,3
20240131,15,2159,3
20240131,15,2171,3
20240131,15,2172,1
20240131,15,2178,1
20240131,15,2179,10
20240131,15,2185,5
20240131,15,2186,1
20240131,15,2191,2
20240131,15,2198,4
20240131,15,2199,7
20240131,15,3310,0
20240131,15,3311,4
20240131,15,3802,0
20240131,16,2111,4
20240131,16,2112,3
20240131,16,2116,1
20240131,16,2122,1
20240131,16,2128,0
20240131,16,2129,2
20240131,16,2130,5
20240131,16,2139,4
20240131,16,2143,0
20240131,16,2148,2
20240131,16,2159,2
20240131,16,2171,3
20240131,16,2172,1
20240131,16,2178,0
20240131,16,2179,10
20240131,16,2185,5
20240131,16,2186,3
20240131,16,2191,2
20240131,16,2198,5
20240131,16,2199,4
20240131,16,3310,0
20240131,16,3311,5
20240131,16,3802,0
20240131,17,2111,3
20240131,17,2112,4
20240131,17,2116,3
20240131,17,2122,1
20240131,17,2128,0
20240131,17,2129,0
20240131,17,2130,4
20240131,17,2139,2
20240131,17,2143,0
20240131,17,2148,3
20240131,17,2159,2
20240131,17,2171,3
20240131,17,2172,1
20240131,17,2178,0
20240131,17,2179,9
20240131,17,2185,4
20240131,17,2186,3
20240131,17,2191,2
20240131,17,2198,3
20240131,17,2199,4
20240131,17,3310,0
20240131,17,3311,4
20240131,17,3802,0
20240131,18,2111,2
20240131,18,2112,4
20240131,18,2116,4
20240131,18,2122,2
20240131,18,2128,0
20240131,18,2129,0
20240131,18,2130,4
20240131,18,2139,2
20240131,18,2143,0
20240131,18,2148,4
20240131,18,2159,2
20240131,18,2171,5
20240131,18,2172,0
20240131,18,2178,0
20240131,18,2179,11
20240131,18,2185,5
20240131,18,2186,3
20240131,18,2191,4
20240131,18,2198,1
20240131,18,2199,4
20240131,18,3310,0
20240131,18,3311,5
20240131,18,3802,0
20240131,19,2111,3
20240131,19,2112,4
20240131,19,2116,2
20240131,19,2122,3
20240131,19,2128,3
20240131,19,2129,1
20240131,19,2130,4
20240131,19,2139,2
20240131,19,2143,0
20240131,19,2148,0
20240131,19,2159,2
20240131,19,2171,4
20240131,19,2172,0
20240131,19,2178,0
20240131,19,2179,7
20240131,19,2185,6
20240131,19,2186,2
20240131,19,2191,3
20240131,19,2198,1
20240131,19,2199,4
20240131,19,3310,0
20240131,19,3311,2
20240131,19,3802,0
20240131,20,2111,3
20240131,20,2112,1
20240131,20,2116,2
20240131,20,2122,1
20240131,20,2128,5
20240131,20,2129,1
20240131,20,2130,5
20240131,20,2139,1
20240131,20,2143,1
20240131,20,2148,0
20240131,20,2159,2
20240131,20,2171,3
20240131,20,2172,0
20240131,20,2178,0
20240131,20,2179,5
20240131,20,2185,5
20240131,20,2186,3
20240131,20,2191,4
20240131,20,2198,4
20240131,20,2199,4
20240131,20,3310,1
20240131,20,3311,3
20240131,20,3802,0
20240131,21,2111,4
20240131,21,2112,1
20240131,21,2116,0
20240131,21,2122,1
20240131,21,2128,2
20240131,21,2129,0
20240131,21,2130,4
20240131,21,2139,1
20240131,21,2143,0
20240131,21,2148,0
20240131,21,2159,3
20240131,21,2171,5
20240131,21,2172,0
20240131,21,2178,0
20240131,21,2179,6
20240131,21,2185,6
20240131,21,2186,5
20240131,21,2191,5
20240131,21,2198,4
20240131,21,2199,4
20240131,21,3310,0
20240131,21,3311,1
20240131,21,3802,0
20240131,22,2111,2
20240131,22,2112,0
20240131,22,2116,0
20240131,22,2122,3
20240131,22,2128,2
20240131,22,2129,0
20240131,22,2130,4
20240131,22,2139,0
20240131,22,2143,0
20240131,22,2148,1
20240131,22,2159,2
20240131,22,2171,6
20240131,22,2172,0
20240131,22,2178,0
20240131,22,2179,5
20240131,22,2185,4
20240131,22,2186,3
20240131,22,2191,6
20240131,22,2198,4
20240131,22,2199,4
20240131,22,3310,0
20240131,22,3311,2
20240131,22,3802,0
20240131,23,2111,3
20240131,23,2112,4
20240131,23,2116,0
20240131,23,2122,4
20240131,23,2128,3
20240131,23,2129,0
20240131,23,2130,2
20240131,23,2139,0
20240131,23,2143,0
20240131,23,2148,3
20240131,23,2159,1
20240131,23,2171,1
20240131,23,2172,0
20240131,23,2178,0
20240131,23,2179,2
20240131,23,2185,3
20240131,23,2186,4
20240131,23,2191,5
20240131,23,2198,3
20240131,23,2199,5
20240131,23,3310,0
20240131,23,3311,1
20240131,23,3802,0
