DATE,TIME,RENT_ID,AVAILABLE
20240801,0,2111,4
20240801,0,2112,38
20240801,0,2116,12
20240801,0,2122,24
20240801,0,2128,2
20240801,0,2129,7
20240801,0,2130,2
20240801,0,2139,7
20240801,0,2143,9
20240801,0,2148,4
20240801,0,2159,21
20240801,0,2171,12
20240801,0,2172,1
20240801,0,2178,0
20240801,0,2179,27
20240801,0,2185,14
20240801,0,2186,21
20240801,0,2191,12
20240801,0,2198,11
20240801,0,2199,5
20240801,0,3310,10
20240801,0,3311,7
20240801,0,3802,8
20240801,1,2111,4
20240801,1,2112,37
20240801,1,2116,12
20240801,1,2122,24
20240801,1,2128,2
20240801,1,2129,9
20240801,1,2130,2
20240801,1,2139,7
20240801,1,2143,9
20240801,1,2148,3
20240801,1,2159,22
20240801,1,2171,10
20240801,1,2172,1
20240801,1,2178,0
20240801,1,2179,26
20240801,1,2185,17
20240801,1,2186,21
20240801,1,2191,12
20240801,1,2198,11
20240801,1,2199,5
20240801,1,3310,10
20240801,1,3311,5
20240801,1,3802,8
20240801,2,2111,3
20240801,2,2112,37
20240801,2,2116,12
20240801,2,2122,25
20240801,2,2128,3
20240801,2,2129,10
20240801,2,2130,2
20240801,2,2139,9
20240801,2,2143,9
20240801,2,2148,3
20240801,2,2159,22
20240801,2,2171,12
20240801,2,2172,1
20240801,2,2178,0
20240801,2,2179,28
20240801,2,2185,16
20240801,2,2186,22
20240801,2,2191,12
20240801,2,2198,12
20240801,2,2199,3
20240801,2,3310,10
20240801,2,3311,5
20240801,2,3802,8
20240801,3,2111,3
20240801,3,2112,37
20240801,3,2116,12
20240801,3,2122,25
20240801,3,2128,3
20240801,3,2129,9
20240801,3,2130,2
20240801,3,2139,10
20240801,3,2143,10
20240801,3,2148,3
20240801,3,2159,22
20240801,3,2171,12
20240801,3,2172,1
20240801,3,2178,0
20240801,3,2179,28
20240801,3,2185,16
20240801,3,2186,23
20240801,3,2191,14
20240801,3,2198,12
20240801,3,2199,4
20240801,3,3310,10
20240801,3,3311,5
20240801,3,3802,8
20240801,4,2111,3
20240801,4,2112,38
20240801,4,2116,11
20240801,4,2122,25
20240801,4,2128,3
20240801,4,2129,9
20240801,4,2130,2
20240801,4,2139,11
20240801,4,2143,12
20240801,4,2148,3
20240801,4,2159,22
20240801,4,2171,12
20240801,4,2172,1
20240801,4,2178,0
20240801,4,2179,28
20240801,4,2185,16
20240801,4,2186,23
20240801,4,2191,15
20240801,4,2198,13
20240801,4,2199,5
20240801,4,3310,10
20240801,4,3311,5
20240801,4,3802,8
20240801,5,2111,3
20240801,5,2112,37
20240801,5,2116,12
20240801,5,2122,23
20240801,5,2128,3
20240801,5,2129,10
20240801,5,2130,2
20240801,5,2139,10
20240801,5,2143,12
20240801,5,2148,3
20240801,5,2159,22
20240801,5,2171,11
20240801,5,2172,1
20240801,5,2178,0
20240801,5,2179,28
20240801,5,2185,15
20240801,5,2186,20
20240801,5,2191,14
20240801,5,2198,13
20240801,5,2199,4
20240801,5,3310,10
20240801,5,3311,6
20240801,5,3802,8
20240801,6,2111,3
20240801,6,2112,37
20240801,6,2116,11
20240801,6,2122,24
20240801,6,2128,3
20240801,6,2129,10
20240801,6,2130,3
20240801,6,2139,10
20240801,6,2143,12
20240801,6,2148,2
20240801,6,2159,22
20240801,6,2171,11
20240801,6,2172,2
20240801,6,2178,0
20240801,6,2179,28
20240801,6,2185,14
20240801,6,2186,18
20240801,6,2191,12
20240801,6,2198,13
20240801,6,2199,4
20240801,6,3310,9
20240801,6,3311,7
20240801,6,3802,17
20240801,7,2111,3
20240801,7,2112,37
20240801,7,2116,12
20240801,7,2122,23
20240801,7,2128,2
20240801,7,2129,11
20240801,7,2130,3
20240801,7,2139,7
20240801,7,2143,12
20240801,7,2148,3
20240801,7,2159,19
20240801,7,2171,11
20240801,7,2172,2
20240801,7,2178,0
20240801,7,2179,26
20240801,7,2185,14
20240801,7,2186,15
20240801,7,2191,12
20240801,7,2198,13
20240801,7,2199,5
20240801,7,3310,6
20240801,7,3311,8
20240801,7,3802,14
20240801,8,2111,3
20240801,8,2112,37
20240801,8,2116,13
20240801,8,2122,25
20240801,8,2128,3
20240801,8,2129,10
20240801,8,2130,4
20240801,8,2139,1
20240801,8,2143,11
20240801,8,2148,4
20240801,8,2159,19
20240801,8,2171,10
20240801,8,2172,0
20240801,8,2178,1
20240801,8,2179,28
20240801,8,2185,14
20240801,8,2186,14
20240801,8,2191,10
20240801,8,2198,12
20240801,8,2199,5
20240801,8,3310,1
20240801,8,3311,14
20240801,8,3802,14
20240801,9,2111,3
20240801,9,2112,23
20240801,9,2116,13
20240801,9,2122,25
20240801,9,2128,3
20240801,9,2129,10
20240801,9,2130,4
20240801,9,2139,0
20240801,9,2143,10
20240801,9,2148,4
20240801,9,2159,20
20240801,9,2171,11
20240801,9,2172,0
20240801,9,2178,2
20240801,9,2179,13
20240801,9,2185,13
20240801,9,2186,13
20240801,9,2191,9
20240801,9,2198,10
20240801,9,2199,5
20240801,9,3310,1
20240801,9,3311,25
20240801,9,3802,15
20240801,10,2111,3
20240801,10,2112,26
20240801,10,2116,13
20240801,10,2122,26
20240801,10,2128,6
20240801,10,2129,10
20240801,10,2130,4
20240801,10,2139,0
20240801,10,2143,10
20240801,10,2148,5
20240801,10,2159,19
20240801,10,2171,11
20240801,10,2172,1
20240801,10,2178,14
20240801,10,2179,16
20240801,10,2185,14
20240801,10,2186,13
20240801,10,2191,9
20240801,10,2198,9
20240801,10,2199,5
20240801,10,3310,12
20240801,10,3311,32
20240801,10,3802,12
20240801,11,2111,4
20240801,11,2112,26
20240801,11,2116,13
20240801,11,2122,26
20240801,11,2128,7
20240801,11,2129,11
20240801,11,2130,4
20240801,11,2139,2
20240801,11,2143,10
20240801,11,2148,6
20240801,11,2159,18
20240801,11,2171,13
20240801,11,2172,1
20240801,11,2178,19
20240801,11,2179,16
20240801,11,2185,15
20240801,11,2186,13
20240801,11,2191,8
20240801,11,2198,9
20240801,11,2199,5
20240801,11,3310,11
20240801,11,3311,34
20240801,11,3802,12
20240801,12,2111,4
20240801,12,2112,24
20240801,12,2116,12
20240801,12,2122,27
20240801,12,2128,8
20240801,12,2129,11
20240801,12,2130,4
20240801,12,2139,2
20240801,12,2143,10
20240801,12,2148,5
20240801,12,2159,18
20240801,12,2171,14
20240801,12,2172,2
20240801,12,2178,20
20240801,12,2179,18
20240801,12,2185,14
20240801,12,2186,14
20240801,12,2191,8
20240801,12,2198,9
20240801,12,2199,4
20240801,12,3310,8
20240801,12,3311,35
20240801,12,3802,13
20240801,13,2111,3
20240801,13,2112,25
20240801,13,2116,11
20240801,13,2122,26
20240801,13,2128,6
20240801,13,2129,11
20240801,13,2130,4
20240801,13,2139,2
20240801,13,2143,10
20240801,13,2148,5
20240801,13,2159,17
20240801,13,2171,14
20240801,13,2172,2
20240801,13,2178,20
20240801,13,2179,17
20240801,13,2185,13
20240801,13,2186,14
20240801,13,2191,8
20240801,13,2198,8
20240801,13,2199,4
20240801,13,3310,8
20240801,13,3311,33
20240801,13,3802,11
20240801,14,2111,2
20240801,14,2112,26
20240801,14,2116,13
20240801,14,2122,25
20240801,14,2128,7
20240801,14,2129,11
20240801,14,2130,3
20240801,14,2139,2
20240801,14,2143,10
20240801,14,2148,10
20240801,14,2159,17
20240801,14,2171,14
20240801,14,2172,3
20240801,14,2178,19
20240801,14,2179,17
20240801,14,2185,12
20240801,14,2186,13
20240801,14,2191,8
20240801,14,2198,7
20240801,14,2199,6
20240801,14,3310,7
20240801,14,3311,35
20240801,14,3802,9
20240801,15,2111,3
20240801,15,2112,26
20240801,15,2116,12
20240801,15,2122,25
20240801,15,2128,9
20240801,15,2129,7
20240801,15,2130,2
20240801,15,2139,2
20240801,15,2143,9
20240801,15,2148,11
20240801,15,2159,17
20240801,15,2171,13
20240801,15,2172,2
20240801,15,2178,18
20240801,15,2179,16
20240801,15,2185,13
20240801,15,2186,13
20240801,15,2191,9
20240801,15,2198,7
20240801,15,2199,6
20240801,15,3310,6
20240801,15,3311,34
20240801,15,3802,9
20240801,16,2111,4
20240801,16,2112,27
20240801,16,2116,12
20240801,16,2122,25
20240801,16,2128,10
20240801,16,2129,6
20240801,16,2130,2
20240801,16,2139,1
20240801,16,2143,8
20240801,16,2148,14
20240801,16,2159,17
20240801,16,2171,10
20240801,16,2172,1
20240801,16,2178,17
20240801,16,2179,13
20240801,16,2185,14
20240801,16,2186,14
20240801,16,2191,9
20240801,16,2198,7
20240801,16,2199,6
20240801,16,3310,5
20240801,16,3311,35
20240801,16,3802,9
20240801,17,2111,3
20240801,17,2112,25
20240801,17,2116,12
20240801,17,2122,25
20240801,17,2128,11
20240801,17,2129,6
20240801,17,2130,2
20240801,17,2139,0
20240801,17,2143,8
20240801,17,2148,15
20240801,17,2159,17
20240801,17,2171,10
20240801,17,2172,0
20240801,17,2178,16
20240801,17,2179,13
20240801,17,2185,12
20240801,17,2186,13
20240801,17,2191,7
20240801,17,2198,6
20240801,17,2199,6
20240801,17,3310,5
20240801,17,3311,32
20240801,17,3802,10
20240801,18,2111,2
20240801,18,2112,25
20240801,18,2116,12
20240801,18,2122,25
20240801,18,2128,10
20240801,18,2129,3
20240801,18,2130,1
20240801,18,2139,0
20240801,18,2143,7
20240801,18,2148,13
20240801,18,2159,18
20240801,18,2171,14
20240801,18,2172,0
20240801,18,2178,14
20240801,18,2179,13
20240801,18,2185,11
20240801,18,2186,11
20240801,18,2191,5
20240801,18,2198,5
20240801,18,2199,6
20240801,18,3310,3
20240801,18,3311,29
20240801,18,3802,10
20240801,19,2111,3
20240801,19,2112,24
20240801,19,2116,15
20240801,19,2122,27
20240801,19,2128,10
20240801,19,2129,2
20240801,19,2130,2
20240801,19,2139,1
20240801,19,2143,8
20240801,19,2148,10
20240801,19,2159,18
20240801,19,2171,16
20240801,19,2172,0
20240801,19,2178,13
20240801,19,2179,15
20240801,19,2185,13
20240801,19,2186,11
20240801,19,2191,9
20240801,19,2198,5
20240801,19,2199,6
20240801,19,3310,3
20240801,19,3311,25
20240801,19,3802,15
20240801,20,2111,3
20240801,20,2112,25
20240801,20,2116,14
20240801,20,2122,24
20240801,20,2128,10
20240801,20,2129,2
20240801,20,2130,2
20240801,20,2139,4
20240801,20,2143,8
20240801,20,2148,11
20240801,20,2159,19
20240801,20,2171,17
20240801,20,2172,0
20240801,20,2178,12
20240801,20,2179,15
20240801,20,2185,12
20240801,20,2186,13
20240801,20,2191,7
20240801,20,2198,8
20240801,20,2199,5
20240801,20,3310,3
20240801,20,3311,21
20240801,20,3802,11
20240801,21,2111,5
20240801,21,2112,20
20240801,21,2116,14
20240801,21,2122,25
20240801,21,2128,11
20240801,21,2129,0
20240801,21,2130,2
20240801,21,2139,5
20240801,21,2143,8
20240801,21,2148,12
20240801,21,2159,18
20240801,21,2171,16
20240801,21,2172,1
20240801,21,2178,9
20240801,21,2179,18
20240801,21,2185,14
20240801,21,2186,15
20240801,21,2191,6
20240801,21,2198,12
20240801,21,2199,5
20240801,21,3310,3
20240801,21,3311,15
20240801,21,3802,9
20240801,22,2111,9
20240801,22,2112,18
20240801,22,2116,14
20240801,22,2122,24
20240801,22,2128,9
20240801,22,2129,0
20240801,22,2130,2
20240801,22,2139,5
20240801,22,2143,10
20240801,22,2148,12
20240801,22,2159,18
20240801,22,2171,14
20240801,22,2172,0
20240801,22,2178,9
20240801,22,2179,16
20240801,22,2185,14
20240801,22,2186,15
20240801,22,2191,6
20240801,22,2198,11
20240801,22,2199,5
20240801,22,3310,3
20240801,22,3311,10
20240801,22,3802,8
20240801,23,2111,11
20240801,23,2112,19
20240801,23,2116,13
20240801,23,2122,27
20240801,23,2128,9
20240801,23,2129,0
20240801,23,2130,2
20240801,23,2139,5
20240801,23,2143,10
20240801,23,2148,11
20240801,23,2159,19
20240801,23,2171,16
20240801,23,2172,0
20240801,23,2178,9
20240801,23,2179,14
20240801,23,2185,14
20240801,23,2186,17
20240801,23,2191,8
20240801,23,2198,14
20240801,23,2199,5
20240801,23,3310,3
20240801,23,3311,7
20240801,23,3802,9
20240802,0,2111,11
20240802,0,2112,19
20240802,0,2116,13
20240802,0,2122,27
20240802,0,2128,8
20240802,0,2129,0
20240802,0,2130,2
20240802,0,2139,6
20240802,0,2143,12
20240802,0,2148,10
20240802,0,2159,18
20240802,0,2171,13
20240802,0,2172,0
20240802,0,2178,9
20240802,0,2179,15
20240802,0,2185,14
20240802,0,2186,16
20240802,0,2191,7
20240802,0,2198,12
20240802,0,2199,5
20240802,0,3310,4
20240802,0,3311,3
20240802,0,3802,9
20240802,1,2111,11
20240802,1,2112,18
20240802,1,2116,13
20240802,1,2122,27
20240802,1,2128,7
20240802,1,2129,0
20240802,1,2130,2
20240802,1,2139,5
20240802,1,2143,11
20240802,1,2148,10
20240802,1,2159,17
20240802,1,2171,12
20240802,1,2172,0
20240802,1,2178,8
20240802,1,2179,16
20240802,1,2185,19
20240802,1,2186,15
20240802,1,2191,7
20240802,1,2198,12
20240802,1,2199,5
20240802,1,3310,4
20240802,1,3311,3
20240802,1,3802,9
20240802,2,2111,11
20240802,2,2112,18
20240802,2,2116,13
20240802,2,2122,27
20240802,2,2128,7
20240802,2,2129,0
20240802,2,2130,2
20240802,2,2139,6
20240802,2,2143,11
20240802,2,2148,11
20240802,2,2159,17
20240802,2,2171,12
20240802,2,2172,0
20240802,2,2178,8
20240802,2,2179,17
20240802,2,2185,22
20240802,2,2186,15
20240802,2,2191,8
20240802,2,2198,12
20240802,2,2199,5
20240802,2,3310,4
20240802,2,3311,0
20240802,2,3802,9
20240802,3,2111,6
20240802,3,2112,16
20240802,3,2116,13
20240802,3,2122,27
20240802,3,2128,7
20240802,3,2129,0
20240802,3,2130,2
20240802,3,2139,6
20240802,3,2143,10
20240802,3,2148,11
20240802,3,2159,17
20240802,3,2171,11
20240802,3,2172,0
20240802,3,2178,8
20240802,3,2179,17
20240802,3,2185,23
20240802,3,2186,16
20240802,3,2191,9
20240802,3,2198,12
20240802,3,2199,5
20240802,3,3310,4
20240802,3,3311,0
20240802,3,3802,9
20240802,4,2111,10
20240802,4,2112,16
20240802,4,2116,15
20240802,4,2122,27
20240802,4,2128,7
20240802,4,2129,0
20240802,4,2130,2
20240802,4,2139,6
20240802,4,2143,10
20240802,4,2148,11
20240802,4,2159,17
20240802,4,2171,10
20240802,4,2172,0
20240802,4,2178,8
20240802,4,2179,17
20240802,4,2185,21
20240802,4,2186,15
20240802,4,2191,9
20240802,4,2198,14
20240802,4,2199,5
20240802,4,3310,4
20240802,4,3311,3
20240802,4,3802,9
20240802,5,2111,9
20240802,5,2112,16
20240802,5,2116,15
20240802,5,2122,26
20240802,5,2128,7
20240802,5,2129,0
20240802,5,2130,2
20240802,5,2139,5
20240802,5,2143,10
20240802,5,2148,10
20240802,5,2159,17
20240802,5,2171,10
20240802,5,2172,0
20240802,5,2178,8
20240802,5,2179,15
20240802,5,2185,20
20240802,5,2186,16
20240802,5,2191,9
20240802,5,2198,14
20240802,5,2199,5
20240802,5,3310,3
20240802,5,3311,3
20240802,5,3802,9
20240802,6,2111,10
20240802,6,2112,15
20240802,6,2116,14
20240802,6,2122,24
20240802,6,2128,7
20240802,6,2129,0
20240802,6,2130,2
20240802,6,2139,5
20240802,6,2143,9
20240802,6,2148,9
20240802,6,2159,17
20240802,6,2171,9
20240802,6,2172,0
20240802,6,2178,9
20240802,6,2179,15
20240802,6,2185,20
20240802,6,2186,16
20240802,6,2191,10
20240802,6,2198,14
20240802,6,2199,5
20240802,6,3310,2
20240802,6,3311,4
20240802,6,3802,15
20240802,7,2111,12
20240802,7,2112,15
20240802,7,2116,14
20240802,7,2122,24
20240802,7,2128,6
20240802,7,2129,0
20240802,7,2130,2
20240802,7,2139,4
20240802,7,2143,9
20240802,7,2148,9
20240802,7,2159,17
20240802,7,2171,10
20240802,7,2172,0
20240802,7,2178,8
20240802,7,2179,16
20240802,7,2185,20
20240802,7,2186,12
20240802,7,2191,8
20240802,7,2198,12
20240802,7,2199,5
20240802,7,3310,0
20240802,7,3311,6
20240802,7,3802,15
20240802,8,2111,12
20240802,8,2112,12
20240802,8,2116,14
20240802,8,2122,28
20240802,8,2128,6
20240802,8,2129,0
20240802,8,2130,2
20240802,8,2139,0
20240802,8,2143,9
20240802,8,2148,11
20240802,8,2159,16
20240802,8,2171,10
20240802,8,2172,0
20240802,8,2178,9
20240802,8,2179,17
20240802,8,2185,20
20240802,8,2186,10
20240802,8,2191,5
20240802,8,2198,9
20240802,8,2199,5
20240802,8,3310,0
20240802,8,3311,15
20240802,8,3802,11
20240802,9,2111,13
20240802,9,2112,12
20240802,9,2116,16
20240802,9,2122,28
20240802,9,2128,6
20240802,9,2129,0
20240802,9,2130,2
20240802,9,2139,0
20240802,9,2143,8
20240802,9,2148,9
20240802,9,2159,16
20240802,9,2171,17
20240802,9,2172,0
20240802,9,2178,10
20240802,9,2179,19
20240802,9,2185,21
20240802,9,2186,9
20240802,9,2191,5
20240802,9,2198,6
20240802,9,2199,6
20240802,9,3310,13
20240802,9,3311,19
20240802,9,3802,10
20240802,10,2111,17
20240802,10,2112,12
20240802,10,2116,16
20240802,10,2122,28
20240802,10,2128,4
20240802,10,2129,0
20240802,10,2130,2
20240802,10,2139,1
20240802,10,2143,7
20240802,10,2148,9
20240802,10,2159,16
20240802,10,2171,16
20240802,10,2172,0
20240802,10,2178,25
20240802,10,2179,21
20240802,10,2185,21
20240802,10,2186,10
20240802,10,2191,5
20240802,10,2198,6
20240802,10,2199,6
20240802,10,3310,12
20240802,10,3311,22
20240802,10,3802,8
20240802,11,2111,17
20240802,11,2112,13
20240802,11,2116,16
20240802,11,2122,28
20240802,11,2128,4
20240802,11,2129,13
20240802,11,2130,2
20240802,11,2139,1
20240802,11,2143,7
20240802,11,2148,11
20240802,11,2159,16
20240802,11,2171,17
20240802,11,2172,1
20240802,11,2178,26
20240802,11,2179,23
20240802,11,2185,22
20240802,11,2186,10
20240802,11,2191,4
20240802,11,2198,10
20240802,11,2199,6
20240802,11,3310,11
20240802,11,3311,24
20240802,11,3802,9
20240802,12,2111,18
20240802,12,2112,15
20240802,12,2116,16
20240802,12,2122,31
20240802,12,2128,4
20240802,12,2129,10
20240802,12,2130,3
20240802,12,2139,2
20240802,12,2143,7
20240802,12,2148,12
20240802,12,2159,16
20240802,12,2171,18
20240802,12,2172,1
20240802,12,2178,26
20240802,12,2179,22
20240802,12,2185,21
20240802,12,2186,10
20240802,12,2191,4
20240802,12,2198,9
20240802,12,2199,4
20240802,12,3310,10
20240802,12,3311,24
20240802,12,3802,8
20240802,13,2111,19
20240802,13,2112,17
20240802,13,2116,18
20240802,13,2122,34
20240802,13,2128,6
20240802,13,2129,10
20240802,13,2130,3
20240802,13,2139,0
20240802,13,2143,7
20240802,13,2148,9
20240802,13,2159,14
20240802,13,2171,19
20240802,13,2172,1
20240802,13,2178,26
20240802,13,2179,24
20240802,13,2185,22
20240802,13,2186,10
20240802,13,2191,4
20240802,13,2198,8
20240802,13,2199,3
20240802,13,3310,9
20240802,13,3311,23
20240802,13,3802,8
20240802,14,2111,20
20240802,14,2112,16
20240802,14,2116,18
20240802,14,2122,34
20240802,14,2128,5
20240802,14,2129,11
20240802,14,2130,3
20240802,14,2139,0
20240802,14,2143,7
20240802,14,2148,8
20240802,14,2159,14
20240802,14,2171,18
20240802,14,2172,1
20240802,14,2178,25
20240802,14,2179,23
20240802,14,2185,24
20240802,14,2186,10
20240802,14,2191,5
20240802,14,2198,6
20240802,14,2199,3
20240802,14,3310,8
20240802,14,3311,24
20240802,14,3802,6
20240802,15,2111,20
20240802,15,2112,16
20240802,15,2116,16
20240802,15,2122,35
20240802,15,2128,4
20240802,15,2129,10
20240802,15,2130,3
20240802,15,2139,0
20240802,15,2143,9
20240802,15,2148,11
20240802,15,2159,13
20240802,15,2171,17
20240802,15,2172,1
20240802,15,2178,26
20240802,15,2179,23
20240802,15,2185,22
20240802,15,2186,10
20240802,15,2191,6
20240802,15,2198,8
20240802,15,2199,3
20240802,15,3310,7
20240802,15,3311,27
20240802,15,3802,6
20240802,16,2111,20
20240802,16,2112,16
20240802,16,2116,16
20240802,16,2122,36
20240802,16,2128,4
20240802,16,2129,9
20240802,16,2130,2
20240802,16,2139,0
20240802,16,2143,9
20240802,16,2148,11
20240802,16,2159,13
20240802,16,2171,16
20240802,16,2172,3
20240802,16,2178,26
20240802,16,2179,23
20240802,16,2185,21
20240802,16,2186,10
20240802,16,2191,2
20240802,16,2198,7
20240802,16,2199,3
20240802,16,3310,3
20240802,16,3311,25
20240802,16,3802,6
20240802,17,2111,19
20240802,17,2112,18
20240802,17,2116,16
20240802,17,2122,36
20240802,17,2128,6
20240802,17,2129,4
20240802,17,2130,2
20240802,17,2139,1
20240802,17,2143,9
20240802,17,2148,9
20240802,17,2159,13
20240802,17,2171,15
20240802,17,2172,4
20240802,17,2178,24
20240802,17,2179,24
20240802,17,2185,21
20240802,17,2186,9
20240802,17,2191,5
20240802,17,2198,7
20240802,17,2199,4
20240802,17,3310,3
20240802,17,3311,22
20240802,17,3802,5
20240802,18,2111,19
20240802,18,2112,17
20240802,18,2116,14
20240802,18,2122,36
20240802,18,2128,7
20240802,18,2129,0
20240802,18,2130,0
20240802,18,2139,1
20240802,18,2143,4
20240802,18,2148,13
20240802,18,2159,13
20240802,18,2171,16
20240802,18,2172,2
20240802,18,2178,22
20240802,18,2179,22
20240802,18,2185,24
20240802,18,2186,9
20240802,18,2191,5
20240802,18,2198,8
20240802,18,2199,4
20240802,18,3310,2
20240802,18,3311,15
20240802,18,3802,5
20240802,19,2111,17
20240802,19,2112,18
20240802,19,2116,15
20240802,19,2122,37
20240802,19,2128,4
20240802,19,2129,0
20240802,19,2130,0
20240802,19,2139,2
20240802,19,2143,4
20240802,19,2148,9
20240802,19,2159,14
20240802,19,2171,15
20240802,19,2172,0
20240802,19,2178,22
20240802,19,2179,22
20240802,19,2185,27
20240802,19,2186,12
20240802,19,2191,7
20240802,19,2198,10
20240802,19,2199,5
20240802,19,3310,1
20240802,19,3311,14
20240802,19,3802,8
20240802,20,2111,21
20240802,20,2112,20
20240802,20,2116,15
20240802,20,2122,38
20240802,20,2128,4
20240802,20,2129,0
20240802,20,2130,0
20240802,20,2139,6
20240802,20,2143,4
20240802,20,2148,10
20240802,20,2159,11
20240802,20,2171,10
20240802,20,2172,0
20240802,20,2178,23
20240802,20,2179,21
20240802,20,2185,25
20240802,20,2186,13
20240802,20,2191,6
20240802,20,2198,9
20240802,20,2199,6
20240802,20,3310,1
20240802,20,3311,15
20240802,20,3802,10
20240802,21,2111,19
20240802,21,2112,22
20240802,21,2116,17
20240802,21,2122,38
20240802,21,2128,2
20240802,21,2129,0
20240802,21,2130,0
20240802,21,2139,3
20240802,21,2143,4
20240802,21,2148,12
20240802,21,2159,13
20240802,21,2171,9
20240802,21,2172,0
20240802,21,2178,23
20240802,21,2179,22
20240802,21,2185,26
20240802,21,2186,12
20240802,21,2191,6
20240802,21,2198,10
20240802,21,2199,5
20240802,21,3310,2
20240802,21,3311,10
20240802,21,3802,8
20240802,22,2111,19
20240802,22,2112,25
20240802,22,2116,13
20240802,22,2122,35
20240802,22,2128,3
20240802,22,2129,0
20240802,22,2130,0
20240802,22,2139,3
20240802,22,2143,4
20240802,22,2148,16
20240802,22,2159,12
20240802,22,2171,8
20240802,22,2172,0
20240802,22,2178,21
20240802,22,2179,22
20240802,22,2185,28
20240802,22,2186,13
20240802,22,2191,6
20240802,22,2198,12
20240802,22,2199,4
20240802,22,3310,2
20240802,22,3311,9
20240802,22,3802,8
20240802,23,2111,20
20240802,23,2112,21
20240802,23,2116,12
20240802,23,2122,33
20240802,23,2128,2
20240802,23,2129,0
20240802,23,2130,0
20240802,23,2139,4
20240802,23,2143,4
20240802,23,2148,15
20240802,23,2159,12
20240802,23,2171,8
20240802,23,2172,0
20240802,23,2178,20
20240802,23,2179,21
20240802,23,2185,30
20240802,23,2186,15
20240802,23,2191,4
20240802,23,2198,12
20240802,23,2199,4
20240802,23,3310,2
20240802,23,3311,2
20240802,23,3802,8
20240803,0,2111,17
20240803,0,2112,19
20240803,0,2116,13
20240803,0,2122,32
20240803,0,2128,3
20240803,0,2129,0
20240803,0,2130,0
20240803,0,2139,3
20240803,0,2143,5
20240803,0,2148,11
20240803,0,2159,13
20240803,0,2171,8
20240803,0,2172,0
20240803,0,2178,19
20240803,0,2179,20
20240803,0,2185,33
20240803,0,2186,16
20240803,0,2191,8
20240803,0,2198,12
20240803,0,2199,5
20240803,0,3310,2
20240803,0,3311,2
20240803,0,3802,8
20240803,1,2111,15
20240803,1,2112,17
20240803,1,2116,15
20240803,1,2122,34
20240803,1,2128,2
20240803,1,2129,1
20240803,1,2130,0
20240803,1,2139,3
20240803,1,2143,6
20240803,1,2148,11
20240803,1,2159,14
20240803,1,2171,8
20240803,1,2172,0
20240803,1,2178,18
20240803,1,2179,21
20240803,1,2185,34
20240803,1,2186,17
20240803,1,2191,8
20240803,1,2198,13
20240803,1,2199,5
20240803,1,3310,2
20240803,1,3311,1
20240803,1,3802,8
20240803,2,2111,13
20240803,2,2112,16
20240803,2,2116,15
20240803,2,2122,35
20240803,2,2128,1
20240803,2,2129,1
20240803,2,2130,0
20240803,2,2139,3
20240803,2,2143,5
20240803,2,2148,10
20240803,2,2159,13
20240803,2,2171,7
20240803,2,2172,0
20240803,2,2178,18
20240803,2,2179,21
20240803,2,2185,35
20240803,2,2186,16
20240803,2,2191,11
20240803,2,2198,13
20240803,2,2199,5
20240803,2,3310,2
20240803,2,3311,1
20240803,2,3802,8
20240803,3,2111,12
20240803,3,2112,16
20240803,3,2116,15
20240803,3,2122,35
20240803,3,2128,2
20240803,3,2129,1
20240803,3,2130,0
20240803,3,2139,4
20240803,3,2143,4
20240803,3,2148,11
20240803,3,2159,13
20240803,3,2171,7
20240803,3,2172,0
20240803,3,2178,18
20240803,3,2179,22
20240803,3,2185,34
20240803,3,2186,17
20240803,3,2191,13
20240803,3,2198,12
20240803,3,2199,5
20240803,3,3310,2
20240803,3,3311,2
20240803,3,3802,9
20240803,4,2111,12
20240803,4,2112,15
20240803,4,2116,15
20240803,4,2122,35
20240803,4,2128,2
20240803,4,2129,1
20240803,4,2130,0
20240803,4,2139,5
20240803,4,2143,4
20240803,4,2148,11
20240803,4,2159,12
20240803,4,2171,8
20240803,4,2172,0
20240803,4,2178,19
20240803,4,2179,22
20240803,4,2185,33
20240803,4,2186,17
20240803,4,2191,15
20240803,4,2198,15
20240803,4,2199,6
20240803,4,3310,2
20240803,4,3311,2
20240803,4,3802,9
20240803,5,2111,14
20240803,5,2112,15
20240803,5,2116,16
20240803,5,2122,35
20240803,5,2128,1
20240803,5,2129,2
20240803,5,2130,0
20240803,5,2139,4
20240803,5,2143,4
20240803,5,2148,10
20240803,5,2159,12
20240803,5,2171,8
20240803,5,2172,2
20240803,5,2178,19
20240803,5,2179,22
20240803,5,2185,35
20240803,5,2186,17
20240803,5,2191,16
20240803,5,2198,16
20240803,5,2199,7
20240803,5,3310,0
20240803,5,3311,3
20240803,5,3802,9
20240803,6,2111,13
20240803,6,2112,15
20240803,6,2116,15
20240803,6,2122,33
20240803,6,2128,1
20240803,6,2129,1
20240803,6,2130,0
20240803,6,2139,4
20240803,6,2143,4
20240803,6,2148,9
20240803,6,2159,13
20240803,6,2171,11
20240803,6,2172,2
20240803,6,2178,19
20240803,6,2179,23
20240803,6,2185,34
20240803,6,2186,16
20240803,6,2191,16
20240803,6,2198,16
20240803,6,2199,8
20240803,6,3310,0
20240803,6,3311,3
20240803,6,3802,12
20240803,7,2111,13
20240803,7,2112,14
20240803,7,2116,14
20240803,7,2122,33
20240803,7,2128,1
20240803,7,2129,1
20240803,7,2130,0
20240803,7,2139,4
20240803,7,2143,4
20240803,7,2148,9
20240803,7,2159,14
20240803,7,2171,11
20240803,7,2172,2
20240803,7,2178,20
20240803,7,2179,23
20240803,7,2185,32
20240803,7,2186,15
20240803,7,2191,15
20240803,7,2198,15
20240803,7,2199,8
20240803,7,3310,0
20240803,7,3311,3
20240803,7,3802,12
20240803,8,2111,13
20240803,8,2112,14
20240803,8,2116,16
20240803,8,2122,33
20240803,8,2128,2
20240803,8,2129,1
20240803,8,2130,0
20240803,8,2139,3
20240803,8,2143,5
20240803,8,2148,9
20240803,8,2159,12
20240803,8,2171,12
20240803,8,2172,1
20240803,8,2178,19
20240803,8,2179,23
20240803,8,2185,30
20240803,8,2186,15
20240803,8,2191,15
20240803,8,2198,15
20240803,8,2199,8
20240803,8,3310,0
20240803,8,3311,3
20240803,8,3802,10
20240803,9,2111,14
20240803,9,2112,16
20240803,9,2116,15
20240803,9,2122,33
20240803,9,2128,1
20240803,9,2129,1
20240803,9,2130,0
20240803,9,2139,4
20240803,9,2143,6
20240803,9,2148,10
20240803,9,2159,12
20240803,9,2171,12
20240803,9,2172,1
20240803,9,2178,19
20240803,9,2179,25
20240803,9,2185,29
20240803,9,2186,13
20240803,9,2191,14
20240803,9,2198,15
20240803,9,2199,8
20240803,9,3310,10
20240803,9,3311,5
20240803,9,3802,12
20240803,10,2111,12
20240803,10,2112,18
20240803,10,2116,16
20240803,10,2122,32
20240803,10,2128,2
20240803,10,2129,15
20240803,10,2130,0
20240803,10,2139,3
20240803,10,2143,7
20240803,10,2148,8
20240803,10,2159,11
20240803,10,2171,15
20240803,10,2172,21
20240803,10,2178,23
20240803,10,2179,26
20240803,10,2185,29
20240803,10,2186,11
20240803,10,2191,11
20240803,10,2198,18
20240803,10,2199,8
20240803,10,3310,10
20240803,10,3311,10
20240803,10,3802,16
20240803,11,2111,12
20240803,11,2112,14
20240803,11,2116,18
20240803,11,2122,31
20240803,11,2128,2
20240803,11,2129,14
20240803,11,2130,0
20240803,11,2139,3
20240803,11,2143,6
20240803,11,2148,9
20240803,11,2159,11
20240803,11,2171,14
20240803,11,2172,21
20240803,11,2178,23
20240803,11,2179,28
20240803,11,2185,28
20240803,11,2186,11
20240803,11,2191,10
20240803,11,2198,18
20240803,11,2199,8
20240803,11,3310,9
20240803,11,3311,12
20240803,11,3802,11
20240803,12,2111,14
20240803,12,2112,13
20240803,12,2116,20
20240803,12,2122,31
20240803,12,2128,5
20240803,12,2129,13
20240803,12,2130,0
20240803,12,2139,3
20240803,12,2143,5
20240803,12,2148,11
20240803,12,2159,10
20240803,12,2171,17
20240803,12,2172,17
20240803,12,2178,24
20240803,12,2179,31
20240803,12,2185,30
20240803,12,2186,13
20240803,12,2191,9
20240803,12,2198,17
20240803,12,2199,8
20240803,12,3310,6
20240803,12,3311,13
20240803,12,3802,11
20240803,13,2111,14
20240803,13,2112,14
20240803,13,2116,20
20240803,13,2122,33
20240803,13,2128,5
20240803,13,2129,12
20240803,13,2130,0
20240803,13,2139,2
20240803,13,2143,3
20240803,13,2148,8
20240803,13,2159,10
20240803,13,2171,20
20240803,13,2172,17
20240803,13,2178,26
20240803,13,2179,34
20240803,13,2185,30
20240803,13,2186,14
20240803,13,2191,9
20240803,13,2198,17
20240803,13,2199,6
20240803,13,3310,5
20240803,13,3311,13
20240803,13,3802,11
20240803,14,2111,14
20240803,14,2112,18
20240803,14,2116,18
20240803,14,2122,34
20240803,14,2128,5
20240803,14,2129,12
20240803,14,2130,0
20240803,14,2139,3
20240803,14,2143,4
20240803,14,2148,9
20240803,14,2159,10
20240803,14,2171,24
20240803,14,2172,19
20240803,14,2178,27
20240803,14,2179,32
20240803,14,2185,27
20240803,14,2186,14
20240803,14,2191,9
20240803,14,2198,16
20240803,14,2199,6
20240803,14,3310,3
20240803,14,3311,11
20240803,14,3802,11
20240803,15,2111,16
20240803,15,2112,16
20240803,15,2116,19
20240803,15,2122,30
20240803,15,2128,8
20240803,15,2129,11
20240803,15,2130,0
20240803,15,2139,0
20240803,15,2143,4
20240803,15,2148,8
20240803,15,2159,9
20240803,15,2171,24
20240803,15,2172,17
20240803,15,2178,24
20240803,15,2179,33
20240803,15,2185,27
20240803,15,2186,12
20240803,15,2191,8
20240803,15,2198,16
20240803,15,2199,7
20240803,15,3310,3
20240803,15,3311,13
20240803,15,3802,10
20240803,16,2111,15
20240803,16,2112,18
20240803,16,2116,19
20240803,16,2122,25
20240803,16,2128,6
20240803,16,2129,11
20240803,16,2130,0
20240803,16,2139,0
20240803,16,2143,5
20240803,16,2148,9
20240803,16,2159,9
20240803,16,2171,23
20240803,16,2172,14
20240803,16,2178,20
20240803,16,2179,34
20240803,16,2185,28
20240803,16,2186,12
20240803,16,2191,8
20240803,16,2198,16
20240803,16,2199,7
20240803,16,3310,2
20240803,16,3311,15
20240803,16,3802,12
20240803,17,2111,16
20240803,17,2112,19
20240803,17,2116,19
20240803,17,2122,24
20240803,17,2128,7
20240803,17,2129,11
20240803,17,2130,0
20240803,17,2139,0
20240803,17,2143,4
20240803,17,2148,8
20240803,17,2159,9
20240803,17,2171,24
20240803,17,2172,10
20240803,17,2178,18
20240803,17,2179,33
20240803,17,2185,28
20240803,17,2186,11
20240803,17,2191,9
20240803,17,2198,17
20240803,17,2199,6
20240803,17,3310,1
20240803,17,3311,13
20240803,17,3802,13
20240803,18,2111,15
20240803,18,2112,22
20240803,18,2116,19
20240803,18,2122,25
20240803,18,2128,7
20240803,18,2129,10
20240803,18,2130,0
20240803,18,2139,1
20240803,18,2143,2
20240803,18,2148,8
20240803,18,2159,7
20240803,18,2171,23
20240803,18,2172,8
20240803,18,2178,17
20240803,18,2179,28
20240803,18,2185,26
20240803,18,2186,10
20240803,18,2191,10
20240803,18,2198,17
20240803,18,2199,6
20240803,18,3310,0
20240803,18,3311,13
20240803,18,3802,10
20240803,19,2111,20
20240803,19,2112,21
20240803,19,2116,19
20240803,19,2122,24
20240803,19,2128,4
20240803,19,2129,6
20240803,19,2130,0
20240803,19,2139,0
20240803,19,2143,2
20240803,19,2148,7
20240803,19,2159,7
20240803,19,2171,23
20240803,19,2172,7
20240803,19,2178,14
20240803,19,2179,27
20240803,19,2185,27
20240803,19,2186,11
20240803,19,2191,6
20240803,19,2198,17
20240803,19,2199,6
20240803,19,3310,0
20240803,19,3311,10
20240803,19,3802,11
20240803,20,2111,20
20240803,20,2112,23
20240803,20,2116,18
20240803,20,2122,22
20240803,20,2128,2
20240803,20,2129,8
20240803,20,2130,0
20240803,20,2139,1
20240803,20,2143,2
20240803,20,2148,7
20240803,20,2159,8
20240803,20,2171,20
20240803,20,2172,9
20240803,20,2178,12
20240803,20,2179,31
20240803,20,2185,27
20240803,20,2186,11
20240803,20,2191,6
20240803,20,2198,19
20240803,20,2199,5
20240803,20,3310,0
20240803,20,3311,10
20240803,20,3802,10
20240803,21,2111,18
20240803,21,2112,22
20240803,21,2116,19
20240803,21,2122,21
20240803,21,2128,1
20240803,21,2129,8
20240803,21,2130,0
20240803,21,2139,0
20240803,21,2143,2
20240803,21,2148,8
20240803,21,2159,8
20240803,21,2171,18
20240803,21,2172,6
20240803,21,2178,10
20240803,21,2179,33
20240803,21,2185,29
20240803,21,2186,11
20240803,21,2191,7
20240803,21,2198,19
20240803,21,2199,4
20240803,21,3310,0
20240803,21,3311,3
20240803,21,3802,9
20240803,22,2111,15
20240803,22,2112,20
20240803,22,2116,22
20240803,22,2122,21
20240803,22,2128,4
20240803,22,2129,8
20240803,22,2130,0
20240803,22,2139,0
20240803,22,2143,3
20240803,22,2148,8
20240803,22,2159,7
20240803,22,2171,18
20240803,22,2172,6
20240803,22,2178,10
20240803,22,2179,35
20240803,22,2185,28
20240803,22,2186,11
20240803,22,2191,8
20240803,22,2198,19
20240803,22,2199,4
20240803,22,3310,0
20240803,22,3311,3
20240803,22,3802,8
20240803,23,2111,12
20240803,23,2112,21
20240803,23,2116,23
20240803,23,2122,23
20240803,23,2128,1
20240803,23,2129,9
20240803,23,2130,0
20240803,23,2139,1
20240803,23,2143,4
20240803,23,2148,8
20240803,23,2159,7
20240803,23,2171,19
20240803,23,2172,5
20240803,23,2178,8
20240803,23,2179,32
20240803,23,2185,30
20240803,23,2186,12
20240803,23,2191,8
20240803,23,2198,22
20240803,23,2199,4
20240803,23,3310,0
20240803,23,3311,2
20240803,23,3802,8
20240804,0,2111,10
20240804,0,2112,19
20240804,0,2116,23
20240804,0,2122,24
20240804,0,2128,1
20240804,0,2129,9
20240804,0,2130,0
20240804,0,2139,2
20240804,0,2143,8
20240804,0,2148,8
20240804,0,2159,7
20240804,0,2171,19
20240804,0,2172,3
20240804,0,2178,8
20240804,0,2179,32
20240804,0,2185,28
20240804,0,2186,12
20240804,0,2191,8
20240804,0,2198,22
20240804,0,2199,5
20240804,0,3310,0
20240804,0,3311,0
20240804,0,3802,7
20240804,1,2111,11
20240804,1,2112,17
20240804,1,2116,23
20240804,1,2122,24
20240804,1,2128,2
20240804,1,2129,8
20240804,1,2130,0
20240804,1,2139,1
20240804,1,2143,7
20240804,1,2148,8
20240804,1,2159,7
20240804,1,2171,16
20240804,1,2172,3
20240804,1,2178,8
20240804,1,2179,31
20240804,1,2185,29
20240804,1,2186,13
20240804,1,2191,11
20240804,1,2198,22
20240804,1,2199,4
20240804,1,3310,0
20240804,1,3311,0
20240804,1,3802,7
20240804,2,2111,9
20240804,2,2112,15
20240804,2,2116,24
20240804,2,2122,24
20240804,2,2128,2
20240804,2,2129,8
20240804,2,2130,0
20240804,2,2139,2
20240804,2,2143,8
20240804,2,2148,8
20240804,2,2159,6
20240804,2,2171,14
20240804,2,2172,3
20240804,2,2178,8
20240804,2,2179,32
20240804,2,2185,30
20240804,2,2186,13
20240804,2,2191,13
20240804,2,2198,22
20240804,2,2199,5
20240804,2,3310,0
20240804,2,3311,0
20240804,2,3802,7
20240804,3,2111,9
20240804,3,2112,15
20240804,3,2116,23
20240804,3,2122,24
20240804,3,2128,3
20240804,3,2129,10
20240804,3,2130,0
20240804,3,2139,6
20240804,3,2143,8
20240804,3,2148,8
20240804,3,2159,6
20240804,3,2171,14
20240804,3,2172,3
20240804,3,2178,8
20240804,3,2179,32
20240804,3,2185,29
20240804,3,2186,13
20240804,3,2191,14
20240804,3,2198,22
20240804,3,2199,5
20240804,3,3310,0
20240804,3,3311,0
20240804,3,3802,7
20240804,4,2111,8
20240804,4,2112,16
20240804,4,2116,23
20240804,4,2122,24
20240804,4,2128,4
20240804,4,2129,10
20240804,4,2130,0
20240804,4,2139,5
20240804,4,2143,9
20240804,4,2148,8
20240804,4,2159,6
20240804,4,2171,13
20240804,4,2172,4
20240804,4,2178,8
20240804,4,2179,32
20240804,4,2185,29
20240804,4,2186,13
20240804,4,2191,14
20240804,4,2198,22
20240804,4,2199,5
20240804,4,3310,0
20240804,4,3311,0
20240804,4,3802,7
20240804,5,2111,8
20240804,5,2112,16
20240804,5,2116,24
20240804,5,2122,24
20240804,5,2128,4
20240804,5,2129,9
20240804,5,2130,0
20240804,5,2139,4
20240804,5,2143,10
20240804,5,2148,8
20240804,5,2159,6
20240804,5,2171,12
20240804,5,2172,4
20240804,5,2178,8
20240804,5,2179,33
20240804,5,2185,29
20240804,5,2186,13
20240804,5,2191,14
20240804,5,2198,23
20240804,5,2199,5
20240804,5,3310,0
20240804,5,3311,0
20240804,5,3802,7
20240804,6,2111,9
20240804,6,2112,15
20240804,6,2116,24
20240804,6,2122,23
20240804,6,2128,4
20240804,6,2129,9
20240804,6,2130,0
20240804,6,2139,4
20240804,6,2143,10
20240804,6,2148,8
20240804,6,2159,7
20240804,6,2171,12
20240804,6,2172,5
20240804,6,2178,8
20240804,6,2179,33
20240804,6,2185,29
20240804,6,2186,13
20240804,6,2191,15
20240804,6,2198,23
20240804,6,2199,5
20240804,6,3310,0
20240804,6,3311,1
20240804,6,3802,7
20240804,7,2111,11
20240804,7,2112,14
20240804,7,2116,24
20240804,7,2122,23
20240804,7,2128,4
20240804,7,2129,9
20240804,7,2130,0
20240804,7,2139,4
20240804,7,2143,10
20240804,7,2148,8
20240804,7,2159,7
20240804,7,2171,13
20240804,7,2172,5
20240804,7,2178,8
20240804,7,2179,33
20240804,7,2185,28
20240804,7,2186,13
20240804,7,2191,15
20240804,7,2198,23
20240804,7,2199,5
20240804,7,3310,0
20240804,7,3311,0
20240804,7,3802,7
20240804,8,2111,14
20240804,8,2112,13
20240804,8,2116,24
20240804,8,2122,23
20240804,8,2128,4
20240804,8,2129,10
20240804,8,2130,1
20240804,8,2139,5
20240804,8,2143,11
20240804,8,2148,8
20240804,8,2159,7
20240804,8,2171,14
20240804,8,2172,8
20240804,8,2178,9
20240804,8,2179,32
20240804,8,2185,28
20240804,8,2186,13
20240804,8,2191,16
20240804,8,2198,22
20240804,8,2199,5
20240804,8,3310,0
20240804,8,3311,0
20240804,8,3802,7
20240804,9,2111,15
20240804,9,2112,13
20240804,9,2116,24
20240804,9,2122,23
20240804,9,2128,3
20240804,9,2129,6
20240804,9,2130,0
20240804,9,2139,5
20240804,9,2143,10
20240804,9,2148,8
20240804,9,2159,7
20240804,9,2171,15
20240804,9,2172,10
20240804,9,2178,9
20240804,9,2179,32
20240804,9,2185,28
20240804,9,2186,12
20240804,9,2191,14
20240804,9,2198,19
20240804,9,2199,5
20240804,9,3310,0
20240804,9,3311,1
20240804,9,3802,7
20240804,10,2111,17
20240804,10,2112,14
20240804,10,2116,25
20240804,10,2122,24
20240804,10,2128,2
20240804,10,2129,6
20240804,10,2130,0
20240804,10,2139,2
20240804,10,2143,9
20240804,10,2148,10
20240804,10,2159,7
20240804,10,2171,15
20240804,10,2172,8
20240804,10,2178,9
20240804,10,2179,31
20240804,10,2185,28
20240804,10,2186,12
20240804,10,2191,14
20240804,10,2198,19
20240804,10,2199,4
20240804,10,3310,0
20240804,10,3311,4
20240804,10,3802,7
20240804,11,2111,17
20240804,11,2112,14
20240804,11,2116,27
20240804,11,2122,25
20240804,11,2128,2
20240804,11,2129,7
20240804,11,2130,0
20240804,11,2139,2
20240804,11,2143,9
20240804,11,2148,9
20240804,11,2159,7
20240804,11,2171,15
20240804,11,2172,8
20240804,11,2178,9
20240804,11,2179,31
20240804,11,2185,28
20240804,11,2186,12
20240804,11,2191,12
20240804,11,2198,18
20240804,11,2199,4
20240804,11,3310,0
20240804,11,3311,7
20240804,11,3802,6
20240804,12,2111,15
20240804,12,2112,15
20240804,12,2116,26
20240804,12,2122,26
20240804,12,2128,2
20240804,12,2129,7
20240804,12,2130,1
20240804,12,2139,2
20240804,12,2143,9
20240804,12,2148,8
20240804,12,2159,5
20240804,12,2171,16
20240804,12,2172,8
20240804,12,2178,9
20240804,12,2179,32
20240804,12,2185,28
20240804,12,2186,14
20240804,12,2191,11
20240804,12,2198,18
20240804,12,2199,5
20240804,12,3310,0
20240804,12,3311,6
20240804,12,3802,6
20240804,13,2111,15
20240804,13,2112,14
20240804,13,2116,26
20240804,13,2122,27
20240804,13,2128,2
20240804,13,2129,7
20240804,13,2130,1
20240804,13,2139,3
20240804,13,2143,9
20240804,13,2148,9
20240804,13,2159,4
20240804,13,2171,18
20240804,13,2172,7
20240804,13,2178,8
20240804,13,2179,27
20240804,13,2185,27
20240804,13,2186,12
20240804,13,2191,11
20240804,13,2198,21
20240804,13,2199,4
20240804,13,3310,0
20240804,13,3311,6
20240804,13,3802,7
20240804,14,2111,16
20240804,14,2112,15
20240804,14,2116,27
20240804,14,2122,27
20240804,14,2128,4
20240804,14,2129,7
20240804,14,2130,2
20240804,14,2139,3
20240804,14,2143,8
20240804,14,2148,10
20240804,14,2159,4
20240804,14,2171,18
20240804,14,2172,7
20240804,14,2178,7
20240804,14,2179,29
20240804,14,2185,28
20240804,14,2186,11
20240804,14,2191,11
20240804,14,2198,21
20240804,14,2199,4
20240804,14,3310,0
20240804,14,3311,4
20240804,14,3802,6
20240804,15,2111,16
20240804,15,2112,12
20240804,15,2116,25
20240804,15,2122,28
20240804,15,2128,5
20240804,15,2129,7
20240804,15,2130,3
20240804,15,2139,5
20240804,15,2143,8
20240804,15,2148,9
20240804,15,2159,5
20240804,15,2171,14
20240804,15,2172,7
20240804,15,2178,6
20240804,15,2179,29
20240804,15,2185,26
20240804,15,2186,10
20240804,15,2191,10
20240804,15,2198,23
20240804,15,2199,4
20240804,15,3310,0
20240804,15,3311,3
20240804,15,3802,7
20240804,16,2111,15
20240804,16,2112,12
20240804,16,2116,16
20240804,16,2122,27
20240804,16,2128,6
20240804,16,2129,6
20240804,16,2130,3
20240804,16,2139,5
20240804,16,2143,7
20240804,16,2148,10
20240804,16,2159,5
20240804,16,2171,17
20240804,16,2172,7
20240804,16,2178,5
20240804,16,2179,30
20240804,16,2185,25
20240804,16,2186,10
20240804,16,2191,8
20240804,16,2198,23
20240804,16,2199,5
20240804,16,3310,0
20240804,16,3311,2
20240804,16,3802,7
20240804,17,2111,16
20240804,17,2112,15
20240804,17,2116,16
20240804,17,2122,26
20240804,17,2128,7
20240804,17,2129,5
20240804,17,2130,17
20240804,17,2139,4
20240804,17,2143,7
20240804,17,2148,10
20240804,17,2159,6
20240804,17,2171,14
20240804,17,2172,3
20240804,17,2178,5
20240804,17,2179,31
20240804,17,2185,26
20240804,17,2186,10
20240804,17,2191,9
20240804,17,2198,22
20240804,17,2199,5
20240804,17,3310,0
20240804,17,3311,1
20240804,17,3802,7
20240804,18,2111,16
20240804,18,2112,14
20240804,18,2116,15
20240804,18,2122,26
20240804,18,2128,7
20240804,18,2129,6
20240804,18,2130,16
20240804,18,2139,4
20240804,18,2143,8
20240804,18,2148,11
20240804,18,2159,5
20240804,18,2171,13
20240804,18,2172,1
20240804,18,2178,5
20240804,18,2179,29
20240804,18,2185,26
20240804,18,2186,10
20240804,18,2191,9
20240804,18,2198,22
20240804,18,2199,4
20240804,18,3310,0
20240804,18,3311,1
20240804,18,3802,7
20240804,19,2111,14
20240804,19,2112,15
20240804,19,2116,15
20240804,19,2122,27
20240804,19,2128,7
20240804,19,2129,4
20240804,19,2130,16
20240804,19,2139,2
20240804,19,2143,8
20240804,19,2148,11
20240804,19,2159,5
20240804,19,2171,13
20240804,19,2172,0
20240804,19,2178,5
20240804,19,2179,25
20240804,19,2185,24
20240804,19,2186,10
20240804,19,2191,10
20240804,19,2198,23
20240804,19,2199,4
20240804,19,3310,0
20240804,19,3311,1
20240804,19,3802,7
20240804,20,2111,13
20240804,20,2112,14
20240804,20,2116,16
20240804,20,2122,25
20240804,20,2128,4
20240804,20,2129,4
20240804,20,2130,16
20240804,20,2139,3
20240804,20,2143,8
20240804,20,2148,10
20240804,20,2159,6
20240804,20,2171,19
20240804,20,2172,0
20240804,20,2178,5
20240804,20,2179,9
20240804,20,2185,23
20240804,20,2186,10
20240804,20,2191,10
20240804,20,2198,24
20240804,20,2199,4
20240804,20,3310,0
20240804,20,3311,0
20240804,20,3802,7
20240804,21,2111,7
20240804,21,2112,14
20240804,21,2116,15
20240804,21,2122,24
20240804,21,2128,3
20240804,21,2129,5
20240804,21,2130,16
20240804,21,2139,3
20240804,21,2143,8
20240804,21,2148,10
20240804,21,2159,9
20240804,21,2171,16
20240804,21,2172,0
20240804,21,2178,4
20240804,21,2179,10
20240804,21,2185,24
20240804,21,2186,11
20240804,21,2191,10
20240804,21,2198,25
20240804,21,2199,3
20240804,21,3310,0
20240804,21,3311,0
20240804,21,3802,7
20240804,22,2111,7
20240804,22,2112,12
20240804,22,2116,15
20240804,22,2122,24
20240804,22,2128,5
20240804,22,2129,5
20240804,22,2130,16
20240804,22,2139,1
20240804,22,2143,8
20240804,22,2148,10
20240804,22,2159,8
20240804,22,2171,17
20240804,22,2172,1
20240804,22,2178,3
20240804,22,2179,12
20240804,22,2185,25
20240804,22,2186,9
20240804,22,2191,9
20240804,22,2198,23
20240804,22,2199,3
20240804,22,3310,0
20240804,22,3311,0
20240804,22,3802,7
20240804,23,2111,7
20240804,23,2112,14
20240804,23,2116,14
20240804,23,2122,24
20240804,23,2128,3
20240804,23,2129,5
20240804,23,2130,16
20240804,23,2139,1
20240804,23,2143,9
20240804,23,2148,8
20240804,23,2159,8
20240804,23,2171,20
20240804,23,2172,0
20240804,23,2178,0
20240804,23,2179,14
20240804,23,2185,23
20240804,23,2186,11
20240804,23,2191,7
20240804,23,2198,23
20240804,23,2199,4
20240804,23,3310,1
20240804,23,3311,1
20240804,23,3802,8
20240805,0,2111,5
20240805,0,2112,14
20240805,0,2116,14
20240805,0,2122,25
20240805,0,2128,3
20240805,0,2129,5
20240805,0,2130,16
20240805,0,2139,3
20240805,0,2143,10
20240805,0,2148,9
20240805,0,2159,8
20240805,0,2171,21
20240805,0,2172,0
20240805,0,2178,1
20240805,0,2179,13
20240805,0,2185,23
20240805,0,2186,8
20240805,0,2191,7
20240805,0,2198,24
20240805,0,2199,4
20240805,0,3310,1
20240805,0,3311,1
20240805,0,3802,8
20240805,1,2111,5
20240805,1,2112,13
20240805,1,2116,14
20240805,1,2122,25
20240805,1,2128,3
20240805,1,2129,5
20240805,1,2130,16
20240805,1,2139,5
20240805,1,2143,10
20240805,1,2148,9
20240805,1,2159,9
20240805,1,2171,21
20240805,1,2172,0
20240805,1,2178,1
20240805,1,2179,11
20240805,1,2185,24
20240805,1,2186,8
20240805,1,2191,7
20240805,1,2198,22
20240805,1,2199,2
20240805,1,3310,1
20240805,1,3311,0
20240805,1,3802,9
20240805,2,2111,5
20240805,2,2112,13
20240805,2,2116,14
20240805,2,2122,26
20240805,2,2128,3
20240805,2,2129,4
20240805,2,2130,16
20240805,2,2139,5
20240805,2,2143,10
20240805,2,2148,8
20240805,2,2159,9
20240805,2,2171,22
20240805,2,2172,0
20240805,2,2178,1
20240805,2,2179,11
20240805,2,2185,25
20240805,2,2186,9
20240805,2,2191,7
20240805,2,2198,22
20240805,2,2199,2
20240805,2,3310,1
20240805,2,3311,0
20240805,2,3802,9
20240805,3,2111,5
20240805,3,2112,13
20240805,3,2116,14
20240805,3,2122,26
20240805,3,2128,3
20240805,3,2129,5
20240805,3,2130,16
20240805,3,2139,6
20240805,3,2143,11
20240805,3,2148,8
20240805,3,2159,9
20240805,3,2171,20
20240805,3,2172,0
20240805,3,2178,0
20240805,3,2179,12
20240805,3,2185,25
20240805,3,2186,9
20240805,3,2191,8
20240805,3,2198,22
20240805,3,2199,2
20240805,3,3310,1
20240805,3,3311,1
20240805,3,3802,9
20240805,4,2111,5
20240805,4,2112,15
20240805,4,2116,14
20240805,4,2122,26
20240805,4,2128,3
20240805,4,2129,6
20240805,4,2130,16
20240805,4,2139,7
20240805,4,2143,12
20240805,4,2148,8
20240805,4,2159,9
20240805,4,2171,19
20240805,4,2172,0
20240805,4,2178,1
20240805,4,2179,12
20240805,4,2185,25
20240805,4,2186,9
20240805,4,2191,7
20240805,4,2198,22
20240805,4,2199,2
20240805,4,3310,1
20240805,4,3311,1
20240805,4,3802,9
20240805,5,2111,5
20240805,5,2112,14
20240805,5,2116,14
20240805,5,2122,26
20240805,5,2128,3
20240805,5,2129,6
20240805,5,2130,16
20240805,5,2139,6
20240805,5,2143,12
20240805,5,2148,7
20240805,5,2159,9
20240805,5,2171,20
20240805,5,2172,0
20240805,5,2178,1
20240805,5,2179,10
20240805,5,2185,25
20240805,5,2186,9
20240805,5,2191,7
20240805,5,2198,22
20240805,5,2199,2
20240805,5,3310,1
20240805,5,3311,1
20240805,5,3802,9
20240805,6,2111,5
20240805,6,2112,14
20240805,6,2116,13
20240805,6,2122,26
20240805,6,2128,3
20240805,6,2129,5
20240805,6,2130,16
20240805,6,2139,6
20240805,6,2143,12
20240805,6,2148,7
20240805,6,2159,9
20240805,6,2171,20
20240805,6,2172,1
20240805,6,2178,1
20240805,6,2179,9
20240805,6,2185,25
20240805,6,2186,7
20240805,6,2191,8
20240805,6,2198,22
20240805,6,2199,2
20240805,6,3310,0
20240805,6,3311,3
20240805,6,3802,15
20240805,7,2111,8
20240805,7,2112,14
20240805,7,2116,13
20240805,7,2122,27
20240805,7,2128,3
20240805,7,2129,4
20240805,7,2130,16
20240805,7,2139,6
20240805,7,2143,12
20240805,7,2148,8
20240805,7,2159,9
20240805,7,2171,23
20240805,7,2172,1
20240805,7,2178,0
20240805,7,2179,9
20240805,7,2185,24
20240805,7,2186,6
20240805,7,2191,7
20240805,7,2198,22
20240805,7,2199,2
20240805,7,3310,0
20240805,7,3311,5
20240805,7,3802,9
20240805,8,2111,7
20240805,8,2112,14
20240805,8,2116,13
20240805,8,2122,30
20240805,8,2128,3
20240805,8,2129,5
20240805,8,2130,18
20240805,8,2139,3
20240805,8,2143,11
20240805,8,2148,8
20240805,8,2159,9
20240805,8,2171,24
20240805,8,2172,0
20240805,8,2178,1
20240805,8,2179,7
20240805,8,2185,24
20240805,8,2186,5
20240805,8,2191,5
20240805,8,2198,17
20240805,8,2199,2
20240805,8,3310,0
20240805,8,3311,9
20240805,8,3802,4
20240805,9,2111,8
20240805,9,2112,15
20240805,9,2116,14
20240805,9,2122,32
20240805,9,2128,3
20240805,9,2129,4
20240805,9,2130,17
20240805,9,2139,0
20240805,9,2143,10
20240805,9,2148,7
20240805,9,2159,8
20240805,9,2171,26
20240805,9,2172,0
20240805,9,2178,15
20240805,9,2179,7
20240805,9,2185,28
20240805,9,2186,5
20240805,9,2191,9
20240805,9,2198,15
20240805,9,2199,2
20240805,9,3310,0
20240805,9,3311,19
20240805,9,3802,4
20240805,10,2111,10
20240805,10,2112,15
20240805,10,2116,15
20240805,10,2122,31
20240805,10,2128,4
20240805,10,2129,4
20240805,10,2130,17
20240805,10,2139,2
20240805,10,2143,9
20240805,10,2148,8
20240805,10,2159,8
20240805,10,2171,27
20240805,10,2172,0
20240805,10,2178,19
20240805,10,2179,10
20240805,10,2185,28
20240805,10,2186,5
20240805,10,2191,8
20240805,10,2198,15
20240805,10,2199,2
20240805,10,3310,0
20240805,10,3311,22
20240805,10,3802,5
20240805,11,2111,9
20240805,11,2112,15
20240805,11,2116,14
20240805,11,2122,32
20240805,11,2128,3
20240805,11,2129,4
20240805,11,2130,16
20240805,11,2139,2
20240805,11,2143,9
20240805,11,2148,10
20240805,11,2159,9
20240805,11,2171,26
20240805,11,2172,1
20240805,11,2178,18
20240805,11,2179,9
20240805,11,2185,28
20240805,11,2186,7
20240805,11,2191,7
20240805,11,2198,14
20240805,11,2199,2
20240805,11,3310,0
20240805,11,3311,23
20240805,11,3802,4
20240805,12,2111,12
20240805,12,2112,14
20240805,12,2116,15
20240805,12,2122,32
20240805,12,2128,3
20240805,12,2129,5
20240805,12,2130,16
20240805,12,2139,3
20240805,12,2143,8
20240805,12,2148,7
20240805,12,2159,9
20240805,12,2171,29
20240805,12,2172,0
20240805,12,2178,18
20240805,12,2179,10
20240805,12,2185,27
20240805,12,2186,7
20240805,12,2191,7
20240805,12,2198,10
20240805,12,2199,3
20240805,12,3310,0
20240805,12,3311,21
20240805,12,3802,5
20240805,13,2111,15
20240805,13,2112,14
20240805,13,2116,16
20240805,13,2122,31
20240805,13,2128,3
20240805,13,2129,5
20240805,13,2130,16
20240805,13,2139,3
20240805,13,2143,8
20240805,13,2148,8
20240805,13,2159,9
20240805,13,2171,30
20240805,13,2172,1
20240805,13,2178,18
20240805,13,2179,12
20240805,13,2185,27
20240805,13,2186,7
20240805,13,2191,8
20240805,13,2198,8
20240805,13,2199,3
20240805,13,3310,0
20240805,13,3311,21
20240805,13,3802,4
20240805,14,2111,14
20240805,14,2112,14
20240805,14,2116,16
20240805,14,2122,32
20240805,14,2128,3
20240805,14,2129,5
20240805,14,2130,15
20240805,14,2139,3
20240805,14,2143,8
20240805,14,2148,9
20240805,14,2159,8
20240805,14,2171,30
20240805,14,2172,2
20240805,14,2178,18
20240805,14,2179,12
20240805,14,2185,26
20240805,14,2186,7
20240805,14,2191,8
20240805,14,2198,8
20240805,14,2199,4
20240805,14,3310,0
20240805,14,3311,20
20240805,14,3802,4
20240805,15,2111,15
20240805,15,2112,15
20240805,15,2116,15
20240805,15,2122,32
20240805,15,2128,4
20240805,15,2129,3
20240805,15,2130,15
20240805,15,2139,2
20240805,15,2143,8
20240805,15,2148,8
20240805,15,2159,8
20240805,15,2171,30
20240805,15,2172,2
20240805,15,2178,18
20240805,15,2179,13
20240805,15,2185,26
20240805,15,2186,7
20240805,15,2191,8
20240805,15,2198,7
20240805,15,2199,4
20240805,15,3310,0
20240805,15,3311,20
20240805,15,3802,4
20240805,16,2111,15
20240805,16,2112,15
20240805,16,2116,15
20240805,16,2122,34
20240805,16,2128,4
20240805,16,2129,3
20240805,16,2130,14
20240805,16,2139,0
20240805,16,2143,8
20240805,16,2148,8
20240805,16,2159,8
20240805,16,2171,29
20240805,16,2172,2
20240805,16,2178,16
20240805,16,2179,14
20240805,16,2185,26
20240805,16,2186,7
20240805,16,2191,6
20240805,16,2198,7
20240805,16,2199,6
20240805,16,3310,0
20240805,16,3311,20
20240805,16,3802,4
20240805,17,2111,14
20240805,17,2112,15
20240805,17,2116,15
20240805,17,2122,33
20240805,17,2128,4
20240805,17,2129,3
20240805,17,2130,12
20240805,17,2139,0
20240805,17,2143,9
20240805,17,2148,7
20240805,17,2159,8
20240805,17,2171,26
20240805,17,2172,1
20240805,17,2178,12
20240805,17,2179,14
20240805,17,2185,26
20240805,17,2186,7
20240805,17,2191,5
20240805,17,2198,9
20240805,17,2199,5
20240805,17,3310,0
20240805,17,3311,18
20240805,17,3802,4
20240805,18,2111,15
20240805,18,2112,15
20240805,18,2116,15
20240805,18,2122,34
20240805,18,2128,5
20240805,18,2129,0
20240805,18,2130,9
20240805,18,2139,4
20240805,18,2143,7
20240805,18,2148,6
20240805,18,2159,10
20240805,18,2171,27
20240805,18,2172,0
20240805,18,2178,10
20240805,18,2179,16
20240805,18,2185,26
20240805,18,2186,8
20240805,18,2191,8
20240805,18,2198,11
20240805,18,2199,4
20240805,18,3310,0
20240805,18,3311,8
20240805,18,3802,4
20240805,19,2111,16
20240805,19,2112,16
20240805,19,2116,17
20240805,19,2122,34
20240805,19,2128,4
20240805,19,2129,0
20240805,19,2130,8
20240805,19,2139,5
20240805,19,2143,6
20240805,19,2148,5
20240805,19,2159,9
20240805,19,2171,27
20240805,19,2172,1
20240805,19,2178,9
20240805,19,2179,17
20240805,19,2185,26
20240805,19,2186,10
20240805,19,2191,8
20240805,19,2198,16
20240805,19,2199,4
20240805,19,3310,0
20240805,19,3311,5
20240805,19,3802,6
20240805,20,2111,10
20240805,20,2112,20
20240805,20,2116,17
20240805,20,2122,31
20240805,20,2128,6
20240805,20,2129,0
20240805,20,2130,8
20240805,20,2139,6
20240805,20,2143,6
20240805,20,2148,3
20240805,20,2159,9
20240805,20,2171,25
20240805,20,2172,0
20240805,20,2178,6
20240805,20,2179,16
20240805,20,2185,28
20240805,20,2186,11
20240805,20,2191,7
20240805,20,2198,16
20240805,20,2199,4
20240805,20,3310,0
20240805,20,3311,5
20240805,20,3802,9
20240805,21,2111,10
20240805,21,2112,20
20240805,21,2116,14
20240805,21,2122,30
20240805,21,2128,5
20240805,21,2129,0
20240805,21,2130,6
20240805,21,2139,4
20240805,21,2143,5
20240805,21,2148,2
20240805,21,2159,9
20240805,21,2171,26
20240805,21,2172,0
20240805,21,2178,6
20240805,21,2179,15
20240805,21,2185,28
20240805,21,2186,10
20240805,21,2191,9
20240805,21,2198,15
20240805,21,2199,4
20240805,21,3310,14
20240805,21,3311,4
20240805,21,3802,5
20240805,22,2111,15
20240805,22,2112,23
20240805,22,2116,17
20240805,22,2122,30
20240805,22,2128,6
20240805,22,2129,0
20240805,22,2130,6
20240805,22,2139,6
20240805,22,2143,6
20240805,22,2148,3
20240805,22,2159,10
20240805,22,2171,21
20240805,22,2172,1
20240805,22,2178,5
20240805,22,2179,12
20240805,22,2185,29
20240805,22,2186,9
20240805,22,2191,8
20240805,22,2198,16
20240805,22,2199,4
20240805,22,3310,13
20240805,22,3311,6
20240805,22,3802,3
20240805,23,2111,14
20240805,23,2112,23
20240805,23,2116,17
20240805,23,2122,30
20240805,23,2128,6
20240805,23,2129,0
20240805,23,2130,6
20240805,23,2139,7
20240805,23,2143,7
20240805,23,2148,3
20240805,23,2159,10
20240805,23,2171,21
20240805,23,2172,2
20240805,23,2178,5
20240805,23,2179,14
20240805,23,2185,33
20240805,23,2186,9
20240805,23,2191,9
20240805,23,2198,16
20240805,23,2199,5
20240805,23,3310,14
20240805,23,3311,6
20240805,23,3802,3
20240806,0,2111,14
20240806,0,2112,24
20240806,0,2116,17
20240806,0,2122,30
20240806,0,2128,6
20240806,0,2129,0
20240806,0,2130,6
20240806,0,2139,7
20240806,0,2143,7
20240806,0,2148,3
20240806,0,2159,10
20240806,0,2171,20
20240806,0,2172,2
20240806,0,2178,5
20240806,0,2179,11
20240806,0,2185,33
20240806,0,2186,9
20240806,0,2191,9
20240806,0,2198,16
20240806,0,2199,5
20240806,0,3310,14
20240806,0,3311,6
20240806,0,3802,3
20240806,1,2111,12
20240806,1,2112,24
20240806,1,2116,16
20240806,1,2122,30
20240806,1,2128,6
20240806,1,2129,0
20240806,1,2130,6
20240806,1,2139,7
20240806,1,2143,7
20240806,1,2148,3
20240806,1,2159,10
20240806,1,2171,19
20240806,1,2172,2
20240806,1,2178,5
20240806,1,2179,9
20240806,1,2185,32
20240806,1,2186,10
20240806,1,2191,7
20240806,1,2198,16
20240806,1,2199,4
20240806,1,3310,14
20240806,1,3311,5
20240806,1,3802,3
20240806,2,2111,12
20240806,2,2112,24
20240806,2,2116,15
20240806,2,2122,30
20240806,2,2128,7
20240806,2,2129,0
20240806,2,2130,6
20240806,2,2139,8
20240806,2,2143,8
20240806,2,2148,4
20240806,2,2159,10
20240806,2,2171,19
20240806,2,2172,2
20240806,2,2178,5
20240806,2,2179,9
20240806,2,2185,31
20240806,2,2186,10
20240806,2,2191,7
20240806,2,2198,17
20240806,2,2199,4
20240806,2,3310,14
20240806,2,3311,4
20240806,2,3802,3
20240806,3,2111,12
20240806,3,2112,24
20240806,3,2116,14
20240806,3,2122,30
20240806,3,2128,7
20240806,3,2129,0
20240806,3,2130,6
20240806,3,2139,10
20240806,3,2143,8
20240806,3,2148,5
20240806,3,2159,10
20240806,3,2171,18
20240806,3,2172,2
20240806,3,2178,6
20240806,3,2179,8
20240806,3,2185,32
20240806,3,2186,10
20240806,3,2191,7
20240806,3,2198,17
20240806,3,2199,3
20240806,3,3310,13
20240806,3,3311,4
20240806,3,3802,3
20240806,4,2111,12
20240806,4,2112,23
20240806,4,2116,16
20240806,4,2122,30
20240806,4,2128,7
20240806,4,2129,0
20240806,4,2130,6
20240806,4,2139,11
20240806,4,2143,8
20240806,4,2148,5
20240806,4,2159,10
20240806,4,2171,17
20240806,4,2172,2
20240806,4,2178,6
20240806,4,2179,8
20240806,4,2185,32
20240806,4,2186,11
20240806,4,2191,7
20240806,4,2198,17
20240806,4,2199,3
20240806,4,3310,13
20240806,4,3311,4
20240806,4,3802,3
20240806,5,2111,12
20240806,5,2112,23
20240806,5,2116,16
20240806,5,2122,29
20240806,5,2128,6
20240806,5,2129,0
20240806,5,2130,6
20240806,5,2139,10
20240806,5,2143,8
20240806,5,2148,4
20240806,5,2159,10
20240806,5,2171,17
20240806,5,2172,2
20240806,5,2178,6
20240806,5,2179,7
20240806,5,2185,31
20240806,5,2186,6
20240806,5,2191,8
20240806,5,2198,15
20240806,5,2199,4
20240806,5,3310,12
20240806,5,3311,4
20240806,5,3802,3
20240806,6,2111,14
20240806,6,2112,23
20240806,6,2116,16
20240806,6,2122,28
20240806,6,2128,5
20240806,6,2129,0
20240806,6,2130,6
20240806,6,2139,11
20240806,6,2143,8
20240806,6,2148,3
20240806,6,2159,12
20240806,6,2171,16
20240806,6,2172,4
20240806,6,2178,6
20240806,6,2179,7
20240806,6,2185,31
20240806,6,2186,6
20240806,6,2191,7
20240806,6,2198,15
20240806,6,2199,4
20240806,6,3310,11
20240806,6,3311,4
20240806,6,3802,13
20240806,7,2111,14
20240806,7,2112,21
20240806,7,2116,17
20240806,7,2122,28
20240806,7,2128,4
20240806,7,2129,0
20240806,7,2130,6
20240806,7,2139,8
20240806,7,2143,8
20240806,7,2148,5
20240806,7,2159,11
20240806,7,2171,17
20240806,7,2172,4
20240806,7,2178,6
20240806,7,2179,7
20240806,7,2185,29
20240806,7,2186,5
20240806,7,2191,5
20240806,7,2198,13
20240806,7,2199,4
20240806,7,3310,7
20240806,7,3311,9
20240806,7,3802,8
20240806,8,2111,13
20240806,8,2112,22
20240806,8,2116,17
20240806,8,2122,30
20240806,8,2128,4
20240806,8,2129,0
20240806,8,2130,7
20240806,8,2139,5
20240806,8,2143,8
20240806,8,2148,7
20240806,8,2159,10
20240806,8,2171,18
20240806,8,2172,4
20240806,8,2178,6
20240806,8,2179,8
20240806,8,2185,29
20240806,8,2186,5
20240806,8,2191,4
20240806,8,2198,12
20240806,8,2199,4
20240806,8,3310,2
20240806,8,3311,17
20240806,8,3802,10
20240806,9,2111,13
20240806,9,2112,23
20240806,9,2116,17
20240806,9,2122,30
20240806,9,2128,6
20240806,9,2129,0
20240806,9,2130,7
20240806,9,2139,4
20240806,9,2143,8
20240806,9,2148,7
20240806,9,2159,9
20240806,9,2171,22
20240806,9,2172,5
20240806,9,2178,7
20240806,9,2179,10
20240806,9,2185,27
20240806,9,2186,5
20240806,9,2191,5
20240806,9,2198,11
20240806,9,2199,4
20240806,9,3310,0
20240806,9,3311,19
20240806,9,3802,8
20240806,10,2111,13
20240806,10,2112,25
20240806,10,2116,18
20240806,10,2122,31
20240806,10,2128,7
20240806,10,2129,0
20240806,10,2130,7
20240806,10,2139,5
20240806,10,2143,8
20240806,10,2148,8
20240806,10,2159,9
20240806,10,2171,22
20240806,10,2172,5
20240806,10,2178,7
20240806,10,2179,12
20240806,10,2185,27
20240806,10,2186,5
20240806,10,2191,5
20240806,10,2198,9
20240806,10,2199,3
20240806,10,3310,0
20240806,10,3311,22
20240806,10,3802,7
20240806,11,2111,16
20240806,11,2112,25
20240806,11,2116,18
20240806,11,2122,31
20240806,11,2128,7
20240806,11,2129,0
20240806,11,2130,7
20240806,11,2139,6
20240806,11,2143,9
20240806,11,2148,8
20240806,11,2159,8
20240806,11,2171,22
20240806,11,2172,5
20240806,11,2178,24
20240806,11,2179,12
20240806,11,2185,28
20240806,11,2186,4
20240806,11,2191,5
20240806,11,2198,7
20240806,11,2199,3
20240806,11,3310,0
20240806,11,3311,23
20240806,11,3802,7
20240806,12,2111,17
20240806,12,2112,26
20240806,12,2116,18
20240806,12,2122,30
20240806,12,2128,4
20240806,12,2129,0
20240806,12,2130,7
20240806,12,2139,5
20240806,12,2143,5
20240806,12,2148,8
20240806,12,2159,8
20240806,12,2171,21
20240806,12,2172,4
20240806,12,2178,23
20240806,12,2179,14
20240806,12,2185,26
20240806,12,2186,4
20240806,12,2191,7
20240806,12,2198,7
20240806,12,2199,4
20240806,12,3310,0
20240806,12,3311,24
20240806,12,3802,7
20240806,13,2111,18
20240806,13,2112,28
20240806,13,2116,18
20240806,13,2122,29
20240806,13,2128,4
20240806,13,2129,0
20240806,13,2130,8
20240806,13,2139,5
20240806,13,2143,5
20240806,13,2148,8
20240806,13,2159,8
20240806,13,2171,22
20240806,13,2172,6
20240806,13,2178,23
20240806,13,2179,16
20240806,13,2185,29
20240806,13,2186,3
20240806,13,2191,7
20240806,13,2198,7
20240806,13,2199,4
20240806,13,3310,0
20240806,13,3311,22
20240806,13,3802,8
20240806,14,2111,17
20240806,14,2112,29
20240806,14,2116,17
20240806,14,2122,30
20240806,14,2128,4
20240806,14,2129,0
20240806,14,2130,8
20240806,14,2139,5
20240806,14,2143,5
20240806,14,2148,8
20240806,14,2159,8
20240806,14,2171,23
20240806,14,2172,7
20240806,14,2178,23
20240806,14,2179,17
20240806,14,2185,28
20240806,14,2186,3
20240806,14,2191,7
20240806,14,2198,7
20240806,14,2199,4
20240806,14,3310,0
20240806,14,3311,22
20240806,14,3802,8
20240806,15,2111,18
20240806,15,2112,29
20240806,15,2116,17
20240806,15,2122,28
20240806,15,2128,3
20240806,15,2129,0
20240806,15,2130,9
20240806,15,2139,5
20240806,15,2143,4
20240806,15,2148,8
20240806,15,2159,8
20240806,15,2171,23
20240806,15,2172,6
20240806,15,2178,23
20240806,15,2179,15
20240806,15,2185,28
20240806,15,2186,3
20240806,15,2191,7
20240806,15,2198,7
20240806,15,2199,4
20240806,15,3310,0
20240806,15,3311,21
20240806,15,3802,8
20240806,16,2111,21
20240806,16,2112,29
20240806,16,2116,17
20240806,16,2122,28
20240806,16,2128,3
20240806,16,2129,0
20240806,16,2130,7
20240806,16,2139,4
20240806,16,2143,4
20240806,16,2148,6
20240806,16,2159,8
20240806,16,2171,23
20240806,16,2172,4
20240806,16,2178,21
20240806,16,2179,14
20240806,16,2185,28
20240806,16,2186,3
20240806,16,2191,7
20240806,16,2198,6
20240806,16,2199,4
20240806,16,3310,0
20240806,16,3311,18
20240806,16,3802,8
20240806,17,2111,21
20240806,17,2112,29
20240806,17,2116,18
20240806,17,2122,28
20240806,17,2128,3
20240806,17,2129,0
20240806,17,2130,6
20240806,17,2139,5
20240806,17,2143,5
20240806,17,2148,4
20240806,17,2159,8
20240806,17,2171,21
20240806,17,2172,2
20240806,17,2178,19
20240806,17,2179,14
20240806,17,2185,29
20240806,17,2186,4
20240806,17,2191,11
20240806,17,2198,6
20240806,17,2199,3
20240806,17,3310,2
20240806,17,3311,18
20240806,17,3802,9
20240806,18,2111,20
20240806,18,2112,32
20240806,18,2116,16
20240806,18,2122,29
20240806,18,2128,3
20240806,18,2129,0
20240806,18,2130,9
20240806,18,2139,1
20240806,18,2143,5
20240806,18,2148,2
20240806,18,2159,8
20240806,18,2171,19
20240806,18,2172,1
20240806,18,2178,12
20240806,18,2179,13
20240806,18,2185,29
20240806,18,2186,3
20240806,18,2191,10
20240806,18,2198,8
20240806,18,2199,3
20240806,18,3310,2
20240806,18,3311,13
20240806,18,3802,9
20240806,19,2111,20
20240806,19,2112,30
20240806,19,2116,18
20240806,19,2122,27
20240806,19,2128,2
20240806,19,2129,15
20240806,19,2130,9
20240806,19,2139,2
20240806,19,2143,8
20240806,19,2148,2
20240806,19,2159,8
20240806,19,2171,17
20240806,19,2172,2
20240806,19,2178,10
20240806,19,2179,14
20240806,19,2185,27
20240806,19,2186,7
20240806,19,2191,12
20240806,19,2198,11
20240806,19,2199,3
20240806,19,3310,2
20240806,19,3311,12
20240806,19,3802,11
20240806,20,2111,20
20240806,20,2112,29
20240806,20,2116,18
20240806,20,2122,27
20240806,20,2128,3
20240806,20,2129,11
20240806,20,2130,9
20240806,20,2139,2
20240806,20,2143,7
20240806,20,2148,2
20240806,20,2159,7
20240806,20,2171,13
20240806,20,2172,0
20240806,20,2178,10
20240806,20,2179,12
20240806,20,2185,25
20240806,20,2186,5
20240806,20,2191,12
20240806,20,2198,10
20240806,20,2199,2
20240806,20,3310,2
20240806,20,3311,13
20240806,20,3802,12
20240806,21,2111,20
20240806,21,2112,26
20240806,21,2116,17
20240806,21,2122,29
20240806,21,2128,2
20240806,21,2129,11
20240806,21,2130,9
20240806,21,2139,3
20240806,21,2143,6
20240806,21,2148,2
20240806,21,2159,8
20240806,21,2171,8
20240806,21,2172,0
20240806,21,2178,9
20240806,21,2179,12
20240806,21,2185,25
20240806,21,2186,4
20240806,21,2191,11
20240806,21,2198,8
20240806,21,2199,2
20240806,21,3310,16
20240806,21,3311,11
20240806,21,3802,10
20240806,22,2111,18
20240806,22,2112,26
20240806,22,2116,15
20240806,22,2122,28
20240806,22,2128,2
20240806,22,2129,12
20240806,22,2130,10
20240806,22,2139,7
20240806,22,2143,5
20240806,22,2148,1
20240806,22,2159,7
20240806,22,2171,8
20240806,22,2172,0
20240806,22,2178,11
20240806,22,2179,13
20240806,22,2185,26
20240806,22,2186,6
20240806,22,2191,12
20240806,22,2198,7
20240806,22,2199,2
20240806,22,3310,16
20240806,22,3311,9
20240806,22,3802,6
20240806,23,2111,18
20240806,23,2112,27
20240806,23,2116,15
20240806,23,2122,31
20240806,23,2128,1
20240806,23,2129,10
20240806,23,2130,10
20240806,23,2139,7
20240806,23,2143,5
20240806,23,2148,2
20240806,23,2159,7
20240806,23,2171,8
20240806,23,2172,0
20240806,23,2178,10
20240806,23,2179,13
20240806,23,2185,29
20240806,23,2186,5
20240806,23,2191,10
20240806,23,2198,9
20240806,23,2199,2
20240806,23,3310,17
20240806,23,3311,7
20240806,23,3802,6
20240807,0,2111,13
20240807,0,2112,27
20240807,0,2116,13
20240807,0,2122,31
20240807,0,2128,0
20240807,0,2129,8
20240807,0,2130,10
20240807,0,2139,4
20240807,0,2143,8
20240807,0,2148,3
20240807,0,2159,7
20240807,0,2171,5
20240807,0,2172,1
20240807,0,2178,10
20240807,0,2179,17
20240807,0,2185,30
20240807,0,2186,5
20240807,0,2191,11
20240807,0,2198,14
20240807,0,2199,2
20240807,0,3310,13
20240807,0,3311,6
20240807,0,3802,6
20240807,1,2111,14
20240807,1,2112,26
20240807,1,2116,12
20240807,1,2122,31
20240807,1,2128,0
20240807,1,2129,7
20240807,1,2130,10
20240807,1,2139,5
20240807,1,2143,8
20240807,1,2148,3
20240807,1,2159,7
20240807,1,2171,3
20240807,1,2172,1
20240807,1,2178,10
20240807,1,2179,16
20240807,1,2185,34
20240807,1,2186,8
20240807,1,2191,12
20240807,1,2198,15
20240807,1,2199,3
20240807,1,3310,12
20240807,1,3311,5
20240807,1,3802,6
20240807,2,2111,12
20240807,2,2112,26
20240807,2,2116,12
20240807,2,2122,32
20240807,2,2128,0
20240807,2,2129,8
20240807,2,2130,10
20240807,2,2139,5
20240807,2,2143,8
20240807,2,2148,3
20240807,2,2159,7
20240807,2,2171,6
20240807,2,2172,1
20240807,2,2178,9
20240807,2,2179,16
20240807,2,2185,34
20240807,2,2186,7
20240807,2,2191,12
20240807,2,2198,15
20240807,2,2199,4
20240807,2,3310,12
20240807,2,3311,4
20240807,2,3802,6
20240807,3,2111,15
20240807,3,2112,26
20240807,3,2116,11
20240807,3,2122,32
20240807,3,2128,0
20240807,3,2129,8
20240807,3,2130,10
20240807,3,2139,5
20240807,3,2143,8
20240807,3,2148,3
20240807,3,2159,7
20240807,3,2171,6
20240807,3,2172,1
20240807,3,2178,9
20240807,3,2179,16
20240807,3,2185,34
20240807,3,2186,7
20240807,3,2191,14
20240807,3,2198,15
20240807,3,2199,4
20240807,3,3310,11
20240807,3,3311,4
20240807,3,3802,6
20240807,4,2111,15
20240807,4,2112,28
20240807,4,2116,11
20240807,4,2122,32
20240807,4,2128,0
20240807,4,2129,8
20240807,4,2130,10
20240807,4,2139,6
20240807,4,2143,8
20240807,4,2148,3
20240807,4,2159,7
20240807,4,2171,5
20240807,4,2172,1
20240807,4,2178,9
20240807,4,2179,16
20240807,4,2185,34
20240807,4,2186,7
20240807,4,2191,13
20240807,4,2198,16
20240807,4,2199,4
20240807,4,3310,11
20240807,4,3311,4
20240807,4,3802,6
20240807,5,2111,15
20240807,5,2112,28
20240807,5,2116,12
20240807,5,2122,30
20240807,5,2128,0
20240807,5,2129,8
20240807,5,2130,10
20240807,5,2139,5
20240807,5,2143,8
20240807,5,2148,1
20240807,5,2159,7
20240807,5,2171,5
20240807,5,2172,1
20240807,5,2178,9
20240807,5,2179,17
20240807,5,2185,34
20240807,5,2186,7
20240807,5,2191,13
20240807,5,2198,16
20240807,5,2199,3
20240807,5,3310,11
20240807,5,3311,4
20240807,5,3802,6
20240807,6,2111,16
20240807,6,2112,23
20240807,6,2116,13
20240807,6,2122,28
20240807,6,2128,0
20240807,6,2129,7
20240807,6,2130,10
20240807,6,2139,5
20240807,6,2143,8
20240807,6,2148,1
20240807,6,2159,7
20240807,6,2171,6
20240807,6,2172,1
20240807,6,2178,9
20240807,6,2179,17
20240807,6,2185,34
20240807,6,2186,7
20240807,6,2191,13
20240807,6,2198,15
20240807,6,2199,3
20240807,6,3310,11
20240807,6,3311,4
20240807,6,3802,13
20240807,7,2111,16
20240807,7,2112,24
20240807,7,2116,14
20240807,7,2122,28
20240807,7,2128,0
20240807,7,2129,7
20240807,7,2130,9
20240807,7,2139,1
20240807,7,2143,7
20240807,7,2148,2
20240807,7,2159,9
20240807,7,2171,7
20240807,7,2172,2
20240807,7,2178,9
20240807,7,2179,14
20240807,7,2185,32
20240807,7,2186,3
20240807,7,2191,12
20240807,7,2198,14
20240807,7,2199,5
20240807,7,3310,7
20240807,7,3311,8
20240807,7,3802,8
20240807,8,2111,16
20240807,8,2112,26
20240807,8,2116,14
20240807,8,2122,30
20240807,8,2128,1
20240807,8,2129,7
20240807,8,2130,10
20240807,8,2139,0
20240807,8,2143,6
20240807,8,2148,1
20240807,8,2159,9
20240807,8,2171,8
20240807,8,2172,3
20240807,8,2178,10
20240807,8,2179,15
20240807,8,2185,28
20240807,8,2186,2
20240807,8,2191,7
20240807,8,2198,11
20240807,8,2199,3
20240807,8,3310,7
20240807,8,3311,13
20240807,8,3802,6
20240807,9,2111,14
20240807,9,2112,28
20240807,9,2116,15
20240807,9,2122,34
20240807,9,2128,1
20240807,9,2129,9
20240807,9,2130,10
20240807,9,2139,0
20240807,9,2143,6
20240807,9,2148,2
20240807,9,2159,8
20240807,9,2171,10
20240807,9,2172,4
20240807,9,2178,11
20240807,9,2179,18
20240807,9,2185,25
20240807,9,2186,2
20240807,9,2191,7
20240807,9,2198,10
20240807,9,2199,3
20240807,9,3310,12
20240807,9,3311,24
20240807,9,3802,6
20240807,10,2111,16
20240807,10,2112,29
20240807,10,2116,16
20240807,10,2122,34
20240807,10,2128,1
20240807,10,2129,9
20240807,10,2130,9
20240807,10,2139,2
20240807,10,2143,6
20240807,10,2148,5
20240807,10,2159,8
20240807,10,2171,12
20240807,10,2172,6
20240807,10,2178,29
20240807,10,2179,19
20240807,10,2185,25
20240807,10,2186,2
20240807,10,2191,8
20240807,10,2198,11
20240807,10,2199,2
20240807,10,3310,11
20240807,10,3311,29
20240807,10,3802,4
20240807,11,2111,15
20240807,11,2112,29
20240807,11,2116,15
20240807,11,2122,35
20240807,11,2128,1
20240807,11,2129,8
20240807,11,2130,9
20240807,11,2139,2
20240807,11,2143,6
20240807,11,2148,5
20240807,11,2159,8
20240807,11,2171,14
20240807,11,2172,6
20240807,11,2178,28
20240807,11,2179,19
20240807,11,2185,25
20240807,11,2186,2
20240807,11,2191,7
20240807,11,2198,11
20240807,11,2199,2
20240807,11,3310,11
20240807,11,3311,30
20240807,11,3802,2
20240807,12,2111,15
20240807,12,2112,27
20240807,12,2116,14
20240807,12,2122,34
20240807,12,2128,2
20240807,12,2129,9
20240807,12,2130,9
20240807,12,2139,1
20240807,12,2143,6
20240807,12,2148,5
20240807,12,2159,8
20240807,12,2171,15
20240807,12,2172,6
20240807,12,2178,28
20240807,12,2179,18
20240807,12,2185,22
20240807,12,2186,2
20240807,12,2191,8
20240807,12,2198,10
20240807,12,2199,3
20240807,12,3310,10
20240807,12,3311,31
20240807,12,3802,2
20240807,13,2111,16
20240807,13,2112,29
20240807,13,2116,13
20240807,13,2122,34
20240807,13,2128,1
20240807,13,2129,8
20240807,13,2130,9
20240807,13,2139,1
20240807,13,2143,6
20240807,13,2148,5
20240807,13,2159,8
20240807,13,2171,16
20240807,13,2172,10
20240807,13,2178,28
20240807,13,2179,21
20240807,13,2185,22
20240807,13,2186,1
20240807,13,2191,7
20240807,13,2198,8
20240807,13,2199,4
20240807,13,3310,10
20240807,13,3311,30
20240807,13,3802,2
20240807,14,2111,19
20240807,14,2112,32
20240807,14,2116,14
20240807,14,2122,33
20240807,14,2128,1
20240807,14,2129,8
20240807,14,2130,9
20240807,14,2139,1
20240807,14,2143,6
20240807,14,2148,7
20240807,14,2159,8
20240807,14,2171,17
20240807,14,2172,11
20240807,14,2178,27
20240807,14,2179,22
20240807,14,2185,22
20240807,14,2186,1
20240807,14,2191,7
20240807,14,2198,8
20240807,14,2199,4
20240807,14,3310,7
20240807,14,3311,29
20240807,14,3802,2
20240807,15,2111,19
20240807,15,2112,32
20240807,15,2116,16
20240807,15,2122,32
20240807,15,2128,2
20240807,15,2129,5
20240807,15,2130,9
20240807,15,2139,2
20240807,15,2143,7
20240807,15,2148,6
20240807,15,2159,7
20240807,15,2171,19
20240807,15,2172,12
20240807,15,2178,26
20240807,15,2179,22
20240807,15,2185,23
20240807,15,2186,1
20240807,15,2191,7
20240807,15,2198,9
20240807,15,2199,4
20240807,15,3310,7
20240807,15,3311,31
20240807,15,3802,2
20240807,16,2111,19
20240807,16,2112,32
20240807,16,2116,16
20240807,16,2122,35
20240807,16,2128,1
20240807,16,2129,5
20240807,16,2130,8
20240807,16,2139,3
20240807,16,2143,7
20240807,16,2148,6
20240807,16,2159,6
20240807,16,2171,17
20240807,16,2172,13
20240807,16,2178,25
20240807,16,2179,20
20240807,16,2185,23
20240807,16,2186,1
20240807,16,2191,8
20240807,16,2198,9
20240807,16,2199,4
20240807,16,3310,6
20240807,16,3311,30
20240807,16,3802,1
20240807,17,2111,16
20240807,17,2112,33
20240807,17,2116,15
20240807,17,2122,37
20240807,17,2128,1
20240807,17,2129,4
20240807,17,2130,8
20240807,17,2139,2
20240807,17,2143,7
20240807,17,2148,4
20240807,17,2159,4
20240807,17,2171,20
20240807,17,2172,10
20240807,17,2178,25
20240807,17,2179,20
20240807,17,2185,23
20240807,17,2186,1
20240807,17,2191,7
20240807,17,2198,9
20240807,17,2199,4
20240807,17,3310,7
20240807,17,3311,29
20240807,17,3802,1
20240807,18,2111,14
20240807,18,2112,34
20240807,18,2116,15
20240807,18,2122,38
20240807,18,2128,1
20240807,18,2129,0
20240807,18,2130,7
20240807,18,2139,2
20240807,18,2143,6
20240807,18,2148,2
20240807,18,2159,4
20240807,18,2171,18
20240807,18,2172,6
20240807,18,2178,21
20240807,18,2179,21
20240807,18,2185,25
20240807,18,2186,1
20240807,18,2191,7
20240807,18,2198,13
20240807,18,2199,4
20240807,18,3310,6
20240807,18,3311,26
20240807,18,3802,3
20240807,19,2111,16
20240807,19,2112,35
20240807,19,2116,15
20240807,19,2122,36
20240807,19,2128,1
20240807,19,2129,1
20240807,19,2130,7
20240807,19,2139,2
20240807,19,2143,10
20240807,19,2148,0
20240807,19,2159,4
20240807,19,2171,18
20240807,19,2172,5
20240807,19,2178,21
20240807,19,2179,21
20240807,19,2185,27
20240807,19,2186,3
20240807,19,2191,6
20240807,19,2198,14
20240807,19,2199,4
20240807,19,3310,6
20240807,19,3311,25
20240807,19,3802,3
20240807,20,2111,18
20240807,20,2112,34
20240807,20,2116,18
20240807,20,2122,34
20240807,20,2128,0
20240807,20,2129,1
20240807,20,2130,7
20240807,20,2139,2
20240807,20,2143,10
20240807,20,2148,0
20240807,20,2159,5
20240807,20,2171,14
20240807,20,2172,2
20240807,20,2178,18
20240807,20,2179,22
20240807,20,2185,26
20240807,20,2186,4
20240807,20,2191,8
20240807,20,2198,15
20240807,20,2199,3
20240807,20,3310,4
20240807,20,3311,21
20240807,20,3802,6
20240807,21,2111,17
20240807,21,2112,35
20240807,21,2116,20
20240807,21,2122,34
20240807,21,2128,0
20240807,21,2129,14
20240807,21,2130,7
20240807,21,2139,1
20240807,21,2143,11
20240807,21,2148,0
20240807,21,2159,6
20240807,21,2171,9
20240807,21,2172,3
20240807,21,2178,17
20240807,21,2179,18
20240807,21,2185,29
20240807,21,2186,5
20240807,21,2191,8
20240807,21,2198,17
20240807,21,2199,3
20240807,21,3310,4
20240807,21,3311,17
20240807,21,3802,3
20240807,22,2111,17
20240807,22,2112,35
20240807,22,2116,17
20240807,22,2122,36
20240807,22,2128,1
20240807,22,2129,13
20240807,22,2130,7
20240807,22,2139,1
20240807,22,2143,10
20240807,22,2148,0
20240807,22,2159,5
20240807,22,2171,10
20240807,22,2172,2
20240807,22,2178,14
20240807,22,2179,16
20240807,22,2185,31
20240807,22,2186,7
20240807,22,2191,6
20240807,22,2198,18
20240807,22,2199,3
20240807,22,3310,2
20240807,22,3311,10
20240807,22,3802,1
20240807,23,2111,16
20240807,23,2112,34
20240807,23,2116,17
20240807,23,2122,37
20240807,23,2128,0
20240807,23,2129,13
20240807,23,2130,7
20240807,23,2139,1
20240807,23,2143,10
20240807,23,2148,0
20240807,23,2159,7
20240807,23,2171,9
20240807,23,2172,0
20240807,23,2178,16
20240807,23,2179,16
20240807,23,2185,32
20240807,23,2186,9
20240807,23,2191,6
20240807,23,2198,20
20240807,23,2199,3
20240807,23,3310,2
20240807,23,3311,8
20240807,23,3802,1
20240808,0,2111,15
20240808,0,2112,33
20240808,0,2116,20
20240808,0,2122,35
20240808,0,2128,0
20240808,0,2129,11
20240808,0,2130,7
20240808,0,2139,1
20240808,0,2143,10
20240808,0,2148,0
20240808,0,2159,7
20240808,0,2171,9
20240808,0,2172,1
20240808,0,2178,16
20240808,0,2179,20
20240808,0,2185,33
20240808,0,2186,10
20240808,0,2191,6
20240808,0,2198,19
20240808,0,2199,3
20240808,0,3310,2
20240808,0,3311,7
20240808,0,3802,1
20240808,1,2111,16
20240808,1,2112,32
20240808,1,2116,19
20240808,1,2122,33
20240808,1,2128,0
20240808,1,2129,11
20240808,1,2130,7
20240808,1,2139,1
20240808,1,2143,10
20240808,1,2148,2
20240808,1,2159,7
20240808,1,2171,9
20240808,1,2172,2
20240808,1,2178,15
20240808,1,2179,21
20240808,1,2185,35
20240808,1,2186,10
20240808,1,2191,6
20240808,1,2198,18
20240808,1,2199,3
20240808,1,3310,2
20240808,1,3311,7
20240808,1,3802,1
20240808,2,2111,16
20240808,2,2112,33
20240808,2,2116,20
20240808,2,2122,30
20240808,2,2128,0
20240808,2,2129,13
20240808,2,2130,7
20240808,2,2139,1
20240808,2,2143,9
20240808,2,2148,3
20240808,2,2159,7
20240808,2,2171,9
20240808,2,2172,2
20240808,2,2178,15
20240808,2,2179,18
20240808,2,2185,35
20240808,2,2186,10
20240808,2,2191,6
20240808,2,2198,17
20240808,2,2199,3
20240808,2,3310,2
20240808,2,3311,8
20240808,2,3802,1
20240808,3,2111,18
20240808,3,2112,33
20240808,3,2116,20
20240808,3,2122,31
20240808,3,2128,0
20240808,3,2129,13
20240808,3,2130,7
20240808,3,2139,3
20240808,3,2143,10
20240808,3,2148,3
20240808,3,2159,7
20240808,3,2171,11
20240808,3,2172,2
20240808,3,2178,15
20240808,3,2179,18
20240808,3,2185,34
20240808,3,2186,10
20240808,3,2191,8
20240808,3,2198,17
20240808,3,2199,3
20240808,3,3310,2
20240808,3,3311,7
20240808,3,3802,1
20240808,4,2111,19
20240808,4,2112,33
20240808,4,2116,21
20240808,4,2122,31
20240808,4,2128,0
20240808,4,2129,12
20240808,4,2130,7
20240808,4,2139,3
20240808,4,2143,10
20240808,4,2148,3
20240808,4,2159,7
20240808,4,2171,9
20240808,4,2172,2
20240808,4,2178,15
20240808,4,2179,16
20240808,4,2185,34
20240808,4,2186,10
20240808,4,2191,8
20240808,4,2198,18
20240808,4,2199,3
20240808,4,3310,2
20240808,4,3311,7
20240808,4,3802,1
20240808,5,2111,18
20240808,5,2112,32
20240808,5,2116,18
20240808,5,2122,31
20240808,5,2128,0
20240808,5,2129,12
20240808,5,2130,7
20240808,5,2139,3
20240808,5,2143,10
20240808,5,2148,3
20240808,5,2159,8
20240808,5,2171,10
20240808,5,2172,2
20240808,5,2178,15
20240808,5,2179,17
20240808,5,2185,33
20240808,5,2186,9
20240808,5,2191,8
20240808,5,2198,15
20240808,5,2199,3
20240808,5,3310,0
20240808,5,3311,7
20240808,5,3802,1
20240808,6,2111,20
20240808,6,2112,31
20240808,6,2116,18
20240808,6,2122,31
20240808,6,2128,0
20240808,6,2129,11
20240808,6,2130,7
20240808,6,2139,3
20240808,6,2143,10
20240808,6,2148,3
20240808,6,2159,10
20240808,6,2171,10
20240808,6,2172,3
20240808,6,2178,15
20240808,6,2179,19
20240808,6,2185,33
20240808,6,2186,7
20240808,6,2191,9
20240808,6,2198,15
20240808,6,2199,2
20240808,6,3310,0
20240808,6,3311,6
20240808,6,3802,9
20240808,7,2111,22
20240808,7,2112,31
20240808,7,2116,19
20240808,7,2122,31
20240808,7,2128,0
20240808,7,2129,12
20240808,7,2130,7
20240808,7,2139,4
20240808,7,2143,10
20240808,7,2148,4
20240808,7,2159,9
20240808,7,2171,10
20240808,7,2172,3
20240808,7,2178,15
20240808,7,2179,19
20240808,7,2185,32
20240808,7,2186,7
20240808,7,2191,9
20240808,7,2198,14
20240808,7,2199,2
20240808,7,3310,0
20240808,7,3311,9
20240808,7,3802,3
20240808,8,2111,20
20240808,8,2112,31
20240808,8,2116,18
20240808,8,2122,31
20240808,8,2128,1
20240808,8,2129,10
20240808,8,2130,7
20240808,8,2139,0
20240808,8,2143,10
20240808,8,2148,5
20240808,8,2159,9
20240808,8,2171,10
20240808,8,2172,2
20240808,8,2178,16
20240808,8,2179,18
20240808,8,2185,30
20240808,8,2186,8
20240808,8,2191,7
20240808,8,2198,14
20240808,8,2199,2
20240808,8,3310,0
20240808,8,3311,11
20240808,8,3802,2
20240808,9,2111,22
20240808,9,2112,19
20240808,9,2116,17
20240808,9,2122,30
20240808,9,2128,3
20240808,9,2129,9
20240808,9,2130,8
20240808,9,2139,0
20240808,9,2143,10
20240808,9,2148,6
20240808,9,2159,8
20240808,9,2171,10
20240808,9,2172,3
20240808,9,2178,17
20240808,9,2179,21
20240808,9,2185,28
20240808,9,2186,4
20240808,9,2191,7
20240808,9,2198,12
20240808,9,2199,4
20240808,9,3310,0
20240808,9,3311,14
20240808,9,3802,1
20240808,10,2111,23
20240808,10,2112,20
20240808,10,2116,18
20240808,10,2122,30
20240808,10,2128,2
20240808,10,2129,9
20240808,10,2130,8
20240808,10,2139,1
20240808,10,2143,9
20240808,10,2148,8
20240808,10,2159,8
20240808,10,2171,11
20240808,10,2172,3
20240808,10,2178,16
20240808,10,2179,20
20240808,10,2185,27
20240808,10,2186,4
20240808,10,2191,7
20240808,10,2198,11
20240808,10,2199,4
20240808,10,3310,0
20240808,10,3311,17
20240808,10,3802,0
20240808,11,2111,26
20240808,11,2112,20
20240808,11,2116,19
20240808,11,2122,31
20240808,11,2128,2
20240808,11,2129,9
20240808,11,2130,8
20240808,11,2139,0
20240808,11,2143,9
20240808,11,2148,11
20240808,11,2159,7
20240808,11,2171,12
20240808,11,2172,4
20240808,11,2178,16
20240808,11,2179,20
20240808,11,2185,27
20240808,11,2186,4
20240808,11,2191,7
20240808,11,2198,11
20240808,11,2199,4
20240808,11,3310,0
20240808,11,3311,20
20240808,11,3802,0
20240808,12,2111,27
20240808,12,2112,20
20240808,12,2116,20
20240808,12,2122,31
20240808,12,2128,2
20240808,12,2129,9
20240808,12,2130,8
20240808,12,2139,1
20240808,12,2143,9
20240808,12,2148,12
20240808,12,2159,6
20240808,12,2171,11
20240808,12,2172,4
20240808,12,2178,16
20240808,12,2179,20
20240808,12,2185,26
20240808,12,2186,5
20240808,12,2191,7
20240808,12,2198,9
20240808,12,2199,4
20240808,12,3310,0
20240808,12,3311,20
20240808,12,3802,0
20240808,13,2111,25
20240808,13,2112,20
20240808,13,2116,23
20240808,13,2122,31
20240808,13,2128,3
20240808,13,2129,9
20240808,13,2130,8
20240808,13,2139,2
20240808,13,2143,9
20240808,13,2148,12
20240808,13,2159,5
20240808,13,2171,11
20240808,13,2172,4
20240808,13,2178,16
20240808,13,2179,21
20240808,13,2185,25
20240808,13,2186,5
20240808,13,2191,6
20240808,13,2198,10
20240808,13,2199,6
20240808,13,3310,0
20240808,13,3311,20
20240808,13,3802,0
20240808,14,2111,24
20240808,14,2112,20
20240808,14,2116,22
20240808,14,2122,31
20240808,14,2128,3
20240808,14,2129,9
20240808,14,2130,7
20240808,14,2139,3
20240808,14,2143,9
20240808,14,2148,12
20240808,14,2159,5
20240808,14,2171,11
20240808,14,2172,5
20240808,14,2178,16
20240808,14,2179,23
20240808,14,2185,25
20240808,14,2186,5
20240808,14,2191,6
20240808,14,2198,10
20240808,14,2199,6
20240808,14,3310,0
20240808,14,3311,22
20240808,14,3802,0
20240808,15,2111,22
20240808,15,2112,20
20240808,15,2116,21
20240808,15,2122,31
20240808,15,2128,4
20240808,15,2129,7
20240808,15,2130,7
20240808,15,2139,2
20240808,15,2143,8
20240808,15,2148,12
20240808,15,2159,5
20240808,15,2171,11
20240808,15,2172,6
20240808,15,2178,14
20240808,15,2179,24
20240808,15,2185,25
20240808,15,2186,5
20240808,15,2191,6
20240808,15,2198,12
20240808,15,2199,6
20240808,15,3310,0
20240808,15,3311,24
20240808,15,3802,0
20240808,16,2111,19
20240808,16,2112,18
20240808,16,2116,22
20240808,16,2122,32
20240808,16,2128,2
20240808,16,2129,7
20240808,16,2130,7
20240808,16,2139,1
20240808,16,2143,8
20240808,16,2148,12
20240808,16,2159,5
20240808,16,2171,7
20240808,16,2172,5
20240808,16,2178,11
20240808,16,2179,24
20240808,16,2185,25
20240808,16,2186,5
20240808,16,2191,6
20240808,16,2198,11
20240808,16,2199,6
20240808,16,3310,0
20240808,16,3311,22
20240808,16,3802,0
20240808,17,2111,16
20240808,17,2112,19
20240808,17,2116,22
20240808,17,2122,32
20240808,17,2128,1
20240808,17,2129,3
20240808,17,2130,7
20240808,17,2139,1
20240808,17,2143,6
20240808,17,2148,11
20240808,17,2159,5
20240808,17,2171,6
20240808,17,2172,1
20240808,17,2178,10
20240808,17,2179,24
20240808,17,2185,25
20240808,17,2186,5
20240808,17,2191,7
20240808,17,2198,13
20240808,17,2199,6
20240808,17,3310,0
20240808,17,3311,19
20240808,17,3802,1
20240808,18,2111,17
20240808,18,2112,19
20240808,18,2116,22
20240808,18,2122,33
20240808,18,2128,1
20240808,18,2129,1
20240808,18,2130,6
20240808,18,2139,4
20240808,18,2143,1
20240808,18,2148,8
20240808,18,2159,4
20240808,18,2171,4
20240808,18,2172,0
20240808,18,2178,8
20240808,18,2179,21
20240808,18,2185,26
20240808,18,2186,5
20240808,18,2191,7
20240808,18,2198,14
20240808,18,2199,4
20240808,18,3310,0
20240808,18,3311,16
20240808,18,3802,3
20240808,19,2111,17
20240808,19,2112,20
20240808,19,2116,23
20240808,19,2122,35
20240808,19,2128,3
20240808,19,2129,1
20240808,19,2130,6
20240808,19,2139,6
20240808,19,2143,2
20240808,19,2148,7
20240808,19,2159,4
20240808,19,2171,5
20240808,19,2172,1
20240808,19,2178,5
20240808,19,2179,21
20240808,19,2185,25
20240808,19,2186,6
20240808,19,2191,7
20240808,19,2198,14
20240808,19,2199,4
20240808,19,3310,0
20240808,19,3311,14
20240808,19,3802,5
20240808,20,2111,15
20240808,20,2112,21
20240808,20,2116,21
20240808,20,2122,35
20240808,20,2128,3
20240808,20,2129,2
20240808,20,2130,6
20240808,20,2139,4
20240808,20,2143,1
20240808,20,2148,2
20240808,20,2159,7
20240808,20,2171,5
20240808,20,2172,3
20240808,20,2178,5
20240808,20,2179,17
20240808,20,2185,25
20240808,20,2186,9
20240808,20,2191,9
20240808,20,2198,15
20240808,20,2199,2
20240808,20,3310,2
20240808,20,3311,14
20240808,20,3802,2
20240808,21,2111,13
20240808,21,2112,20
20240808,21,2116,19
20240808,21,2122,34
20240808,21,2128,1
20240808,21,2129,1
20240808,21,2130,6
20240808,21,2139,4
20240808,21,2143,1
20240808,21,2148,2
20240808,21,2159,9
20240808,21,2171,2
20240808,21,2172,1
20240808,21,2178,2
20240808,21,2179,16
20240808,21,2185,25
20240808,21,2186,9
20240808,21,2191,11
20240808,21,2198,16
20240808,21,2199,4
20240808,21,3310,2
20240808,21,3311,14
20240808,21,3802,1
20240808,22,2111,15
20240808,22,2112,20
20240808,22,2116,15
20240808,22,2122,35
20240808,22,2128,1
20240808,22,2129,1
20240808,22,2130,6
20240808,22,2139,4
20240808,22,2143,1
20240808,22,2148,3
20240808,22,2159,6
20240808,22,2171,0
20240808,22,2172,0
20240808,22,2178,2
20240808,22,2179,18
20240808,22,2185,25
20240808,22,2186,8
20240808,22,2191,10
20240808,22,2198,20
20240808,22,2199,3
20240808,22,3310,2
20240808,22,3311,14
20240808,22,3802,0
20240808,23,2111,14
20240808,23,2112,20
20240808,23,2116,14
20240808,23,2122,36
20240808,23,2128,1
20240808,23,2129,1
20240808,23,2130,6
20240808,23,2139,4
20240808,23,2143,1
20240808,23,2148,3
20240808,23,2159,7
20240808,23,2171,0
20240808,23,2172,0
20240808,23,2178,1
20240808,23,2179,18
20240808,23,2185,26
20240808,23,2186,7
20240808,23,2191,13
20240808,23,2198,21
20240808,23,2199,3
20240808,23,3310,1
20240808,23,3311,14
20240808,23,3802,1
20240809,0,2111,11
20240809,0,2112,20
20240809,0,2116,13
20240809,0,2122,36
20240809,0,2128,1
20240809,0,2129,2
20240809,0,2130,6
20240809,0,2139,4
20240809,0,2143,2
20240809,0,2148,3
20240809,0,2159,7
20240809,0,2171,3
20240809,0,2172,0
20240809,0,2178,1
20240809,0,2179,18
20240809,0,2185,28
20240809,0,2186,6
20240809,0,2191,14
20240809,0,2198,20
20240809,0,2199,3
20240809,0,3310,1
20240809,0,3311,13
20240809,0,3802,1
20240809,1,2111,10
20240809,1,2112,18
20240809,1,2116,13
20240809,1,2122,35
20240809,1,2128,1
20240809,1,2129,2
20240809,1,2130,6
20240809,1,2139,4
20240809,1,2143,3
20240809,1,2148,3
20240809,1,2159,7
20240809,1,2171,0
20240809,1,2172,0
20240809,1,2178,1
20240809,1,2179,18
20240809,1,2185,28
20240809,1,2186,6
20240809,1,2191,14
20240809,1,2198,19
20240809,1,2199,2
20240809,1,3310,3
20240809,1,3311,12
20240809,1,3802,1
20240809,2,2111,9
20240809,2,2112,16
20240809,2,2116,13
20240809,2,2122,35
20240809,2,2128,1
20240809,2,2129,2
20240809,2,2130,6
20240809,2,2139,4
20240809,2,2143,4
20240809,2,2148,4
20240809,2,2159,6
20240809,2,2171,0
20240809,2,2172,1
20240809,2,2178,1
20240809,2,2179,17
20240809,2,2185,28
20240809,2,2186,6
20240809,2,2191,14
20240809,2,2198,19
20240809,2,2199,2
20240809,2,3310,3
20240809,2,3311,12
20240809,2,3802,1
20240809,3,2111,8
20240809,3,2112,16
20240809,3,2116,16
20240809,3,2122,37
20240809,3,2128,1
20240809,3,2129,2
20240809,3,2130,6
20240809,3,2139,6
20240809,3,2143,4
20240809,3,2148,5
20240809,3,2159,6
20240809,3,2171,1
20240809,3,2172,1
20240809,3,2178,1
20240809,3,2179,17
20240809,3,2185,28
20240809,3,2186,7
20240809,3,2191,16
20240809,3,2198,20
20240809,3,2199,4
20240809,3,3310,3
20240809,3,3311,12
20240809,3,3802,1
20240809,4,2111,8
20240809,4,2112,16
20240809,4,2116,14
20240809,4,2122,36
20240809,4,2128,1
20240809,4,2129,2
20240809,4,2130,6
20240809,4,2139,6
20240809,4,2143,5
20240809,4,2148,5
20240809,4,2159,6
20240809,4,2171,0
20240809,4,2172,1
20240809,4,2178,1
20240809,4,2179,17
20240809,4,2185,28
20240809,4,2186,7
20240809,4,2191,15
20240809,4,2198,22
20240809,4,2199,3
20240809,4,3310,3
20240809,4,3311,13
20240809,4,3802,1
20240809,5,2111,8
20240809,5,2112,16
20240809,5,2116,14
20240809,5,2122,36
20240809,5,2128,1
20240809,5,2129,2
20240809,5,2130,6
20240809,5,2139,3
20240809,5,2143,6
20240809,5,2148,5
20240809,5,2159,7
20240809,5,2171,0
20240809,5,2172,1
20240809,5,2178,1
20240809,5,2179,18
20240809,5,2185,28
20240809,5,2186,7
20240809,5,2191,15
20240809,5,2198,22
20240809,5,2199,2
20240809,5,3310,1
20240809,5,3311,13
20240809,5,3802,1
20240809,6,2111,10
20240809,6,2112,14
20240809,6,2116,13
20240809,6,2122,34
20240809,6,2128,1
20240809,6,2129,2
20240809,6,2130,6
20240809,6,2139,4
20240809,6,2143,6
20240809,6,2148,4
20240809,6,2159,7
20240809,6,2171,0
20240809,6,2172,2
20240809,6,2178,2
20240809,6,2179,18
20240809,6,2185,28
20240809,6,2186,6
20240809,6,2191,14
20240809,6,2198,22
20240809,6,2199,2
20240809,6,3310,1
20240809,6,3311,13
20240809,6,3802,3
20240809,7,2111,8
20240809,7,2112,14
20240809,7,2116,12
20240809,7,2122,35
20240809,7,2128,1
20240809,7,2129,2
20240809,7,2130,6
20240809,7,2139,3
20240809,7,2143,5
20240809,7,2148,5
20240809,7,2159,7
20240809,7,2171,2
20240809,7,2172,3
20240809,7,2178,1
20240809,7,2179,18
20240809,7,2185,27
20240809,7,2186,4
20240809,7,2191,13
20240809,7,2198,21
20240809,7,2199,3
20240809,7,3310,0
20240809,7,3311,16
20240809,7,3802,2
20240809,8,2111,7
20240809,8,2112,13
20240809,8,2116,12
20240809,8,2122,36
20240809,8,2128,1
20240809,8,2129,1
20240809,8,2130,6
20240809,8,2139,0
20240809,8,2143,5
20240809,8,2148,8
20240809,8,2159,6
20240809,8,2171,4
20240809,8,2172,3
20240809,8,2178,2
20240809,8,2179,19
20240809,8,2185,25
20240809,8,2186,3
20240809,8,2191,9
20240809,8,2198,21
20240809,8,2199,3
20240809,8,3310,0
20240809,8,3311,20
20240809,8,3802,0
20240809,9,2111,6
20240809,9,2112,11
20240809,9,2116,13
20240809,9,2122,36
20240809,9,2128,1
20240809,9,2129,2
20240809,9,2130,7
20240809,9,2139,1
20240809,9,2143,5
20240809,9,2148,9
20240809,9,2159,5
20240809,9,2171,9
20240809,9,2172,3
20240809,9,2178,3
20240809,9,2179,21
20240809,9,2185,23
20240809,9,2186,3
20240809,9,2191,8
20240809,9,2198,18
20240809,9,2199,3
20240809,9,3310,0
20240809,9,3311,26
20240809,9,3802,0
20240809,10,2111,7
20240809,10,2112,11
20240809,10,2116,14
20240809,10,2122,35
20240809,10,2128,0
20240809,10,2129,15
20240809,10,2130,6
20240809,10,2139,2
20240809,10,2143,5
20240809,10,2148,12
20240809,10,2159,4
20240809,10,2171,10
20240809,10,2172,8
20240809,10,2178,4
20240809,10,2179,21
20240809,10,2185,21
20240809,10,2186,3
20240809,10,2191,8
20240809,10,2198,17
20240809,10,2199,3
20240809,10,3310,0
20240809,10,3311,29
20240809,10,3802,0
20240809,11,2111,10
20240809,11,2112,11
20240809,11,2116,14
20240809,11,2122,36
20240809,11,2128,0
20240809,11,2129,14
20240809,11,2130,6
20240809,11,2139,3
20240809,11,2143,6
20240809,11,2148,11
20240809,11,2159,4
20240809,11,2171,11
20240809,11,2172,10
20240809,11,2178,22
20240809,11,2179,20
20240809,11,2185,21
20240809,11,2186,0
20240809,11,2191,8
20240809,11,2198,17
20240809,11,2199,3
20240809,11,3310,0
20240809,11,3311,31
20240809,11,3802,1
20240809,12,2111,10
20240809,12,2112,11
20240809,12,2116,15
20240809,12,2122,36
20240809,12,2128,0
20240809,12,2129,11
20240809,12,2130,6
20240809,12,2139,3
20240809,12,2143,5
20240809,12,2148,11
20240809,12,2159,4
20240809,12,2171,7
20240809,12,2172,8
20240809,12,2178,22
20240809,12,2179,21
20240809,12,2185,21
20240809,12,2186,0
20240809,12,2191,8
20240809,12,2198,16
20240809,12,2199,3
20240809,12,3310,1
20240809,12,3311,31
20240809,12,3802,1
20240809,13,2111,13
20240809,13,2112,10
20240809,13,2116,16
20240809,13,2122,35
20240809,13,2128,1
20240809,13,2129,11
20240809,13,2130,6
20240809,13,2139,3
20240809,13,2143,4
20240809,13,2148,13
20240809,13,2159,4
20240809,13,2171,8
20240809,13,2172,7
20240809,13,2178,22
20240809,13,2179,22
20240809,13,2185,22
20240809,13,2186,0
20240809,13,2191,10
20240809,13,2198,14
20240809,13,2199,4
20240809,13,3310,1
20240809,13,3311,30
20240809,13,3802,0
20240809,14,2111,13
20240809,14,2112,10
20240809,14,2116,16
20240809,14,2122,34
20240809,14,2128,0
20240809,14,2129,11
20240809,14,2130,6
20240809,14,2139,2
20240809,14,2143,4
20240809,14,2148,13
20240809,14,2159,4
20240809,14,2171,7
20240809,14,2172,7
20240809,14,2178,21
20240809,14,2179,23
20240809,14,2185,24
20240809,14,2186,0
20240809,14,2191,8
20240809,14,2198,12
20240809,14,2199,5
20240809,14,3310,1
20240809,14,3311,32
20240809,14,3802,0
20240809,15,2111,14
20240809,15,2112,11
20240809,15,2116,17
20240809,15,2122,34
20240809,15,2128,0
20240809,15,2129,9
20240809,15,2130,6
20240809,15,2139,2
20240809,15,2143,4
20240809,15,2148,17
20240809,15,2159,5
20240809,15,2171,9
20240809,15,2172,6
20240809,15,2178,20
20240809,15,2179,23
20240809,15,2185,23
20240809,15,2186,1
20240809,15,2191,8
20240809,15,2198,12
20240809,15,2199,5
20240809,15,3310,0
20240809,15,3311,30
20240809,15,3802,0
20240809,16,2111,17
20240809,16,2112,11
20240809,16,2116,16
20240809,16,2122,35
20240809,16,2128,0
20240809,16,2129,9
20240809,16,2130,6
20240809,16,2139,5
20240809,16,2143,6
20240809,16,2148,15
20240809,16,2159,4
20240809,16,2171,11
20240809,16,2172,6
20240809,16,2178,19
20240809,16,2179,23
20240809,16,2185,22
20240809,16,2186,3
20240809,16,2191,9
20240809,16,2198,13
20240809,16,2199,2
20240809,16,3310,0
20240809,16,3311,29
20240809,16,3802,0
20240809,17,2111,20
20240809,17,2112,12
20240809,17,2116,16
20240809,17,2122,35
20240809,17,2128,0
20240809,17,2129,5
20240809,17,2130,6
20240809,17,2139,6
20240809,17,2143,5
20240809,17,2148,12
20240809,17,2159,3
20240809,17,2171,8
20240809,17,2172,2
20240809,17,2178,18
20240809,17,2179,21
20240809,17,2185,22
20240809,17,2186,4
20240809,17,2191,8
20240809,17,2198,17
20240809,17,2199,2
20240809,17,3310,1
20240809,17,3311,23
20240809,17,3802,0
20240809,18,2111,21
20240809,18,2112,11
20240809,18,2116,16
20240809,18,2122,35
20240809,18,2128,0
20240809,18,2129,1
20240809,18,2130,5
20240809,18,2139,6
20240809,18,2143,2
20240809,18,2148,13
20240809,18,2159,3
20240809,18,2171,0
20240809,18,2172,2
20240809,18,2178,15
20240809,18,2179,19
20240809,18,2185,24
20240809,18,2186,5
20240809,18,2191,8
20240809,18,2198,17
20240809,18,2199,3
20240809,18,3310,1
20240809,18,3311,18
20240809,18,3802,0
20240809,19,2111,17
20240809,19,2112,12
20240809,19,2116,18
20240809,19,2122,33
20240809,19,2128,0
20240809,19,2129,1
20240809,19,2130,5
20240809,19,2139,7
20240809,19,2143,3
20240809,19,2148,10
20240809,19,2159,3
20240809,19,2171,0
20240809,19,2172,1
20240809,19,2178,13
20240809,19,2179,19
20240809,19,2185,24
20240809,19,2186,5
20240809,19,2191,8
20240809,19,2198,17
20240809,19,2199,4
20240809,19,3310,1
20240809,19,3311,18
20240809,19,3802,1
20240809,20,2111,15
20240809,20,2112,10
20240809,20,2116,10
20240809,20,2122,31
20240809,20,2128,2
20240809,20,2129,0
20240809,20,2130,5
20240809,20,2139,7
20240809,20,2143,3
20240809,20,2148,5
20240809,20,2159,4
20240809,20,2171,0
20240809,20,2172,2
20240809,20,2178,12
20240809,20,2179,19
20240809,20,2185,23
20240809,20,2186,6
20240809,20,2191,9
20240809,20,2198,18
20240809,20,2199,5
20240809,20,3310,0
20240809,20,3311,19
20240809,20,3802,2
20240809,21,2111,15
20240809,21,2112,9
20240809,21,2116,10
20240809,21,2122,28
20240809,21,2128,2
20240809,21,2129,0
20240809,21,2130,5
20240809,21,2139,6
20240809,21,2143,3
20240809,21,2148,4
20240809,21,2159,4
20240809,21,2171,0
20240809,21,2172,1
20240809,21,2178,10
20240809,21,2179,17
20240809,21,2185,25
20240809,21,2186,3
20240809,21,2191,10
20240809,21,2198,18
20240809,21,2199,6
20240809,21,3310,0
20240809,21,3311,14
20240809,21,3802,0
20240809,22,2111,15
20240809,22,2112,11
20240809,22,2116,10
20240809,22,2122,27
20240809,22,2128,3
20240809,22,2129,0
20240809,22,2130,5
20240809,22,2139,4
20240809,22,2143,3
20240809,22,2148,4
20240809,22,2159,2
20240809,22,2171,1
20240809,22,2172,0
20240809,22,2178,10
20240809,22,2179,16
20240809,22,2185,26
20240809,22,2186,4
20240809,22,2191,10
20240809,22,2198,20
20240809,22,2199,5
20240809,22,3310,0
20240809,22,3311,14
20240809,22,3802,0
20240809,23,2111,15
20240809,23,2112,11
20240809,23,2116,11
20240809,23,2122,27
20240809,23,2128,2
20240809,23,2129,0
20240809,23,2130,5
20240809,23,2139,4
20240809,23,2143,2
20240809,23,2148,4
20240809,23,2159,2
20240809,23,2171,0
20240809,23,2172,0
20240809,23,2178,9
20240809,23,2179,13
20240809,23,2185,26
20240809,23,2186,4
20240809,23,2191,9
20240809,23,2198,20
20240809,23,2199,3
20240809,23,3310,0
20240809,23,3311,14
20240809,23,3802,0
20240810,0,2111,14
20240810,0,2112,13
20240810,0,2116,10
20240810,0,2122,25
20240810,0,2128,2
20240810,0,2129,0
20240810,0,2130,5
20240810,0,2139,4
20240810,0,2143,2
20240810,0,2148,5
20240810,0,2159,2
20240810,0,2171,1
20240810,0,2172,0
20240810,0,2178,10
20240810,0,2179,13
20240810,0,2185,28
20240810,0,2186,5
20240810,0,2191,9
20240810,0,2198,19
20240810,0,2199,2
20240810,0,3310,0
20240810,0,3311,12
20240810,0,3802,1
20240810,1,2111,11
20240810,1,2112,13
20240810,1,2116,8
20240810,1,2122,25
20240810,1,2128,2
20240810,1,2129,1
20240810,1,2130,5
20240810,1,2139,5
20240810,1,2143,4
20240810,1,2148,5
20240810,1,2159,2
20240810,1,2171,0
20240810,1,2172,0
20240810,1,2178,9
20240810,1,2179,12
20240810,1,2185,30
20240810,1,2186,4
20240810,1,2191,8
20240810,1,2198,16
20240810,1,2199,3
20240810,1,3310,0
20240810,1,3311,12
20240810,1,3802,1
20240810,2,2111,12
20240810,2,2112,13
20240810,2,2116,10
20240810,2,2122,25
20240810,2,2128,0
20240810,2,2129,0
20240810,2,2130,5
20240810,2,2139,6
20240810,2,2143,4
20240810,2,2148,5
20240810,2,2159,3
20240810,2,2171,0
20240810,2,2172,0
20240810,2,2178,9
20240810,2,2179,12
20240810,2,2185,31
20240810,2,2186,5
20240810,2,2191,8
20240810,2,2198,14
20240810,2,2199,3
20240810,2,3310,0
20240810,2,3311,12
20240810,2,3802,1
20240810,3,2111,12
20240810,3,2112,11
20240810,3,2116,11
20240810,3,2122,27
20240810,3,2128,1
20240810,3,2129,1
20240810,3,2130,5
20240810,3,2139,7
20240810,3,2143,6
20240810,3,2148,5
20240810,3,2159,2
20240810,3,2171,2
20240810,3,2172,1
20240810,3,2178,9
20240810,3,2179,13
20240810,3,2185,30
20240810,3,2186,5
20240810,3,2191,9
20240810,3,2198,15
20240810,3,2199,3
20240810,3,3310,0
20240810,3,3311,12
20240810,3,3802,1
20240810,4,2111,12
20240810,4,2112,11
20240810,4,2116,9
20240810,4,2122,27
20240810,4,2128,1
20240810,4,2129,2
20240810,4,2130,5
20240810,4,2139,7
20240810,4,2143,6
20240810,4,2148,5
20240810,4,2159,3
20240810,4,2171,1
20240810,4,2172,1
20240810,4,2178,9
20240810,4,2179,14
20240810,4,2185,30
20240810,4,2186,5
20240810,4,2191,9
20240810,4,2198,15
20240810,4,2199,3
20240810,4,3310,0
20240810,4,3311,13
20240810,4,3802,1
20240810,5,2111,11
20240810,5,2112,13
20240810,5,2116,8
20240810,5,2122,27
20240810,5,2128,0
20240810,5,2129,2
20240810,5,2130,5
20240810,5,2139,6
20240810,5,2143,6
20240810,5,2148,5
20240810,5,2159,3
20240810,5,2171,1
20240810,5,2172,3
20240810,5,2178,9
20240810,5,2179,14
20240810,5,2185,30
20240810,5,2186,3
20240810,5,2191,9
20240810,5,2198,15
20240810,5,2199,3
20240810,5,3310,0
20240810,5,3311,13
20240810,5,3802,1
20240810,6,2111,12
20240810,6,2112,12
20240810,6,2116,9
20240810,6,2122,27
20240810,6,2128,0
20240810,6,2129,1
20240810,6,2130,5
20240810,6,2139,6
20240810,6,2143,6
20240810,6,2148,5
20240810,6,2159,4
20240810,6,2171,2
20240810,6,2172,4
20240810,6,2178,9
20240810,6,2179,14
20240810,6,2185,30
20240810,6,2186,3
20240810,6,2191,11
20240810,6,2198,15
20240810,6,2199,3
20240810,6,3310,0
20240810,6,3311,14
20240810,6,3802,3
20240810,7,2111,12
20240810,7,2112,11
20240810,7,2116,10
20240810,7,2122,28
20240810,7,2128,0
20240810,7,2129,1
20240810,7,2130,5
20240810,7,2139,6
20240810,7,2143,6
20240810,7,2148,4
20240810,7,2159,4
20240810,7,2171,2
20240810,7,2172,3
20240810,7,2178,8
20240810,7,2179,14
20240810,7,2185,28
20240810,7,2186,3
20240810,7,2191,11
20240810,7,2198,15
20240810,7,2199,3
20240810,7,3310,0
20240810,7,3311,15
20240810,7,3802,2
20240810,8,2111,15
20240810,8,2112,11
20240810,8,2116,10
20240810,8,2122,29
20240810,8,2128,0
20240810,8,2129,1
20240810,8,2130,5
20240810,8,2139,5
20240810,8,2143,6
20240810,8,2148,4
20240810,8,2159,5
20240810,8,2171,2
20240810,8,2172,3
20240810,8,2178,8
20240810,8,2179,15
20240810,8,2185,28
20240810,8,2186,3
20240810,8,2191,11
20240810,8,2198,14
20240810,8,2199,3
20240810,8,3310,0
20240810,8,3311,13
20240810,8,3802,2
20240810,9,2111,16
20240810,9,2112,13
20240810,9,2116,10
20240810,9,2122,29
20240810,9,2128,0
20240810,9,2129,0
20240810,9,2130,5
20240810,9,2139,4
20240810,9,2143,5
20240810,9,2148,4
20240810,9,2159,4
20240810,9,2171,6
20240810,9,2172,4
20240810,9,2178,9
20240810,9,2179,14
20240810,9,2185,27
20240810,9,2186,2
20240810,9,2191,10
20240810,9,2198,14
20240810,9,2199,2
20240810,9,3310,13
20240810,9,3311,13
20240810,9,3802,2
20240810,10,2111,16
20240810,10,2112,14
20240810,10,2116,10
20240810,10,2122,29
20240810,10,2128,1
20240810,10,2129,0
20240810,10,2130,5
20240810,10,2139,3
20240810,10,2143,4
20240810,10,2148,4
20240810,10,2159,4
20240810,10,2171,9
20240810,10,2172,17
20240810,10,2178,10
20240810,10,2179,15
20240810,10,2185,25
20240810,10,2186,3
20240810,10,2191,9
20240810,10,2198,12
20240810,10,2199,2
20240810,10,3310,10
20240810,10,3311,16
20240810,10,3802,3
20240810,11,2111,17
20240810,11,2112,15
20240810,11,2116,11
20240810,11,2122,29
20240810,11,2128,1
20240810,11,2129,0
20240810,11,2130,5
20240810,11,2139,4
20240810,11,2143,3
20240810,11,2148,5
20240810,11,2159,4
20240810,11,2171,11
20240810,11,2172,18
20240810,11,2178,17
20240810,11,2179,16
20240810,11,2185,25
20240810,11,2186,2
20240810,11,2191,9
20240810,11,2198,12
20240810,11,2199,1
20240810,11,3310,6
20240810,11,3311,13
20240810,11,3802,2
20240810,12,2111,17
20240810,12,2112,15
20240810,12,2116,12
20240810,12,2122,29
20240810,12,2128,0
20240810,12,2129,0
20240810,12,2130,5
20240810,12,2139,4
20240810,12,2143,5
20240810,12,2148,4
20240810,12,2159,3
20240810,12,2171,13
20240810,12,2172,19
20240810,12,2178,17
20240810,12,2179,12
20240810,12,2185,25
20240810,12,2186,2
20240810,12,2191,9
20240810,12,2198,14
20240810,12,2199,1
20240810,12,3310,2
20240810,12,3311,16
20240810,12,3802,2
20240810,13,2111,16
20240810,13,2112,16
20240810,13,2116,13
20240810,13,2122,26
20240810,13,2128,2
20240810,13,2129,0
20240810,13,2130,5
20240810,13,2139,5
20240810,13,2143,5
20240810,13,2148,5
20240810,13,2159,3
20240810,13,2171,14
20240810,13,2172,20
20240810,13,2178,16
20240810,13,2179,12
20240810,13,2185,26
20240810,13,2186,1
20240810,13,2191,9
20240810,13,2198,16
20240810,13,2199,1
20240810,13,3310,1
20240810,13,3311,15
20240810,13,3802,2
20240810,14,2111,17
20240810,14,2112,16
20240810,14,2116,14
20240810,14,2122,26
20240810,14,2128,3
20240810,14,2129,0
20240810,14,2130,3
20240810,14,2139,4
20240810,14,2143,6
20240810,14,2148,5
20240810,14,2159,2
20240810,14,2171,16
20240810,14,2172,20
20240810,14,2178,16
20240810,14,2179,12
20240810,14,2185,23
20240810,14,2186,2
20240810,14,2191,9
20240810,14,2198,18
20240810,14,2199,1
20240810,14,3310,0
20240810,14,3311,15
20240810,14,3802,2
20240810,15,2111,20
20240810,15,2112,14
20240810,15,2116,14
20240810,15,2122,26
20240810,15,2128,4
20240810,15,2129,0
20240810,15,2130,3
20240810,15,2139,5
20240810,15,2143,7
20240810,15,2148,4
20240810,15,2159,2
20240810,15,2171,14
20240810,15,2172,18
20240810,15,2178,18
20240810,15,2179,10
20240810,15,2185,22
20240810,15,2186,2
20240810,15,2191,9
20240810,15,2198,19
20240810,15,2199,1
20240810,15,3310,1
20240810,15,3311,14
20240810,15,3802,1
20240810,16,2111,21
20240810,16,2112,13
20240810,16,2116,15
20240810,16,2122,25
20240810,16,2128,5
20240810,16,2129,0
20240810,16,2130,4
20240810,16,2139,4
20240810,16,2143,7
20240810,16,2148,4
20240810,16,2159,2
20240810,16,2171,15
20240810,16,2172,11
20240810,16,2178,16
20240810,16,2179,12
20240810,16,2185,22
20240810,16,2186,2
20240810,16,2191,8
20240810,16,2198,16
20240810,16,2199,0
20240810,16,3310,1
20240810,16,3311,14
20240810,16,3802,5
20240810,17,2111,21
20240810,17,2112,12
20240810,17,2116,15
20240810,17,2122,26
20240810,17,2128,6
20240810,17,2129,0
20240810,17,2130,4
20240810,17,2139,4
20240810,17,2143,8
20240810,17,2148,1
20240810,17,2159,2
20240810,17,2171,14
20240810,17,2172,4
20240810,17,2178,16
20240810,17,2179,14
20240810,17,2185,23
20240810,17,2186,2
20240810,17,2191,8
20240810,17,2198,15
20240810,17,2199,1
20240810,17,3310,0
20240810,17,3311,14
20240810,17,3802,4
20240810,18,2111,16
20240810,18,2112,11
20240810,18,2116,16
20240810,18,2122,26
20240810,18,2128,7
20240810,18,2129,0
20240810,18,2130,3
20240810,18,2139,5
20240810,18,2143,8
20240810,18,2148,1
20240810,18,2159,3
20240810,18,2171,13
20240810,18,2172,1
20240810,18,2178,15
20240810,18,2179,11
20240810,18,2185,22
20240810,18,2186,3
20240810,18,2191,8
20240810,18,2198,18
20240810,18,2199,1
20240810,18,3310,0
20240810,18,3311,14
20240810,18,3802,5
20240810,19,2111,15
20240810,19,2112,10
20240810,19,2116,16
20240810,19,2122,26
20240810,19,2128,7
20240810,19,2129,0
20240810,19,2130,3
20240810,19,2139,4
20240810,19,2143,6
20240810,19,2148,1
20240810,19,2159,3
20240810,19,2171,15
20240810,19,2172,0
20240810,19,2178,14
20240810,19,2179,11
20240810,19,2185,18
20240810,19,2186,3
20240810,19,2191,9
20240810,19,2198,19
20240810,19,2199,1
20240810,19,3310,0
20240810,19,3311,15
20240810,19,3802,5
20240810,20,2111,17
20240810,20,2112,10
20240810,20,2116,15
20240810,20,2122,25
20240810,20,2128,7
20240810,20,2129,1
20240810,20,2130,3
20240810,20,2139,2
20240810,20,2143,6
20240810,20,2148,1
20240810,20,2159,3
20240810,20,2171,17
20240810,20,2172,1
20240810,20,2178,12
20240810,20,2179,10
20240810,20,2185,19
20240810,20,2186,3
20240810,20,2191,10
20240810,20,2198,16
20240810,20,2199,0
20240810,20,3310,0
20240810,20,3311,18
20240810,20,3802,3
20240810,21,2111,15
20240810,21,2112,11
20240810,21,2116,13
20240810,21,2122,25
20240810,21,2128,3
20240810,21,2129,1
20240810,21,2130,3
20240810,21,2139,2
20240810,21,2143,9
20240810,21,2148,2
20240810,21,2159,3
20240810,21,2171,11
20240810,21,2172,0
20240810,21,2178,11
20240810,21,2179,12
20240810,21,2185,17
20240810,21,2186,3
20240810,21,2191,8
20240810,21,2198,14
20240810,21,2199,0
20240810,21,3310,0
20240810,21,3311,11
20240810,21,3802,3
20240810,22,2111,17
20240810,22,2112,10
20240810,22,2116,15
20240810,22,2122,25
20240810,22,2128,2
20240810,22,2129,0
20240810,22,2130,4
20240810,22,2139,3
20240810,22,2143,10
20240810,22,2148,2
20240810,22,2159,2
20240810,22,2171,5
20240810,22,2172,0
20240810,22,2178,12
20240810,22,2179,14
20240810,22,2185,14
20240810,22,2186,1
20240810,22,2191,8
20240810,22,2198,15
20240810,22,2199,1
20240810,22,3310,0
20240810,22,3311,10
20240810,22,3802,3
20240810,23,2111,15
20240810,23,2112,13
20240810,23,2116,16
20240810,23,2122,24
20240810,23,2128,2
20240810,23,2129,0
20240810,23,2130,2
20240810,23,2139,6
20240810,23,2143,11
20240810,23,2148,3
20240810,23,2159,2
20240810,23,2171,3
20240810,23,2172,0
20240810,23,2178,10
20240810,23,2179,17
20240810,23,2185,13
20240810,23,2186,1
20240810,23,2191,11
20240810,23,2198,16
20240810,23,2199,1
20240810,23,3310,0
20240810,23,3311,8
20240810,23,3802,4
20240811,0,2111,14
20240811,0,2112,14
20240811,0,2116,16
20240811,0,2122,24
20240811,0,2128,2
20240811,0,2129,0
20240811,0,2130,2
20240811,0,2139,8
20240811,0,2143,13
20240811,0,2148,4
20240811,0,2159,4
20240811,0,2171,1
20240811,0,2172,0
20240811,0,2178,9
20240811,0,2179,15
20240811,0,2185,16
20240811,0,2186,1
20240811,0,2191,14
20240811,0,2198,15
20240811,0,2199,1
20240811,0,3310,0
20240811,0,3311,6
20240811,0,3802,4
20240811,1,2111,14
20240811,1,2112,15
20240811,1,2116,13
20240811,1,2122,25
20240811,1,2128,3
20240811,1,2129,0
20240811,1,2130,2
20240811,1,2139,10
20240811,1,2143,16
20240811,1,2148,5
20240811,1,2159,4
20240811,1,2171,1
20240811,1,2172,2
20240811,1,2178,9
20240811,1,2179,14
20240811,1,2185,17
20240811,1,2186,1
20240811,1,2191,14
20240811,1,2198,12
20240811,1,2199,1
20240811,1,3310,0
20240811,1,3311,6
20240811,1,3802,4
20240811,2,2111,17
20240811,2,2112,15
20240811,2,2116,14
20240811,2,2122,27
20240811,2,2128,4
20240811,2,2129,0
20240811,2,2130,2
20240811,2,2139,10
20240811,2,2143,16
20240811,2,2148,5
20240811,2,2159,4
20240811,2,2171,1
20240811,2,2172,2
20240811,2,2178,9
20240811,2,2179,15
20240811,2,2185,18
20240811,2,2186,1
20240811,2,2191,14
20240811,2,2198,10
20240811,2,2199,1
20240811,2,3310,0
20240811,2,3311,6
20240811,2,3802,4
20240811,3,2111,17
20240811,3,2112,16
20240811,3,2116,12
20240811,3,2122,27
20240811,3,2128,3
20240811,3,2129,0
20240811,3,2130,1
20240811,3,2139,13
20240811,3,2143,17
20240811,3,2148,6
20240811,3,2159,4
20240811,3,2171,2
20240811,3,2172,2
20240811,3,2178,9
20240811,3,2179,15
20240811,3,2185,19
20240811,3,2186,1
20240811,3,2191,17
20240811,3,2198,10
20240811,3,2199,1
20240811,3,3310,0
20240811,3,3311,6
20240811,3,3802,4
20240811,4,2111,15
20240811,4,2112,15
20240811,4,2116,11
20240811,4,2122,28
20240811,4,2128,3
20240811,4,2129,0
20240811,4,2130,1
20240811,4,2139,13
20240811,4,2143,17
20240811,4,2148,6
20240811,4,2159,5
20240811,4,2171,2
20240811,4,2172,2
20240811,4,2178,9
20240811,4,2179,16
20240811,4,2185,19
20240811,4,2186,1
20240811,4,2191,17
20240811,4,2198,11
20240811,4,2199,1
20240811,4,3310,0
20240811,4,3311,6
20240811,4,3802,4
20240811,5,2111,15
20240811,5,2112,15
20240811,5,2116,14
20240811,5,2122,29
20240811,5,2128,4
20240811,5,2129,0
20240811,5,2130,1
20240811,5,2139,13
20240811,5,2143,17
20240811,5,2148,6
20240811,5,2159,5
20240811,5,2171,3
20240811,5,2172,2
20240811,5,2178,8
20240811,5,2179,16
20240811,5,2185,20
20240811,5,2186,2
20240811,5,2191,18
20240811,5,2198,11
20240811,5,2199,1
20240811,5,3310,0
20240811,5,3311,6
20240811,5,3802,4
20240811,6,2111,15
20240811,6,2112,16
20240811,6,2116,13
20240811,6,2122,29
20240811,6,2128,4
20240811,6,2129,0
20240811,6,2130,1
20240811,6,2139,14
20240811,6,2143,17
20240811,6,2148,6
20240811,6,2159,5
20240811,6,2171,2
20240811,6,2172,3
20240811,6,2178,8
20240811,6,2179,17
20240811,6,2185,19
20240811,6,2186,2
20240811,6,2191,18
20240811,6,2198,11
20240811,6,2199,1
20240811,6,3310,0
20240811,6,3311,6
20240811,6,3802,4
20240811,7,2111,15
20240811,7,2112,16
20240811,7,2116,13
20240811,7,2122,28
20240811,7,2128,4
20240811,7,2129,0
20240811,7,2130,1
20240811,7,2139,13
20240811,7,2143,17
20240811,7,2148,4
20240811,7,2159,4
20240811,7,2171,2
20240811,7,2172,3
20240811,7,2178,8
20240811,7,2179,17
20240811,7,2185,18
20240811,7,2186,2
20240811,7,2191,17
20240811,7,2198,11
20240811,7,2199,1
20240811,7,3310,0
20240811,7,3311,7
20240811,7,3802,3
20240811,8,2111,17
20240811,8,2112,15
20240811,8,2116,12
20240811,8,2122,28
20240811,8,2128,4
20240811,8,2129,0
20240811,8,2130,1
20240811,8,2139,12
20240811,8,2143,17
20240811,8,2148,4
20240811,8,2159,6
20240811,8,2171,3
20240811,8,2172,3
20240811,8,2178,8
20240811,8,2179,17
20240811,8,2185,18
20240811,8,2186,2
20240811,8,2191,19
20240811,8,2198,10
20240811,8,2199,0
20240811,8,3310,0
20240811,8,3311,6
20240811,8,3802,3
20240811,9,2111,18
20240811,9,2112,16
20240811,9,2116,12
20240811,9,2122,28
20240811,9,2128,4
20240811,9,2129,0
20240811,9,2130,1
20240811,9,2139,12
20240811,9,2143,16
20240811,9,2148,3
20240811,9,2159,6
20240811,9,2171,3
20240811,9,2172,19
20240811,9,2178,12
20240811,9,2179,16
20240811,9,2185,15
20240811,9,2186,3
20240811,9,2191,18
20240811,9,2198,9
20240811,9,2199,0
20240811,9,3310,0
20240811,9,3311,8
20240811,9,3802,2
20240811,10,2111,18
20240811,10,2112,16
20240811,10,2116,13
20240811,10,2122,28
20240811,10,2128,3
20240811,10,2129,0
20240811,10,2130,1
20240811,10,2139,10
20240811,10,2143,15
20240811,10,2148,4
20240811,10,2159,5
20240811,10,2171,3
20240811,10,2172,19
20240811,10,2178,30
20240811,10,2179,16
20240811,10,2185,15
20240811,10,2186,2
20240811,10,2191,18
20240811,10,2198,9
20240811,10,2199,1
20240811,10,3310,0
20240811,10,3311,11
20240811,10,3802,4
20240811,11,2111,17
20240811,11,2112,14
20240811,11,2116,13
20240811,11,2122,28
20240811,11,2128,5
20240811,11,2129,0
20240811,11,2130,1
20240811,11,2139,9
20240811,11,2143,15
20240811,11,2148,4
20240811,11,2159,4
20240811,11,2171,3
20240811,11,2172,19
20240811,11,2178,30
20240811,11,2179,20
20240811,11,2185,15
20240811,11,2186,2
20240811,11,2191,18
20240811,11,2198,8
20240811,11,2199,1
20240811,11,3310,0
20240811,11,3311,17
20240811,11,3802,3
20240811,12,2111,18
20240811,12,2112,12
20240811,12,2116,14
20240811,12,2122,28
20240811,12,2128,2
20240811,12,2129,0
20240811,12,2130,0
20240811,12,2139,7
20240811,12,2143,13
20240811,12,2148,4
20240811,12,2159,4
20240811,12,2171,7
20240811,12,2172,17
20240811,12,2178,30
20240811,12,2179,19
20240811,12,2185,15
20240811,12,2186,3
20240811,12,2191,18
20240811,12,2198,11
20240811,12,2199,2
20240811,12,3310,0
20240811,12,3311,18
20240811,12,3802,6
20240811,13,2111,18
20240811,13,2112,13
20240811,13,2116,17
20240811,13,2122,28
20240811,13,2128,3
20240811,13,2129,0
20240811,13,2130,0
20240811,13,2139,7
20240811,13,2143,13
20240811,13,2148,4
20240811,13,2159,4
20240811,13,2171,9
20240811,13,2172,19
20240811,13,2178,30
20240811,13,2179,17
20240811,13,2185,17
20240811,13,2186,3
20240811,13,2191,15
20240811,13,2198,10
20240811,13,2199,2
20240811,13,3310,0
20240811,13,3311,17
20240811,13,3802,3
20240811,14,2111,14
20240811,14,2112,14
20240811,14,2116,17
20240811,14,2122,28
20240811,14,2128,2
20240811,14,2129,0
20240811,14,2130,0
20240811,14,2139,7
20240811,14,2143,13
20240811,14,2148,3
20240811,14,2159,4
20240811,14,2171,12
20240811,14,2172,20
20240811,14,2178,30
20240811,14,2179,16
20240811,14,2185,16
20240811,14,2186,3
20240811,14,2191,15
20240811,14,2198,9
20240811,14,2199,1
20240811,14,3310,0
20240811,14,3311,17
20240811,14,3802,1
20240811,15,2111,11
20240811,15,2112,17
20240811,15,2116,17
20240811,15,2122,31
20240811,15,2128,2
20240811,15,2129,0
20240811,15,2130,0
20240811,15,2139,5
20240811,15,2143,13
20240811,15,2148,2
20240811,15,2159,4
20240811,15,2171,12
20240811,15,2172,18
20240811,15,2178,30
20240811,15,2179,16
20240811,15,2185,15
20240811,15,2186,3
20240811,15,2191,15
20240811,15,2198,9
20240811,15,2199,2
20240811,15,3310,0
20240811,15,3311,16
20240811,15,3802,6
20240811,16,2111,10
20240811,16,2112,18
20240811,16,2116,17
20240811,16,2122,28
20240811,16,2128,2
20240811,16,2129,0
20240811,16,2130,1
20240811,16,2139,5
20240811,16,2143,13
20240811,16,2148,2
20240811,16,2159,4
20240811,16,2171,12
20240811,16,2172,19
20240811,16,2178,30
20240811,16,2179,16
20240811,16,2185,11
20240811,16,2186,3
20240811,16,2191,11
20240811,16,2198,10
20240811,16,2199,2
20240811,16,3310,0
20240811,16,3311,13
20240811,16,3802,7
20240811,17,2111,10
20240811,17,2112,20
20240811,17,2116,17
20240811,17,2122,26
20240811,17,2128,6
20240811,17,2129,0
20240811,17,2130,0
20240811,17,2139,5
20240811,17,2143,14
20240811,17,2148,2
20240811,17,2159,4
20240811,17,2171,11
20240811,17,2172,20
20240811,17,2178,28
20240811,17,2179,13
20240811,17,2185,10
20240811,17,2186,3
20240811,17,2191,10
20240811,17,2198,12
20240811,17,2199,4
20240811,17,3310,0
20240811,17,3311,13
20240811,17,3802,2
20240811,18,2111,10
20240811,18,2112,22
20240811,18,2116,18
20240811,18,2122,26
20240811,18,2128,8
20240811,18,2129,2
20240811,18,2130,0
20240811,18,2139,5
20240811,18,2143,12
20240811,18,2148,4
20240811,18,2159,5
20240811,18,2171,15
20240811,18,2172,18
20240811,18,2178,28
20240811,18,2179,13
20240811,18,2185,10
20240811,18,2186,2
20240811,18,2191,9
20240811,18,2198,12
20240811,18,2199,3
20240811,18,3310,1
20240811,18,3311,12
20240811,18,3802,2
20240811,19,2111,11
20240811,19,2112,24
20240811,19,2116,16
20240811,19,2122,28
20240811,19,2128,6
20240811,19,2129,3
20240811,19,2130,0
20240811,19,2139,4
20240811,19,2143,13
20240811,19,2148,6
20240811,19,2159,5
20240811,19,2171,12
20240811,19,2172,15
20240811,19,2178,28
20240811,19,2179,14
20240811,19,2185,13
20240811,19,2186,1
20240811,19,2191,10
20240811,19,2198,12
20240811,19,2199,2
20240811,19,3310,0
20240811,19,3311,11
20240811,19,3802,2
20240811,20,2111,9
20240811,20,2112,20
20240811,20,2116,15
20240811,20,2122,28
20240811,20,2128,3
20240811,20,2129,3
20240811,20,2130,0
20240811,20,2139,2
20240811,20,2143,13
20240811,20,2148,5
20240811,20,2159,5
20240811,20,2171,8
20240811,20,2172,12
20240811,20,2178,27
20240811,20,2179,14
20240811,20,2185,13
20240811,20,2186,1
20240811,20,2191,10
20240811,20,2198,11
20240811,20,2199,2
20240811,20,3310,13
20240811,20,3311,9
20240811,20,3802,2
20240811,21,2111,10
20240811,21,2112,19
20240811,21,2116,15
20240811,21,2122,28
20240811,21,2128,2
20240811,21,2129,3
20240811,21,2130,0
20240811,21,2139,4
20240811,21,2143,14
20240811,21,2148,3
20240811,21,2159,4
20240811,21,2171,6
20240811,21,2172,10
20240811,21,2178,27
20240811,21,2179,15
20240811,21,2185,11
20240811,21,2186,1
20240811,21,2191,11
20240811,21,2198,11
20240811,21,2199,3
20240811,21,3310,12
20240811,21,3311,7
20240811,21,3802,2
20240811,22,2111,11
20240811,22,2112,20
20240811,22,2116,16
20240811,22,2122,28
20240811,22,2128,2
20240811,22,2129,2
20240811,22,2130,0
20240811,22,2139,4
20240811,22,2143,15
20240811,22,2148,3
20240811,22,2159,4
20240811,22,2171,5
20240811,22,2172,11
20240811,22,2178,24
20240811,22,2179,13
20240811,22,2185,13
20240811,22,2186,2
20240811,22,2191,10
20240811,22,2198,12
20240811,22,2199,2
20240811,22,3310,12
20240811,22,3311,8
20240811,22,3802,2
20240811,23,2111,10
20240811,23,2112,19
20240811,23,2116,16
20240811,23,2122,28
20240811,23,2128,6
20240811,23,2129,2
20240811,23,2130,0
20240811,23,2139,5
20240811,23,2143,16
20240811,23,2148,3
20240811,23,2159,4
20240811,23,2171,4
20240811,23,2172,11
20240811,23,2178,24
20240811,23,2179,9
20240811,23,2185,14
20240811,23,2186,3
20240811,23,2191,11
20240811,23,2198,14
20240811,23,2199,2
20240811,23,3310,12
20240811,23,3311,7
20240811,23,3802,3
20240812,0,2111,10
20240812,0,2112,18
20240812,0,2116,17
20240812,0,2122,27
20240812,0,2128,4
20240812,0,2129,2
20240812,0,2130,0
20240812,0,2139,7
20240812,0,2143,17
20240812,0,2148,5
20240812,0,2159,3
20240812,0,2171,0
20240812,0,2172,10
20240812,0,2178,25
20240812,0,2179,10
20240812,0,2185,16
20240812,0,2186,3
20240812,0,2191,11
20240812,0,2198,12
20240812,0,2199,2
20240812,0,3310,12
20240812,0,3311,7
20240812,0,3802,3
20240812,1,2111,12
20240812,1,2112,17
20240812,1,2116,16
20240812,1,2122,27
20240812,1,2128,2
20240812,1,2129,3
20240812,1,2130,0
20240812,1,2139,6
20240812,1,2143,17
20240812,1,2148,8
20240812,1,2159,3
20240812,1,2171,2
20240812,1,2172,10
20240812,1,2178,23
20240812,1,2179,11
20240812,1,2185,16
20240812,1,2186,2
20240812,1,2191,11
20240812,1,2198,13
20240812,1,2199,2
20240812,1,3310,12
20240812,1,3311,7
20240812,1,3802,3
20240812,2,2111,12
20240812,2,2112,18
20240812,2,2116,16
20240812,2,2122,26
20240812,2,2128,3
20240812,2,2129,4
20240812,2,2130,0
20240812,2,2139,6
20240812,2,2143,17
20240812,2,2148,8
20240812,2,2159,4
20240812,2,2171,3
20240812,2,2172,10
20240812,2,2178,22
20240812,2,2179,10
20240812,2,2185,16
20240812,2,2186,2
20240812,2,2191,11
20240812,2,2198,13
20240812,2,2199,1
20240812,2,3310,12
20240812,2,3311,7
20240812,2,3802,3
20240812,3,2111,12
20240812,3,2112,18
20240812,3,2116,18
20240812,3,2122,26
20240812,3,2128,4
20240812,3,2129,4
20240812,3,2130,0
20240812,3,2139,8
20240812,3,2143,18
20240812,3,2148,9
20240812,3,2159,4
20240812,3,2171,3
20240812,3,2172,10
20240812,3,2178,22
20240812,3,2179,10
20240812,3,2185,17
20240812,3,2186,3
20240812,3,2191,12
20240812,3,2198,12
20240812,3,2199,1
20240812,3,3310,12
20240812,3,3311,7
20240812,3,3802,3
20240812,4,2111,11
20240812,4,2112,17
20240812,4,2116,18
20240812,4,2122,26
20240812,4,2128,4
20240812,4,2129,4
20240812,4,2130,0
20240812,4,2139,8
20240812,4,2143,18
20240812,4,2148,8
20240812,4,2159,4
20240812,4,2171,1
20240812,4,2172,10
20240812,4,2178,22
20240812,4,2179,10
20240812,4,2185,17
20240812,4,2186,3
20240812,4,2191,13
20240812,4,2198,12
20240812,4,2199,2
20240812,4,3310,12
20240812,4,3311,7
20240812,4,3802,3
20240812,5,2111,11
20240812,5,2112,17
20240812,5,2116,17
20240812,5,2122,26
20240812,5,2128,4
20240812,5,2129,2
20240812,5,2130,0
20240812,5,2139,7
20240812,5,2143,18
20240812,5,2148,8
20240812,5,2159,3
20240812,5,2171,1
20240812,5,2172,11
20240812,5,2178,22
20240812,5,2179,10
20240812,5,2185,19
20240812,5,2186,3
20240812,5,2191,13
20240812,5,2198,12
20240812,5,2199,1
20240812,5,3310,11
20240812,5,3311,7
20240812,5,3802,3
20240812,6,2111,12
20240812,6,2112,17
20240812,6,2116,17
20240812,6,2122,26
20240812,6,2128,4
20240812,6,2129,2
20240812,6,2130,0
20240812,6,2139,6
20240812,6,2143,18
20240812,6,2148,8
20240812,6,2159,3
20240812,6,2171,1
20240812,6,2172,13
20240812,6,2178,23
20240812,6,2179,10
20240812,6,2185,20
20240812,6,2186,2
20240812,6,2191,12
20240812,6,2198,12
20240812,6,2199,0
20240812,6,3310,10
20240812,6,3311,7
20240812,6,3802,8
20240812,7,2111,12
20240812,7,2112,16
20240812,7,2116,17
20240812,7,2122,26
20240812,7,2128,3
20240812,7,2129,4
20240812,7,2130,0
20240812,7,2139,3
20240812,7,2143,18
20240812,7,2148,8
20240812,7,2159,4
20240812,7,2171,1
20240812,7,2172,11
20240812,7,2178,23
20240812,7,2179,10
20240812,7,2185,18
20240812,7,2186,0
20240812,7,2191,12
20240812,7,2198,12
20240812,7,2199,1
20240812,7,3310,4
20240812,7,3311,10
20240812,7,3802,2
20240812,8,2111,11
20240812,8,2112,15
20240812,8,2116,17
20240812,8,2122,30
20240812,8,2128,2
20240812,8,2129,3
20240812,8,2130,2
20240812,8,2139,0
20240812,8,2143,18
20240812,8,2148,11
20240812,8,2159,3
20240812,8,2171,4
20240812,8,2172,11
20240812,8,2178,25
20240812,8,2179,13
20240812,8,2185,16
20240812,8,2186,0
20240812,8,2191,11
20240812,8,2198,9
20240812,8,2199,1
20240812,8,3310,0
20240812,8,3311,11
20240812,8,3802,1
20240812,9,2111,9
20240812,9,2112,16
20240812,9,2116,18
20240812,9,2122,32
20240812,9,2128,1
20240812,9,2129,2
20240812,9,2130,9
20240812,9,2139,0
20240812,9,2143,19
20240812,9,2148,12
20240812,9,2159,3
20240812,9,2171,6
20240812,9,2172,10
20240812,9,2178,27
20240812,9,2179,17
20240812,9,2185,14
20240812,9,2186,0
20240812,9,2191,11
20240812,9,2198,9
20240812,9,2199,1
20240812,9,3310,0
20240812,9,3311,13
20240812,9,3802,2
20240812,10,2111,9
20240812,10,2112,16
20240812,10,2116,20
20240812,10,2122,33
20240812,10,2128,2
20240812,10,2129,2
20240812,10,2130,10
20240812,10,2139,1
20240812,10,2143,19
20240812,10,2148,13
20240812,10,2159,5
20240812,10,2171,5
20240812,10,2172,8
20240812,10,2178,27
20240812,10,2179,15
20240812,10,2185,13
20240812,10,2186,0
20240812,10,2191,12
20240812,10,2198,11
20240812,10,2199,11
20240812,10,3310,14
20240812,10,3311,14
20240812,10,3802,0
20240812,11,2111,10
20240812,11,2112,16
20240812,11,2116,20
20240812,11,2122,33
20240812,11,2128,1
20240812,11,2129,2
20240812,11,2130,10
20240812,11,2139,2
20240812,11,2143,18
20240812,11,2148,13
20240812,11,2159,5
20240812,11,2171,7
20240812,11,2172,8
20240812,11,2178,28
20240812,11,2179,15
20240812,11,2185,12
20240812,11,2186,0
20240812,11,2191,11
20240812,11,2198,11
20240812,11,2199,10
20240812,11,3310,14
20240812,11,3311,15
20240812,11,3802,0
20240812,12,2111,13
20240812,12,2112,17
20240812,12,2116,21
20240812,12,2122,33
20240812,12,2128,0
20240812,12,2129,2
20240812,12,2130,10
20240812,12,2139,3
20240812,12,2143,19
20240812,12,2148,10
20240812,12,2159,5
20240812,12,2171,10
20240812,12,2172,8
20240812,12,2178,28
20240812,12,2179,14
20240812,12,2185,13
20240812,12,2186,0
20240812,12,2191,11
20240812,12,2198,12
20240812,12,2199,10
20240812,12,3310,14
20240812,12,3311,16
20240812,12,3802,0
20240812,13,2111,13
20240812,13,2112,17
20240812,13,2116,20
20240812,13,2122,31
20240812,13,2128,0
20240812,13,2129,3
20240812,13,2130,10
20240812,13,2139,3
20240812,13,2143,19
20240812,13,2148,12
20240812,13,2159,5
20240812,13,2171,8
20240812,13,2172,8
20240812,13,2178,26
20240812,13,2179,15
20240812,13,2185,11
20240812,13,2186,2
20240812,13,2191,11
20240812,13,2198,13
20240812,13,2199,10
20240812,13,3310,14
20240812,13,3311,17
20240812,13,3802,0
20240812,14,2111,14
20240812,14,2112,17
20240812,14,2116,19
20240812,14,2122,30
20240812,14,2128,0
20240812,14,2129,3
20240812,14,2130,10
20240812,14,2139,3
20240812,14,2143,19
20240812,14,2148,14
20240812,14,2159,5
20240812,14,2171,7
20240812,14,2172,7
20240812,14,2178,25
20240812,14,2179,14
20240812,14,2185,11
20240812,14,2186,1
20240812,14,2191,12
20240812,14,2198,13
20240812,14,2199,11
20240812,14,3310,11
20240812,14,3311,21
20240812,14,3802,0
20240812,15,2111,13
20240812,15,2112,17
20240812,15,2116,20
20240812,15,2122,30
20240812,15,2128,0
20240812,15,2129,3
20240812,15,2130,10
20240812,15,2139,3
20240812,15,2143,19
20240812,15,2148,12
20240812,15,2159,6
20240812,15,2171,8
20240812,15,2172,8
20240812,15,2178,25
20240812,15,2179,13
20240812,15,2185,12
20240812,15,2186,1
20240812,15,2191,13
20240812,15,2198,13
20240812,15,2199,11
20240812,15,3310,9
20240812,15,3311,21
20240812,15,3802,0
20240812,16,2111,13
20240812,16,2112,17
20240812,16,2116,20
20240812,16,2122,29
20240812,16,2128,0
20240812,16,2129,3
20240812,16,2130,8
20240812,16,2139,4
20240812,16,2143,20
20240812,16,2148,12
20240812,16,2159,6
20240812,16,2171,7
20240812,16,2172,5
20240812,16,2178,27
20240812,16,2179,12
20240812,16,2185,11
20240812,16,2186,1
20240812,16,2191,14
20240812,16,2198,16
20240812,16,2199,10
20240812,16,3310,7
20240812,16,3311,16
20240812,16,3802,0
20240812,17,2111,11
20240812,17,2112,16
20240812,17,2116,20
20240812,17,2122,29
20240812,17,2128,2
20240812,17,2129,3
20240812,17,2130,8
20240812,17,2139,3
20240812,17,2143,21
20240812,17,2148,8
20240812,17,2159,6
20240812,17,2171,6
20240812,17,2172,3
20240812,17,2178,22
20240812,17,2179,12
20240812,17,2185,12
20240812,17,2186,1
20240812,17,2191,15
20240812,17,2198,18
20240812,17,2199,10
20240812,17,3310,4
20240812,17,3311,14
20240812,17,3802,0
20240812,18,2111,9
20240812,18,2112,13
20240812,18,2116,21
20240812,18,2122,28
20240812,18,2128,2
20240812,18,2129,2
20240812,18,2130,7
20240812,18,2139,0
20240812,18,2143,18
20240812,18,2148,7
20240812,18,2159,3
20240812,18,2171,2
20240812,18,2172,4
20240812,18,2178,19
20240812,18,2179,11
20240812,18,2185,13
20240812,18,2186,2
20240812,18,2191,15
20240812,18,2198,17
20240812,18,2199,10
20240812,18,3310,1
20240812,18,3311,13
20240812,18,3802,2
20240812,19,2111,9
20240812,19,2112,13
20240812,19,2116,17
20240812,19,2122,27
20240812,19,2128,1
20240812,19,2129,1
20240812,19,2130,7
20240812,19,2139,0
20240812,19,2143,18
20240812,19,2148,11
20240812,19,2159,3
20240812,19,2171,1
20240812,19,2172,7
20240812,19,2178,20
20240812,19,2179,12
20240812,19,2185,12
20240812,19,2186,3
20240812,19,2191,16
20240812,19,2198,19
20240812,19,2199,10
20240812,19,3310,1
20240812,19,3311,12
20240812,19,3802,5
20240812,20,2111,9
20240812,20,2112,18
20240812,20,2116,17
20240812,20,2122,27
20240812,20,2128,1
20240812,20,2129,0
20240812,20,2130,7
20240812,20,2139,0
20240812,20,2143,18
20240812,20,2148,9
20240812,20,2159,4
20240812,20,2171,1
20240812,20,2172,4
20240812,20,2178,12
20240812,20,2179,12
20240812,20,2185,12
20240812,20,2186,9
20240812,20,2191,17
20240812,20,2198,21
20240812,20,2199,9
20240812,20,3310,12
20240812,20,3311,10
20240812,20,3802,9
20240812,21,2111,10
20240812,21,2112,14
20240812,21,2116,17
20240812,21,2122,29
20240812,21,2128,2
20240812,21,2129,0
20240812,21,2130,7
20240812,21,2139,2
20240812,21,2143,21
20240812,21,2148,8
20240812,21,2159,5
20240812,21,2171,3
20240812,21,2172,4
20240812,21,2178,12
20240812,21,2179,13
20240812,21,2185,14
20240812,21,2186,8
20240812,21,2191,17
20240812,21,2198,22
20240812,21,2199,9
20240812,21,3310,12
20240812,21,3311,10
20240812,21,3802,3
20240812,22,2111,10
20240812,22,2112,13
20240812,22,2116,16
20240812,22,2122,29
20240812,22,2128,2
20240812,22,2129,0
20240812,22,2130,7
20240812,22,2139,3
20240812,22,2143,21
20240812,22,2148,6
20240812,22,2159,4
20240812,22,2171,3
20240812,22,2172,4
20240812,22,2178,11
20240812,22,2179,14
20240812,22,2185,12
20240812,22,2186,8
20240812,22,2191,17
20240812,22,2198,22
20240812,22,2199,9
20240812,22,3310,12
20240812,22,3311,9
20240812,22,3802,1
20240812,23,2111,10
20240812,23,2112,13
20240812,23,2116,15
20240812,23,2122,30
20240812,23,2128,2
20240812,23,2129,0
20240812,23,2130,7
20240812,23,2139,3
20240812,23,2143,25
20240812,23,2148,6
20240812,23,2159,4
20240812,23,2171,3
20240812,23,2172,3
20240812,23,2178,9
20240812,23,2179,13
20240812,23,2185,15
20240812,23,2186,8
20240812,23,2191,18
20240812,23,2198,19
20240812,23,2199,9
20240812,23,3310,13
20240812,23,3311,9
20240812,23,3802,1
20240813,0,2111,10
20240813,0,2112,15
20240813,0,2116,15
20240813,0,2122,29
20240813,0,2128,2
20240813,0,2129,0
20240813,0,2130,8
20240813,0,2139,3
20240813,0,2143,26
20240813,0,2148,7
20240813,0,2159,4
20240813,0,2171,1
20240813,0,2172,3
20240813,0,2178,10
20240813,0,2179,14
20240813,0,2185,18
20240813,0,2186,8
20240813,0,2191,21
20240813,0,2198,19
20240813,0,2199,9
20240813,0,3310,13
20240813,0,3311,7
20240813,0,3802,1
20240813,1,2111,10
20240813,1,2112,13
20240813,1,2116,15
20240813,1,2122,30
20240813,1,2128,0
20240813,1,2129,0
20240813,1,2130,8
20240813,1,2139,2
20240813,1,2143,27
20240813,1,2148,7
20240813,1,2159,4
20240813,1,2171,1
20240813,1,2172,2
20240813,1,2178,7
20240813,1,2179,12
20240813,1,2185,18
20240813,1,2186,9
20240813,1,2191,23
20240813,1,2198,20
20240813,1,2199,9
20240813,1,3310,13
20240813,1,3311,7
20240813,1,3802,1
20240813,2,2111,10
20240813,2,2112,12
20240813,2,2116,15
20240813,2,2122,29
20240813,2,2128,0
20240813,2,2129,0
20240813,2,2130,8
20240813,2,2139,3
20240813,2,2143,27
20240813,2,2148,9
20240813,2,2159,4
20240813,2,2171,1
20240813,2,2172,2
20240813,2,2178,6
20240813,2,2179,11
20240813,2,2185,19
20240813,2,2186,9
20240813,2,2191,25
20240813,2,2198,19
20240813,2,2199,9
20240813,2,3310,13
20240813,2,3311,8
20240813,2,3802,1
20240813,3,2111,11
20240813,3,2112,13
20240813,3,2116,14
20240813,3,2122,28
20240813,3,2128,0
20240813,3,2129,0
20240813,3,2130,8
20240813,3,2139,5
20240813,3,2143,27
20240813,3,2148,8
20240813,3,2159,4
20240813,3,2171,1
20240813,3,2172,2
20240813,3,2178,6
20240813,3,2179,14
20240813,3,2185,19
20240813,3,2186,10
20240813,3,2191,25
20240813,3,2198,19
20240813,3,2199,9
20240813,3,3310,13
20240813,3,3311,8
20240813,3,3802,1
20240813,4,2111,11
20240813,4,2112,12
20240813,4,2116,14
20240813,4,2122,28
20240813,4,2128,0
20240813,4,2129,0
20240813,4,2130,8
20240813,4,2139,5
20240813,4,2143,27
20240813,4,2148,8
20240813,4,2159,4
20240813,4,2171,0
20240813,4,2172,2
20240813,4,2178,5
20240813,4,2179,14
20240813,4,2185,19
20240813,4,2186,10
20240813,4,2191,26
20240813,4,2198,19
20240813,4,2199,9
20240813,4,3310,13
20240813,4,3311,8
20240813,4,3802,1
20240813,5,2111,11
20240813,5,2112,12
20240813,5,2116,15
20240813,5,2122,27
20240813,5,2128,0
20240813,5,2129,0
20240813,5,2130,8
20240813,5,2139,6
20240813,5,2143,27
20240813,5,2148,7
20240813,5,2159,3
20240813,5,2171,1
20240813,5,2172,2
20240813,5,2178,5
20240813,5,2179,12
20240813,5,2185,19
20240813,5,2186,8
20240813,5,2191,26
20240813,5,2198,17
20240813,5,2199,9
20240813,5,3310,12
20240813,5,3311,8
20240813,5,3802,1
20240813,6,2111,14
20240813,6,2112,12
20240813,6,2116,15
20240813,6,2122,25
20240813,6,2128,0
20240813,6,2129,0
20240813,6,2130,7
20240813,6,2139,6
20240813,6,2143,25
20240813,6,2148,6
20240813,6,2159,3
20240813,6,2171,1
20240813,6,2172,2
20240813,6,2178,5
20240813,6,2179,12
20240813,6,2185,19
20240813,6,2186,6
20240813,6,2191,26
20240813,6,2198,17
20240813,6,2199,9
20240813,6,3310,11
20240813,6,3311,9
20240813,6,3802,11
20240813,7,2111,15
20240813,7,2112,12
20240813,7,2116,16
20240813,7,2122,25
20240813,7,2128,0
20240813,7,2129,0
20240813,7,2130,7
20240813,7,2139,5
20240813,7,2143,25
20240813,7,2148,8
20240813,7,2159,2
20240813,7,2171,4
20240813,7,2172,2
20240813,7,2178,5
20240813,7,2179,8
20240813,7,2185,18
20240813,7,2186,2
20240813,7,2191,26
20240813,7,2198,17
20240813,7,2199,9
20240813,7,3310,8
20240813,7,3311,16
20240813,7,3802,4
20240813,8,2111,14
20240813,8,2112,13
20240813,8,2116,17
20240813,8,2122,27
20240813,8,2128,0
20240813,8,2129,0
20240813,8,2130,7
20240813,8,2139,0
20240813,8,2143,26
20240813,8,2148,9
20240813,8,2159,1
20240813,8,2171,6
20240813,8,2172,2
20240813,8,2178,5
20240813,8,2179,10
20240813,8,2185,16
20240813,8,2186,2
20240813,8,2191,26
20240813,8,2198,15
20240813,8,2199,9
20240813,8,3310,4
20240813,8,3311,20
20240813,8,3802,5
20240813,9,2111,14
20240813,9,2112,14
20240813,9,2116,18
20240813,9,2122,30
20240813,9,2128,0
20240813,9,2129,1
20240813,9,2130,7
20240813,9,2139,1
20240813,9,2143,25
20240813,9,2148,8
20240813,9,2159,1
20240813,9,2171,4
20240813,9,2172,0
20240813,9,2178,4
20240813,9,2179,13
20240813,9,2185,15
20240813,9,2186,1
20240813,9,2191,26
20240813,9,2198,15
20240813,9,2199,9
20240813,9,3310,4
20240813,9,3311,24
20240813,9,3802,4
20240813,10,2111,15
20240813,10,2112,16
20240813,10,2116,18
20240813,10,2122,29
20240813,10,2128,2
20240813,10,2129,1
20240813,10,2130,7
20240813,10,2139,1
20240813,10,2143,22
20240813,10,2148,10
20240813,10,2159,1
20240813,10,2171,6
20240813,10,2172,0
20240813,10,2178,20
20240813,10,2179,12
20240813,10,2185,16
20240813,10,2186,0
20240813,10,2191,24
20240813,10,2198,14
20240813,10,2199,9
20240813,10,3310,3
20240813,10,3311,25
20240813,10,3802,3
20240813,11,2111,15
20240813,11,2112,14
20240813,11,2116,19
20240813,11,2122,30
20240813,11,2128,3
20240813,11,2129,0
20240813,11,2130,7
20240813,11,2139,1
20240813,11,2143,21
20240813,11,2148,10
20240813,11,2159,1
20240813,11,2171,8
20240813,11,2172,1
20240813,11,2178,20
20240813,11,2179,9
20240813,11,2185,15
20240813,11,2186,1
20240813,11,2191,23
20240813,11,2198,13
20240813,11,2199,9
20240813,11,3310,1
20240813,11,3311,28
20240813,11,3802,5
20240813,12,2111,17
20240813,12,2112,16
20240813,12,2116,20
20240813,12,2122,29
20240813,12,2128,4
20240813,12,2129,0
20240813,12,2130,8
20240813,12,2139,1
20240813,12,2143,21
20240813,12,2148,9
20240813,12,2159,1
20240813,12,2171,10
20240813,12,2172,3
20240813,12,2178,17
20240813,12,2179,10
20240813,12,2185,15
20240813,12,2186,0
20240813,12,2191,23
20240813,12,2198,12
20240813,12,2199,9
20240813,12,3310,0
20240813,12,3311,27
20240813,12,3802,3
20240813,13,2111,21
20240813,13,2112,20
20240813,13,2116,20
20240813,13,2122,29
20240813,13,2128,4
20240813,13,2129,1
20240813,13,2130,7
20240813,13,2139,1
20240813,13,2143,20
20240813,13,2148,7
20240813,13,2159,1
20240813,13,2171,9
20240813,13,2172,3
20240813,13,2178,18
20240813,13,2179,10
20240813,13,2185,16
20240813,13,2186,0
20240813,13,2191,21
20240813,13,2198,15
20240813,13,2199,9
20240813,13,3310,0
20240813,13,3311,26
20240813,13,3802,3
20240813,14,2111,23
20240813,14,2112,20
20240813,14,2116,21
20240813,14,2122,28
20240813,14,2128,4
20240813,14,2129,1
20240813,14,2130,7
20240813,14,2139,1
20240813,14,2143,20
20240813,14,2148,7
20240813,14,2159,1
20240813,14,2171,9
20240813,14,2172,2
20240813,14,2178,19
20240813,14,2179,10
20240813,14,2185,16
20240813,14,2186,0
20240813,14,2191,23
20240813,14,2198,15
20240813,14,2199,9
20240813,14,3310,0
20240813,14,3311,26
20240813,14,3802,3
20240813,15,2111,21
20240813,15,2112,22
20240813,15,2116,21
20240813,15,2122,27
20240813,15,2128,5
20240813,15,2129,0
20240813,15,2130,5
20240813,15,2139,1
20240813,15,2143,19
20240813,15,2148,10
20240813,15,2159,1
20240813,15,2171,10
20240813,15,2172,2
20240813,15,2178,18
20240813,15,2179,10
20240813,15,2185,17
20240813,15,2186,0
20240813,15,2191,23
20240813,15,2198,17
20240813,15,2199,9
20240813,15,3310,0
20240813,15,3311,25
20240813,15,3802,3
20240813,16,2111,21
20240813,16,2112,22
20240813,16,2116,22
20240813,16,2122,28
20240813,16,2128,5
20240813,16,2129,0
20240813,16,2130,4
20240813,16,2139,1
20240813,16,2143,19
20240813,16,2148,11
20240813,16,2159,4
20240813,16,2171,10
20240813,16,2172,2
20240813,16,2178,17
20240813,16,2179,10
20240813,16,2185,18
20240813,16,2186,0
20240813,16,2191,24
20240813,16,2198,16
20240813,16,2199,9
20240813,16,3310,0
20240813,16,3311,23
20240813,16,3802,4
20240813,17,2111,20
20240813,17,2112,23
20240813,17,2116,21
20240813,17,2122,27
20240813,17,2128,4
20240813,17,2129,0
20240813,17,2130,4
20240813,17,2139,1
20240813,17,2143,19
20240813,17,2148,7
20240813,17,2159,4
20240813,17,2171,10
20240813,17,2172,0
20240813,17,2178,16
20240813,17,2179,9
20240813,17,2185,17
20240813,17,2186,0
20240813,17,2191,24
20240813,17,2198,17
20240813,17,2199,9
20240813,17,3310,0
20240813,17,3311,20
20240813,17,3802,4
20240813,18,2111,21
20240813,18,2112,23
20240813,18,2116,21
20240813,18,2122,27
20240813,18,2128,4
20240813,18,2129,0
20240813,18,2130,4
20240813,18,2139,2
20240813,18,2143,20
20240813,18,2148,7
20240813,18,2159,4
20240813,18,2171,10
20240813,18,2172,0
20240813,18,2178,15
20240813,18,2179,9
20240813,18,2185,20
20240813,18,2186,0
20240813,18,2191,26
20240813,18,2198,19
20240813,18,2199,9
20240813,18,3310,0
20240813,18,3311,20
20240813,18,3802,4
20240813,19,2111,19
20240813,19,2112,24
20240813,19,2116,20
20240813,19,2122,27
20240813,19,2128,3
20240813,19,2129,0
20240813,19,2130,4
20240813,19,2139,3
20240813,19,2143,18
20240813,19,2148,7
20240813,19,2159,5
20240813,19,2171,9
20240813,19,2172,0
20240813,19,2178,14
20240813,19,2179,9
20240813,19,2185,20
20240813,19,2186,0
20240813,19,2191,26
20240813,19,2198,17
20240813,19,2199,9
20240813,19,3310,0
20240813,19,3311,20
20240813,19,3802,4
20240813,20,2111,17
20240813,20,2112,20
20240813,20,2116,20
20240813,20,2122,28
20240813,20,2128,3
20240813,20,2129,0
20240813,20,2130,3
20240813,20,2139,2
20240813,20,2143,18
20240813,20,2148,8
20240813,20,2159,5
20240813,20,2171,2
20240813,20,2172,0
20240813,20,2178,13
20240813,20,2179,9
20240813,20,2185,20
20240813,20,2186,0
20240813,20,2191,27
20240813,20,2198,16
20240813,20,2199,8
20240813,20,3310,0
20240813,20,3311,18
20240813,20,3802,8
20240813,21,2111,16
20240813,21,2112,18
20240813,21,2116,18
20240813,21,2122,28
20240813,21,2128,2
20240813,21,2129,0
20240813,21,2130,3
20240813,21,2139,2
20240813,21,2143,19
20240813,21,2148,8
20240813,21,2159,5
20240813,21,2171,0
20240813,21,2172,1
20240813,21,2178,11
20240813,21,2179,9
20240813,21,2185,21
20240813,21,2186,2
20240813,21,2191,26
20240813,21,2198,14
20240813,21,2199,8
20240813,21,3310,0
20240813,21,3311,16
20240813,21,3802,4
20240813,22,2111,16
20240813,22,2112,21
20240813,22,2116,17
20240813,22,2122,27
20240813,22,2128,2
20240813,22,2129,0
20240813,22,2130,3
20240813,22,2139,1
20240813,22,2143,19
20240813,22,2148,5
20240813,22,2159,6
20240813,22,2171,1
20240813,22,2172,2
20240813,22,2178,10
20240813,22,2179,14
20240813,22,2185,21
20240813,22,2186,2
20240813,22,2191,27
20240813,22,2198,14
20240813,22,2199,8
20240813,22,3310,0
20240813,22,3311,11
20240813,22,3802,2
20240813,23,2111,16
20240813,23,2112,16
20240813,23,2116,16
20240813,23,2122,27
20240813,23,2128,1
20240813,23,2129,0
20240813,23,2130,3
20240813,23,2139,0
20240813,23,2143,19
20240813,23,2148,6
20240813,23,2159,6
20240813,23,2171,0
20240813,23,2172,2
20240813,23,2178,9
20240813,23,2179,17
20240813,23,2185,21
20240813,23,2186,3
20240813,23,2191,27
20240813,23,2198,13
20240813,23,2199,8
20240813,23,3310,0
20240813,23,3311,11
20240813,23,3802,2
20240814,0,2111,13
20240814,0,2112,16
20240814,0,2116,15
20240814,0,2122,27
20240814,0,2128,0
20240814,0,2129,1
20240814,0,2130,3
20240814,0,2139,0
20240814,0,2143,19
20240814,0,2148,6
20240814,0,2159,6
20240814,0,2171,0
20240814,0,2172,4
20240814,0,2178,8
20240814,0,2179,16
20240814,0,2185,21
20240814,0,2186,2
20240814,0,2191,26
20240814,0,2198,15
20240814,0,2199,8
20240814,0,3310,0
20240814,0,3311,9
20240814,0,3802,2
20240814,1,2111,13
20240814,1,2112,16
20240814,1,2116,13
20240814,1,2122,27
20240814,1,2128,0
20240814,1,2129,1
20240814,1,2130,3
20240814,1,2139,1
20240814,1,2143,20
20240814,1,2148,6
20240814,1,2159,7
20240814,1,2171,1
20240814,1,2172,4
20240814,1,2178,9
20240814,1,2179,16
20240814,1,2185,21
20240814,1,2186,1
20240814,1,2191,27
20240814,1,2198,14
20240814,1,2199,7
20240814,1,3310,0
20240814,1,3311,9
20240814,1,3802,2
20240814,2,2111,15
20240814,2,2112,18
20240814,2,2116,13
20240814,2,2122,27
20240814,2,2128,0
20240814,2,2129,1
20240814,2,2130,3
20240814,2,2139,3
20240814,2,2143,22
20240814,2,2148,6
20240814,2,2159,7
20240814,2,2171,1
20240814,2,2172,4
20240814,2,2178,9
20240814,2,2179,15
20240814,2,2185,21
20240814,2,2186,1
20240814,2,2191,29
20240814,2,2198,14
20240814,2,2199,6
20240814,2,3310,0
20240814,2,3311,10
20240814,2,3802,2
20240814,3,2111,15
20240814,3,2112,17
20240814,3,2116,13
20240814,3,2122,27
20240814,3,2128,0
20240814,3,2129,1
20240814,3,2130,3
20240814,3,2139,4
20240814,3,2143,22
20240814,3,2148,6
20240814,3,2159,7
20240814,3,2171,3
20240814,3,2172,4
20240814,3,2178,9
20240814,3,2179,15
20240814,3,2185,22
20240814,3,2186,0
20240814,3,2191,29
20240814,3,2198,14
20240814,3,2199,7
20240814,3,3310,0
20240814,3,3311,9
20240814,3,3802,2
20240814,4,2111,15
20240814,4,2112,16
20240814,4,2116,16
20240814,4,2122,27
20240814,4,2128,0
20240814,4,2129,1
20240814,4,2130,3
20240814,4,2139,5
20240814,4,2143,21
20240814,4,2148,6
20240814,4,2159,7
20240814,4,2171,3
20240814,4,2172,4
20240814,4,2178,9
20240814,4,2179,16
20240814,4,2185,22
20240814,4,2186,0
20240814,4,2191,29
20240814,4,2198,14
20240814,4,2199,7
20240814,4,3310,0
20240814,4,3311,9
20240814,4,3802,2
20240814,5,2111,16
20240814,5,2112,17
20240814,5,2116,14
20240814,5,2122,26
20240814,5,2128,0
20240814,5,2129,1
20240814,5,2130,3
20240814,5,2139,4
20240814,5,2143,21
20240814,5,2148,6
20240814,5,2159,7
20240814,5,2171,3
20240814,5,2172,4
20240814,5,2178,10
20240814,5,2179,16
20240814,5,2185,22
20240814,5,2186,1
20240814,5,2191,29
20240814,5,2198,12
20240814,5,2199,8
20240814,5,3310,0
20240814,5,3311,9
20240814,5,3802,2
20240814,6,2111,18
20240814,6,2112,15
20240814,6,2116,13
20240814,6,2122,25
20240814,6,2128,0
20240814,6,2129,1
20240814,6,2130,3
20240814,6,2139,3
20240814,6,2143,21
20240814,6,2148,6
20240814,6,2159,8
20240814,6,2171,4
20240814,6,2172,5
20240814,6,2178,10
20240814,6,2179,15
20240814,6,2185,22
20240814,6,2186,0
20240814,6,2191,28
20240814,6,2198,10
20240814,6,2199,8
20240814,6,3310,0
20240814,6,3311,10
20240814,6,3802,7
20240814,7,2111,21
20240814,7,2112,16
20240814,7,2116,14
20240814,7,2122,25
20240814,7,2128,0
20240814,7,2129,1
20240814,7,2130,3
20240814,7,2139,1
20240814,7,2143,19
20240814,7,2148,7
20240814,7,2159,8
20240814,7,2171,4
20240814,7,2172,4
20240814,7,2178,10
20240814,7,2179,14
20240814,7,2185,21
20240814,7,2186,0
20240814,7,2191,27
20240814,7,2198,10
20240814,7,2199,9
20240814,7,3310,0
20240814,7,3311,11
20240814,7,3802,2
20240814,8,2111,20
20240814,8,2112,16
20240814,8,2116,15
20240814,8,2122,26
20240814,8,2128,0
20240814,8,2129,1
20240814,8,2130,4
20240814,8,2139,0
20240814,8,2143,18
20240814,8,2148,8
20240814,8,2159,8
20240814,8,2171,6
20240814,8,2172,3
20240814,8,2178,14
20240814,8,2179,16
20240814,8,2185,21
20240814,8,2186,0
20240814,8,2191,23
20240814,8,2198,6
20240814,8,2199,8
20240814,8,3310,0
20240814,8,3311,13
20240814,8,3802,2
20240814,9,2111,19
20240814,9,2112,15
20240814,9,2116,16
20240814,9,2122,26
20240814,9,2128,1
20240814,9,2129,1
20240814,9,2130,4
20240814,9,2139,1
20240814,9,2143,18
20240814,9,2148,9
20240814,9,2159,7
20240814,9,2171,6
20240814,9,2172,3
20240814,9,2178,14
20240814,9,2179,13
20240814,9,2185,21
20240814,9,2186,0
20240814,9,2191,23
20240814,9,2198,6
20240814,9,2199,8
20240814,9,3310,12
20240814,9,3311,16
20240814,9,3802,3
20240814,10,2111,20
20240814,10,2112,15
20240814,10,2116,20
20240814,10,2122,25
20240814,10,2128,1
20240814,10,2129,1
20240814,10,2130,3
20240814,10,2139,1
20240814,10,2143,17
20240814,10,2148,12
20240814,10,2159,5
20240814,10,2171,7
20240814,10,2172,4
20240814,10,2178,15
20240814,10,2179,12
20240814,10,2185,21
20240814,10,2186,0
20240814,10,2191,24
20240814,10,2198,6
20240814,10,2199,8
20240814,10,3310,11
20240814,10,3311,19
20240814,10,3802,1
20240814,11,2111,21
20240814,11,2112,16
20240814,11,2116,19
20240814,11,2122,25
20240814,11,2128,1
20240814,11,2129,0
20240814,11,2130,3
20240814,11,2139,2
20240814,11,2143,17
20240814,11,2148,12
20240814,11,2159,5
20240814,11,2171,7
20240814,11,2172,3
20240814,11,2178,15
20240814,11,2179,12
20240814,11,2185,21
20240814,11,2186,0
20240814,11,2191,25
20240814,11,2198,7
20240814,11,2199,7
20240814,11,3310,10
20240814,11,3311,19
20240814,11,3802,1
20240814,12,2111,22
20240814,12,2112,17
20240814,12,2116,19
20240814,12,2122,25
20240814,12,2128,1
20240814,12,2129,0
20240814,12,2130,3
20240814,12,2139,2
20240814,12,2143,17
20240814,12,2148,13
20240814,12,2159,5
20240814,12,2171,7
20240814,12,2172,4
20240814,12,2178,13
20240814,12,2179,12
20240814,12,2185,21
20240814,12,2186,0
20240814,12,2191,25
20240814,12,2198,6
20240814,12,2199,7
20240814,12,3310,11
20240814,12,3311,20
20240814,12,3802,3
20240814,13,2111,18
20240814,13,2112,19
20240814,13,2116,20
20240814,13,2122,25
20240814,13,2128,2
20240814,13,2129,0
20240814,13,2130,3
20240814,13,2139,3
20240814,13,2143,17
20240814,13,2148,11
20240814,13,2159,5
20240814,13,2171,6
20240814,13,2172,5
20240814,13,2178,12
20240814,13,2179,13
20240814,13,2185,21
20240814,13,2186,0
20240814,13,2191,25
20240814,13,2198,6
20240814,13,2199,7
20240814,13,3310,10
20240814,13,3311,20
20240814,13,3802,5
20240814,14,2111,17
20240814,14,2112,19
20240814,14,2116,20
20240814,14,2122,27
20240814,14,2128,3
20240814,14,2129,0
20240814,14,2130,3
20240814,14,2139,4
20240814,14,2143,16
20240814,14,2148,10
20240814,14,2159,5
20240814,14,2171,6
20240814,14,2172,6
20240814,14,2178,10
20240814,14,2179,12
20240814,14,2185,21
20240814,14,2186,0
20240814,14,2191,24
20240814,14,2198,6
20240814,14,2199,7
20240814,14,3310,10
20240814,14,3311,19
20240814,14,3802,4
20240814,15,2111,19
20240814,15,2112,20
20240814,15,2116,20
20240814,15,2122,27
20240814,15,2128,4
20240814,15,2129,0
20240814,15,2130,2
20240814,15,2139,5
20240814,15,2143,16
20240814,15,2148,9
20240814,15,2159,5
20240814,15,2171,7
20240814,15,2172,7
20240814,15,2178,10
20240814,15,2179,12
20240814,15,2185,20
20240814,15,2186,0
20240814,15,2191,24
20240814,15,2198,7
20240814,15,2199,7
20240814,15,3310,8
20240814,15,3311,19
20240814,15,3802,4
20240814,16,2111,16
20240814,16,2112,21
20240814,16,2116,20
20240814,16,2122,27
20240814,16,2128,4
20240814,16,2129,0
20240814,16,2130,2
20240814,16,2139,5
20240814,16,2143,16
20240814,16,2148,10
20240814,16,2159,6
20240814,16,2171,7
20240814,16,2172,8
20240814,16,2178,11
20240814,16,2179,12
20240814,16,2185,20
20240814,16,2186,0
20240814,16,2191,24
20240814,16,2198,7
20240814,16,2199,7
20240814,16,3310,4
20240814,16,3311,13
20240814,16,3802,4
20240814,17,2111,16
20240814,17,2112,20
20240814,17,2116,20
20240814,17,2122,26
20240814,17,2128,3
20240814,17,2129,0
20240814,17,2130,0
20240814,17,2139,5
20240814,17,2143,16
20240814,17,2148,10
20240814,17,2159,6
20240814,17,2171,5
20240814,17,2172,7
20240814,17,2178,7
20240814,17,2179,12
20240814,17,2185,20
20240814,17,2186,0
20240814,17,2191,24
20240814,17,2198,5
20240814,17,2199,7
20240814,17,3310,4
20240814,17,3311,10
20240814,17,3802,4
20240814,18,2111,18
20240814,18,2112,16
20240814,18,2116,20
20240814,18,2122,26
20240814,18,2128,1
20240814,18,2129,0
20240814,18,2130,0
20240814,18,2139,5
20240814,18,2143,18
20240814,18,2148,7
20240814,18,2159,5
20240814,18,2171,4
20240814,18,2172,4
20240814,18,2178,4
20240814,18,2179,11
20240814,18,2185,20
20240814,18,2186,0
20240814,18,2191,23
20240814,18,2198,9
20240814,18,2199,7
20240814,18,3310,2
20240814,18,3311,9
20240814,18,3802,4
20240814,19,2111,18
20240814,19,2112,21
20240814,19,2116,20
20240814,19,2122,24
20240814,19,2128,1
20240814,19,2129,0
20240814,19,2130,0
20240814,19,2139,7
20240814,19,2143,20
20240814,19,2148,3
20240814,19,2159,5
20240814,19,2171,7
20240814,19,2172,4
20240814,19,2178,2
20240814,19,2179,10
20240814,19,2185,23
20240814,19,2186,1
20240814,19,2191,22
20240814,19,2198,13
20240814,19,2199,7
20240814,19,3310,0
20240814,19,3311,10
20240814,19,3802,5
20240814,20,2111,17
20240814,20,2112,18
20240814,20,2116,21
20240814,20,2122,24
20240814,20,2128,1
20240814,20,2129,14
20240814,20,2130,0
20240814,20,2139,7
20240814,20,2143,20
20240814,20,2148,3
20240814,20,2159,6
20240814,20,2171,5
20240814,20,2172,1
20240814,20,2178,2
20240814,20,2179,10
20240814,20,2185,26
20240814,20,2186,1
20240814,20,2191,24
20240814,20,2198,11
20240814,20,2199,7
20240814,20,3310,0
20240814,20,3311,10
20240814,20,3802,5
20240814,21,2111,17
20240814,21,2112,18
20240814,21,2116,18
20240814,21,2122,25
20240814,21,2128,1
20240814,21,2129,15
20240814,21,2130,0
20240814,21,2139,6
20240814,21,2143,18
20240814,21,2148,3
20240814,21,2159,6
20240814,21,2171,4
20240814,21,2172,1
20240814,21,2178,2
20240814,21,2179,10
20240814,21,2185,24
20240814,21,2186,1
20240814,21,2191,25
20240814,21,2198,12
20240814,21,2199,7
20240814,21,3310,1
20240814,21,3311,10
20240814,21,3802,1
20240814,22,2111,16
20240814,22,2112,17
20240814,22,2116,15
20240814,22,2122,25
20240814,22,2128,0
20240814,22,2129,15
20240814,22,2130,0
20240814,22,2139,7
20240814,22,2143,18
20240814,22,2148,2
20240814,22,2159,6
20240814,22,2171,6
20240814,22,2172,0
20240814,22,2178,2
20240814,22,2179,7
20240814,22,2185,24
20240814,22,2186,2
20240814,22,2191,27
20240814,22,2198,11
20240814,22,2199,7
20240814,22,3310,1
20240814,22,3311,9
20240814,22,3802,1
20240814,23,2111,16
20240814,23,2112,18
20240814,23,2116,15
20240814,23,2122,27
20240814,23,2128,0
20240814,23,2129,14
20240814,23,2130,0
20240814,23,2139,9
20240814,23,2143,18
20240814,23,2148,3
20240814,23,2159,6
20240814,23,2171,5
20240814,23,2172,0
20240814,23,2178,2
20240814,23,2179,6
20240814,23,2185,24
20240814,23,2186,3
20240814,23,2191,29
20240814,23,2198,10
20240814,23,2199,8
20240814,23,3310,1
20240814,23,3311,8
20240814,23,3802,1
20240815,0,2111,15
20240815,0,2112,18
20240815,0,2116,15
20240815,0,2122,26
20240815,0,2128,0
20240815,0,2129,14
20240815,0,2130,0
20240815,0,2139,9
20240815,0,2143,19
20240815,0,2148,3
20240815,0,2159,6
20240815,0,2171,3
20240815,0,2172,0
20240815,0,2178,2
20240815,0,2179,9
20240815,0,2185,25
20240815,0,2186,2
20240815,0,2191,30
20240815,0,2198,10
20240815,0,2199,9
20240815,0,3310,2
20240815,0,3311,8
20240815,0,3802,3
20240815,1,2111,16
20240815,1,2112,19
20240815,1,2116,15
20240815,1,2122,29
20240815,1,2128,0
20240815,1,2129,14
20240815,1,2130,0
20240815,1,2139,8
20240815,1,2143,19
20240815,1,2148,3
20240815,1,2159,7
20240815,1,2171,3
20240815,1,2172,0
20240815,1,2178,2
20240815,1,2179,8
20240815,1,2185,24
20240815,1,2186,2
20240815,1,2191,32
20240815,1,2198,11
20240815,1,2199,9
20240815,1,3310,2
20240815,1,3311,7
20240815,1,3802,3
20240815,2,2111,16
20240815,2,2112,20
20240815,2,2116,16
20240815,2,2122,29
20240815,2,2128,0
20240815,2,2129,14
20240815,2,2130,0
20240815,2,2139,9
20240815,2,2143,19
20240815,2,2148,1
20240815,2,2159,7
20240815,2,2171,3
20240815,2,2172,0
20240815,2,2178,2
20240815,2,2179,7
20240815,2,2185,24
20240815,2,2186,2
20240815,2,2191,33
20240815,2,2198,11
20240815,2,2199,8
20240815,2,3310,2
20240815,2,3311,7
20240815,2,3802,3
20240815,3,2111,14
20240815,3,2112,20
20240815,3,2116,15
20240815,3,2122,28
20240815,3,2128,0
20240815,3,2129,14
20240815,3,2130,0
20240815,3,2139,12
20240815,3,2143,19
20240815,3,2148,1
20240815,3,2159,7
20240815,3,2171,2
20240815,3,2172,0
20240815,3,2178,1
20240815,3,2179,7
20240815,3,2185,24
20240815,3,2186,2
20240815,3,2191,32
20240815,3,2198,12
20240815,3,2199,8
20240815,3,3310,1
20240815,3,3311,7
20240815,3,3802,3
20240815,4,2111,15
20240815,4,2112,21
20240815,4,2116,15
20240815,4,2122,27
20240815,4,2128,0
20240815,4,2129,14
20240815,4,2130,0
20240815,4,2139,12
20240815,4,2143,20
20240815,4,2148,1
20240815,4,2159,7
20240815,4,2171,2
20240815,4,2172,0
20240815,4,2178,1
20240815,4,2179,7
20240815,4,2185,24
20240815,4,2186,3
20240815,4,2191,32
20240815,4,2198,11
20240815,4,2199,9
20240815,4,3310,1
20240815,4,3311,7
20240815,4,3802,3
20240815,5,2111,15
20240815,5,2112,20
20240815,5,2116,15
20240815,5,2122,27
20240815,5,2128,0
20240815,5,2129,13
20240815,5,2130,0
20240815,5,2139,12
20240815,5,2143,20
20240815,5,2148,2
20240815,5,2159,6
20240815,5,2171,3
20240815,5,2172,0
20240815,5,2178,2
20240815,5,2179,8
20240815,5,2185,25
20240815,5,2186,4
20240815,5,2191,32
20240815,5,2198,11
20240815,5,2199,8
20240815,5,3310,0
20240815,5,3311,7
20240815,5,3802,3
20240815,6,2111,16
20240815,6,2112,20
20240815,6,2116,15
20240815,6,2122,27
20240815,6,2128,0
20240815,6,2129,12
20240815,6,2130,0
20240815,6,2139,12
20240815,6,2143,20
20240815,6,2148,2
20240815,6,2159,6
20240815,6,2171,3
20240815,6,2172,1
20240815,6,2178,2
20240815,6,2179,8
20240815,6,2185,25
20240815,6,2186,4
20240815,6,2191,33
20240815,6,2198,11
20240815,6,2199,8
20240815,6,3310,0
20240815,6,3311,7
20240815,6,3802,3
20240815,7,2111,16
20240815,7,2112,19
20240815,7,2116,18
20240815,7,2122,27
20240815,7,2128,0
20240815,7,2129,12
20240815,7,2130,1
20240815,7,2139,11
20240815,7,2143,19
20240815,7,2148,2
20240815,7,2159,6
20240815,7,2171,3
20240815,7,2172,1
20240815,7,2178,2
20240815,7,2179,10
20240815,7,2185,25
20240815,7,2186,3
20240815,7,2191,32
20240815,7,2198,12
20240815,7,2199,8
20240815,7,3310,0
20240815,7,3311,7
20240815,7,3802,3
20240815,8,2111,16
20240815,8,2112,19
20240815,8,2116,18
20240815,8,2122,28
20240815,8,2128,0
20240815,8,2129,11
20240815,8,2130,2
20240815,8,2139,11
20240815,8,2143,19
20240815,8,2148,2
20240815,8,2159,5
20240815,8,2171,2
20240815,8,2172,2
20240815,8,2178,2
20240815,8,2179,12
20240815,8,2185,25
20240815,8,2186,2
20240815,8,2191,32
20240815,8,2198,12
20240815,8,2199,8
20240815,8,3310,0
20240815,8,3311,9
20240815,8,3802,4
20240815,9,2111,14
20240815,9,2112,20
20240815,9,2116,18
20240815,9,2122,27
20240815,9,2128,0
20240815,9,2129,12
20240815,9,2130,2
20240815,9,2139,12
20240815,9,2143,20
20240815,9,2148,4
20240815,9,2159,4
20240815,9,2171,2
20240815,9,2172,2
20240815,9,2178,2
20240815,9,2179,12
20240815,9,2185,23
20240815,9,2186,3
20240815,9,2191,29
20240815,9,2198,11
20240815,9,2199,9
20240815,9,3310,0
20240815,9,3311,10
20240815,9,3802,4
20240815,10,2111,13
20240815,10,2112,20
20240815,10,2116,19
20240815,10,2122,27
20240815,10,2128,0
20240815,10,2129,11
20240815,10,2130,2
20240815,10,2139,11
20240815,10,2143,19
20240815,10,2148,4
20240815,10,2159,5
20240815,10,2171,2
20240815,10,2172,4
20240815,10,2178,2
20240815,10,2179,9
20240815,10,2185,23
20240815,10,2186,2
20240815,10,2191,27
20240815,10,2198,10
20240815,10,2199,10
20240815,10,3310,0
20240815,10,3311,11
20240815,10,3802,3
20240815,11,2111,14
20240815,11,2112,22
20240815,11,2116,21
20240815,11,2122,28
20240815,11,2128,0
20240815,11,2129,11
20240815,11,2130,2
20240815,11,2139,10
20240815,11,2143,18
20240815,11,2148,3
20240815,11,2159,8
20240815,11,2171,3
20240815,11,2172,3
20240815,11,2178,2
20240815,11,2179,7
20240815,11,2185,23
20240815,11,2186,2
20240815,11,2191,27
20240815,11,2198,10
20240815,11,2199,9
20240815,11,3310,0
20240815,11,3311,10
20240815,11,3802,3
20240815,12,2111,13
20240815,12,2112,23
20240815,12,2116,24
20240815,12,2122,26
20240815,12,2128,0
20240815,12,2129,10
20240815,12,2130,2
20240815,12,2139,9
20240815,12,2143,18
20240815,12,2148,3
20240815,12,2159,6
20240815,12,2171,6
20240815,12,2172,3
20240815,12,2178,2
20240815,12,2179,6
20240815,12,2185,22
20240815,12,2186,0
20240815,12,2191,27
20240815,12,2198,10
20240815,12,2199,9
20240815,12,3310,0
20240815,12,3311,9
20240815,12,3802,4
20240815,13,2111,15
20240815,13,2112,23
20240815,13,2116,24
20240815,13,2122,26
20240815,13,2128,1
20240815,13,2129,9
20240815,13,2130,1
20240815,13,2139,8
20240815,13,2143,16
20240815,13,2148,3
20240815,13,2159,5
20240815,13,2171,8
20240815,13,2172,0
20240815,13,2178,0
20240815,13,2179,8
20240815,13,2185,22
20240815,13,2186,2
20240815,13,2191,27
20240815,13,2198,9
20240815,13,2199,11
20240815,13,3310,0
20240815,13,3311,11
20240815,13,3802,5
20240815,14,2111,16
20240815,14,2112,21
20240815,14,2116,23
20240815,14,2122,26
20240815,14,2128,1
20240815,14,2129,8
20240815,14,2130,0
20240815,14,2139,7
20240815,14,2143,16
20240815,14,2148,2
20240815,14,2159,5
20240815,14,2171,9
20240815,14,2172,0
20240815,14,2178,0
20240815,14,2179,8
20240815,14,2185,23
20240815,14,2186,3
20240815,14,2191,26
20240815,14,2198,8
20240815,14,2199,10
20240815,14,3310,0
20240815,14,3311,11
20240815,14,3802,6
20240815,15,2111,19
20240815,15,2112,19
20240815,15,2116,20
20240815,15,2122,26
20240815,15,2128,2
20240815,15,2129,7
20240815,15,2130,0
20240815,15,2139,5
20240815,15,2143,17
20240815,15,2148,3
20240815,15,2159,6
20240815,15,2171,6
20240815,15,2172,0
20240815,15,2178,2
20240815,15,2179,8
20240815,15,2185,23
20240815,15,2186,5
20240815,15,2191,23
20240815,15,2198,10
20240815,15,2199,9
20240815,15,3310,0
20240815,15,3311,9
20240815,15,3802,6
20240815,16,2111,16
20240815,16,2112,18
20240815,16,2116,17
20240815,16,2122,26
20240815,16,2128,3
20240815,16,2129,6
20240815,16,2130,1
20240815,16,2139,5
20240815,16,2143,13
20240815,16,2148,2
20240815,16,2159,6
20240815,16,2171,4
20240815,16,2172,1
20240815,16,2178,1
20240815,16,2179,9
20240815,16,2185,22
20240815,16,2186,5
20240815,16,2191,22
20240815,16,2198,11
20240815,16,2199,9
20240815,16,3310,0
20240815,16,3311,6
20240815,16,3802,6
20240815,17,2111,16
20240815,17,2112,18
20240815,17,2116,17
20240815,17,2122,26
20240815,17,2128,1
20240815,17,2129,4
20240815,17,2130,1
20240815,17,2139,4
20240815,17,2143,11
20240815,17,2148,0
20240815,17,2159,4
20240815,17,2171,4
20240815,17,2172,0
20240815,17,2178,1
20240815,17,2179,6
20240815,17,2185,21
20240815,17,2186,4
20240815,17,2191,23
20240815,17,2198,12
20240815,17,2199,9
20240815,17,3310,0
20240815,17,3311,6
20240815,17,3802,5
20240815,18,2111,19
20240815,18,2112,18
20240815,18,2116,16
20240815,18,2122,25
20240815,18,2128,0
20240815,18,2129,4
20240815,18,2130,1
20240815,18,2139,3
20240815,18,2143,8
20240815,18,2148,1
20240815,18,2159,4
20240815,18,2171,7
20240815,18,2172,0
20240815,18,2178,2
20240815,18,2179,6
20240815,18,2185,21
20240815,18,2186,5
20240815,18,2191,25
20240815,18,2198,14
20240815,18,2199,9
20240815,18,3310,0
20240815,18,3311,7
20240815,18,3802,6
20240815,19,2111,19
20240815,19,2112,20
20240815,19,2116,15
20240815,19,2122,23
20240815,19,2128,1
20240815,19,2129,2
20240815,19,2130,1
20240815,19,2139,2
20240815,19,2143,5
20240815,19,2148,0
20240815,19,2159,4
20240815,19,2171,4
20240815,19,2172,0
20240815,19,2178,3
20240815,19,2179,5
20240815,19,2185,22
20240815,19,2186,5
20240815,19,2191,25
20240815,19,2198,14
20240815,19,2199,9
20240815,19,3310,0
20240815,19,3311,6
20240815,19,3802,7
20240815,20,2111,18
20240815,20,2112,17
20240815,20,2116,14
20240815,20,2122,21
20240815,20,2128,0
20240815,20,2129,2
20240815,20,2130,1
20240815,20,2139,1
20240815,20,2143,4
20240815,20,2148,0
20240815,20,2159,4
20240815,20,2171,4
20240815,20,2172,0
20240815,20,2178,3
20240815,20,2179,6
20240815,20,2185,23
20240815,20,2186,2
20240815,20,2191,25
20240815,20,2198,15
20240815,20,2199,8
20240815,20,3310,0
20240815,20,3311,6
20240815,20,3802,6
20240815,21,2111,18
20240815,21,2112,18
20240815,21,2116,17
20240815,21,2122,22
20240815,21,2128,1
20240815,21,2129,2
20240815,21,2130,1
20240815,21,2139,1
20240815,21,2143,3
20240815,21,2148,1
20240815,21,2159,3
20240815,21,2171,4
20240815,21,2172,0
20240815,21,2178,1
20240815,21,2179,6
20240815,21,2185,24
20240815,21,2186,2
20240815,21,2191,21
20240815,21,2198,18
20240815,21,2199,8
20240815,21,3310,0
20240815,21,3311,5
20240815,21,3802,3
20240815,22,2111,18
20240815,22,2112,20
20240815,22,2116,18
20240815,22,2122,23
20240815,22,2128,1
20240815,22,2129,2
20240815,22,2130,2
20240815,22,2139,2
20240815,22,2143,3
20240815,22,2148,0
20240815,22,2159,2
20240815,22,2171,4
20240815,22,2172,1
20240815,22,2178,0
20240815,22,2179,8
20240815,22,2185,28
20240815,22,2186,3
20240815,22,2191,21
20240815,22,2198,14
20240815,22,2199,8
20240815,22,3310,0
20240815,22,3311,2
20240815,22,3802,3
20240815,23,2111,16
20240815,23,2112,19
20240815,23,2116,18
20240815,23,2122,22
20240815,23,2128,1
20240815,23,2129,2
20240815,23,2130,2
20240815,23,2139,3
20240815,23,2143,3
20240815,23,2148,1
20240815,23,2159,2
20240815,23,2171,5
20240815,23,2172,1
20240815,23,2178,0
20240815,23,2179,10
20240815,23,2185,27
20240815,23,2186,2
20240815,23,2191,19
20240815,23,2198,14
20240815,23,2199,6
20240815,23,3310,0
20240815,23,3311,1
20240815,23,3802,3
20240816,0,2111,16
20240816,0,2112,18
20240816,0,2116,15
20240816,0,2122,22
20240816,0,2128,1
20240816,0,2129,2
20240816,0,2130,2
20240816,0,2139,1
20240816,0,2143,6
20240816,0,2148,0
20240816,0,2159,2
20240816,0,2171,0
20240816,0,2172,1
20240816,0,2178,0
20240816,0,2179,10
20240816,0,2185,27
20240816,0,2186,5
20240816,0,2191,21
20240816,0,2198,15
20240816,0,2199,6
20240816,0,3310,0
20240816,0,3311,0
20240816,0,3802,3
20240816,1,2111,15
20240816,1,2112,18
20240816,1,2116,14
20240816,1,2122,22
20240816,1,2128,1
20240816,1,2129,2
20240816,1,2130,2
20240816,1,2139,3
20240816,1,2143,6
20240816,1,2148,0
20240816,1,2159,2
20240816,1,2171,0
20240816,1,2172,1
20240816,1,2178,0
20240816,1,2179,11
20240816,1,2185,29
20240816,1,2186,5
20240816,1,2191,23
20240816,1,2198,14
20240816,1,2199,8
20240816,1,3310,0
20240816,1,3311,0
20240816,1,3802,3
20240816,2,2111,15
20240816,2,2112,18
20240816,2,2116,14
20240816,2,2122,23
20240816,2,2128,1
20240816,2,2129,2
20240816,2,2130,2
20240816,2,2139,4
20240816,2,2143,5
20240816,2,2148,0
20240816,2,2159,2
20240816,2,2171,0
20240816,2,2172,1
20240816,2,2178,0
20240816,2,2179,11
20240816,2,2185,28
20240816,2,2186,5
20240816,2,2191,20
20240816,2,2198,13
20240816,2,2199,8
20240816,2,3310,0
20240816,2,3311,0
20240816,2,3802,3
20240816,3,2111,15
20240816,3,2112,18
20240816,3,2116,14
20240816,3,2122,23
20240816,3,2128,1
20240816,3,2129,2
20240816,3,2130,2
20240816,3,2139,3
20240816,3,2143,5
20240816,3,2148,0
20240816,3,2159,2
20240816,3,2171,1
20240816,3,2172,1
20240816,3,2178,0
20240816,3,2179,12
20240816,3,2185,28
20240816,3,2186,5
20240816,3,2191,20
20240816,3,2198,13
20240816,3,2199,8
20240816,3,3310,0
20240816,3,3311,0
20240816,3,3802,3
20240816,4,2111,14
20240816,4,2112,17
20240816,4,2116,15
20240816,4,2122,23
20240816,4,2128,2
20240816,4,2129,2
20240816,4,2130,2
20240816,4,2139,4
20240816,4,2143,6
20240816,4,2148,0
20240816,4,2159,2
20240816,4,2171,0
20240816,4,2172,1
20240816,4,2178,0
20240816,4,2179,15
20240816,4,2185,28
20240816,4,2186,5
20240816,4,2191,22
20240816,4,2198,13
20240816,4,2199,8
20240816,4,3310,0
20240816,4,3311,0
20240816,4,3802,3
20240816,5,2111,14
20240816,5,2112,18
20240816,5,2116,14
20240816,5,2122,22
20240816,5,2128,2
20240816,5,2129,1
20240816,5,2130,2
20240816,5,2139,4
20240816,5,2143,6
20240816,5,2148,1
20240816,5,2159,2
20240816,5,2171,0
20240816,5,2172,1
20240816,5,2178,0
20240816,5,2179,14
20240816,5,2185,29
20240816,5,2186,5
20240816,5,2191,23
20240816,5,2198,14
20240816,5,2199,8
20240816,5,3310,0
20240816,5,3311,0
20240816,5,3802,3
20240816,6,2111,15
20240816,6,2112,18
20240816,6,2116,14
20240816,6,2122,22
20240816,6,2128,2
20240816,6,2129,1
20240816,6,2130,2
20240816,6,2139,4
20240816,6,2143,6
20240816,6,2148,1
20240816,6,2159,2
20240816,6,2171,1
20240816,6,2172,1
20240816,6,2178,0
20240816,6,2179,15
20240816,6,2185,29
20240816,6,2186,5
20240816,6,2191,24
20240816,6,2198,14
20240816,6,2199,8
20240816,6,3310,0
20240816,6,3311,1
20240816,6,3802,6
20240816,7,2111,15
20240816,7,2112,17
20240816,7,2116,16
20240816,7,2122,22
20240816,7,2128,1
20240816,7,2129,2
20240816,7,2130,2
20240816,7,2139,3
20240816,7,2143,6
20240816,7,2148,1
20240816,7,2159,1
20240816,7,2171,2
20240816,7,2172,1
20240816,7,2178,0
20240816,7,2179,15
20240816,7,2185,29
20240816,7,2186,3
20240816,7,2191,23
20240816,7,2198,14
20240816,7,2199,9
20240816,7,3310,0
20240816,7,3311,2
20240816,7,3802,2
20240816,8,2111,14
20240816,8,2112,18
20240816,8,2116,16
20240816,8,2122,24
20240816,8,2128,1
20240816,8,2129,2
20240816,8,2130,3
20240816,8,2139,0
20240816,8,2143,6
20240816,8,2148,1
20240816,8,2159,1
20240816,8,2171,3
20240816,8,2172,2
20240816,8,2178,0
20240816,8,2179,16
20240816,8,2185,29
20240816,8,2186,0
20240816,8,2191,23
20240816,8,2198,14
20240816,8,2199,8
20240816,8,3310,0
20240816,8,3311,4
20240816,8,3802,3
20240816,9,2111,15
20240816,9,2112,17
20240816,9,2116,17
20240816,9,2122,24
20240816,9,2128,1
20240816,9,2129,16
20240816,9,2130,3
20240816,9,2139,0
20240816,9,2143,5
20240816,9,2148,3
20240816,9,2159,1
20240816,9,2171,8
20240816,9,2172,2
20240816,9,2178,0
20240816,9,2179,14
20240816,9,2185,29
20240816,9,2186,1
20240816,9,2191,20
20240816,9,2198,14
20240816,9,2199,8
20240816,9,3310,0
20240816,9,3311,5
20240816,9,3802,0
20240816,10,2111,17
20240816,10,2112,17
20240816,10,2116,18
20240816,10,2122,24
20240816,10,2128,1
20240816,10,2129,15
20240816,10,2130,2
20240816,10,2139,1
20240816,10,2143,5
20240816,10,2148,2
20240816,10,2159,1
20240816,10,2171,7
20240816,10,2172,2
20240816,10,2178,0
20240816,10,2179,12
20240816,10,2185,26
20240816,10,2186,0
20240816,10,2191,21
20240816,10,2198,14
20240816,10,2199,8
20240816,10,3310,0
20240816,10,3311,8
20240816,10,3802,0
20240816,11,2111,19
20240816,11,2112,17
20240816,11,2116,16
20240816,11,2122,21
20240816,11,2128,1
20240816,11,2129,14
20240816,11,2130,2
20240816,11,2139,0
20240816,11,2143,5
20240816,11,2148,5
20240816,11,2159,1
20240816,11,2171,7
20240816,11,2172,1
20240816,11,2178,0
20240816,11,2179,13
20240816,11,2185,27
20240816,11,2186,0
20240816,11,2191,19
20240816,11,2198,12
20240816,11,2199,8
20240816,11,3310,0
20240816,11,3311,10
20240816,11,3802,0
20240816,12,2111,21
20240816,12,2112,17
20240816,12,2116,17
20240816,12,2122,21
20240816,12,2128,1
20240816,12,2129,14
20240816,12,2130,2
20240816,12,2139,0
20240816,12,2143,5
20240816,12,2148,5
20240816,12,2159,1
20240816,12,2171,11
20240816,12,2172,1
20240816,12,2178,0
20240816,12,2179,13
20240816,12,2185,27
20240816,12,2186,1
20240816,12,2191,19
20240816,12,2198,11
20240816,12,2199,8
20240816,12,3310,0
20240816,12,3311,11
20240816,12,3802,3
20240816,13,2111,19
20240816,13,2112,17
20240816,13,2116,17
20240816,13,2122,21
20240816,13,2128,2
20240816,13,2129,14
20240816,13,2130,1
20240816,13,2139,0
20240816,13,2143,6
20240816,13,2148,7
20240816,13,2159,1
20240816,13,2171,9
20240816,13,2172,3
20240816,13,2178,0
20240816,13,2179,13
20240816,13,2185,27
20240816,13,2186,1
20240816,13,2191,19
20240816,13,2198,10
20240816,13,2199,8
20240816,13,3310,0
20240816,13,3311,10
20240816,13,3802,0
20240816,14,2111,20
20240816,14,2112,19
20240816,14,2116,18
20240816,14,2122,21
20240816,14,2128,3
20240816,14,2129,14
20240816,14,2130,1
20240816,14,2139,0
20240816,14,2143,5
20240816,14,2148,8
20240816,14,2159,1
20240816,14,2171,10
20240816,14,2172,0
20240816,14,2178,0
20240816,14,2179,15
20240816,14,2185,27
20240816,14,2186,2
20240816,14,2191,18
20240816,14,2198,11
20240816,14,2199,7
20240816,14,3310,0
20240816,14,3311,9
20240816,14,3802,0
20240816,15,2111,21
20240816,15,2112,19
20240816,15,2116,17
20240816,15,2122,20
20240816,15,2128,4
20240816,15,2129,11
20240816,15,2130,1
20240816,15,2139,0
20240816,15,2143,5
20240816,15,2148,8
20240816,15,2159,1
20240816,15,2171,10
20240816,15,2172,1
20240816,15,2178,0
20240816,15,2179,17
20240816,15,2185,29
20240816,15,2186,1
20240816,15,2191,17
20240816,15,2198,11
20240816,15,2199,7
20240816,15,3310,0
20240816,15,3311,9
20240816,15,3802,0
20240816,16,2111,20
20240816,16,2112,20
20240816,16,2116,18
20240816,16,2122,20
20240816,16,2128,2
20240816,16,2129,12
20240816,16,2130,0
20240816,16,2139,1
20240816,16,2143,4
20240816,16,2148,7
20240816,16,2159,1
20240816,16,2171,13
20240816,16,2172,0
20240816,16,2178,0
20240816,16,2179,16
20240816,16,2185,28
20240816,16,2186,1
20240816,16,2191,16
20240816,16,2198,11
20240816,16,2199,8
20240816,16,3310,0
20240816,16,3311,7
20240816,16,3802,0
20240816,17,2111,20
20240816,17,2112,20
20240816,17,2116,18
20240816,17,2122,20
20240816,17,2128,1
20240816,17,2129,11
20240816,17,2130,0
20240816,17,2139,1
20240816,17,2143,3
20240816,17,2148,2
20240816,17,2159,1
20240816,17,2171,12
20240816,17,2172,0
20240816,17,2178,0
20240816,17,2179,15
20240816,17,2185,27
20240816,17,2186,1
20240816,17,2191,15
20240816,17,2198,13
20240816,17,2199,8
20240816,17,3310,0
20240816,17,3311,6
20240816,17,3802,0
20240816,18,2111,20
20240816,18,2112,20
20240816,18,2116,19
20240816,18,2122,19
20240816,18,2128,1
20240816,18,2129,6
20240816,18,2130,0
20240816,18,2139,0
20240816,18,2143,2
20240816,18,2148,3
20240816,18,2159,1
20240816,18,2171,9
20240816,18,2172,0
20240816,18,2178,0
20240816,18,2179,16
20240816,18,2185,20
20240816,18,2186,1
20240816,18,2191,14
20240816,18,2198,13
20240816,18,2199,9
20240816,18,3310,0
20240816,18,3311,6
20240816,18,3802,2
20240816,19,2111,24
20240816,19,2112,16
20240816,19,2116,21
20240816,19,2122,20
20240816,19,2128,1
20240816,19,2129,2
20240816,19,2130,0
20240816,19,2139,1
20240816,19,2143,4
20240816,19,2148,1
20240816,19,2159,1
20240816,19,2171,13
20240816,19,2172,0
20240816,19,2178,1
20240816,19,2179,15
20240816,19,2185,20
20240816,19,2186,1
20240816,19,2191,12
20240816,19,2198,13
20240816,19,2199,8
20240816,19,3310,0
20240816,19,3311,5
20240816,19,3802,2
20240816,20,2111,21
20240816,20,2112,16
20240816,20,2116,21
20240816,20,2122,18
20240816,20,2128,2
20240816,20,2129,0
20240816,20,2130,0
20240816,20,2139,1
20240816,20,2143,4
20240816,20,2148,0
20240816,20,2159,3
20240816,20,2171,7
20240816,20,2172,0
20240816,20,2178,2
20240816,20,2179,9
20240816,20,2185,21
20240816,20,2186,0
20240816,20,2191,10
20240816,20,2198,11
20240816,20,2199,8
20240816,20,3310,0
20240816,20,3311,5
20240816,20,3802,3
20240816,21,2111,16
20240816,21,2112,15
20240816,21,2116,17
20240816,21,2122,18
20240816,21,2128,2
20240816,21,2129,0
20240816,21,2130,0
20240816,21,2139,0
20240816,21,2143,2
20240816,21,2148,1
20240816,21,2159,3
20240816,21,2171,4
20240816,21,2172,0
20240816,21,2178,1
20240816,21,2179,11
20240816,21,2185,21
20240816,21,2186,1
20240816,21,2191,9
20240816,21,2198,11
20240816,21,2199,8
20240816,21,3310,0
20240816,21,3311,9
20240816,21,3802,0
20240816,22,2111,16
20240816,22,2112,17
20240816,22,2116,16
20240816,22,2122,18
20240816,22,2128,2
20240816,22,2129,0
20240816,22,2130,0
20240816,22,2139,0
20240816,22,2143,1
20240816,22,2148,2
20240816,22,2159,2
20240816,22,2171,3
20240816,22,2172,0
20240816,22,2178,0
20240816,22,2179,9
20240816,22,2185,22
20240816,22,2186,1
20240816,22,2191,10
20240816,22,2198,13
20240816,22,2199,8
20240816,22,3310,0
20240816,22,3311,9
20240816,22,3802,0
20240816,23,2111,17
20240816,23,2112,16
20240816,23,2116,17
20240816,23,2122,18
20240816,23,2128,2
20240816,23,2129,0
20240816,23,2130,0
20240816,23,2139,0
20240816,23,2143,2
20240816,23,2148,1
20240816,23,2159,1
20240816,23,2171,3
20240816,23,2172,1
20240816,23,2178,0
20240816,23,2179,8
20240816,23,2185,25
20240816,23,2186,2
20240816,23,2191,12
20240816,23,2198,14
20240816,23,2199,8
20240816,23,3310,0
20240816,23,3311,8
20240816,23,3802,0
20240817,0,2111,17
20240817,0,2112,16
20240817,0,2116,15
20240817,0,2122,16
20240817,0,2128,1
20240817,0,2129,0
20240817,0,2130,0
20240817,0,2139,0
20240817,0,2143,2
20240817,0,2148,0
20240817,0,2159,1
20240817,0,2171,3
20240817,0,2172,1
20240817,0,2178,0
20240817,0,2179,11
20240817,0,2185,25
20240817,0,2186,5
20240817,0,2191,13
20240817,0,2198,17
20240817,0,2199,7
20240817,0,3310,0
20240817,0,3311,6
20240817,0,3802,0
20240817,1,2111,17
20240817,1,2112,17
20240817,1,2116,13
20240817,1,2122,16
20240817,1,2128,1
20240817,1,2129,2
20240817,1,2130,0
20240817,1,2139,0
20240817,1,2143,2
20240817,1,2148,0
20240817,1,2159,1
20240817,1,2171,3
20240817,1,2172,1
20240817,1,2178,0
20240817,1,2179,12
20240817,1,2185,24
20240817,1,2186,5
20240817,1,2191,11
20240817,1,2198,16
20240817,1,2199,7
20240817,1,3310,0
20240817,1,3311,5
20240817,1,3802,0
20240817,2,2111,16
20240817,2,2112,18
20240817,2,2116,12
20240817,2,2122,16
20240817,2,2128,1
20240817,2,2129,2
20240817,2,2130,0
20240817,2,2139,0
20240817,2,2143,3
20240817,2,2148,0
20240817,2,2159,1
20240817,2,2171,3
20240817,2,2172,1
20240817,2,2178,0
20240817,2,2179,11
20240817,2,2185,26
20240817,2,2186,5
20240817,2,2191,13
20240817,2,2198,15
20240817,2,2199,9
20240817,2,3310,0
20240817,2,3311,4
20240817,2,3802,0
20240817,3,2111,16
20240817,3,2112,19
20240817,3,2116,11
20240817,3,2122,16
20240817,3,2128,1
20240817,3,2129,2
20240817,3,2130,0
20240817,3,2139,1
20240817,3,2143,3
20240817,3,2148,1
20240817,3,2159,1
20240817,3,2171,2
20240817,3,2172,1
20240817,3,2178,0
20240817,3,2179,10
20240817,3,2185,27
20240817,3,2186,5
20240817,3,2191,14
20240817,3,2198,15
20240817,3,2199,8
20240817,3,3310,0
20240817,3,3311,4
20240817,3,3802,0
20240817,4,2111,16
20240817,4,2112,20
20240817,4,2116,11
20240817,4,2122,17
20240817,4,2128,1
20240817,4,2129,2
20240817,4,2130,0
20240817,4,2139,0
20240817,4,2143,3
20240817,4,2148,0
20240817,4,2159,1
20240817,4,2171,2
20240817,4,2172,1
20240817,4,2178,0
20240817,4,2179,10
20240817,4,2185,27
20240817,4,2186,5
20240817,4,2191,14
20240817,4,2198,16
20240817,4,2199,8
20240817,4,3310,0
20240817,4,3311,4
20240817,4,3802,0
20240817,5,2111,16
20240817,5,2112,20
20240817,5,2116,12
20240817,5,2122,16
20240817,5,2128,1
20240817,5,2129,2
20240817,5,2130,0
20240817,5,2139,1
20240817,5,2143,3
20240817,5,2148,0
20240817,5,2159,1
20240817,5,2171,2
20240817,5,2172,2
20240817,5,2178,0
20240817,5,2179,12
20240817,5,2185,26
20240817,5,2186,5
20240817,5,2191,15
20240817,5,2198,16
20240817,5,2199,9
20240817,5,3310,0
20240817,5,3311,4
20240817,5,3802,0
20240817,6,2111,17
20240817,6,2112,20
20240817,6,2116,12
20240817,6,2122,16
20240817,6,2128,1
20240817,6,2129,2
20240817,6,2130,0
20240817,6,2139,1
20240817,6,2143,3
20240817,6,2148,0
20240817,6,2159,1
20240817,6,2171,2
20240817,6,2172,2
20240817,6,2178,0
20240817,6,2179,12
20240817,6,2185,26
20240817,6,2186,5
20240817,6,2191,18
20240817,6,2198,16
20240817,6,2199,8
20240817,6,3310,0
20240817,6,3311,4
20240817,6,3802,2
20240817,7,2111,18
20240817,7,2112,21
20240817,7,2116,11
20240817,7,2122,16
20240817,7,2128,1
20240817,7,2129,2
20240817,7,2130,0
20240817,7,2139,1
20240817,7,2143,1
20240817,7,2148,0
20240817,7,2159,1
20240817,7,2171,2
20240817,7,2172,3
20240817,7,2178,0
20240817,7,2179,11
20240817,7,2185,24
20240817,7,2186,4
20240817,7,2191,18
20240817,7,2198,16
20240817,7,2199,8
20240817,7,3310,0
20240817,7,3311,3
20240817,7,3802,2
20240817,8,2111,18
20240817,8,2112,20
20240817,8,2116,12
20240817,8,2122,15
20240817,8,2128,1
20240817,8,2129,2
20240817,8,2130,1
20240817,8,2139,1
20240817,8,2143,1
20240817,8,2148,0
20240817,8,2159,1
20240817,8,2171,2
20240817,8,2172,3
20240817,8,2178,0
20240817,8,2179,10
20240817,8,2185,24
20240817,8,2186,1
20240817,8,2191,19
20240817,8,2198,16
20240817,8,2199,8
20240817,8,3310,0
20240817,8,3311,3
20240817,8,3802,2
20240817,9,2111,16
20240817,9,2112,20
20240817,9,2116,13
20240817,9,2122,15
20240817,9,2128,1
20240817,9,2129,2
20240817,9,2130,1
20240817,9,2139,0
20240817,9,2143,2
20240817,9,2148,0
20240817,9,2159,1
20240817,9,2171,4
20240817,9,2172,3
20240817,9,2178,1
20240817,9,2179,11
20240817,9,2185,22
20240817,9,2186,1
20240817,9,2191,18
20240817,9,2198,15
20240817,9,2199,8
20240817,9,3310,0
20240817,9,3311,3
20240817,9,3802,4
20240817,10,2111,19
20240817,10,2112,21
20240817,10,2116,14
20240817,10,2122,14
20240817,10,2128,1
20240817,10,2129,0
20240817,10,2130,0
20240817,10,2139,0
20240817,10,2143,1
20240817,10,2148,0
20240817,10,2159,1
20240817,10,2171,5
20240817,10,2172,2
20240817,10,2178,3
20240817,10,2179,12
20240817,10,2185,22
20240817,10,2186,1
20240817,10,2191,16
20240817,10,2198,15
20240817,10,2199,8
20240817,10,3310,0
20240817,10,3311,4
20240817,10,3802,7
20240817,11,2111,21
20240817,11,2112,23
20240817,11,2116,14
20240817,11,2122,14
20240817,11,2128,0
20240817,11,2129,0
20240817,11,2130,0
20240817,11,2139,0
20240817,11,2143,1
20240817,11,2148,0
20240817,11,2159,1
20240817,11,2171,6
20240817,11,2172,1
20240817,11,2178,3
20240817,11,2179,12
20240817,11,2185,22
20240817,11,2186,0
20240817,11,2191,16
20240817,11,2198,16
20240817,11,2199,9
20240817,11,3310,0
20240817,11,3311,8
20240817,11,3802,0
20240817,12,2111,22
20240817,12,2112,23
20240817,12,2116,15
20240817,12,2122,14
20240817,12,2128,0
20240817,12,2129,0
20240817,12,2130,0
20240817,12,2139,0
20240817,12,2143,1
20240817,12,2148,0
20240817,12,2159,1
20240817,12,2171,6
20240817,12,2172,2
20240817,12,2178,1
20240817,12,2179,12
20240817,12,2185,22
20240817,12,2186,0
20240817,12,2191,16
20240817,12,2198,14
20240817,12,2199,9
20240817,12,3310,0
20240817,12,3311,5
20240817,12,3802,0
20240817,13,2111,21
20240817,13,2112,24
20240817,13,2116,14
20240817,13,2122,12
20240817,13,2128,0
20240817,13,2129,0
20240817,13,2130,0
20240817,13,2139,0
20240817,13,2143,1
20240817,13,2148,0
20240817,13,2159,1
20240817,13,2171,5
20240817,13,2172,2
20240817,13,2178,1
20240817,13,2179,11
20240817,13,2185,24
20240817,13,2186,1
20240817,13,2191,14
20240817,13,2198,13
20240817,13,2199,8
20240817,13,3310,0
20240817,13,3311,5
20240817,13,3802,0
20240817,14,2111,18
20240817,14,2112,26
20240817,14,2116,13
20240817,14,2122,12
20240817,14,2128,2
20240817,14,2129,0
20240817,14,2130,0
20240817,14,2139,0
20240817,14,2143,1
20240817,14,2148,0
20240817,14,2159,0
20240817,14,2171,4
20240817,14,2172,4
20240817,14,2178,2
20240817,14,2179,11
20240817,14,2185,24
20240817,14,2186,2
20240817,14,2191,13
20240817,14,2198,13
20240817,14,2199,8
20240817,14,3310,0
20240817,14,3311,8
20240817,14,3802,0
20240817,15,2111,17
20240817,15,2112,26
20240817,15,2116,13
20240817,15,2122,13
20240817,15,2128,2
20240817,15,2129,0
20240817,15,2130,0
20240817,15,2139,1
20240817,15,2143,1
20240817,15,2148,0
20240817,15,2159,0
20240817,15,2171,4
20240817,15,2172,4
20240817,15,2178,2
20240817,15,2179,9
20240817,15,2185,22
20240817,15,2186,3
20240817,15,2191,11
20240817,15,2198,12
20240817,15,2199,8
20240817,15,3310,0
20240817,15,3311,5
20240817,15,3802,0
20240817,16,2111,24
20240817,16,2112,24
20240817,16,2116,12
20240817,16,2122,13
20240817,16,2128,4
20240817,16,2129,0
20240817,16,2130,0
20240817,16,2139,2
20240817,16,2143,1
20240817,16,2148,0
20240817,16,2159,0
20240817,16,2171,3
20240817,16,2172,3
20240817,16,2178,2
20240817,16,2179,9
20240817,16,2185,22
20240817,16,2186,4
20240817,16,2191,12
20240817,16,2198,12
20240817,16,2199,8
20240817,16,3310,0
20240817,16,3311,3
20240817,16,3802,0
20240817,17,2111,24
20240817,17,2112,23
20240817,17,2116,12
20240817,17,2122,13
20240817,17,2128,4
20240817,17,2129,14
20240817,17,2130,0
20240817,17,2139,2
20240817,17,2143,2
20240817,17,2148,0
20240817,17,2159,0
20240817,17,2171,3
20240817,17,2172,5
20240817,17,2178,1
20240817,17,2179,9
20240817,17,2185,22
20240817,17,2186,5
20240817,17,2191,15
20240817,17,2198,14
20240817,17,2199,8
20240817,17,3310,0
20240817,17,3311,5
20240817,17,3802,0
20240817,18,2111,23
20240817,18,2112,23
20240817,18,2116,11
20240817,18,2122,12
20240817,18,2128,4
20240817,18,2129,15
20240817,18,2130,0
20240817,18,2139,0
20240817,18,2143,1
20240817,18,2148,0
20240817,18,2159,0
20240817,18,2171,3
20240817,18,2172,1
20240817,18,2178,1
20240817,18,2179,8
20240817,18,2185,23
20240817,18,2186,6
20240817,18,2191,15
20240817,18,2198,13
20240817,18,2199,8
20240817,18,3310,0
20240817,18,3311,5
20240817,18,3802,0
20240817,19,2111,20
20240817,19,2112,23
20240817,19,2116,11
20240817,19,2122,11
20240817,19,2128,2
20240817,19,2129,14
20240817,19,2130,0
20240817,19,2139,0
20240817,19,2143,1
20240817,19,2148,0
20240817,19,2159,0
20240817,19,2171,2
20240817,19,2172,1
20240817,19,2178,1
20240817,19,2179,9
20240817,19,2185,21
20240817,19,2186,6
20240817,19,2191,14
20240817,19,2198,13
20240817,19,2199,8
20240817,19,3310,0
20240817,19,3311,2
20240817,19,3802,1
20240817,20,2111,20
20240817,20,2112,22
20240817,20,2116,12
20240817,20,2122,12
20240817,20,2128,2
20240817,20,2129,9
20240817,20,2130,6
20240817,20,2139,0
20240817,20,2143,1
20240817,20,2148,1
20240817,20,2159,0
20240817,20,2171,2
20240817,20,2172,1
20240817,20,2178,0
20240817,20,2179,8
20240817,20,2185,19
20240817,20,2186,4
20240817,20,2191,11
20240817,20,2198,13
20240817,20,2199,8
20240817,20,3310,0
20240817,20,3311,0
20240817,20,3802,3
20240817,21,2111,22
20240817,21,2112,21
20240817,21,2116,12
20240817,21,2122,12
20240817,21,2128,1
20240817,21,2129,13
20240817,21,2130,6
20240817,21,2139,0
20240817,21,2143,3
20240817,21,2148,1
20240817,21,2159,1
20240817,21,2171,2
20240817,21,2172,1
20240817,21,2178,0
20240817,21,2179,9
20240817,21,2185,13
20240817,21,2186,3
20240817,21,2191,11
20240817,21,2198,12
20240817,21,2199,8
20240817,21,3310,0
20240817,21,3311,0
20240817,21,3802,2
20240817,22,2111,21
20240817,22,2112,21
20240817,22,2116,14
20240817,22,2122,10
20240817,22,2128,3
20240817,22,2129,12
20240817,22,2130,7
20240817,22,2139,1
20240817,22,2143,3
20240817,22,2148,0
20240817,22,2159,1
20240817,22,2171,0
20240817,22,2172,1
20240817,22,2178,0
20240817,22,2179,10
20240817,22,2185,14
20240817,22,2186,2
20240817,22,2191,11
20240817,22,2198,10
20240817,22,2199,8
20240817,22,3310,0
20240817,22,3311,0
20240817,22,3802,1
20240817,23,2111,19
20240817,23,2112,21
20240817,23,2116,14
20240817,23,2122,11
20240817,23,2128,2
20240817,23,2129,12
20240817,23,2130,7
20240817,23,2139,4
20240817,23,2143,2
20240817,23,2148,0
20240817,23,2159,1
20240817,23,2171,0
20240817,23,2172,2
20240817,23,2178,0
20240817,23,2179,11
20240817,23,2185,12
20240817,23,2186,2
20240817,23,2191,12
20240817,23,2198,10
20240817,23,2199,8
20240817,23,3310,0
20240817,23,3311,0
20240817,23,3802,1
20240818,0,2111,16
20240818,0,2112,21
20240818,0,2116,11
20240818,0,2122,10
20240818,0,2128,1
20240818,0,2129,13
20240818,0,2130,7
20240818,0,2139,4
20240818,0,2143,1
20240818,0,2148,0
20240818,0,2159,1
20240818,0,2171,0
20240818,0,2172,3
20240818,0,2178,0
20240818,0,2179,10
20240818,0,2185,12
20240818,0,2186,3
20240818,0,2191,12
20240818,0,2198,10
20240818,0,2199,8
20240818,0,3310,0
20240818,0,3311,0
20240818,0,3802,1
20240818,1,2111,17
20240818,1,2112,19
20240818,1,2116,10
20240818,1,2122,10
20240818,1,2128,2
20240818,1,2129,12
20240818,1,2130,7
20240818,1,2139,4
20240818,1,2143,1
20240818,1,2148,0
20240818,1,2159,1
20240818,1,2171,1
20240818,1,2172,2
20240818,1,2178,0
20240818,1,2179,12
20240818,1,2185,13
20240818,1,2186,2
20240818,1,2191,12
20240818,1,2198,10
20240818,1,2199,8
20240818,1,3310,1
20240818,1,3311,0
20240818,1,3802,1
20240818,2,2111,20
20240818,2,2112,21
20240818,2,2116,10
20240818,2,2122,12
20240818,2,2128,0
20240818,2,2129,12
20240818,2,2130,7
20240818,2,2139,4
20240818,2,2143,1
20240818,2,2148,0
20240818,2,2159,0
20240818,2,2171,0
20240818,2,2172,2
20240818,2,2178,0
20240818,2,2179,12
20240818,2,2185,19
20240818,2,2186,2
20240818,2,2191,12
20240818,2,2198,10
20240818,2,2199,8
20240818,2,3310,1
20240818,2,3311,0
20240818,2,3802,1
20240818,3,2111,20
20240818,3,2112,21
20240818,3,2116,10
20240818,3,2122,13
20240818,3,2128,0
20240818,3,2129,13
20240818,3,2130,7
20240818,3,2139,5
20240818,3,2143,1
20240818,3,2148,3
20240818,3,2159,0
20240818,3,2171,1
20240818,3,2172,1
20240818,3,2178,0
20240818,3,2179,12
20240818,3,2185,19
20240818,3,2186,2
20240818,3,2191,12
20240818,3,2198,9
20240818,3,2199,8
20240818,3,3310,1
20240818,3,3311,0
20240818,3,3802,1
20240818,4,2111,20
20240818,4,2112,21
20240818,4,2116,11
20240818,4,2122,13
20240818,4,2128,0
20240818,4,2129,14
20240818,4,2130,7
20240818,4,2139,6
20240818,4,2143,1
20240818,4,2148,3
20240818,4,2159,0
20240818,4,2171,0
20240818,4,2172,1
20240818,4,2178,0
20240818,4,2179,12
20240818,4,2185,18
20240818,4,2186,3
20240818,4,2191,12
20240818,4,2198,10
20240818,4,2199,8
20240818,4,3310,1
20240818,4,3311,0
20240818,4,3802,1
20240818,5,2111,21
20240818,5,2112,21
20240818,5,2116,11
20240818,5,2122,13
20240818,5,2128,0
20240818,5,2129,12
20240818,5,2130,7
20240818,5,2139,6
20240818,5,2143,2
20240818,5,2148,2
20240818,5,2159,0
20240818,5,2171,0
20240818,5,2172,1
20240818,5,2178,0
20240818,5,2179,13
20240818,5,2185,18
20240818,5,2186,3
20240818,5,2191,13
20240818,5,2198,10
20240818,5,2199,8
20240818,5,3310,1
20240818,5,3311,0
20240818,5,3802,2
20240818,6,2111,21
20240818,6,2112,21
20240818,6,2116,11
20240818,6,2122,13
20240818,6,2128,0
20240818,6,2129,12
20240818,6,2130,7
20240818,6,2139,7
20240818,6,2143,2
20240818,6,2148,2
20240818,6,2159,0
20240818,6,2171,1
20240818,6,2172,1
20240818,6,2178,0
20240818,6,2179,14
20240818,6,2185,17
20240818,6,2186,3
20240818,6,2191,14
20240818,6,2198,10
20240818,6,2199,8
20240818,6,3310,1
20240818,6,3311,0
20240818,6,3802,2
20240818,7,2111,20
20240818,7,2112,21
20240818,7,2116,11
20240818,7,2122,12
20240818,7,2128,0
20240818,7,2129,12
20240818,7,2130,6
20240818,7,2139,7
20240818,7,2143,2
20240818,7,2148,2
20240818,7,2159,0
20240818,7,2171,1
20240818,7,2172,2
20240818,7,2178,0
20240818,7,2179,13
20240818,7,2185,16
20240818,7,2186,1
20240818,7,2191,16
20240818,7,2198,10
20240818,7,2199,8
20240818,7,3310,1
20240818,7,3311,0
20240818,7,3802,2
20240818,8,2111,21
20240818,8,2112,22
20240818,8,2116,10
20240818,8,2122,12
20240818,8,2128,0
20240818,8,2129,12
20240818,8,2130,6
20240818,8,2139,7
20240818,8,2143,1
20240818,8,2148,3
20240818,8,2159,0
20240818,8,2171,1
20240818,8,2172,1
20240818,8,2178,0
20240818,8,2179,12
20240818,8,2185,15
20240818,8,2186,1
20240818,8,2191,15
20240818,8,2198,10
20240818,8,2199,7
20240818,8,3310,1
20240818,8,3311,1
20240818,8,3802,2
20240818,9,2111,21
20240818,9,2112,20
20240818,9,2116,12
20240818,9,2122,12
20240818,9,2128,0
20240818,9,2129,11
20240818,9,2130,6
20240818,9,2139,5
20240818,9,2143,2
20240818,9,2148,2
20240818,9,2159,1
20240818,9,2171,1
20240818,9,2172,1
20240818,9,2178,1
20240818,9,2179,12
20240818,9,2185,13
20240818,9,2186,2
20240818,9,2191,13
20240818,9,2198,10
20240818,9,2199,8
20240818,9,3310,0
20240818,9,3311,2
20240818,9,3802,3
20240818,10,2111,21
20240818,10,2112,20
20240818,10,2116,12
20240818,10,2122,11
20240818,10,2128,0
20240818,10,2129,11
20240818,10,2130,6
20240818,10,2139,4
20240818,10,2143,3
20240818,10,2148,2
20240818,10,2159,2
20240818,10,2171,1
20240818,10,2172,3
20240818,10,2178,1
20240818,10,2179,11
20240818,10,2185,12
20240818,10,2186,3
20240818,10,2191,11
20240818,10,2198,10
20240818,10,2199,8
20240818,10,3310,0
20240818,10,3311,5
20240818,10,3802,2
20240818,11,2111,20
20240818,11,2112,21
20240818,11,2116,13
20240818,11,2122,10
20240818,11,2128,0
20240818,11,2129,14
20240818,11,2130,6
20240818,11,2139,2
20240818,11,2143,2
20240818,11,2148,1
20240818,11,2159,2
20240818,11,2171,2
20240818,11,2172,3
20240818,11,2178,1
20240818,11,2179,10
20240818,11,2185,12
20240818,11,2186,2
20240818,11,2191,12
20240818,11,2198,10
20240818,11,2199,8
20240818,11,3310,0
20240818,11,3311,9
20240818,11,3802,0
20240818,12,2111,16
20240818,12,2112,20
20240818,12,2116,15
20240818,12,2122,11
20240818,12,2128,0
20240818,12,2129,12
20240818,12,2130,6
20240818,12,2139,3
20240818,12,2143,3
20240818,12,2148,0
20240818,12,2159,0
20240818,12,2171,3
20240818,12,2172,2
20240818,12,2178,1
20240818,12,2179,9
20240818,12,2185,12
20240818,12,2186,3
20240818,12,2191,12
20240818,12,2198,9
20240818,12,2199,8
20240818,12,3310,0
20240818,12,3311,9
20240818,12,3802,3
20240818,13,2111,19
20240818,13,2112,20
20240818,13,2116,16
20240818,13,2122,10
20240818,13,2128,0
20240818,13,2129,12
20240818,13,2130,6
20240818,13,2139,4
20240818,13,2143,3
20240818,13,2148,0
20240818,13,2159,0
20240818,13,2171,5
20240818,13,2172,1
20240818,13,2178,1
20240818,13,2179,9
20240818,13,2185,12
20240818,13,2186,2
20240818,13,2191,10
20240818,13,2198,9
20240818,13,2199,8
20240818,13,3310,0
20240818,13,3311,8
20240818,13,3802,2
20240818,14,2111,19
20240818,14,2112,21
20240818,14,2116,17
20240818,14,2122,9
20240818,14,2128,0
20240818,14,2129,12
20240818,14,2130,5
20240818,14,2139,4
20240818,14,2143,4
20240818,14,2148,0
20240818,14,2159,0
20240818,14,2171,7
20240818,14,2172,2
20240818,14,2178,1
20240818,14,2179,10
20240818,14,2185,12
20240818,14,2186,1
20240818,14,2191,11
20240818,14,2198,10
20240818,14,2199,8
20240818,14,3310,0
20240818,14,3311,9
20240818,14,3802,2
20240818,15,2111,18
20240818,15,2112,20
20240818,15,2116,19
20240818,15,2122,9
20240818,15,2128,0
20240818,15,2129,11
20240818,15,2130,5
20240818,15,2139,4
20240818,15,2143,3
20240818,15,2148,0
20240818,15,2159,0
20240818,15,2171,8
20240818,15,2172,2
20240818,15,2178,1
20240818,15,2179,10
20240818,15,2185,13
20240818,15,2186,0
20240818,15,2191,11
20240818,15,2198,10
20240818,15,2199,9
20240818,15,3310,0
20240818,15,3311,9
20240818,15,3802,3
20240818,16,2111,12
20240818,16,2112,20
20240818,16,2116,17
20240818,16,2122,7
20240818,16,2128,0
20240818,16,2129,9
20240818,16,2130,5
20240818,16,2139,1
20240818,16,2143,3
20240818,16,2148,0
20240818,16,2159,2
20240818,16,2171,9
20240818,16,2172,2
20240818,16,2178,1
20240818,16,2179,11
20240818,16,2185,12
20240818,16,2186,0
20240818,16,2191,10
20240818,16,2198,11
20240818,16,2199,9
20240818,16,3310,0
20240818,16,3311,8
20240818,16,3802,2
20240818,17,2111,12
20240818,17,2112,19
20240818,17,2116,16
20240818,17,2122,7
20240818,17,2128,0
20240818,17,2129,7
20240818,17,2130,5
20240818,17,2139,0
20240818,17,2143,1
20240818,17,2148,1
20240818,17,2159,2
20240818,17,2171,13
20240818,17,2172,0
20240818,17,2178,1
20240818,17,2179,8
20240818,17,2185,12
20240818,17,2186,0
20240818,17,2191,10
20240818,17,2198,14
20240818,17,2199,9
20240818,17,3310,0
20240818,17,3311,6
20240818,17,3802,2
20240818,18,2111,12
20240818,18,2112,19
20240818,18,2116,14
20240818,18,2122,8
20240818,18,2128,0
20240818,18,2129,6
20240818,18,2130,5
20240818,18,2139,0
20240818,18,2143,0
20240818,18,2148,5
20240818,18,2159,1
20240818,18,2171,14
20240818,18,2172,0
20240818,18,2178,1
20240818,18,2179,8
20240818,18,2185,10
20240818,18,2186,0
20240818,18,2191,10
20240818,18,2198,15
20240818,18,2199,9
20240818,18,3310,1
20240818,18,3311,5
20240818,18,3802,3
20240818,19,2111,11
20240818,19,2112,22
20240818,19,2116,14
20240818,19,2122,7
20240818,19,2128,0
20240818,19,2129,6
20240818,19,2130,5
20240818,19,2139,1
20240818,19,2143,0
20240818,19,2148,5
20240818,19,2159,0
20240818,19,2171,12
20240818,19,2172,1
20240818,19,2178,1
20240818,19,2179,7
20240818,19,2185,8
20240818,19,2186,2
20240818,19,2191,9
20240818,19,2198,12
20240818,19,2199,9
20240818,19,3310,1
20240818,19,3311,5
20240818,19,3802,4
20240818,20,2111,10
20240818,20,2112,22
20240818,20,2116,15
20240818,20,2122,7
20240818,20,2128,0
20240818,20,2129,5
20240818,20,2130,5
20240818,20,2139,1
20240818,20,2143,0
20240818,20,2148,6
20240818,20,2159,1
20240818,20,2171,10
20240818,20,2172,2
20240818,20,2178,0
20240818,20,2179,6
20240818,20,2185,7
20240818,20,2186,4
20240818,20,2191,7
20240818,20,2198,11
20240818,20,2199,9
20240818,20,3310,16
20240818,20,3311,6
20240818,20,3802,4
20240818,21,2111,9
20240818,21,2112,23
20240818,21,2116,14
20240818,21,2122,8
20240818,21,2128,1
20240818,21,2129,4
20240818,21,2130,5
20240818,21,2139,1
20240818,21,2143,0
20240818,21,2148,1
20240818,21,2159,3
20240818,21,2171,5
20240818,21,2172,0
20240818,21,2178,0
20240818,21,2179,4
20240818,21,2185,7
20240818,21,2186,4
20240818,21,2191,7
20240818,21,2198,12
20240818,21,2199,9
20240818,21,3310,14
20240818,21,3311,5
20240818,21,3802,4
20240818,22,2111,9
20240818,22,2112,23
20240818,22,2116,13
20240818,22,2122,7
20240818,22,2128,1
20240818,22,2129,5
20240818,22,2130,4
20240818,22,2139,2
20240818,22,2143,2
20240818,22,2148,1
20240818,22,2159,3
20240818,22,2171,6
20240818,22,2172,0
20240818,22,2178,0
20240818,22,2179,5
20240818,22,2185,7
20240818,22,2186,4
20240818,22,2191,6
20240818,22,2198,14
20240818,22,2199,9
20240818,22,3310,14
20240818,22,3311,2
20240818,22,3802,4
20240818,23,2111,7
20240818,23,2112,22
20240818,23,2116,14
20240818,23,2122,7
20240818,23,2128,1
20240818,23,2129,6
20240818,23,2130,4
20240818,23,2139,2
20240818,23,2143,0
20240818,23,2148,1
20240818,23,2159,3
20240818,23,2171,6
20240818,23,2172,0
20240818,23,2178,1
20240818,23,2179,6
20240818,23,2185,7
20240818,23,2186,5
20240818,23,2191,6
20240818,23,2198,14
20240818,23,2199,9
20240818,23,3310,14
20240818,23,3311,2
20240818,23,3802,4
20240819,0,2111,7
20240819,0,2112,21
20240819,0,2116,12
20240819,0,2122,7
20240819,0,2128,0
20240819,0,2129,6
20240819,0,2130,4
20240819,0,2139,4
20240819,0,2143,0
20240819,0,2148,1
20240819,0,2159,3
20240819,0,2171,2
20240819,0,2172,0
20240819,0,2178,2
20240819,0,2179,8
20240819,0,2185,6
20240819,0,2186,5
20240819,0,2191,6
20240819,0,2198,12
20240819,0,2199,10
20240819,0,3310,14
20240819,0,3311,1
20240819,0,3802,4
20240819,1,2111,8
20240819,1,2112,19
20240819,1,2116,11
20240819,1,2122,7
20240819,1,2128,0
20240819,1,2129,5
20240819,1,2130,4
20240819,1,2139,5
20240819,1,2143,1
20240819,1,2148,2
20240819,1,2159,1
20240819,1,2171,2
20240819,1,2172,0
20240819,1,2178,2
20240819,1,2179,9
20240819,1,2185,8
20240819,1,2186,5
20240819,1,2191,6
20240819,1,2198,14
20240819,1,2199,9
20240819,1,3310,14
20240819,1,3311,2
20240819,1,3802,4
20240819,2,2111,7
20240819,2,2112,21
20240819,2,2116,10
20240819,2,2122,7
20240819,2,2128,0
20240819,2,2129,5
20240819,2,2130,4
20240819,2,2139,4
20240819,2,2143,0
20240819,2,2148,4
20240819,2,2159,1
20240819,2,2171,1
20240819,2,2172,1
20240819,2,2178,2
20240819,2,2179,12
20240819,2,2185,9
20240819,2,2186,5
20240819,2,2191,6
20240819,2,2198,14
20240819,2,2199,10
20240819,2,3310,14
20240819,2,3311,1
20240819,2,3802,4
20240819,3,2111,6
20240819,3,2112,22
20240819,3,2116,9
20240819,3,2122,7
20240819,3,2128,0
20240819,3,2129,4
20240819,3,2130,4
20240819,3,2139,4
20240819,3,2143,1
20240819,3,2148,4
20240819,3,2159,1
20240819,3,2171,1
20240819,3,2172,1
20240819,3,2178,2
20240819,3,2179,11
20240819,3,2185,9
20240819,3,2186,5
20240819,3,2191,6
20240819,3,2198,15
20240819,3,2199,9
20240819,3,3310,14
20240819,3,3311,1
20240819,3,3802,4
20240819,4,2111,7
20240819,4,2112,22
20240819,4,2116,10
20240819,4,2122,7
20240819,4,2128,0
20240819,4,2129,5
20240819,4,2130,4
20240819,4,2139,4
20240819,4,2143,1
20240819,4,2148,4
20240819,4,2159,1
20240819,4,2171,1
20240819,4,2172,1
20240819,4,2178,2
20240819,4,2179,11
20240819,4,2185,9
20240819,4,2186,6
20240819,4,2191,6
20240819,4,2198,15
20240819,4,2199,9
20240819,4,3310,14
20240819,4,3311,1
20240819,4,3802,4
20240819,5,2111,6
20240819,5,2112,22
20240819,5,2116,10
20240819,5,2122,5
20240819,5,2128,0
20240819,5,2129,5
20240819,5,2130,4
20240819,5,2139,5
20240819,5,2143,1
20240819,5,2148,3
20240819,5,2159,1
20240819,5,2171,2
20240819,5,2172,1
20240819,5,2178,1
20240819,5,2179,11
20240819,5,2185,9
20240819,5,2186,6
20240819,5,2191,6
20240819,5,2198,15
20240819,5,2199,10
20240819,5,3310,14
20240819,5,3311,1
20240819,5,3802,4
20240819,6,2111,6
20240819,6,2112,20
20240819,6,2116,10
20240819,6,2122,4
20240819,6,2128,0
20240819,6,2129,6
20240819,6,2130,4
20240819,6,2139,6
20240819,6,2143,1
20240819,6,2148,3
20240819,6,2159,1
20240819,6,2171,1
20240819,6,2172,1
20240819,6,2178,2
20240819,6,2179,11
20240819,6,2185,9
20240819,6,2186,5
20240819,6,2191,6
20240819,6,2198,14
20240819,6,2199,9
20240819,6,3310,12
20240819,6,3311,2
20240819,6,3802,9
20240819,7,2111,8
20240819,7,2112,20
20240819,7,2116,11
20240819,7,2122,4
20240819,7,2128,0
20240819,7,2129,6
20240819,7,2130,4
20240819,7,2139,6
20240819,7,2143,1
20240819,7,2148,4
20240819,7,2159,0
20240819,7,2171,2
20240819,7,2172,1
20240819,7,2178,1
20240819,7,2179,11
20240819,7,2185,8
20240819,7,2186,1
20240819,7,2191,6
20240819,7,2198,14
20240819,7,2199,9
20240819,7,3310,9
20240819,7,3311,6
20240819,7,3802,1
20240819,8,2111,9
20240819,8,2112,21
20240819,8,2116,12
20240819,8,2122,7
20240819,8,2128,0
20240819,8,2129,6
20240819,8,2130,4
20240819,8,2139,2
20240819,8,2143,1
20240819,8,2148,2
20240819,8,2159,0
20240819,8,2171,2
20240819,8,2172,0
20240819,8,2178,3
20240819,8,2179,12
20240819,8,2185,4
20240819,8,2186,0
20240819,8,2191,4
20240819,8,2198,10
20240819,8,2199,9
20240819,8,3310,6
20240819,8,3311,7
20240819,8,3802,2
20240819,9,2111,7
20240819,9,2112,22
20240819,9,2116,13
20240819,9,2122,7
20240819,9,2128,0
20240819,9,2129,6
20240819,9,2130,4
20240819,9,2139,1
20240819,9,2143,3
20240819,9,2148,3
20240819,9,2159,0
20240819,9,2171,2
20240819,9,2172,1
20240819,9,2178,2
20240819,9,2179,12
20240819,9,2185,5
20240819,9,2186,0
20240819,9,2191,5
20240819,9,2198,10
20240819,9,2199,8
20240819,9,3310,4
20240819,9,3311,9
20240819,9,3802,4
20240819,10,2111,8
20240819,10,2112,21
20240819,10,2116,14
20240819,10,2122,5
20240819,10,2128,0
20240819,10,2129,6
20240819,10,2130,4
20240819,10,2139,1
20240819,10,2143,3
20240819,10,2148,4
20240819,10,2159,2
20240819,10,2171,2
20240819,10,2172,1
20240819,10,2178,16
20240819,10,2179,12
20240819,10,2185,5
20240819,10,2186,0
20240819,10,2191,6
20240819,10,2198,10
20240819,10,2199,8
20240819,10,3310,3
20240819,10,3311,12
20240819,10,3802,4
20240819,11,2111,8
20240819,11,2112,22
20240819,11,2116,15
20240819,11,2122,5
20240819,11,2128,0
20240819,11,2129,6
20240819,11,2130,4
20240819,11,2139,2
20240819,11,2143,2
20240819,11,2148,3
20240819,11,2159,2
20240819,11,2171,4
20240819,11,2172,1
20240819,11,2178,16
20240819,11,2179,11
20240819,11,2185,5
20240819,11,2186,0
20240819,11,2191,7
20240819,11,2198,11
20240819,11,2199,8
20240819,11,3310,1
20240819,11,3311,13
20240819,11,3802,3
20240819,12,2111,9
20240819,12,2112,23
20240819,12,2116,15
20240819,12,2122,5
20240819,12,2128,1
20240819,12,2129,5
20240819,12,2130,4
20240819,12,2139,3
20240819,12,2143,3
20240819,12,2148,3
20240819,12,2159,2
20240819,12,2171,4
20240819,12,2172,1
20240819,12,2178,14
20240819,12,2179,11
20240819,12,2185,5
20240819,12,2186,1
20240819,12,2191,8
20240819,12,2198,9
20240819,12,2199,8
20240819,12,3310,1
20240819,12,3311,15
20240819,12,3802,3
20240819,13,2111,12
20240819,13,2112,21
20240819,13,2116,16
20240819,13,2122,5
20240819,13,2128,0
20240819,13,2129,5
20240819,13,2130,2
20240819,13,2139,3
20240819,13,2143,2
20240819,13,2148,4
20240819,13,2159,0
20240819,13,2171,3
20240819,13,2172,1
20240819,13,2178,15
20240819,13,2179,12
20240819,13,2185,6
20240819,13,2186,0
20240819,13,2191,7
20240819,13,2198,10
20240819,13,2199,8
20240819,13,3310,1
20240819,13,3311,13
20240819,13,3802,2
20240819,14,2111,14
20240819,14,2112,20
20240819,14,2116,13
20240819,14,2122,4
20240819,14,2128,1
20240819,14,2129,6
20240819,14,2130,2
20240819,14,2139,3
20240819,14,2143,2
20240819,14,2148,3
20240819,14,2159,0
20240819,14,2171,6
20240819,14,2172,3
20240819,14,2178,16
20240819,14,2179,11
20240819,14,2185,4
20240819,14,2186,1
20240819,14,2191,7
20240819,14,2198,8
20240819,14,2199,9
20240819,14,3310,1
20240819,14,3311,16
20240819,14,3802,2
20240819,15,2111,15
20240819,15,2112,20
20240819,15,2116,12
20240819,15,2122,4
20240819,15,2128,2
20240819,15,2129,5
20240819,15,2130,2
20240819,15,2139,4
20240819,15,2143,0
20240819,15,2148,2
20240819,15,2159,0
20240819,15,2171,5
20240819,15,2172,3
20240819,15,2178,16
20240819,15,2179,12
20240819,15,2185,4
20240819,15,2186,0
20240819,15,2191,7
20240819,15,2198,8
20240819,15,2199,9
20240819,15,3310,0
20240819,15,3311,15
20240819,15,3802,2
20240819,16,2111,14
20240819,16,2112,23
20240819,16,2116,12
20240819,16,2122,4
20240819,16,2128,1
20240819,16,2129,5
20240819,16,2130,1
20240819,16,2139,4
20240819,16,2143,0
20240819,16,2148,5
20240819,16,2159,0
20240819,16,2171,3
20240819,16,2172,2
20240819,16,2178,15
20240819,16,2179,12
20240819,16,2185,4
20240819,16,2186,0
20240819,16,2191,7
20240819,16,2198,7
20240819,16,2199,9
20240819,16,3310,0
20240819,16,3311,16
20240819,16,3802,1
20240819,17,2111,14
20240819,17,2112,23
20240819,17,2116,10
20240819,17,2122,5
20240819,17,2128,0
20240819,17,2129,4
20240819,17,2130,1
20240819,17,2139,4
20240819,17,2143,0
20240819,17,2148,3
20240819,17,2159,0
20240819,17,2171,2
20240819,17,2172,1
20240819,17,2178,11
20240819,17,2179,10
20240819,17,2185,5
20240819,17,2186,2
20240819,17,2191,6
20240819,17,2198,6
20240819,17,2199,9
20240819,17,3310,0
20240819,17,3311,12
20240819,17,3802,1
20240819,18,2111,14
20240819,18,2112,25
20240819,18,2116,11
20240819,18,2122,5
20240819,18,2128,0
20240819,18,2129,2
20240819,18,2130,0
20240819,18,2139,3
20240819,18,2143,0
20240819,18,2148,2
20240819,18,2159,0
20240819,18,2171,3
20240819,18,2172,1
20240819,18,2178,7
20240819,18,2179,10
20240819,18,2185,7
20240819,18,2186,2
20240819,18,2191,6
20240819,18,2198,6
20240819,18,2199,9
20240819,18,3310,0
20240819,18,3311,1
20240819,18,3802,1
20240819,19,2111,16
20240819,19,2112,22
20240819,19,2116,12
20240819,19,2122,9
20240819,19,2128,0
20240819,19,2129,2
20240819,19,2130,0
20240819,19,2139,7
20240819,19,2143,1
20240819,19,2148,0
20240819,19,2159,0
20240819,19,2171,2
20240819,19,2172,1
20240819,19,2178,4
20240819,19,2179,11
20240819,19,2185,4
20240819,19,2186,3
20240819,19,2191,6
20240819,19,2198,7
20240819,19,2199,9
20240819,19,3310,0
20240819,19,3311,1
20240819,19,3802,4
20240819,20,2111,17
20240819,20,2112,21
20240819,20,2116,6
20240819,20,2122,9
20240819,20,2128,1
20240819,20,2129,1
20240819,20,2130,0
20240819,20,2139,8
20240819,20,2143,0
20240819,20,2148,0
20240819,20,2159,1
20240819,20,2171,0
20240819,20,2172,1
20240819,20,2178,2
20240819,20,2179,6
20240819,20,2185,4
20240819,20,2186,5
20240819,20,2191,6
20240819,20,2198,8
20240819,20,2199,9
20240819,20,3310,0
20240819,20,3311,1
20240819,20,3802,3
20240819,21,2111,18
20240819,21,2112,21
20240819,21,2116,6
20240819,21,2122,9
20240819,21,2128,3
20240819,21,2129,1
20240819,21,2130,0
20240819,21,2139,8
20240819,21,2143,0
20240819,21,2148,0
20240819,21,2159,0
20240819,21,2171,0
20240819,21,2172,1
20240819,21,2178,2
20240819,21,2179,4
20240819,21,2185,4
20240819,21,2186,4
20240819,21,2191,8
20240819,21,2198,6
20240819,21,2199,10
20240819,21,3310,0
20240819,21,3311,0
20240819,21,3802,0
20240819,22,2111,20
20240819,22,2112,19
20240819,22,2116,4
20240819,22,2122,8
20240819,22,2128,2
20240819,22,2129,1
20240819,22,2130,0
20240819,22,2139,8
20240819,22,2143,0
20240819,22,2148,1
20240819,22,2159,0
20240819,22,2171,0
20240819,22,2172,1
20240819,22,2178,2
20240819,22,2179,3
20240819,22,2185,4
20240819,22,2186,4
20240819,22,2191,8
20240819,22,2198,5
20240819,22,2199,7
20240819,22,3310,0
20240819,22,3311,0
20240819,22,3802,0
20240819,23,2111,20
20240819,23,2112,17
20240819,23,2116,4
20240819,23,2122,8
20240819,23,2128,2
20240819,23,2129,1
20240819,23,2130,0
20240819,23,2139,10
20240819,23,2143,1
20240819,23,2148,1
20240819,23,2159,0
20240819,23,2171,0
20240819,23,2172,0
20240819,23,2178,2
20240819,23,2179,6
20240819,23,2185,6
20240819,23,2186,4
20240819,23,2191,10
20240819,23,2198,3
20240819,23,2199,7
20240819,23,3310,0
20240819,23,3311,0
20240819,23,3802,0
20240820,0,2111,19
20240820,0,2112,17
20240820,0,2116,5
20240820,0,2122,8
20240820,0,2128,1
20240820,0,2129,1
20240820,0,2130,0
20240820,0,2139,9
20240820,0,2143,2
20240820,0,2148,1
20240820,0,2159,1
20240820,0,2171,0
20240820,0,2172,0
20240820,0,2178,2
20240820,0,2179,6
20240820,0,2185,5
20240820,0,2186,4
20240820,0,2191,10
20240820,0,2198,3
20240820,0,2199,8
20240820,0,3310,0
20240820,0,3311,0
20240820,0,3802,0
20240820,1,2111,18
20240820,1,2112,16
20240820,1,2116,4
20240820,1,2122,8
20240820,1,2128,1
20240820,1,2129,1
20240820,1,2130,0
20240820,1,2139,9
20240820,1,2143,2
20240820,1,2148,1
20240820,1,2159,1
20240820,1,2171,0
20240820,1,2172,0
20240820,1,2178,2
20240820,1,2179,3
20240820,1,2185,4
20240820,1,2186,3
20240820,1,2191,11
20240820,1,2198,4
20240820,1,2199,8
20240820,1,3310,0
20240820,1,3311,0
20240820,1,3802,0
20240820,2,2111,18
20240820,2,2112,16
20240820,2,2116,3
20240820,2,2122,6
20240820,2,2128,1
20240820,2,2129,1
20240820,2,2130,0
20240820,2,2139,12
20240820,2,2143,3
20240820,2,2148,1
20240820,2,2159,1
20240820,2,2171,1
20240820,2,2172,0
20240820,2,2178,1
20240820,2,2179,3
20240820,2,2185,5
20240820,2,2186,3
20240820,2,2191,12
20240820,2,2198,3
20240820,2,2199,8
20240820,2,3310,0
20240820,2,3311,0
20240820,2,3802,0
20240820,3,2111,19
20240820,3,2112,16
20240820,3,2116,3
20240820,3,2122,6
20240820,3,2128,1
20240820,3,2129,1
20240820,3,2130,0
20240820,3,2139,11
20240820,3,2143,6
20240820,3,2148,0
20240820,3,2159,1
20240820,3,2171,2
20240820,3,2172,0
20240820,3,2178,1
20240820,3,2179,3
20240820,3,2185,4
20240820,3,2186,3
20240820,3,2191,13
20240820,3,2198,3
20240820,3,2199,8
20240820,3,3310,0
20240820,3,3311,1
20240820,3,3802,0
20240820,4,2111,18
20240820,4,2112,16
20240820,4,2116,3
20240820,4,2122,7
20240820,4,2128,1
20240820,4,2129,1
20240820,4,2130,0
20240820,4,2139,10
20240820,4,2143,6
20240820,4,2148,0
20240820,4,2159,0
20240820,4,2171,1
20240820,4,2172,0
20240820,4,2178,1
20240820,4,2179,2
20240820,4,2185,6
20240820,4,2186,3
20240820,4,2191,13
20240820,4,2198,3
20240820,4,2199,7
20240820,4,3310,0
20240820,4,3311,0
20240820,4,3802,0
20240820,5,2111,19
20240820,5,2112,16
20240820,5,2116,3
20240820,5,2122,7
20240820,5,2128,1
20240820,5,2129,1
20240820,5,2130,0
20240820,5,2139,9
20240820,5,2143,6
20240820,5,2148,0
20240820,5,2159,0
20240820,5,2171,1
20240820,5,2172,0
20240820,5,2178,1
20240820,5,2179,1
20240820,5,2185,6
20240820,5,2186,1
20240820,5,2191,13
20240820,5,2198,2
20240820,5,2199,7
20240820,5,3310,0
20240820,5,3311,0
20240820,5,3802,0
20240820,6,2111,21
20240820,6,2112,16
20240820,6,2116,3
20240820,6,2122,4
20240820,6,2128,0
20240820,6,2129,0
20240820,6,2130,0
20240820,6,2139,8
20240820,6,2143,5
20240820,6,2148,0
20240820,6,2159,0
20240820,6,2171,0
20240820,6,2172,0
20240820,6,2178,1
20240820,6,2179,1
20240820,6,2185,5
20240820,6,2186,1
20240820,6,2191,12
20240820,6,2198,1
20240820,6,2199,8
20240820,6,3310,0
20240820,6,3311,1
20240820,6,3802,5
20240820,7,2111,19
20240820,7,2112,19
20240820,7,2116,3
20240820,7,2122,4
20240820,7,2128,0
20240820,7,2129,1
20240820,7,2130,0
20240820,7,2139,7
20240820,7,2143,3
20240820,7,2148,2
20240820,7,2159,0
20240820,7,2171,0
20240820,7,2172,0
20240820,7,2178,1
20240820,7,2179,1
20240820,7,2185,3
20240820,7,2186,1
20240820,7,2191,11
20240820,7,2198,1
20240820,7,2199,8
20240820,7,3310,0
20240820,7,3311,0
20240820,7,3802,1
20240820,8,2111,19
20240820,8,2112,23
20240820,8,2116,3
20240820,8,2122,7
20240820,8,2128,1
20240820,8,2129,1
20240820,8,2130,0
20240820,8,2139,4
20240820,8,2143,2
20240820,8,2148,4
20240820,8,2159,0
20240820,8,2171,0
20240820,8,2172,0
20240820,8,2178,6
20240820,8,2179,1
20240820,8,2185,4
20240820,8,2186,0
20240820,8,2191,6
20240820,8,2198,0
20240820,8,2199,8
20240820,8,3310,0
20240820,8,3311,2
20240820,8,3802,0
20240820,9,2111,19
20240820,9,2112,23
20240820,9,2116,3
20240820,9,2122,7
20240820,9,2128,2
20240820,9,2129,0
20240820,9,2130,0
20240820,9,2139,3
20240820,9,2143,1
20240820,9,2148,6
20240820,9,2159,0
20240820,9,2171,2
20240820,9,2172,0
20240820,9,2178,7
20240820,9,2179,5
20240820,9,2185,4
20240820,9,2186,0
20240820,9,2191,5
20240820,9,2198,0
20240820,9,2199,9
20240820,9,3310,0
20240820,9,3311,4
20240820,9,3802,0
20240820,10,2111,19
20240820,10,2112,23
20240820,10,2116,4
20240820,10,2122,7
20240820,10,2128,2
20240820,10,2129,0
20240820,10,2130,0
20240820,10,2139,3
20240820,10,2143,1
20240820,10,2148,8
20240820,10,2159,0
20240820,10,2171,4
20240820,10,2172,1
20240820,10,2178,7
20240820,10,2179,7
20240820,10,2185,5
20240820,10,2186,1
20240820,10,2191,5
20240820,10,2198,15
20240820,10,2199,9
20240820,10,3310,13
20240820,10,3311,8
20240820,10,3802,0
20240820,11,2111,20
20240820,11,2112,22
20240820,11,2116,3
20240820,11,2122,6
20240820,11,2128,0
20240820,11,2129,14
20240820,11,2130,1
20240820,11,2139,3
20240820,11,2143,1
20240820,11,2148,8
20240820,11,2159,0
20240820,11,2171,2
20240820,11,2172,1
20240820,11,2178,7
20240820,11,2179,7
20240820,11,2185,4
20240820,11,2186,1
20240820,11,2191,4
20240820,11,2198,13
20240820,11,2199,10
20240820,11,3310,13
20240820,11,3311,7
20240820,11,3802,0
20240820,12,2111,21
20240820,12,2112,23
20240820,12,2116,3
20240820,12,2122,6
20240820,12,2128,1
20240820,12,2129,14
20240820,12,2130,0
20240820,12,2139,4
20240820,12,2143,1
20240820,12,2148,5
20240820,12,2159,0
20240820,12,2171,3
20240820,12,2172,3
20240820,12,2178,4
20240820,12,2179,9
20240820,12,2185,5
20240820,12,2186,1
20240820,12,2191,4
20240820,12,2198,10
20240820,12,2199,10
20240820,12,3310,13
20240820,12,3311,9
20240820,12,3802,0
20240820,13,2111,25
20240820,13,2112,25
20240820,13,2116,4
20240820,13,2122,5
20240820,13,2128,1
20240820,13,2129,14
20240820,13,2130,0
20240820,13,2139,5
20240820,13,2143,1
20240820,13,2148,7
20240820,13,2159,0
20240820,13,2171,5
20240820,13,2172,3
20240820,13,2178,4
20240820,13,2179,8
20240820,13,2185,3
20240820,13,2186,1
20240820,13,2191,6
20240820,13,2198,8
20240820,13,2199,10
20240820,13,3310,12
20240820,13,3311,8
20240820,13,3802,1
20240820,14,2111,27
20240820,14,2112,26
20240820,14,2116,5
20240820,14,2122,6
20240820,14,2128,2
20240820,14,2129,9
20240820,14,2130,0
20240820,14,2139,4
20240820,14,2143,1
20240820,14,2148,7
20240820,14,2159,0
20240820,14,2171,6
20240820,14,2172,4
20240820,14,2178,4
20240820,14,2179,7
20240820,14,2185,4
20240820,14,2186,1
20240820,14,2191,6
20240820,14,2198,5
20240820,14,2199,10
20240820,14,3310,12
20240820,14,3311,11
20240820,14,3802,1
20240820,15,2111,30
20240820,15,2112,26
20240820,15,2116,5
20240820,15,2122,5
20240820,15,2128,0
20240820,15,2129,9
20240820,15,2130,1
20240820,15,2139,4
20240820,15,2143,0
20240820,15,2148,8
20240820,15,2159,0
20240820,15,2171,12
20240820,15,2172,2
20240820,15,2178,4
20240820,15,2179,7
20240820,15,2185,5
20240820,15,2186,2
20240820,15,2191,6
20240820,15,2198,6
20240820,15,2199,10
20240820,15,3310,12
20240820,15,3311,12
20240820,15,3802,1
20240820,16,2111,30
20240820,16,2112,25
20240820,16,2116,5
20240820,16,2122,5
20240820,16,2128,0
20240820,16,2129,10
20240820,16,2130,0
20240820,16,2139,4
20240820,16,2143,0
20240820,16,2148,7
20240820,16,2159,0
20240820,16,2171,11
20240820,16,2172,2
20240820,16,2178,3
20240820,16,2179,2
20240820,16,2185,5
20240820,16,2186,2
20240820,16,2191,6
20240820,16,2198,8
20240820,16,2199,10
20240820,16,3310,10
20240820,16,3311,10
20240820,16,3802,0
20240820,17,2111,30
20240820,17,2112,24
20240820,17,2116,5
20240820,17,2122,6
20240820,17,2128,0
20240820,17,2129,6
20240820,17,2130,0
20240820,17,2139,4
20240820,17,2143,0
20240820,17,2148,5
20240820,17,2159,0
20240820,17,2171,13
20240820,17,2172,0
20240820,17,2178,1
20240820,17,2179,1
20240820,17,2185,3
20240820,17,2186,1
20240820,17,2191,7
20240820,17,2198,8
20240820,17,2199,9
20240820,17,3310,7
20240820,17,3311,9
20240820,17,3802,1
20240820,18,2111,28
20240820,18,2112,25
20240820,18,2116,5
20240820,18,2122,6
20240820,18,2128,0
20240820,18,2129,5
20240820,18,2130,0
20240820,18,2139,3
20240820,18,2143,0
20240820,18,2148,4
20240820,18,2159,0
20240820,18,2171,14
20240820,18,2172,0
20240820,18,2178,0
20240820,18,2179,0
20240820,18,2185,4
20240820,18,2186,1
20240820,18,2191,7
20240820,18,2198,7
20240820,18,2199,9
20240820,18,3310,7
20240820,18,3311,7
20240820,18,3802,0
20240820,19,2111,25
20240820,19,2112,25
20240820,19,2116,7
20240820,19,2122,7
20240820,19,2128,1
20240820,19,2129,5
20240820,19,2130,0
20240820,19,2139,3
20240820,19,2143,0
20240820,19,2148,2
20240820,19,2159,0
20240820,19,2171,13
20240820,19,2172,0
20240820,19,2178,0
20240820,19,2179,0
20240820,19,2185,6
20240820,19,2186,1
20240820,19,2191,11
20240820,19,2198,7
20240820,19,2199,8
20240820,19,3310,7
20240820,19,3311,6
20240820,19,3802,3
20240820,20,2111,23
20240820,20,2112,21
20240820,20,2116,6
20240820,20,2122,6
20240820,20,2128,1
20240820,20,2129,5
20240820,20,2130,0
20240820,20,2139,3
20240820,20,2143,0
20240820,20,2148,0
20240820,20,2159,0
20240820,20,2171,9
20240820,20,2172,1
20240820,20,2178,0
20240820,20,2179,0
20240820,20,2185,5
20240820,20,2186,5
20240820,20,2191,11
20240820,20,2198,5
20240820,20,2199,8
20240820,20,3310,7
20240820,20,3311,6
20240820,20,3802,0
20240820,21,2111,24
20240820,21,2112,21
20240820,21,2116,5
20240820,21,2122,6
20240820,21,2128,2
20240820,21,2129,5
20240820,21,2130,0
20240820,21,2139,4
20240820,21,2143,0
20240820,21,2148,0
20240820,21,2159,0
20240820,21,2171,6
20240820,21,2172,0
20240820,21,2178,0
20240820,21,2179,1
20240820,21,2185,6
20240820,21,2186,4
20240820,21,2191,10
20240820,21,2198,5
20240820,21,2199,9
20240820,21,3310,6
20240820,21,3311,6
20240820,21,3802,2
20240820,22,2111,25
20240820,22,2112,22
20240820,22,2116,3
20240820,22,2122,6
20240820,22,2128,2
20240820,22,2129,4
20240820,22,2130,0
20240820,22,2139,5
20240820,22,2143,0
20240820,22,2148,0
20240820,22,2159,0
20240820,22,2171,4
20240820,22,2172,0
20240820,22,2178,0
20240820,22,2179,1
20240820,22,2185,6
20240820,22,2186,4
20240820,22,2191,8
20240820,22,2198,6
20240820,22,2199,9
20240820,22,3310,6
20240820,22,3311,4
20240820,22,3802,0
20240820,23,2111,25
20240820,23,2112,20
20240820,23,2116,3
20240820,23,2122,6
20240820,23,2128,1
20240820,23,2129,3
20240820,23,2130,0
20240820,23,2139,6
20240820,23,2143,0
20240820,23,2148,0
20240820,23,2159,0
20240820,23,2171,0
20240820,23,2172,0
20240820,23,2178,0
20240820,23,2179,0
20240820,23,2185,6
20240820,23,2186,4
20240820,23,2191,10
20240820,23,2198,3
20240820,23,2199,9
20240820,23,3310,6
20240820,23,3311,4
20240820,23,3802,0
20240821,0,2111,25
20240821,0,2112,20
20240821,0,2116,3
20240821,0,2122,7
20240821,0,2128,0
20240821,0,2129,3
20240821,0,2130,0
20240821,0,2139,5
20240821,0,2143,0
20240821,0,2148,0
20240821,0,2159,1
20240821,0,2171,0
20240821,0,2172,0
20240821,0,2178,0
20240821,0,2179,0
20240821,0,2185,7
20240821,0,2186,4
20240821,0,2191,9
20240821,0,2198,4
20240821,0,2199,9
20240821,0,3310,5
20240821,0,3311,2
20240821,0,3802,0
20240821,1,2111,25
20240821,1,2112,19
20240821,1,2116,5
20240821,1,2122,6
20240821,1,2128,0
20240821,1,2129,3
20240821,1,2130,0
20240821,1,2139,5
20240821,1,2143,1
20240821,1,2148,1
20240821,1,2159,1
20240821,1,2171,0
20240821,1,2172,1
20240821,1,2178,0
20240821,1,2179,0
20240821,1,2185,8
20240821,1,2186,4
20240821,1,2191,9
20240821,1,2198,4
20240821,1,2199,9
20240821,1,3310,5
20240821,1,3311,2
20240821,1,3802,0
20240821,2,2111,26
20240821,2,2112,22
20240821,2,2116,4
20240821,2,2122,6
20240821,2,2128,0
20240821,2,2129,3
20240821,2,2130,0
20240821,2,2139,5
20240821,2,2143,1
20240821,2,2148,2
20240821,2,2159,1
20240821,2,2171,2
20240821,2,2172,1
20240821,2,2178,0
20240821,2,2179,0
20240821,2,2185,8
20240821,2,2186,4
20240821,2,2191,9
20240821,2,2198,4
20240821,2,2199,8
20240821,2,3310,5
20240821,2,3311,3
20240821,2,3802,0
20240821,3,2111,26
20240821,3,2112,21
20240821,3,2116,4
20240821,3,2122,6
20240821,3,2128,0
20240821,3,2129,3
20240821,3,2130,0
20240821,3,2139,5
20240821,3,2143,1
20240821,3,2148,2
20240821,3,2159,1
20240821,3,2171,1
20240821,3,2172,1
20240821,3,2178,0
20240821,3,2179,0
20240821,3,2185,6
20240821,3,2186,4
20240821,3,2191,8
20240821,3,2198,4
20240821,3,2199,9
20240821,3,3310,4
20240821,3,3311,3
20240821,3,3802,0
20240821,4,2111,26
20240821,4,2112,22
20240821,4,2116,4
20240821,4,2122,6
20240821,4,2128,0
20240821,4,2129,3
20240821,4,2130,0
20240821,4,2139,5
20240821,4,2143,1
20240821,4,2148,2
20240821,4,2159,1
20240821,4,2171,1
20240821,4,2172,4
20240821,4,2178,0
20240821,4,2179,0
20240821,4,2185,6
20240821,4,2186,4
20240821,4,2191,8
20240821,4,2198,4
20240821,4,2199,9
20240821,4,3310,4
20240821,4,3311,3
20240821,4,3802,0
20240821,5,2111,26
20240821,5,2112,22
20240821,5,2116,4
20240821,5,2122,6
20240821,5,2128,0
20240821,5,2129,3
20240821,5,2130,0
20240821,5,2139,5
20240821,5,2143,1
20240821,5,2148,2
20240821,5,2159,2
20240821,5,2171,1
20240821,5,2172,4
20240821,5,2178,0
20240821,5,2179,0
20240821,5,2185,8
20240821,5,2186,4
20240821,5,2191,8
20240821,5,2198,4
20240821,5,2199,9
20240821,5,3310,3
20240821,5,3311,3
20240821,5,3802,0
20240821,6,2111,26
20240821,6,2112,22
20240821,6,2116,4
20240821,6,2122,6
20240821,6,2128,0
20240821,6,2129,3
20240821,6,2130,0
20240821,6,2139,4
20240821,6,2143,1
20240821,6,2148,2
20240821,6,2159,2
20240821,6,2171,2
20240821,6,2172,4
20240821,6,2178,0
20240821,6,2179,0
20240821,6,2185,8
20240821,6,2186,4
20240821,6,2191,9
20240821,6,2198,4
20240821,6,2199,9
20240821,6,3310,3
20240821,6,3311,4
20240821,6,3802,1
20240821,7,2111,26
20240821,7,2112,22
20240821,7,2116,4
20240821,7,2122,6
20240821,7,2128,0
20240821,7,2129,3
20240821,7,2130,0
20240821,7,2139,4
20240821,7,2143,1
20240821,7,2148,2
20240821,7,2159,2
20240821,7,2171,2
20240821,7,2172,4
20240821,7,2178,0
20240821,7,2179,0
20240821,7,2185,8
20240821,7,2186,4
20240821,7,2191,9
20240821,7,2198,4
20240821,7,2199,8
20240821,7,3310,3
20240821,7,3311,4
20240821,7,3802,0
20240821,8,2111,26
20240821,8,2112,22
20240821,8,2116,4
20240821,8,2122,6
20240821,8,2128,1
20240821,8,2129,3
20240821,8,2130,0
20240821,8,2139,4
20240821,8,2143,1
20240821,8,2148,3
20240821,8,2159,2
20240821,8,2171,2
20240821,8,2172,4
20240821,8,2178,0
20240821,8,2179,0
20240821,8,2185,8
20240821,8,2186,4
20240821,8,2191,9
20240821,8,2198,4
20240821,8,2199,8
20240821,8,3310,3
20240821,8,3311,4
20240821,8,3802,0
20240821,9,2111,26
20240821,9,2112,22
20240821,9,2116,4
20240821,9,2122,6
20240821,9,2128,1
20240821,9,2129,2
20240821,9,2130,0
20240821,9,2139,4
20240821,9,2143,1
20240821,9,2148,3
20240821,9,2159,2
20240821,9,2171,2
20240821,9,2172,4
20240821,9,2178,0
20240821,9,2179,0
20240821,9,2185,8
20240821,9,2186,4
20240821,9,2191,9
20240821,9,2198,4
20240821,9,2199,9
20240821,9,3310,3
20240821,9,3311,3
20240821,9,3802,0
20240821,10,2111,26
20240821,10,2112,22
20240821,10,2116,4
20240821,10,2122,6
20240821,10,2128,1
20240821,10,2129,2
20240821,10,2130,0
20240821,10,2139,4
20240821,10,2143,1
20240821,10,2148,3
20240821,10,2159,2
20240821,10,2171,2
20240821,10,2172,4
20240821,10,2178,0
20240821,10,2179,0
20240821,10,2185,8
20240821,10,2186,3
20240821,10,2191,9
20240821,10,2198,4
20240821,10,2199,9
20240821,10,3310,3
20240821,10,3311,3
20240821,10,3802,0
20240821,11,2111,26
20240821,11,2112,22
20240821,11,2116,4
20240821,11,2122,6
20240821,11,2128,0
20240821,11,2129,3
20240821,11,2130,0
20240821,11,2139,3
20240821,11,2143,0
20240821,11,2148,2
20240821,11,2159,1
20240821,11,2171,3
20240821,11,2172,4
20240821,11,2178,0
20240821,11,2179,0
20240821,11,2185,8
20240821,11,2186,3
20240821,11,2191,8
20240821,11,2198,4
20240821,11,2199,9
20240821,11,3310,3
20240821,11,3311,3
20240821,11,3802,0
20240821,12,2111,26
20240821,12,2112,21
20240821,12,2116,4
20240821,12,2122,6
20240821,12,2128,0
20240821,12,2129,2
20240821,12,2130,0
20240821,12,2139,3
20240821,12,2143,0
20240821,12,2148,1
20240821,12,2159,1
20240821,12,2171,4
20240821,12,2172,2
20240821,12,2178,0
20240821,12,2179,0
20240821,12,2185,8
20240821,12,2186,3
20240821,12,2191,9
20240821,12,2198,4
20240821,12,2199,8
20240821,12,3310,3
20240821,12,3311,4
20240821,12,3802,0
20240821,13,2111,26
20240821,13,2112,24
20240821,13,2116,5
20240821,13,2122,6
20240821,13,2128,0
20240821,13,2129,2
20240821,13,2130,0
20240821,13,2139,3
20240821,13,2143,1
20240821,13,2148,0
20240821,13,2159,1
20240821,13,2171,3
20240821,13,2172,2
20240821,13,2178,0
20240821,13,2179,1
20240821,13,2185,9
20240821,13,2186,2
20240821,13,2191,10
20240821,13,2198,4
20240821,13,2199,8
20240821,13,3310,3
20240821,13,3311,4
20240821,13,3802,0
20240821,14,2111,26
20240821,14,2112,25
20240821,14,2116,5
20240821,14,2122,6
20240821,14,2128,1
20240821,14,2129,1
20240821,14,2130,0
20240821,14,2139,3
20240821,14,2143,0
20240821,14,2148,0
20240821,14,2159,1
20240821,14,2171,1
20240821,14,2172,3
20240821,14,2178,0
20240821,14,2179,0
20240821,14,2185,9
20240821,14,2186,3
20240821,14,2191,8
20240821,14,2198,4
20240821,14,2199,8
20240821,14,3310,2
20240821,14,3311,6
20240821,14,3802,0
20240821,15,2111,25
20240821,15,2112,25
20240821,15,2116,5
20240821,15,2122,9
20240821,15,2128,0
20240821,15,2129,0
20240821,15,2130,0
20240821,15,2139,3
20240821,15,2143,0
20240821,15,2148,0
20240821,15,2159,1
20240821,15,2171,0
20240821,15,2172,3
20240821,15,2178,0
20240821,15,2179,0
20240821,15,2185,9
20240821,15,2186,3
20240821,15,2191,8
20240821,15,2198,4
20240821,15,2199,8
20240821,15,3310,0
20240821,15,3311,6
20240821,15,3802,0
20240821,16,2111,22
20240821,16,2112,25
20240821,16,2116,5
20240821,16,2122,5
20240821,16,2128,0
20240821,16,2129,0
20240821,16,2130,0
20240821,16,2139,3
20240821,16,2143,0
20240821,16,2148,2
20240821,16,2159,0
20240821,16,2171,0
20240821,16,2172,4
20240821,16,2178,0
20240821,16,2179,0
20240821,16,2185,7
20240821,16,2186,3
20240821,16,2191,8
20240821,16,2198,4
20240821,16,2199,8
20240821,16,3310,0
20240821,16,3311,3
20240821,16,3802,1
20240821,17,2111,24
20240821,17,2112,22
20240821,17,2116,5
20240821,17,2122,3
20240821,17,2128,0
20240821,17,2129,0
20240821,17,2130,0
20240821,17,2139,2
20240821,17,2143,0
20240821,17,2148,1
20240821,17,2159,0
20240821,17,2171,0
20240821,17,2172,4
20240821,17,2178,14
20240821,17,2179,0
20240821,17,2185,6
20240821,17,2186,4
20240821,17,2191,8
20240821,17,2198,5
20240821,17,2199,6
20240821,17,3310,0
20240821,17,3311,2
20240821,17,3802,1
20240821,18,2111,23
20240821,18,2112,20
20240821,18,2116,8
20240821,18,2122,3
20240821,18,2128,0
20240821,18,2129,0
20240821,18,2130,0
20240821,18,2139,2
20240821,18,2143,2
20240821,18,2148,2
20240821,18,2159,0
20240821,18,2171,1
20240821,18,2172,3
20240821,18,2178,13
20240821,18,2179,0
20240821,18,2185,6
20240821,18,2186,4
20240821,18,2191,8
20240821,18,2198,7
20240821,18,2199,6
20240821,18,3310,0
20240821,18,3311,2
20240821,18,3802,1
20240821,19,2111,23
20240821,19,2112,21
20240821,19,2116,9
20240821,19,2122,4
20240821,19,2128,1
20240821,19,2129,0
20240821,19,2130,0
20240821,19,2139,3
20240821,19,2143,4
20240821,19,2148,1
20240821,19,2159,1
20240821,19,2171,0
20240821,19,2172,3
20240821,19,2178,13
20240821,19,2179,0
20240821,19,2185,6
20240821,19,2186,4
20240821,19,2191,9
20240821,19,2198,9
20240821,19,2199,7
20240821,19,3310,0
20240821,19,3311,2
20240821,19,3802,2
20240821,20,2111,22
20240821,20,2112,21
20240821,20,2116,7
20240821,20,2122,3
20240821,20,2128,0
20240821,20,2129,0
20240821,20,2130,0
20240821,20,2139,3
20240821,20,2143,4
20240821,20,2148,1
20240821,20,2159,1
20240821,20,2171,0
20240821,20,2172,2
20240821,20,2178,11
20240821,20,2179,0
20240821,20,2185,7
20240821,20,2186,4
20240821,20,2191,10
20240821,20,2198,7
20240821,20,2199,7
20240821,20,3310,0
20240821,20,3311,2
20240821,20,3802,4
20240821,21,2111,22
20240821,21,2112,20
20240821,21,2116,5
20240821,21,2122,3
20240821,21,2128,0
20240821,21,2129,0
20240821,21,2130,0
20240821,21,2139,3
20240821,21,2143,3
20240821,21,2148,1
20240821,21,2159,1
20240821,21,2171,0
20240821,21,2172,1
20240821,21,2178,9
20240821,21,2179,1
20240821,21,2185,7
20240821,21,2186,7
20240821,21,2191,11
20240821,21,2198,5
20240821,21,2199,8
20240821,21,3310,0
20240821,21,3311,1
20240821,21,3802,3
20240821,22,2111,23
20240821,22,2112,19
20240821,22,2116,4
20240821,22,2122,3
20240821,22,2128,0
20240821,22,2129,0
20240821,22,2130,0
20240821,22,2139,3
20240821,22,2143,2
20240821,22,2148,0
20240821,22,2159,1
20240821,22,2171,0
20240821,22,2172,1
20240821,22,2178,7
20240821,22,2179,0
20240821,22,2185,8
20240821,22,2186,7
20240821,22,2191,12
20240821,22,2198,8
20240821,22,2199,8
20240821,22,3310,1
20240821,22,3311,0
20240821,22,3802,1
20240821,23,2111,21
20240821,23,2112,19
20240821,23,2116,4
20240821,23,2122,4
20240821,23,2128,0
20240821,23,2129,0
20240821,23,2130,0
20240821,23,2139,4
20240821,23,2143,4
20240821,23,2148,0
20240821,23,2159,1
20240821,23,2171,2
20240821,23,2172,1
20240821,23,2178,6
20240821,23,2179,1
20240821,23,2185,6
20240821,23,2186,7
20240821,23,2191,12
20240821,23,2198,9
20240821,23,2199,8
20240821,23,3310,1
20240821,23,3311,0
20240821,23,3802,3
20240822,0,2111,20
20240822,0,2112,16
20240822,0,2116,6
20240822,0,2122,4
20240822,0,2128,0
20240822,0,2129,0
20240822,0,2130,0
20240822,0,2139,5
20240822,0,2143,4
20240822,0,2148,0
20240822,0,2159,1
20240822,0,2171,1
20240822,0,2172,2
20240822,0,2178,6
20240822,0,2179,1
20240822,0,2185,5
20240822,0,2186,7
20240822,0,2191,13
20240822,0,2198,11
20240822,0,2199,8
20240822,0,3310,2
20240822,0,3311,0
20240822,0,3802,3
20240822,1,2111,20
20240822,1,2112,14
20240822,1,2116,4
20240822,1,2122,4
20240822,1,2128,1
20240822,1,2129,0
20240822,1,2130,0
20240822,1,2139,5
20240822,1,2143,5
20240822,1,2148,0
20240822,1,2159,1
20240822,1,2171,3
20240822,1,2172,3
20240822,1,2178,5
20240822,1,2179,1
20240822,1,2185,5
20240822,1,2186,7
20240822,1,2191,17
20240822,1,2198,11
20240822,1,2199,8
20240822,1,3310,2
20240822,1,3311,0
20240822,1,3802,3
20240822,2,2111,20
20240822,2,2112,14
20240822,2,2116,4
20240822,2,2122,4
20240822,2,2128,1
20240822,2,2129,0
20240822,2,2130,0
20240822,2,2139,4
20240822,2,2143,7
20240822,2,2148,0
20240822,2,2159,1
20240822,2,2171,3
20240822,2,2172,3
20240822,2,2178,5
20240822,2,2179,2
20240822,2,2185,5
20240822,2,2186,7
20240822,2,2191,18
20240822,2,2198,10
20240822,2,2199,7
20240822,2,3310,2
20240822,2,3311,0
20240822,2,3802,3
20240822,3,2111,20
20240822,3,2112,14
20240822,3,2116,4
20240822,3,2122,3
20240822,3,2128,0
20240822,3,2129,1
20240822,3,2130,0
20240822,3,2139,4
20240822,3,2143,7
20240822,3,2148,0
20240822,3,2159,1
20240822,3,2171,3
20240822,3,2172,3
20240822,3,2178,4
20240822,3,2179,1
20240822,3,2185,5
20240822,3,2186,7
20240822,3,2191,19
20240822,3,2198,10
20240822,3,2199,8
20240822,3,3310,2
20240822,3,3311,0
20240822,3,3802,3
20240822,4,2111,19
20240822,4,2112,14
20240822,4,2116,4
20240822,4,2122,3
20240822,4,2128,0
20240822,4,2129,1
20240822,4,2130,0
20240822,4,2139,4
20240822,4,2143,7
20240822,4,2148,0
20240822,4,2159,1
20240822,4,2171,3
20240822,4,2172,4
20240822,4,2178,4
20240822,4,2179,1
20240822,4,2185,6
20240822,4,2186,7
20240822,4,2191,19
20240822,4,2198,10
20240822,4,2199,8
20240822,4,3310,2
20240822,4,3311,0
20240822,4,3802,3
20240822,5,2111,19
20240822,5,2112,14
20240822,5,2116,4
20240822,5,2122,3
20240822,5,2128,0
20240822,5,2129,1
20240822,5,2130,0
20240822,5,2139,4
20240822,5,2143,7
20240822,5,2148,0
20240822,5,2159,1
20240822,5,2171,3
20240822,5,2172,4
20240822,5,2178,4
20240822,5,2179,2
20240822,5,2185,7
20240822,5,2186,5
20240822,5,2191,18
20240822,5,2198,11
20240822,5,2199,8
20240822,5,3310,1
20240822,5,3311,0
20240822,5,3802,3
20240822,6,2111,19
20240822,6,2112,14
20240822,6,2116,5
20240822,6,2122,1
20240822,6,2128,0
20240822,6,2129,0
20240822,6,2130,0
20240822,6,2139,2
20240822,6,2143,7
20240822,6,2148,0
20240822,6,2159,1
20240822,6,2171,2
20240822,6,2172,5
20240822,6,2178,5
20240822,6,2179,2
20240822,6,2185,7
20240822,6,2186,5
20240822,6,2191,18
20240822,6,2198,8
20240822,6,2199,7
20240822,6,3310,0
20240822,6,3311,0
20240822,6,3802,9
20240822,7,2111,22
20240822,7,2112,14
20240822,7,2116,6
20240822,7,2122,1
20240822,7,2128,0
20240822,7,2129,0
20240822,7,2130,0
20240822,7,2139,1
20240822,7,2143,7
20240822,7,2148,1
20240822,7,2159,0
20240822,7,2171,1
20240822,7,2172,5
20240822,7,2178,5
20240822,7,2179,2
20240822,7,2185,5
20240822,7,2186,4
20240822,7,2191,18
20240822,7,2198,7
20240822,7,2199,7
20240822,7,3310,0
20240822,7,3311,2
20240822,7,3802,4
20240822,8,2111,23
20240822,8,2112,14
20240822,8,2116,7
20240822,8,2122,4
20240822,8,2128,0
20240822,8,2129,0
20240822,8,2130,1
20240822,8,2139,0
20240822,8,2143,7
20240822,8,2148,1
20240822,8,2159,0
20240822,8,2171,1
20240822,8,2172,5
20240822,8,2178,7
20240822,8,2179,1
20240822,8,2185,4
20240822,8,2186,4
20240822,8,2191,15
20240822,8,2198,6
20240822,8,2199,7
20240822,8,3310,0
20240822,8,3311,4
20240822,8,3802,6
20240822,9,2111,24
20240822,9,2112,14
20240822,9,2116,7
20240822,9,2122,5
20240822,9,2128,1
20240822,9,2129,0
20240822,9,2130,0
20240822,9,2139,0
20240822,9,2143,7
20240822,9,2148,2
20240822,9,2159,1
20240822,9,2171,1
20240822,9,2172,4
20240822,9,2178,7
20240822,9,2179,2
20240822,9,2185,4
20240822,9,2186,2
20240822,9,2191,15
20240822,9,2198,6
20240822,9,2199,7
20240822,9,3310,0
20240822,9,3311,6
20240822,9,3802,5
20240822,10,2111,26
20240822,10,2112,14
20240822,10,2116,10
20240822,10,2122,4
20240822,10,2128,1
20240822,10,2129,0
20240822,10,2130,0
20240822,10,2139,2
20240822,10,2143,6
20240822,10,2148,3
20240822,10,2159,1
20240822,10,2171,4
20240822,10,2172,5
20240822,10,2178,7
20240822,10,2179,4
20240822,10,2185,4
20240822,10,2186,1
20240822,10,2191,17
20240822,10,2198,6
20240822,10,2199,7
20240822,10,3310,0
20240822,10,3311,10
20240822,10,3802,5
20240822,11,2111,27
20240822,11,2112,13
20240822,11,2116,9
20240822,11,2122,4
20240822,11,2128,0
20240822,11,2129,0
20240822,11,2130,0
20240822,11,2139,2
20240822,11,2143,6
20240822,11,2148,3
20240822,11,2159,2
20240822,11,2171,4
20240822,11,2172,3
20240822,11,2178,14
20240822,11,2179,2
20240822,11,2185,3
20240822,11,2186,1
20240822,11,2191,16
20240822,11,2198,7
20240822,11,2199,7
20240822,11,3310,0
20240822,11,3311,9
20240822,11,3802,5
20240822,12,2111,27
20240822,12,2112,14
20240822,12,2116,8
20240822,12,2122,3
20240822,12,2128,0
20240822,12,2129,1
20240822,12,2130,0
20240822,12,2139,2
20240822,12,2143,7
20240822,12,2148,3
20240822,12,2159,2
20240822,12,2171,6
20240822,12,2172,2
20240822,12,2178,14
20240822,12,2179,3
20240822,12,2185,5
20240822,12,2186,1
20240822,12,2191,14
20240822,12,2198,4
20240822,12,2199,8
20240822,12,3310,0
20240822,12,3311,9
20240822,12,3802,5
20240822,13,2111,27
20240822,13,2112,13
20240822,13,2116,8
20240822,13,2122,2
20240822,13,2128,0
20240822,13,2129,1
20240822,13,2130,0
20240822,13,2139,3
20240822,13,2143,7
20240822,13,2148,0
20240822,13,2159,2
20240822,13,2171,7
20240822,13,2172,2
20240822,13,2178,13
20240822,13,2179,5
20240822,13,2185,6
20240822,13,2186,1
20240822,13,2191,14
20240822,13,2198,5
20240822,13,2199,8
20240822,13,3310,0
20240822,13,3311,9
20240822,13,3802,6
20240822,14,2111,27
20240822,14,2112,13
20240822,14,2116,8
20240822,14,2122,2
20240822,14,2128,0
20240822,14,2129,1
20240822,14,2130,0
20240822,14,2139,3
20240822,14,2143,6
20240822,14,2148,0
20240822,14,2159,2
20240822,14,2171,7
20240822,14,2172,2
20240822,14,2178,13
20240822,14,2179,4
20240822,14,2185,6
20240822,14,2186,1
20240822,14,2191,13
20240822,14,2198,6
20240822,14,2199,8
20240822,14,3310,0
20240822,14,3311,11
20240822,14,3802,5
20240822,15,2111,25
20240822,15,2112,13
20240822,15,2116,7
20240822,15,2122,2
20240822,15,2128,0
20240822,15,2129,0
20240822,15,2130,0
20240822,15,2139,3
20240822,15,2143,6
20240822,15,2148,0
20240822,15,2159,2
20240822,15,2171,7
20240822,15,2172,2
20240822,15,2178,13
20240822,15,2179,3
20240822,15,2185,5
20240822,15,2186,0
20240822,15,2191,13
20240822,15,2198,6
20240822,15,2199,7
20240822,15,3310,0
20240822,15,3311,10
20240822,15,3802,5
20240822,16,2111,25
20240822,16,2112,13
20240822,16,2116,7
20240822,16,2122,3
20240822,16,2128,0
20240822,16,2129,0
20240822,16,2130,0
20240822,16,2139,3
20240822,16,2143,6
20240822,16,2148,0
20240822,16,2159,2
20240822,16,2171,7
20240822,16,2172,3
20240822,16,2178,13
20240822,16,2179,3
20240822,16,2185,5
20240822,16,2186,0
20240822,16,2191,13
20240822,16,2198,6
20240822,16,2199,7
20240822,16,3310,0
20240822,16,3311,9
20240822,16,3802,5
20240822,17,2111,23
20240822,17,2112,13
20240822,17,2116,7
20240822,17,2122,1
20240822,17,2128,0
20240822,17,2129,0
20240822,17,2130,0
20240822,17,2139,2
20240822,17,2143,6
20240822,17,2148,0
20240822,17,2159,1
20240822,17,2171,7
20240822,17,2172,1
20240822,17,2178,9
20240822,17,2179,2
20240822,17,2185,3
20240822,17,2186,0
20240822,17,2191,11
20240822,17,2198,6
20240822,17,2199,7
20240822,17,3310,0
20240822,17,3311,9
20240822,17,3802,6
20240822,18,2111,22
20240822,18,2112,13
20240822,18,2116,7
20240822,18,2122,1
20240822,18,2128,1
20240822,18,2129,0
20240822,18,2130,0
20240822,18,2139,0
20240822,18,2143,8
20240822,18,2148,0
20240822,18,2159,0
20240822,18,2171,3
20240822,18,2172,1
20240822,18,2178,8
20240822,18,2179,3
20240822,18,2185,3
20240822,18,2186,0
20240822,18,2191,9
20240822,18,2198,3
20240822,18,2199,4
20240822,18,3310,0
20240822,18,3311,8
20240822,18,3802,5
20240822,19,2111,22
20240822,19,2112,14
20240822,19,2116,9
20240822,19,2122,3
20240822,19,2128,1
20240822,19,2129,0
20240822,19,2130,0
20240822,19,2139,0
20240822,19,2143,6
20240822,19,2148,1
20240822,19,2159,0
20240822,19,2171,4
20240822,19,2172,1
20240822,19,2178,8
20240822,19,2179,2
20240822,19,2185,5
20240822,19,2186,0
20240822,19,2191,9
20240822,19,2198,2
20240822,19,2199,3
20240822,19,3310,0
20240822,19,3311,8
20240822,19,3802,6
20240822,20,2111,22
20240822,20,2112,16
20240822,20,2116,8
20240822,20,2122,1
20240822,20,2128,2
20240822,20,2129,0
20240822,20,2130,0
20240822,20,2139,1
20240822,20,2143,7
20240822,20,2148,0
20240822,20,2159,0
20240822,20,2171,3
20240822,20,2172,1
20240822,20,2178,8
20240822,20,2179,1
20240822,20,2185,5
20240822,20,2186,0
20240822,20,2191,10
20240822,20,2198,1
20240822,20,2199,2
20240822,20,3310,0
20240822,20,3311,9
20240822,20,3802,5
20240822,21,2111,22
20240822,21,2112,13
20240822,21,2116,7
20240822,21,2122,1
20240822,21,2128,2
20240822,21,2129,0
20240822,21,2130,0
20240822,21,2139,1
20240822,21,2143,4
20240822,21,2148,0
20240822,21,2159,0
20240822,21,2171,2
20240822,21,2172,1
20240822,21,2178,8
20240822,21,2179,1
20240822,21,2185,6
20240822,21,2186,0
20240822,21,2191,11
20240822,21,2198,1
20240822,21,2199,2
20240822,21,3310,0
20240822,21,3311,8
20240822,21,3802,5
20240822,22,2111,21
20240822,22,2112,12
20240822,22,2116,7
20240822,22,2122,0
20240822,22,2128,2
20240822,22,2129,0
20240822,22,2130,0
20240822,22,2139,1
20240822,22,2143,4
20240822,22,2148,0
20240822,22,2159,0
20240822,22,2171,1
20240822,22,2172,0
20240822,22,2178,7
20240822,22,2179,1
20240822,22,2185,6
20240822,22,2186,0
20240822,22,2191,11
20240822,22,2198,1
20240822,22,2199,2
20240822,22,3310,0
20240822,22,3311,5
20240822,22,3802,5
20240822,23,2111,21
20240822,23,2112,12
20240822,23,2116,7
20240822,23,2122,0
20240822,23,2128,2
20240822,23,2129,0
20240822,23,2130,0
20240822,23,2139,3
20240822,23,2143,5
20240822,23,2148,0
20240822,23,2159,0
20240822,23,2171,1
20240822,23,2172,0
20240822,23,2178,5
20240822,23,2179,2
20240822,23,2185,6
20240822,23,2186,0
20240822,23,2191,13
20240822,23,2198,1
20240822,23,2199,2
20240822,23,3310,0
20240822,23,3311,5
20240822,23,3802,6
20240823,0,2111,21
20240823,0,2112,11
20240823,0,2116,7
20240823,0,2122,0
20240823,0,2128,2
20240823,0,2129,0
20240823,0,2130,0
20240823,0,2139,1
20240823,0,2143,6
20240823,0,2148,0
20240823,0,2159,0
20240823,0,2171,0
20240823,0,2172,1
20240823,0,2178,5
20240823,0,2179,3
20240823,0,2185,7
20240823,0,2186,1
20240823,0,2191,14
20240823,0,2198,2
20240823,0,2199,3
20240823,0,3310,0
20240823,0,3311,3
20240823,0,3802,6
20240823,1,2111,22
20240823,1,2112,11
20240823,1,2116,7
20240823,1,2122,0
20240823,1,2128,2
20240823,1,2129,0
20240823,1,2130,0
20240823,1,2139,1
20240823,1,2143,7
20240823,1,2148,1
20240823,1,2159,0
20240823,1,2171,0
20240823,1,2172,2
20240823,1,2178,4
20240823,1,2179,0
20240823,1,2185,7
20240823,1,2186,1
20240823,1,2191,17
20240823,1,2198,2
20240823,1,2199,3
20240823,1,3310,0
20240823,1,3311,3
20240823,1,3802,6
20240823,2,2111,22
20240823,2,2112,11
20240823,2,2116,6
20240823,2,2122,0
20240823,2,2128,1
20240823,2,2129,0
20240823,2,2130,0
20240823,2,2139,2
20240823,2,2143,7
20240823,2,2148,1
20240823,2,2159,0
20240823,2,2171,1
20240823,2,2172,2
20240823,2,2178,3
20240823,2,2179,0
20240823,2,2185,8
20240823,2,2186,1
20240823,2,2191,16
20240823,2,2198,2
20240823,2,2199,4
20240823,2,3310,0
20240823,2,3311,3
20240823,2,3802,6
20240823,3,2111,22
20240823,3,2112,10
20240823,3,2116,7
20240823,3,2122,0
20240823,3,2128,1
20240823,3,2129,0
20240823,3,2130,0
20240823,3,2139,3
20240823,3,2143,8
20240823,3,2148,1
20240823,3,2159,0
20240823,3,2171,0
20240823,3,2172,2
20240823,3,2178,2
20240823,3,2179,1
20240823,3,2185,8
20240823,3,2186,1
20240823,3,2191,16
20240823,3,2198,1
20240823,3,2199,3
20240823,3,3310,0
20240823,3,3311,3
20240823,3,3802,5
20240823,4,2111,22
20240823,4,2112,11
20240823,4,2116,5
20240823,4,2122,0
20240823,4,2128,0
20240823,4,2129,0
20240823,4,2130,0
20240823,4,2139,2
20240823,4,2143,9
20240823,4,2148,1
20240823,4,2159,0
20240823,4,2171,0
20240823,4,2172,3
20240823,4,2178,2
20240823,4,2179,1
20240823,4,2185,9
20240823,4,2186,1
20240823,4,2191,16
20240823,4,2198,1
20240823,4,2199,3
20240823,4,3310,0
20240823,4,3311,3
20240823,4,3802,5
20240823,5,2111,22
20240823,5,2112,10
20240823,5,2116,7
20240823,5,2122,0
20240823,5,2128,0
20240823,5,2129,0
20240823,5,2130,0
20240823,5,2139,3
20240823,5,2143,9
20240823,5,2148,1
20240823,5,2159,0
20240823,5,2171,0
20240823,5,2172,3
20240823,5,2178,2
20240823,5,2179,3
20240823,5,2185,11
20240823,5,2186,1
20240823,5,2191,16
20240823,5,2198,1
20240823,5,2199,3
20240823,5,3310,0
20240823,5,3311,3
20240823,5,3802,5
20240823,6,2111,23
20240823,6,2112,10
20240823,6,2116,7
20240823,6,2122,0
20240823,6,2128,0
20240823,6,2129,0
20240823,6,2130,0
20240823,6,2139,3
20240823,6,2143,9
20240823,6,2148,1
20240823,6,2159,0
20240823,6,2171,1
20240823,6,2172,3
20240823,6,2178,2
20240823,6,2179,3
20240823,6,2185,11
20240823,6,2186,0
20240823,6,2191,17
20240823,6,2198,1
20240823,6,2199,3
20240823,6,3310,0
20240823,6,3311,3
20240823,6,3802,7
20240823,7,2111,25
20240823,7,2112,10
20240823,7,2116,8
20240823,7,2122,0
20240823,7,2128,0
20240823,7,2129,0
20240823,7,2130,0
20240823,7,2139,3
20240823,7,2143,9
20240823,7,2148,4
20240823,7,2159,0
20240823,7,2171,0
20240823,7,2172,3
20240823,7,2178,2
20240823,7,2179,2
20240823,7,2185,11
20240823,7,2186,0
20240823,7,2191,17
20240823,7,2198,1
20240823,7,2199,3
20240823,7,3310,0
20240823,7,3311,4
20240823,7,3802,3
20240823,8,2111,25
20240823,8,2112,10
20240823,8,2116,11
20240823,8,2122,0
20240823,8,2128,0
20240823,8,2129,1
20240823,8,2130,0
20240823,8,2139,0
20240823,8,2143,9
20240823,8,2148,2
20240823,8,2159,0
20240823,8,2171,0
20240823,8,2172,1
20240823,8,2178,2
20240823,8,2179,2
20240823,8,2185,9
20240823,8,2186,1
20240823,8,2191,15
20240823,8,2198,0
20240823,8,2199,3
20240823,8,3310,0
20240823,8,3311,9
20240823,8,3802,2
20240823,9,2111,24
20240823,9,2112,12
20240823,9,2116,12
20240823,9,2122,0
20240823,9,2128,1
20240823,9,2129,0
20240823,9,2130,0
20240823,9,2139,0
20240823,9,2143,10
20240823,9,2148,2
20240823,9,2159,0
20240823,9,2171,2
20240823,9,2172,0
20240823,9,2178,3
20240823,9,2179,3
20240823,9,2185,8
20240823,9,2186,0
20240823,9,2191,15
20240823,9,2198,1
20240823,9,2199,2
20240823,9,3310,0
20240823,9,3311,12
20240823,9,3802,2
20240823,10,2111,24
20240823,10,2112,14
20240823,10,2116,11
20240823,10,2122,0
20240823,10,2128,1
20240823,10,2129,0
20240823,10,2130,0
20240823,10,2139,0
20240823,10,2143,11
20240823,10,2148,3
20240823,10,2159,0
20240823,10,2171,2
20240823,10,2172,1
20240823,10,2178,3
20240823,10,2179,2
20240823,10,2185,8
20240823,10,2186,0
20240823,10,2191,13
20240823,10,2198,0
20240823,10,2199,1
20240823,10,3310,0
20240823,10,3311,13
20240823,10,3802,2
20240823,11,2111,29
20240823,11,2112,13
20240823,11,2116,11
20240823,11,2122,0
20240823,11,2128,3
20240823,11,2129,0
20240823,11,2130,0
20240823,11,2139,2
20240823,11,2143,13
20240823,11,2148,4
20240823,11,2159,0
20240823,11,2171,3
20240823,11,2172,20
20240823,11,2178,2
20240823,11,2179,2
20240823,11,2185,8
20240823,11,2186,0
20240823,11,2191,12
20240823,11,2198,0
20240823,11,2199,0
20240823,11,3310,20
20240823,11,3311,12
20240823,11,3802,0
20240823,12,2111,26
20240823,12,2112,15
20240823,12,2116,9
20240823,12,2122,1
20240823,12,2128,4
20240823,12,2129,0
20240823,12,2130,8
20240823,12,2139,2
20240823,12,2143,13
20240823,12,2148,3
20240823,12,2159,0
20240823,12,2171,4
20240823,12,2172,18
20240823,12,2178,1
20240823,12,2179,2
20240823,12,2185,11
20240823,12,2186,0
20240823,12,2191,14
20240823,12,2198,0
20240823,12,2199,0
20240823,12,3310,19
20240823,12,3311,13
20240823,12,3802,0
20240823,13,2111,26
20240823,13,2112,17
20240823,13,2116,10
20240823,13,2122,1
20240823,13,2128,3
20240823,13,2129,0
20240823,13,2130,8
20240823,13,2139,2
20240823,13,2143,13
20240823,13,2148,3
20240823,13,2159,0
20240823,13,2171,1
20240823,13,2172,16
20240823,13,2178,1
20240823,13,2179,2
20240823,13,2185,13
20240823,13,2186,0
20240823,13,2191,15
20240823,13,2198,2
20240823,13,2199,0
20240823,13,3310,18
20240823,13,3311,13
20240823,13,3802,0
20240823,14,2111,27
20240823,14,2112,17
20240823,14,2116,10
20240823,14,2122,1
20240823,14,2128,3
20240823,14,2129,0
20240823,14,2130,9
20240823,14,2139,2
20240823,14,2143,13
20240823,14,2148,2
20240823,14,2159,0
20240823,14,2171,1
20240823,14,2172,12
20240823,14,2178,1
20240823,14,2179,5
20240823,14,2185,13
20240823,14,2186,0
20240823,14,2191,18
20240823,14,2198,1
20240823,14,2199,0
20240823,14,3310,18
20240823,14,3311,15
20240823,14,3802,0
20240823,15,2111,28
20240823,15,2112,16
20240823,15,2116,8
20240823,15,2122,0
20240823,15,2128,3
20240823,15,2129,0
20240823,15,2130,9
20240823,15,2139,3
20240823,15,2143,13
20240823,15,2148,1
20240823,15,2159,1
20240823,15,2171,1
20240823,15,2172,8
20240823,15,2178,16
20240823,15,2179,4
20240823,15,2185,12
20240823,15,2186,0
20240823,15,2191,18
20240823,15,2198,0
20240823,15,2199,0
20240823,15,3310,15
20240823,15,3311,17
20240823,15,3802,0
20240823,16,2111,27
20240823,16,2112,19
20240823,16,2116,10
20240823,16,2122,0
20240823,16,2128,3
20240823,16,2129,0
20240823,16,2130,9
20240823,16,2139,4
20240823,16,2143,14
20240823,16,2148,2
20240823,16,2159,1
20240823,16,2171,2
20240823,16,2172,8
20240823,16,2178,15
20240823,16,2179,3
20240823,16,2185,11
20240823,16,2186,0
20240823,16,2191,16
20240823,16,2198,0
20240823,16,2199,0
20240823,16,3310,14
20240823,16,3311,15
20240823,16,3802,0
20240823,17,2111,28
20240823,17,2112,18
20240823,17,2116,7
20240823,17,2122,0
20240823,17,2128,3
20240823,17,2129,0
20240823,17,2130,9
20240823,17,2139,4
20240823,17,2143,16
20240823,17,2148,0
20240823,17,2159,0
20240823,17,2171,2
20240823,17,2172,5
20240823,17,2178,14
20240823,17,2179,3
20240823,17,2185,11
20240823,17,2186,1
20240823,17,2191,16
20240823,17,2198,0
20240823,17,2199,0
20240823,17,3310,13
20240823,17,3311,13
20240823,17,3802,0
20240823,18,2111,28
20240823,18,2112,18
20240823,18,2116,5
20240823,18,2122,0
20240823,18,2128,2
20240823,18,2129,0
20240823,18,2130,9
20240823,18,2139,4
20240823,18,2143,11
20240823,18,2148,3
20240823,18,2159,0
20240823,18,2171,0
20240823,18,2172,5
20240823,18,2178,11
20240823,18,2179,3
20240823,18,2185,16
20240823,18,2186,1
20240823,18,2191,14
20240823,18,2198,2
20240823,18,2199,1
20240823,18,3310,10
20240823,18,3311,9
20240823,18,3802,0
20240823,19,2111,28
20240823,19,2112,15
20240823,19,2116,3
20240823,19,2122,0
20240823,19,2128,1
20240823,19,2129,0
20240823,19,2130,9
20240823,19,2139,5
20240823,19,2143,11
20240823,19,2148,0
20240823,19,2159,0
20240823,19,2171,0
20240823,19,2172,7
20240823,19,2178,9
20240823,19,2179,6
20240823,19,2185,17
20240823,19,2186,0
20240823,19,2191,16
20240823,19,2198,0
20240823,19,2199,1
20240823,19,3310,10
20240823,19,3311,8
20240823,19,3802,2
20240823,20,2111,29
20240823,20,2112,12
20240823,20,2116,2
20240823,20,2122,0
20240823,20,2128,2
20240823,20,2129,0
20240823,20,2130,9
20240823,20,2139,8
20240823,20,2143,10
20240823,20,2148,0
20240823,20,2159,0
20240823,20,2171,1
20240823,20,2172,6
20240823,20,2178,8
20240823,20,2179,5
20240823,20,2185,17
20240823,20,2186,0
20240823,20,2191,14
20240823,20,2198,0
20240823,20,2199,0
20240823,20,3310,10
20240823,20,3311,8
20240823,20,3802,2
20240823,21,2111,28
20240823,21,2112,11
20240823,21,2116,3
20240823,21,2122,0
20240823,21,2128,1
20240823,21,2129,1
20240823,21,2130,9
20240823,21,2139,6
20240823,21,2143,8
20240823,21,2148,0
20240823,21,2159,0
20240823,21,2171,1
20240823,21,2172,6
20240823,21,2178,7
20240823,21,2179,5
20240823,21,2185,16
20240823,21,2186,0
20240823,21,2191,14
20240823,21,2198,1
20240823,21,2199,0
20240823,21,3310,10
20240823,21,3311,6
20240823,21,3802,0
20240823,22,2111,28
20240823,22,2112,11
20240823,22,2116,2
20240823,22,2122,1
20240823,22,2128,0
20240823,22,2129,0
20240823,22,2130,9
20240823,22,2139,5
20240823,22,2143,7
20240823,22,2148,4
20240823,22,2159,0
20240823,22,2171,1
20240823,22,2172,7
20240823,22,2178,4
20240823,22,2179,3
20240823,22,2185,17
20240823,22,2186,0
20240823,22,2191,15
20240823,22,2198,3
20240823,22,2199,0
20240823,22,3310,10
20240823,22,3311,7
20240823,22,3802,0
20240823,23,2111,27
20240823,23,2112,11
20240823,23,2116,3
20240823,23,2122,2
20240823,23,2128,1
20240823,23,2129,0
20240823,23,2130,9
20240823,23,2139,9
20240823,23,2143,7
20240823,23,2148,4
20240823,23,2159,0
20240823,23,2171,1
20240823,23,2172,6
20240823,23,2178,3
20240823,23,2179,1
20240823,23,2185,18
20240823,23,2186,3
20240823,23,2191,16
20240823,23,2198,6
20240823,23,2199,0
20240823,23,3310,10
20240823,23,3311,6
20240823,23,3802,0
20240824,0,2111,26
20240824,0,2112,11
20240824,0,2116,1
20240824,0,2122,3
20240824,0,2128,0
20240824,0,2129,0
20240824,0,2130,9
20240824,0,2139,9
20240824,0,2143,8
20240824,0,2148,4
20240824,0,2159,0
20240824,0,2171,0
20240824,0,2172,7
20240824,0,2178,3
20240824,0,2179,1
20240824,0,2185,22
20240824,0,2186,4
20240824,0,2191,15
20240824,0,2198,8
20240824,0,2199,0
20240824,0,3310,10
20240824,0,3311,5
20240824,0,3802,0
20240824,1,2111,26
20240824,1,2112,10
20240824,1,2116,1
20240824,1,2122,0
20240824,1,2128,0
20240824,1,2129,1
20240824,1,2130,9
20240824,1,2139,10
20240824,1,2143,8
20240824,1,2148,4
20240824,1,2159,0
20240824,1,2171,0
20240824,1,2172,7
20240824,1,2178,2
20240824,1,2179,0
20240824,1,2185,23
20240824,1,2186,4
20240824,1,2191,14
20240824,1,2198,8
20240824,1,2199,0
20240824,1,3310,9
20240824,1,3311,4
20240824,1,3802,0
20240824,2,2111,25
20240824,2,2112,10
20240824,2,2116,2
20240824,2,2122,0
20240824,2,2128,1
20240824,2,2129,1
20240824,2,2130,9
20240824,2,2139,10
20240824,2,2143,10
20240824,2,2148,4
20240824,2,2159,0
20240824,2,2171,0
20240824,2,2172,5
20240824,2,2178,2
20240824,2,2179,0
20240824,2,2185,24
20240824,2,2186,3
20240824,2,2191,14
20240824,2,2198,5
20240824,2,2199,0
20240824,2,3310,9
20240824,2,3311,4
20240824,2,3802,0
20240824,3,2111,25
20240824,3,2112,10
20240824,3,2116,1
20240824,3,2122,1
20240824,3,2128,0
20240824,3,2129,1
20240824,3,2130,9
20240824,3,2139,11
20240824,3,2143,11
20240824,3,2148,4
20240824,3,2159,2
20240824,3,2171,0
20240824,3,2172,5
20240824,3,2178,3
20240824,3,2179,0
20240824,3,2185,26
20240824,3,2186,4
20240824,3,2191,14
20240824,3,2198,7
20240824,3,2199,0
20240824,3,3310,9
20240824,3,3311,4
20240824,3,3802,0
20240824,4,2111,25
20240824,4,2112,9
20240824,4,2116,1
20240824,4,2122,1
20240824,4,2128,0
20240824,4,2129,2
20240824,4,2130,9
20240824,4,2139,12
20240824,4,2143,11
20240824,4,2148,4
20240824,4,2159,2
20240824,4,2171,0
20240824,4,2172,5
20240824,4,2178,4
20240824,4,2179,0
20240824,4,2185,25
20240824,4,2186,4
20240824,4,2191,16
20240824,4,2198,6
20240824,4,2199,0
20240824,4,3310,9
20240824,4,3311,5
20240824,4,3802,0
20240824,5,2111,25
20240824,5,2112,9
20240824,5,2116,1
20240824,5,2122,1
20240824,5,2128,0
20240824,5,2129,2
20240824,5,2130,9
20240824,5,2139,13
20240824,5,2143,12
20240824,5,2148,5
20240824,5,2159,2
20240824,5,2171,0
20240824,5,2172,5
20240824,5,2178,4
20240824,5,2179,1
20240824,5,2185,24
20240824,5,2186,4
20240824,5,2191,16
20240824,5,2198,6
20240824,5,2199,0
20240824,5,3310,9
20240824,5,3311,4
20240824,5,3802,0
20240824,6,2111,27
20240824,6,2112,10
20240824,6,2116,1
20240824,6,2122,1
20240824,6,2128,0
20240824,6,2129,2
20240824,6,2130,9
20240824,6,2139,12
20240824,6,2143,12
20240824,6,2148,5
20240824,6,2159,1
20240824,6,2171,0
20240824,6,2172,7
20240824,6,2178,4
20240824,6,2179,0
20240824,6,2185,24
20240824,6,2186,4
20240824,6,2191,18
20240824,6,2198,6
20240824,6,2199,0
20240824,6,3310,9
20240824,6,3311,3
20240824,6,3802,2
20240824,7,2111,30
20240824,7,2112,11
20240824,7,2116,1
20240824,7,2122,1
20240824,7,2128,0
20240824,7,2129,1
20240824,7,2130,10
20240824,7,2139,12
20240824,7,2143,12
20240824,7,2148,5
20240824,7,2159,0
20240824,7,2171,0
20240824,7,2172,8
20240824,7,2178,4
20240824,7,2179,0
20240824,7,2185,23
20240824,7,2186,3
20240824,7,2191,18
20240824,7,2198,6
20240824,7,2199,0
20240824,7,3310,8
20240824,7,3311,2
20240824,7,3802,2
20240824,8,2111,32
20240824,8,2112,12
20240824,8,2116,1
20240824,8,2122,1
20240824,8,2128,0
20240824,8,2129,1
20240824,8,2130,10
20240824,8,2139,9
20240824,8,2143,12
20240824,8,2148,5
20240824,8,2159,0
20240824,8,2171,1
20240824,8,2172,7
20240824,8,2178,4
20240824,8,2179,1
20240824,8,2185,22
20240824,8,2186,3
20240824,8,2191,17
20240824,8,2198,6
20240824,8,2199,0
20240824,8,3310,6
20240824,8,3311,3
20240824,8,3802,2
20240824,9,2111,31
20240824,9,2112,12
20240824,9,2116,1
20240824,9,2122,1
20240824,9,2128,0
20240824,9,2129,0
20240824,9,2130,9
20240824,9,2139,9
20240824,9,2143,13
20240824,9,2148,3
20240824,9,2159,0
20240824,9,2171,2
20240824,9,2172,8
20240824,9,2178,5
20240824,9,2179,2
20240824,9,2185,21
20240824,9,2186,4
20240824,9,2191,18
20240824,9,2198,7
20240824,9,2199,0
20240824,9,3310,3
20240824,9,3311,5
20240824,9,3802,2
20240824,10,2111,33
20240824,10,2112,14
20240824,10,2116,2
20240824,10,2122,0
20240824,10,2128,1
20240824,10,2129,0
20240824,10,2130,9
20240824,10,2139,6
20240824,10,2143,13
20240824,10,2148,2
20240824,10,2159,0
20240824,10,2171,4
20240824,10,2172,8
20240824,10,2178,5
20240824,10,2179,2
20240824,10,2185,21
20240824,10,2186,1
20240824,10,2191,18
20240824,10,2198,6
20240824,10,2199,1
20240824,10,3310,2
20240824,10,3311,8
20240824,10,3802,7
20240824,11,2111,33
20240824,11,2112,13
20240824,11,2116,3
20240824,11,2122,2
20240824,11,2128,1
20240824,11,2129,0
20240824,11,2130,9
20240824,11,2139,5
20240824,11,2143,14
20240824,11,2148,2
20240824,11,2159,1
20240824,11,2171,0
20240824,11,2172,8
20240824,11,2178,3
20240824,11,2179,1
20240824,11,2185,19
20240824,11,2186,0
20240824,11,2191,18
20240824,11,2198,2
20240824,11,2199,0
20240824,11,3310,1
20240824,11,3311,12
20240824,11,3802,2
20240824,12,2111,31
20240824,12,2112,13
20240824,12,2116,3
20240824,12,2122,4
20240824,12,2128,3
20240824,12,2129,0
20240824,12,2130,9
20240824,12,2139,6
20240824,12,2143,14
20240824,12,2148,9
20240824,12,2159,1
20240824,12,2171,3
20240824,12,2172,7
20240824,12,2178,3
20240824,12,2179,2
20240824,12,2185,20
20240824,12,2186,0
20240824,12,2191,20
20240824,12,2198,2
20240824,12,2199,0
20240824,12,3310,2
20240824,12,3311,13
20240824,12,3802,2
20240824,13,2111,31
20240824,13,2112,14
20240824,13,2116,3
20240824,13,2122,3
20240824,13,2128,2
20240824,13,2129,0
20240824,13,2130,8
20240824,13,2139,7
20240824,13,2143,14
20240824,13,2148,8
20240824,13,2159,1
20240824,13,2171,2
20240824,13,2172,6
20240824,13,2178,2
20240824,13,2179,2
20240824,13,2185,18
20240824,13,2186,0
20240824,13,2191,17
20240824,13,2198,2
20240824,13,2199,0
20240824,13,3310,4
20240824,13,3311,7
20240824,13,3802,2
20240824,14,2111,30
20240824,14,2112,13
20240824,14,2116,6
20240824,14,2122,1
20240824,14,2128,3
20240824,14,2129,0
20240824,14,2130,8
20240824,14,2139,8
20240824,14,2143,13
20240824,14,2148,6
20240824,14,2159,1
20240824,14,2171,4
20240824,14,2172,5
20240824,14,2178,2
20240824,14,2179,2
20240824,14,2185,18
20240824,14,2186,1
20240824,14,2191,18
20240824,14,2198,2
20240824,14,2199,0
20240824,14,3310,3
20240824,14,3311,7
20240824,14,3802,2
20240824,15,2111,29
20240824,15,2112,14
20240824,15,2116,5
20240824,15,2122,2
20240824,15,2128,1
20240824,15,2129,0
20240824,15,2130,8
20240824,15,2139,8
20240824,15,2143,12
20240824,15,2148,7
20240824,15,2159,1
20240824,15,2171,3
20240824,15,2172,6
20240824,15,2178,2
20240824,15,2179,2
20240824,15,2185,18
20240824,15,2186,1
20240824,15,2191,18
20240824,15,2198,2
20240824,15,2199,0
20240824,15,3310,1
20240824,15,3311,8
20240824,15,3802,2
20240824,16,2111,27
20240824,16,2112,15
20240824,16,2116,5
20240824,16,2122,0
20240824,16,2128,1
20240824,16,2129,0
20240824,16,2130,8
20240824,16,2139,7
20240824,16,2143,12
20240824,16,2148,7
20240824,16,2159,1
20240824,16,2171,3
20240824,16,2172,6
20240824,16,2178,4
20240824,16,2179,2
20240824,16,2185,19
20240824,16,2186,1
20240824,16,2191,21
20240824,16,2198,2
20240824,16,2199,0
20240824,16,3310,16
20240824,16,3311,6
20240824,16,3802,4
20240824,17,2111,28
20240824,17,2112,15
20240824,17,2116,4
20240824,17,2122,2
20240824,17,2128,3
20240824,17,2129,0
20240824,17,2130,5
20240824,17,2139,6
20240824,17,2143,13
20240824,17,2148,10
20240824,17,2159,3
20240824,17,2171,3
20240824,17,2172,1
20240824,17,2178,2
20240824,17,2179,2
20240824,17,2185,17
20240824,17,2186,1
20240824,17,2191,22
20240824,17,2198,3
20240824,17,2199,0
20240824,17,3310,16
20240824,17,3311,6
20240824,17,3802,3
20240824,18,2111,30
20240824,18,2112,14
20240824,18,2116,4
20240824,18,2122,2
20240824,18,2128,3
20240824,18,2129,0
20240824,18,2130,3
20240824,18,2139,4
20240824,18,2143,12
20240824,18,2148,9
20240824,18,2159,3
20240824,18,2171,6
20240824,18,2172,1
20240824,18,2178,2
20240824,18,2179,2
20240824,18,2185,17
20240824,18,2186,0
20240824,18,2191,21
20240824,18,2198,2
20240824,18,2199,0
20240824,18,3310,16
20240824,18,3311,6
20240824,18,3802,5
20240824,19,2111,29
20240824,19,2112,14
20240824,19,2116,4
20240824,19,2122,2
20240824,19,2128,2
20240824,19,2129,0
20240824,19,2130,3
20240824,19,2139,3
20240824,19,2143,12
20240824,19,2148,5
20240824,19,2159,3
20240824,19,2171,8
20240824,19,2172,1
20240824,19,2178,0
20240824,19,2179,3
20240824,19,2185,16
20240824,19,2186,0
20240824,19,2191,20
20240824,19,2198,2
20240824,19,2199,0
20240824,19,3310,9
20240824,19,3311,5
20240824,19,3802,9
20240824,20,2111,14
20240824,20,2112,14
20240824,20,2116,4
20240824,20,2122,1
20240824,20,2128,1
20240824,20,2129,0
20240824,20,2130,3
20240824,20,2139,4
20240824,20,2143,12
20240824,20,2148,7
20240824,20,2159,5
20240824,20,2171,8
20240824,20,2172,1
20240824,20,2178,0
20240824,20,2179,3
20240824,20,2185,12
20240824,20,2186,1
20240824,20,2191,17
20240824,20,2198,2
20240824,20,2199,0
20240824,20,3310,9
20240824,20,3311,5
20240824,20,3802,7
20240824,21,2111,14
20240824,21,2112,14
20240824,21,2116,2
20240824,21,2122,2
20240824,21,2128,1
20240824,21,2129,0
20240824,21,2130,3
20240824,21,2139,6
20240824,21,2143,12
20240824,21,2148,6
20240824,21,2159,4
20240824,21,2171,3
20240824,21,2172,1
20240824,21,2178,0
20240824,21,2179,1
20240824,21,2185,13
20240824,21,2186,0
20240824,21,2191,13
20240824,21,2198,2
20240824,21,2199,5
20240824,21,3310,9
20240824,21,3311,5
20240824,21,3802,6
20240824,22,2111,13
20240824,22,2112,16
20240824,22,2116,3
20240824,22,2122,2
20240824,22,2128,1
20240824,22,2129,0
20240824,22,2130,3
20240824,22,2139,5
20240824,22,2143,12
20240824,22,2148,6
20240824,22,2159,3
20240824,22,2171,1
20240824,22,2172,1
20240824,22,2178,0
20240824,22,2179,3
20240824,22,2185,12
20240824,22,2186,0
20240824,22,2191,13
20240824,22,2198,1
20240824,22,2199,5
20240824,22,3310,7
20240824,22,3311,5
20240824,22,3802,8
20240824,23,2111,12
20240824,23,2112,14
20240824,23,2116,8
20240824,23,2122,2
20240824,23,2128,2
20240824,23,2129,0
20240824,23,2130,3
20240824,23,2139,4
20240824,23,2143,14
20240824,23,2148,5
20240824,23,2159,3
20240824,23,2171,2
20240824,23,2172,1
20240824,23,2178,0
20240824,23,2179,4
20240824,23,2185,15
20240824,23,2186,1
20240824,23,2191,13
20240824,23,2198,4
20240824,23,2199,5
20240824,23,3310,8
20240824,23,3311,5
20240824,23,3802,8
20240825,0,2111,10
20240825,0,2112,13
20240825,0,2116,5
20240825,0,2122,2
20240825,0,2128,1
20240825,0,2129,0
20240825,0,2130,3
20240825,0,2139,4
20240825,0,2143,15
20240825,0,2148,5
20240825,0,2159,4
20240825,0,2171,0
20240825,0,2172,1
20240825,0,2178,2
20240825,0,2179,6
20240825,0,2185,17
20240825,0,2186,1
20240825,0,2191,16
20240825,0,2198,2
20240825,0,2199,5
20240825,0,3310,8
20240825,0,3311,3
20240825,0,3802,8
20240825,1,2111,10
20240825,1,2112,12
20240825,1,2116,4
20240825,1,2122,3
20240825,1,2128,0
20240825,1,2129,0
20240825,1,2130,3
20240825,1,2139,4
20240825,1,2143,14
20240825,1,2148,5
20240825,1,2159,4
20240825,1,2171,1
20240825,1,2172,1
20240825,1,2178,2
20240825,1,2179,8
20240825,1,2185,15
20240825,1,2186,1
20240825,1,2191,16
20240825,1,2198,2
20240825,1,2199,5
20240825,1,3310,8
20240825,1,3311,4
20240825,1,3802,8
20240825,2,2111,10
20240825,2,2112,12
20240825,2,2116,4
20240825,2,2122,2
20240825,2,2128,0
20240825,2,2129,0
20240825,2,2130,3
20240825,2,2139,6
20240825,2,2143,14
20240825,2,2148,5
20240825,2,2159,4
20240825,2,2171,1
20240825,2,2172,1
20240825,2,2178,3
20240825,2,2179,2
20240825,2,2185,15
20240825,2,2186,1
20240825,2,2191,18
20240825,2,2198,1
20240825,2,2199,5
20240825,2,3310,8
20240825,2,3311,4
20240825,2,3802,8
20240825,3,2111,10
20240825,3,2112,11
20240825,3,2116,4
20240825,3,2122,2
20240825,3,2128,0
20240825,3,2129,0
20240825,3,2130,3
20240825,3,2139,7
20240825,3,2143,15
20240825,3,2148,5
20240825,3,2159,4
20240825,3,2171,0
20240825,3,2172,1
20240825,3,2178,3
20240825,3,2179,2
20240825,3,2185,15
20240825,3,2186,1
20240825,3,2191,18
20240825,3,2198,1
20240825,3,2199,5
20240825,3,3310,6
20240825,3,3311,4
20240825,3,3802,8
20240825,4,2111,11
20240825,4,2112,11
20240825,4,2116,3
20240825,4,2122,2
20240825,4,2128,0
20240825,4,2129,0
20240825,4,2130,3
20240825,4,2139,7
20240825,4,2143,15
20240825,4,2148,4
20240825,4,2159,4
20240825,4,2171,0
20240825,4,2172,1
20240825,4,2178,3
20240825,4,2179,2
20240825,4,2185,15
20240825,4,2186,1
20240825,4,2191,20
20240825,4,2198,1
20240825,4,2199,6
20240825,4,3310,5
20240825,4,3311,2
20240825,4,3802,8
20240825,5,2111,11
20240825,5,2112,12
20240825,5,2116,3
20240825,5,2122,2
20240825,5,2128,0
20240825,5,2129,1
20240825,5,2130,3
20240825,5,2139,8
20240825,5,2143,16
20240825,5,2148,4
20240825,5,2159,4
20240825,5,2171,0
20240825,5,2172,1
20240825,5,2178,3
20240825,5,2179,2
20240825,5,2185,17
20240825,5,2186,1
20240825,5,2191,20
20240825,5,2198,1
20240825,5,2199,5
20240825,5,3310,5
20240825,5,3311,2
20240825,5,3802,8
20240825,6,2111,10
20240825,6,2112,12
20240825,6,2116,4
20240825,6,2122,2
20240825,6,2128,0
20240825,6,2129,1
20240825,6,2130,3
20240825,6,2139,8
20240825,6,2143,16
20240825,6,2148,4
20240825,6,2159,4
20240825,6,2171,0
20240825,6,2172,2
20240825,6,2178,3
20240825,6,2179,2
20240825,6,2185,16
20240825,6,2186,1
20240825,6,2191,20
20240825,6,2198,1
20240825,6,2199,5
20240825,6,3310,5
20240825,6,3311,2
20240825,6,3802,8
20240825,7,2111,11
20240825,7,2112,11
20240825,7,2116,4
20240825,7,2122,2
20240825,7,2128,0
20240825,7,2129,1
20240825,7,2130,2
20240825,7,2139,7
20240825,7,2143,16
20240825,7,2148,3
20240825,7,2159,4
20240825,7,2171,0
20240825,7,2172,2
20240825,7,2178,3
20240825,7,2179,2
20240825,7,2185,15
20240825,7,2186,0
20240825,7,2191,20
20240825,7,2198,0
20240825,7,2199,5
20240825,7,3310,5
20240825,7,3311,3
20240825,7,3802,8
20240825,8,2111,11
20240825,8,2112,11
20240825,8,2116,4
20240825,8,2122,2
20240825,8,2128,1
20240825,8,2129,1
20240825,8,2130,2
20240825,8,2139,5
20240825,8,2143,16
20240825,8,2148,3
20240825,8,2159,3
20240825,8,2171,0
20240825,8,2172,2
20240825,8,2178,3
20240825,8,2179,3
20240825,8,2185,13
20240825,8,2186,0
20240825,8,2191,20
20240825,8,2198,0
20240825,8,2199,5
20240825,8,3310,3
20240825,8,3311,4
20240825,8,3802,8
20240825,9,2111,11
20240825,9,2112,11
20240825,9,2116,4
20240825,9,2122,2
20240825,9,2128,0
20240825,9,2129,1
20240825,9,2130,7
20240825,9,2139,4
20240825,9,2143,17
20240825,9,2148,4
20240825,9,2159,3
20240825,9,2171,0
20240825,9,2172,2
20240825,9,2178,3
20240825,9,2179,4
20240825,9,2185,13
20240825,9,2186,0
20240825,9,2191,20
20240825,9,2198,0
20240825,9,2199,5
20240825,9,3310,3
20240825,9,3311,5
20240825,9,3802,9
20240825,10,2111,10
20240825,10,2112,11
20240825,10,2116,3
20240825,10,2122,2
20240825,10,2128,0
20240825,10,2129,1
20240825,10,2130,5
20240825,10,2139,4
20240825,10,2143,16
20240825,10,2148,5
20240825,10,2159,3
20240825,10,2171,0
20240825,10,2172,4
20240825,10,2178,18
20240825,10,2179,4
20240825,10,2185,11
20240825,10,2186,0
20240825,10,2191,20
20240825,10,2198,0
20240825,10,2199,5
20240825,10,3310,3
20240825,10,3311,5
20240825,10,3802,9
20240825,11,2111,11
20240825,11,2112,12
20240825,11,2116,3
20240825,11,2122,3
20240825,11,2128,0
20240825,11,2129,1
20240825,11,2130,5
20240825,11,2139,2
20240825,11,2143,15
20240825,11,2148,5
20240825,11,2159,3
20240825,11,2171,0
20240825,11,2172,4
20240825,11,2178,17
20240825,11,2179,6
20240825,11,2185,10
20240825,11,2186,0
20240825,11,2191,18
20240825,11,2198,0
20240825,11,2199,5
20240825,11,3310,3
20240825,11,3311,3
20240825,11,3802,9
20240825,12,2111,10
20240825,12,2112,9
20240825,12,2116,4
20240825,12,2122,3
20240825,12,2128,0
20240825,12,2129,1
20240825,12,2130,4
20240825,12,2139,2
20240825,12,2143,14
20240825,12,2148,5
20240825,12,2159,2
20240825,12,2171,0
20240825,12,2172,5
20240825,12,2178,16
20240825,12,2179,7
20240825,12,2185,11
20240825,12,2186,1
20240825,12,2191,18
20240825,12,2198,0
20240825,12,2199,5
20240825,12,3310,2
20240825,12,3311,2
20240825,12,3802,9
20240825,13,2111,11
20240825,13,2112,9
20240825,13,2116,6
20240825,13,2122,3
20240825,13,2128,1
20240825,13,2129,1
20240825,13,2130,4
20240825,13,2139,2
20240825,13,2143,13
20240825,13,2148,5
20240825,13,2159,2
20240825,13,2171,0
20240825,13,2172,4
20240825,13,2178,17
20240825,13,2179,8
20240825,13,2185,11
20240825,13,2186,2
20240825,13,2191,18
20240825,13,2198,1
20240825,13,2199,5
20240825,13,3310,2
20240825,13,3311,2
20240825,13,3802,8
20240825,14,2111,14
20240825,14,2112,8
20240825,14,2116,5
20240825,14,2122,3
20240825,14,2128,1
20240825,14,2129,1
20240825,14,2130,3
20240825,14,2139,2
20240825,14,2143,13
20240825,14,2148,5
20240825,14,2159,3
20240825,14,2171,1
20240825,14,2172,3
20240825,14,2178,16
20240825,14,2179,8
20240825,14,2185,11
20240825,14,2186,2
20240825,14,2191,17
20240825,14,2198,0
20240825,14,2199,5
20240825,14,3310,0
20240825,14,3311,3
20240825,14,3802,7
20240825,15,2111,12
20240825,15,2112,10
20240825,15,2116,5
20240825,15,2122,2
20240825,15,2128,1
20240825,15,2129,1
20240825,15,2130,3
20240825,15,2139,2
20240825,15,2143,13
20240825,15,2148,6
20240825,15,2159,4
20240825,15,2171,2
20240825,15,2172,3
20240825,15,2178,16
20240825,15,2179,14
20240825,15,2185,11
20240825,15,2186,2
20240825,15,2191,17
20240825,15,2198,3
20240825,15,2199,5
20240825,15,3310,0
20240825,15,3311,4
20240825,15,3802,10
20240825,16,2111,12
20240825,16,2112,9
20240825,16,2116,5
20240825,16,2122,2
20240825,16,2128,1
20240825,16,2129,1
20240825,16,2130,3
20240825,16,2139,1
20240825,16,2143,14
20240825,16,2148,6
20240825,16,2159,4
20240825,16,2171,2
20240825,16,2172,4
20240825,16,2178,15
20240825,16,2179,13
20240825,16,2185,11
20240825,16,2186,3
20240825,16,2191,18
20240825,16,2198,3
20240825,16,2199,5
20240825,16,3310,1
20240825,16,3311,4
20240825,16,3802,8
20240825,17,2111,13
20240825,17,2112,11
20240825,17,2116,5
20240825,17,2122,2
20240825,17,2128,1
20240825,17,2129,13
20240825,17,2130,3
20240825,17,2139,1
20240825,17,2143,14
20240825,17,2148,4
20240825,17,2159,5
20240825,17,2171,5
20240825,17,2172,5
20240825,17,2178,17
20240825,17,2179,11
20240825,17,2185,11
20240825,17,2186,1
20240825,17,2191,17
20240825,17,2198,3
20240825,17,2199,5
20240825,17,3310,1
20240825,17,3311,4
20240825,17,3802,9
20240825,18,2111,11
20240825,18,2112,9
20240825,18,2116,4
20240825,18,2122,2
20240825,18,2128,1
20240825,18,2129,10
20240825,18,2130,3
20240825,18,2139,1
20240825,18,2143,14
20240825,18,2148,1
20240825,18,2159,6
20240825,18,2171,6
20240825,18,2172,3
20240825,18,2178,16
20240825,18,2179,10
20240825,18,2185,9
20240825,18,2186,0
20240825,18,2191,12
20240825,18,2198,3
20240825,18,2199,5
20240825,18,3310,0
20240825,18,3311,3
20240825,18,3802,9
20240825,19,2111,12
20240825,19,2112,10
20240825,19,2116,4
20240825,19,2122,1
20240825,19,2128,0
20240825,19,2129,10
20240825,19,2130,3
20240825,19,2139,1
20240825,19,2143,13
20240825,19,2148,4
20240825,19,2159,6
20240825,19,2171,6
20240825,19,2172,1
20240825,19,2178,16
20240825,19,2179,6
20240825,19,2185,8
20240825,19,2186,0
20240825,19,2191,13
20240825,19,2198,3
20240825,19,2199,5
20240825,19,3310,0
20240825,19,3311,3
20240825,19,3802,8
20240825,20,2111,9
20240825,20,2112,9
20240825,20,2116,6
20240825,20,2122,1
20240825,20,2128,0
20240825,20,2129,10
20240825,20,2130,3
20240825,20,2139,1
20240825,20,2143,9
20240825,20,2148,2
20240825,20,2159,7
20240825,20,2171,1
20240825,20,2172,1
20240825,20,2178,15
20240825,20,2179,5
20240825,20,2185,8
20240825,20,2186,1
20240825,20,2191,13
20240825,20,2198,3
20240825,20,2199,5
20240825,20,3310,0
20240825,20,3311,3
20240825,20,3802,8
20240825,21,2111,8
20240825,21,2112,7
20240825,21,2116,4
20240825,21,2122,0
20240825,21,2128,2
20240825,21,2129,10
20240825,21,2130,3
20240825,21,2139,2
20240825,21,2143,11
20240825,21,2148,2
20240825,21,2159,8
20240825,21,2171,0
20240825,21,2172,0
20240825,21,2178,15
20240825,21,2179,5
20240825,21,2185,9
20240825,21,2186,0
20240825,21,2191,13
20240825,21,2198,2
20240825,21,2199,6
20240825,21,3310,0
20240825,21,3311,2
20240825,21,3802,8
20240825,22,2111,6
20240825,22,2112,7
20240825,22,2116,4
20240825,22,2122,0
20240825,22,2128,3
20240825,22,2129,11
20240825,22,2130,2
20240825,22,2139,2
20240825,22,2143,13
20240825,22,2148,2
20240825,22,2159,8
20240825,22,2171,0
20240825,22,2172,0
20240825,22,2178,12
20240825,22,2179,4
20240825,22,2185,10
20240825,22,2186,0
20240825,22,2191,12
20240825,22,2198,1
20240825,22,2199,6
20240825,22,3310,0
20240825,22,3311,2
20240825,22,3802,12
20240825,23,2111,6
20240825,23,2112,7
20240825,23,2116,4
20240825,23,2122,0
20240825,23,2128,3
20240825,23,2129,12
20240825,23,2130,2
20240825,23,2139,2
20240825,23,2143,14
20240825,23,2148,2
20240825,23,2159,7
20240825,23,2171,0
20240825,23,2172,0
20240825,23,2178,12
20240825,23,2179,4
20240825,23,2185,12
20240825,23,2186,1
20240825,23,2191,13
20240825,23,2198,2
20240825,23,2199,6
20240825,23,3310,0
20240825,23,3311,1
20240825,23,3802,12
20240826,0,2111,2
20240826,0,2112,7
20240826,0,2116,3
20240826,0,2122,1
20240826,0,2128,3
20240826,0,2129,9
20240826,0,2130,2
20240826,0,2139,3
20240826,0,2143,14
20240826,0,2148,4
20240826,0,2159,5
20240826,0,2171,0
20240826,0,2172,2
20240826,0,2178,9
20240826,0,2179,4
20240826,0,2185,13
20240826,0,2186,2
20240826,0,2191,16
20240826,0,2198,0
20240826,0,2199,7
20240826,0,3310,0
20240826,0,3311,0
20240826,0,3802,12
20240826,1,2111,2
20240826,1,2112,7
20240826,1,2116,1
20240826,1,2122,1
20240826,1,2128,3
20240826,1,2129,10
20240826,1,2130,2
20240826,1,2139,5
20240826,1,2143,14
20240826,1,2148,4
20240826,1,2159,5
20240826,1,2171,0
20240826,1,2172,2
20240826,1,2178,9
20240826,1,2179,4
20240826,1,2185,12
20240826,1,2186,4
20240826,1,2191,16
20240826,1,2198,1
20240826,1,2199,8
20240826,1,3310,0
20240826,1,3311,0
20240826,1,3802,12
20240826,2,2111,2
20240826,2,2112,7
20240826,2,2116,1
20240826,2,2122,1
20240826,2,2128,3
20240826,2,2129,10
20240826,2,2130,2
20240826,2,2139,6
20240826,2,2143,13
20240826,2,2148,5
20240826,2,2159,4
20240826,2,2171,0
20240826,2,2172,2
20240826,2,2178,9
20240826,2,2179,4
20240826,2,2185,11
20240826,2,2186,4
20240826,2,2191,17
20240826,2,2198,1
20240826,2,2199,7
20240826,2,3310,0
20240826,2,3311,0
20240826,2,3802,11
20240826,3,2111,2
20240826,3,2112,6
20240826,3,2116,1
20240826,3,2122,1
20240826,3,2128,3
20240826,3,2129,11
20240826,3,2130,2
20240826,3,2139,7
20240826,3,2143,12
20240826,3,2148,4
20240826,3,2159,4
20240826,3,2171,0
20240826,3,2172,2
20240826,3,2178,10
20240826,3,2179,3
20240826,3,2185,11
20240826,3,2186,4
20240826,3,2191,19
20240826,3,2198,3
20240826,3,2199,7
20240826,3,3310,0
20240826,3,3311,0
20240826,3,3802,11
20240826,4,2111,3
20240826,4,2112,7
20240826,4,2116,0
20240826,4,2122,1
20240826,4,2128,3
20240826,4,2129,11
20240826,4,2130,2
20240826,4,2139,8
20240826,4,2143,12
20240826,4,2148,3
20240826,4,2159,4
20240826,4,2171,1
20240826,4,2172,2
20240826,4,2178,11
20240826,4,2179,3
20240826,4,2185,12
20240826,4,2186,2
20240826,4,2191,21
20240826,4,2198,6
20240826,4,2199,7
20240826,4,3310,0
20240826,4,3311,0
20240826,4,3802,11
20240826,5,2111,3
20240826,5,2112,7
20240826,5,2116,0
20240826,5,2122,1
20240826,5,2128,3
20240826,5,2129,11
20240826,5,2130,2
20240826,5,2139,7
20240826,5,2143,12
20240826,5,2148,5
20240826,5,2159,4
20240826,5,2171,1
20240826,5,2172,2
20240826,5,2178,11
20240826,5,2179,3
20240826,5,2185,13
20240826,5,2186,2
20240826,5,2191,21
20240826,5,2198,6
20240826,5,2199,7
20240826,5,3310,0
20240826,5,3311,0
20240826,5,3802,11
20240826,6,2111,4
20240826,6,2112,6
20240826,6,2116,1
20240826,6,2122,0
20240826,6,2128,2
20240826,6,2129,13
20240826,6,2130,2
20240826,6,2139,8
20240826,6,2143,12
20240826,6,2148,5
20240826,6,2159,3
20240826,6,2171,2
20240826,6,2172,3
20240826,6,2178,11
20240826,6,2179,3
20240826,6,2185,14
20240826,6,2186,2
20240826,6,2191,21
20240826,6,2198,6
20240826,6,2199,7
20240826,6,3310,0
20240826,6,3311,0
20240826,6,3802,13
20240826,7,2111,3
20240826,7,2112,6
20240826,7,2116,1
20240826,7,2122,1
20240826,7,2128,2
20240826,7,2129,12
20240826,7,2130,2
20240826,7,2139,6
20240826,7,2143,12
20240826,7,2148,2
20240826,7,2159,2
20240826,7,2171,0
20240826,7,2172,4
20240826,7,2178,11
20240826,7,2179,3
20240826,7,2185,12
20240826,7,2186,0
20240826,7,2191,20
20240826,7,2198,6
20240826,7,2199,7
20240826,7,3310,0
20240826,7,3311,2
20240826,7,3802,12
20240826,8,2111,3
20240826,8,2112,7
20240826,8,2116,3
20240826,8,2122,2
20240826,8,2128,2
20240826,8,2129,13
20240826,8,2130,2
20240826,8,2139,2
20240826,8,2143,12
20240826,8,2148,1
20240826,8,2159,1
20240826,8,2171,0
20240826,8,2172,3
20240826,8,2178,11
20240826,8,2179,4
20240826,8,2185,10
20240826,8,2186,0
20240826,8,2191,19
20240826,8,2198,3
20240826,8,2199,7
20240826,8,3310,0
20240826,8,3311,4
20240826,8,3802,11
20240826,9,2111,2
20240826,9,2112,7
20240826,9,2116,3
20240826,9,2122,1
20240826,9,2128,2
20240826,9,2129,14
20240826,9,2130,2
20240826,9,2139,2
20240826,9,2143,14
20240826,9,2148,2
20240826,9,2159,0
20240826,9,2171,0
20240826,9,2172,2
20240826,9,2178,13
20240826,9,2179,10
20240826,9,2185,10
20240826,9,2186,0
20240826,9,2191,19
20240826,9,2198,2
20240826,9,2199,8
20240826,9,3310,0
20240826,9,3311,6
20240826,9,3802,12
20240826,10,2111,2
20240826,10,2112,5
20240826,10,2116,5
20240826,10,2122,1
20240826,10,2128,2
20240826,10,2129,14
20240826,10,2130,10
20240826,10,2139,2
20240826,10,2143,14
20240826,10,2148,3
20240826,10,2159,0
20240826,10,2171,0
20240826,10,2172,3
20240826,10,2178,11
20240826,10,2179,9
20240826,10,2185,9
20240826,10,2186,0
20240826,10,2191,20
20240826,10,2198,1
20240826,10,2199,7
20240826,10,3310,14
20240826,10,3311,6
20240826,10,3802,10
20240826,11,2111,3
20240826,11,2112,6
20240826,11,2116,5
20240826,11,2122,1
20240826,11,2128,2
20240826,11,2129,12
20240826,11,2130,10
20240826,11,2139,2
20240826,11,2143,13
20240826,11,2148,4
20240826,11,2159,2
20240826,11,2171,1
20240826,11,2172,2
20240826,11,2178,8
20240826,11,2179,7
20240826,11,2185,8
20240826,11,2186,0
20240826,11,2191,20
20240826,11,2198,1
20240826,11,2199,6
20240826,11,3310,12
20240826,11,3311,10
20240826,11,3802,9
20240826,12,2111,5
20240826,12,2112,7
20240826,12,2116,5
20240826,12,2122,1
20240826,12,2128,2
20240826,12,2129,11
20240826,12,2130,10
20240826,12,2139,2
20240826,12,2143,11
20240826,12,2148,6
20240826,12,2159,4
20240826,12,2171,3
20240826,12,2172,1
20240826,12,2178,8
20240826,12,2179,8
20240826,12,2185,8
20240826,12,2186,0
20240826,12,2191,19
20240826,12,2198,0
20240826,12,2199,6
20240826,12,3310,12
20240826,12,3311,11
20240826,12,3802,8
20240826,13,2111,6
20240826,13,2112,8
20240826,13,2116,2
20240826,13,2122,0
20240826,13,2128,3
20240826,13,2129,12
20240826,13,2130,10
20240826,13,2139,3
20240826,13,2143,12
20240826,13,2148,3
20240826,13,2159,5
20240826,13,2171,4
20240826,13,2172,0
20240826,13,2178,7
20240826,13,2179,9
20240826,13,2185,9
20240826,13,2186,0
20240826,13,2191,19
20240826,13,2198,0
20240826,13,2199,6
20240826,13,3310,10
20240826,13,3311,10
20240826,13,3802,9
20240826,14,2111,6
20240826,14,2112,8
20240826,14,2116,2
20240826,14,2122,0
20240826,14,2128,3
20240826,14,2129,12
20240826,14,2130,10
20240826,14,2139,3
20240826,14,2143,11
20240826,14,2148,2
20240826,14,2159,5
20240826,14,2171,4
20240826,14,2172,0
20240826,14,2178,7
20240826,14,2179,8
20240826,14,2185,8
20240826,14,2186,1
20240826,14,2191,21
20240826,14,2198,0
20240826,14,2199,6
20240826,14,3310,10
20240826,14,3311,13
20240826,14,3802,9
20240826,15,2111,8
20240826,15,2112,8
20240826,15,2116,1
20240826,15,2122,2
20240826,15,2128,4
20240826,15,2129,11
20240826,15,2130,10
20240826,15,2139,3
20240826,15,2143,9
20240826,15,2148,2
20240826,15,2159,5
20240826,15,2171,3
20240826,15,2172,1
20240826,15,2178,6
20240826,15,2179,9
20240826,15,2185,9
20240826,15,2186,1
20240826,15,2191,22
20240826,15,2198,15
20240826,15,2199,6
20240826,15,3310,8
20240826,15,3311,11
20240826,15,3802,9
20240826,16,2111,7
20240826,16,2112,8
20240826,16,2116,1
20240826,16,2122,3
20240826,16,2128,5
20240826,16,2129,11
20240826,16,2130,9
20240826,16,2139,4
20240826,16,2143,6
20240826,16,2148,3
20240826,16,2159,6
20240826,16,2171,5
20240826,16,2172,6
20240826,16,2178,6
20240826,16,2179,11
20240826,16,2185,10
20240826,16,2186,0
20240826,16,2191,21
20240826,16,2198,17
20240826,16,2199,6
20240826,16,3310,7
20240826,16,3311,12
20240826,16,3802,10
20240826,17,2111,7
20240826,17,2112,9
20240826,17,2116,1
20240826,17,2122,3
20240826,17,2128,5
20240826,17,2129,11
20240826,17,2130,9
20240826,17,2139,5
20240826,17,2143,6
20240826,17,2148,3
20240826,17,2159,7
20240826,17,2171,6
20240826,17,2172,5
20240826,17,2178,24
20240826,17,2179,12
20240826,17,2185,10
20240826,17,2186,0
20240826,17,2191,21
20240826,17,2198,18
20240826,17,2199,6
20240826,17,3310,7
20240826,17,3311,14
20240826,17,3802,10
20240826,18,2111,6
20240826,18,2112,8
20240826,18,2116,1
20240826,18,2122,3
20240826,18,2128,5
20240826,18,2129,10
20240826,18,2130,9
20240826,18,2139,7
20240826,18,2143,4
20240826,18,2148,1
20240826,18,2159,5
20240826,18,2171,6
20240826,18,2172,4
20240826,18,2178,21
20240826,18,2179,11
20240826,18,2185,11
20240826,18,2186,0
20240826,18,2191,21
20240826,18,2198,18
20240826,18,2199,6
20240826,18,3310,5
20240826,18,3311,11
20240826,18,3802,10
20240826,19,2111,6
20240826,19,2112,8
20240826,19,2116,0
20240826,19,2122,2
20240826,19,2128,5
20240826,19,2129,8
20240826,19,2130,10
20240826,19,2139,8
20240826,19,2143,4
20240826,19,2148,0
20240826,19,2159,5
20240826,19,2171,2
20240826,19,2172,2
20240826,19,2178,20
20240826,19,2179,13
20240826,19,2185,12
20240826,19,2186,0
20240826,19,2191,19
20240826,19,2198,18
20240826,19,2199,6
20240826,19,3310,4
20240826,19,3311,9
20240826,19,3802,11
20240826,20,2111,8
20240826,20,2112,7
20240826,20,2116,0
20240826,20,2122,0
20240826,20,2128,2
20240826,20,2129,6
20240826,20,2130,10
20240826,20,2139,8
20240826,20,2143,6
20240826,20,2148,0
20240826,20,2159,8
20240826,20,2171,0
20240826,20,2172,1
20240826,20,2178,18
20240826,20,2179,9
20240826,20,2185,12
20240826,20,2186,1
20240826,20,2191,21
20240826,20,2198,16
20240826,20,2199,6
20240826,20,3310,3
20240826,20,3311,9
20240826,20,3802,12
20240826,21,2111,6
20240826,21,2112,9
20240826,21,2116,1
20240826,21,2122,0
20240826,21,2128,2
20240826,21,2129,4
20240826,21,2130,9
20240826,21,2139,7
20240826,21,2143,6
20240826,21,2148,0
20240826,21,2159,7
20240826,21,2171,1
20240826,21,2172,1
20240826,21,2178,18
20240826,21,2179,7
20240826,21,2185,10
20240826,21,2186,1
20240826,21,2191,17
20240826,21,2198,17
20240826,21,2199,6
20240826,21,3310,3
20240826,21,3311,8
20240826,21,3802,13
20240826,22,2111,5
20240826,22,2112,14
20240826,22,2116,0
20240826,22,2122,0
20240826,22,2128,3
20240826,22,2129,4
20240826,22,2130,10
20240826,22,2139,6
20240826,22,2143,4
20240826,22,2148,1
20240826,22,2159,6
20240826,22,2171,1
20240826,22,2172,1
20240826,22,2178,19
20240826,22,2179,4
20240826,22,2185,11
20240826,22,2186,1
20240826,22,2191,17
20240826,22,2198,16
20240826,22,2199,5
20240826,22,3310,3
20240826,22,3311,4
20240826,22,3802,10
20240826,23,2111,4
20240826,23,2112,12
20240826,23,2116,0
20240826,23,2122,1
20240826,23,2128,3
20240826,23,2129,4
20240826,23,2130,10
20240826,23,2139,9
20240826,23,2143,4
20240826,23,2148,1
20240826,23,2159,6
20240826,23,2171,0
20240826,23,2172,2
20240826,23,2178,18
20240826,23,2179,5
20240826,23,2185,13
20240826,23,2186,2
20240826,23,2191,19
20240826,23,2198,19
20240826,23,2199,5
20240826,23,3310,3
20240826,23,3311,3
20240826,23,3802,11
20240827,0,2111,4
20240827,0,2112,13
20240827,0,2116,0
20240827,0,2122,1
20240827,0,2128,3
20240827,0,2129,4
20240827,0,2130,10
20240827,0,2139,8
20240827,0,2143,4
20240827,0,2148,1
20240827,0,2159,6
20240827,0,2171,0
20240827,0,2172,4
20240827,0,2178,17
20240827,0,2179,9
20240827,0,2185,12
20240827,0,2186,2
20240827,0,2191,20
20240827,0,2198,16
20240827,0,2199,7
20240827,0,3310,3
20240827,0,3311,2
20240827,0,3802,11
20240827,1,2111,5
20240827,1,2112,12
20240827,1,2116,0
20240827,1,2122,2
20240827,1,2128,3
20240827,1,2129,2
20240827,1,2130,10
20240827,1,2139,8
20240827,1,2143,5
20240827,1,2148,1
20240827,1,2159,6
20240827,1,2171,0
20240827,1,2172,4
20240827,1,2178,17
20240827,1,2179,7
20240827,1,2185,10
20240827,1,2186,2
20240827,1,2191,21
20240827,1,2198,16
20240827,1,2199,7
20240827,1,3310,3
20240827,1,3311,2
20240827,1,3802,14
20240827,2,2111,5
20240827,2,2112,11
20240827,2,2116,0
20240827,2,2122,0
20240827,2,2128,1
20240827,2,2129,2
20240827,2,2130,10
20240827,2,2139,9
20240827,2,2143,5
20240827,2,2148,1
20240827,2,2159,6
20240827,2,2171,3
20240827,2,2172,4
20240827,2,2178,17
20240827,2,2179,7
20240827,2,2185,10
20240827,2,2186,2
20240827,2,2191,21
20240827,2,2198,16
20240827,2,2199,6
20240827,2,3310,3
20240827,2,3311,3
20240827,2,3802,14
20240827,3,2111,6
20240827,3,2112,12
20240827,3,2116,0
20240827,3,2122,0
20240827,3,2128,1
20240827,3,2129,2
20240827,3,2130,10
20240827,3,2139,9
20240827,3,2143,5
20240827,3,2148,1
20240827,3,2159,6
20240827,3,2171,3
20240827,3,2172,4
20240827,3,2178,18
20240827,3,2179,7
20240827,3,2185,12
20240827,3,2186,2
20240827,3,2191,22
20240827,3,2198,18
20240827,3,2199,6
20240827,3,3310,3
20240827,3,3311,2
20240827,3,3802,14
20240827,4,2111,6
20240827,4,2112,11
20240827,4,2116,0
20240827,4,2122,1
20240827,4,2128,1
20240827,4,2129,2
20240827,4,2130,10
20240827,4,2139,10
20240827,4,2143,5
20240827,4,2148,1
20240827,4,2159,6
20240827,4,2171,2
20240827,4,2172,4
20240827,4,2178,18
20240827,4,2179,7
20240827,4,2185,13
20240827,4,2186,4
20240827,4,2191,23
20240827,4,2198,18
20240827,4,2199,6
20240827,4,3310,3
20240827,4,3311,2
20240827,4,3802,14
20240827,5,2111,5
20240827,5,2112,11
20240827,5,2116,0
20240827,5,2122,0
20240827,5,2128,1
20240827,5,2129,2
20240827,5,2130,10
20240827,5,2139,10
20240827,5,2143,5
20240827,5,2148,1
20240827,5,2159,5
20240827,5,2171,2
20240827,5,2172,4
20240827,5,2178,18
20240827,5,2179,6
20240827,5,2185,13
20240827,5,2186,2
20240827,5,2191,23
20240827,5,2198,16
20240827,5,2199,6
20240827,5,3310,2
20240827,5,3311,2
20240827,5,3802,14
20240827,6,2111,7
20240827,6,2112,9
20240827,6,2116,0
20240827,6,2122,0
20240827,6,2128,1
20240827,6,2129,3
20240827,6,2130,10
20240827,6,2139,10
20240827,6,2143,5
20240827,6,2148,1
20240827,6,2159,3
20240827,6,2171,0
20240827,6,2172,5
20240827,6,2178,18
20240827,6,2179,6
20240827,6,2185,13
20240827,6,2186,2
20240827,6,2191,25
20240827,6,2198,15
20240827,6,2199,6
20240827,6,3310,1
20240827,6,3311,3
20240827,6,3802,18
20240827,7,2111,8
20240827,7,2112,8
20240827,7,2116,1
20240827,7,2122,0
20240827,7,2128,1
20240827,7,2129,2
20240827,7,2130,9
20240827,7,2139,6
20240827,7,2143,5
20240827,7,2148,2
20240827,7,2159,1
20240827,7,2171,0
20240827,7,2172,5
20240827,7,2178,18
20240827,7,2179,5
20240827,7,2185,13
20240827,7,2186,0
20240827,7,2191,26
20240827,7,2198,16
20240827,7,2199,6
20240827,7,3310,0
20240827,7,3311,5
20240827,7,3802,16
20240827,8,2111,9
20240827,8,2112,9
20240827,8,2116,3
20240827,8,2122,0
20240827,8,2128,2
20240827,8,2129,2
20240827,8,2130,10
20240827,8,2139,1
20240827,8,2143,5
20240827,8,2148,5
20240827,8,2159,1
20240827,8,2171,0
20240827,8,2172,5
20240827,8,2178,18
20240827,8,2179,5
20240827,8,2185,10
20240827,8,2186,0
20240827,8,2191,25
20240827,8,2198,13
20240827,8,2199,6
20240827,8,3310,0
20240827,8,3311,7
20240827,8,3802,16
20240827,9,2111,12
20240827,9,2112,8
20240827,9,2116,8
20240827,9,2122,0
20240827,9,2128,4
20240827,9,2129,3
20240827,9,2130,10
20240827,9,2139,1
20240827,9,2143,5
20240827,9,2148,5
20240827,9,2159,1
20240827,9,2171,11
20240827,9,2172,5
20240827,9,2178,19
20240827,9,2179,5
20240827,9,2185,10
20240827,9,2186,0
20240827,9,2191,25
20240827,9,2198,11
20240827,9,2199,6
20240827,9,3310,15
20240827,9,3311,15
20240827,9,3802,15
20240827,10,2111,12
20240827,10,2112,8
20240827,10,2116,7
20240827,10,2122,0
20240827,10,2128,3
20240827,10,2129,2
20240827,10,2130,9
20240827,10,2139,3
20240827,10,2143,6
20240827,10,2148,4
20240827,10,2159,1
20240827,10,2171,12
20240827,10,2172,19
20240827,10,2178,18
20240827,10,2179,5
20240827,10,2185,10
20240827,10,2186,0
20240827,10,2191,24
20240827,10,2198,11
20240827,10,2199,6
20240827,10,3310,14
20240827,10,3311,15
20240827,10,3802,15
20240827,11,2111,12
20240827,11,2112,7
20240827,11,2116,7
20240827,11,2122,5
20240827,11,2128,3
20240827,11,2129,2
20240827,11,2130,9
20240827,11,2139,3
20240827,11,2143,6
20240827,11,2148,4
20240827,11,2159,1
20240827,11,2171,11
20240827,11,2172,19
20240827,11,2178,18
20240827,11,2179,5
20240827,11,2185,9
20240827,11,2186,10
20240827,11,2191,24
20240827,11,2198,11
20240827,11,2199,6
20240827,11,3310,13
20240827,11,3311,20
20240827,11,3802,16
20240827,12,2111,12
20240827,12,2112,7
20240827,12,2116,7
20240827,12,2122,6
20240827,12,2128,3
20240827,12,2129,2
20240827,12,2130,10
20240827,12,2139,3
20240827,12,2143,6
20240827,12,2148,3
20240827,12,2159,2
20240827,12,2171,11
20240827,12,2172,22
20240827,12,2178,18
20240827,12,2179,6
20240827,12,2185,9
20240827,12,2186,10
20240827,12,2191,24
20240827,12,2198,10
20240827,12,2199,6
20240827,12,3310,13
20240827,12,3311,20
20240827,12,3802,15
20240827,13,2111,13
20240827,13,2112,14
20240827,13,2116,9
20240827,13,2122,6
20240827,13,2128,2
20240827,13,2129,3
20240827,13,2130,9
20240827,13,2139,4
20240827,13,2143,5
20240827,13,2148,3
20240827,13,2159,2
20240827,13,2171,13
20240827,13,2172,21
20240827,13,2178,18
20240827,13,2179,6
20240827,13,2185,9
20240827,13,2186,10
20240827,13,2191,21
20240827,13,2198,6
20240827,13,2199,6
20240827,13,3310,12
20240827,13,3311,22
20240827,13,3802,16
20240827,14,2111,15
20240827,14,2112,13
20240827,14,2116,11
20240827,14,2122,5
20240827,14,2128,3
20240827,14,2129,15
20240827,14,2130,9
20240827,14,2139,4
20240827,14,2143,3
20240827,14,2148,3
20240827,14,2159,2
20240827,14,2171,14
20240827,14,2172,21
20240827,14,2178,18
20240827,14,2179,7
20240827,14,2185,9
20240827,14,2186,10
20240827,14,2191,21
20240827,14,2198,5
20240827,14,2199,6
20240827,14,3310,12
20240827,14,3311,22
20240827,14,3802,15
20240827,15,2111,16
20240827,15,2112,13
20240827,15,2116,10
20240827,15,2122,5
20240827,15,2128,3
20240827,15,2129,12
20240827,15,2130,9
20240827,15,2139,4
20240827,15,2143,2
20240827,15,2148,2
20240827,15,2159,3
20240827,15,2171,14
20240827,15,2172,21
20240827,15,2178,18
20240827,15,2179,6
20240827,15,2185,9
20240827,15,2186,11
20240827,15,2191,19
20240827,15,2198,6
20240827,15,2199,6
20240827,15,3310,11
20240827,15,3311,20
20240827,15,3802,15
20240827,16,2111,18
20240827,16,2112,14
20240827,16,2116,9
20240827,16,2122,5
20240827,16,2128,3
20240827,16,2129,10
20240827,16,2130,8
20240827,16,2139,3
20240827,16,2143,1
20240827,16,2148,1
20240827,16,2159,3
20240827,16,2171,16
20240827,16,2172,21
20240827,16,2178,18
20240827,16,2179,4
20240827,16,2185,9
20240827,16,2186,11
20240827,16,2191,18
20240827,16,2198,6
20240827,16,2199,6
20240827,16,3310,11
20240827,16,3311,20
20240827,16,3802,15
20240827,17,2111,15
20240827,17,2112,12
20240827,17,2116,10
20240827,17,2122,5
20240827,17,2128,1
20240827,17,2129,10
20240827,17,2130,8
20240827,17,2139,1
20240827,17,2143,1
20240827,17,2148,4
20240827,17,2159,3
20240827,17,2171,19
20240827,17,2172,19
20240827,17,2178,12
20240827,17,2179,6
20240827,17,2185,8
20240827,17,2186,11
20240827,17,2191,18
20240827,17,2198,6
20240827,17,2199,6
20240827,17,3310,9
20240827,17,3311,17
20240827,17,3802,16
20240827,18,2111,13
20240827,18,2112,12
20240827,18,2116,14
20240827,18,2122,8
20240827,18,2128,1
20240827,18,2129,9
20240827,18,2130,8
20240827,18,2139,1
20240827,18,2143,1
20240827,18,2148,1
20240827,18,2159,3
20240827,18,2171,22
20240827,18,2172,18
20240827,18,2178,9
20240827,18,2179,8
20240827,18,2185,8
20240827,18,2186,9
20240827,18,2191,19
20240827,18,2198,4
20240827,18,2199,6
20240827,18,3310,9
20240827,18,3311,13
20240827,18,3802,15
20240827,19,2111,12
20240827,19,2112,18
20240827,19,2116,13
20240827,19,2122,11
20240827,19,2128,1
20240827,19,2129,10
20240827,19,2130,8
20240827,19,2139,1
20240827,19,2143,2
20240827,19,2148,1
20240827,19,2159,4
20240827,19,2171,18
20240827,19,2172,18
20240827,19,2178,7
20240827,19,2179,12
20240827,19,2185,8
20240827,19,2186,9
20240827,19,2191,19
20240827,19,2198,4
20240827,19,2199,6
20240827,19,3310,9
20240827,19,3311,13
20240827,19,3802,16
20240827,20,2111,11
20240827,20,2112,18
20240827,20,2116,13
20240827,20,2122,6
20240827,20,2128,1
20240827,20,2129,8
20240827,20,2130,8
20240827,20,2139,1
20240827,20,2143,3
20240827,20,2148,0
20240827,20,2159,5
20240827,20,2171,11
20240827,20,2172,17
20240827,20,2178,4
20240827,20,2179,6
20240827,20,2185,9
20240827,20,2186,8
20240827,20,2191,18
20240827,20,2198,8
20240827,20,2199,7
20240827,20,3310,9
20240827,20,3311,12
20240827,20,3802,13
20240827,21,2111,8
20240827,21,2112,18
20240827,21,2116,11
20240827,21,2122,5
20240827,21,2128,1
20240827,21,2129,9
20240827,21,2130,8
20240827,21,2139,2
20240827,21,2143,4
20240827,21,2148,0
20240827,21,2159,7
20240827,21,2171,10
20240827,21,2172,15
20240827,21,2178,2
20240827,21,2179,7
20240827,21,2185,11
20240827,21,2186,7
20240827,21,2191,18
20240827,21,2198,7
20240827,21,2199,7
20240827,21,3310,11
20240827,21,3311,10
20240827,21,3802,12
20240827,22,2111,7
20240827,22,2112,23
20240827,22,2116,7
20240827,22,2122,4
20240827,22,2128,1
20240827,22,2129,10
20240827,22,2130,8
20240827,22,2139,1
20240827,22,2143,5
20240827,22,2148,0
20240827,22,2159,7
20240827,22,2171,10
20240827,22,2172,13
20240827,22,2178,2
20240827,22,2179,8
20240827,22,2185,10
20240827,22,2186,7
20240827,22,2191,20
20240827,22,2198,5
20240827,22,2199,7
20240827,22,3310,11
20240827,22,3311,10
20240827,22,3802,13
20240827,23,2111,6
20240827,23,2112,22
20240827,23,2116,8
20240827,23,2122,3
20240827,23,2128,1
20240827,23,2129,11
20240827,23,2130,8
20240827,23,2139,1
20240827,23,2143,5
20240827,23,2148,0
20240827,23,2159,8
20240827,23,2171,10
20240827,23,2172,13
20240827,23,2178,1
20240827,23,2179,8
20240827,23,2185,12
20240827,23,2186,6
20240827,23,2191,18
20240827,23,2198,8
20240827,23,2199,7
20240827,23,3310,12
20240827,23,3311,7
20240827,23,3802,14
20240828,0,2111,5
20240828,0,2112,24
20240828,0,2116,9
20240828,0,2122,3
20240828,0,2128,1
20240828,0,2129,11
20240828,0,2130,8
20240828,0,2139,2
20240828,0,2143,8
20240828,0,2148,0
20240828,0,2159,7
20240828,0,2171,13
20240828,0,2172,16
20240828,0,2178,1
20240828,0,2179,10
20240828,0,2185,13
20240828,0,2186,7
20240828,0,2191,17
20240828,0,2198,9
20240828,0,2199,7
20240828,0,3310,12
20240828,0,3311,3
20240828,0,3802,14
20240828,1,2111,7
20240828,1,2112,25
20240828,1,2116,11
20240828,1,2122,3
20240828,1,2128,1
20240828,1,2129,11
20240828,1,2130,8
20240828,1,2139,4
20240828,1,2143,8
20240828,1,2148,1
20240828,1,2159,7
20240828,1,2171,12
20240828,1,2172,16
20240828,1,2178,1
20240828,1,2179,9
20240828,1,2185,13
20240828,1,2186,8
20240828,1,2191,19
20240828,1,2198,8
20240828,1,2199,7
20240828,1,3310,13
20240828,1,3311,3
20240828,1,3802,14
20240828,2,2111,7
20240828,2,2112,26
20240828,2,2116,11
20240828,2,2122,2
20240828,2,2128,2
20240828,2,2129,8
20240828,2,2130,8
20240828,2,2139,4
20240828,2,2143,8
20240828,2,2148,1
20240828,2,2159,7
20240828,2,2171,11
20240828,2,2172,17
20240828,2,2178,1
20240828,2,2179,9
20240828,2,2185,15
20240828,2,2186,8
20240828,2,2191,18
20240828,2,2198,8
20240828,2,2199,7
20240828,2,3310,13
20240828,2,3311,3
20240828,2,3802,14
20240828,3,2111,6
20240828,3,2112,26
20240828,3,2116,12
20240828,3,2122,2
20240828,3,2128,2
20240828,3,2129,9
20240828,3,2130,8
20240828,3,2139,4
20240828,3,2143,9
20240828,3,2148,2
20240828,3,2159,7
20240828,3,2171,12
20240828,3,2172,17
20240828,3,2178,1
20240828,3,2179,10
20240828,3,2185,16
20240828,3,2186,9
20240828,3,2191,19
20240828,3,2198,8
20240828,3,2199,7
20240828,3,3310,13
20240828,3,3311,3
20240828,3,3802,14
20240828,4,2111,5
20240828,4,2112,27
20240828,4,2116,11
20240828,4,2122,3
20240828,4,2128,2
20240828,4,2129,9
20240828,4,2130,8
20240828,4,2139,5
20240828,4,2143,9
20240828,4,2148,2
20240828,4,2159,8
20240828,4,2171,12
20240828,4,2172,17
20240828,4,2178,1
20240828,4,2179,12
20240828,4,2185,16
20240828,4,2186,9
20240828,4,2191,18
20240828,4,2198,8
20240828,4,2199,7
20240828,4,3310,13
20240828,4,3311,3
20240828,4,3802,14
20240828,5,2111,5
20240828,5,2112,28
20240828,5,2116,10
20240828,5,2122,3
20240828,5,2128,3
20240828,5,2129,9
20240828,5,2130,8
20240828,5,2139,5
20240828,5,2143,10
20240828,5,2148,2
20240828,5,2159,7
20240828,5,2171,10
20240828,5,2172,17
20240828,5,2178,1
20240828,5,2179,13
20240828,5,2185,16
20240828,5,2186,9
20240828,5,2191,18
20240828,5,2198,6
20240828,5,2199,7
20240828,5,3310,13
20240828,5,3311,3
20240828,5,3802,14
20240828,6,2111,7
20240828,6,2112,27
20240828,6,2116,11
20240828,6,2122,3
20240828,6,2128,3
20240828,6,2129,11
20240828,6,2130,8
20240828,6,2139,4
20240828,6,2143,10
20240828,6,2148,1
20240828,6,2159,7
20240828,6,2171,10
20240828,6,2172,17
20240828,6,2178,2
20240828,6,2179,12
20240828,6,2185,15
20240828,6,2186,8
20240828,6,2191,18
20240828,6,2198,6
20240828,6,2199,7
20240828,6,3310,12
20240828,6,3311,5
20240828,6,3802,18
20240828,7,2111,6
20240828,7,2112,26
20240828,7,2116,12
20240828,7,2122,3
20240828,7,2128,2
20240828,7,2129,11
20240828,7,2130,8
20240828,7,2139,2
20240828,7,2143,9
20240828,7,2148,1
20240828,7,2159,5
20240828,7,2171,11
20240828,7,2172,17
20240828,7,2178,2
20240828,7,2179,12
20240828,7,2185,13
20240828,7,2186,5
20240828,7,2191,17
20240828,7,2198,6
20240828,7,2199,7
20240828,7,3310,7
20240828,7,3311,10
20240828,7,3802,16
20240828,8,2111,5
20240828,8,2112,26
20240828,8,2116,14
20240828,8,2122,1
20240828,8,2128,2
20240828,8,2129,11
20240828,8,2130,9
20240828,8,2139,0
20240828,8,2143,9
20240828,8,2148,0
20240828,8,2159,4
20240828,8,2171,10
20240828,8,2172,16
20240828,8,2178,2
20240828,8,2179,17
20240828,8,2185,12
20240828,8,2186,3
20240828,8,2191,16
20240828,8,2198,8
20240828,8,2199,7
20240828,8,3310,0
20240828,8,3311,12
20240828,8,3802,18
20240828,9,2111,7
20240828,9,2112,25
20240828,9,2116,14
20240828,9,2122,1
20240828,9,2128,3
20240828,9,2129,11
20240828,9,2130,9
20240828,9,2139,0
20240828,9,2143,9
20240828,9,2148,0
20240828,9,2159,5
20240828,9,2171,10
20240828,9,2172,16
20240828,9,2178,3
20240828,9,2179,18
20240828,9,2185,10
20240828,9,2186,3
20240828,9,2191,16
20240828,9,2198,5
20240828,9,2199,7
20240828,9,3310,0
20240828,9,3311,19
20240828,9,3802,17
20240828,10,2111,8
20240828,10,2112,25
20240828,10,2116,16
20240828,10,2122,2
20240828,10,2128,3
20240828,10,2129,11
20240828,10,2130,9
20240828,10,2139,1
20240828,10,2143,8
20240828,10,2148,0
20240828,10,2159,5
20240828,10,2171,13
20240828,10,2172,16
20240828,10,2178,4
20240828,10,2179,13
20240828,10,2185,9
20240828,10,2186,3
20240828,10,2191,18
20240828,10,2198,5
20240828,10,2199,6
20240828,10,3310,0
20240828,10,3311,23
20240828,10,3802,17
20240828,11,2111,10
20240828,11,2112,26
20240828,11,2116,16
20240828,11,2122,3
20240828,11,2128,2
20240828,11,2129,10
20240828,11,2130,9
20240828,11,2139,1
20240828,11,2143,8
20240828,11,2148,0
20240828,11,2159,7
20240828,11,2171,13
20240828,11,2172,17
20240828,11,2178,23
20240828,11,2179,13
20240828,11,2185,10
20240828,11,2186,3
20240828,11,2191,19
20240828,11,2198,5
20240828,11,2199,6
20240828,11,3310,0
20240828,11,3311,26
20240828,11,3802,16
20240828,12,2111,9
20240828,12,2112,26
20240828,12,2116,15
20240828,12,2122,3
20240828,12,2128,2
20240828,12,2129,10
20240828,12,2130,9
20240828,12,2139,1
20240828,12,2143,6
20240828,12,2148,0
20240828,12,2159,7
20240828,12,2171,14
20240828,12,2172,17
20240828,12,2178,23
20240828,12,2179,11
20240828,12,2185,10
20240828,12,2186,4
20240828,12,2191,19
20240828,12,2198,1
20240828,12,2199,6
20240828,12,3310,0
20240828,12,3311,25
20240828,12,3802,18
20240828,13,2111,13
20240828,13,2112,28
20240828,13,2116,15
20240828,13,2122,3
20240828,13,2128,2
20240828,13,2129,9
20240828,13,2130,9
20240828,13,2139,0
20240828,13,2143,6
20240828,13,2148,2
20240828,13,2159,8
20240828,13,2171,14
20240828,13,2172,18
20240828,13,2178,23
20240828,13,2179,12
20240828,13,2185,10
20240828,13,2186,4
20240828,13,2191,19
20240828,13,2198,1
20240828,13,2199,6
20240828,13,3310,0
20240828,13,3311,26
20240828,13,3802,17
20240828,14,2111,12
20240828,14,2112,29
20240828,14,2116,15
20240828,14,2122,3
20240828,14,2128,2
20240828,14,2129,10
20240828,14,2130,9
20240828,14,2139,1
20240828,14,2143,6
20240828,14,2148,3
20240828,14,2159,8
20240828,14,2171,13
20240828,14,2172,18
20240828,14,2178,23
20240828,14,2179,16
20240828,14,2185,11
20240828,14,2186,4
20240828,14,2191,19
20240828,14,2198,0
20240828,14,2199,6
20240828,14,3310,0
20240828,14,3311,26
20240828,14,3802,17
20240828,15,2111,11
20240828,15,2112,28
20240828,15,2116,16
20240828,15,2122,2
20240828,15,2128,2
20240828,15,2129,9
20240828,15,2130,12
20240828,15,2139,1
20240828,15,2143,5
20240828,15,2148,1
20240828,15,2159,9
20240828,15,2171,11
20240828,15,2172,19
20240828,15,2178,24
20240828,15,2179,20
20240828,15,2185,11
20240828,15,2186,4
20240828,15,2191,19
20240828,15,2198,1
20240828,15,2199,6
20240828,15,3310,0
20240828,15,3311,25
20240828,15,3802,17
20240828,16,2111,10
20240828,16,2112,29
20240828,16,2116,15
20240828,16,2122,2
20240828,16,2128,2
20240828,16,2129,8
20240828,16,2130,11
20240828,16,2139,1
20240828,16,2143,6
20240828,16,2148,0
20240828,16,2159,9
20240828,16,2171,11
20240828,16,2172,18
20240828,16,2178,23
20240828,16,2179,18
20240828,16,2185,11
20240828,16,2186,4
20240828,16,2191,19
20240828,16,2198,3
20240828,16,2199,7
20240828,16,3310,0
20240828,16,3311,21
20240828,16,3802,17
20240828,17,2111,9
20240828,17,2112,28
20240828,17,2116,14
20240828,17,2122,2
20240828,17,2128,1
20240828,17,2129,8
20240828,17,2130,11
20240828,17,2139,1
20240828,17,2143,5
20240828,17,2148,1
20240828,17,2159,8
20240828,17,2171,10
20240828,17,2172,17
20240828,17,2178,22
20240828,17,2179,18
20240828,17,2185,11
20240828,17,2186,4
20240828,17,2191,20
20240828,17,2198,3
20240828,17,2199,7
20240828,17,3310,0
20240828,17,3311,18
20240828,17,3802,16
20240828,18,2111,8
20240828,18,2112,27
20240828,18,2116,11
20240828,18,2122,3
20240828,18,2128,1
20240828,18,2129,6
20240828,18,2130,9
20240828,18,2139,5
20240828,18,2143,4
20240828,18,2148,1
20240828,18,2159,6
20240828,18,2171,10
20240828,18,2172,13
20240828,18,2178,18
20240828,18,2179,19
20240828,18,2185,13
20240828,18,2186,4
20240828,18,2191,21
20240828,18,2198,3
20240828,18,2199,6
20240828,18,3310,0
20240828,18,3311,15
20240828,18,3802,13
20240828,19,2111,8
20240828,19,2112,25
20240828,19,2116,8
20240828,19,2122,3
20240828,19,2128,1
20240828,19,2129,5
20240828,19,2130,9
20240828,19,2139,7
20240828,19,2143,6
20240828,19,2148,1
20240828,19,2159,6
20240828,19,2171,10
20240828,19,2172,13
20240828,19,2178,16
20240828,19,2179,16
20240828,19,2185,13
20240828,19,2186,4
20240828,19,2191,23
20240828,19,2198,4
20240828,19,2199,6
20240828,19,3310,0
20240828,19,3311,13
20240828,19,3802,13
20240828,20,2111,8
20240828,20,2112,24
20240828,20,2116,8
20240828,20,2122,2
20240828,20,2128,1
20240828,20,2129,5
20240828,20,2130,9
20240828,20,2139,6
20240828,20,2143,6
20240828,20,2148,0
20240828,20,2159,7
20240828,20,2171,9
20240828,20,2172,15
20240828,20,2178,14
20240828,20,2179,13
20240828,20,2185,13
20240828,20,2186,5
20240828,20,2191,24
20240828,20,2198,4
20240828,20,2199,6
20240828,20,3310,0
20240828,20,3311,8
20240828,20,3802,14
20240828,21,2111,10
20240828,21,2112,26
20240828,21,2116,7
20240828,21,2122,2
20240828,21,2128,1
20240828,21,2129,4
20240828,21,2130,9
20240828,21,2139,6
20240828,21,2143,6
20240828,21,2148,0
20240828,21,2159,8
20240828,21,2171,11
20240828,21,2172,14
20240828,21,2178,9
20240828,21,2179,13
20240828,21,2185,17
20240828,21,2186,6
20240828,21,2191,25
20240828,21,2198,4
20240828,21,2199,6
20240828,21,3310,0
20240828,21,3311,8
20240828,21,3802,10
20240828,22,2111,10
20240828,22,2112,27
20240828,22,2116,7
20240828,22,2122,5
20240828,22,2128,1
20240828,22,2129,3
20240828,22,2130,9
20240828,22,2139,8
20240828,22,2143,9
20240828,22,2148,0
20240828,22,2159,11
20240828,22,2171,9
20240828,22,2172,15
20240828,22,2178,8
20240828,22,2179,16
20240828,22,2185,17
20240828,22,2186,6
20240828,22,2191,26
20240828,22,2198,3
20240828,22,2199,6
20240828,22,3310,0
20240828,22,3311,8
20240828,22,3802,7
20240828,23,2111,9
20240828,23,2112,22
20240828,23,2116,7
20240828,23,2122,6
20240828,23,2128,1
20240828,23,2129,3
20240828,23,2130,9
20240828,23,2139,8
20240828,23,2143,10
20240828,23,2148,0
20240828,23,2159,11
20240828,23,2171,8
20240828,23,2172,13
20240828,23,2178,7
20240828,23,2179,19
20240828,23,2185,18
20240828,23,2186,5
20240828,23,2191,26
20240828,23,2198,5
20240828,23,2199,6
20240828,23,3310,0
20240828,23,3311,8
20240828,23,3802,7
20240829,0,2111,7
20240829,0,2112,19
20240829,0,2116,8
20240829,0,2122,5
20240829,0,2128,1
20240829,0,2129,1
20240829,0,2130,9
20240829,0,2139,6
20240829,0,2143,10
20240829,0,2148,2
20240829,0,2159,11
20240829,0,2171,8
20240829,0,2172,13
20240829,0,2178,7
20240829,0,2179,22
20240829,0,2185,20
20240829,0,2186,5
20240829,0,2191,28
20240829,0,2198,9
20240829,0,2199,6
20240829,0,3310,0
20240829,0,3311,7
20240829,0,3802,7
20240829,1,2111,8
20240829,1,2112,19
20240829,1,2116,7
20240829,1,2122,6
20240829,1,2128,1
20240829,1,2129,1
20240829,1,2130,9
20240829,1,2139,5
20240829,1,2143,10
20240829,1,2148,3
20240829,1,2159,11
20240829,1,2171,5
20240829,1,2172,14
20240829,1,2178,6
20240829,1,2179,21
20240829,1,2185,20
20240829,1,2186,5
20240829,1,2191,29
20240829,1,2198,8
20240829,1,2199,6
20240829,1,3310,0
20240829,1,3311,7
20240829,1,3802,9
20240829,2,2111,7
20240829,2,2112,18
20240829,2,2116,7
20240829,2,2122,5
20240829,2,2128,1
20240829,2,2129,1
20240829,2,2130,9
20240829,2,2139,6
20240829,2,2143,10
20240829,2,2148,3
20240829,2,2159,11
20240829,2,2171,5
20240829,2,2172,14
20240829,2,2178,6
20240829,2,2179,25
20240829,2,2185,22
20240829,2,2186,5
20240829,2,2191,29
20240829,2,2198,8
20240829,2,2199,6
20240829,2,3310,0
20240829,2,3311,5
20240829,2,3802,9
20240829,3,2111,6
20240829,3,2112,17
20240829,3,2116,7
20240829,3,2122,5
20240829,3,2128,1
20240829,3,2129,1
20240829,3,2130,9
20240829,3,2139,7
20240829,3,2143,10
20240829,3,2148,3
20240829,3,2159,11
20240829,3,2171,7
20240829,3,2172,15
20240829,3,2178,6
20240829,3,2179,23
20240829,3,2185,21
20240829,3,2186,5
20240829,3,2191,31
20240829,3,2198,8
20240829,3,2199,6
20240829,3,3310,0
20240829,3,3311,5
20240829,3,3802,9
20240829,4,2111,7
20240829,4,2112,16
20240829,4,2116,7
20240829,4,2122,5
20240829,4,2128,1
20240829,4,2129,1
20240829,4,2130,9
20240829,4,2139,8
20240829,4,2143,10
20240829,4,2148,3
20240829,4,2159,11
20240829,4,2171,7
20240829,4,2172,15
20240829,4,2178,7
20240829,4,2179,23
20240829,4,2185,21
20240829,4,2186,4
20240829,4,2191,32
20240829,4,2198,7
20240829,4,2199,6
20240829,4,3310,0
20240829,4,3311,5
20240829,4,3802,9
20240829,5,2111,7
20240829,5,2112,16
20240829,5,2116,7
20240829,5,2122,4
20240829,5,2128,1
20240829,5,2129,1
20240829,5,2130,9
20240829,5,2139,8
20240829,5,2143,10
20240829,5,2148,3
20240829,5,2159,11
20240829,5,2171,7
20240829,5,2172,15
20240829,5,2178,7
20240829,5,2179,23
20240829,5,2185,22
20240829,5,2186,4
20240829,5,2191,32
20240829,5,2198,7
20240829,5,2199,6
20240829,5,3310,0
20240829,5,3311,5
20240829,5,3802,9
20240829,6,2111,9
20240829,6,2112,15
20240829,6,2116,7
20240829,6,2122,2
20240829,6,2128,1
20240829,6,2129,1
20240829,6,2130,9
20240829,6,2139,7
20240829,6,2143,10
20240829,6,2148,3
20240829,6,2159,10
20240829,6,2171,7
20240829,6,2172,14
20240829,6,2178,7
20240829,6,2179,23
20240829,6,2185,22
20240829,6,2186,4
20240829,6,2191,32
20240829,6,2198,6
20240829,6,2199,6
20240829,6,3310,0
20240829,6,3311,6
20240829,6,3802,11
20240829,7,2111,6
20240829,7,2112,14
20240829,7,2116,8
20240829,7,2122,2
20240829,7,2128,1
20240829,7,2129,1
20240829,7,2130,9
20240829,7,2139,6
20240829,7,2143,10
20240829,7,2148,4
20240829,7,2159,10
20240829,7,2171,7
20240829,7,2172,14
20240829,7,2178,7
20240829,7,2179,24
20240829,7,2185,22
20240829,7,2186,3
20240829,7,2191,30
20240829,7,2198,6
20240829,7,2199,6
20240829,7,3310,0
20240829,7,3311,8
20240829,7,3802,9
20240829,8,2111,6
20240829,8,2112,13
20240829,8,2116,9
20240829,8,2122,4
20240829,8,2128,1
20240829,8,2129,1
20240829,8,2130,10
20240829,8,2139,1
20240829,8,2143,10
20240829,8,2148,4
20240829,8,2159,10
20240829,8,2171,7
20240829,8,2172,14
20240829,8,2178,7
20240829,8,2179,23
20240829,8,2185,16
20240829,8,2186,2
20240829,8,2191,28
20240829,8,2198,4
20240829,8,2199,6
20240829,8,3310,0
20240829,8,3311,10
20240829,8,3802,9
20240829,9,2111,7
20240829,9,2112,11
20240829,9,2116,10
20240829,9,2122,5
20240829,9,2128,1
20240829,9,2129,1
20240829,9,2130,10
20240829,9,2139,0
20240829,9,2143,11
20240829,9,2148,5
20240829,9,2159,10
20240829,9,2171,10
20240829,9,2172,13
20240829,9,2178,6
20240829,9,2179,22
20240829,9,2185,14
20240829,9,2186,3
20240829,9,2191,28
20240829,9,2198,4
20240829,9,2199,5
20240829,9,3310,0
20240829,9,3311,12
20240829,9,3802,8
20240829,10,2111,11
20240829,10,2112,9
20240829,10,2116,11
20240829,10,2122,3
20240829,10,2128,2
20240829,10,2129,1
20240829,10,2130,8
20240829,10,2139,0
20240829,10,2143,10
20240829,10,2148,6
20240829,10,2159,12
20240829,10,2171,9
20240829,10,2172,14
20240829,10,2178,6
20240829,10,2179,22
20240829,10,2185,12
20240829,10,2186,1
20240829,10,2191,29
20240829,10,2198,4
20240829,10,2199,4
20240829,10,3310,0
20240829,10,3311,15
20240829,10,3802,8
20240829,11,2111,14
20240829,11,2112,9
20240829,11,2116,9
20240829,11,2122,3
20240829,11,2128,1
20240829,11,2129,1
20240829,11,2130,8
20240829,11,2139,1
20240829,11,2143,10
20240829,11,2148,7
20240829,11,2159,12
20240829,11,2171,9
20240829,11,2172,17
20240829,11,2178,5
20240829,11,2179,23
20240829,11,2185,11
20240829,11,2186,1
20240829,11,2191,30
20240829,11,2198,3
20240829,11,2199,3
20240829,11,3310,0
20240829,11,3311,16
20240829,11,3802,9
20240829,12,2111,16
20240829,12,2112,10
20240829,12,2116,10
20240829,12,2122,0
20240829,12,2128,2
20240829,12,2129,1
20240829,12,2130,8
20240829,12,2139,0
20240829,12,2143,10
20240829,12,2148,3
20240829,12,2159,12
20240829,12,2171,10
20240829,12,2172,17
20240829,12,2178,5
20240829,12,2179,21
20240829,12,2185,10
20240829,12,2186,1
20240829,12,2191,29
20240829,12,2198,2
20240829,12,2199,3
20240829,12,3310,0
20240829,12,3311,15
20240829,12,3802,9
20240829,13,2111,17
20240829,13,2112,12
20240829,13,2116,11
20240829,13,2122,0
20240829,13,2128,2
20240829,13,2129,1
20240829,13,2130,7
20240829,13,2139,1
20240829,13,2143,10
20240829,13,2148,0
20240829,13,2159,13
20240829,13,2171,9
20240829,13,2172,17
20240829,13,2178,5
20240829,13,2179,22
20240829,13,2185,9
20240829,13,2186,1
20240829,13,2191,29
20240829,13,2198,2
20240829,13,2199,4
20240829,13,3310,0
20240829,13,3311,13
20240829,13,3802,9
20240829,14,2111,17
20240829,14,2112,12
20240829,14,2116,9
20240829,14,2122,2
20240829,14,2128,2
20240829,14,2129,0
20240829,14,2130,7
20240829,14,2139,1
20240829,14,2143,9
20240829,14,2148,2
20240829,14,2159,13
20240829,14,2171,10
20240829,14,2172,16
20240829,14,2178,5
20240829,14,2179,20
20240829,14,2185,9
20240829,14,2186,1
20240829,14,2191,29
20240829,14,2198,0
20240829,14,2199,5
20240829,14,3310,0
20240829,14,3311,18
20240829,14,3802,9
20240829,15,2111,18
20240829,15,2112,12
20240829,15,2116,9
20240829,15,2122,3
20240829,15,2128,1
20240829,15,2129,0
20240829,15,2130,8
20240829,15,2139,0
20240829,15,2143,8
20240829,15,2148,0
20240829,15,2159,13
20240829,15,2171,16
20240829,15,2172,15
20240829,15,2178,3
20240829,15,2179,19
20240829,15,2185,10
20240829,15,2186,10
20240829,15,2191,29
20240829,15,2198,0
20240829,15,2199,5
20240829,15,3310,0
20240829,15,3311,20
20240829,15,3802,9
20240829,16,2111,16
20240829,16,2112,10
20240829,16,2116,9
20240829,16,2122,3
20240829,16,2128,0
20240829,16,2129,2
20240829,16,2130,7
20240829,16,2139,0
20240829,16,2143,9
20240829,16,2148,0
20240829,16,2159,12
20240829,16,2171,20
20240829,16,2172,14
20240829,16,2178,2
20240829,16,2179,18
20240829,16,2185,12
20240829,16,2186,10
20240829,16,2191,28
20240829,16,2198,1
20240829,16,2199,5
20240829,16,3310,0
20240829,16,3311,16
20240829,16,3802,9
20240829,17,2111,18
20240829,17,2112,9
20240829,17,2116,9
20240829,17,2122,1
20240829,17,2128,0
20240829,17,2129,13
20240829,17,2130,7
20240829,17,2139,1
20240829,17,2143,7
20240829,17,2148,0
20240829,17,2159,12
20240829,17,2171,20
20240829,17,2172,13
20240829,17,2178,2
20240829,17,2179,18
20240829,17,2185,14
20240829,17,2186,10
20240829,17,2191,28
20240829,17,2198,0
20240829,17,2199,5
20240829,17,3310,0
20240829,17,3311,17
20240829,17,3802,12
20240829,18,2111,18
20240829,18,2112,9
20240829,18,2116,10
20240829,18,2122,2
20240829,18,2128,0
20240829,18,2129,7
20240829,18,2130,7
20240829,18,2139,0
20240829,18,2143,7
20240829,18,2148,0
20240829,18,2159,13
20240829,18,2171,18
20240829,18,2172,11
20240829,18,2178,0
20240829,18,2179,20
20240829,18,2185,12
20240829,18,2186,9
20240829,18,2191,30
20240829,18,2198,0
20240829,18,2199,6
20240829,18,3310,0
20240829,18,3311,15
20240829,18,3802,10
20240829,19,2111,17
20240829,19,2112,10
20240829,19,2116,12
20240829,19,2122,3
20240829,19,2128,0
20240829,19,2129,6
20240829,19,2130,7
20240829,19,2139,0
20240829,19,2143,7
20240829,19,2148,2
20240829,19,2159,13
20240829,19,2171,12
20240829,19,2172,10
20240829,19,2178,0
20240829,19,2179,22
20240829,19,2185,12
20240829,19,2186,9
20240829,19,2191,31
20240829,19,2198,4
20240829,19,2199,6
20240829,19,3310,11
20240829,19,3311,15
20240829,19,3802,11
20240829,20,2111,14
20240829,20,2112,11
20240829,20,2116,12
20240829,20,2122,8
20240829,20,2128,1
20240829,20,2129,4
20240829,20,2130,7
20240829,20,2139,1
20240829,20,2143,8
20240829,20,2148,0
20240829,20,2159,13
20240829,20,2171,7
20240829,20,2172,5
20240829,20,2178,0
20240829,20,2179,22
20240829,20,2185,12
20240829,20,2186,9
20240829,20,2191,30
20240829,20,2198,3
20240829,20,2199,6
20240829,20,3310,10
20240829,20,3311,14
20240829,20,3802,10
20240829,21,2111,13
20240829,21,2112,13
20240829,21,2116,9
20240829,21,2122,7
20240829,21,2128,0
20240829,21,2129,2
20240829,21,2130,7
20240829,21,2139,0
20240829,21,2143,8
20240829,21,2148,0
20240829,21,2159,13
20240829,21,2171,5
20240829,21,2172,2
20240829,21,2178,0
20240829,21,2179,22
20240829,21,2185,13
20240829,21,2186,12
20240829,21,2191,34
20240829,21,2198,4
20240829,21,2199,6
20240829,21,3310,10
20240829,21,3311,10
20240829,21,3802,8
20240829,22,2111,14
20240829,22,2112,9
20240829,22,2116,10
20240829,22,2122,7
20240829,22,2128,0
20240829,22,2129,2
20240829,22,2130,7
20240829,22,2139,0
20240829,22,2143,8
20240829,22,2148,0
20240829,22,2159,13
20240829,22,2171,7
20240829,22,2172,1
20240829,22,2178,0
20240829,22,2179,18
20240829,22,2185,15
20240829,22,2186,12
20240829,22,2191,32
20240829,22,2198,8
20240829,22,2199,5
20240829,22,3310,10
20240829,22,3311,6
20240829,22,3802,7
20240829,23,2111,13
20240829,23,2112,7
20240829,23,2116,10
20240829,23,2122,8
20240829,23,2128,0
20240829,23,2129,3
20240829,23,2130,7
20240829,23,2139,2
20240829,23,2143,7
20240829,23,2148,0
20240829,23,2159,13
20240829,23,2171,6
20240829,23,2172,1
20240829,23,2178,0
20240829,23,2179,17
20240829,23,2185,17
20240829,23,2186,12
20240829,23,2191,33
20240829,23,2198,9
20240829,23,2199,4
20240829,23,3310,10
20240829,23,3311,6
20240829,23,3802,7
20240830,0,2111,12
20240830,0,2112,5
20240830,0,2116,9
20240830,0,2122,4
20240830,0,2128,0
20240830,0,2129,3
20240830,0,2130,7
20240830,0,2139,1
20240830,0,2143,7
20240830,0,2148,0
20240830,0,2159,13
20240830,0,2171,4
20240830,0,2172,1
20240830,0,2178,1
20240830,0,2179,18
20240830,0,2185,18
20240830,0,2186,12
20240830,0,2191,34
20240830,0,2198,10
20240830,0,2199,6
20240830,0,3310,10
20240830,0,3311,5
20240830,0,3802,8
20240830,1,2111,10
20240830,1,2112,4
20240830,1,2116,6
20240830,1,2122,4
20240830,1,2128,0
20240830,1,2129,3
20240830,1,2130,7
20240830,1,2139,2
20240830,1,2143,8
20240830,1,2148,0
20240830,1,2159,12
20240830,1,2171,2
20240830,1,2172,1
20240830,1,2178,1
20240830,1,2179,19
20240830,1,2185,18
20240830,1,2186,12
20240830,1,2191,33
20240830,1,2198,6
20240830,1,2199,6
20240830,1,3310,9
20240830,1,3311,5
20240830,1,3802,8
20240830,2,2111,10
20240830,2,2112,4
20240830,2,2116,6
20240830,2,2122,4
20240830,2,2128,0
20240830,2,2129,5
20240830,2,2130,7
20240830,2,2139,4
20240830,2,2143,9
20240830,2,2148,0
20240830,2,2159,12
20240830,2,2171,3
20240830,2,2172,1
20240830,2,2178,1
20240830,2,2179,20
20240830,2,2185,19
20240830,2,2186,12
20240830,2,2191,31
20240830,2,2198,5
20240830,2,2199,6
20240830,2,3310,9
20240830,2,3311,5
20240830,2,3802,8
20240830,3,2111,9
20240830,3,2112,5
20240830,3,2116,6
20240830,3,2122,5
20240830,3,2128,0
20240830,3,2129,5
20240830,3,2130,7
20240830,3,2139,4
20240830,3,2143,10
20240830,3,2148,0
20240830,3,2159,12
20240830,3,2171,5
20240830,3,2172,1
20240830,3,2178,1
20240830,3,2179,20
20240830,3,2185,19
20240830,3,2186,11
20240830,3,2191,31
20240830,3,2198,6
20240830,3,2199,7
20240830,3,3310,9
20240830,3,3311,5
20240830,3,3802,8
20240830,4,2111,9
20240830,4,2112,4
20240830,4,2116,6
20240830,4,2122,6
20240830,4,2128,0
20240830,4,2129,6
20240830,4,2130,7
20240830,4,2139,4
20240830,4,2143,10
20240830,4,2148,0
20240830,4,2159,12
20240830,4,2171,4
20240830,4,2172,1
20240830,4,2178,1
20240830,4,2179,21
20240830,4,2185,21
20240830,4,2186,11
20240830,4,2191,32
20240830,4,2198,6
20240830,4,2199,6
20240830,4,3310,9
20240830,4,3311,5
20240830,4,3802,8
20240830,5,2111,9
20240830,5,2112,4
20240830,5,2116,7
20240830,5,2122,6
20240830,5,2128,0
20240830,5,2129,6
20240830,5,2130,7
20240830,5,2139,4
20240830,5,2143,10
20240830,5,2148,0
20240830,5,2159,11
20240830,5,2171,4
20240830,5,2172,1
20240830,5,2178,1
20240830,5,2179,21
20240830,5,2185,21
20240830,5,2186,10
20240830,5,2191,33
20240830,5,2198,5
20240830,5,2199,6
20240830,5,3310,9
20240830,5,3311,5
20240830,5,3802,8
20240830,6,2111,10
20240830,6,2112,3
20240830,6,2116,7
20240830,6,2122,4
20240830,6,2128,0
20240830,6,2129,6
20240830,6,2130,9
20240830,6,2139,4
20240830,6,2143,10
20240830,6,2148,0
20240830,6,2159,11
20240830,6,2171,4
20240830,6,2172,1
20240830,6,2178,2
20240830,6,2179,22
20240830,6,2185,21
20240830,6,2186,9
20240830,6,2191,32
20240830,6,2198,3
20240830,6,2199,6
20240830,6,3310,9
20240830,6,3311,6
20240830,6,3802,10
20240830,7,2111,10
20240830,7,2112,3
20240830,7,2116,7
20240830,7,2122,4
20240830,7,2128,1
20240830,7,2129,5
20240830,7,2130,7
20240830,7,2139,0
20240830,7,2143,9
20240830,7,2148,0
20240830,7,2159,11
20240830,7,2171,3
20240830,7,2172,2
20240830,7,2178,2
20240830,7,2179,24
20240830,7,2185,21
20240830,7,2186,7
20240830,7,2191,29
20240830,7,2198,2
20240830,7,2199,6
20240830,7,3310,6
20240830,7,3311,4
20240830,7,3802,8
20240830,8,2111,11
20240830,8,2112,4
20240830,8,2116,6
20240830,8,2122,4
20240830,8,2128,1
20240830,8,2129,5
20240830,8,2130,7
20240830,8,2139,0
20240830,8,2143,9
20240830,8,2148,1
20240830,8,2159,11
20240830,8,2171,4
20240830,8,2172,3
20240830,8,2178,2
20240830,8,2179,15
20240830,8,2185,19
20240830,8,2186,7
20240830,8,2191,28
20240830,8,2198,1
20240830,8,2199,5
20240830,8,3310,2
20240830,8,3311,6
20240830,8,3802,7
20240830,9,2111,12
20240830,9,2112,3
20240830,9,2116,6
20240830,9,2122,6
20240830,9,2128,2
20240830,9,2129,4
20240830,9,2130,7
20240830,9,2139,0
20240830,9,2143,10
20240830,9,2148,1
20240830,9,2159,8
20240830,9,2171,5
20240830,9,2172,2
20240830,9,2178,1
20240830,9,2179,15
20240830,9,2185,18
20240830,9,2186,5
20240830,9,2191,28
20240830,9,2198,0
20240830,9,2199,6
20240830,9,3310,2
20240830,9,3311,8
20240830,9,3802,5
20240830,10,2111,16
20240830,10,2112,4
20240830,10,2116,6
20240830,10,2122,7
20240830,10,2128,2
20240830,10,2129,4
20240830,10,2130,7
20240830,10,2139,0
20240830,10,2143,7
20240830,10,2148,2
20240830,10,2159,8
20240830,10,2171,5
20240830,10,2172,3
20240830,10,2178,2
20240830,10,2179,14
20240830,10,2185,16
20240830,10,2186,6
20240830,10,2191,10
20240830,10,2198,1
20240830,10,2199,6
20240830,10,3310,0
20240830,10,3311,12
20240830,10,3802,5
20240830,11,2111,17
20240830,11,2112,4
20240830,11,2116,6
20240830,11,2122,7
20240830,11,2128,2
20240830,11,2129,4
20240830,11,2130,7
20240830,11,2139,1
20240830,11,2143,7
20240830,11,2148,2
20240830,11,2159,10
20240830,11,2171,4
20240830,11,2172,4
20240830,11,2178,22
20240830,11,2179,13
20240830,11,2185,17
20240830,11,2186,5
20240830,11,2191,9
20240830,11,2198,0
20240830,11,2199,6
20240830,11,3310,0
20240830,11,3311,11
20240830,11,3802,4
20240830,12,2111,20
20240830,12,2112,4
20240830,12,2116,7
20240830,12,2122,6
20240830,12,2128,3
20240830,12,2129,2
20240830,12,2130,7
20240830,12,2139,2
20240830,12,2143,9
20240830,12,2148,0
20240830,12,2159,10
20240830,12,2171,5
20240830,12,2172,4
20240830,12,2178,22
20240830,12,2179,12
20240830,12,2185,19
20240830,12,2186,5
20240830,12,2191,11
20240830,12,2198,0
20240830,12,2199,5
20240830,12,3310,0
20240830,12,3311,12
20240830,12,3802,4
20240830,13,2111,21
20240830,13,2112,3
20240830,13,2116,7
20240830,13,2122,6
20240830,13,2128,3
20240830,13,2129,2
20240830,13,2130,7
20240830,13,2139,2
20240830,13,2143,7
20240830,13,2148,0
20240830,13,2159,11
20240830,13,2171,6
20240830,13,2172,2
20240830,13,2178,22
20240830,13,2179,13
20240830,13,2185,18
20240830,13,2186,4
20240830,13,2191,11
20240830,13,2198,0
20240830,13,2199,4
20240830,13,3310,0
20240830,13,3311,12
20240830,13,3802,4
20240830,14,2111,22
20240830,14,2112,3
20240830,14,2116,7
20240830,14,2122,6
20240830,14,2128,3
20240830,14,2129,1
20240830,14,2130,7
20240830,14,2139,3
20240830,14,2143,7
20240830,14,2148,2
20240830,14,2159,12
20240830,14,2171,8
20240830,14,2172,2
20240830,14,2178,22
20240830,14,2179,14
20240830,14,2185,19
20240830,14,2186,3
20240830,14,2191,10
20240830,14,2198,0
20240830,14,2199,4
20240830,14,3310,0
20240830,14,3311,12
20240830,14,3802,4
20240830,15,2111,22
20240830,15,2112,6
20240830,15,2116,8
20240830,15,2122,8
20240830,15,2128,4
20240830,15,2129,1
20240830,15,2130,7
20240830,15,2139,3
20240830,15,2143,7
20240830,15,2148,1
20240830,15,2159,11
20240830,15,2171,9
20240830,15,2172,2
20240830,15,2178,21
20240830,15,2179,13
20240830,15,2185,18
20240830,15,2186,3
20240830,15,2191,10
20240830,15,2198,2
20240830,15,2199,5
20240830,15,3310,0
20240830,15,3311,14
20240830,15,3802,4
20240830,16,2111,21
20240830,16,2112,9
20240830,16,2116,12
20240830,16,2122,7
20240830,16,2128,4
20240830,16,2129,1
20240830,16,2130,6
20240830,16,2139,5
20240830,16,2143,7
20240830,16,2148,0
20240830,16,2159,12
20240830,16,2171,10
20240830,16,2172,1
20240830,16,2178,20
20240830,16,2179,13
20240830,16,2185,17
20240830,16,2186,3
20240830,16,2191,11
20240830,16,2198,4
20240830,16,2199,5
20240830,16,3310,10
20240830,16,3311,11
20240830,16,3802,3
20240830,17,2111,21
20240830,17,2112,11
20240830,17,2116,12
20240830,17,2122,7
20240830,17,2128,2
20240830,17,2129,0
20240830,17,2130,5
20240830,17,2139,6
20240830,17,2143,5
20240830,17,2148,0
20240830,17,2159,11
20240830,17,2171,6
20240830,17,2172,1
20240830,17,2178,17
20240830,17,2179,12
20240830,17,2185,17
20240830,17,2186,2
20240830,17,2191,8
20240830,17,2198,4
20240830,17,2199,5
20240830,17,3310,9
20240830,17,3311,7
20240830,17,3802,3
20240830,18,2111,20
20240830,18,2112,10
20240830,18,2116,10
20240830,18,2122,7
20240830,18,2128,3
20240830,18,2129,0
20240830,18,2130,3
20240830,18,2139,5
20240830,18,2143,7
20240830,18,2148,0
20240830,18,2159,10
20240830,18,2171,7
20240830,18,2172,1
20240830,18,2178,13
20240830,18,2179,13
20240830,18,2185,18
20240830,18,2186,2
20240830,18,2191,8
20240830,18,2198,3
20240830,18,2199,4
20240830,18,3310,5
20240830,18,3311,4
20240830,18,3802,5
20240830,19,2111,20
20240830,19,2112,9
20240830,19,2116,10
20240830,19,2122,4
20240830,19,2128,3
20240830,19,2129,0
20240830,19,2130,2
20240830,19,2139,6
20240830,19,2143,7
20240830,19,2148,0
20240830,19,2159,10
20240830,19,2171,6
20240830,19,2172,1
20240830,19,2178,12
20240830,19,2179,19
20240830,19,2185,17
20240830,19,2186,3
20240830,19,2191,12
20240830,19,2198,2
20240830,19,2199,4
20240830,19,3310,3
20240830,19,3311,1
20240830,19,3802,7
20240830,20,2111,21
20240830,20,2112,7
20240830,20,2116,8
20240830,20,2122,5
20240830,20,2128,2
20240830,20,2129,0
20240830,20,2130,2
20240830,20,2139,7
20240830,20,2143,6
20240830,20,2148,0
20240830,20,2159,13
20240830,20,2171,4
20240830,20,2172,1
20240830,20,2178,11
20240830,20,2179,23
20240830,20,2185,12
20240830,20,2186,4
20240830,20,2191,14
20240830,20,2198,3
20240830,20,2199,3
20240830,20,3310,2
20240830,20,3311,2
20240830,20,3802,7
20240830,21,2111,19
20240830,21,2112,7
20240830,21,2116,6
20240830,21,2122,3
20240830,21,2128,3
20240830,21,2129,0
20240830,21,2130,2
20240830,21,2139,3
20240830,21,2143,5
20240830,21,2148,1
20240830,21,2159,14
20240830,21,2171,3
20240830,21,2172,2
20240830,21,2178,10
20240830,21,2179,22
20240830,21,2185,12
20240830,21,2186,1
20240830,21,2191,13
20240830,21,2198,3
20240830,21,2199,3
20240830,21,3310,3
20240830,21,3311,3
20240830,21,3802,5
20240830,22,2111,19
20240830,22,2112,6
20240830,22,2116,6
20240830,22,2122,3
20240830,22,2128,4
20240830,22,2129,0
20240830,22,2130,2
20240830,22,2139,3
20240830,22,2143,7
20240830,22,2148,1
20240830,22,2159,10
20240830,22,2171,8
20240830,22,2172,1
20240830,22,2178,9
20240830,22,2179,22
20240830,22,2185,13
20240830,22,2186,2
20240830,22,2191,15
20240830,22,2198,3
20240830,22,2199,3
20240830,22,3310,2
20240830,22,3311,0
20240830,22,3802,5
20240830,23,2111,18
20240830,23,2112,6
20240830,23,2116,6
20240830,23,2122,3
20240830,23,2128,3
20240830,23,2129,0
20240830,23,2130,2
20240830,23,2139,5
20240830,23,2143,7
20240830,23,2148,1
20240830,23,2159,10
20240830,23,2171,8
20240830,23,2172,1
20240830,23,2178,7
20240830,23,2179,21
20240830,23,2185,12
20240830,23,2186,2
20240830,23,2191,13
20240830,23,2198,3
20240830,23,2199,3
20240830,23,3310,3
20240830,23,3311,0
20240830,23,3802,5
20240831,0,2111,16
20240831,0,2112,6
20240831,0,2116,6
20240831,0,2122,2
20240831,0,2128,3
20240831,0,2129,1
20240831,0,2130,2
20240831,0,2139,5
20240831,0,2143,7
20240831,0,2148,2
20240831,0,2159,10
20240831,0,2171,8
20240831,0,2172,2
20240831,0,2178,7
20240831,0,2179,21
20240831,0,2185,13
20240831,0,2186,2
20240831,0,2191,14
20240831,0,2198,3
20240831,0,2199,3
20240831,0,3310,3
20240831,0,3311,0
20240831,0,3802,6
20240831,1,2111,17
20240831,1,2112,6
20240831,1,2116,4
20240831,1,2122,2
20240831,1,2128,4
20240831,1,2129,1
20240831,1,2130,2
20240831,1,2139,4
20240831,1,2143,9
20240831,1,2148,2
20240831,1,2159,10
20240831,1,2171,4
20240831,1,2172,4
20240831,1,2178,6
20240831,1,2179,19
20240831,1,2185,14
20240831,1,2186,1
20240831,1,2191,17
20240831,1,2198,3
20240831,1,2199,2
20240831,1,3310,3
20240831,1,3311,0
20240831,1,3802,6
20240831,2,2111,17
20240831,2,2112,6
20240831,2,2116,5
20240831,2,2122,2
20240831,2,2128,4
20240831,2,2129,0
20240831,2,2130,2
20240831,2,2139,5
20240831,2,2143,11
20240831,2,2148,2
20240831,2,2159,10
20240831,2,2171,6
20240831,2,2172,4
20240831,2,2178,5
20240831,2,2179,21
20240831,2,2185,14
20240831,2,2186,2
20240831,2,2191,17
20240831,2,2198,4
20240831,2,2199,2
20240831,2,3310,3
20240831,2,3311,1
20240831,2,3802,6
20240831,3,2111,16
20240831,3,2112,6
20240831,3,2116,6
20240831,3,2122,1
20240831,3,2128,4
20240831,3,2129,0
20240831,3,2130,2
20240831,3,2139,7
20240831,3,2143,11
20240831,3,2148,2
20240831,3,2159,10
20240831,3,2171,5
20240831,3,2172,4
20240831,3,2178,5
20240831,3,2179,18
20240831,3,2185,15
20240831,3,2186,1
20240831,3,2191,17
20240831,3,2198,4
20240831,3,2199,2
20240831,3,3310,3
20240831,3,3311,1
20240831,3,3802,6
20240831,4,2111,18
20240831,4,2112,6
20240831,4,2116,6
20240831,4,2122,1
20240831,4,2128,4
20240831,4,2129,0
20240831,4,2130,2
20240831,4,2139,7
20240831,4,2143,11
20240831,4,2148,2
20240831,4,2159,10
20240831,4,2171,5
20240831,4,2172,4
20240831,4,2178,5
20240831,4,2179,18
20240831,4,2185,13
20240831,4,2186,1
20240831,4,2191,16
20240831,4,2198,4
20240831,4,2199,2
20240831,4,3310,3
20240831,4,3311,1
20240831,4,3802,6
20240831,5,2111,17
20240831,5,2112,6
20240831,5,2116,6
20240831,5,2122,1
20240831,5,2128,4
20240831,5,2129,0
20240831,5,2130,2
20240831,5,2139,7
20240831,5,2143,11
20240831,5,2148,2
20240831,5,2159,10
20240831,5,2171,5
20240831,5,2172,6
20240831,5,2178,6
20240831,5,2179,19
20240831,5,2185,15
20240831,5,2186,0
20240831,5,2191,16
20240831,5,2198,3
20240831,5,2199,2
20240831,5,3310,2
20240831,5,3311,1
20240831,5,3802,6
20240831,6,2111,18
20240831,6,2112,6
20240831,6,2116,6
20240831,6,2122,1
20240831,6,2128,3
20240831,6,2129,0
20240831,6,2130,2
20240831,6,2139,6
20240831,6,2143,11
20240831,6,2148,2
20240831,6,2159,11
20240831,6,2171,5
20240831,6,2172,6
20240831,6,2178,6
20240831,6,2179,18
20240831,6,2185,14
20240831,6,2186,0
20240831,6,2191,16
20240831,6,2198,4
20240831,6,2199,2
20240831,6,3310,2
20240831,6,3311,1
20240831,6,3802,8
20240831,7,2111,18
20240831,7,2112,5
20240831,7,2116,6
20240831,7,2122,1
20240831,7,2128,3
20240831,7,2129,0
20240831,7,2130,2
20240831,7,2139,6
20240831,7,2143,11
20240831,7,2148,1
20240831,7,2159,10
20240831,7,2171,5
20240831,7,2172,8
20240831,7,2178,7
20240831,7,2179,18
20240831,7,2185,13
20240831,7,2186,0
20240831,7,2191,17
20240831,7,2198,4
20240831,7,2199,2
20240831,7,3310,1
20240831,7,3311,1
20240831,7,3802,7
20240831,8,2111,19
20240831,8,2112,5
20240831,8,2116,6
20240831,8,2122,1
20240831,8,2128,3
20240831,8,2129,0
20240831,8,2130,2
20240831,8,2139,3
20240831,8,2143,10
20240831,8,2148,1
20240831,8,2159,9
20240831,8,2171,6
20240831,8,2172,9
20240831,8,2178,8
20240831,8,2179,8
20240831,8,2185,14
20240831,8,2186,0
20240831,8,2191,14
20240831,8,2198,4
20240831,8,2199,2
20240831,8,3310,0
20240831,8,3311,2
20240831,8,3802,6
20240831,9,2111,19
20240831,9,2112,5
20240831,9,2116,6
20240831,9,2122,1
20240831,9,2128,2
20240831,9,2129,0
20240831,9,2130,2
20240831,9,2139,3
20240831,9,2143,11
20240831,9,2148,0
20240831,9,2159,8
20240831,9,2171,9
20240831,9,2172,11
20240831,9,2178,8
20240831,9,2179,8
20240831,9,2185,12
20240831,9,2186,0
20240831,9,2191,14
20240831,9,2198,3
20240831,9,2199,2
20240831,9,3310,0
20240831,9,3311,5
20240831,9,3802,6
20240831,10,2111,19
20240831,10,2112,5
20240831,10,2116,7
20240831,10,2122,1
20240831,10,2128,2
20240831,10,2129,0
20240831,10,2130,2
20240831,10,2139,3
20240831,10,2143,11
20240831,10,2148,0
20240831,10,2159,9
20240831,10,2171,8
20240831,10,2172,8
20240831,10,2178,23
20240831,10,2179,7
20240831,10,2185,11
20240831,10,2186,0
20240831,10,2191,12
20240831,10,2198,4
20240831,10,2199,2
20240831,10,3310,0
20240831,10,3311,8
20240831,10,3802,7
20240831,11,2111,22
20240831,11,2112,5
20240831,11,2116,7
20240831,11,2122,0
20240831,11,2128,2
20240831,11,2129,0
20240831,11,2130,2
20240831,11,2139,4
20240831,11,2143,12
20240831,11,2148,0
20240831,11,2159,9
20240831,11,2171,12
20240831,11,2172,7
20240831,11,2178,23
20240831,11,2179,5
20240831,11,2185,8
20240831,11,2186,0
20240831,11,2191,11
20240831,11,2198,4
20240831,11,2199,1
20240831,11,3310,0
20240831,11,3311,9
20240831,11,3802,6
20240831,12,2111,20
20240831,12,2112,5
20240831,12,2116,8
20240831,12,2122,0
20240831,12,2128,5
20240831,12,2129,0
20240831,12,2130,2
20240831,12,2139,3
20240831,12,2143,12
20240831,12,2148,0
20240831,12,2159,9
20240831,12,2171,9
20240831,12,2172,4
20240831,12,2178,23
20240831,12,2179,8
20240831,12,2185,8
20240831,12,2186,0
20240831,12,2191,11
20240831,12,2198,4
20240831,12,2199,0
20240831,12,3310,0
20240831,12,3311,10
20240831,12,3802,6
20240831,13,2111,21
20240831,13,2112,4
20240831,13,2116,10
20240831,13,2122,0
20240831,13,2128,2
20240831,13,2129,0
20240831,13,2130,2
20240831,13,2139,3
20240831,13,2143,13
20240831,13,2148,0
20240831,13,2159,9
20240831,13,2171,10
20240831,13,2172,4
20240831,13,2178,21
20240831,13,2179,6
20240831,13,2185,7
20240831,13,2186,0
20240831,13,2191,11
20240831,13,2198,7
20240831,13,2199,0
20240831,13,3310,0
20240831,13,3311,11
20240831,13,3802,6
20240831,14,2111,21
20240831,14,2112,3
20240831,14,2116,10
20240831,14,2122,0
20240831,14,2128,1
20240831,14,2129,0
20240831,14,2130,1
20240831,14,2139,3
20240831,14,2143,13
20240831,14,2148,0
20240831,14,2159,8
20240831,14,2171,8
20240831,14,2172,6
20240831,14,2178,21
20240831,14,2179,7
20240831,14,2185,6
20240831,14,2186,0
20240831,14,2191,5
20240831,14,2198,5
20240831,14,2199,0
20240831,14,3310,0
20240831,14,3311,12
20240831,14,3802,6
20240831,15,2111,20
20240831,15,2112,5
20240831,15,2116,9
20240831,15,2122,1
20240831,15,2128,5
20240831,15,2129,6
20240831,15,2130,1
20240831,15,2139,4
20240831,15,2143,13
20240831,15,2148,0
20240831,15,2159,8
20240831,15,2171,8
20240831,15,2172,8
20240831,15,2178,21
20240831,15,2179,6
20240831,15,2185,6
20240831,15,2186,0
20240831,15,2191,5
20240831,15,2198,5
20240831,15,2199,0
20240831,15,3310,15
20240831,15,3311,8
20240831,15,3802,6
20240831,16,2111,22
20240831,16,2112,5
20240831,16,2116,8
20240831,16,2122,0
20240831,16,2128,3
20240831,16,2129,5
20240831,16,2130,1
20240831,16,2139,4
20240831,16,2143,14
20240831,16,2148,1
20240831,16,2159,10
20240831,16,2171,7
20240831,16,2172,8
20240831,16,2178,22
20240831,16,2179,9
20240831,16,2185,6
20240831,16,2186,0
20240831,16,2191,5
20240831,16,2198,7
20240831,16,2199,0
20240831,16,3310,13
20240831,16,3311,8
20240831,16,3802,6
20240831,17,2111,22
20240831,17,2112,6
20240831,17,2116,8
20240831,17,2122,0
20240831,17,2128,5
20240831,17,2129,2
20240831,17,2130,1
20240831,17,2139,3
20240831,17,2143,14
20240831,17,2148,0
20240831,17,2159,10
20240831,17,2171,5
20240831,17,2172,8
20240831,17,2178,19
20240831,17,2179,7
20240831,17,2185,6
20240831,17,2186,0
20240831,17,2191,3
20240831,17,2198,8
20240831,17,2199,0
20240831,17,3310,12
20240831,17,3311,8
20240831,17,3802,7
20240831,18,2111,24
20240831,18,2112,9
20240831,18,2116,7
20240831,18,2122,0
20240831,18,2128,4
20240831,18,2129,0
20240831,18,2130,0
20240831,18,2139,2
20240831,18,2143,15
20240831,18,2148,2
20240831,18,2159,9
20240831,18,2171,6
20240831,18,2172,3
20240831,18,2178,17
20240831,18,2179,5
20240831,18,2185,6
20240831,18,2186,0
20240831,18,2191,3
20240831,18,2198,5
20240831,18,2199,0
20240831,18,3310,10
20240831,18,3311,7
20240831,18,3802,3
20240831,19,2111,25
20240831,19,2112,10
20240831,19,2116,6
20240831,19,2122,0
20240831,19,2128,3
20240831,19,2129,0
20240831,19,2130,0
20240831,19,2139,2
20240831,19,2143,12
20240831,19,2148,0
20240831,19,2159,10
20240831,19,2171,6
20240831,19,2172,1
20240831,19,2178,19
20240831,19,2179,5
20240831,19,2185,5
20240831,19,2186,0
20240831,19,2191,3
20240831,19,2198,5
20240831,19,2199,0
20240831,19,3310,10
20240831,19,3311,7
20240831,19,3802,5
20240831,20,2111,16
20240831,20,2112,10
20240831,20,2116,6
20240831,20,2122,0
20240831,20,2128,3
20240831,20,2129,0
20240831,20,2130,0
20240831,20,2139,3
20240831,20,2143,13
20240831,20,2148,0
20240831,20,2159,8
20240831,20,2171,6
20240831,20,2172,1
20240831,20,2178,16
20240831,20,2179,5
20240831,20,2185,5
20240831,20,2186,0
20240831,20,2191,2
20240831,20,2198,3
20240831,20,2199,0
20240831,20,3310,10
20240831,20,3311,5
20240831,20,3802,4
20240831,21,2111,16
20240831,21,2112,7
20240831,21,2116,2
20240831,21,2122,1
20240831,21,2128,5
20240831,21,2129,13
20240831,21,2130,0
20240831,21,2139,2
20240831,21,2143,13
20240831,21,2148,2
20240831,21,2159,11
20240831,21,2171,6
20240831,21,2172,1
20240831,21,2178,16
20240831,21,2179,5
20240831,21,2185,5
20240831,21,2186,2
20240831,21,2191,2
20240831,21,2198,4
20240831,21,2199,0
20240831,21,3310,9
20240831,21,3311,3
20240831,21,3802,3
20240831,22,2111,17
20240831,22,2112,4
20240831,22,2116,2
20240831,22,2122,0
20240831,22,2128,6
20240831,22,2129,13
20240831,22,2130,0
20240831,22,2139,1
20240831,22,2143,13
20240831,22,2148,1
20240831,22,2159,11
20240831,22,2171,8
20240831,22,2172,1
20240831,22,2178,16
20240831,22,2179,5
20240831,22,2185,5
20240831,22,2186,2
20240831,22,2191,2
20240831,22,2198,5
20240831,22,2199,1
20240831,22,3310,9
20240831,22,3311,0
20240831,22,3802,3
20240831,23,2111,11
20240831,23,2112,4
20240831,23,2116,2
20240831,23,2122,0
20240831,23,2128,6
20240831,23,2129,12
20240831,23,2130,0
20240831,23,2139,2
20240831,23,2143,14
20240831,23,2148,0
20240831,23,2159,9
20240831,23,2171,7
20240831,23,2172,1
20240831,23,2178,15
20240831,23,2179,6
20240831,23,2185,7
20240831,23,2186,2
20240831,23,2191,2
20240831,23,2198,5
20240831,23,2199,0
20240831,23,3310,8
20240831,23,3311,0
20240831,23,3802,3
