DATE,TIME,RENT_ID,AVAILABLE
20240701,0,2111,0
20240701,0,2112,14
20240701,0,2116,20
20240701,0,2122,3
20240701,0,2128,0
20240701,0,2129,0
20240701,0,2130,7
20240701,0,2139,21
20240701,0,2143,5
20240701,0,2148,3
20240701,0,2159,4
20240701,0,2171,3
20240701,0,2172,0
20240701,0,2178,17
20240701,0,2179,4
20240701,0,2185,17
20240701,0,2186,3
20240701,0,2191,10
20240701,0,2198,3
20240701,0,2199,6
20240701,0,3310,12
20240701,0,3311,3
20240701,0,3802,1
20240701,1,2111,1
20240701,1,2112,15
20240701,1,2116,19
20240701,1,2122,5
20240701,1,2128,0
20240701,1,2129,0
20240701,1,2130,7
20240701,1,2139,23
20240701,1,2143,5
20240701,1,2148,3
20240701,1,2159,5
20240701,1,2171,3
20240701,1,2172,1
20240701,1,2178,16
20240701,1,2179,7
20240701,1,2185,17
20240701,1,2186,2
20240701,1,2191,12
20240701,1,2198,3
20240701,1,2199,7
20240701,1,3310,11
20240701,1,3311,3
20240701,1,3802,1
20240701,2,2111,1
20240701,2,2112,16
20240701,2,2116,18
20240701,2,2122,6
20240701,2,2128,0
20240701,2,2129,0
20240701,2,2130,7
20240701,2,2139,24
20240701,2,2143,7
20240701,2,2148,2
20240701,2,2159,4
20240701,2,2171,3
20240701,2,2172,4
20240701,2,2178,16
20240701,2,2179,7
20240701,2,2185,16
20240701,2,2186,2
20240701,2,2191,12
20240701,2,2198,4
20240701,2,2199,7
20240701,2,3310,11
20240701,2,3311,2
20240701,2,3802,1
20240701,3,2111,1
20240701,3,2112,15
20240701,3,2116,19
20240701,3,2122,6
20240701,3,2128,0
20240701,3,2129,0
20240701,3,2130,7
20240701,3,2139,19
20240701,3,2143,8
20240701,3,2148,2
20240701,3,2159,5
20240701,3,2171,1
20240701,3,2172,4
20240701,3,2178,16
20240701,3,2179,8
20240701,3,2185,16
20240701,3,2186,2
20240701,3,2191,15
20240701,3,2198,5
20240701,3,2199,6
20240701,3,3310,11
20240701,3,3311,3
20240701,3,3802,1
20240701,4,2111,1
20240701,4,2112,15
20240701,4,2116,18
20240701,4,2122,6
20240701,4,2128,0
20240701,4,2129,0
20240701,4,2130,7
20240701,4,2139,19
20240701,4,2143,9
20240701,4,2148,2
20240701,4,2159,5
20240701,4,2171,1
20240701,4,2172,4
20240701,4,2178,16
20240701,4,2179,11
20240701,4,2185,16
20240701,4,2186,2
20240701,4,2191,15
20240701,4,2198,5
20240701,4,2199,6
20240701,4,3310,11
20240701,4,3311,2
20240701,4,3802,1
20240701,5,2111,1
20240701,5,2112,15
20240701,5,2116,18
20240701,5,2122,4
20240701,5,2128,0
20240701,5,2129,0
20240701,5,2130,7
20240701,5,2139,19
20240701,5,2143,9
20240701,5,2148,2
20240701,5,2159,5
20240701,5,2171,1
20240701,5,2172,4
20240701,5,2178,16
20240701,5,2179,12
20240701,5,2185,15
20240701,5,2186,2
20240701,5,2191,15
20240701,5,2198,4
20240701,5,2199,6
20240701,5,3310,11
20240701,5,3311,3
20240701,5,3802,1
20240701,6,2111,0
20240701,6,2112,15
20240701,6,2116,15
20240701,6,2122,3
20240701,6,2128,0
20240701,6,2129,0
20240701,6,2130,7
20240701,6,2139,19
20240701,6,2143,9
20240701,6,2148,2
20240701,6,2159,5
20240701,6,2171,2
20240701,6,2172,4
20240701,6,2178,16
20240701,6,2179,12
20240701,6,2185,15
20240701,6,2186,2
20240701,6,2191,14
20240701,6,2198,2
20240701,6,2199,7
20240701,6,3310,11
20240701,6,3311,3
20240701,6,3802,6
20240701,7,2111,2
20240701,7,2112,13
20240701,7,2116,14
20240701,7,2122,2
20240701,7,2128,1
20240701,7,2129,0
20240701,7,2130,7
20240701,7,2139,15
20240701,7,2143,9
20240701,7,2148,3
20240701,7,2159,5
20240701,7,2171,4
20240701,7,2172,5
20240701,7,2178,16
20240701,7,2179,12
20240701,7,2185,15
20240701,7,2186,0
20240701,7,2191,12
20240701,7,2198,2
20240701,7,2199,6
20240701,7,3310,7
20240701,7,3311,9
20240701,7,3802,8
20240701,8,2111,2
20240701,8,2112,14
20240701,8,2116,13
20240701,8,2122,2
20240701,8,2128,1
20240701,8,2129,0
20240701,8,2130,7
20240701,8,2139,10
20240701,8,2143,9
20240701,8,2148,4
20240701,8,2159,5
20240701,8,2171,8
20240701,8,2172,4
20240701,8,2178,16
20240701,8,2179,12
20240701,8,2185,13
20240701,8,2186,0
20240701,8,2191,11
20240701,8,2198,1
20240701,8,2199,5
20240701,8,3310,2
20240701,8,3311,13
20240701,8,3802,6
20240701,9,2111,2
20240701,9,2112,18
20240701,9,2116,13
20240701,9,2122,2
20240701,9,2128,2
20240701,9,2129,1
20240701,9,2130,7
20240701,9,2139,11
20240701,9,2143,9
20240701,9,2148,5
20240701,9,2159,5
20240701,9,2171,8
20240701,9,2172,3
20240701,9,2178,18
20240701,9,2179,12
20240701,9,2185,13
20240701,9,2186,0
20240701,9,2191,11
20240701,9,2198,1
20240701,9,2199,5
20240701,9,3310,1
20240701,9,3311,17
20240701,9,3802,5
20240701,10,2111,1
20240701,10,2112,18
20240701,10,2116,14
20240701,10,2122,3
20240701,10,2128,0
20240701,10,2129,1
20240701,10,2130,7
20240701,10,2139,12
20240701,10,2143,6
20240701,10,2148,6
20240701,10,2159,7
20240701,10,2171,7
20240701,10,2172,4
20240701,10,2178,18
20240701,10,2179,13
20240701,10,2185,13
20240701,10,2186,0
20240701,10,2191,10
20240701,10,2198,1
20240701,10,2199,2
20240701,10,3310,0
20240701,10,3311,18
20240701,10,3802,1
20240701,11,2111,3
20240701,11,2112,17
20240701,11,2116,15
20240701,11,2122,2
20240701,11,2128,0
20240701,11,2129,2
20240701,11,2130,8
20240701,11,2139,12
20240701,11,2143,6
20240701,11,2148,6
20240701,11,2159,8
20240701,11,2171,8
20240701,11,2172,4
20240701,11,2178,19
20240701,11,2179,13
20240701,11,2185,13
20240701,11,2186,1
20240701,11,2191,13
20240701,11,2198,0
20240701,11,2199,1
20240701,11,3310,0
20240701,11,3311,21
20240701,11,3802,2
20240701,12,2111,3
20240701,12,2112,18
20240701,12,2116,16
20240701,12,2122,2
20240701,12,2128,0
20240701,12,2129,2
20240701,12,2130,7
20240701,12,2139,12
20240701,12,2143,6
20240701,12,2148,3
20240701,12,2159,7
20240701,12,2171,11
20240701,12,2172,2
20240701,12,2178,18
20240701,12,2179,14
20240701,12,2185,13
20240701,12,2186,0
20240701,12,2191,13
20240701,12,2198,0
20240701,12,2199,1
20240701,12,3310,0
20240701,12,3311,23
20240701,12,3802,2
20240701,13,2111,1
20240701,13,2112,16
20240701,13,2116,18
20240701,13,2122,3
20240701,13,2128,0
20240701,13,2129,3
20240701,13,2130,7
20240701,13,2139,12
20240701,13,2143,6
20240701,13,2148,2
20240701,13,2159,6
20240701,13,2171,11
20240701,13,2172,5
20240701,13,2178,18
20240701,13,2179,15
20240701,13,2185,13
20240701,13,2186,0
20240701,13,2191,13
20240701,13,2198,0
20240701,13,2199,1
20240701,13,3310,0
20240701,13,3311,22
20240701,13,3802,2
20240701,14,2111,2
20240701,14,2112,18
20240701,14,2116,19
20240701,14,2122,3
20240701,14,2128,0
20240701,14,2129,2
20240701,14,2130,7
20240701,14,2139,11
20240701,14,2143,7
20240701,14,2148,5
20240701,14,2159,7
20240701,14,2171,9
20240701,14,2172,3
20240701,14,2178,18
20240701,14,2179,16
20240701,14,2185,13
20240701,14,2186,15
20240701,14,2191,12
20240701,14,2198,0
20240701,14,2199,1
20240701,14,3310,0
20240701,14,3311,21
20240701,14,3802,2
20240701,15,2111,2
20240701,15,2112,15
20240701,15,2116,21
20240701,15,2122,3
20240701,15,2128,0
20240701,15,2129,4
20240701,15,2130,6
20240701,15,2139,12
20240701,15,2143,5
20240701,15,2148,5
20240701,15,2159,7
20240701,15,2171,9
20240701,15,2172,0
20240701,15,2178,18
20240701,15,2179,15
20240701,15,2185,13
20240701,15,2186,13
20240701,15,2191,9
20240701,15,2198,0
20240701,15,2199,1
20240701,15,3310,20
20240701,15,3311,20
20240701,15,3802,2
20240701,16,2111,4
20240701,16,2112,15
20240701,16,2116,20
20240701,16,2122,4
20240701,16,2128,0
20240701,16,2129,2
20240701,16,2130,5
20240701,16,2139,12
20240701,16,2143,4
20240701,16,2148,4
20240701,16,2159,6
20240701,16,2171,9
20240701,16,2172,0
20240701,16,2178,16
20240701,16,2179,15
20240701,16,2185,13
20240701,16,2186,12
20240701,16,2191,6
20240701,16,2198,1
20240701,16,2199,1
20240701,16,3310,19
20240701,16,3311,17
20240701,16,3802,2
20240701,17,2111,1
20240701,17,2112,14
20240701,17,2116,24
20240701,17,2122,4
20240701,17,2128,0
20240701,17,2129,0
20240701,17,2130,4
20240701,17,2139,15
20240701,17,2143,2
20240701,17,2148,2
20240701,17,2159,5
20240701,17,2171,9
20240701,17,2172,1
20240701,17,2178,12
20240701,17,2179,16
20240701,17,2185,9
20240701,17,2186,11
20240701,17,2191,4
20240701,17,2198,2
20240701,17,2199,1
20240701,17,3310,19
20240701,17,3311,12
20240701,17,3802,2
20240701,18,2111,1
20240701,18,2112,13
20240701,18,2116,22
20240701,18,2122,3
20240701,18,2128,0
20240701,18,2129,0
20240701,18,2130,1
20240701,18,2139,13
20240701,18,2143,1
20240701,18,2148,3
20240701,18,2159,3
20240701,18,2171,1
20240701,18,2172,2
20240701,18,2178,8
20240701,18,2179,17
20240701,18,2185,9
20240701,18,2186,8
20240701,18,2191,4
20240701,18,2198,4
20240701,18,2199,1
20240701,18,3310,19
20240701,18,3311,0
20240701,18,3802,4
20240701,19,2111,3
20240701,19,2112,12
20240701,19,2116,21
20240701,19,2122,4
20240701,19,2128,0
20240701,19,2129,0
20240701,19,2130,0
20240701,19,2139,13
20240701,19,2143,1
20240701,19,2148,1
20240701,19,2159,3
20240701,19,2171,1
20240701,19,2172,2
20240701,19,2178,4
20240701,19,2179,20
20240701,19,2185,10
20240701,19,2186,8
20240701,19,2191,8
20240701,19,2198,10
20240701,19,2199,1
20240701,19,3310,18
20240701,19,3311,1
20240701,19,3802,8
20240701,20,2111,1
20240701,20,2112,12
20240701,20,2116,16
20240701,20,2122,4
20240701,20,2128,2
20240701,20,2129,0
20240701,20,2130,0
20240701,20,2139,12
20240701,20,2143,1
20240701,20,2148,1
20240701,20,2159,3
20240701,20,2171,0
20240701,20,2172,3
20240701,20,2178,0
20240701,20,2179,19
20240701,20,2185,10
20240701,20,2186,6
20240701,20,2191,12
20240701,20,2198,7
20240701,20,2199,1
20240701,20,3310,15
20240701,20,3311,0
20240701,20,3802,4
20240701,21,2111,1
20240701,21,2112,9
20240701,21,2116,14
20240701,21,2122,4
20240701,21,2128,4
20240701,21,2129,0
20240701,21,2130,0
20240701,21,2139,12
20240701,21,2143,2
20240701,21,2148,1
20240701,21,2159,2
20240701,21,2171,2
20240701,21,2172,2
20240701,21,2178,0
20240701,21,2179,15
20240701,21,2185,14
20240701,21,2186,4
20240701,21,2191,13
20240701,21,2198,5
20240701,21,2199,1
20240701,21,3310,14
20240701,21,3311,0
20240701,21,3802,2
20240701,22,2111,1
20240701,22,2112,8
20240701,22,2116,15
20240701,22,2122,5
20240701,22,2128,3
20240701,22,2129,0
20240701,22,2130,0
20240701,22,2139,13
20240701,22,2143,2
20240701,22,2148,2
20240701,22,2159,1
20240701,22,2171,2
20240701,22,2172,2
20240701,22,2178,0
20240701,22,2179,9
20240701,22,2185,14
20240701,22,2186,3
20240701,22,2191,13
20240701,22,2198,8
20240701,22,2199,1
20240701,22,3310,13
20240701,22,3311,0
20240701,22,3802,1
20240701,23,2111,1
20240701,23,2112,5
20240701,23,2116,16
20240701,23,2122,5
20240701,23,2128,2
20240701,23,2129,0
20240701,23,2130,0
20240701,23,2139,13
20240701,23,2143,2
20240701,23,2148,2
20240701,23,2159,2
20240701,23,2171,7
20240701,23,2172,2
20240701,23,2178,0
20240701,23,2179,13
20240701,23,2185,14
20240701,23,2186,1
20240701,23,2191,13
20240701,23,2198,8
20240701,23,2199,0
20240701,23,3310,10
20240701,23,3311,0
20240701,23,3802,1
20240702,0,2111,0
20240702,0,2112,6
20240702,0,2116,20
20240702,0,2122,5
20240702,0,2128,2
20240702,0,2129,0
20240702,0,2130,0
20240702,0,2139,15
20240702,0,2143,3
20240702,0,2148,1
20240702,0,2159,2
20240702,0,2171,4
20240702,0,2172,0
20240702,0,2178,0
20240702,0,2179,12
20240702,0,2185,17
20240702,0,2186,2
20240702,0,2191,15
20240702,0,2198,7
20240702,0,2199,0
20240702,0,3310,10
20240702,0,3311,0
20240702,0,3802,1
20240702,1,2111,2
20240702,1,2112,6
20240702,1,2116,18
20240702,1,2122,5
20240702,1,2128,3
20240702,1,2129,0
20240702,1,2130,0
20240702,1,2139,16
20240702,1,2143,4
20240702,1,2148,2
20240702,1,2159,1
20240702,1,2171,2
20240702,1,2172,0
20240702,1,2178,0
20240702,1,2179,13
20240702,1,2185,18
20240702,1,2186,2
20240702,1,2191,17
20240702,1,2198,6
20240702,1,2199,0
20240702,1,3310,10
20240702,1,3311,0
20240702,1,3802,1
20240702,2,2111,4
20240702,2,2112,4
20240702,2,2116,16
20240702,2,2122,4
20240702,2,2128,2
20240702,2,2129,1
20240702,2,2130,0
20240702,2,2139,16
20240702,2,2143,4
20240702,2,2148,1
20240702,2,2159,1
20240702,2,2171,2
20240702,2,2172,0
20240702,2,2178,0
20240702,2,2179,12
20240702,2,2185,19
20240702,2,2186,2
20240702,2,2191,18
20240702,2,2198,6
20240702,2,2199,0
20240702,2,3310,10
20240702,2,3311,0
20240702,2,3802,1
20240702,3,2111,2
20240702,3,2112,4
20240702,3,2116,15
20240702,3,2122,4
20240702,3,2128,2
20240702,3,2129,1
20240702,3,2130,0
20240702,3,2139,18
20240702,3,2143,4
20240702,3,2148,1
20240702,3,2159,1
20240702,3,2171,2
20240702,3,2172,0
20240702,3,2178,0
20240702,3,2179,14
20240702,3,2185,19
20240702,3,2186,2
20240702,3,2191,18
20240702,3,2198,7
20240702,3,2199,0
20240702,3,3310,10
20240702,3,3311,0
20240702,3,3802,1
20240702,4,2111,2
20240702,4,2112,4
20240702,4,2116,15
20240702,4,2122,4
20240702,4,2128,2
20240702,4,2129,1
20240702,4,2130,0
20240702,4,2139,20
20240702,4,2143,4
20240702,4,2148,1
20240702,4,2159,1
20240702,4,2171,2
20240702,4,2172,0
20240702,4,2178,0
20240702,4,2179,15
20240702,4,2185,19
20240702,4,2186,2
20240702,4,2191,17
20240702,4,2198,9
20240702,4,2199,0
20240702,4,3310,10
20240702,4,3311,0
20240702,4,3802,1
20240702,5,2111,2
20240702,5,2112,4
20240702,5,2116,15
20240702,5,2122,2
20240702,5,2128,2
20240702,5,2129,1
20240702,5,2130,0
20240702,5,2139,20
20240702,5,2143,4
20240702,5,2148,0
20240702,5,2159,1
20240702,5,2171,3
20240702,5,2172,0
20240702,5,2178,0
20240702,5,2179,16
20240702,5,2185,18
20240702,5,2186,0
20240702,5,2191,16
20240702,5,2198,8
20240702,5,2199,0
20240702,5,3310,9
20240702,5,3311,0
20240702,5,3802,1
20240702,6,2111,1
20240702,6,2112,4
20240702,6,2116,13
20240702,6,2122,2
20240702,6,2128,2
20240702,6,2129,2
20240702,6,2130,0
20240702,6,2139,20
20240702,6,2143,4
20240702,6,2148,0
20240702,6,2159,1
20240702,6,2171,3
20240702,6,2172,0
20240702,6,2178,0
20240702,6,2179,16
20240702,6,2185,18
20240702,6,2186,0
20240702,6,2191,15
20240702,6,2198,5
20240702,6,2199,0
20240702,6,3310,8
20240702,6,3311,0
20240702,6,3802,9
20240702,7,2111,2
20240702,7,2112,3
20240702,7,2116,15
20240702,7,2122,2
20240702,7,2128,2
20240702,7,2129,2
20240702,7,2130,0
20240702,7,2139,21
20240702,7,2143,4
20240702,7,2148,3
20240702,7,2159,1
20240702,7,2171,3
20240702,7,2172,0
20240702,7,2178,0
20240702,7,2179,17
20240702,7,2185,18
20240702,7,2186,2
20240702,7,2191,16
20240702,7,2198,4
20240702,7,2199,0
20240702,7,3310,8
20240702,7,3311,2
20240702,7,3802,15
20240702,8,2111,2
20240702,8,2112,3
20240702,8,2116,16
20240702,8,2122,2
20240702,8,2128,3
20240702,8,2129,2
20240702,8,2130,0
20240702,8,2139,21
20240702,8,2143,4
20240702,8,2148,3
20240702,8,2159,1
20240702,8,2171,3
20240702,8,2172,0
20240702,8,2178,0
20240702,8,2179,17
20240702,8,2185,19
20240702,8,2186,2
20240702,8,2191,16
20240702,8,2198,4
20240702,8,2199,0
20240702,8,3310,8
20240702,8,3311,4
20240702,8,3802,16
20240702,9,2111,2
20240702,9,2112,4
20240702,9,2116,15
20240702,9,2122,2
20240702,9,2128,3
20240702,9,2129,2
20240702,9,2130,0
20240702,9,2139,21
20240702,9,2143,4
20240702,9,2148,3
20240702,9,2159,1
20240702,9,2171,4
20240702,9,2172,0
20240702,9,2178,0
20240702,9,2179,17
20240702,9,2185,19
20240702,9,2186,2
20240702,9,2191,16
20240702,9,2198,4
20240702,9,2199,0
20240702,9,3310,7
20240702,9,3311,3
20240702,9,3802,17
20240702,10,2111,2
20240702,10,2112,3
20240702,10,2116,16
20240702,10,2122,2
20240702,10,2128,3
20240702,10,2129,2
20240702,10,2130,0
20240702,10,2139,21
20240702,10,2143,4
20240702,10,2148,3
20240702,10,2159,1
20240702,10,2171,4
20240702,10,2172,0
20240702,10,2178,0
20240702,10,2179,17
20240702,10,2185,19
20240702,10,2186,2
20240702,10,2191,16
20240702,10,2198,4
20240702,10,2199,0
20240702,10,3310,7
20240702,10,3311,3
20240702,10,3802,17
20240702,11,2111,2
20240702,11,2112,3
20240702,11,2116,17
20240702,11,2122,2
20240702,11,2128,3
20240702,11,2129,2
20240702,11,2130,0
20240702,11,2139,21
20240702,11,2143,4
20240702,11,2148,3
20240702,11,2159,1
20240702,11,2171,4
20240702,11,2172,0
20240702,11,2178,0
20240702,11,2179,17
20240702,11,2185,19
20240702,11,2186,2
20240702,11,2191,15
20240702,11,2198,4
20240702,11,2199,0
20240702,11,3310,7
20240702,11,3311,3
20240702,11,3802,17
20240702,12,2111,2
20240702,12,2112,4
20240702,12,2116,16
20240702,12,2122,2
20240702,12,2128,3
20240702,12,2129,2
20240702,12,2130,0
20240702,12,2139,21
20240702,12,2143,4
20240702,12,2148,3
20240702,12,2159,1
20240702,12,2171,4
20240702,12,2172,0
20240702,12,2178,0
20240702,12,2179,17
20240702,12,2185,19
20240702,12,2186,2
20240702,12,2191,15
20240702,12,2198,4
20240702,12,2199,0
20240702,12,3310,7
20240702,12,3311,3
20240702,12,3802,17
20240702,13,2111,2
20240702,13,2112,3
20240702,13,2116,17
20240702,13,2122,2
20240702,13,2128,3
20240702,13,2129,2
20240702,13,2130,0
20240702,13,2139,21
20240702,13,2143,4
20240702,13,2148,2
20240702,13,2159,1
20240702,13,2171,4
20240702,13,2172,0
20240702,13,2178,0
20240702,13,2179,17
20240702,13,2185,19
20240702,13,2186,2
20240702,13,2191,15
20240702,13,2198,4
20240702,13,2199,0
20240702,13,3310,7
20240702,13,3311,3
20240702,13,3802,17
20240702,14,2111,2
20240702,14,2112,3
20240702,14,2116,16
20240702,14,2122,2
20240702,14,2128,3
20240702,14,2129,2
20240702,14,2130,0
20240702,14,2139,21
20240702,14,2143,4
20240702,14,2148,2
20240702,14,2159,1
20240702,14,2171,4
20240702,14,2172,0
20240702,14,2178,0
20240702,14,2179,17
20240702,14,2185,19
20240702,14,2186,2
20240702,14,2191,15
20240702,14,2198,4
20240702,14,2199,0
20240702,14,3310,7
20240702,14,3311,3
20240702,14,3802,17
20240702,15,2111,2
20240702,15,2112,4
20240702,15,2116,16
20240702,15,2122,3
20240702,15,2128,3
20240702,15,2129,2
20240702,15,2130,0
20240702,15,2139,21
20240702,15,2143,4
20240702,15,2148,2
20240702,15,2159,1
20240702,15,2171,3
20240702,15,2172,0
20240702,15,2178,0
20240702,15,2179,17
20240702,15,2185,19
20240702,15,2186,2
20240702,15,2191,15
20240702,15,2198,4
20240702,15,2199,0
20240702,15,3310,7
20240702,15,3311,3
20240702,15,3802,17
20240702,16,2111,2
20240702,16,2112,3
20240702,16,2116,16
20240702,16,2122,3
20240702,16,2128,3
20240702,16,2129,2
20240702,16,2130,0
20240702,16,2139,21
20240702,16,2143,4
20240702,16,2148,2
20240702,16,2159,1
20240702,16,2171,3
20240702,16,2172,0
20240702,16,2178,0
20240702,16,2179,17
20240702,16,2185,19
20240702,16,2186,2
20240702,16,2191,14
20240702,16,2198,4
20240702,16,2199,0
20240702,16,3310,7
20240702,16,3311,3
20240702,16,3802,17
20240702,17,2111,1
20240702,17,2112,3
20240702,17,2116,17
20240702,17,2122,3
20240702,17,2128,3
20240702,17,2129,2
20240702,17,2130,0
20240702,17,2139,21
20240702,17,2143,4
20240702,17,2148,2
20240702,17,2159,1
20240702,17,2171,3
20240702,17,2172,0
20240702,17,2178,0
20240702,17,2179,17
20240702,17,2185,19
20240702,17,2186,2
20240702,17,2191,14
20240702,17,2198,4
20240702,17,2199,0
20240702,17,3310,6
20240702,17,3311,3
20240702,17,3802,17
20240702,18,2111,1
20240702,18,2112,3
20240702,18,2116,17
20240702,18,2122,3
20240702,18,2128,3
20240702,18,2129,0
20240702,18,2130,0
20240702,18,2139,20
20240702,18,2143,3
20240702,18,2148,3
20240702,18,2159,1
20240702,18,2171,3
20240702,18,2172,0
20240702,18,2178,0
20240702,18,2179,17
20240702,18,2185,19
20240702,18,2186,2
20240702,18,2191,14
20240702,18,2198,4
20240702,18,2199,0
20240702,18,3310,6
20240702,18,3311,3
20240702,18,3802,17
20240702,19,2111,1
20240702,19,2112,3
20240702,19,2116,17
20240702,19,2122,3
20240702,19,2128,2
20240702,19,2129,0
20240702,19,2130,0
20240702,19,2139,18
20240702,19,2143,2
20240702,19,2148,2
20240702,19,2159,1
20240702,19,2171,3
20240702,19,2172,0
20240702,19,2178,0
20240702,19,2179,14
20240702,19,2185,19
20240702,19,2186,4
20240702,19,2191,15
20240702,19,2198,4
20240702,19,2199,0
20240702,19,3310,6
20240702,19,3311,3
20240702,19,3802,17
20240702,20,2111,1
20240702,20,2112,3
20240702,20,2116,17
20240702,20,2122,3
20240702,20,2128,2
20240702,20,2129,0
20240702,20,2130,0
20240702,20,2139,18
20240702,20,2143,2
20240702,20,2148,0
20240702,20,2159,1
20240702,20,2171,2
20240702,20,2172,0
20240702,20,2178,0
20240702,20,2179,13
20240702,20,2185,18
20240702,20,2186,6
20240702,20,2191,14
20240702,20,2198,4
20240702,20,2199,2
20240702,20,3310,6
20240702,20,3311,3
20240702,20,3802,18
20240702,21,2111,2
20240702,21,2112,3
20240702,21,2116,17
20240702,21,2122,2
20240702,21,2128,3
20240702,21,2129,0
20240702,21,2130,0
20240702,21,2139,18
20240702,21,2143,2
20240702,21,2148,0
20240702,21,2159,1
20240702,21,2171,2
20240702,21,2172,1
20240702,21,2178,0
20240702,21,2179,13
20240702,21,2185,18
20240702,21,2186,5
20240702,21,2191,16
20240702,21,2198,4
20240702,21,2199,2
20240702,21,3310,6
20240702,21,3311,3
20240702,21,3802,17
20240702,22,2111,2
20240702,22,2112,4
20240702,22,2116,15
20240702,22,2122,2
20240702,22,2128,4
20240702,22,2129,0
20240702,22,2130,0
20240702,22,2139,19
20240702,22,2143,2
20240702,22,2148,0
20240702,22,2159,2
20240702,22,2171,3
20240702,22,2172,1
20240702,22,2178,0
20240702,22,2179,13
20240702,22,2185,18
20240702,22,2186,5
20240702,22,2191,16
20240702,22,2198,4
20240702,22,2199,2
20240702,22,3310,6
20240702,22,3311,1
20240702,22,3802,14
20240702,23,2111,3
20240702,23,2112,5
20240702,23,2116,14
20240702,23,2122,2
20240702,23,2128,4
20240702,23,2129,0
20240702,23,2130,0
20240702,23,2139,19
20240702,23,2143,2
20240702,23,2148,0
20240702,23,2159,2
20240702,23,2171,4
20240702,23,2172,1
20240702,23,2178,0
20240702,23,2179,14
20240702,23,2185,18
20240702,23,2186,4
20240702,23,2191,16
20240702,23,2198,4
20240702,23,2199,2
20240702,23,3310,6
20240702,23,3311,1
20240702,23,3802,14
20240703,0,2111,3
20240703,0,2112,6
20240703,0,2116,14
20240703,0,2122,2
20240703,0,2128,4
20240703,0,2129,0
20240703,0,2130,0
20240703,0,2139,19
20240703,0,2143,2
20240703,0,2148,0
20240703,0,2159,2
20240703,0,2171,4
20240703,0,2172,1
20240703,0,2178,0
20240703,0,2179,14
20240703,0,2185,18
20240703,0,2186,4
20240703,0,2191,16
20240703,0,2198,4
20240703,0,2199,2
20240703,0,3310,6
20240703,0,3311,1
20240703,0,3802,14
20240703,1,2111,0
20240703,1,2112,6
20240703,1,2116,15
20240703,1,2122,2
20240703,1,2128,3
20240703,1,2129,0
20240703,1,2130,0
20240703,1,2139,19
20240703,1,2143,2
20240703,1,2148,0
20240703,1,2159,2
20240703,1,2171,4
20240703,1,2172,1
20240703,1,2178,0
20240703,1,2179,13
20240703,1,2185,18
20240703,1,2186,4
20240703,1,2191,17
20240703,1,2198,4
20240703,1,2199,2
20240703,1,3310,5
20240703,1,3311,1
20240703,1,3802,14
20240703,2,2111,0
20240703,2,2112,6
20240703,2,2116,16
20240703,2,2122,3
20240703,2,2128,3
20240703,2,2129,1
20240703,2,2130,0
20240703,2,2139,19
20240703,2,2143,2
20240703,2,2148,0
20240703,2,2159,1
20240703,2,2171,6
20240703,2,2172,1
20240703,2,2178,0
20240703,2,2179,13
20240703,2,2185,18
20240703,2,2186,3
20240703,2,2191,17
20240703,2,2198,4
20240703,2,2199,2
20240703,2,3310,5
20240703,2,3311,0
20240703,2,3802,14
20240703,3,2111,0
20240703,3,2112,6
20240703,3,2116,15
20240703,3,2122,3
20240703,3,2128,3
20240703,3,2129,1
20240703,3,2130,0
20240703,3,2139,20
20240703,3,2143,2
20240703,3,2148,1
20240703,3,2159,1
20240703,3,2171,6
20240703,3,2172,1
20240703,3,2178,0
20240703,3,2179,13
20240703,3,2185,19
20240703,3,2186,3
20240703,3,2191,17
20240703,3,2198,4
20240703,3,2199,2
20240703,3,3310,5
20240703,3,3311,0
20240703,3,3802,14
20240703,4,2111,0
20240703,4,2112,5
20240703,4,2116,15
20240703,4,2122,3
20240703,4,2128,3
20240703,4,2129,1
20240703,4,2130,0
20240703,4,2139,22
20240703,4,2143,2
20240703,4,2148,2
20240703,4,2159,1
20240703,4,2171,5
20240703,4,2172,1
20240703,4,2178,0
20240703,4,2179,14
20240703,4,2185,19
20240703,4,2186,3
20240703,4,2191,15
20240703,4,2198,4
20240703,4,2199,1
20240703,4,3310,5
20240703,4,3311,0
20240703,4,3802,14
20240703,5,2111,0
20240703,5,2112,6
20240703,5,2116,14
20240703,5,2122,3
20240703,5,2128,3
20240703,5,2129,1
20240703,5,2130,0
20240703,5,2139,22
20240703,5,2143,2
20240703,5,2148,2
20240703,5,2159,1
20240703,5,2171,5
20240703,5,2172,0
20240703,5,2178,0
20240703,5,2179,14
20240703,5,2185,19
20240703,5,2186,2
20240703,5,2191,15
20240703,5,2198,3
20240703,5,2199,1
20240703,5,3310,5
20240703,5,3311,0
20240703,5,3802,14
20240703,6,2111,1
20240703,6,2112,4
20240703,6,2116,14
20240703,6,2122,2
20240703,6,2128,2
20240703,6,2129,0
20240703,6,2130,0
20240703,6,2139,23
20240703,6,2143,2
20240703,6,2148,2
20240703,6,2159,1
20240703,6,2171,5
20240703,6,2172,0
20240703,6,2178,0
20240703,6,2179,14
20240703,6,2185,19
20240703,6,2186,1
20240703,6,2191,16
20240703,6,2198,3
20240703,6,2199,0
20240703,6,3310,4
20240703,6,3311,0
20240703,6,3802,19
20240703,7,2111,1
20240703,7,2112,4
20240703,7,2116,14
20240703,7,2122,2
20240703,7,2128,2
20240703,7,2129,0
20240703,7,2130,0
20240703,7,2139,21
20240703,7,2143,3
20240703,7,2148,4
20240703,7,2159,1
20240703,7,2171,4
20240703,7,2172,1
20240703,7,2178,0
20240703,7,2179,14
20240703,7,2185,17
20240703,7,2186,1
20240703,7,2191,16
20240703,7,2198,2
20240703,7,2199,0
20240703,7,3310,3
20240703,7,3311,4
20240703,7,3802,18
20240703,8,2111,1
20240703,8,2112,4
20240703,8,2116,14
20240703,8,2122,1
20240703,8,2128,3
20240703,8,2129,1
20240703,8,2130,0
20240703,8,2139,17
20240703,8,2143,4
20240703,8,2148,4
20240703,8,2159,2
20240703,8,2171,2
20240703,8,2172,1
20240703,8,2178,0
20240703,8,2179,15
20240703,8,2185,17
20240703,8,2186,1
20240703,8,2191,15
20240703,8,2198,1
20240703,8,2199,1
20240703,8,3310,3
20240703,8,3311,10
20240703,8,3802,18
20240703,9,2111,1
20240703,9,2112,5
20240703,9,2116,13
20240703,9,2122,1
20240703,9,2128,5
20240703,9,2129,1
20240703,9,2130,0
20240703,9,2139,16
20240703,9,2143,5
20240703,9,2148,3
20240703,9,2159,1
20240703,9,2171,2
20240703,9,2172,1
20240703,9,2178,0
20240703,9,2179,16
20240703,9,2185,15
20240703,9,2186,1
20240703,9,2191,15
20240703,9,2198,1
20240703,9,2199,1
20240703,9,3310,1
20240703,9,3311,13
20240703,9,3802,16
20240703,10,2111,2
20240703,10,2112,5
20240703,10,2116,14
20240703,10,2122,2
20240703,10,2128,6
20240703,10,2129,0
20240703,10,2130,0
20240703,10,2139,18
20240703,10,2143,3
20240703,10,2148,1
20240703,10,2159,2
20240703,10,2171,3
20240703,10,2172,0
20240703,10,2178,0
20240703,10,2179,16
20240703,10,2185,14
20240703,10,2186,2
20240703,10,2191,17
20240703,10,2198,2
20240703,10,2199,1
20240703,10,3310,0
20240703,10,3311,18
20240703,10,3802,13
20240703,11,2111,6
20240703,11,2112,8
20240703,11,2116,14
20240703,11,2122,2
20240703,11,2128,6
20240703,11,2129,0
20240703,11,2130,0
20240703,11,2139,19
20240703,11,2143,3
20240703,11,2148,0
20240703,11,2159,2
20240703,11,2171,4
20240703,11,2172,2
20240703,11,2178,15
20240703,11,2179,16
20240703,11,2185,14
20240703,11,2186,2
20240703,11,2191,17
20240703,11,2198,2
20240703,11,2199,1
20240703,11,3310,0
20240703,11,3311,20
20240703,11,3802,12
20240703,12,2111,6
20240703,12,2112,8
20240703,12,2116,18
20240703,12,2122,3
20240703,12,2128,6
20240703,12,2129,0
20240703,12,2130,0
20240703,12,2139,19
20240703,12,2143,3
20240703,12,2148,0
20240703,12,2159,0
20240703,12,2171,2
20240703,12,2172,0
20240703,12,2178,14
20240703,12,2179,16
20240703,12,2185,12
20240703,12,2186,1
20240703,12,2191,17
20240703,12,2198,1
20240703,12,2199,1
20240703,12,3310,0
20240703,12,3311,18
20240703,12,3802,12
20240703,13,2111,7
20240703,13,2112,10
20240703,13,2116,21
20240703,13,2122,1
20240703,13,2128,3
20240703,13,2129,0
20240703,13,2130,0
20240703,13,2139,17
20240703,13,2143,2
20240703,13,2148,0
20240703,13,2159,1
20240703,13,2171,2
20240703,13,2172,2
20240703,13,2178,16
20240703,13,2179,14
20240703,13,2185,12
20240703,13,2186,1
20240703,13,2191,19
20240703,13,2198,0
20240703,13,2199,1
20240703,13,3310,0
20240703,13,3311,16
20240703,13,3802,10
20240703,14,2111,5
20240703,14,2112,10
20240703,14,2116,21
20240703,14,2122,1
20240703,14,2128,2
20240703,14,2129,1
20240703,14,2130,0
20240703,14,2139,18
20240703,14,2143,1
20240703,14,2148,1
20240703,14,2159,1
20240703,14,2171,5
20240703,14,2172,3
20240703,14,2178,13
20240703,14,2179,13
20240703,14,2185,11
20240703,14,2186,3
20240703,14,2191,16
20240703,14,2198,0
20240703,14,2199,1
20240703,14,3310,0
20240703,14,3311,17
20240703,14,3802,10
20240703,15,2111,9
20240703,15,2112,11
20240703,15,2116,21
20240703,15,2122,1
20240703,15,2128,1
20240703,15,2129,7
20240703,15,2130,0
20240703,15,2139,16
20240703,15,2143,1
20240703,15,2148,0
20240703,15,2159,1
20240703,15,2171,5
20240703,15,2172,21
20240703,15,2178,15
20240703,15,2179,13
20240703,15,2185,11
20240703,15,2186,1
20240703,15,2191,15
20240703,15,2198,0
20240703,15,2199,0
20240703,15,3310,14
20240703,15,3311,17
20240703,15,3802,8
20240703,16,2111,7
20240703,16,2112,5
20240703,16,2116,23
20240703,16,2122,1
20240703,16,2128,1
20240703,16,2129,6
20240703,16,2130,0
20240703,16,2139,16
20240703,16,2143,2
20240703,16,2148,0
20240703,16,2159,2
20240703,16,2171,4
20240703,16,2172,19
20240703,16,2178,34
20240703,16,2179,13
20240703,16,2185,12
20240703,16,2186,2
20240703,16,2191,13
20240703,16,2198,3
20240703,16,2199,0
20240703,16,3310,14
20240703,16,3311,11
20240703,16,3802,7
20240703,17,2111,7
20240703,17,2112,5
20240703,17,2116,22
20240703,17,2122,2
20240703,17,2128,2
20240703,17,2129,4
20240703,17,2130,0
20240703,17,2139,14
20240703,17,2143,1
20240703,17,2148,0
20240703,17,2159,2
20240703,17,2171,4
20240703,17,2172,18
20240703,17,2178,31
20240703,17,2179,13
20240703,17,2185,13
20240703,17,2186,2
20240703,17,2191,12
20240703,17,2198,4
20240703,17,2199,0
20240703,17,3310,14
20240703,17,3311,11
20240703,17,3802,5
20240703,18,2111,9
20240703,18,2112,5
20240703,18,2116,23
20240703,18,2122,3
20240703,18,2128,3
20240703,18,2129,2
20240703,18,2130,0
20240703,18,2139,14
20240703,18,2143,0
20240703,18,2148,1
20240703,18,2159,1
20240703,18,2171,3
20240703,18,2172,13
20240703,18,2178,24
20240703,18,2179,14
20240703,18,2185,11
20240703,18,2186,2
20240703,18,2191,12
20240703,18,2198,4
20240703,18,2199,0
20240703,18,3310,12
20240703,18,3311,11
20240703,18,3802,4
20240703,19,2111,9
20240703,19,2112,7
20240703,19,2116,20
20240703,19,2122,1
20240703,19,2128,2
20240703,19,2129,1
20240703,19,2130,0
20240703,19,2139,16
20240703,19,2143,0
20240703,19,2148,0
20240703,19,2159,0
20240703,19,2171,3
20240703,19,2172,12
20240703,19,2178,24
20240703,19,2179,15
20240703,19,2185,12
20240703,19,2186,3
20240703,19,2191,15
20240703,19,2198,6
20240703,19,2199,0
20240703,19,3310,10
20240703,19,3311,8
20240703,19,3802,10
20240703,20,2111,8
20240703,20,2112,7
20240703,20,2116,20
20240703,20,2122,0
20240703,20,2128,2
20240703,20,2129,1
20240703,20,2130,0
20240703,20,2139,14
20240703,20,2143,1
20240703,20,2148,0
20240703,20,2159,1
20240703,20,2171,3
20240703,20,2172,12
20240703,20,2178,20
20240703,20,2179,14
20240703,20,2185,12
20240703,20,2186,4
20240703,20,2191,15
20240703,20,2198,6
20240703,20,2199,0
20240703,20,3310,11
20240703,20,3311,7
20240703,20,3802,6
20240703,21,2111,6
20240703,21,2112,8
20240703,21,2116,16
20240703,21,2122,2
20240703,21,2128,1
20240703,21,2129,1
20240703,21,2130,0
20240703,21,2139,17
20240703,21,2143,4
20240703,21,2148,0
20240703,21,2159,3
20240703,21,2171,5
20240703,21,2172,9
20240703,21,2178,17
20240703,21,2179,12
20240703,21,2185,14
20240703,21,2186,6
20240703,21,2191,16
20240703,21,2198,3
20240703,21,2199,0
20240703,21,3310,10
20240703,21,3311,1
20240703,21,3802,5
20240703,22,2111,5
20240703,22,2112,6
20240703,22,2116,15
20240703,22,2122,2
20240703,22,2128,0
20240703,22,2129,1
20240703,22,2130,0
20240703,22,2139,18
20240703,22,2143,3
20240703,22,2148,0
20240703,22,2159,2
20240703,22,2171,2
20240703,22,2172,9
20240703,22,2178,16
20240703,22,2179,14
20240703,22,2185,14
20240703,22,2186,9
20240703,22,2191,19
20240703,22,2198,3
20240703,22,2199,0
20240703,22,3310,9
20240703,22,3311,1
20240703,22,3802,4
20240703,23,2111,4
20240703,23,2112,3
20240703,23,2116,15
20240703,23,2122,2
20240703,23,2128,0
20240703,23,2129,1
20240703,23,2130,0
20240703,23,2139,22
20240703,23,2143,4
20240703,23,2148,0
20240703,23,2159,2
20240703,23,2171,3
20240703,23,2172,9
20240703,23,2178,16
20240703,23,2179,16
20240703,23,2185,14
20240703,23,2186,7
20240703,23,2191,19
20240703,23,2198,1
20240703,23,2199,0
20240703,23,3310,8
20240703,23,3311,0
20240703,23,3802,4
20240704,0,2111,6
20240704,0,2112,3
20240704,0,2116,14
20240704,0,2122,1
20240704,0,2128,0
20240704,0,2129,1
20240704,0,2130,0
20240704,0,2139,22
20240704,0,2143,4
20240704,0,2148,1
20240704,0,2159,2
20240704,0,2171,3
20240704,0,2172,10
20240704,0,2178,16
20240704,0,2179,14
20240704,0,2185,14
20240704,0,2186,7
20240704,0,2191,19
20240704,0,2198,1
20240704,0,2199,0
20240704,0,3310,8
20240704,0,3311,0
20240704,0,3802,4
20240704,1,2111,3
20240704,1,2112,0
20240704,1,2116,13
20240704,1,2122,1
20240704,1,2128,0
20240704,1,2129,1
20240704,1,2130,0
20240704,1,2139,22
20240704,1,2143,4
20240704,1,2148,1
20240704,1,2159,2
20240704,1,2171,2
20240704,1,2172,10
20240704,1,2178,16
20240704,1,2179,16
20240704,1,2185,13
20240704,1,2186,7
20240704,1,2191,20
20240704,1,2198,1
20240704,1,2199,0
20240704,1,3310,8
20240704,1,3311,0
20240704,1,3802,4
20240704,2,2111,3
20240704,2,2112,0
20240704,2,2116,12
20240704,2,2122,3
20240704,2,2128,1
20240704,2,2129,1
20240704,2,2130,0
20240704,2,2139,22
20240704,2,2143,4
20240704,2,2148,1
20240704,2,2159,2
20240704,2,2171,2
20240704,2,2172,10
20240704,2,2178,15
20240704,2,2179,17
20240704,2,2185,14
20240704,2,2186,7
20240704,2,2191,20
20240704,2,2198,1
20240704,2,2199,0
20240704,2,3310,8
20240704,2,3311,0
20240704,2,3802,4
20240704,3,2111,3
20240704,3,2112,0
20240704,3,2116,12
20240704,3,2122,3
20240704,3,2128,2
20240704,3,2129,1
20240704,3,2130,0
20240704,3,2139,22
20240704,3,2143,4
20240704,3,2148,1
20240704,3,2159,3
20240704,3,2171,2
20240704,3,2172,9
20240704,3,2178,15
20240704,3,2179,17
20240704,3,2185,14
20240704,3,2186,7
20240704,3,2191,23
20240704,3,2198,4
20240704,3,2199,0
20240704,3,3310,8
20240704,3,3311,0
20240704,3,3802,4
20240704,4,2111,3
20240704,4,2112,0
20240704,4,2116,11
20240704,4,2122,3
20240704,4,2128,2
20240704,4,2129,0
20240704,4,2130,0
20240704,4,2139,22
20240704,4,2143,5
20240704,4,2148,1
20240704,4,2159,3
20240704,4,2171,3
20240704,4,2172,9
20240704,4,2178,15
20240704,4,2179,18
20240704,4,2185,15
20240704,4,2186,7
20240704,4,2191,24
20240704,4,2198,4
20240704,4,2199,0
20240704,4,3310,8
20240704,4,3311,0
20240704,4,3802,4
20240704,5,2111,3
20240704,5,2112,1
20240704,5,2116,11
20240704,5,2122,1
20240704,5,2128,1
20240704,5,2129,0
20240704,5,2130,0
20240704,5,2139,25
20240704,5,2143,5
20240704,5,2148,0
20240704,5,2159,3
20240704,5,2171,2
20240704,5,2172,9
20240704,5,2178,15
20240704,5,2179,18
20240704,5,2185,14
20240704,5,2186,5
20240704,5,2191,25
20240704,5,2198,3
20240704,5,2199,0
20240704,5,3310,6
20240704,5,3311,0
20240704,5,3802,4
20240704,6,2111,3
20240704,6,2112,1
20240704,6,2116,11
20240704,6,2122,1
20240704,6,2128,0
20240704,6,2129,0
20240704,6,2130,0
20240704,6,2139,24
20240704,6,2143,4
20240704,6,2148,0
20240704,6,2159,2
20240704,6,2171,2
20240704,6,2172,9
20240704,6,2178,15
20240704,6,2179,17
20240704,6,2185,14
20240704,6,2186,1
20240704,6,2191,25
20240704,6,2198,1
20240704,6,2199,0
20240704,6,3310,6
20240704,6,3311,0
20240704,6,3802,13
20240704,7,2111,3
20240704,7,2112,0
20240704,7,2116,11
20240704,7,2122,1
20240704,7,2128,0
20240704,7,2129,0
20240704,7,2130,0
20240704,7,2139,17
20240704,7,2143,3
20240704,7,2148,1
20240704,7,2159,2
20240704,7,2171,2
20240704,7,2172,11
20240704,7,2178,15
20240704,7,2179,16
20240704,7,2185,14
20240704,7,2186,1
20240704,7,2191,23
20240704,7,2198,1
20240704,7,2199,0
20240704,7,3310,4
20240704,7,3311,6
20240704,7,3802,11
20240704,8,2111,3
20240704,8,2112,0
20240704,8,2116,11
20240704,8,2122,2
20240704,8,2128,0
20240704,8,2129,0
20240704,8,2130,0
20240704,8,2139,11
20240704,8,2143,3
20240704,8,2148,3
20240704,8,2159,1
20240704,8,2171,7
20240704,8,2172,8
20240704,8,2178,15
20240704,8,2179,16
20240704,8,2185,14
20240704,8,2186,1
20240704,8,2191,21
20240704,8,2198,2
20240704,8,2199,0
20240704,8,3310,2
20240704,8,3311,11
20240704,8,3802,6
20240704,9,2111,4
20240704,9,2112,2
20240704,9,2116,11
20240704,9,2122,2
20240704,9,2128,0
20240704,9,2129,1
20240704,9,2130,0
20240704,9,2139,8
20240704,9,2143,7
20240704,9,2148,5
20240704,9,2159,1
20240704,9,2171,9
20240704,9,2172,8
20240704,9,2178,15
20240704,9,2179,18
20240704,9,2185,12
20240704,9,2186,0
20240704,9,2191,21
20240704,9,2198,1
20240704,9,2199,0
20240704,9,3310,1
20240704,9,3311,14
20240704,9,3802,5
20240704,10,2111,3
20240704,10,2112,5
20240704,10,2116,12
20240704,10,2122,3
20240704,10,2128,0
20240704,10,2129,0
20240704,10,2130,0
20240704,10,2139,9
20240704,10,2143,6
20240704,10,2148,7
20240704,10,2159,3
20240704,10,2171,11
20240704,10,2172,9
20240704,10,2178,12
20240704,10,2179,17
20240704,10,2185,0
20240704,10,2186,0
20240704,10,2191,19
20240704,10,2198,1
20240704,10,2199,0
20240704,10,3310,0
20240704,10,3311,17
20240704,10,3802,4
20240704,11,2111,6
20240704,11,2112,6
20240704,11,2116,10
20240704,11,2122,4
20240704,11,2128,0
20240704,11,2129,0
20240704,11,2130,0
20240704,11,2139,8
20240704,11,2143,3
20240704,11,2148,5
20240704,11,2159,3
20240704,11,2171,12
20240704,11,2172,11
20240704,11,2178,17
20240704,11,2179,15
20240704,11,2185,0
20240704,11,2186,0
20240704,11,2191,19
20240704,11,2198,1
20240704,11,2199,0
20240704,11,3310,0
20240704,11,3311,18
20240704,11,3802,3
20240704,12,2111,5
20240704,12,2112,5
20240704,12,2116,11
20240704,12,2122,2
20240704,12,2128,2
20240704,12,2129,0
20240704,12,2130,0
20240704,12,2139,8
20240704,12,2143,3
20240704,12,2148,2
20240704,12,2159,3
20240704,12,2171,13
20240704,12,2172,11
20240704,12,2178,17
20240704,12,2179,15
20240704,12,2185,0
20240704,12,2186,1
20240704,12,2191,23
20240704,12,2198,2
20240704,12,2199,0
20240704,12,3310,0
20240704,12,3311,19
20240704,12,3802,3
20240704,13,2111,3
20240704,13,2112,6
20240704,13,2116,13
20240704,13,2122,1
20240704,13,2128,1
20240704,13,2129,0
20240704,13,2130,0
20240704,13,2139,8
20240704,13,2143,4
20240704,13,2148,3
20240704,13,2159,3
20240704,13,2171,12
20240704,13,2172,9
20240704,13,2178,18
20240704,13,2179,16
20240704,13,2185,0
20240704,13,2186,0
20240704,13,2191,25
20240704,13,2198,1
20240704,13,2199,1
20240704,13,3310,0
20240704,13,3311,22
20240704,13,3802,3
20240704,14,2111,5
20240704,14,2112,7
20240704,14,2116,13
20240704,14,2122,2
20240704,14,2128,2
20240704,14,2129,12
20240704,14,2130,7
20240704,14,2139,9
20240704,14,2143,5
20240704,14,2148,2
20240704,14,2159,3
20240704,14,2171,13
20240704,14,2172,9
20240704,14,2178,18
20240704,14,2179,18
20240704,14,2185,0
20240704,14,2186,0
20240704,14,2191,27
20240704,14,2198,2
20240704,14,2199,1
20240704,14,3310,0
20240704,14,3311,23
20240704,14,3802,3
20240704,15,2111,7
20240704,15,2112,8
20240704,15,2116,10
20240704,15,2122,2
20240704,15,2128,1
20240704,15,2129,9
20240704,15,2130,7
20240704,15,2139,9
20240704,15,2143,3
20240704,15,2148,5
20240704,15,2159,3
20240704,15,2171,11
20240704,15,2172,9
20240704,15,2178,19
20240704,15,2179,21
20240704,15,2185,0
20240704,15,2186,0
20240704,15,2191,27
20240704,15,2198,1
20240704,15,2199,1
20240704,15,3310,0
20240704,15,3311,24
20240704,15,3802,5
20240704,16,2111,7
20240704,16,2112,3
20240704,16,2116,11
20240704,16,2122,2
20240704,16,2128,2
20240704,16,2129,6
20240704,16,2130,5
20240704,16,2139,10
20240704,16,2143,3
20240704,16,2148,7
20240704,16,2159,3
20240704,16,2171,5
20240704,16,2172,9
20240704,16,2178,16
20240704,16,2179,20
20240704,16,2185,0
20240704,16,2186,0
20240704,16,2191,23
20240704,16,2198,1
20240704,16,2199,1
20240704,16,3310,0
20240704,16,3311,20
20240704,16,3802,5
20240704,17,2111,6
20240704,17,2112,2
20240704,17,2116,11
20240704,17,2122,1
20240704,17,2128,1
20240704,17,2129,6
20240704,17,2130,5
20240704,17,2139,11
20240704,17,2143,6
20240704,17,2148,7
20240704,17,2159,4
20240704,17,2171,4
20240704,17,2172,8
20240704,17,2178,9
20240704,17,2179,17
20240704,17,2185,0
20240704,17,2186,1
20240704,17,2191,23
20240704,17,2198,1
20240704,17,2199,1
20240704,17,3310,0
20240704,17,3311,20
20240704,17,3802,4
20240704,18,2111,4
20240704,18,2112,4
20240704,18,2116,10
20240704,18,2122,2
20240704,18,2128,1
20240704,18,2129,5
20240704,18,2130,4
20240704,18,2139,14
20240704,18,2143,7
20240704,18,2148,3
20240704,18,2159,4
20240704,18,2171,3
20240704,18,2172,7
20240704,18,2178,6
20240704,18,2179,17
20240704,18,2185,0
20240704,18,2186,0
20240704,18,2191,23
20240704,18,2198,1
20240704,18,2199,2
20240704,18,3310,0
20240704,18,3311,15
20240704,18,3802,6
20240704,19,2111,3
20240704,19,2112,2
20240704,19,2116,9
20240704,19,2122,2
20240704,19,2128,2
20240704,19,2129,5
20240704,19,2130,4
20240704,19,2139,13
20240704,19,2143,7
20240704,19,2148,2
20240704,19,2159,4
20240704,19,2171,4
20240704,19,2172,7
20240704,19,2178,6
20240704,19,2179,15
20240704,19,2185,0
20240704,19,2186,2
20240704,19,2191,26
20240704,19,2198,3
20240704,19,2199,3
20240704,19,3310,0
20240704,19,3311,6
20240704,19,3802,10
20240704,20,2111,2
20240704,20,2112,1
20240704,20,2116,8
20240704,20,2122,2
20240704,20,2128,1
20240704,20,2129,4
20240704,20,2130,4
20240704,20,2139,15
20240704,20,2143,6
20240704,20,2148,0
20240704,20,2159,5
20240704,20,2171,5
20240704,20,2172,6
20240704,20,2178,5
20240704,20,2179,16
20240704,20,2185,0
20240704,20,2186,1
20240704,20,2191,24
20240704,20,2198,3
20240704,20,2199,3
20240704,20,3310,0
20240704,20,3311,3
20240704,20,3802,4
20240704,21,2111,1
20240704,21,2112,1
20240704,21,2116,10
20240704,21,2122,1
20240704,21,2128,1
20240704,21,2129,4
20240704,21,2130,2
20240704,21,2139,16
20240704,21,2143,6
20240704,21,2148,0
20240704,21,2159,5
20240704,21,2171,7
20240704,21,2172,7
20240704,21,2178,3
20240704,21,2179,18
20240704,21,2185,0
20240704,21,2186,4
20240704,21,2191,25
20240704,21,2198,5
20240704,21,2199,3
20240704,21,3310,0
20240704,21,3311,1
20240704,21,3802,1
20240704,22,2111,3
20240704,22,2112,6
20240704,22,2116,11
20240704,22,2122,2
20240704,22,2128,1
20240704,22,2129,3
20240704,22,2130,2
20240704,22,2139,16
20240704,22,2143,6
20240704,22,2148,2
20240704,22,2159,7
20240704,22,2171,7
20240704,22,2172,7
20240704,22,2178,3
20240704,22,2179,18
20240704,22,2185,0
20240704,22,2186,4
20240704,22,2191,27
20240704,22,2198,5
20240704,22,2199,3
20240704,22,3310,0
20240704,22,3311,0
20240704,22,3802,0
20240704,23,2111,4
20240704,23,2112,3
20240704,23,2116,10
20240704,23,2122,2
20240704,23,2128,1
20240704,23,2129,3
20240704,23,2130,2
20240704,23,2139,16
20240704,23,2143,6
20240704,23,2148,2
20240704,23,2159,7
20240704,23,2171,6
20240704,23,2172,7
20240704,23,2178,2
20240704,23,2179,17
20240704,23,2185,0
20240704,23,2186,3
20240704,23,2191,29
20240704,23,2198,5
20240704,23,2199,3
20240704,23,3310,0
20240704,23,3311,0
20240704,23,3802,2
20240705,0,2111,4
20240705,0,2112,3
20240705,0,2116,10
20240705,0,2122,3
20240705,0,2128,1
20240705,0,2129,3
20240705,0,2130,2
20240705,0,2139,15
20240705,0,2143,6
20240705,0,2148,2
20240705,0,2159,7
20240705,0,2171,7
20240705,0,2172,7
20240705,0,2178,2
20240705,0,2179,18
20240705,0,2185,0
20240705,0,2186,2
20240705,0,2191,29
20240705,0,2198,6
20240705,0,2199,4
20240705,0,3310,0
20240705,0,3311,0
20240705,0,3802,2
20240705,1,2111,2
20240705,1,2112,4
20240705,1,2116,9
20240705,1,2122,3
20240705,1,2128,1
20240705,1,2129,2
20240705,1,2130,2
20240705,1,2139,15
20240705,1,2143,8
20240705,1,2148,2
20240705,1,2159,7
20240705,1,2171,7
20240705,1,2172,7
20240705,1,2178,2
20240705,1,2179,18
20240705,1,2185,0
20240705,1,2186,2
20240705,1,2191,30
20240705,1,2198,5
20240705,1,2199,4
20240705,1,3310,0
20240705,1,3311,0
20240705,1,3802,2
20240705,2,2111,3
20240705,2,2112,3
20240705,2,2116,9
20240705,2,2122,3
20240705,2,2128,1
20240705,2,2129,2
20240705,2,2130,2
20240705,2,2139,16
20240705,2,2143,8
20240705,2,2148,1
20240705,2,2159,7
20240705,2,2171,7
20240705,2,2172,7
20240705,2,2178,2
20240705,2,2179,18
20240705,2,2185,0
20240705,2,2186,2
20240705,2,2191,30
20240705,2,2198,5
20240705,2,2199,4
20240705,2,3310,0
20240705,2,3311,0
20240705,2,3802,2
20240705,3,2111,3
20240705,3,2112,3
20240705,3,2116,9
20240705,3,2122,3
20240705,3,2128,1
20240705,3,2129,3
20240705,3,2130,2
20240705,3,2139,17
20240705,3,2143,8
20240705,3,2148,1
20240705,3,2159,7
20240705,3,2171,7
20240705,3,2172,7
20240705,3,2178,2
20240705,3,2179,18
20240705,3,2185,0
20240705,3,2186,2
20240705,3,2191,30
20240705,3,2198,6
20240705,3,2199,3
20240705,3,3310,0
20240705,3,3311,0
20240705,3,3802,2
20240705,4,2111,2
20240705,4,2112,3
20240705,4,2116,9
20240705,4,2122,3
20240705,4,2128,1
20240705,4,2129,3
20240705,4,2130,2
20240705,4,2139,17
20240705,4,2143,8
20240705,4,2148,0
20240705,4,2159,7
20240705,4,2171,6
20240705,4,2172,7
20240705,4,2178,2
20240705,4,2179,18
20240705,4,2185,0
20240705,4,2186,2
20240705,4,2191,30
20240705,4,2198,6
20240705,4,2199,3
20240705,4,3310,0
20240705,4,3311,0
20240705,4,3802,2
20240705,5,2111,2
20240705,5,2112,4
20240705,5,2116,7
20240705,5,2122,3
20240705,5,2128,1
20240705,5,2129,3
20240705,5,2130,2
20240705,5,2139,17
20240705,5,2143,8
20240705,5,2148,0
20240705,5,2159,7
20240705,5,2171,6
20240705,5,2172,7
20240705,5,2178,2
20240705,5,2179,18
20240705,5,2185,0
20240705,5,2186,2
20240705,5,2191,30
20240705,5,2198,4
20240705,5,2199,4
20240705,5,3310,0
20240705,5,3311,0
20240705,5,3802,2
20240705,6,2111,3
20240705,6,2112,1
20240705,6,2116,9
20240705,6,2122,3
20240705,6,2128,1
20240705,6,2129,3
20240705,6,2130,2
20240705,6,2139,17
20240705,6,2143,8
20240705,6,2148,0
20240705,6,2159,7
20240705,6,2171,6
20240705,6,2172,7
20240705,6,2178,2
20240705,6,2179,19
20240705,6,2185,0
20240705,6,2186,1
20240705,6,2191,29
20240705,6,2198,3
20240705,6,2199,3
20240705,6,3310,0
20240705,6,3311,0
20240705,6,3802,4
20240705,7,2111,3
20240705,7,2112,1
20240705,7,2116,9
20240705,7,2122,3
20240705,7,2128,1
20240705,7,2129,3
20240705,7,2130,2
20240705,7,2139,12
20240705,7,2143,8
20240705,7,2148,1
20240705,7,2159,7
20240705,7,2171,8
20240705,7,2172,7
20240705,7,2178,2
20240705,7,2179,18
20240705,7,2185,0
20240705,7,2186,1
20240705,7,2191,27
20240705,7,2198,3
20240705,7,2199,3
20240705,7,3310,0
20240705,7,3311,1
20240705,7,3802,3
20240705,8,2111,3
20240705,8,2112,2
20240705,8,2116,8
20240705,8,2122,2
20240705,8,2128,1
20240705,8,2129,3
20240705,8,2130,2
20240705,8,2139,8
20240705,8,2143,8
20240705,8,2148,3
20240705,8,2159,7
20240705,8,2171,10
20240705,8,2172,5
20240705,8,2178,2
20240705,8,2179,19
20240705,8,2185,0
20240705,8,2186,1
20240705,8,2191,28
20240705,8,2198,1
20240705,8,2199,3
20240705,8,3310,0
20240705,8,3311,6
20240705,8,3802,1
20240705,9,2111,3
20240705,9,2112,2
20240705,9,2116,9
20240705,9,2122,4
20240705,9,2128,1
20240705,9,2129,3
20240705,9,2130,2
20240705,9,2139,7
20240705,9,2143,9
20240705,9,2148,0
20240705,9,2159,6
20240705,9,2171,13
20240705,9,2172,5
20240705,9,2178,2
20240705,9,2179,19
20240705,9,2185,0
20240705,9,2186,1
20240705,9,2191,28
20240705,9,2198,1
20240705,9,2199,3
20240705,9,3310,0
20240705,9,3311,11
20240705,9,3802,1
20240705,10,2111,4
20240705,10,2112,2
20240705,10,2116,11
20240705,10,2122,4
20240705,10,2128,3
20240705,10,2129,4
20240705,10,2130,2
20240705,10,2139,7
20240705,10,2143,9
20240705,10,2148,1
20240705,10,2159,6
20240705,10,2171,15
20240705,10,2172,5
20240705,10,2178,21
20240705,10,2179,16
20240705,10,2185,0
20240705,10,2186,1
20240705,10,2191,25
20240705,10,2198,1
20240705,10,2199,3
20240705,10,3310,0
20240705,10,3311,15
20240705,10,3802,1
20240705,11,2111,4
20240705,11,2112,3
20240705,11,2116,12
20240705,11,2122,4
20240705,11,2128,3
20240705,11,2129,3
20240705,11,2130,1
20240705,11,2139,8
20240705,11,2143,7
20240705,11,2148,1
20240705,11,2159,5
20240705,11,2171,13
20240705,11,2172,7
20240705,11,2178,23
20240705,11,2179,16
20240705,11,2185,0
20240705,11,2186,1
20240705,11,2191,23
20240705,11,2198,1
20240705,11,2199,2
20240705,11,3310,0
20240705,11,3311,15
20240705,11,3802,0
20240705,12,2111,2
20240705,12,2112,3
20240705,12,2116,13
20240705,12,2122,6
20240705,12,2128,1
20240705,12,2129,3
20240705,12,2130,1
20240705,12,2139,8
20240705,12,2143,5
20240705,12,2148,0
20240705,12,2159,5
20240705,12,2171,16
20240705,12,2172,10
20240705,12,2178,22
20240705,12,2179,17
20240705,12,2185,0
20240705,12,2186,1
20240705,12,2191,24
20240705,12,2198,1
20240705,12,2199,2
20240705,12,3310,0
20240705,12,3311,15
20240705,12,3802,0
20240705,13,2111,4
20240705,13,2112,2
20240705,13,2116,13
20240705,13,2122,4
20240705,13,2128,1
20240705,13,2129,3
20240705,13,2130,2
20240705,13,2139,7
20240705,13,2143,5
20240705,13,2148,1
20240705,13,2159,4
20240705,13,2171,17
20240705,13,2172,8
20240705,13,2178,22
20240705,13,2179,19
20240705,13,2185,0
20240705,13,2186,2
20240705,13,2191,26
20240705,13,2198,1
20240705,13,2199,1
20240705,13,3310,0
20240705,13,3311,15
20240705,13,3802,0
20240705,14,2111,7
20240705,14,2112,3
20240705,14,2116,14
20240705,14,2122,5
20240705,14,2128,1
20240705,14,2129,3
20240705,14,2130,2
20240705,14,2139,7
20240705,14,2143,5
20240705,14,2148,1
20240705,14,2159,3
20240705,14,2171,14
20240705,14,2172,5
20240705,14,2178,22
20240705,14,2179,15
20240705,14,2185,0
20240705,14,2186,2
20240705,14,2191,26
20240705,14,2198,0
20240705,14,2199,1
20240705,14,3310,0
20240705,14,3311,16
20240705,14,3802,0
20240705,15,2111,4
20240705,15,2112,2
20240705,15,2116,16
20240705,15,2122,4
20240705,15,2128,1
20240705,15,2129,12
20240705,15,2130,2
20240705,15,2139,8
20240705,15,2143,6
20240705,15,2148,0
20240705,15,2159,3
20240705,15,2171,16
20240705,15,2172,6
20240705,15,2178,22
20240705,15,2179,14
20240705,15,2185,0
20240705,15,2186,2
20240705,15,2191,27
20240705,15,2198,0
20240705,15,2199,3
20240705,15,3310,17
20240705,15,3311,15
20240705,15,3802,0
20240705,16,2111,2
20240705,16,2112,1
20240705,16,2116,17
20240705,16,2122,4
20240705,16,2128,2
20240705,16,2129,11
20240705,16,2130,2
20240705,16,2139,7
20240705,16,2143,3
20240705,16,2148,0
20240705,16,2159,2
20240705,16,2171,17
20240705,16,2172,8
20240705,16,2178,22
20240705,16,2179,14
20240705,16,2185,0
20240705,16,2186,1
20240705,16,2191,24
20240705,16,2198,2
20240705,16,2199,4
20240705,16,3310,15
20240705,16,3311,10
20240705,16,3802,0
20240705,17,2111,1
20240705,17,2112,1
20240705,17,2116,18
20240705,17,2122,4
20240705,17,2128,2
20240705,17,2129,7
20240705,17,2130,2
20240705,17,2139,7
20240705,17,2143,2
20240705,17,2148,0
20240705,17,2159,3
20240705,17,2171,13
20240705,17,2172,8
20240705,17,2178,22
20240705,17,2179,13
20240705,17,2185,0
20240705,17,2186,13
20240705,17,2191,21
20240705,17,2198,1
20240705,17,2199,4
20240705,17,3310,12
20240705,17,3311,8
20240705,17,3802,1
20240705,18,2111,1
20240705,18,2112,4
20240705,18,2116,17
20240705,18,2122,4
20240705,18,2128,1
20240705,18,2129,3
20240705,18,2130,1
20240705,18,2139,7
20240705,18,2143,2
20240705,18,2148,4
20240705,18,2159,3
20240705,18,2171,5
20240705,18,2172,5
20240705,18,2178,15
20240705,18,2179,13
20240705,18,2185,0
20240705,18,2186,14
20240705,18,2191,18
20240705,18,2198,2
20240705,18,2199,4
20240705,18,3310,11
20240705,18,3311,6
20240705,18,3802,3
20240705,19,2111,0
20240705,19,2112,4
20240705,19,2116,13
20240705,19,2122,6
20240705,19,2128,1
20240705,19,2129,1
20240705,19,2130,1
20240705,19,2139,12
20240705,19,2143,2
20240705,19,2148,5
20240705,19,2159,5
20240705,19,2171,2
20240705,19,2172,3
20240705,19,2178,16
20240705,19,2179,14
20240705,19,2185,0
20240705,19,2186,14
20240705,19,2191,20
20240705,19,2198,2
20240705,19,2199,4
20240705,19,3310,11
20240705,19,3311,4
20240705,19,3802,4
20240705,20,2111,1
20240705,20,2112,6
20240705,20,2116,11
20240705,20,2122,8
20240705,20,2128,3
20240705,20,2129,1
20240705,20,2130,1
20240705,20,2139,12
20240705,20,2143,3
20240705,20,2148,3
20240705,20,2159,4
20240705,20,2171,1
20240705,20,2172,3
20240705,20,2178,15
20240705,20,2179,18
20240705,20,2185,0
20240705,20,2186,18
20240705,20,2191,20
20240705,20,2198,3
20240705,20,2199,4
20240705,20,3310,9
20240705,20,3311,0
20240705,20,3802,5
20240705,21,2111,0
20240705,21,2112,7
20240705,21,2116,7
20240705,21,2122,5
20240705,21,2128,2
20240705,21,2129,0
20240705,21,2130,1
20240705,21,2139,13
20240705,21,2143,2
20240705,21,2148,2
20240705,21,2159,3
20240705,21,2171,1
20240705,21,2172,3
20240705,21,2178,15
20240705,21,2179,18
20240705,21,2185,0
20240705,21,2186,21
20240705,21,2191,22
20240705,21,2198,1
20240705,21,2199,4
20240705,21,3310,6
20240705,21,3311,1
20240705,21,3802,3
20240705,22,2111,0
20240705,22,2112,8
20240705,22,2116,8
20240705,22,2122,5
20240705,22,2128,2
20240705,22,2129,0
20240705,22,2130,1
20240705,22,2139,14
20240705,22,2143,2
20240705,22,2148,3
20240705,22,2159,3
20240705,22,2171,1
20240705,22,2172,3
20240705,22,2178,10
20240705,22,2179,18
20240705,22,2185,0
20240705,22,2186,20
20240705,22,2191,22
20240705,22,2198,1
20240705,22,2199,4
20240705,22,3310,5
20240705,22,3311,0
20240705,22,3802,1
20240705,23,2111,0
20240705,23,2112,5
20240705,23,2116,8
20240705,23,2122,5
20240705,23,2128,3
20240705,23,2129,0
20240705,23,2130,1
20240705,23,2139,14
20240705,23,2143,2
20240705,23,2148,3
20240705,23,2159,4
20240705,23,2171,4
20240705,23,2172,3
20240705,23,2178,9
20240705,23,2179,19
20240705,23,2185,0
20240705,23,2186,21
20240705,23,2191,21
20240705,23,2198,2
20240705,23,2199,3
20240705,23,3310,5
20240705,23,3311,0
20240705,23,3802,1
20240706,0,2111,0
20240706,0,2112,2
20240706,0,2116,7
20240706,0,2122,5
20240706,0,2128,3
20240706,0,2129,0
20240706,0,2130,1
20240706,0,2139,17
20240706,0,2143,6
20240706,0,2148,3
20240706,0,2159,4
20240706,0,2171,0
20240706,0,2172,3
20240706,0,2178,8
20240706,0,2179,18
20240706,0,2185,0
20240706,0,2186,16
20240706,0,2191,22
20240706,0,2198,2
20240706,0,2199,3
20240706,0,3310,5
20240706,0,3311,0
20240706,0,3802,1
20240706,1,2111,1
20240706,1,2112,1
20240706,1,2116,6
20240706,1,2122,6
20240706,1,2128,4
20240706,1,2129,0
20240706,1,2130,1
20240706,1,2139,17
20240706,1,2143,8
20240706,1,2148,3
20240706,1,2159,4
20240706,1,2171,2
20240706,1,2172,3
20240706,1,2178,7
20240706,1,2179,18
20240706,1,2185,0
20240706,1,2186,14
20240706,1,2191,30
20240706,1,2198,4
20240706,1,2199,3
20240706,1,3310,5
20240706,1,3311,0
20240706,1,3802,1
20240706,2,2111,1
20240706,2,2112,1
20240706,2,2116,6
20240706,2,2122,6
20240706,2,2128,2
20240706,2,2129,1
20240706,2,2130,1
20240706,2,2139,18
20240706,2,2143,8
20240706,2,2148,3
20240706,2,2159,3
20240706,2,2171,0
20240706,2,2172,4
20240706,2,2178,7
20240706,2,2179,19
20240706,2,2185,0
20240706,2,2186,12
20240706,2,2191,30
20240706,2,2198,3
20240706,2,2199,2
20240706,2,3310,5
20240706,2,3311,0
20240706,2,3802,1
20240706,3,2111,1
20240706,3,2112,1
20240706,3,2116,6
20240706,3,2122,6
20240706,3,2128,2
20240706,3,2129,1
20240706,3,2130,1
20240706,3,2139,19
20240706,3,2143,8
20240706,3,2148,3
20240706,3,2159,3
20240706,3,2171,0
20240706,3,2172,4
20240706,3,2178,7
20240706,3,2179,17
20240706,3,2185,0
20240706,3,2186,7
20240706,3,2191,31
20240706,3,2198,3
20240706,3,2199,2
20240706,3,3310,5
20240706,3,3311,1
20240706,3,3802,1
20240706,4,2111,4
20240706,4,2112,2
20240706,4,2116,5
20240706,4,2122,6
20240706,4,2128,3
20240706,4,2129,1
20240706,4,2130,1
20240706,4,2139,20
20240706,4,2143,9
20240706,4,2148,3
20240706,4,2159,3
20240706,4,2171,0
20240706,4,2172,4
20240706,4,2178,7
20240706,4,2179,17
20240706,4,2185,0
20240706,4,2186,7
20240706,4,2191,33
20240706,4,2198,4
20240706,4,2199,2
20240706,4,3310,5
20240706,4,3311,1
20240706,4,3802,1
20240706,5,2111,5
20240706,5,2112,1
20240706,5,2116,5
20240706,5,2122,6
20240706,5,2128,3
20240706,5,2129,1
20240706,5,2130,1
20240706,5,2139,20
20240706,5,2143,9
20240706,5,2148,3
20240706,5,2159,3
20240706,5,2171,0
20240706,5,2172,4
20240706,5,2178,6
20240706,5,2179,16
20240706,5,2185,0
20240706,5,2186,7
20240706,5,2191,33
20240706,5,2198,3
20240706,5,2199,2
20240706,5,3310,5
20240706,5,3311,1
20240706,5,3802,1
20240706,6,2111,6
20240706,6,2112,1
20240706,6,2116,5
20240706,6,2122,6
20240706,6,2128,3
20240706,6,2129,0
20240706,6,2130,1
20240706,6,2139,20
20240706,6,2143,10
20240706,6,2148,3
20240706,6,2159,3
20240706,6,2171,0
20240706,6,2172,4
20240706,6,2178,6
20240706,6,2179,16
20240706,6,2185,0
20240706,6,2186,7
20240706,6,2191,35
20240706,6,2198,3
20240706,6,2199,2
20240706,6,3310,5
20240706,6,3311,1
20240706,6,3802,2
20240706,7,2111,6
20240706,7,2112,2
20240706,7,2116,5
20240706,7,2122,6
20240706,7,2128,3
20240706,7,2129,0
20240706,7,2130,1
20240706,7,2139,20
20240706,7,2143,10
20240706,7,2148,3
20240706,7,2159,3
20240706,7,2171,0
20240706,7,2172,4
20240706,7,2178,6
20240706,7,2179,16
20240706,7,2185,0
20240706,7,2186,7
20240706,7,2191,34
20240706,7,2198,3
20240706,7,2199,2
20240706,7,3310,5
20240706,7,3311,1
20240706,7,3802,2
20240706,8,2111,7
20240706,8,2112,1
20240706,8,2116,6
20240706,8,2122,6
20240706,8,2128,3
20240706,8,2129,0
20240706,8,2130,1
20240706,8,2139,20
20240706,8,2143,10
20240706,8,2148,3
20240706,8,2159,2
20240706,8,2171,0
20240706,8,2172,4
20240706,8,2178,6
20240706,8,2179,15
20240706,8,2185,0
20240706,8,2186,7
20240706,8,2191,35
20240706,8,2198,3
20240706,8,2199,2
20240706,8,3310,3
20240706,8,3311,1
20240706,8,3802,1
20240706,9,2111,6
20240706,9,2112,1
20240706,9,2116,7
20240706,9,2122,5
20240706,9,2128,3
20240706,9,2129,0
20240706,9,2130,1
20240706,9,2139,19
20240706,9,2143,10
20240706,9,2148,1
20240706,9,2159,2
20240706,9,2171,3
20240706,9,2172,4
20240706,9,2178,6
20240706,9,2179,15
20240706,9,2185,0
20240706,9,2186,6
20240706,9,2191,34
20240706,9,2198,2
20240706,9,2199,2
20240706,9,3310,1
20240706,9,3311,1
20240706,9,3802,3
20240706,10,2111,8
20240706,10,2112,2
20240706,10,2116,6
20240706,10,2122,3
20240706,10,2128,2
20240706,10,2129,0
20240706,10,2130,1
20240706,10,2139,20
20240706,10,2143,8
20240706,10,2148,2
20240706,10,2159,3
20240706,10,2171,3
20240706,10,2172,4
20240706,10,2178,6
20240706,10,2179,14
20240706,10,2185,0
20240706,10,2186,4
20240706,10,2191,33
20240706,10,2198,2
20240706,10,2199,2
20240706,10,3310,0
20240706,10,3311,4
20240706,10,3802,4
20240706,11,2111,9
20240706,11,2112,2
20240706,11,2116,9
20240706,11,2122,4
20240706,11,2128,4
20240706,11,2129,0
20240706,11,2130,1
20240706,11,2139,19
20240706,11,2143,8
20240706,11,2148,2
20240706,11,2159,3
20240706,11,2171,7
20240706,11,2172,3
20240706,11,2178,5
20240706,11,2179,17
20240706,11,2185,0
20240706,11,2186,4
20240706,11,2191,30
20240706,11,2198,1
20240706,11,2199,1
20240706,11,3310,0
20240706,11,3311,4
20240706,11,3802,4
20240706,12,2111,8
20240706,12,2112,4
20240706,12,2116,9
20240706,12,2122,3
20240706,12,2128,3
20240706,12,2129,0
20240706,12,2130,1
20240706,12,2139,18
20240706,12,2143,6
20240706,12,2148,2
20240706,12,2159,3
20240706,12,2171,8
20240706,12,2172,2
20240706,12,2178,5
20240706,12,2179,17
20240706,12,2185,0
20240706,12,2186,4
20240706,12,2191,29
20240706,12,2198,0
20240706,12,2199,2
20240706,12,3310,0
20240706,12,3311,2
20240706,12,3802,4
20240706,13,2111,7
20240706,13,2112,5
20240706,13,2116,10
20240706,13,2122,3
20240706,13,2128,3
20240706,13,2129,0
20240706,13,2130,1
20240706,13,2139,16
20240706,13,2143,3
20240706,13,2148,1
20240706,13,2159,3
20240706,13,2171,9
20240706,13,2172,2
20240706,13,2178,6
20240706,13,2179,15
20240706,13,2185,0
20240706,13,2186,4
20240706,13,2191,29
20240706,13,2198,0
20240706,13,2199,2
20240706,13,3310,0
20240706,13,3311,2
20240706,13,3802,4
20240706,14,2111,10
20240706,14,2112,6
20240706,14,2116,11
20240706,14,2122,3
20240706,14,2128,4
20240706,14,2129,0
20240706,14,2130,1
20240706,14,2139,16
20240706,14,2143,3
20240706,14,2148,1
20240706,14,2159,2
20240706,14,2171,9
20240706,14,2172,3
20240706,14,2178,9
20240706,14,2179,13
20240706,14,2185,0
20240706,14,2186,3
20240706,14,2191,13
20240706,14,2198,1
20240706,14,2199,1
20240706,14,3310,0
20240706,14,3311,1
20240706,14,3802,4
20240706,15,2111,9
20240706,15,2112,5
20240706,15,2116,6
20240706,15,2122,2
20240706,15,2128,2
20240706,15,2129,0
20240706,15,2130,9
20240706,15,2139,16
20240706,15,2143,3
20240706,15,2148,2
20240706,15,2159,2
20240706,15,2171,2
20240706,15,2172,3
20240706,15,2178,22
20240706,15,2179,13
20240706,15,2185,0
20240706,15,2186,3
20240706,15,2191,14
20240706,15,2198,3
20240706,15,2199,2
20240706,15,3310,0
20240706,15,3311,1
20240706,15,3802,4
20240706,16,2111,6
20240706,16,2112,6
20240706,16,2116,7
20240706,16,2122,2
20240706,16,2128,1
20240706,16,2129,1
20240706,16,2130,7
20240706,16,2139,16
20240706,16,2143,3
20240706,16,2148,2
20240706,16,2159,2
20240706,16,2171,2
20240706,16,2172,16
20240706,16,2178,21
20240706,16,2179,16
20240706,16,2185,0
20240706,16,2186,4
20240706,16,2191,15
20240706,16,2198,3
20240706,16,2199,1
20240706,16,3310,0
20240706,16,3311,3
20240706,16,3802,5
20240706,17,2111,7
20240706,17,2112,7
20240706,17,2116,9
20240706,17,2122,2
20240706,17,2128,1
20240706,17,2129,0
20240706,17,2130,5
20240706,17,2139,16
20240706,17,2143,1
20240706,17,2148,2
20240706,17,2159,1
20240706,17,2171,6
20240706,17,2172,12
20240706,17,2178,21
20240706,17,2179,14
20240706,17,2185,0
20240706,17,2186,3
20240706,17,2191,16
20240706,17,2198,2
20240706,17,2199,1
20240706,17,3310,0
20240706,17,3311,2
20240706,17,3802,4
20240706,18,2111,5
20240706,18,2112,4
20240706,18,2116,10
20240706,18,2122,3
20240706,18,2128,1
20240706,18,2129,0
20240706,18,2130,5
20240706,18,2139,17
20240706,18,2143,2
20240706,18,2148,2
20240706,18,2159,2
20240706,18,2171,9
20240706,18,2172,11
20240706,18,2178,21
20240706,18,2179,12
20240706,18,2185,0
20240706,18,2186,4
20240706,18,2191,14
20240706,18,2198,2
20240706,18,2199,2
20240706,18,3310,0
20240706,18,3311,2
20240706,18,3802,4
20240706,19,2111,8
20240706,19,2112,3
20240706,19,2116,8
20240706,19,2122,3
20240706,19,2128,0
20240706,19,2129,0
20240706,19,2130,5
20240706,19,2139,20
20240706,19,2143,3
20240706,19,2148,3
20240706,19,2159,2
20240706,19,2171,9
20240706,19,2172,8
20240706,19,2178,20
20240706,19,2179,12
20240706,19,2185,0
20240706,19,2186,6
20240706,19,2191,15
20240706,19,2198,6
20240706,19,2199,2
20240706,19,3310,0
20240706,19,3311,2
20240706,19,3802,4
20240706,20,2111,8
20240706,20,2112,3
20240706,20,2116,9
20240706,20,2122,3
20240706,20,2128,0
20240706,20,2129,0
20240706,20,2130,5
20240706,20,2139,20
20240706,20,2143,3
20240706,20,2148,2
20240706,20,2159,2
20240706,20,2171,12
20240706,20,2172,8
20240706,20,2178,20
20240706,20,2179,12
20240706,20,2185,0
20240706,20,2186,7
20240706,20,2191,16
20240706,20,2198,9
20240706,20,2199,2
20240706,20,3310,1
20240706,20,3311,1
20240706,20,3802,5
20240706,21,2111,9
20240706,21,2112,4
20240706,21,2116,9
20240706,21,2122,4
20240706,21,2128,0
20240706,21,2129,0
20240706,21,2130,5
20240706,21,2139,20
20240706,21,2143,4
20240706,21,2148,2
20240706,21,2159,3
20240706,21,2171,14
20240706,21,2172,9
20240706,21,2178,20
20240706,21,2179,12
20240706,21,2185,0
20240706,21,2186,8
20240706,21,2191,16
20240706,21,2198,9
20240706,21,2199,2
20240706,21,3310,16
20240706,21,3311,2
20240706,21,3802,5
20240706,22,2111,9
20240706,22,2112,4
20240706,22,2116,8
20240706,22,2122,4
20240706,22,2128,0
20240706,22,2129,0
20240706,22,2130,5
20240706,22,2139,20
20240706,22,2143,4
20240706,22,2148,2
20240706,22,2159,3
20240706,22,2171,14
20240706,22,2172,9
20240706,22,2178,20
20240706,22,2179,11
20240706,22,2185,0
20240706,22,2186,8
20240706,22,2191,16
20240706,22,2198,9
20240706,22,2199,3
20240706,22,3310,16
20240706,22,3311,1
20240706,22,3802,5
20240706,23,2111,8
20240706,23,2112,5
20240706,23,2116,6
20240706,23,2122,2
20240706,23,2128,0
20240706,23,2129,0
20240706,23,2130,5
20240706,23,2139,20
20240706,23,2143,4
20240706,23,2148,2
20240706,23,2159,3
20240706,23,2171,14
20240706,23,2172,9
20240706,23,2178,20
20240706,23,2179,11
20240706,23,2185,0
20240706,23,2186,8
20240706,23,2191,13
20240706,23,2198,10
20240706,23,2199,3
20240706,23,3310,16
20240706,23,3311,1
20240706,23,3802,5
20240707,0,2111,7
20240707,0,2112,3
20240707,0,2116,7
20240707,0,2122,3
20240707,0,2128,0
20240707,0,2129,0
20240707,0,2130,5
20240707,0,2139,21
20240707,0,2143,4
20240707,0,2148,2
20240707,0,2159,3
20240707,0,2171,10
20240707,0,2172,9
20240707,0,2178,19
20240707,0,2179,10
20240707,0,2185,0
20240707,0,2186,7
20240707,0,2191,11
20240707,0,2198,10
20240707,0,2199,3
20240707,0,3310,16
20240707,0,3311,1
20240707,0,3802,5
20240707,1,2111,7
20240707,1,2112,3
20240707,1,2116,8
20240707,1,2122,2
20240707,1,2128,1
20240707,1,2129,0
20240707,1,2130,4
20240707,1,2139,23
20240707,1,2143,4
20240707,1,2148,1
20240707,1,2159,3
20240707,1,2171,3
20240707,1,2172,8
20240707,1,2178,19
20240707,1,2179,9
20240707,1,2185,0
20240707,1,2186,4
20240707,1,2191,12
20240707,1,2198,9
20240707,1,2199,3
20240707,1,3310,15
20240707,1,3311,1
20240707,1,3802,4
20240707,2,2111,9
20240707,2,2112,4
20240707,2,2116,6
20240707,2,2122,2
20240707,2,2128,0
20240707,2,2129,0
20240707,2,2130,3
20240707,2,2139,21
20240707,2,2143,6
20240707,2,2148,0
20240707,2,2159,2
20240707,2,2171,3
20240707,2,2172,8
20240707,2,2178,19
20240707,2,2179,10
20240707,2,2185,0
20240707,2,2186,5
20240707,2,2191,13
20240707,2,2198,7
20240707,2,2199,4
20240707,2,3310,15
20240707,2,3311,1
20240707,2,3802,4
20240707,3,2111,11
20240707,3,2112,3
20240707,3,2116,7
20240707,3,2122,0
20240707,3,2128,0
20240707,3,2129,0
20240707,3,2130,3
20240707,3,2139,24
20240707,3,2143,5
20240707,3,2148,0
20240707,3,2159,2
20240707,3,2171,4
20240707,3,2172,8
20240707,3,2178,17
20240707,3,2179,9
20240707,3,2185,0
20240707,3,2186,5
20240707,3,2191,16
20240707,3,2198,7
20240707,3,2199,4
20240707,3,3310,15
20240707,3,3311,1
20240707,3,3802,4
20240707,4,2111,12
20240707,4,2112,3
20240707,4,2116,5
20240707,4,2122,0
20240707,4,2128,1
20240707,4,2129,0
20240707,4,2130,3
20240707,4,2139,24
20240707,4,2143,6
20240707,4,2148,0
20240707,4,2159,2
20240707,4,2171,4
20240707,4,2172,8
20240707,4,2178,17
20240707,4,2179,9
20240707,4,2185,0
20240707,4,2186,5
20240707,4,2191,18
20240707,4,2198,7
20240707,4,2199,3
20240707,4,3310,15
20240707,4,3311,3
20240707,4,3802,4
20240707,5,2111,13
20240707,5,2112,5
20240707,5,2116,5
20240707,5,2122,0
20240707,5,2128,1
20240707,5,2129,0
20240707,5,2130,3
20240707,5,2139,25
20240707,5,2143,6
20240707,5,2148,0
20240707,5,2159,3
20240707,5,2171,4
20240707,5,2172,8
20240707,5,2178,17
20240707,5,2179,9
20240707,5,2185,0
20240707,5,2186,6
20240707,5,2191,18
20240707,5,2198,7
20240707,5,2199,3
20240707,5,3310,14
20240707,5,3311,3
20240707,5,3802,4
20240707,6,2111,11
20240707,6,2112,5
20240707,6,2116,5
20240707,6,2122,0
20240707,6,2128,1
20240707,6,2129,0
20240707,6,2130,3
20240707,6,2139,25
20240707,6,2143,6
20240707,6,2148,0
20240707,6,2159,3
20240707,6,2171,4
20240707,6,2172,8
20240707,6,2178,17
20240707,6,2179,9
20240707,6,2185,0
20240707,6,2186,4
20240707,6,2191,16
20240707,6,2198,7
20240707,6,2199,2
20240707,6,3310,14
20240707,6,3311,4
20240707,6,3802,4
20240707,7,2111,10
20240707,7,2112,4
20240707,7,2116,6
20240707,7,2122,0
20240707,7,2128,1
20240707,7,2129,0
20240707,7,2130,3
20240707,7,2139,25
20240707,7,2143,6
20240707,7,2148,0
20240707,7,2159,3
20240707,7,2171,4
20240707,7,2172,7
20240707,7,2178,16
20240707,7,2179,9
20240707,7,2185,0
20240707,7,2186,4
20240707,7,2191,15
20240707,7,2198,7
20240707,7,2199,2
20240707,7,3310,14
20240707,7,3311,3
20240707,7,3802,4
20240707,8,2111,11
20240707,8,2112,5
20240707,8,2116,6
20240707,8,2122,0
20240707,8,2128,0
20240707,8,2129,0
20240707,8,2130,3
20240707,8,2139,25
20240707,8,2143,7
20240707,8,2148,0
20240707,8,2159,4
20240707,8,2171,5
20240707,8,2172,7
20240707,8,2178,16
20240707,8,2179,9
20240707,8,2185,0
20240707,8,2186,4
20240707,8,2191,14
20240707,8,2198,7
20240707,8,2199,4
20240707,8,3310,11
20240707,8,3311,3
20240707,8,3802,4
20240707,9,2111,12
20240707,9,2112,4
20240707,9,2116,6
20240707,9,2122,0
20240707,9,2128,1
20240707,9,2129,0
20240707,9,2130,3
20240707,9,2139,23
20240707,9,2143,8
20240707,9,2148,0
20240707,9,2159,4
20240707,9,2171,7
20240707,9,2172,8
20240707,9,2178,16
20240707,9,2179,8
20240707,9,2185,0
20240707,9,2186,4
20240707,9,2191,12
20240707,9,2198,4
20240707,9,2199,3
20240707,9,3310,10
20240707,9,3311,4
20240707,9,3802,4
20240707,10,2111,11
20240707,10,2112,5
20240707,10,2116,8
20240707,10,2122,0
20240707,10,2128,0
20240707,10,2129,0
20240707,10,2130,3
20240707,10,2139,21
20240707,10,2143,7
20240707,10,2148,0
20240707,10,2159,4
20240707,10,2171,5
20240707,10,2172,28
20240707,10,2178,15
20240707,10,2179,8
20240707,10,2185,0
20240707,10,2186,3
20240707,10,2191,10
20240707,10,2198,3
20240707,10,2199,3
20240707,10,3310,8
20240707,10,3311,6
20240707,10,3802,4
20240707,11,2111,10
20240707,11,2112,4
20240707,11,2116,7
20240707,11,2122,1
20240707,11,2128,0
20240707,11,2129,0
20240707,11,2130,3
20240707,11,2139,20
20240707,11,2143,8
20240707,11,2148,2
20240707,11,2159,4
20240707,11,2171,4
20240707,11,2172,29
20240707,11,2178,16
20240707,11,2179,6
20240707,11,2185,0
20240707,11,2186,2
20240707,11,2191,10
20240707,11,2198,1
20240707,11,2199,2
20240707,11,3310,7
20240707,11,3311,4
20240707,11,3802,4
20240707,12,2111,9
20240707,12,2112,5
20240707,12,2116,8
20240707,12,2122,0
20240707,12,2128,0
20240707,12,2129,0
20240707,12,2130,2
20240707,12,2139,20
20240707,12,2143,7
20240707,12,2148,4
20240707,12,2159,3
20240707,12,2171,8
20240707,12,2172,30
20240707,12,2178,16
20240707,12,2179,7
20240707,12,2185,0
20240707,12,2186,4
20240707,12,2191,9
20240707,12,2198,3
20240707,12,2199,2
20240707,12,3310,5
20240707,12,3311,5
20240707,12,3802,2
20240707,13,2111,9
20240707,13,2112,6
20240707,13,2116,7
20240707,13,2122,0
20240707,13,2128,2
20240707,13,2129,0
20240707,13,2130,1
20240707,13,2139,18
20240707,13,2143,9
20240707,13,2148,1
20240707,13,2159,3
20240707,13,2171,9
20240707,13,2172,30
20240707,13,2178,17
20240707,13,2179,6
20240707,13,2185,0
20240707,13,2186,6
20240707,13,2191,9
20240707,13,2198,1
20240707,13,2199,2
20240707,13,3310,0
20240707,13,3311,6
20240707,13,3802,2
20240707,14,2111,8
20240707,14,2112,9
20240707,14,2116,7
20240707,14,2122,0
20240707,14,2128,1
20240707,14,2129,0
20240707,14,2130,0
20240707,14,2139,17
20240707,14,2143,9
20240707,14,2148,1
20240707,14,2159,2
20240707,14,2171,7
20240707,14,2172,29
20240707,14,2178,17
20240707,14,2179,7
20240707,14,2185,0
20240707,14,2186,6
20240707,14,2191,7
20240707,14,2198,2
20240707,14,2199,2
20240707,14,3310,0
20240707,14,3311,11
20240707,14,3802,2
20240707,15,2111,7
20240707,15,2112,9
20240707,15,2116,7
20240707,15,2122,1
20240707,15,2128,1
20240707,15,2129,0
20240707,15,2130,10
20240707,15,2139,15
20240707,15,2143,10
20240707,15,2148,0
20240707,15,2159,2
20240707,15,2171,5
20240707,15,2172,28
20240707,15,2178,17
20240707,15,2179,8
20240707,15,2185,0
20240707,15,2186,7
20240707,15,2191,6
20240707,15,2198,5
20240707,15,2199,3
20240707,15,3310,0
20240707,15,3311,13
20240707,15,3802,1
20240707,16,2111,8
20240707,16,2112,8
20240707,16,2116,7
20240707,16,2122,2
20240707,16,2128,0
20240707,16,2129,2
20240707,16,2130,8
20240707,16,2139,15
20240707,16,2143,11
20240707,16,2148,0
20240707,16,2159,2
20240707,16,2171,7
20240707,16,2172,30
20240707,16,2178,17
20240707,16,2179,8
20240707,16,2185,0
20240707,16,2186,6
20240707,16,2191,6
20240707,16,2198,5
20240707,16,2199,5
20240707,16,3310,0
20240707,16,3311,11
20240707,16,3802,3
20240707,17,2111,13
20240707,17,2112,11
20240707,17,2116,7
20240707,17,2122,0
20240707,17,2128,0
20240707,17,2129,3
20240707,17,2130,8
20240707,17,2139,16
20240707,17,2143,11
20240707,17,2148,0
20240707,17,2159,2
20240707,17,2171,6
20240707,17,2172,30
20240707,17,2178,15
20240707,17,2179,8
20240707,17,2185,0
20240707,17,2186,6
20240707,17,2191,6
20240707,17,2198,4
20240707,17,2199,6
20240707,17,3310,0
20240707,17,3311,8
20240707,17,3802,3
20240707,18,2111,15
20240707,18,2112,12
20240707,18,2116,7
20240707,18,2122,2
20240707,18,2128,1
20240707,18,2129,3
20240707,18,2130,8
20240707,18,2139,16
20240707,18,2143,11
20240707,18,2148,0
20240707,18,2159,2
20240707,18,2171,6
20240707,18,2172,30
20240707,18,2178,15
20240707,18,2179,9
20240707,18,2185,0
20240707,18,2186,7
20240707,18,2191,10
20240707,18,2198,6
20240707,18,2199,5
20240707,18,3310,0
20240707,18,3311,7
20240707,18,3802,4
20240707,19,2111,15
20240707,19,2112,12
20240707,19,2116,7
20240707,19,2122,2
20240707,19,2128,2
20240707,19,2129,3
20240707,19,2130,8
20240707,19,2139,16
20240707,19,2143,12
20240707,19,2148,0
20240707,19,2159,2
20240707,19,2171,6
20240707,19,2172,30
20240707,19,2178,15
20240707,19,2179,9
20240707,19,2185,0
20240707,19,2186,7
20240707,19,2191,10
20240707,19,2198,7
20240707,19,2199,5
20240707,19,3310,0
20240707,19,3311,7
20240707,19,3802,4
20240707,20,2111,15
20240707,20,2112,12
20240707,20,2116,7
20240707,20,2122,2
20240707,20,2128,2
20240707,20,2129,3
20240707,20,2130,8
20240707,20,2139,16
20240707,20,2143,12
20240707,20,2148,0
20240707,20,2159,2
20240707,20,2171,6
20240707,20,2172,30
20240707,20,2178,15
20240707,20,2179,9
20240707,20,2185,0
20240707,20,2186,8
20240707,20,2191,10
20240707,20,2198,6
20240707,20,2199,5
20240707,20,3310,0
20240707,20,3311,7
20240707,20,3802,4
20240707,21,2111,15
20240707,21,2112,12
20240707,21,2116,7
20240707,21,2122,2
20240707,21,2128,2
20240707,21,2129,3
20240707,21,2130,8
20240707,21,2139,16
20240707,21,2143,12
20240707,21,2148,0
20240707,21,2159,2
20240707,21,2171,6
20240707,21,2172,30
20240707,21,2178,15
20240707,21,2179,9
20240707,21,2185,0
20240707,21,2186,8
20240707,21,2191,10
20240707,21,2198,6
20240707,21,2199,5
20240707,21,3310,0
20240707,21,3311,7
20240707,21,3802,4
20240707,22,2111,15
20240707,22,2112,12
20240707,22,2116,7
20240707,22,2122,1
20240707,22,2128,1
20240707,22,2129,3
20240707,22,2130,8
20240707,22,2139,16
20240707,22,2143,12
20240707,22,2148,0
20240707,22,2159,2
20240707,22,2171,6
20240707,22,2172,30
20240707,22,2178,15
20240707,22,2179,9
20240707,22,2185,0
20240707,22,2186,9
20240707,22,2191,10
20240707,22,2198,6
20240707,22,2199,5
20240707,22,3310,0
20240707,22,3311,7
20240707,22,3802,4
20240707,23,2111,15
20240707,23,2112,12
20240707,23,2116,7
20240707,23,2122,1
20240707,23,2128,1
20240707,23,2129,3
20240707,23,2130,8
20240707,23,2139,16
20240707,23,2143,12
20240707,23,2148,0
20240707,23,2159,2
20240707,23,2171,5
20240707,23,2172,30
20240707,23,2178,14
20240707,23,2179,6
20240707,23,2185,0
20240707,23,2186,9
20240707,23,2191,10
20240707,23,2198,5
20240707,23,2199,5
20240707,23,3310,0
20240707,23,3311,7
20240707,23,3802,3
20240708,0,2111,12
20240708,0,2112,12
20240708,0,2116,7
20240708,0,2122,2
20240708,0,2128,1
20240708,0,2129,3
20240708,0,2130,8
20240708,0,2139,17
20240708,0,2143,12
20240708,0,2148,0
20240708,0,2159,2
20240708,0,2171,4
20240708,0,2172,30
20240708,0,2178,14
20240708,0,2179,6
20240708,0,2185,0
20240708,0,2186,9
20240708,0,2191,9
20240708,0,2198,5
20240708,0,2199,4
20240708,0,3310,0
20240708,0,3311,6
20240708,0,3802,4
20240708,1,2111,12
20240708,1,2112,12
20240708,1,2116,5
20240708,1,2122,1
20240708,1,2128,2
20240708,1,2129,3
20240708,1,2130,8
20240708,1,2139,16
20240708,1,2143,13
20240708,1,2148,0
20240708,1,2159,2
20240708,1,2171,2
20240708,1,2172,30
20240708,1,2178,15
20240708,1,2179,6
20240708,1,2185,0
20240708,1,2186,9
20240708,1,2191,8
20240708,1,2198,6
20240708,1,2199,4
20240708,1,3310,0
20240708,1,3311,6
20240708,1,3802,4
20240708,2,2111,12
20240708,2,2112,12
20240708,2,2116,3
20240708,2,2122,1
20240708,2,2128,1
20240708,2,2129,3
20240708,2,2130,8
20240708,2,2139,17
20240708,2,2143,13
20240708,2,2148,0
20240708,2,2159,2
20240708,2,2171,1
20240708,2,2172,30
20240708,2,2178,15
20240708,2,2179,7
20240708,2,2185,0
20240708,2,2186,8
20240708,2,2191,10
20240708,2,2198,5
20240708,2,2199,5
20240708,2,3310,0
20240708,2,3311,6
20240708,2,3802,4
20240708,3,2111,12
20240708,3,2112,12
20240708,3,2116,5
20240708,3,2122,1
20240708,3,2128,1
20240708,3,2129,3
20240708,3,2130,8
20240708,3,2139,18
20240708,3,2143,14
20240708,3,2148,0
20240708,3,2159,3
20240708,3,2171,1
20240708,3,2172,30
20240708,3,2178,15
20240708,3,2179,7
20240708,3,2185,0
20240708,3,2186,8
20240708,3,2191,11
20240708,3,2198,5
20240708,3,2199,6
20240708,3,3310,0
20240708,3,3311,6
20240708,3,3802,4
20240708,4,2111,13
20240708,4,2112,12
20240708,4,2116,5
20240708,4,2122,1
20240708,4,2128,1
20240708,4,2129,4
20240708,4,2130,8
20240708,4,2139,18
20240708,4,2143,14
20240708,4,2148,0
20240708,4,2159,3
20240708,4,2171,0
20240708,4,2172,30
20240708,4,2178,15
20240708,4,2179,7
20240708,4,2185,0
20240708,4,2186,8
20240708,4,2191,11
20240708,4,2198,4
20240708,4,2199,6
20240708,4,3310,0
20240708,4,3311,6
20240708,4,3802,4
20240708,5,2111,13
20240708,5,2112,12
20240708,5,2116,5
20240708,5,2122,1
20240708,5,2128,1
20240708,5,2129,4
20240708,5,2130,8
20240708,5,2139,18
20240708,5,2143,14
20240708,5,2148,0
20240708,5,2159,3
20240708,5,2171,1
20240708,5,2172,30
20240708,5,2178,15
20240708,5,2179,6
20240708,5,2185,0
20240708,5,2186,8
20240708,5,2191,11
20240708,5,2198,4
20240708,5,2199,5
20240708,5,3310,0
20240708,5,3311,6
20240708,5,3802,4
20240708,6,2111,13
20240708,6,2112,11
20240708,6,2116,6
20240708,6,2122,0
20240708,6,2128,1
20240708,6,2129,4
20240708,6,2130,8
20240708,6,2139,19
20240708,6,2143,14
20240708,6,2148,0
20240708,6,2159,3
20240708,6,2171,0
20240708,6,2172,30
20240708,6,2178,15
20240708,6,2179,6
20240708,6,2185,0
20240708,6,2186,8
20240708,6,2191,12
20240708,6,2198,4
20240708,6,2199,5
20240708,6,3310,0
20240708,6,3311,6
20240708,6,3802,6
20240708,7,2111,13
20240708,7,2112,9
20240708,7,2116,6
20240708,7,2122,0
20240708,7,2128,1
20240708,7,2129,4
20240708,7,2130,8
20240708,7,2139,19
20240708,7,2143,14
20240708,7,2148,1
20240708,7,2159,3
20240708,7,2171,0
20240708,7,2172,29
20240708,7,2178,15
20240708,7,2179,4
20240708,7,2185,0
20240708,7,2186,8
20240708,7,2191,11
20240708,7,2198,4
20240708,7,2199,5
20240708,7,3310,0
20240708,7,3311,7
20240708,7,3802,4
20240708,8,2111,14
20240708,8,2112,6
20240708,8,2116,6
20240708,8,2122,0
20240708,8,2128,1
20240708,8,2129,4
20240708,8,2130,8
20240708,8,2139,17
20240708,8,2143,14
20240708,8,2148,2
20240708,8,2159,4
20240708,8,2171,0
20240708,8,2172,29
20240708,8,2178,15
20240708,8,2179,4
20240708,8,2185,0
20240708,8,2186,6
20240708,8,2191,14
20240708,8,2198,4
20240708,8,2199,4
20240708,8,3310,0
20240708,8,3311,11
20240708,8,3802,3
20240708,9,2111,14
20240708,9,2112,6
20240708,9,2116,7
20240708,9,2122,1
20240708,9,2128,1
20240708,9,2129,4
20240708,9,2130,8
20240708,9,2139,17
20240708,9,2143,14
20240708,9,2148,3
20240708,9,2159,4
20240708,9,2171,1
20240708,9,2172,29
20240708,9,2178,15
20240708,9,2179,5
20240708,9,2185,0
20240708,9,2186,6
20240708,9,2191,15
20240708,9,2198,2
20240708,9,2199,4
20240708,9,3310,0
20240708,9,3311,13
20240708,9,3802,3
20240708,10,2111,14
20240708,10,2112,6
20240708,10,2116,7
20240708,10,2122,1
20240708,10,2128,2
20240708,10,2129,4
20240708,10,2130,8
20240708,10,2139,17
20240708,10,2143,14
20240708,10,2148,4
20240708,10,2159,4
20240708,10,2171,2
20240708,10,2172,29
20240708,10,2178,16
20240708,10,2179,5
20240708,10,2185,0
20240708,10,2186,5
20240708,10,2191,15
20240708,10,2198,2
20240708,10,2199,4
20240708,10,3310,0
20240708,10,3311,14
20240708,10,3802,3
20240708,11,2111,15
20240708,11,2112,6
20240708,11,2116,7
20240708,11,2122,1
20240708,11,2128,2
20240708,11,2129,4
20240708,11,2130,8
20240708,11,2139,17
20240708,11,2143,14
20240708,11,2148,5
20240708,11,2159,4
20240708,11,2171,2
20240708,11,2172,29
20240708,11,2178,16
20240708,11,2179,5
20240708,11,2185,0
20240708,11,2186,5
20240708,11,2191,16
20240708,11,2198,2
20240708,11,2199,4
20240708,11,3310,0
20240708,11,3311,14
20240708,11,3802,3
20240708,12,2111,15
20240708,12,2112,6
20240708,12,2116,7
20240708,12,2122,1
20240708,12,2128,2
20240708,12,2129,4
20240708,12,2130,8
20240708,12,2139,18
20240708,12,2143,14
20240708,12,2148,5
20240708,12,2159,4
20240708,12,2171,2
20240708,12,2172,30
20240708,12,2178,16
20240708,12,2179,5
20240708,12,2185,0
20240708,12,2186,5
20240708,12,2191,16
20240708,12,2198,2
20240708,12,2199,4
20240708,12,3310,0
20240708,12,3311,14
20240708,12,3802,3
20240708,13,2111,15
20240708,13,2112,7
20240708,13,2116,7
20240708,13,2122,1
20240708,13,2128,2
20240708,13,2129,4
20240708,13,2130,8
20240708,13,2139,18
20240708,13,2143,14
20240708,13,2148,5
20240708,13,2159,4
20240708,13,2171,2
20240708,13,2172,30
20240708,13,2178,16
20240708,13,2179,6
20240708,13,2185,0
20240708,13,2186,4
20240708,13,2191,16
20240708,13,2198,3
20240708,13,2199,4
20240708,13,3310,0
20240708,13,3311,14
20240708,13,3802,3
20240708,14,2111,15
20240708,14,2112,6
20240708,14,2116,7
20240708,14,2122,1
20240708,14,2128,3
20240708,14,2129,4
20240708,14,2130,8
20240708,14,2139,18
20240708,14,2143,14
20240708,14,2148,5
20240708,14,2159,4
20240708,14,2171,2
20240708,14,2172,30
20240708,14,2178,16
20240708,14,2179,6
20240708,14,2185,0
20240708,14,2186,4
20240708,14,2191,16
20240708,14,2198,2
20240708,14,2199,4
20240708,14,3310,0
20240708,14,3311,14
20240708,14,3802,3
20240708,15,2111,15
20240708,15,2112,6
20240708,15,2116,7
20240708,15,2122,1
20240708,15,2128,3
20240708,15,2129,4
20240708,15,2130,8
20240708,15,2139,18
20240708,15,2143,14
20240708,15,2148,5
20240708,15,2159,4
20240708,15,2171,2
20240708,15,2172,30
20240708,15,2178,16
20240708,15,2179,6
20240708,15,2185,0
20240708,15,2186,4
20240708,15,2191,16
20240708,15,2198,2
20240708,15,2199,4
20240708,15,3310,0
20240708,15,3311,15
20240708,15,3802,3
20240708,16,2111,15
20240708,16,2112,5
20240708,16,2116,6
20240708,16,2122,1
20240708,16,2128,2
20240708,16,2129,4
20240708,16,2130,8
20240708,16,2139,18
20240708,16,2143,14
20240708,16,2148,5
20240708,16,2159,4
20240708,16,2171,2
20240708,16,2172,30
20240708,16,2178,16
20240708,16,2179,6
20240708,16,2185,0
20240708,16,2186,4
20240708,16,2191,15
20240708,16,2198,2
20240708,16,2199,3
20240708,16,3310,0
20240708,16,3311,15
20240708,16,3802,3
20240708,17,2111,15
20240708,17,2112,5
20240708,17,2116,6
20240708,17,2122,1
20240708,17,2128,3
20240708,17,2129,4
20240708,17,2130,8
20240708,17,2139,17
20240708,17,2143,14
20240708,17,2148,3
20240708,17,2159,3
20240708,17,2171,1
20240708,17,2172,30
20240708,17,2178,16
20240708,17,2179,7
20240708,17,2185,0
20240708,17,2186,4
20240708,17,2191,14
20240708,17,2198,1
20240708,17,2199,3
20240708,17,3310,0
20240708,17,3311,14
20240708,17,3802,3
20240708,18,2111,13
20240708,18,2112,5
20240708,18,2116,6
20240708,18,2122,1
20240708,18,2128,3
20240708,18,2129,3
20240708,18,2130,8
20240708,18,2139,18
20240708,18,2143,14
20240708,18,2148,2
20240708,18,2159,3
20240708,18,2171,2
20240708,18,2172,28
20240708,18,2178,15
20240708,18,2179,8
20240708,18,2185,0
20240708,18,2186,4
20240708,18,2191,13
20240708,18,2198,1
20240708,18,2199,4
20240708,18,3310,0
20240708,18,3311,12
20240708,18,3802,3
20240708,19,2111,13
20240708,19,2112,6
20240708,19,2116,6
20240708,19,2122,2
20240708,19,2128,3
20240708,19,2129,3
20240708,19,2130,8
20240708,19,2139,20
20240708,19,2143,14
20240708,19,2148,3
20240708,19,2159,3
20240708,19,2171,3
20240708,19,2172,28
20240708,19,2178,15
20240708,19,2179,9
20240708,19,2185,0
20240708,19,2186,4
20240708,19,2191,13
20240708,19,2198,1
20240708,19,2199,3
20240708,19,3310,0
20240708,19,3311,12
20240708,19,3802,4
20240708,20,2111,13
20240708,20,2112,6
20240708,20,2116,6
20240708,20,2122,2
20240708,20,2128,3
20240708,20,2129,3
20240708,20,2130,8
20240708,20,2139,19
20240708,20,2143,14
20240708,20,2148,3
20240708,20,2159,3
20240708,20,2171,2
20240708,20,2172,29
20240708,20,2178,14
20240708,20,2179,8
20240708,20,2185,0
20240708,20,2186,4
20240708,20,2191,13
20240708,20,2198,1
20240708,20,2199,3
20240708,20,3310,0
20240708,20,3311,12
20240708,20,3802,3
20240708,21,2111,13
20240708,21,2112,4
20240708,21,2116,5
20240708,21,2122,0
20240708,21,2128,3
20240708,21,2129,3
20240708,21,2130,8
20240708,21,2139,19
20240708,21,2143,15
20240708,21,2148,2
20240708,21,2159,3
20240708,21,2171,0
20240708,21,2172,29
20240708,21,2178,14
20240708,21,2179,7
20240708,21,2185,0
20240708,21,2186,5
20240708,21,2191,15
20240708,21,2198,2
20240708,21,2199,3
20240708,21,3310,0
20240708,21,3311,12
20240708,21,3802,3
20240708,22,2111,11
20240708,22,2112,4
20240708,22,2116,6
20240708,22,2122,0
20240708,22,2128,3
20240708,22,2129,2
20240708,22,2130,8
20240708,22,2139,20
20240708,22,2143,16
20240708,22,2148,2
20240708,22,2159,3
20240708,22,2171,0
20240708,22,2172,29
20240708,22,2178,14
20240708,22,2179,8
20240708,22,2185,0
20240708,22,2186,6
20240708,22,2191,13
20240708,22,2198,2
20240708,22,2199,3
20240708,22,3310,0
20240708,22,3311,12
20240708,22,3802,3
20240708,23,2111,9
20240708,23,2112,4
20240708,23,2116,5
20240708,23,2122,0
20240708,23,2128,3
20240708,23,2129,2
20240708,23,2130,8
20240708,23,2139,20
20240708,23,2143,17
20240708,23,2148,3
20240708,23,2159,3
20240708,23,2171,1
20240708,23,2172,31
20240708,23,2178,14
20240708,23,2179,8
20240708,23,2185,0
20240708,23,2186,3
20240708,23,2191,12
20240708,23,2198,1
20240708,23,2199,3
20240708,23,3310,0
20240708,23,3311,11
20240708,23,3802,3
20240709,0,2111,8
20240709,0,2112,3
20240709,0,2116,4
20240709,0,2122,1
20240709,0,2128,4
20240709,0,2129,2
20240709,0,2130,8
20240709,0,2139,22
20240709,0,2143,17
20240709,0,2148,3
20240709,0,2159,3
20240709,0,2171,0
20240709,0,2172,31
20240709,0,2178,14
20240709,0,2179,8
20240709,0,2185,0
20240709,0,2186,4
20240709,0,2191,12
20240709,0,2198,1
20240709,0,2199,3
20240709,0,3310,0
20240709,0,3311,11
20240709,0,3802,3
20240709,1,2111,6
20240709,1,2112,3
20240709,1,2116,4
20240709,1,2122,1
20240709,1,2128,5
20240709,1,2129,2
20240709,1,2130,8
20240709,1,2139,21
20240709,1,2143,17
20240709,1,2148,3
20240709,1,2159,4
20240709,1,2171,0
20240709,1,2172,31
20240709,1,2178,13
20240709,1,2179,9
20240709,1,2185,0
20240709,1,2186,3
20240709,1,2191,13
20240709,1,2198,0
20240709,1,2199,3
20240709,1,3310,0
20240709,1,3311,6
20240709,1,3802,3
20240709,2,2111,6
20240709,2,2112,4
20240709,2,2116,4
20240709,2,2122,0
20240709,2,2128,5
20240709,2,2129,2
20240709,2,2130,8
20240709,2,2139,21
20240709,2,2143,17
20240709,2,2148,4
20240709,2,2159,4
20240709,2,2171,0
20240709,2,2172,31
20240709,2,2178,12
20240709,2,2179,9
20240709,2,2185,0
20240709,2,2186,3
20240709,2,2191,13
20240709,2,2198,0
20240709,2,2199,3
20240709,2,3310,0
20240709,2,3311,6
20240709,2,3802,3
20240709,3,2111,6
20240709,3,2112,3
20240709,3,2116,4
20240709,3,2122,1
20240709,3,2128,5
20240709,3,2129,2
20240709,3,2130,8
20240709,3,2139,23
20240709,3,2143,19
20240709,3,2148,4
20240709,3,2159,4
20240709,3,2171,0
20240709,3,2172,31
20240709,3,2178,12
20240709,3,2179,8
20240709,3,2185,0
20240709,3,2186,3
20240709,3,2191,13
20240709,3,2198,0
20240709,3,2199,4
20240709,3,3310,0
20240709,3,3311,7
20240709,3,3802,3
20240709,4,2111,6
20240709,4,2112,3
20240709,4,2116,3
20240709,4,2122,1
20240709,4,2128,5
20240709,4,2129,2
20240709,4,2130,8
20240709,4,2139,24
20240709,4,2143,19
20240709,4,2148,4
20240709,4,2159,4
20240709,4,2171,0
20240709,4,2172,31
20240709,4,2178,12
20240709,4,2179,8
20240709,4,2185,0
20240709,4,2186,3
20240709,4,2191,14
20240709,4,2198,0
20240709,4,2199,3
20240709,4,3310,0
20240709,4,3311,7
20240709,4,3802,3
20240709,5,2111,5
20240709,5,2112,3
20240709,5,2116,4
20240709,5,2122,0
20240709,5,2128,3
20240709,5,2129,2
20240709,5,2130,8
20240709,5,2139,23
20240709,5,2143,18
20240709,5,2148,2
20240709,5,2159,4
20240709,5,2171,0
20240709,5,2172,31
20240709,5,2178,12
20240709,5,2179,7
20240709,5,2185,0
20240709,5,2186,2
20240709,5,2191,14
20240709,5,2198,0
20240709,5,2199,3
20240709,5,3310,0
20240709,5,3311,8
20240709,5,3802,3
20240709,6,2111,6
20240709,6,2112,3
20240709,6,2116,4
20240709,6,2122,0
20240709,6,2128,3
20240709,6,2129,3
20240709,6,2130,8
20240709,6,2139,23
20240709,6,2143,18
20240709,6,2148,2
20240709,6,2159,3
20240709,6,2171,1
20240709,6,2172,31
20240709,6,2178,12
20240709,6,2179,6
20240709,6,2185,0
20240709,6,2186,2
20240709,6,2191,15
20240709,6,2198,0
20240709,6,2199,3
20240709,6,3310,0
20240709,6,3311,7
20240709,6,3802,11
20240709,7,2111,6
20240709,7,2112,3
20240709,7,2116,3
20240709,7,2122,0
20240709,7,2128,3
20240709,7,2129,3
20240709,7,2130,8
20240709,7,2139,16
20240709,7,2143,18
20240709,7,2148,5
20240709,7,2159,3
20240709,7,2171,3
20240709,7,2172,31
20240709,7,2178,12
20240709,7,2179,7
20240709,7,2185,0
20240709,7,2186,1
20240709,7,2191,16
20240709,7,2198,0
20240709,7,2199,3
20240709,7,3310,0
20240709,7,3311,9
20240709,7,3802,10
20240709,8,2111,6
20240709,8,2112,2
20240709,8,2116,5
20240709,8,2122,0
20240709,8,2128,1
20240709,8,2129,3
20240709,8,2130,8
20240709,8,2139,12
20240709,8,2143,18
20240709,8,2148,8
20240709,8,2159,2
20240709,8,2171,3
20240709,8,2172,30
20240709,8,2178,12
20240709,8,2179,7
20240709,8,2185,0
20240709,8,2186,1
20240709,8,2191,14
20240709,8,2198,0
20240709,8,2199,3
20240709,8,3310,0
20240709,8,3311,9
20240709,8,3802,7
20240709,9,2111,8
20240709,9,2112,4
20240709,9,2116,6
20240709,9,2122,2
20240709,9,2128,2
20240709,9,2129,3
20240709,9,2130,8
20240709,9,2139,9
20240709,9,2143,17
20240709,9,2148,10
20240709,9,2159,2
20240709,9,2171,4
20240709,9,2172,30
20240709,9,2178,13
20240709,9,2179,9
20240709,9,2185,0
20240709,9,2186,1
20240709,9,2191,12
20240709,9,2198,0
20240709,9,2199,3
20240709,9,3310,0
20240709,9,3311,13
20240709,9,3802,3
20240709,10,2111,8
20240709,10,2112,5
20240709,10,2116,8
20240709,10,2122,2
20240709,10,2128,2
20240709,10,2129,2
20240709,10,2130,8
20240709,10,2139,9
20240709,10,2143,16
20240709,10,2148,11
20240709,10,2159,2
20240709,10,2171,7
20240709,10,2172,32
20240709,10,2178,14
20240709,10,2179,10
20240709,10,2185,0
20240709,10,2186,0
20240709,10,2191,11
20240709,10,2198,0
20240709,10,2199,3
20240709,10,3310,0
20240709,10,3311,17
20240709,10,3802,4
20240709,11,2111,8
20240709,11,2112,5
20240709,11,2116,9
20240709,11,2122,5
20240709,11,2128,1
20240709,11,2129,2
20240709,11,2130,8
20240709,11,2139,12
20240709,11,2143,15
20240709,11,2148,11
20240709,11,2159,2
20240709,11,2171,6
20240709,11,2172,32
20240709,11,2178,14
20240709,11,2179,10
20240709,11,2185,0
20240709,11,2186,1
20240709,11,2191,11
20240709,11,2198,0
20240709,11,2199,3
20240709,11,3310,8
20240709,11,3311,16
20240709,11,3802,5
20240709,12,2111,6
20240709,12,2112,7
20240709,12,2116,10
20240709,12,2122,6
20240709,12,2128,1
20240709,12,2129,3
20240709,12,2130,8
20240709,12,2139,12
20240709,12,2143,14
20240709,12,2148,12
20240709,12,2159,2
20240709,12,2171,4
20240709,12,2172,31
20240709,12,2178,14
20240709,12,2179,10
20240709,12,2185,0
20240709,12,2186,1
20240709,12,2191,7
20240709,12,2198,1
20240709,12,2199,3
20240709,12,3310,7
20240709,12,3311,14
20240709,12,3802,4
20240709,13,2111,7
20240709,13,2112,7
20240709,13,2116,9
20240709,13,2122,3
20240709,13,2128,1
20240709,13,2129,2
20240709,13,2130,8
20240709,13,2139,12
20240709,13,2143,14
20240709,13,2148,12
20240709,13,2159,2
20240709,13,2171,4
20240709,13,2172,30
20240709,13,2178,14
20240709,13,2179,11
20240709,13,2185,0
20240709,13,2186,1
20240709,13,2191,7
20240709,13,2198,1
20240709,13,2199,3
20240709,13,3310,7
20240709,13,3311,13
20240709,13,3802,4
20240709,14,2111,9
20240709,14,2112,7
20240709,14,2116,9
20240709,14,2122,4
20240709,14,2128,1
20240709,14,2129,2
20240709,14,2130,8
20240709,14,2139,13
20240709,14,2143,14
20240709,14,2148,12
20240709,14,2159,2
20240709,14,2171,4
20240709,14,2172,30
20240709,14,2178,14
20240709,14,2179,10
20240709,14,2185,0
20240709,14,2186,1
20240709,14,2191,7
20240709,14,2198,1
20240709,14,2199,3
20240709,14,3310,7
20240709,14,3311,13
20240709,14,3802,4
20240709,15,2111,10
20240709,15,2112,7
20240709,15,2116,11
20240709,15,2122,4
20240709,15,2128,0
20240709,15,2129,14
20240709,15,2130,8
20240709,15,2139,14
20240709,15,2143,15
20240709,15,2148,10
20240709,15,2159,2
20240709,15,2171,4
20240709,15,2172,31
20240709,15,2178,14
20240709,15,2179,10
20240709,15,2185,0
20240709,15,2186,1
20240709,15,2191,7
20240709,15,2198,0
20240709,15,2199,3
20240709,15,3310,7
20240709,15,3311,12
20240709,15,3802,4
20240709,16,2111,8
20240709,16,2112,5
20240709,16,2116,12
20240709,16,2122,3
20240709,16,2128,0
20240709,16,2129,13
20240709,16,2130,8
20240709,16,2139,12
20240709,16,2143,15
20240709,16,2148,9
20240709,16,2159,2
20240709,16,2171,1
20240709,16,2172,35
20240709,16,2178,14
20240709,16,2179,9
20240709,16,2185,0
20240709,16,2186,1
20240709,16,2191,7
20240709,16,2198,0
20240709,16,2199,3
20240709,16,3310,7
20240709,16,3311,7
20240709,16,3802,4
20240709,17,2111,8
20240709,17,2112,6
20240709,17,2116,11
20240709,17,2122,1
20240709,17,2128,0
20240709,17,2129,10
20240709,17,2130,8
20240709,17,2139,12
20240709,17,2143,15
20240709,17,2148,7
20240709,17,2159,2
20240709,17,2171,0
20240709,17,2172,34
20240709,17,2178,13
20240709,17,2179,8
20240709,17,2185,0
20240709,17,2186,2
20240709,17,2191,8
20240709,17,2198,1
20240709,17,2199,3
20240709,17,3310,7
20240709,17,3311,5
20240709,17,3802,5
20240709,18,2111,7
20240709,18,2112,4
20240709,18,2116,12
20240709,18,2122,1
20240709,18,2128,0
20240709,18,2129,3
20240709,18,2130,8
20240709,18,2139,11
20240709,18,2143,15
20240709,18,2148,3
20240709,18,2159,1
20240709,18,2171,1
20240709,18,2172,31
20240709,18,2178,10
20240709,18,2179,8
20240709,18,2185,0
20240709,18,2186,1
20240709,18,2191,8
20240709,18,2198,0
20240709,18,2199,3
20240709,18,3310,5
20240709,18,3311,5
20240709,18,3802,5
20240709,19,2111,7
20240709,19,2112,4
20240709,19,2116,6
20240709,19,2122,3
20240709,19,2128,0
20240709,19,2129,3
20240709,19,2130,9
20240709,19,2139,11
20240709,19,2143,17
20240709,19,2148,9
20240709,19,2159,1
20240709,19,2171,1
20240709,19,2172,29
20240709,19,2178,9
20240709,19,2179,6
20240709,19,2185,0
20240709,19,2186,2
20240709,19,2191,10
20240709,19,2198,0
20240709,19,2199,3
20240709,19,3310,5
20240709,19,3311,4
20240709,19,3802,11
20240709,20,2111,5
20240709,20,2112,2
20240709,20,2116,3
20240709,20,2122,3
20240709,20,2128,1
20240709,20,2129,2
20240709,20,2130,9
20240709,20,2139,13
20240709,20,2143,19
20240709,20,2148,11
20240709,20,2159,1
20240709,20,2171,0
20240709,20,2172,28
20240709,20,2178,6
20240709,20,2179,6
20240709,20,2185,0
20240709,20,2186,2
20240709,20,2191,14
20240709,20,2198,1
20240709,20,2199,4
20240709,20,3310,2
20240709,20,3311,4
20240709,20,3802,8
20240709,21,2111,5
20240709,21,2112,2
20240709,21,2116,4
20240709,21,2122,3
20240709,21,2128,1
20240709,21,2129,1
20240709,21,2130,8
20240709,21,2139,12
20240709,21,2143,21
20240709,21,2148,10
20240709,21,2159,2
20240709,21,2171,0
20240709,21,2172,28
20240709,21,2178,5
20240709,21,2179,6
20240709,21,2185,0
20240709,21,2186,1
20240709,21,2191,15
20240709,21,2198,4
20240709,21,2199,7
20240709,21,3310,2
20240709,21,3311,4
20240709,21,3802,10
20240709,22,2111,5
20240709,22,2112,2
20240709,22,2116,4
20240709,22,2122,6
20240709,22,2128,2
20240709,22,2129,1
20240709,22,2130,8
20240709,22,2139,14
20240709,22,2143,21
20240709,22,2148,10
20240709,22,2159,3
20240709,22,2171,1
20240709,22,2172,30
20240709,22,2178,5
20240709,22,2179,8
20240709,22,2185,0
20240709,22,2186,1
20240709,22,2191,15
20240709,22,2198,4
20240709,22,2199,7
20240709,22,3310,2
20240709,22,3311,4
20240709,22,3802,10
20240709,23,2111,5
20240709,23,2112,2
20240709,23,2116,3
20240709,23,2122,6
20240709,23,2128,2
20240709,23,2129,1
20240709,23,2130,8
20240709,23,2139,14
20240709,23,2143,20
20240709,23,2148,11
20240709,23,2159,3
20240709,23,2171,2
20240709,23,2172,30
20240709,23,2178,4
20240709,23,2179,8
20240709,23,2185,0
20240709,23,2186,2
20240709,23,2191,16
20240709,23,2198,4
20240709,23,2199,7
20240709,23,3310,2
20240709,23,3311,3
20240709,23,3802,11
20240710,0,2111,5
20240710,0,2112,2
20240710,0,2116,3
20240710,0,2122,6
20240710,0,2128,2
20240710,0,2129,1
20240710,0,2130,8
20240710,0,2139,14
20240710,0,2143,22
20240710,0,2148,11
20240710,0,2159,3
20240710,0,2171,2
20240710,0,2172,30
20240710,0,2178,4
20240710,0,2179,8
20240710,0,2185,0
20240710,0,2186,2
20240710,0,2191,16
20240710,0,2198,4
20240710,0,2199,7
20240710,0,3310,3
20240710,0,3311,3
20240710,0,3802,11
20240710,1,2111,4
20240710,1,2112,1
20240710,1,2116,4
20240710,1,2122,6
20240710,1,2128,2
20240710,1,2129,1
20240710,1,2130,8
20240710,1,2139,14
20240710,1,2143,22
20240710,1,2148,11
20240710,1,2159,3
20240710,1,2171,1
20240710,1,2172,30
20240710,1,2178,4
20240710,1,2179,7
20240710,1,2185,0
20240710,1,2186,2
20240710,1,2191,17
20240710,1,2198,4
20240710,1,2199,7
20240710,1,3310,3
20240710,1,3311,3
20240710,1,3802,11
20240710,2,2111,4
20240710,2,2112,1
20240710,2,2116,4
20240710,2,2122,5
20240710,2,2128,2
20240710,2,2129,1
20240710,2,2130,8
20240710,2,2139,14
20240710,2,2143,22
20240710,2,2148,11
20240710,2,2159,3
20240710,2,2171,1
20240710,2,2172,30
20240710,2,2178,4
20240710,2,2179,8
20240710,2,2185,0
20240710,2,2186,2
20240710,2,2191,17
20240710,2,2198,4
20240710,2,2199,7
20240710,2,3310,3
20240710,2,3311,3
20240710,2,3802,11
20240710,3,2111,4
20240710,3,2112,1
20240710,3,2116,4
20240710,3,2122,5
20240710,3,2128,3
20240710,3,2129,1
20240710,3,2130,8
20240710,3,2139,15
20240710,3,2143,22
20240710,3,2148,11
20240710,3,2159,3
20240710,3,2171,1
20240710,3,2172,30
20240710,3,2178,4
20240710,3,2179,8
20240710,3,2185,0
20240710,3,2186,2
20240710,3,2191,17
20240710,3,2198,4
20240710,3,2199,8
20240710,3,3310,3
20240710,3,3311,3
20240710,3,3802,11
20240710,4,2111,4
20240710,4,2112,1
20240710,4,2116,4
20240710,4,2122,5
20240710,4,2128,3
20240710,4,2129,0
20240710,4,2130,8
20240710,4,2139,15
20240710,4,2143,22
20240710,4,2148,11
20240710,4,2159,3
20240710,4,2171,1
20240710,4,2172,30
20240710,4,2178,4
20240710,4,2179,8
20240710,4,2185,0
20240710,4,2186,1
20240710,4,2191,17
20240710,4,2198,4
20240710,4,2199,7
20240710,4,3310,3
20240710,4,3311,3
20240710,4,3802,11
20240710,5,2111,3
20240710,5,2112,1
20240710,5,2116,4
20240710,5,2122,4
20240710,5,2128,3
20240710,5,2129,0
20240710,5,2130,8
20240710,5,2139,15
20240710,5,2143,22
20240710,5,2148,11
20240710,5,2159,3
20240710,5,2171,0
20240710,5,2172,30
20240710,5,2178,4
20240710,5,2179,8
20240710,5,2185,0
20240710,5,2186,1
20240710,5,2191,17
20240710,5,2198,3
20240710,5,2199,7
20240710,5,3310,2
20240710,5,3311,3
20240710,5,3802,11
20240710,6,2111,5
20240710,6,2112,1
20240710,6,2116,4
20240710,6,2122,3
20240710,6,2128,3
20240710,6,2129,1
20240710,6,2130,8
20240710,6,2139,15
20240710,6,2143,22
20240710,6,2148,10
20240710,6,2159,3
20240710,6,2171,0
20240710,6,2172,30
20240710,6,2178,4
20240710,6,2179,8
20240710,6,2185,0
20240710,6,2186,1
20240710,6,2191,17
20240710,6,2198,3
20240710,6,2199,8
20240710,6,3310,1
20240710,6,3311,2
20240710,6,3802,14
20240710,7,2111,5
20240710,7,2112,3
20240710,7,2116,4
20240710,7,2122,3
20240710,7,2128,3
20240710,7,2129,1
20240710,7,2130,8
20240710,7,2139,12
20240710,7,2143,22
20240710,7,2148,10
20240710,7,2159,2
20240710,7,2171,4
20240710,7,2172,30
20240710,7,2178,4
20240710,7,2179,7
20240710,7,2185,0
20240710,7,2186,1
20240710,7,2191,17
20240710,7,2198,3
20240710,7,2199,7
20240710,7,3310,0
20240710,7,3311,6
20240710,7,3802,14
20240710,8,2111,6
20240710,8,2112,5
20240710,8,2116,3
20240710,8,2122,3
20240710,8,2128,2
20240710,8,2129,1
20240710,8,2130,8
20240710,8,2139,8
20240710,8,2143,22
20240710,8,2148,10
20240710,8,2159,2
20240710,8,2171,5
20240710,8,2172,30
20240710,8,2178,4
20240710,8,2179,8
20240710,8,2185,0
20240710,8,2186,1
20240710,8,2191,14
20240710,8,2198,3
20240710,8,2199,7
20240710,8,3310,0
20240710,8,3311,9
20240710,8,3802,11
20240710,9,2111,7
20240710,9,2112,8
20240710,9,2116,3
20240710,9,2122,3
20240710,9,2128,1
20240710,9,2129,1
20240710,9,2130,8
20240710,9,2139,8
20240710,9,2143,2
20240710,9,2148,11
20240710,9,2159,2
20240710,9,2171,6
20240710,9,2172,28
20240710,9,2178,5
20240710,9,2179,9
20240710,9,2185,0
20240710,9,2186,0
20240710,9,2191,13
20240710,9,2198,2
20240710,9,2199,6
20240710,9,3310,0
20240710,9,3311,15
20240710,9,3802,11
20240710,10,2111,9
20240710,10,2112,7
20240710,10,2116,4
20240710,10,2122,4
20240710,10,2128,1
20240710,10,2129,1
20240710,10,2130,8
20240710,10,2139,10
20240710,10,2143,2
20240710,10,2148,12
20240710,10,2159,4
20240710,10,2171,7
20240710,10,2172,28
20240710,10,2178,24
20240710,10,2179,5
20240710,10,2185,0
20240710,10,2186,0
20240710,10,2191,9
20240710,10,2198,2
20240710,10,2199,7
20240710,10,3310,17
20240710,10,3311,16
20240710,10,3802,7
20240710,11,2111,12
20240710,11,2112,9
20240710,11,2116,6
20240710,11,2122,4
20240710,11,2128,1
20240710,11,2129,1
20240710,11,2130,8
20240710,11,2139,8
20240710,11,2143,2
20240710,11,2148,13
20240710,11,2159,4
20240710,11,2171,10
20240710,11,2172,27
20240710,11,2178,26
20240710,11,2179,8
20240710,11,2185,0
20240710,11,2186,0
20240710,11,2191,9
20240710,11,2198,1
20240710,11,2199,7
20240710,11,3310,18
20240710,11,3311,18
20240710,11,3802,7
20240710,12,2111,9
20240710,12,2112,9
20240710,12,2116,7
20240710,12,2122,3
20240710,12,2128,1
20240710,12,2129,2
20240710,12,2130,8
20240710,12,2139,10
20240710,12,2143,2
20240710,12,2148,14
20240710,12,2159,4
20240710,12,2171,11
20240710,12,2172,25
20240710,12,2178,26
20240710,12,2179,8
20240710,12,2185,0
20240710,12,2186,0
20240710,12,2191,8
20240710,12,2198,1
20240710,12,2199,6
20240710,12,3310,18
20240710,12,3311,19
20240710,12,3802,7
20240710,13,2111,6
20240710,13,2112,8
20240710,13,2116,8
20240710,13,2122,4
20240710,13,2128,1
20240710,13,2129,2
20240710,13,2130,8
20240710,13,2139,9
20240710,13,2143,2
20240710,13,2148,14
20240710,13,2159,4
20240710,13,2171,10
20240710,13,2172,25
20240710,13,2178,25
20240710,13,2179,9
20240710,13,2185,0
20240710,13,2186,0
20240710,13,2191,8
20240710,13,2198,1
20240710,13,2199,6
20240710,13,3310,17
20240710,13,3311,17
20240710,13,3802,7
20240710,14,2111,8
20240710,14,2112,7
20240710,14,2116,8
20240710,14,2122,3
20240710,14,2128,1
20240710,14,2129,2
20240710,14,2130,8
20240710,14,2139,9
20240710,14,2143,2
20240710,14,2148,10
20240710,14,2159,4
20240710,14,2171,9
20240710,14,2172,25
20240710,14,2178,23
20240710,14,2179,11
20240710,14,2185,0
20240710,14,2186,0
20240710,14,2191,9
20240710,14,2198,1
20240710,14,2199,5
20240710,14,3310,17
20240710,14,3311,19
20240710,14,3802,7
20240710,15,2111,8
20240710,15,2112,8
20240710,15,2116,8
20240710,15,2122,3
20240710,15,2128,0
20240710,15,2129,1
20240710,15,2130,8
20240710,15,2139,10
20240710,15,2143,3
20240710,15,2148,9
20240710,15,2159,4
20240710,15,2171,10
20240710,15,2172,24
20240710,15,2178,21
20240710,15,2179,13
20240710,15,2185,0
20240710,15,2186,1
20240710,15,2191,9
20240710,15,2198,1
20240710,15,2199,6
20240710,15,3310,16
20240710,15,3311,21
20240710,15,3802,7
20240710,16,2111,6
20240710,16,2112,8
20240710,16,2116,6
20240710,16,2122,3
20240710,16,2128,0
20240710,16,2129,1
20240710,16,2130,8
20240710,16,2139,10
20240710,16,2143,3
20240710,16,2148,8
20240710,16,2159,3
20240710,16,2171,9
20240710,16,2172,22
20240710,16,2178,21
20240710,16,2179,9
20240710,16,2185,0
20240710,16,2186,0
20240710,16,2191,7
20240710,16,2198,2
20240710,16,2199,5
20240710,16,3310,16
20240710,16,3311,21
20240710,16,3802,7
20240710,17,2111,7
20240710,17,2112,13
20240710,17,2116,7
20240710,17,2122,3
20240710,17,2128,0
20240710,17,2129,1
20240710,17,2130,8
20240710,17,2139,9
20240710,17,2143,2
20240710,17,2148,7
20240710,17,2159,3
20240710,17,2171,9
20240710,17,2172,21
20240710,17,2178,21
20240710,17,2179,9
20240710,17,2185,0
20240710,17,2186,2
20240710,17,2191,8
20240710,17,2198,3
20240710,17,2199,5
20240710,17,3310,16
20240710,17,3311,22
20240710,17,3802,7
20240710,18,2111,7
20240710,18,2112,12
20240710,18,2116,6
20240710,18,2122,3
20240710,18,2128,0
20240710,18,2129,1
20240710,18,2130,8
20240710,18,2139,8
20240710,18,2143,2
20240710,18,2148,7
20240710,18,2159,2
20240710,18,2171,4
20240710,18,2172,25
20240710,18,2178,16
20240710,18,2179,7
20240710,18,2185,0
20240710,18,2186,1
20240710,18,2191,8
20240710,18,2198,3
20240710,18,2199,6
20240710,18,3310,14
20240710,18,3311,23
20240710,18,3802,7
20240710,19,2111,6
20240710,19,2112,11
20240710,19,2116,7
20240710,19,2122,2
20240710,19,2128,0
20240710,19,2129,1
20240710,19,2130,7
20240710,19,2139,8
20240710,19,2143,4
20240710,19,2148,4
20240710,19,2159,2
20240710,19,2171,3
20240710,19,2172,24
20240710,19,2178,15
20240710,19,2179,8
20240710,19,2185,0
20240710,19,2186,1
20240710,19,2191,8
20240710,19,2198,2
20240710,19,2199,6
20240710,19,3310,13
20240710,19,3311,20
20240710,19,3802,11
20240710,20,2111,6
20240710,20,2112,9
20240710,20,2116,7
20240710,20,2122,2
20240710,20,2128,0
20240710,20,2129,1
20240710,20,2130,8
20240710,20,2139,8
20240710,20,2143,4
20240710,20,2148,2
20240710,20,2159,2
20240710,20,2171,4
20240710,20,2172,22
20240710,20,2178,13
20240710,20,2179,7
20240710,20,2185,0
20240710,20,2186,0
20240710,20,2191,7
20240710,20,2198,5
20240710,20,2199,4
20240710,20,3310,12
20240710,20,3311,21
20240710,20,3802,7
20240710,21,2111,6
20240710,21,2112,9
20240710,21,2116,3
20240710,21,2122,2
20240710,21,2128,0
20240710,21,2129,1
20240710,21,2130,7
20240710,21,2139,8
20240710,21,2143,4
20240710,21,2148,2
20240710,21,2159,1
20240710,21,2171,4
20240710,21,2172,21
20240710,21,2178,12
20240710,21,2179,5
20240710,21,2185,0
20240710,21,2186,0
20240710,21,2191,9
20240710,21,2198,6
20240710,21,2199,3
20240710,21,3310,12
20240710,21,3311,18
20240710,21,3802,8
20240710,22,2111,6
20240710,22,2112,10
20240710,22,2116,3
20240710,22,2122,2
20240710,22,2128,0
20240710,22,2129,1
20240710,22,2130,7
20240710,22,2139,8
20240710,22,2143,4
20240710,22,2148,2
20240710,22,2159,1
20240710,22,2171,6
20240710,22,2172,21
20240710,22,2178,11
20240710,22,2179,7
20240710,22,2185,0
20240710,22,2186,0
20240710,22,2191,7
20240710,22,2198,4
20240710,22,2199,3
20240710,22,3310,12
20240710,22,3311,17
20240710,22,3802,7
20240710,23,2111,8
20240710,23,2112,10
20240710,23,2116,4
20240710,23,2122,3
20240710,23,2128,0
20240710,23,2129,1
20240710,23,2130,7
20240710,23,2139,12
20240710,23,2143,4
20240710,23,2148,2
20240710,23,2159,1
20240710,23,2171,5
20240710,23,2172,22
20240710,23,2178,11
20240710,23,2179,7
20240710,23,2185,0
20240710,23,2186,2
20240710,23,2191,7
20240710,23,2198,3
20240710,23,2199,3
20240710,23,3310,12
20240710,23,3311,14
20240710,23,3802,7
20240711,0,2111,8
20240711,0,2112,9
20240711,0,2116,3
20240711,0,2122,5
20240711,0,2128,0
20240711,0,2129,1
20240711,0,2130,7
20240711,0,2139,11
20240711,0,2143,4
20240711,0,2148,2
20240711,0,2159,1
20240711,0,2171,4
20240711,0,2172,21
20240711,0,2178,8
20240711,0,2179,6
20240711,0,2185,0
20240711,0,2186,2
20240711,0,2191,8
20240711,0,2198,3
20240711,0,2199,3
20240711,0,3310,12
20240711,0,3311,13
20240711,0,3802,6
20240711,1,2111,3
20240711,1,2112,9
20240711,1,2116,3
20240711,1,2122,4
20240711,1,2128,0
20240711,1,2129,1
20240711,1,2130,7
20240711,1,2139,13
20240711,1,2143,5
20240711,1,2148,2
20240711,1,2159,1
20240711,1,2171,3
20240711,1,2172,21
20240711,1,2178,8
20240711,1,2179,6
20240711,1,2185,0
20240711,1,2186,4
20240711,1,2191,10
20240711,1,2198,5
20240711,1,2199,3
20240711,1,3310,12
20240711,1,3311,10
20240711,1,3802,6
20240711,2,2111,3
20240711,2,2112,10
20240711,2,2116,2
20240711,2,2122,4
20240711,2,2128,1
20240711,2,2129,1
20240711,2,2130,7
20240711,2,2139,14
20240711,2,2143,6
20240711,2,2148,2
20240711,2,2159,0
20240711,2,2171,3
20240711,2,2172,21
20240711,2,2178,8
20240711,2,2179,5
20240711,2,2185,0
20240711,2,2186,4
20240711,2,2191,15
20240711,2,2198,3
20240711,2,2199,3
20240711,2,3310,12
20240711,2,3311,8
20240711,2,3802,6
20240711,3,2111,3
20240711,3,2112,9
20240711,3,2116,2
20240711,3,2122,4
20240711,3,2128,1
20240711,3,2129,1
20240711,3,2130,7
20240711,3,2139,14
20240711,3,2143,5
20240711,3,2148,2
20240711,3,2159,0
20240711,3,2171,5
20240711,3,2172,21
20240711,3,2178,7
20240711,3,2179,7
20240711,3,2185,0
20240711,3,2186,4
20240711,3,2191,16
20240711,3,2198,3
20240711,3,2199,2
20240711,3,3310,11
20240711,3,3311,6
20240711,3,3802,6
20240711,4,2111,4
20240711,4,2112,14
20240711,4,2116,2
20240711,4,2122,5
20240711,4,2128,1
20240711,4,2129,1
20240711,4,2130,7
20240711,4,2139,14
20240711,4,2143,6
20240711,4,2148,2
20240711,4,2159,0
20240711,4,2171,5
20240711,4,2172,21
20240711,4,2178,7
20240711,4,2179,7
20240711,4,2185,0
20240711,4,2186,3
20240711,4,2191,19
20240711,4,2198,3
20240711,4,2199,2
20240711,4,3310,11
20240711,4,3311,6
20240711,4,3802,6
20240711,5,2111,3
20240711,5,2112,14
20240711,5,2116,2
20240711,5,2122,3
20240711,5,2128,1
20240711,5,2129,1
20240711,5,2130,7
20240711,5,2139,15
20240711,5,2143,6
20240711,5,2148,0
20240711,5,2159,0
20240711,5,2171,4
20240711,5,2172,21
20240711,5,2178,7
20240711,5,2179,10
20240711,5,2185,0
20240711,5,2186,2
20240711,5,2191,19
20240711,5,2198,3
20240711,5,2199,3
20240711,5,3310,10
20240711,5,3311,6
20240711,5,3802,6
20240711,6,2111,4
20240711,6,2112,14
20240711,6,2116,3
20240711,6,2122,0
20240711,6,2128,0
20240711,6,2129,2
20240711,6,2130,7
20240711,6,2139,14
20240711,6,2143,6
20240711,6,2148,0
20240711,6,2159,0
20240711,6,2171,1
20240711,6,2172,21
20240711,6,2178,7
20240711,6,2179,10
20240711,6,2185,0
20240711,6,2186,1
20240711,6,2191,19
20240711,6,2198,3
20240711,6,2199,3
20240711,6,3310,10
20240711,6,3311,7
20240711,6,3802,17
20240711,7,2111,4
20240711,7,2112,14
20240711,7,2116,3
20240711,7,2122,0
20240711,7,2128,0
20240711,7,2129,2
20240711,7,2130,7
20240711,7,2139,13
20240711,7,2143,6
20240711,7,2148,2
20240711,7,2159,0
20240711,7,2171,5
20240711,7,2172,21
20240711,7,2178,7
20240711,7,2179,8
20240711,7,2185,0
20240711,7,2186,0
20240711,7,2191,18
20240711,7,2198,3
20240711,7,2199,3
20240711,7,3310,5
20240711,7,3311,9
20240711,7,3802,17
20240711,8,2111,5
20240711,8,2112,14
20240711,8,2116,3
20240711,8,2122,1
20240711,8,2128,1
20240711,8,2129,2
20240711,8,2130,7
20240711,8,2139,6
20240711,8,2143,5
20240711,8,2148,2
20240711,8,2159,0
20240711,8,2171,9
20240711,8,2172,20
20240711,8,2178,7
20240711,8,2179,9
20240711,8,2185,0
20240711,8,2186,0
20240711,8,2191,19
20240711,8,2198,2
20240711,8,2199,3
20240711,8,3310,1
20240711,8,3311,11
20240711,8,3802,16
20240711,9,2111,5
20240711,9,2112,13
20240711,9,2116,3
20240711,9,2122,2
20240711,9,2128,2
20240711,9,2129,4
20240711,9,2130,7
20240711,9,2139,4
20240711,9,2143,5
20240711,9,2148,1
20240711,9,2159,1
20240711,9,2171,14
20240711,9,2172,20
20240711,9,2178,8
20240711,9,2179,11
20240711,9,2185,0
20240711,9,2186,0
20240711,9,2191,18
20240711,9,2198,1
20240711,9,2199,3
20240711,9,3310,0
20240711,9,3311,18
20240711,9,3802,13
20240711,10,2111,7
20240711,10,2112,12
20240711,10,2116,4
20240711,10,2122,1
20240711,10,2128,2
20240711,10,2129,3
20240711,10,2130,7
20240711,10,2139,5
20240711,10,2143,5
20240711,10,2148,1
20240711,10,2159,1
20240711,10,2171,13
20240711,10,2172,19
20240711,10,2178,8
20240711,10,2179,12
20240711,10,2185,0
20240711,10,2186,0
20240711,10,2191,11
20240711,10,2198,0
20240711,10,2199,2
20240711,10,3310,0
20240711,10,3311,19
20240711,10,3802,12
20240711,11,2111,8
20240711,11,2112,13
20240711,11,2116,6
20240711,11,2122,2
20240711,11,2128,3
20240711,11,2129,12
20240711,11,2130,7
20240711,11,2139,7
20240711,11,2143,5
20240711,11,2148,1
20240711,11,2159,7
20240711,11,2171,14
20240711,11,2172,20
20240711,11,2178,29
20240711,11,2179,11
20240711,11,2185,0
20240711,11,2186,0
20240711,11,2191,11
20240711,11,2198,0
20240711,11,2199,3
20240711,11,3310,0
20240711,11,3311,22
20240711,11,3802,13
20240711,12,2111,8
20240711,12,2112,12
20240711,12,2116,6
20240711,12,2122,0
20240711,12,2128,2
20240711,12,2129,11
20240711,12,2130,7
20240711,12,2139,6
20240711,12,2143,4
20240711,12,2148,0
20240711,12,2159,7
20240711,12,2171,12
20240711,12,2172,19
20240711,12,2178,28
20240711,12,2179,9
20240711,12,2185,0
20240711,12,2186,0
20240711,12,2191,9
20240711,12,2198,0
20240711,12,2199,3
20240711,12,3310,0
20240711,12,3311,22
20240711,12,3802,14
20240711,13,2111,6
20240711,13,2112,14
20240711,13,2116,9
20240711,13,2122,0
20240711,13,2128,2
20240711,13,2129,8
20240711,13,2130,6
20240711,13,2139,6
20240711,13,2143,5
20240711,13,2148,0
20240711,13,2159,7
20240711,13,2171,12
20240711,13,2172,15
20240711,13,2178,28
20240711,13,2179,10
20240711,13,2185,0
20240711,13,2186,0
20240711,13,2191,9
20240711,13,2198,1
20240711,13,2199,2
20240711,13,3310,0
20240711,13,3311,19
20240711,13,3802,15
20240711,14,2111,7
20240711,14,2112,10
20240711,14,2116,10
20240711,14,2122,1
20240711,14,2128,3
20240711,14,2129,8
20240711,14,2130,7
20240711,14,2139,5
20240711,14,2143,7
20240711,14,2148,0
20240711,14,2159,7
20240711,14,2171,11
20240711,14,2172,16
20240711,14,2178,28
20240711,14,2179,10
20240711,14,2185,0
20240711,14,2186,0
20240711,14,2191,9
20240711,14,2198,0
20240711,14,2199,2
20240711,14,3310,0
20240711,14,3311,20
20240711,14,3802,15
20240711,15,2111,6
20240711,15,2112,10
20240711,15,2116,10
20240711,15,2122,0
20240711,15,2128,4
20240711,15,2129,8
20240711,15,2130,7
20240711,15,2139,5
20240711,15,2143,5
20240711,15,2148,1
20240711,15,2159,5
20240711,15,2171,9
20240711,15,2172,17
20240711,15,2178,28
20240711,15,2179,13
20240711,15,2185,0
20240711,15,2186,1
20240711,15,2191,9
20240711,15,2198,2
20240711,15,2199,2
20240711,15,3310,14
20240711,15,3311,19
20240711,15,3802,15
20240711,16,2111,5
20240711,16,2112,12
20240711,16,2116,9
20240711,16,2122,0
20240711,16,2128,0
20240711,16,2129,7
20240711,16,2130,7
20240711,16,2139,6
20240711,16,2143,5
20240711,16,2148,1
20240711,16,2159,5
20240711,16,2171,11
20240711,16,2172,15
20240711,16,2178,28
20240711,16,2179,14
20240711,16,2185,0
20240711,16,2186,0
20240711,16,2191,9
20240711,16,2198,2
20240711,16,2199,2
20240711,16,3310,11
20240711,16,3311,14
20240711,16,3802,14
20240711,17,2111,3
20240711,17,2112,12
20240711,17,2116,9
20240711,17,2122,0
20240711,17,2128,0
20240711,17,2129,4
20240711,17,2130,7
20240711,17,2139,4
20240711,17,2143,4
20240711,17,2148,0
20240711,17,2159,7
20240711,17,2171,12
20240711,17,2172,15
20240711,17,2178,24
20240711,17,2179,18
20240711,17,2185,0
20240711,17,2186,0
20240711,17,2191,8
20240711,17,2198,1
20240711,17,2199,2
20240711,17,3310,11
20240711,17,3311,12
20240711,17,3802,15
20240711,18,2111,4
20240711,18,2112,11
20240711,18,2116,8
20240711,18,2122,0
20240711,18,2128,0
20240711,18,2129,2
20240711,18,2130,6
20240711,18,2139,4
20240711,18,2143,3
20240711,18,2148,2
20240711,18,2159,7
20240711,18,2171,5
20240711,18,2172,14
20240711,18,2178,19
20240711,18,2179,17
20240711,18,2185,0
20240711,18,2186,0
20240711,18,2191,10
20240711,18,2198,2
20240711,18,2199,1
20240711,18,3310,7
20240711,18,3311,7
20240711,18,3802,14
20240711,19,2111,5
20240711,19,2112,10
20240711,19,2116,7
20240711,19,2122,1
20240711,19,2128,0
20240711,19,2129,1
20240711,19,2130,6
20240711,19,2139,3
20240711,19,2143,5
20240711,19,2148,4
20240711,19,2159,6
20240711,19,2171,5
20240711,19,2172,13
20240711,19,2178,18
20240711,19,2179,15
20240711,19,2185,0
20240711,19,2186,3
20240711,19,2191,12
20240711,19,2198,0
20240711,19,2199,1
20240711,19,3310,7
20240711,19,3311,7
20240711,19,3802,17
20240711,20,2111,6
20240711,20,2112,10
20240711,20,2116,6
20240711,20,2122,1
20240711,20,2128,1
20240711,20,2129,1
20240711,20,2130,7
20240711,20,2139,3
20240711,20,2143,6
20240711,20,2148,3
20240711,20,2159,6
20240711,20,2171,4
20240711,20,2172,11
20240711,20,2178,18
20240711,20,2179,10
20240711,20,2185,0
20240711,20,2186,16
20240711,20,2191,11
20240711,20,2198,1
20240711,20,2199,1
20240711,20,3310,6
20240711,20,3311,9
20240711,20,3802,14
20240711,21,2111,7
20240711,21,2112,8
20240711,21,2116,4
20240711,21,2122,1
20240711,21,2128,0
20240711,21,2129,0
20240711,21,2130,6
20240711,21,2139,6
20240711,21,2143,6
20240711,21,2148,0
20240711,21,2159,6
20240711,21,2171,7
20240711,21,2172,8
20240711,21,2178,18
20240711,21,2179,9
20240711,21,2185,0
20240711,21,2186,15
20240711,21,2191,9
20240711,21,2198,1
20240711,21,2199,1
20240711,21,3310,6
20240711,21,3311,10
20240711,21,3802,10
20240711,22,2111,8
20240711,22,2112,8
20240711,22,2116,4
20240711,22,2122,2
20240711,22,2128,0
20240711,22,2129,0
20240711,22,2130,6
20240711,22,2139,7
20240711,22,2143,7
20240711,22,2148,0
20240711,22,2159,7
20240711,22,2171,5
20240711,22,2172,8
20240711,22,2178,18
20240711,22,2179,10
20240711,22,2185,0
20240711,22,2186,14
20240711,22,2191,4
20240711,22,2198,3
20240711,22,2199,1
20240711,22,3310,5
20240711,22,3311,8
20240711,22,3802,8
20240711,23,2111,14
20240711,23,2112,5
20240711,23,2116,4
20240711,23,2122,3
20240711,23,2128,0
20240711,23,2129,0
20240711,23,2130,6
20240711,23,2139,8
20240711,23,2143,6
20240711,23,2148,1
20240711,23,2159,8
20240711,23,2171,5
20240711,23,2172,10
20240711,23,2178,18
20240711,23,2179,16
20240711,23,2185,0
20240711,23,2186,13
20240711,23,2191,4
20240711,23,2198,4
20240711,23,2199,1
20240711,23,3310,4
20240711,23,3311,6
20240711,23,3802,9
20240712,0,2111,8
20240712,0,2112,5
20240712,0,2116,6
20240712,0,2122,3
20240712,0,2128,0
20240712,0,2129,0
20240712,0,2130,6
20240712,0,2139,9
20240712,0,2143,5
20240712,0,2148,0
20240712,0,2159,8
20240712,0,2171,7
20240712,0,2172,10
20240712,0,2178,18
20240712,0,2179,14
20240712,0,2185,0
20240712,0,2186,12
20240712,0,2191,4
20240712,0,2198,4
20240712,0,2199,1
20240712,0,3310,4
20240712,0,3311,6
20240712,0,3802,9
20240712,1,2111,6
20240712,1,2112,5
20240712,1,2116,7
20240712,1,2122,3
20240712,1,2128,0
20240712,1,2129,0
20240712,1,2130,6
20240712,1,2139,12
20240712,1,2143,4
20240712,1,2148,0
20240712,1,2159,8
20240712,1,2171,9
20240712,1,2172,10
20240712,1,2178,17
20240712,1,2179,15
20240712,1,2185,0
20240712,1,2186,13
20240712,1,2191,6
20240712,1,2198,4
20240712,1,2199,1
20240712,1,3310,4
20240712,1,3311,7
20240712,1,3802,9
20240712,2,2111,6
20240712,2,2112,5
20240712,2,2116,7
20240712,2,2122,4
20240712,2,2128,0
20240712,2,2129,0
20240712,2,2130,6
20240712,2,2139,13
20240712,2,2143,3
20240712,2,2148,0
20240712,2,2159,7
20240712,2,2171,11
20240712,2,2172,10
20240712,2,2178,17
20240712,2,2179,16
20240712,2,2185,0
20240712,2,2186,14
20240712,2,2191,6
20240712,2,2198,2
20240712,2,2199,1
20240712,2,3310,4
20240712,2,3311,7
20240712,2,3802,9
20240712,3,2111,6
20240712,3,2112,5
20240712,3,2116,6
20240712,3,2122,4
20240712,3,2128,0
20240712,3,2129,2
20240712,3,2130,6
20240712,3,2139,11
20240712,3,2143,4
20240712,3,2148,0
20240712,3,2159,7
20240712,3,2171,9
20240712,3,2172,10
20240712,3,2178,17
20240712,3,2179,15
20240712,3,2185,0
20240712,3,2186,14
20240712,3,2191,7
20240712,3,2198,2
20240712,3,2199,1
20240712,3,3310,4
20240712,3,3311,7
20240712,3,3802,9
20240712,4,2111,6
20240712,4,2112,6
20240712,4,2116,5
20240712,4,2122,4
20240712,4,2128,0
20240712,4,2129,2
20240712,4,2130,6
20240712,4,2139,12
20240712,4,2143,5
20240712,4,2148,1
20240712,4,2159,7
20240712,4,2171,6
20240712,4,2172,10
20240712,4,2178,17
20240712,4,2179,15
20240712,4,2185,0
20240712,4,2186,14
20240712,4,2191,9
20240712,4,2198,2
20240712,4,2199,1
20240712,4,3310,4
20240712,4,3311,6
20240712,4,3802,9
20240712,5,2111,5
20240712,5,2112,6
20240712,5,2116,5
20240712,5,2122,4
20240712,5,2128,0
20240712,5,2129,2
20240712,5,2130,6
20240712,5,2139,13
20240712,5,2143,6
20240712,5,2148,1
20240712,5,2159,7
20240712,5,2171,9
20240712,5,2172,10
20240712,5,2178,17
20240712,5,2179,16
20240712,5,2185,0
20240712,5,2186,14
20240712,5,2191,9
20240712,5,2198,1
20240712,5,2199,1
20240712,5,3310,4
20240712,5,3311,5
20240712,5,3802,9
20240712,6,2111,6
20240712,6,2112,6
20240712,6,2116,6
20240712,6,2122,2
20240712,6,2128,0
20240712,6,2129,2
20240712,6,2130,6
20240712,6,2139,13
20240712,6,2143,6
20240712,6,2148,1
20240712,6,2159,7
20240712,6,2171,9
20240712,6,2172,10
20240712,6,2178,17
20240712,6,2179,16
20240712,6,2185,0
20240712,6,2186,13
20240712,6,2191,10
20240712,6,2198,2
20240712,6,2199,1
20240712,6,3310,4
20240712,6,3311,4
20240712,6,3802,12
20240712,7,2111,7
20240712,7,2112,6
20240712,7,2116,7
20240712,7,2122,2
20240712,7,2128,0
20240712,7,2129,2
20240712,7,2130,6
20240712,7,2139,9
20240712,7,2143,6
20240712,7,2148,1
20240712,7,2159,7
20240712,7,2171,9
20240712,7,2172,10
20240712,7,2178,17
20240712,7,2179,16
20240712,7,2185,0
20240712,7,2186,10
20240712,7,2191,9
20240712,7,2198,1
20240712,7,2199,1
20240712,7,3310,2
20240712,7,3311,6
20240712,7,3802,15
20240712,8,2111,10
20240712,8,2112,9
20240712,8,2116,6
20240712,8,2122,2
20240712,8,2128,0
20240712,8,2129,0
20240712,8,2130,6
20240712,8,2139,2
20240712,8,2143,7
20240712,8,2148,0
20240712,8,2159,7
20240712,8,2171,8
20240712,8,2172,6
20240712,8,2178,17
20240712,8,2179,17
20240712,8,2185,0
20240712,8,2186,10
20240712,8,2191,9
20240712,8,2198,1
20240712,8,2199,1
20240712,8,3310,0
20240712,8,3311,13
20240712,8,3802,12
20240712,9,2111,10
20240712,9,2112,10
20240712,9,2116,5
20240712,9,2122,2
20240712,9,2128,1
20240712,9,2129,8
20240712,9,2130,5
20240712,9,2139,1
20240712,9,2143,11
20240712,9,2148,2
20240712,9,2159,6
20240712,9,2171,7
20240712,9,2172,6
20240712,9,2178,17
20240712,9,2179,8
20240712,9,2185,0
20240712,9,2186,6
20240712,9,2191,8
20240712,9,2198,0
20240712,9,2199,1
20240712,9,3310,14
20240712,9,3311,17
20240712,9,3802,11
20240712,10,2111,12
20240712,10,2112,10
20240712,10,2116,6
20240712,10,2122,4
20240712,10,2128,1
20240712,10,2129,8
20240712,10,2130,4
20240712,10,2139,1
20240712,10,2143,13
20240712,10,2148,3
20240712,10,2159,5
20240712,10,2171,7
20240712,10,2172,9
20240712,10,2178,16
20240712,10,2179,7
20240712,10,2185,0
20240712,10,2186,3
20240712,10,2191,4
20240712,10,2198,0
20240712,10,2199,1
20240712,10,3310,14
20240712,10,3311,17
20240712,10,3802,10
20240712,11,2111,12
20240712,11,2112,8
20240712,11,2116,6
20240712,11,2122,4
20240712,11,2128,0
20240712,11,2129,6
20240712,11,2130,4
20240712,11,2139,1
20240712,11,2143,14
20240712,11,2148,5
20240712,11,2159,3
20240712,11,2171,7
20240712,11,2172,11
20240712,11,2178,16
20240712,11,2179,6
20240712,11,2185,0
20240712,11,2186,3
20240712,11,2191,4
20240712,11,2198,2
20240712,11,2199,1
20240712,11,3310,14
20240712,11,3311,19
20240712,11,3802,11
20240712,12,2111,14
20240712,12,2112,10
20240712,12,2116,7
20240712,12,2122,3
20240712,12,2128,0
20240712,12,2129,4
20240712,12,2130,4
20240712,12,2139,1
20240712,12,2143,12
20240712,12,2148,4
20240712,12,2159,3
20240712,12,2171,6
20240712,12,2172,11
20240712,12,2178,16
20240712,12,2179,6
20240712,12,2185,0
20240712,12,2186,3
20240712,12,2191,4
20240712,12,2198,0
20240712,12,2199,2
20240712,12,3310,11
20240712,12,3311,21
20240712,12,3802,11
20240712,13,2111,14
20240712,13,2112,10
20240712,13,2116,9
20240712,13,2122,3
20240712,13,2128,0
20240712,13,2129,4
20240712,13,2130,4
20240712,13,2139,1
20240712,13,2143,11
20240712,13,2148,3
20240712,13,2159,3
20240712,13,2171,6
20240712,13,2172,10
20240712,13,2178,16
20240712,13,2179,5
20240712,13,2185,0
20240712,13,2186,2
20240712,13,2191,4
20240712,13,2198,0
20240712,13,2199,1
20240712,13,3310,10
20240712,13,3311,19
20240712,13,3802,12
20240712,14,2111,15
20240712,14,2112,12
20240712,14,2116,10
20240712,14,2122,3
20240712,14,2128,0
20240712,14,2129,5
20240712,14,2130,3
20240712,14,2139,2
20240712,14,2143,11
20240712,14,2148,1
20240712,14,2159,4
20240712,14,2171,5
20240712,14,2172,12
20240712,14,2178,15
20240712,14,2179,5
20240712,14,2185,0
20240712,14,2186,2
20240712,14,2191,3
20240712,14,2198,3
20240712,14,2199,1
20240712,14,3310,10
20240712,14,3311,19
20240712,14,3802,12
20240712,15,2111,15
20240712,15,2112,12
20240712,15,2116,10
20240712,15,2122,2
20240712,15,2128,1
20240712,15,2129,6
20240712,15,2130,3
20240712,15,2139,1
20240712,15,2143,9
20240712,15,2148,2
20240712,15,2159,4
20240712,15,2171,5
20240712,15,2172,13
20240712,15,2178,15
20240712,15,2179,4
20240712,15,2185,0
20240712,15,2186,2
20240712,15,2191,4
20240712,15,2198,1
20240712,15,2199,1
20240712,15,3310,9
20240712,15,3311,22
20240712,15,3802,12
20240712,16,2111,15
20240712,16,2112,12
20240712,16,2116,10
20240712,16,2122,3
20240712,16,2128,3
20240712,16,2129,4
20240712,16,2130,2
20240712,16,2139,0
20240712,16,2143,10
20240712,16,2148,2
20240712,16,2159,4
20240712,16,2171,7
20240712,16,2172,14
20240712,16,2178,15
20240712,16,2179,2
20240712,16,2185,0
20240712,16,2186,3
20240712,16,2191,3
20240712,16,2198,2
20240712,16,2199,1
20240712,16,3310,8
20240712,16,3311,21
20240712,16,3802,12
20240712,17,2111,16
20240712,17,2112,12
20240712,17,2116,8
20240712,17,2122,3
20240712,17,2128,1
20240712,17,2129,0
20240712,17,2130,2
20240712,17,2139,0
20240712,17,2143,6
20240712,17,2148,0
20240712,17,2159,3
20240712,17,2171,5
20240712,17,2172,13
20240712,17,2178,14
20240712,17,2179,1
20240712,17,2185,0
20240712,17,2186,4
20240712,17,2191,3
20240712,17,2198,2
20240712,17,2199,1
20240712,17,3310,7
20240712,17,3311,20
20240712,17,3802,13
20240712,18,2111,16
20240712,18,2112,14
20240712,18,2116,6
20240712,18,2122,6
20240712,18,2128,1
20240712,18,2129,0
20240712,18,2130,1
20240712,18,2139,2
20240712,18,2143,6
20240712,18,2148,1
20240712,18,2159,3
20240712,18,2171,5
20240712,18,2172,11
20240712,18,2178,9
20240712,18,2179,0
20240712,18,2185,0
20240712,18,2186,3
20240712,18,2191,3
20240712,18,2198,1
20240712,18,2199,0
20240712,18,3310,4
20240712,18,3311,16
20240712,18,3802,14
20240712,19,2111,15
20240712,19,2112,14
20240712,19,2116,10
20240712,19,2122,6
20240712,19,2128,1
20240712,19,2129,0
20240712,19,2130,1
20240712,19,2139,4
20240712,19,2143,10
20240712,19,2148,0
20240712,19,2159,3
20240712,19,2171,5
20240712,19,2172,7
20240712,19,2178,7
20240712,19,2179,2
20240712,19,2185,0
20240712,19,2186,3
20240712,19,2191,4
20240712,19,2198,1
20240712,19,2199,0
20240712,19,3310,3
20240712,19,3311,17
20240712,19,3802,15
20240712,20,2111,16
20240712,20,2112,15
20240712,20,2116,9
20240712,20,2122,4
20240712,20,2128,2
20240712,20,2129,0
20240712,20,2130,1
20240712,20,2139,2
20240712,20,2143,10
20240712,20,2148,1
20240712,20,2159,2
20240712,20,2171,3
20240712,20,2172,6
20240712,20,2178,7
20240712,20,2179,2
20240712,20,2185,0
20240712,20,2186,2
20240712,20,2191,7
20240712,20,2198,2
20240712,20,2199,0
20240712,20,3310,2
20240712,20,3311,13
20240712,20,3802,17
20240712,21,2111,15
20240712,21,2112,15
20240712,21,2116,8
20240712,21,2122,4
20240712,21,2128,1
20240712,21,2129,0
20240712,21,2130,1
20240712,21,2139,1
20240712,21,2143,10
20240712,21,2148,0
20240712,21,2159,2
20240712,21,2171,5
20240712,21,2172,6
20240712,21,2178,6
20240712,21,2179,5
20240712,21,2185,0
20240712,21,2186,2
20240712,21,2191,7
20240712,21,2198,3
20240712,21,2199,0
20240712,21,3310,1
20240712,21,3311,9
20240712,21,3802,18
20240712,22,2111,15
20240712,22,2112,10
20240712,22,2116,7
20240712,22,2122,4
20240712,22,2128,1
20240712,22,2129,0
20240712,22,2130,0
20240712,22,2139,0
20240712,22,2143,12
20240712,22,2148,0
20240712,22,2159,2
20240712,22,2171,4
20240712,22,2172,5
20240712,22,2178,6
20240712,22,2179,7
20240712,22,2185,0
20240712,22,2186,3
20240712,22,2191,8
20240712,22,2198,5
20240712,22,2199,0
20240712,22,3310,1
20240712,22,3311,6
20240712,22,3802,16
20240712,23,2111,13
20240712,23,2112,6
20240712,23,2116,7
20240712,23,2122,1
20240712,23,2128,1
20240712,23,2129,0
20240712,23,2130,0
20240712,23,2139,3
20240712,23,2143,10
20240712,23,2148,0
20240712,23,2159,3
20240712,23,2171,1
20240712,23,2172,2
20240712,23,2178,6
20240712,23,2179,6
20240712,23,2185,0
20240712,23,2186,3
20240712,23,2191,7
20240712,23,2198,10
20240712,23,2199,0
20240712,23,3310,1
20240712,23,3311,6
20240712,23,3802,14
20240713,0,2111,9
20240713,0,2112,5
20240713,0,2116,6
20240713,0,2122,2
20240713,0,2128,1
20240713,0,2129,2
20240713,0,2130,0
20240713,0,2139,4
20240713,0,2143,10
20240713,0,2148,1
20240713,0,2159,4
20240713,0,2171,0
20240713,0,2172,3
20240713,0,2178,8
20240713,0,2179,6
20240713,0,2185,0
20240713,0,2186,3
20240713,0,2191,7
20240713,0,2198,10
20240713,0,2199,0
20240713,0,3310,1
20240713,0,3311,7
20240713,0,3802,15
20240713,1,2111,7
20240713,1,2112,4
20240713,1,2116,6
20240713,1,2122,2
20240713,1,2128,2
20240713,1,2129,1
20240713,1,2130,0
20240713,1,2139,3
20240713,1,2143,9
20240713,1,2148,1
20240713,1,2159,3
20240713,1,2171,0
20240713,1,2172,3
20240713,1,2178,7
20240713,1,2179,6
20240713,1,2185,0
20240713,1,2186,4
20240713,1,2191,9
20240713,1,2198,8
20240713,1,2199,0
20240713,1,3310,0
20240713,1,3311,7
20240713,1,3802,15
20240713,2,2111,7
20240713,2,2112,4
20240713,2,2116,6
20240713,2,2122,4
20240713,2,2128,0
20240713,2,2129,1
20240713,2,2130,0
20240713,2,2139,4
20240713,2,2143,12
20240713,2,2148,1
20240713,2,2159,4
20240713,2,2171,1
20240713,2,2172,3
20240713,2,2178,7
20240713,2,2179,6
20240713,2,2185,0
20240713,2,2186,5
20240713,2,2191,8
20240713,2,2198,8
20240713,2,2199,0
20240713,2,3310,0
20240713,2,3311,4
20240713,2,3802,15
20240713,3,2111,6
20240713,3,2112,5
20240713,3,2116,6
20240713,3,2122,3
20240713,3,2128,0
20240713,3,2129,2
20240713,3,2130,0
20240713,3,2139,4
20240713,3,2143,12
20240713,3,2148,1
20240713,3,2159,4
20240713,3,2171,0
20240713,3,2172,3
20240713,3,2178,7
20240713,3,2179,6
20240713,3,2185,0
20240713,3,2186,3
20240713,3,2191,11
20240713,3,2198,7
20240713,3,2199,0
20240713,3,3310,0
20240713,3,3311,3
20240713,3,3802,15
20240713,4,2111,6
20240713,4,2112,5
20240713,4,2116,6
20240713,4,2122,2
20240713,4,2128,0
20240713,4,2129,3
20240713,4,2130,0
20240713,4,2139,4
20240713,4,2143,13
20240713,4,2148,0
20240713,4,2159,4
20240713,4,2171,0
20240713,4,2172,3
20240713,4,2178,7
20240713,4,2179,5
20240713,4,2185,0
20240713,4,2186,3
20240713,4,2191,12
20240713,4,2198,8
20240713,4,2199,0
20240713,4,3310,0
20240713,4,3311,6
20240713,4,3802,15
20240713,5,2111,7
20240713,5,2112,5
20240713,5,2116,6
20240713,5,2122,1
20240713,5,2128,0
20240713,5,2129,3
20240713,5,2130,0
20240713,5,2139,4
20240713,5,2143,13
20240713,5,2148,1
20240713,5,2159,4
20240713,5,2171,0
20240713,5,2172,3
20240713,5,2178,8
20240713,5,2179,7
20240713,5,2185,0
20240713,5,2186,2
20240713,5,2191,13
20240713,5,2198,7
20240713,5,2199,0
20240713,5,3310,1
20240713,5,3311,6
20240713,5,3802,15
20240713,6,2111,8
20240713,6,2112,5
20240713,6,2116,5
20240713,6,2122,1
20240713,6,2128,0
20240713,6,2129,3
20240713,6,2130,0
20240713,6,2139,4
20240713,6,2143,13
20240713,6,2148,1
20240713,6,2159,3
20240713,6,2171,1
20240713,6,2172,5
20240713,6,2178,7
20240713,6,2179,7
20240713,6,2185,0
20240713,6,2186,2
20240713,6,2191,13
20240713,6,2198,7
20240713,6,2199,0
20240713,6,3310,1
20240713,6,3311,5
20240713,6,3802,19
20240713,7,2111,7
20240713,7,2112,5
20240713,7,2116,5
20240713,7,2122,0
20240713,7,2128,0
20240713,7,2129,3
20240713,7,2130,0
20240713,7,2139,3
20240713,7,2143,13
20240713,7,2148,3
20240713,7,2159,3
20240713,7,2171,2
20240713,7,2172,6
20240713,7,2178,7
20240713,7,2179,7
20240713,7,2185,0
20240713,7,2186,0
20240713,7,2191,12
20240713,7,2198,8
20240713,7,2199,0
20240713,7,3310,1
20240713,7,3311,5
20240713,7,3802,19
20240713,8,2111,9
20240713,8,2112,4
20240713,8,2116,5
20240713,8,2122,2
20240713,8,2128,0
20240713,8,2129,2
20240713,8,2130,0
20240713,8,2139,3
20240713,8,2143,13
20240713,8,2148,5
20240713,8,2159,2
20240713,8,2171,2
20240713,8,2172,8
20240713,8,2178,7
20240713,8,2179,8
20240713,8,2185,0
20240713,8,2186,0
20240713,8,2191,11
20240713,8,2198,7
20240713,8,2199,0
20240713,8,3310,0
20240713,8,3311,5
20240713,8,3802,18
20240713,9,2111,8
20240713,9,2112,4
20240713,9,2116,6
20240713,9,2122,2
20240713,9,2128,0
20240713,9,2129,2
20240713,9,2130,0
20240713,9,2139,1
20240713,9,2143,17
20240713,9,2148,3
20240713,9,2159,2
20240713,9,2171,2
20240713,9,2172,8
20240713,9,2178,8
20240713,9,2179,8
20240713,9,2185,0
20240713,9,2186,0
20240713,9,2191,11
20240713,9,2198,6
20240713,9,2199,0
20240713,9,3310,0
20240713,9,3311,5
20240713,9,3802,19
20240713,10,2111,8
20240713,10,2112,3
20240713,10,2116,9
20240713,10,2122,1
20240713,10,2128,0
20240713,10,2129,2
20240713,10,2130,0
20240713,10,2139,0
20240713,10,2143,15
20240713,10,2148,3
20240713,10,2159,3
20240713,10,2171,1
20240713,10,2172,8
20240713,10,2178,21
20240713,10,2179,9
20240713,10,2185,0
20240713,10,2186,0
20240713,10,2191,10
20240713,10,2198,6
20240713,10,2199,0
20240713,10,3310,0
20240713,10,3311,9
20240713,10,3802,21
20240713,11,2111,7
20240713,11,2112,3
20240713,11,2116,9
20240713,11,2122,1
20240713,11,2128,0
20240713,11,2129,2
20240713,11,2130,0
20240713,11,2139,1
20240713,11,2143,14
20240713,11,2148,3
20240713,11,2159,1
20240713,11,2171,3
20240713,11,2172,7
20240713,11,2178,21
20240713,11,2179,9
20240713,11,2185,0
20240713,11,2186,0
20240713,11,2191,10
20240713,11,2198,6
20240713,11,2199,1
20240713,11,3310,0
20240713,11,3311,10
20240713,11,3802,17
20240713,12,2111,7
20240713,12,2112,3
20240713,12,2116,9
20240713,12,2122,2
20240713,12,2128,0
20240713,12,2129,2
20240713,12,2130,0
20240713,12,2139,1
20240713,12,2143,15
20240713,12,2148,2
20240713,12,2159,1
20240713,12,2171,0
20240713,12,2172,6
20240713,12,2178,19
20240713,12,2179,9
20240713,12,2185,0
20240713,12,2186,1
20240713,12,2191,11
20240713,12,2198,3
20240713,12,2199,1
20240713,12,3310,0
20240713,12,3311,8
20240713,12,3802,17
20240713,13,2111,7
20240713,13,2112,5
20240713,13,2116,9
20240713,13,2122,1
20240713,13,2128,0
20240713,13,2129,1
20240713,13,2130,0
20240713,13,2139,1
20240713,13,2143,15
20240713,13,2148,2
20240713,13,2159,3
20240713,13,2171,4
20240713,13,2172,5
20240713,13,2178,17
20240713,13,2179,9
20240713,13,2185,0
20240713,13,2186,0
20240713,13,2191,11
20240713,13,2198,3
20240713,13,2199,1
20240713,13,3310,0
20240713,13,3311,9
20240713,13,3802,17
20240713,14,2111,6
20240713,14,2112,4
20240713,14,2116,8
20240713,14,2122,2
20240713,14,2128,0
20240713,14,2129,1
20240713,14,2130,0
20240713,14,2139,1
20240713,14,2143,11
20240713,14,2148,4
20240713,14,2159,3
20240713,14,2171,3
20240713,14,2172,1
20240713,14,2178,17
20240713,14,2179,10
20240713,14,2185,0
20240713,14,2186,0
20240713,14,2191,10
20240713,14,2198,2
20240713,14,2199,1
20240713,14,3310,0
20240713,14,3311,9
20240713,14,3802,17
20240713,15,2111,7
20240713,15,2112,3
20240713,15,2116,11
20240713,15,2122,1
20240713,15,2128,0
20240713,15,2129,1
20240713,15,2130,0
20240713,15,2139,1
20240713,15,2143,11
20240713,15,2148,2
20240713,15,2159,1
20240713,15,2171,5
20240713,15,2172,0
20240713,15,2178,14
20240713,15,2179,13
20240713,15,2185,0
20240713,15,2186,0
20240713,15,2191,11
20240713,15,2198,2
20240713,15,2199,1
20240713,15,3310,0
20240713,15,3311,9
20240713,15,3802,16
20240713,16,2111,7
20240713,16,2112,4
20240713,16,2116,11
20240713,16,2122,1
20240713,16,2128,1
20240713,16,2129,0
20240713,16,2130,0
20240713,16,2139,2
20240713,16,2143,11
20240713,16,2148,0
20240713,16,2159,2
20240713,16,2171,5
20240713,16,2172,0
20240713,16,2178,13
20240713,16,2179,9
20240713,16,2185,0
20240713,16,2186,2
20240713,16,2191,10
20240713,16,2198,3
20240713,16,2199,2
20240713,16,3310,15
20240713,16,3311,7
20240713,16,3802,15
20240713,17,2111,7
20240713,17,2112,3
20240713,17,2116,8
20240713,17,2122,2
20240713,17,2128,0
20240713,17,2129,0
20240713,17,2130,0
20240713,17,2139,1
20240713,17,2143,7
20240713,17,2148,1
20240713,17,2159,3
20240713,17,2171,2
20240713,17,2172,0
20240713,17,2178,13
20240713,17,2179,9
20240713,17,2185,0
20240713,17,2186,1
20240713,17,2191,9
20240713,17,2198,6
20240713,17,2199,2
20240713,17,3310,13
20240713,17,3311,7
20240713,17,3802,11
20240713,18,2111,10
20240713,18,2112,4
20240713,18,2116,8
20240713,18,2122,3
20240713,18,2128,1
20240713,18,2129,0
20240713,18,2130,0
20240713,18,2139,1
20240713,18,2143,6
20240713,18,2148,2
20240713,18,2159,3
20240713,18,2171,2
20240713,18,2172,4
20240713,18,2178,13
20240713,18,2179,5
20240713,18,2185,0
20240713,18,2186,0
20240713,18,2191,9
20240713,18,2198,4
20240713,18,2199,0
20240713,18,3310,11
20240713,18,3311,6
20240713,18,3802,11
20240713,19,2111,6
20240713,19,2112,4
20240713,19,2116,9
20240713,19,2122,0
20240713,19,2128,1
20240713,19,2129,0
20240713,19,2130,0
20240713,19,2139,1
20240713,19,2143,4
20240713,19,2148,5
20240713,19,2159,4
20240713,19,2171,2
20240713,19,2172,1
20240713,19,2178,13
20240713,19,2179,4
20240713,19,2185,0
20240713,19,2186,0
20240713,19,2191,10
20240713,19,2198,3
20240713,19,2199,0
20240713,19,3310,10
20240713,19,3311,6
20240713,19,3802,13
20240713,20,2111,6
20240713,20,2112,2
20240713,20,2116,8
20240713,20,2122,2
20240713,20,2128,1
20240713,20,2129,0
20240713,20,2130,0
20240713,20,2139,2
20240713,20,2143,4
20240713,20,2148,6
20240713,20,2159,2
20240713,20,2171,1
20240713,20,2172,0
20240713,20,2178,12
20240713,20,2179,4
20240713,20,2185,0
20240713,20,2186,1
20240713,20,2191,8
20240713,20,2198,3
20240713,20,2199,0
20240713,20,3310,10
20240713,20,3311,7
20240713,20,3802,10
20240713,21,2111,6
20240713,21,2112,2
20240713,21,2116,8
20240713,21,2122,3
20240713,21,2128,1
20240713,21,2129,0
20240713,21,2130,0
20240713,21,2139,3
20240713,21,2143,4
20240713,21,2148,7
20240713,21,2159,2
20240713,21,2171,1
20240713,21,2172,0
20240713,21,2178,11
20240713,21,2179,4
20240713,21,2185,0
20240713,21,2186,2
20240713,21,2191,4
20240713,21,2198,3
20240713,21,2199,6
20240713,21,3310,10
20240713,21,3311,7
20240713,21,3802,10
20240713,22,2111,6
20240713,22,2112,2
20240713,22,2116,4
20240713,22,2122,3
20240713,22,2128,0
20240713,22,2129,0
20240713,22,2130,0
20240713,22,2139,3
20240713,22,2143,5
20240713,22,2148,7
20240713,22,2159,3
20240713,22,2171,1
20240713,22,2172,0
20240713,22,2178,10
20240713,22,2179,3
20240713,22,2185,0
20240713,22,2186,2
20240713,22,2191,5
20240713,22,2198,6
20240713,22,2199,5
20240713,22,3310,9
20240713,22,3311,7
20240713,22,3802,10
20240713,23,2111,7
20240713,23,2112,3
20240713,23,2116,3
20240713,23,2122,2
20240713,23,2128,0
20240713,23,2129,0
20240713,23,2130,0
20240713,23,2139,3
20240713,23,2143,7
20240713,23,2148,5
20240713,23,2159,3
20240713,23,2171,2
20240713,23,2172,0
20240713,23,2178,11
20240713,23,2179,5
20240713,23,2185,0
20240713,23,2186,2
20240713,23,2191,8
20240713,23,2198,8
20240713,23,2199,3
20240713,23,3310,9
20240713,23,3311,7
20240713,23,3802,10
20240714,0,2111,3
20240714,0,2112,2
20240714,0,2116,2
20240714,0,2122,2
20240714,0,2128,0
20240714,0,2129,1
20240714,0,2130,0
20240714,0,2139,3
20240714,0,2143,7
20240714,0,2148,5
20240714,0,2159,3
20240714,0,2171,1
20240714,0,2172,0
20240714,0,2178,11
20240714,0,2179,4
20240714,0,2185,0
20240714,0,2186,1
20240714,0,2191,8
20240714,0,2198,4
20240714,0,2199,4
20240714,0,3310,8
20240714,0,3311,4
20240714,0,3802,10
20240714,1,2111,2
20240714,1,2112,1
20240714,1,2116,2
20240714,1,2122,2
20240714,1,2128,0
20240714,1,2129,2
20240714,1,2130,0
20240714,1,2139,3
20240714,1,2143,7
20240714,1,2148,4
20240714,1,2159,4
20240714,1,2171,2
20240714,1,2172,0
20240714,1,2178,11
20240714,1,2179,4
20240714,1,2185,0
20240714,1,2186,1
20240714,1,2191,8
20240714,1,2198,3
20240714,1,2199,4
20240714,1,3310,8
20240714,1,3311,4
20240714,1,3802,10
20240714,2,2111,1
20240714,2,2112,1
20240714,2,2116,1
20240714,2,2122,2
20240714,2,2128,0
20240714,2,2129,2
20240714,2,2130,0
20240714,2,2139,3
20240714,2,2143,7
20240714,2,2148,3
20240714,2,2159,4
20240714,2,2171,2
20240714,2,2172,0
20240714,2,2178,10
20240714,2,2179,4
20240714,2,2185,0
20240714,2,2186,1
20240714,2,2191,10
20240714,2,2198,3
20240714,2,2199,5
20240714,2,3310,7
20240714,2,3311,5
20240714,2,3802,10
20240714,3,2111,1
20240714,3,2112,2
20240714,3,2116,1
20240714,3,2122,1
20240714,3,2128,0
20240714,3,2129,2
20240714,3,2130,0
20240714,3,2139,3
20240714,3,2143,9
20240714,3,2148,3
20240714,3,2159,4
20240714,3,2171,0
20240714,3,2172,1
20240714,3,2178,10
20240714,3,2179,3
20240714,3,2185,0
20240714,3,2186,1
20240714,3,2191,12
20240714,3,2198,3
20240714,3,2199,5
20240714,3,3310,7
20240714,3,3311,4
20240714,3,3802,10
20240714,4,2111,1
20240714,4,2112,1
20240714,4,2116,1
20240714,4,2122,1
20240714,4,2128,0
20240714,4,2129,2
20240714,4,2130,0
20240714,4,2139,3
20240714,4,2143,9
20240714,4,2148,3
20240714,4,2159,4
20240714,4,2171,0
20240714,4,2172,1
20240714,4,2178,7
20240714,4,2179,3
20240714,4,2185,0
20240714,4,2186,2
20240714,4,2191,13
20240714,4,2198,3
20240714,4,2199,4
20240714,4,3310,7
20240714,4,3311,4
20240714,4,3802,10
20240714,5,2111,4
20240714,5,2112,1
20240714,5,2116,1
20240714,5,2122,1
20240714,5,2128,0
20240714,5,2129,2
20240714,5,2130,0
20240714,5,2139,7
20240714,5,2143,9
20240714,5,2148,3
20240714,5,2159,4
20240714,5,2171,0
20240714,5,2172,2
20240714,5,2178,7
20240714,5,2179,3
20240714,5,2185,0
20240714,5,2186,2
20240714,5,2191,14
20240714,5,2198,3
20240714,5,2199,4
20240714,5,3310,6
20240714,5,3311,4
20240714,5,3802,10
20240714,6,2111,5
20240714,6,2112,1
20240714,6,2116,1
20240714,6,2122,1
20240714,6,2128,0
20240714,6,2129,1
20240714,6,2130,0
20240714,6,2139,7
20240714,6,2143,8
20240714,6,2148,3
20240714,6,2159,4
20240714,6,2171,0
20240714,6,2172,3
20240714,6,2178,7
20240714,6,2179,3
20240714,6,2185,0
20240714,6,2186,2
20240714,6,2191,14
20240714,6,2198,3
20240714,6,2199,4
20240714,6,3310,5
20240714,6,3311,4
20240714,6,3802,10
20240714,7,2111,2
20240714,7,2112,2
20240714,7,2116,1
20240714,7,2122,2
20240714,7,2128,0
20240714,7,2129,1
20240714,7,2130,0
20240714,7,2139,7
20240714,7,2143,9
20240714,7,2148,2
20240714,7,2159,4
20240714,7,2171,1
20240714,7,2172,3
20240714,7,2178,7
20240714,7,2179,3
20240714,7,2185,0
20240714,7,2186,1
20240714,7,2191,15
20240714,7,2198,3
20240714,7,2199,4
20240714,7,3310,5
20240714,7,3311,4
20240714,7,3802,10
20240714,8,2111,3
20240714,8,2112,1
20240714,8,2116,1
20240714,8,2122,2
20240714,8,2128,0
20240714,8,2129,1
20240714,8,2130,0
20240714,8,2139,5
20240714,8,2143,9
20240714,8,2148,1
20240714,8,2159,4
20240714,8,2171,4
20240714,8,2172,3
20240714,8,2178,8
20240714,8,2179,3
20240714,8,2185,0
20240714,8,2186,1
20240714,8,2191,15
20240714,8,2198,4
20240714,8,2199,4
20240714,8,3310,4
20240714,8,3311,5
20240714,8,3802,10
20240714,9,2111,5
20240714,9,2112,1
20240714,9,2116,1
20240714,9,2122,2
20240714,9,2128,0
20240714,9,2129,1
20240714,9,2130,0
20240714,9,2139,4
20240714,9,2143,10
20240714,9,2148,1
20240714,9,2159,6
20240714,9,2171,5
20240714,9,2172,3
20240714,9,2178,8
20240714,9,2179,3
20240714,9,2185,0
20240714,9,2186,1
20240714,9,2191,17
20240714,9,2198,3
20240714,9,2199,4
20240714,9,3310,3
20240714,9,3311,5
20240714,9,3802,10
20240714,10,2111,4
20240714,10,2112,1
20240714,10,2116,1
20240714,10,2122,2
20240714,10,2128,0
20240714,10,2129,1
20240714,10,2130,0
20240714,10,2139,3
20240714,10,2143,7
20240714,10,2148,1
20240714,10,2159,4
20240714,10,2171,5
20240714,10,2172,1
20240714,10,2178,23
20240714,10,2179,3
20240714,10,2185,0
20240714,10,2186,1
20240714,10,2191,18
20240714,10,2198,2
20240714,10,2199,4
20240714,10,3310,2
20240714,10,3311,6
20240714,10,3802,9
20240714,11,2111,5
20240714,11,2112,2
20240714,11,2116,1
20240714,11,2122,1
20240714,11,2128,3
20240714,11,2129,1
20240714,11,2130,12
20240714,11,2139,3
20240714,11,2143,6
20240714,11,2148,3
20240714,11,2159,4
20240714,11,2171,7
20240714,11,2172,0
20240714,11,2178,23
20240714,11,2179,4
20240714,11,2185,0
20240714,11,2186,1
20240714,11,2191,18
20240714,11,2198,3
20240714,11,2199,3
20240714,11,3310,2
20240714,11,3311,7
20240714,11,3802,8
20240714,12,2111,3
20240714,12,2112,2
20240714,12,2116,2
20240714,12,2122,1
20240714,12,2128,3
20240714,12,2129,0
20240714,12,2130,12
20240714,12,2139,2
20240714,12,2143,7
20240714,12,2148,1
20240714,12,2159,2
20240714,12,2171,11
20240714,12,2172,1
20240714,12,2178,23
20240714,12,2179,4
20240714,12,2185,0
20240714,12,2186,0
20240714,12,2191,16
20240714,12,2198,6
20240714,12,2199,2
20240714,12,3310,2
20240714,12,3311,5
20240714,12,3802,11
20240714,13,2111,4
20240714,13,2112,1
20240714,13,2116,5
20240714,13,2122,1
20240714,13,2128,3
20240714,13,2129,0
20240714,13,2130,12
20240714,13,2139,2
20240714,13,2143,6
20240714,13,2148,1
20240714,13,2159,3
20240714,13,2171,12
20240714,13,2172,2
20240714,13,2178,21
20240714,13,2179,3
20240714,13,2185,0
20240714,13,2186,1
20240714,13,2191,14
20240714,13,2198,7
20240714,13,2199,0
20240714,13,3310,0
20240714,13,3311,5
20240714,13,3802,8
20240714,14,2111,2
20240714,14,2112,1
20240714,14,2116,5
20240714,14,2122,1
20240714,14,2128,1
20240714,14,2129,16
20240714,14,2130,11
20240714,14,2139,2
20240714,14,2143,6
20240714,14,2148,1
20240714,14,2159,5
20240714,14,2171,11
20240714,14,2172,1
20240714,14,2178,20
20240714,14,2179,2
20240714,14,2185,0
20240714,14,2186,2
20240714,14,2191,13
20240714,14,2198,9
20240714,14,2199,1
20240714,14,3310,0
20240714,14,3311,6
20240714,14,3802,6
20240714,15,2111,2
20240714,15,2112,3
20240714,15,2116,5
20240714,15,2122,3
20240714,15,2128,1
20240714,15,2129,14
20240714,15,2130,9
20240714,15,2139,2
20240714,15,2143,9
20240714,15,2148,0
20240714,15,2159,5
20240714,15,2171,12
20240714,15,2172,1
20240714,15,2178,20
20240714,15,2179,2
20240714,15,2185,0
20240714,15,2186,1
20240714,15,2191,14
20240714,15,2198,9
20240714,15,2199,1
20240714,15,3310,0
20240714,15,3311,6
20240714,15,3802,8
20240714,16,2111,3
20240714,16,2112,3
20240714,16,2116,5
20240714,16,2122,3
20240714,16,2128,1
20240714,16,2129,14
20240714,16,2130,9
20240714,16,2139,2
20240714,16,2143,9
20240714,16,2148,0
20240714,16,2159,4
20240714,16,2171,4
20240714,16,2172,2
20240714,16,2178,19
20240714,16,2179,2
20240714,16,2185,0
20240714,16,2186,0
20240714,16,2191,12
20240714,16,2198,10
20240714,16,2199,1
20240714,16,3310,0
20240714,16,3311,4
20240714,16,3802,9
20240714,17,2111,4
20240714,17,2112,2
20240714,17,2116,5
20240714,17,2122,2
20240714,17,2128,0
20240714,17,2129,14
20240714,17,2130,9
20240714,17,2139,1
20240714,17,2143,7
20240714,17,2148,0
20240714,17,2159,4
20240714,17,2171,2
20240714,17,2172,1
20240714,17,2178,18
20240714,17,2179,2
20240714,17,2185,0
20240714,17,2186,0
20240714,17,2191,9
20240714,17,2198,9
20240714,17,2199,0
20240714,17,3310,0
20240714,17,3311,4
20240714,17,3802,8
20240714,18,2111,2
20240714,18,2112,2
20240714,18,2116,6
20240714,18,2122,3
20240714,18,2128,0
20240714,18,2129,12
20240714,18,2130,8
20240714,18,2139,0
20240714,18,2143,9
20240714,18,2148,1
20240714,18,2159,5
20240714,18,2171,0
20240714,18,2172,0
20240714,18,2178,13
20240714,18,2179,1
20240714,18,2185,0
20240714,18,2186,1
20240714,18,2191,10
20240714,18,2198,10
20240714,18,2199,1
20240714,18,3310,0
20240714,18,3311,6
20240714,18,3802,8
20240714,19,2111,4
20240714,19,2112,2
20240714,19,2116,4
20240714,19,2122,2
20240714,19,2128,1
20240714,19,2129,12
20240714,19,2130,7
20240714,19,2139,0
20240714,19,2143,10
20240714,19,2148,0
20240714,19,2159,5
20240714,19,2171,0
20240714,19,2172,0
20240714,19,2178,9
20240714,19,2179,2
20240714,19,2185,0
20240714,19,2186,2
20240714,19,2191,10
20240714,19,2198,7
20240714,19,2199,0
20240714,19,3310,0
20240714,19,3311,4
20240714,19,3802,8
20240714,20,2111,1
20240714,20,2112,2
20240714,20,2116,3
20240714,20,2122,2
20240714,20,2128,1
20240714,20,2129,9
20240714,20,2130,7
20240714,20,2139,1
20240714,20,2143,8
20240714,20,2148,0
20240714,20,2159,3
20240714,20,2171,0
20240714,20,2172,0
20240714,20,2178,7
20240714,20,2179,1
20240714,20,2185,0
20240714,20,2186,4
20240714,20,2191,10
20240714,20,2198,6
20240714,20,2199,0
20240714,20,3310,0
20240714,20,3311,4
20240714,20,3802,8
20240714,21,2111,1
20240714,21,2112,2
20240714,21,2116,1
20240714,21,2122,1
20240714,21,2128,0
20240714,21,2129,6
20240714,21,2130,6
20240714,21,2139,0
20240714,21,2143,10
20240714,21,2148,0
20240714,21,2159,5
20240714,21,2171,0
20240714,21,2172,1
20240714,21,2178,10
20240714,21,2179,2
20240714,21,2185,0
20240714,21,2186,3
20240714,21,2191,12
20240714,21,2198,10
20240714,21,2199,0
20240714,21,3310,0
20240714,21,3311,4
20240714,21,3802,8
20240714,22,2111,0
20240714,22,2112,1
20240714,22,2116,0
20240714,22,2122,1
20240714,22,2128,0
20240714,22,2129,7
20240714,22,2130,5
20240714,22,2139,1
20240714,22,2143,10
20240714,22,2148,0
20240714,22,2159,6
20240714,22,2171,0
20240714,22,2172,3
20240714,22,2178,10
20240714,22,2179,1
20240714,22,2185,0
20240714,22,2186,3
20240714,22,2191,12
20240714,22,2198,14
20240714,22,2199,0
20240714,22,3310,0
20240714,22,3311,3
20240714,22,3802,7
20240714,23,2111,0
20240714,23,2112,1
20240714,23,2116,0
20240714,23,2122,2
20240714,23,2128,0
20240714,23,2129,7
20240714,23,2130,5
20240714,23,2139,2
20240714,23,2143,10
20240714,23,2148,1
20240714,23,2159,6
20240714,23,2171,0
20240714,23,2172,4
20240714,23,2178,10
20240714,23,2179,2
20240714,23,2185,0
20240714,23,2186,5
20240714,23,2191,12
20240714,23,2198,14
20240714,23,2199,0
20240714,23,3310,0
20240714,23,3311,3
20240714,23,3802,7
20240715,0,2111,0
20240715,0,2112,1
20240715,0,2116,0
20240715,0,2122,2
20240715,0,2128,2
20240715,0,2129,6
20240715,0,2130,5
20240715,0,2139,3
20240715,0,2143,11
20240715,0,2148,1
20240715,0,2159,6
20240715,0,2171,0
20240715,0,2172,5
20240715,0,2178,9
20240715,0,2179,4
20240715,0,2185,0
20240715,0,2186,5
20240715,0,2191,12
20240715,0,2198,11
20240715,0,2199,1
20240715,0,3310,0
20240715,0,3311,1
20240715,0,3802,8
20240715,1,2111,1
20240715,1,2112,1
20240715,1,2116,0
20240715,1,2122,1
20240715,1,2128,2
20240715,1,2129,5
20240715,1,2130,5
20240715,1,2139,4
20240715,1,2143,12
20240715,1,2148,2
20240715,1,2159,6
20240715,1,2171,1
20240715,1,2172,5
20240715,1,2178,9
20240715,1,2179,5
20240715,1,2185,0
20240715,1,2186,7
20240715,1,2191,13
20240715,1,2198,12
20240715,1,2199,1
20240715,1,3310,0
20240715,1,3311,1
20240715,1,3802,8
20240715,2,2111,1
20240715,2,2112,1
20240715,2,2116,0
20240715,2,2122,2
20240715,2,2128,1
20240715,2,2129,5
20240715,2,2130,5
20240715,2,2139,4
20240715,2,2143,12
20240715,2,2148,0
20240715,2,2159,5
20240715,2,2171,2
20240715,2,2172,6
20240715,2,2178,9
20240715,2,2179,5
20240715,2,2185,0
20240715,2,2186,7
20240715,2,2191,13
20240715,2,2198,13
20240715,2,2199,3
20240715,2,3310,0
20240715,2,3311,0
20240715,2,3802,8
20240715,3,2111,2
20240715,3,2112,1
20240715,3,2116,1
20240715,3,2122,2
20240715,3,2128,1
20240715,3,2129,6
20240715,3,2130,5
20240715,3,2139,3
20240715,3,2143,11
20240715,3,2148,0
20240715,3,2159,5
20240715,3,2171,2
20240715,3,2172,6
20240715,3,2178,9
20240715,3,2179,6
20240715,3,2185,0
20240715,3,2186,7
20240715,3,2191,16
20240715,3,2198,12
20240715,3,2199,2
20240715,3,3310,0
20240715,3,3311,0
20240715,3,3802,8
20240715,4,2111,5
20240715,4,2112,0
20240715,4,2116,1
20240715,4,2122,2
20240715,4,2128,2
20240715,4,2129,7
20240715,4,2130,5
20240715,4,2139,3
20240715,4,2143,11
20240715,4,2148,0
20240715,4,2159,5
20240715,4,2171,1
20240715,4,2172,5
20240715,4,2178,9
20240715,4,2179,5
20240715,4,2185,0
20240715,4,2186,7
20240715,4,2191,16
20240715,4,2198,12
20240715,4,2199,1
20240715,4,3310,0
20240715,4,3311,0
20240715,4,3802,8
20240715,5,2111,7
20240715,5,2112,0
20240715,5,2116,1
20240715,5,2122,1
20240715,5,2128,0
20240715,5,2129,7
20240715,5,2130,5
20240715,5,2139,3
20240715,5,2143,11
20240715,5,2148,0
20240715,5,2159,5
20240715,5,2171,1
20240715,5,2172,5
20240715,5,2178,9
20240715,5,2179,5
20240715,5,2185,0
20240715,5,2186,7
20240715,5,2191,16
20240715,5,2198,12
20240715,5,2199,0
20240715,5,3310,0
20240715,5,3311,0
20240715,5,3802,8
20240715,6,2111,6
20240715,6,2112,0
20240715,6,2116,0
20240715,6,2122,1
20240715,6,2128,0
20240715,6,2129,6
20240715,6,2130,5
20240715,6,2139,2
20240715,6,2143,11
20240715,6,2148,1
20240715,6,2159,4
20240715,6,2171,0
20240715,6,2172,6
20240715,6,2178,9
20240715,6,2179,4
20240715,6,2185,0
20240715,6,2186,7
20240715,6,2191,15
20240715,6,2198,12
20240715,6,2199,0
20240715,6,3310,0
20240715,6,3311,0
20240715,6,3802,11
20240715,7,2111,6
20240715,7,2112,0
20240715,7,2116,1
20240715,7,2122,2
20240715,7,2128,0
20240715,7,2129,6
20240715,7,2130,5
20240715,7,2139,1
20240715,7,2143,11
20240715,7,2148,3
20240715,7,2159,4
20240715,7,2171,1
20240715,7,2172,5
20240715,7,2178,9
20240715,7,2179,4
20240715,7,2185,0
20240715,7,2186,4
20240715,7,2191,15
20240715,7,2198,10
20240715,7,2199,0
20240715,7,3310,0
20240715,7,3311,1
20240715,7,3802,12
20240715,8,2111,6
20240715,8,2112,0
20240715,8,2116,1
20240715,8,2122,3
20240715,8,2128,0
20240715,8,2129,5
20240715,8,2130,5
20240715,8,2139,0
20240715,8,2143,10
20240715,8,2148,4
20240715,8,2159,3
20240715,8,2171,1
20240715,8,2172,4
20240715,8,2178,9
20240715,8,2179,4
20240715,8,2185,0
20240715,8,2186,3
20240715,8,2191,14
20240715,8,2198,6
20240715,8,2199,1
20240715,8,3310,0
20240715,8,3311,3
20240715,8,3802,7
20240715,9,2111,5
20240715,9,2112,1
20240715,9,2116,2
20240715,9,2122,1
20240715,9,2128,0
20240715,9,2129,6
20240715,9,2130,4
20240715,9,2139,0
20240715,9,2143,11
20240715,9,2148,4
20240715,9,2159,3
20240715,9,2171,3
20240715,9,2172,4
20240715,9,2178,9
20240715,9,2179,6
20240715,9,2185,0
20240715,9,2186,0
20240715,9,2191,13
20240715,9,2198,6
20240715,9,2199,0
20240715,9,3310,0
20240715,9,3311,11
20240715,9,3802,7
20240715,10,2111,7
20240715,10,2112,2
20240715,10,2116,4
20240715,10,2122,2
20240715,10,2128,1
20240715,10,2129,6
20240715,10,2130,4
20240715,10,2139,0
20240715,10,2143,11
20240715,10,2148,3
20240715,10,2159,3
20240715,10,2171,4
20240715,10,2172,6
20240715,10,2178,10
20240715,10,2179,2
20240715,10,2185,0
20240715,10,2186,0
20240715,10,2191,8
20240715,10,2198,7
20240715,10,2199,0
20240715,10,3310,0
20240715,10,3311,14
20240715,10,3802,6
20240715,11,2111,9
20240715,11,2112,1
20240715,11,2116,5
20240715,11,2122,3
20240715,11,2128,1
20240715,11,2129,7
20240715,11,2130,4
20240715,11,2139,0
20240715,11,2143,11
20240715,11,2148,2
20240715,11,2159,3
20240715,11,2171,4
20240715,11,2172,6
20240715,11,2178,10
20240715,11,2179,2
20240715,11,2185,0
20240715,11,2186,0
20240715,11,2191,7
20240715,11,2198,7
20240715,11,2199,0
20240715,11,3310,0
20240715,11,3311,14
20240715,11,3802,4
20240715,12,2111,11
20240715,12,2112,1
20240715,12,2116,5
20240715,12,2122,1
20240715,12,2128,3
20240715,12,2129,7
20240715,12,2130,4
20240715,12,2139,2
20240715,12,2143,10
20240715,12,2148,0
20240715,12,2159,4
20240715,12,2171,3
20240715,12,2172,5
20240715,12,2178,9
20240715,12,2179,2
20240715,12,2185,0
20240715,12,2186,0
20240715,12,2191,7
20240715,12,2198,7
20240715,12,2199,0
20240715,12,3310,0
20240715,12,3311,16
20240715,12,3802,5
20240715,13,2111,14
20240715,13,2112,1
20240715,13,2116,7
20240715,13,2122,0
20240715,13,2128,4
20240715,13,2129,5
20240715,13,2130,4
20240715,13,2139,0
20240715,13,2143,10
20240715,13,2148,0
20240715,13,2159,4
20240715,13,2171,5
20240715,13,2172,5
20240715,13,2178,7
20240715,13,2179,3
20240715,13,2185,0
20240715,13,2186,0
20240715,13,2191,9
20240715,13,2198,8
20240715,13,2199,0
20240715,13,3310,0
20240715,13,3311,13
20240715,13,3802,4
20240715,14,2111,15
20240715,14,2112,2
20240715,14,2116,8
20240715,14,2122,1
20240715,14,2128,6
20240715,14,2129,5
20240715,14,2130,4
20240715,14,2139,0
20240715,14,2143,11
20240715,14,2148,0
20240715,14,2159,4
20240715,14,2171,6
20240715,14,2172,5
20240715,14,2178,7
20240715,14,2179,4
20240715,14,2185,0
20240715,14,2186,0
20240715,14,2191,9
20240715,14,2198,8
20240715,14,2199,0
20240715,14,3310,0
20240715,14,3311,13
20240715,14,3802,4
20240715,15,2111,15
20240715,15,2112,2
20240715,15,2116,8
20240715,15,2122,0
20240715,15,2128,3
20240715,15,2129,4
20240715,15,2130,4
20240715,15,2139,0
20240715,15,2143,11
20240715,15,2148,0
20240715,15,2159,5
20240715,15,2171,6
20240715,15,2172,2
20240715,15,2178,5
20240715,15,2179,5
20240715,15,2185,0
20240715,15,2186,0
20240715,15,2191,8
20240715,15,2198,7
20240715,15,2199,0
20240715,15,3310,0
20240715,15,3311,13
20240715,15,3802,4
20240715,16,2111,17
20240715,16,2112,4
20240715,16,2116,7
20240715,16,2122,0
20240715,16,2128,2
20240715,16,2129,3
20240715,16,2130,4
20240715,16,2139,0
20240715,16,2143,10
20240715,16,2148,0
20240715,16,2159,5
20240715,16,2171,6
20240715,16,2172,3
20240715,16,2178,5
20240715,16,2179,2
20240715,16,2185,0
20240715,16,2186,0
20240715,16,2191,6
20240715,16,2198,7
20240715,16,2199,0
20240715,16,3310,0
20240715,16,3311,12
20240715,16,3802,4
20240715,17,2111,18
20240715,17,2112,2
20240715,17,2116,6
20240715,17,2122,15
20240715,17,2128,0
20240715,17,2129,0
20240715,17,2130,2
20240715,17,2139,0
20240715,17,2143,9
20240715,17,2148,0
20240715,17,2159,5
20240715,17,2171,4
20240715,17,2172,6
20240715,17,2178,3
20240715,17,2179,2
20240715,17,2185,0
20240715,17,2186,1
20240715,17,2191,7
20240715,17,2198,7
20240715,17,2199,0
20240715,17,3310,0
20240715,17,3311,3
20240715,17,3802,4
20240715,18,2111,11
20240715,18,2112,2
20240715,18,2116,1
20240715,18,2122,15
20240715,18,2128,0
20240715,18,2129,0
20240715,18,2130,0
20240715,18,2139,2
20240715,18,2143,7
20240715,18,2148,0
20240715,18,2159,3
20240715,18,2171,1
20240715,18,2172,5
20240715,18,2178,2
20240715,18,2179,8
20240715,18,2185,0
20240715,18,2186,1
20240715,18,2191,6
20240715,18,2198,7
20240715,18,2199,0
20240715,18,3310,0
20240715,18,3311,2
20240715,18,3802,5
20240715,19,2111,5
20240715,19,2112,4
20240715,19,2116,1
20240715,19,2122,13
20240715,19,2128,1
20240715,19,2129,0
20240715,19,2130,0
20240715,19,2139,3
20240715,19,2143,7
20240715,19,2148,0
20240715,19,2159,3
20240715,19,2171,1
20240715,19,2172,1
20240715,19,2178,2
20240715,19,2179,2
20240715,19,2185,0
20240715,19,2186,4
20240715,19,2191,12
20240715,19,2198,14
20240715,19,2199,0
20240715,19,3310,0
20240715,19,3311,1
20240715,19,3802,7
20240715,20,2111,5
20240715,20,2112,4
20240715,20,2116,1
20240715,20,2122,9
20240715,20,2128,1
20240715,20,2129,0
20240715,20,2130,0
20240715,20,2139,4
20240715,20,2143,8
20240715,20,2148,0
20240715,20,2159,4
20240715,20,2171,2
20240715,20,2172,0
20240715,20,2178,3
20240715,20,2179,1
20240715,20,2185,0
20240715,20,2186,5
20240715,20,2191,14
20240715,20,2198,13
20240715,20,2199,1
20240715,20,3310,1
20240715,20,3311,1
20240715,20,3802,3
20240715,21,2111,6
20240715,21,2112,3
20240715,21,2116,3
20240715,21,2122,9
20240715,21,2128,2
20240715,21,2129,0
20240715,21,2130,0
20240715,21,2139,3
20240715,21,2143,10
20240715,21,2148,0
20240715,21,2159,6
20240715,21,2171,2
20240715,21,2172,0
20240715,21,2178,15
20240715,21,2179,0
20240715,21,2185,0
20240715,21,2186,2
20240715,21,2191,9
20240715,21,2198,11
20240715,21,2199,0
20240715,21,3310,0
20240715,21,3311,0
20240715,21,3802,5
20240715,22,2111,5
20240715,22,2112,0
20240715,22,2116,2
20240715,22,2122,8
20240715,22,2128,1
20240715,22,2129,0
20240715,22,2130,0
20240715,22,2139,1
20240715,22,2143,12
20240715,22,2148,2
20240715,22,2159,5
20240715,22,2171,1
20240715,22,2172,3
20240715,22,2178,14
20240715,22,2179,0
20240715,22,2185,0
20240715,22,2186,2
20240715,22,2191,9
20240715,22,2198,12
20240715,22,2199,0
20240715,22,3310,0
20240715,22,3311,0
20240715,22,3802,0
20240715,23,2111,4
20240715,23,2112,0
20240715,23,2116,0
20240715,23,2122,9
20240715,23,2128,1
20240715,23,2129,0
20240715,23,2130,0
20240715,23,2139,2
20240715,23,2143,11
20240715,23,2148,6
20240715,23,2159,5
20240715,23,2171,1
20240715,23,2172,4
20240715,23,2178,14
20240715,23,2179,4
20240715,23,2185,0
20240715,23,2186,4
20240715,23,2191,7
20240715,23,2198,13
20240715,23,2199,0
20240715,23,3310,0
20240715,23,3311,0
20240715,23,3802,0
20240716,0,2111,3
20240716,0,2112,0
20240716,0,2116,0
20240716,0,2122,11
20240716,0,2128,1
20240716,0,2129,0
20240716,0,2130,0
20240716,0,2139,2
20240716,0,2143,12
20240716,0,2148,8
20240716,0,2159,4
20240716,0,2171,2
20240716,0,2172,4
20240716,0,2178,12
20240716,0,2179,7
20240716,0,2185,0
20240716,0,2186,5
20240716,0,2191,6
20240716,0,2198,15
20240716,0,2199,0
20240716,0,3310,0
20240716,0,3311,0
20240716,0,3802,0
20240716,1,2111,3
20240716,1,2112,0
20240716,1,2116,0
20240716,1,2122,9
20240716,1,2128,2
20240716,1,2129,0
20240716,1,2130,0
20240716,1,2139,2
20240716,1,2143,15
20240716,1,2148,7
20240716,1,2159,3
20240716,1,2171,1
20240716,1,2172,5
20240716,1,2178,11
20240716,1,2179,4
20240716,1,2185,0
20240716,1,2186,5
20240716,1,2191,7
20240716,1,2198,13
20240716,1,2199,0
20240716,1,3310,0
20240716,1,3311,0
20240716,1,3802,0
20240716,2,2111,4
20240716,2,2112,0
20240716,2,2116,0
20240716,2,2122,8
20240716,2,2128,2
20240716,2,2129,0
20240716,2,2130,0
20240716,2,2139,4
20240716,2,2143,15
20240716,2,2148,7
20240716,2,2159,3
20240716,2,2171,2
20240716,2,2172,5
20240716,2,2178,12
20240716,2,2179,4
20240716,2,2185,0
20240716,2,2186,5
20240716,2,2191,11
20240716,2,2198,12
20240716,2,2199,0
20240716,2,3310,0
20240716,2,3311,0
20240716,2,3802,0
20240716,3,2111,4
20240716,3,2112,0
20240716,3,2116,0
20240716,3,2122,8
20240716,3,2128,2
20240716,3,2129,0
20240716,3,2130,0
20240716,3,2139,6
20240716,3,2143,15
20240716,3,2148,7
20240716,3,2159,3
20240716,3,2171,3
20240716,3,2172,5
20240716,3,2178,12
20240716,3,2179,5
20240716,3,2185,0
20240716,3,2186,5
20240716,3,2191,11
20240716,3,2198,12
20240716,3,2199,0
20240716,3,3310,0
20240716,3,3311,0
20240716,3,3802,0
20240716,4,2111,4
20240716,4,2112,0
20240716,4,2116,0
20240716,4,2122,7
20240716,4,2128,2
20240716,4,2129,0
20240716,4,2130,0
20240716,4,2139,6
20240716,4,2143,15
20240716,4,2148,7
20240716,4,2159,3
20240716,4,2171,1
20240716,4,2172,6
20240716,4,2178,12
20240716,4,2179,5
20240716,4,2185,0
20240716,4,2186,5
20240716,4,2191,12
20240716,4,2198,12
20240716,4,2199,0
20240716,4,3310,0
20240716,4,3311,0
20240716,4,3802,0
20240716,5,2111,3
20240716,5,2112,0
20240716,5,2116,0
20240716,5,2122,4
20240716,5,2128,2
20240716,5,2129,0
20240716,5,2130,0
20240716,5,2139,6
20240716,5,2143,16
20240716,5,2148,6
20240716,5,2159,2
20240716,5,2171,0
20240716,5,2172,7
20240716,5,2178,13
20240716,5,2179,4
20240716,5,2185,0
20240716,5,2186,3
20240716,5,2191,12
20240716,5,2198,11
20240716,5,2199,0
20240716,5,3310,0
20240716,5,3311,0
20240716,5,3802,1
20240716,6,2111,3
20240716,6,2112,0
20240716,6,2116,0
20240716,6,2122,3
20240716,6,2128,2
20240716,6,2129,0
20240716,6,2130,0
20240716,6,2139,6
20240716,6,2143,17
20240716,6,2148,5
20240716,6,2159,1
20240716,6,2171,0
20240716,6,2172,7
20240716,6,2178,13
20240716,6,2179,3
20240716,6,2185,0
20240716,6,2186,3
20240716,6,2191,12
20240716,6,2198,10
20240716,6,2199,0
20240716,6,3310,0
20240716,6,3311,0
20240716,6,3802,11
20240716,7,2111,3
20240716,7,2112,0
20240716,7,2116,1
20240716,7,2122,3
20240716,7,2128,0
20240716,7,2129,0
20240716,7,2130,0
20240716,7,2139,1
20240716,7,2143,17
20240716,7,2148,5
20240716,7,2159,1
20240716,7,2171,1
20240716,7,2172,8
20240716,7,2178,12
20240716,7,2179,3
20240716,7,2185,0
20240716,7,2186,2
20240716,7,2191,9
20240716,7,2198,10
20240716,7,2199,0
20240716,7,3310,0
20240716,7,3311,4
20240716,7,3802,13
20240716,8,2111,3
20240716,8,2112,1
20240716,8,2116,0
20240716,8,2122,3
20240716,8,2128,0
20240716,8,2129,0
20240716,8,2130,0
20240716,8,2139,0
20240716,8,2143,16
20240716,8,2148,6
20240716,8,2159,1
20240716,8,2171,0
20240716,8,2172,8
20240716,8,2178,12
20240716,8,2179,6
20240716,8,2185,0
20240716,8,2186,1
20240716,8,2191,8
20240716,8,2198,9
20240716,8,2199,0
20240716,8,3310,0
20240716,8,3311,5
20240716,8,3802,12
20240716,9,2111,4
20240716,9,2112,0
20240716,9,2116,0
20240716,9,2122,3
20240716,9,2128,0
20240716,9,2129,0
20240716,9,2130,0
20240716,9,2139,0
20240716,9,2143,18
20240716,9,2148,10
20240716,9,2159,1
20240716,9,2171,2
20240716,9,2172,7
20240716,9,2178,12
20240716,9,2179,5
20240716,9,2185,0
20240716,9,2186,0
20240716,9,2191,7
20240716,9,2198,9
20240716,9,2199,0
20240716,9,3310,13
20240716,9,3311,9
20240716,9,3802,5
20240716,10,2111,6
20240716,10,2112,0
20240716,10,2116,1
20240716,10,2122,7
20240716,10,2128,3
20240716,10,2129,0
20240716,10,2130,0
20240716,10,2139,0
20240716,10,2143,17
20240716,10,2148,7
20240716,10,2159,4
20240716,10,2171,0
20240716,10,2172,8
20240716,10,2178,30
20240716,10,2179,6
20240716,10,2185,0
20240716,10,2186,0
20240716,10,2191,4
20240716,10,2198,8
20240716,10,2199,0
20240716,10,3310,12
20240716,10,3311,11
20240716,10,3802,3
20240716,11,2111,5
20240716,11,2112,1
20240716,11,2116,1
20240716,11,2122,5
20240716,11,2128,1
20240716,11,2129,5
20240716,11,2130,0
20240716,11,2139,2
20240716,11,2143,17
20240716,11,2148,7
20240716,11,2159,5
20240716,11,2171,0
20240716,11,2172,8
20240716,11,2178,29
20240716,11,2179,11
20240716,11,2185,0
20240716,11,2186,0
20240716,11,2191,4
20240716,11,2198,7
20240716,11,2199,1
20240716,11,3310,11
20240716,11,3311,12
20240716,11,3802,3
20240716,12,2111,6
20240716,12,2112,1
20240716,12,2116,1
20240716,12,2122,5
20240716,12,2128,1
20240716,12,2129,4
20240716,12,2130,0
20240716,12,2139,2
20240716,12,2143,16
20240716,12,2148,6
20240716,12,2159,4
20240716,12,2171,0
20240716,12,2172,8
20240716,12,2178,29
20240716,12,2179,11
20240716,12,2185,0
20240716,12,2186,0
20240716,12,2191,4
20240716,12,2198,6
20240716,12,2199,1
20240716,12,3310,11
20240716,12,3311,9
20240716,12,3802,2
20240716,13,2111,7
20240716,13,2112,3
20240716,13,2116,1
20240716,13,2122,6
20240716,13,2128,1
20240716,13,2129,3
20240716,13,2130,0
20240716,13,2139,3
20240716,13,2143,16
20240716,13,2148,10
20240716,13,2159,4
20240716,13,2171,0
20240716,13,2172,9
20240716,13,2178,28
20240716,13,2179,13
20240716,13,2185,0
20240716,13,2186,0
20240716,13,2191,5
20240716,13,2198,6
20240716,13,2199,1
20240716,13,3310,11
20240716,13,3311,10
20240716,13,3802,2
20240716,14,2111,7
20240716,14,2112,4
20240716,14,2116,2
20240716,14,2122,7
20240716,14,2128,0
20240716,14,2129,3
20240716,14,2130,0
20240716,14,2139,3
20240716,14,2143,16
20240716,14,2148,9
20240716,14,2159,4
20240716,14,2171,0
20240716,14,2172,9
20240716,14,2178,27
20240716,14,2179,12
20240716,14,2185,0
20240716,14,2186,0
20240716,14,2191,8
20240716,14,2198,7
20240716,14,2199,1
20240716,14,3310,11
20240716,14,3311,10
20240716,14,3802,2
20240716,15,2111,8
20240716,15,2112,5
20240716,15,2116,2
20240716,15,2122,22
20240716,15,2128,0
20240716,15,2129,3
20240716,15,2130,16
20240716,15,2139,3
20240716,15,2143,16
20240716,15,2148,9
20240716,15,2159,4
20240716,15,2171,1
20240716,15,2172,9
20240716,15,2178,27
20240716,15,2179,12
20240716,15,2185,0
20240716,15,2186,0
20240716,15,2191,8
20240716,15,2198,8
20240716,15,2199,1
20240716,15,3310,11
20240716,15,3311,11
20240716,15,3802,2
20240716,16,2111,7
20240716,16,2112,5
20240716,16,2116,2
20240716,16,2122,22
20240716,16,2128,0
20240716,16,2129,3
20240716,16,2130,16
20240716,16,2139,3
20240716,16,2143,16
20240716,16,2148,9
20240716,16,2159,4
20240716,16,2171,0
20240716,16,2172,9
20240716,16,2178,27
20240716,16,2179,12
20240716,16,2185,0
20240716,16,2186,0
20240716,16,2191,8
20240716,16,2198,8
20240716,16,2199,1
20240716,16,3310,11
20240716,16,3311,11
20240716,16,3802,2
20240716,17,2111,7
20240716,17,2112,5
20240716,17,2116,2
20240716,17,2122,22
20240716,17,2128,0
20240716,17,2129,2
20240716,17,2130,16
20240716,17,2139,3
20240716,17,2143,14
20240716,17,2148,9
20240716,17,2159,4
20240716,17,2171,0
20240716,17,2172,9
20240716,17,2178,26
20240716,17,2179,11
20240716,17,2185,0
20240716,17,2186,0
20240716,17,2191,8
20240716,17,2198,8
20240716,17,2199,1
20240716,17,3310,10
20240716,17,3311,11
20240716,17,3802,2
20240716,18,2111,7
20240716,18,2112,6
20240716,18,2116,1
20240716,18,2122,21
20240716,18,2128,0
20240716,18,2129,0
20240716,18,2130,15
20240716,18,2139,2
20240716,18,2143,12
20240716,18,2148,8
20240716,18,2159,4
20240716,18,2171,0
20240716,18,2172,12
20240716,18,2178,26
20240716,18,2179,9
20240716,18,2185,0
20240716,18,2186,0
20240716,18,2191,8
20240716,18,2198,8
20240716,18,2199,1
20240716,18,3310,8
20240716,18,3311,10
20240716,18,3802,2
20240716,19,2111,5
20240716,19,2112,6
20240716,19,2116,0
20240716,19,2122,18
20240716,19,2128,0
20240716,19,2129,0
20240716,19,2130,15
20240716,19,2139,3
20240716,19,2143,12
20240716,19,2148,4
20240716,19,2159,5
20240716,19,2171,0
20240716,19,2172,12
20240716,19,2178,26
20240716,19,2179,8
20240716,19,2185,0
20240716,19,2186,1
20240716,19,2191,7
20240716,19,2198,9
20240716,19,2199,1
20240716,19,3310,8
20240716,19,3311,8
20240716,19,3802,4
20240716,20,2111,5
20240716,20,2112,7
20240716,20,2116,0
20240716,20,2122,18
20240716,20,2128,1
20240716,20,2129,0
20240716,20,2130,16
20240716,20,2139,4
20240716,20,2143,12
20240716,20,2148,4
20240716,20,2159,4
20240716,20,2171,2
20240716,20,2172,11
20240716,20,2178,25
20240716,20,2179,8
20240716,20,2185,0
20240716,20,2186,3
20240716,20,2191,8
20240716,20,2198,10
20240716,20,2199,1
20240716,20,3310,7
20240716,20,3311,8
20240716,20,3802,5
20240716,21,2111,7
20240716,21,2112,8
20240716,21,2116,0
20240716,21,2122,18
20240716,21,2128,2
20240716,21,2129,0
20240716,21,2130,16
20240716,21,2139,4
20240716,21,2143,13
20240716,21,2148,4
20240716,21,2159,4
20240716,21,2171,2
20240716,21,2172,11
20240716,21,2178,25
20240716,21,2179,8
20240716,21,2185,0
20240716,21,2186,3
20240716,21,2191,9
20240716,21,2198,11
20240716,21,2199,1
20240716,21,3310,7
20240716,21,3311,7
20240716,21,3802,5
20240716,22,2111,7
20240716,22,2112,8
20240716,22,2116,0
20240716,22,2122,18
20240716,22,2128,2
20240716,22,2129,0
20240716,22,2130,16
20240716,22,2139,4
20240716,22,2143,13
20240716,22,2148,4
20240716,22,2159,4
20240716,22,2171,3
20240716,22,2172,12
20240716,22,2178,25
20240716,22,2179,9
20240716,22,2185,0
20240716,22,2186,3
20240716,22,2191,10
20240716,22,2198,11
20240716,22,2199,1
20240716,22,3310,7
20240716,22,3311,6
20240716,22,3802,5
20240716,23,2111,7
20240716,23,2112,8
20240716,23,2116,0
20240716,23,2122,18
20240716,23,2128,2
20240716,23,2129,0
20240716,23,2130,16
20240716,23,2139,4
20240716,23,2143,13
20240716,23,2148,4
20240716,23,2159,4
20240716,23,2171,3
20240716,23,2172,12
20240716,23,2178,25
20240716,23,2179,9
20240716,23,2185,0
20240716,23,2186,3
20240716,23,2191,10
20240716,23,2198,11
20240716,23,2199,1
20240716,23,3310,7
20240716,23,3311,6
20240716,23,3802,5
20240717,0,2111,7
20240717,0,2112,8
20240717,0,2116,0
20240717,0,2122,18
20240717,0,2128,2
20240717,0,2129,0
20240717,0,2130,16
20240717,0,2139,3
20240717,0,2143,12
20240717,0,2148,4
20240717,0,2159,4
20240717,0,2171,2
20240717,0,2172,12
20240717,0,2178,25
20240717,0,2179,9
20240717,0,2185,0
20240717,0,2186,3
20240717,0,2191,10
20240717,0,2198,11
20240717,0,2199,1
20240717,0,3310,7
20240717,0,3311,5
20240717,0,3802,5
20240717,1,2111,7
20240717,1,2112,8
20240717,1,2116,0
20240717,1,2122,17
20240717,1,2128,2
20240717,1,2129,0
20240717,1,2130,16
20240717,1,2139,3
20240717,1,2143,12
20240717,1,2148,4
20240717,1,2159,4
20240717,1,2171,2
20240717,1,2172,12
20240717,1,2178,25
20240717,1,2179,8
20240717,1,2185,0
20240717,1,2186,3
20240717,1,2191,10
20240717,1,2198,10
20240717,1,2199,1
20240717,1,3310,7
20240717,1,3311,5
20240717,1,3802,5
20240717,2,2111,8
20240717,2,2112,8
20240717,2,2116,0
20240717,2,2122,17
20240717,2,2128,2
20240717,2,2129,0
20240717,2,2130,16
20240717,2,2139,3
20240717,2,2143,12
20240717,2,2148,4
20240717,2,2159,4
20240717,2,2171,2
20240717,2,2172,12
20240717,2,2178,25
20240717,2,2179,8
20240717,2,2185,0
20240717,2,2186,3
20240717,2,2191,10
20240717,2,2198,10
20240717,2,2199,1
20240717,2,3310,7
20240717,2,3311,5
20240717,2,3802,5
20240717,3,2111,8
20240717,3,2112,8
20240717,3,2116,1
20240717,3,2122,17
20240717,3,2128,2
20240717,3,2129,0
20240717,3,2130,16
20240717,3,2139,4
20240717,3,2143,12
20240717,3,2148,4
20240717,3,2159,4
20240717,3,2171,2
20240717,3,2172,12
20240717,3,2178,25
20240717,3,2179,8
20240717,3,2185,0
20240717,3,2186,3
20240717,3,2191,10
20240717,3,2198,10
20240717,3,2199,1
20240717,3,3310,7
20240717,3,3311,5
20240717,3,3802,5
20240717,4,2111,8
20240717,4,2112,8
20240717,4,2116,1
20240717,4,2122,17
20240717,4,2128,2
20240717,4,2129,0
20240717,4,2130,16
20240717,4,2139,4
20240717,4,2143,11
20240717,4,2148,3
20240717,4,2159,4
20240717,4,2171,2
20240717,4,2172,12
20240717,4,2178,25
20240717,4,2179,8
20240717,4,2185,0
20240717,4,2186,3
20240717,4,2191,10
20240717,4,2198,10
20240717,4,2199,1
20240717,4,3310,7
20240717,4,3311,5
20240717,4,3802,5
20240717,5,2111,8
20240717,5,2112,8
20240717,5,2116,1
20240717,5,2122,16
20240717,5,2128,2
20240717,5,2129,0
20240717,5,2130,16
20240717,5,2139,4
20240717,5,2143,11
20240717,5,2148,3
20240717,5,2159,4
20240717,5,2171,2
20240717,5,2172,12
20240717,5,2178,25
20240717,5,2179,8
20240717,5,2185,0
20240717,5,2186,3
20240717,5,2191,10
20240717,5,2198,10
20240717,5,2199,1
20240717,5,3310,7
20240717,5,3311,5
20240717,5,3802,5
20240717,6,2111,9
20240717,6,2112,8
20240717,6,2116,1
20240717,6,2122,15
20240717,6,2128,2
20240717,6,2129,0
20240717,6,2130,16
20240717,6,2139,4
20240717,6,2143,11
20240717,6,2148,3
20240717,6,2159,4
20240717,6,2171,1
20240717,6,2172,12
20240717,6,2178,25
20240717,6,2179,8
20240717,6,2185,0
20240717,6,2186,3
20240717,6,2191,10
20240717,6,2198,10
20240717,6,2199,1
20240717,6,3310,6
20240717,6,3311,5
20240717,6,3802,5
20240717,7,2111,9
20240717,7,2112,7
20240717,7,2116,1
20240717,7,2122,14
20240717,7,2128,3
20240717,7,2129,0
20240717,7,2130,16
20240717,7,2139,3
20240717,7,2143,11
20240717,7,2148,2
20240717,7,2159,4
20240717,7,2171,3
20240717,7,2172,12
20240717,7,2178,25
20240717,7,2179,8
20240717,7,2185,0
20240717,7,2186,3
20240717,7,2191,10
20240717,7,2198,10
20240717,7,2199,1
20240717,7,3310,5
20240717,7,3311,8
20240717,7,3802,8
20240717,8,2111,8
20240717,8,2112,7
20240717,8,2116,1
20240717,8,2122,14
20240717,8,2128,3
20240717,8,2129,0
20240717,8,2130,16
20240717,8,2139,1
20240717,8,2143,11
20240717,8,2148,2
20240717,8,2159,5
20240717,8,2171,5
20240717,8,2172,12
20240717,8,2178,25
20240717,8,2179,8
20240717,8,2185,0
20240717,8,2186,2
20240717,8,2191,9
20240717,8,2198,10
20240717,8,2199,1
20240717,8,3310,3
20240717,8,3311,9
20240717,8,3802,7
20240717,9,2111,8
20240717,9,2112,7
20240717,9,2116,2
20240717,9,2122,13
20240717,9,2128,3
20240717,9,2129,0
20240717,9,2130,16
20240717,9,2139,2
20240717,9,2143,11
20240717,9,2148,3
20240717,9,2159,4
20240717,9,2171,8
20240717,9,2172,11
20240717,9,2178,25
20240717,9,2179,10
20240717,9,2185,0
20240717,9,2186,2
20240717,9,2191,10
20240717,9,2198,9
20240717,9,2199,1
20240717,9,3310,2
20240717,9,3311,9
20240717,9,3802,8
20240717,10,2111,8
20240717,10,2112,7
20240717,10,2116,2
20240717,10,2122,12
20240717,10,2128,2
20240717,10,2129,0
20240717,10,2130,16
20240717,10,2139,3
20240717,10,2143,11
20240717,10,2148,3
20240717,10,2159,4
20240717,10,2171,8
20240717,10,2172,11
20240717,10,2178,25
20240717,10,2179,9
20240717,10,2185,0
20240717,10,2186,1
20240717,10,2191,10
20240717,10,2198,9
20240717,10,2199,1
20240717,10,3310,2
20240717,10,3311,7
20240717,10,3802,6
20240717,11,2111,9
20240717,11,2112,7
20240717,11,2116,2
20240717,11,2122,11
20240717,11,2128,4
20240717,11,2129,0
20240717,11,2130,16
20240717,11,2139,3
20240717,11,2143,11
20240717,11,2148,5
20240717,11,2159,4
20240717,11,2171,9
20240717,11,2172,10
20240717,11,2178,26
20240717,11,2179,8
20240717,11,2185,0
20240717,11,2186,1
20240717,11,2191,10
20240717,11,2198,7
20240717,11,2199,1
20240717,11,3310,0
20240717,11,3311,7
20240717,11,3802,4
20240717,12,2111,10
20240717,12,2112,7
20240717,12,2116,2
20240717,12,2122,12
20240717,12,2128,4
20240717,12,2129,0
20240717,12,2130,16
20240717,12,2139,4
20240717,12,2143,10
20240717,12,2148,5
20240717,12,2159,4
20240717,12,2171,9
20240717,12,2172,10
20240717,12,2178,25
20240717,12,2179,9
20240717,12,2185,0
20240717,12,2186,1
20240717,12,2191,9
20240717,12,2198,6
20240717,12,2199,1
20240717,12,3310,0
20240717,12,3311,8
20240717,12,3802,3
20240717,13,2111,10
20240717,13,2112,8
20240717,13,2116,2
20240717,13,2122,11
20240717,13,2128,4
20240717,13,2129,0
20240717,13,2130,16
20240717,13,2139,6
20240717,13,2143,9
20240717,13,2148,4
20240717,13,2159,3
20240717,13,2171,10
20240717,13,2172,12
20240717,13,2178,25
20240717,13,2179,11
20240717,13,2185,0
20240717,13,2186,0
20240717,13,2191,9
20240717,13,2198,6
20240717,13,2199,1
20240717,13,3310,0
20240717,13,3311,7
20240717,13,3802,3
20240717,14,2111,11
20240717,14,2112,9
20240717,14,2116,2
20240717,14,2122,11
20240717,14,2128,4
20240717,14,2129,0
20240717,14,2130,16
20240717,14,2139,6
20240717,14,2143,10
20240717,14,2148,6
20240717,14,2159,4
20240717,14,2171,7
20240717,14,2172,11
20240717,14,2178,25
20240717,14,2179,11
20240717,14,2185,0
20240717,14,2186,0
20240717,14,2191,6
20240717,14,2198,7
20240717,14,2199,1
20240717,14,3310,0
20240717,14,3311,7
20240717,14,3802,3
20240717,15,2111,12
20240717,15,2112,7
20240717,15,2116,2
20240717,15,2122,11
20240717,15,2128,4
20240717,15,2129,0
20240717,15,2130,16
20240717,15,2139,8
20240717,15,2143,10
20240717,15,2148,5
20240717,15,2159,4
20240717,15,2171,6
20240717,15,2172,11
20240717,15,2178,26
20240717,15,2179,10
20240717,15,2185,0
20240717,15,2186,0
20240717,15,2191,7
20240717,15,2198,8
20240717,15,2199,1
20240717,15,3310,0
20240717,15,3311,5
20240717,15,3802,3
20240717,16,2111,9
20240717,16,2112,4
20240717,16,2116,2
20240717,16,2122,12
20240717,16,2128,4
20240717,16,2129,0
20240717,16,2130,16
20240717,16,2139,6
20240717,16,2143,10
20240717,16,2148,5
20240717,16,2159,4
20240717,16,2171,6
20240717,16,2172,10
20240717,16,2178,26
20240717,16,2179,9
20240717,16,2185,0
20240717,16,2186,0
20240717,16,2191,7
20240717,16,2198,8
20240717,16,2199,1
20240717,16,3310,0
20240717,16,3311,3
20240717,16,3802,4
20240717,17,2111,11
20240717,17,2112,4
20240717,17,2116,2
20240717,17,2122,13
20240717,17,2128,4
20240717,17,2129,0
20240717,17,2130,16
20240717,17,2139,6
20240717,17,2143,10
20240717,17,2148,6
20240717,17,2159,4
20240717,17,2171,6
20240717,17,2172,10
20240717,17,2178,25
20240717,17,2179,9
20240717,17,2185,1
20240717,17,2186,0
20240717,17,2191,9
20240717,17,2198,10
20240717,17,2199,1
20240717,17,3310,0
20240717,17,3311,3
20240717,17,3802,4
20240717,18,2111,11
20240717,18,2112,4
20240717,18,2116,2
20240717,18,2122,11
20240717,18,2128,4
20240717,18,2129,0
20240717,18,2130,16
20240717,18,2139,6
20240717,18,2143,9
20240717,18,2148,4
20240717,18,2159,3
20240717,18,2171,5
20240717,18,2172,11
20240717,18,2178,24
20240717,18,2179,8
20240717,18,2185,1
20240717,18,2186,0
20240717,18,2191,9
20240717,18,2198,9
20240717,18,2199,1
20240717,18,3310,0
20240717,18,3311,3
20240717,18,3802,4
20240717,19,2111,10
20240717,19,2112,6
20240717,19,2116,2
20240717,19,2122,9
20240717,19,2128,4
20240717,19,2129,0
20240717,19,2130,16
20240717,19,2139,4
20240717,19,2143,9
20240717,19,2148,3
20240717,19,2159,3
20240717,19,2171,3
20240717,19,2172,11
20240717,19,2178,24
20240717,19,2179,6
20240717,19,2185,1
20240717,19,2186,1
20240717,19,2191,8
20240717,19,2198,9
20240717,19,2199,1
20240717,19,3310,0
20240717,19,3311,3
20240717,19,3802,4
20240717,20,2111,10
20240717,20,2112,5
20240717,20,2116,4
20240717,20,2122,8
20240717,20,2128,2
20240717,20,2129,0
20240717,20,2130,16
20240717,20,2139,3
20240717,20,2143,8
20240717,20,2148,3
20240717,20,2159,3
20240717,20,2171,4
20240717,20,2172,10
20240717,20,2178,23
20240717,20,2179,7
20240717,20,2185,1
20240717,20,2186,15
20240717,20,2191,7
20240717,20,2198,8
20240717,20,2199,2
20240717,20,3310,0
20240717,20,3311,2
20240717,20,3802,4
20240717,21,2111,11
20240717,21,2112,3
20240717,21,2116,4
20240717,21,2122,6
20240717,21,2128,3
20240717,21,2129,0
20240717,21,2130,15
20240717,21,2139,2
20240717,21,2143,9
20240717,21,2148,3
20240717,21,2159,3
20240717,21,2171,4
20240717,21,2172,8
20240717,21,2178,22
20240717,21,2179,7
20240717,21,2185,2
20240717,21,2186,13
20240717,21,2191,5
20240717,21,2198,8
20240717,21,2199,2
20240717,21,3310,0
20240717,21,3311,0
20240717,21,3802,6
20240717,22,2111,12
20240717,22,2112,3
20240717,22,2116,4
20240717,22,2122,7
20240717,22,2128,4
20240717,22,2129,0
20240717,22,2130,15
20240717,22,2139,2
20240717,22,2143,10
20240717,22,2148,3
20240717,22,2159,5
20240717,22,2171,4
20240717,22,2172,8
20240717,22,2178,22
20240717,22,2179,8
20240717,22,2185,3
20240717,22,2186,13
20240717,22,2191,5
20240717,22,2198,8
20240717,22,2199,2
20240717,22,3310,0
20240717,22,3311,0
20240717,22,3802,5
20240717,23,2111,15
20240717,23,2112,3
20240717,23,2116,5
20240717,23,2122,7
20240717,23,2128,4
20240717,23,2129,0
20240717,23,2130,15
20240717,23,2139,2
20240717,23,2143,10
20240717,23,2148,3
20240717,23,2159,5
20240717,23,2171,4
20240717,23,2172,9
20240717,23,2178,23
20240717,23,2179,7
20240717,23,2185,3
20240717,23,2186,14
20240717,23,2191,4
20240717,23,2198,8
20240717,23,2199,2
20240717,23,3310,0
20240717,23,3311,3
20240717,23,3802,5
20240718,0,2111,14
20240718,0,2112,3
20240718,0,2116,5
20240718,0,2122,8
20240718,0,2128,4
20240718,0,2129,0
20240718,0,2130,15
20240718,0,2139,1
20240718,0,2143,10
20240718,0,2148,3
20240718,0,2159,5
20240718,0,2171,4
20240718,0,2172,9
20240718,0,2178,22
20240718,0,2179,6
20240718,0,2185,3
20240718,0,2186,14
20240718,0,2191,4
20240718,0,2198,8
20240718,0,2199,2
20240718,0,3310,0
20240718,0,3311,3
20240718,0,3802,5
20240718,1,2111,15
20240718,1,2112,4
20240718,1,2116,3
20240718,1,2122,8
20240718,1,2128,4
20240718,1,2129,0
20240718,1,2130,15
20240718,1,2139,1
20240718,1,2143,11
20240718,1,2148,3
20240718,1,2159,5
20240718,1,2171,3
20240718,1,2172,9
20240718,1,2178,22
20240718,1,2179,7
20240718,1,2185,4
20240718,1,2186,14
20240718,1,2191,4
20240718,1,2198,8
20240718,1,2199,2
20240718,1,3310,0
20240718,1,3311,3
20240718,1,3802,5
20240718,2,2111,13
20240718,2,2112,4
20240718,2,2116,3
20240718,2,2122,7
20240718,2,2128,4
20240718,2,2129,0
20240718,2,2130,15
20240718,2,2139,1
20240718,2,2143,11
20240718,2,2148,3
20240718,2,2159,5
20240718,2,2171,3
20240718,2,2172,9
20240718,2,2178,22
20240718,2,2179,7
20240718,2,2185,4
20240718,2,2186,14
20240718,2,2191,4
20240718,2,2198,8
20240718,2,2199,2
20240718,2,3310,0
20240718,2,3311,2
20240718,2,3802,5
20240718,3,2111,13
20240718,3,2112,4
20240718,3,2116,3
20240718,3,2122,8
20240718,3,2128,4
20240718,3,2129,0
20240718,3,2130,15
20240718,3,2139,2
20240718,3,2143,12
20240718,3,2148,3
20240718,3,2159,5
20240718,3,2171,3
20240718,3,2172,9
20240718,3,2178,22
20240718,3,2179,7
20240718,3,2185,4
20240718,3,2186,14
20240718,3,2191,5
20240718,3,2198,9
20240718,3,2199,2
20240718,3,3310,0
20240718,3,3311,2
20240718,3,3802,5
20240718,4,2111,14
20240718,4,2112,4
20240718,4,2116,3
20240718,4,2122,8
20240718,4,2128,4
20240718,4,2129,0
20240718,4,2130,15
20240718,4,2139,2
20240718,4,2143,12
20240718,4,2148,3
20240718,4,2159,5
20240718,4,2171,3
20240718,4,2172,9
20240718,4,2178,22
20240718,4,2179,8
20240718,4,2185,4
20240718,4,2186,14
20240718,4,2191,5
20240718,4,2198,9
20240718,4,2199,2
20240718,4,3310,0
20240718,4,3311,2
20240718,4,3802,5
20240718,5,2111,14
20240718,5,2112,4
20240718,5,2116,3
20240718,5,2122,8
20240718,5,2128,4
20240718,5,2129,0
20240718,5,2130,15
20240718,5,2139,2
20240718,5,2143,12
20240718,5,2148,3
20240718,5,2159,5
20240718,5,2171,3
20240718,5,2172,9
20240718,5,2178,22
20240718,5,2179,8
20240718,5,2185,4
20240718,5,2186,14
20240718,5,2191,5
20240718,5,2198,9
20240718,5,2199,3
20240718,5,3310,0
20240718,5,3311,2
20240718,5,3802,5
20240718,6,2111,14
20240718,6,2112,4
20240718,6,2116,2
20240718,6,2122,8
20240718,6,2128,4
20240718,6,2129,0
20240718,6,2130,14
20240718,6,2139,2
20240718,6,2143,12
20240718,6,2148,3
20240718,6,2159,5
20240718,6,2171,3
20240718,6,2172,9
20240718,6,2178,22
20240718,6,2179,8
20240718,6,2185,4
20240718,6,2186,14
20240718,6,2191,5
20240718,6,2198,9
20240718,6,2199,2
20240718,6,3310,0
20240718,6,3311,2
20240718,6,3802,5
20240718,7,2111,14
20240718,7,2112,4
20240718,7,2116,2
20240718,7,2122,8
20240718,7,2128,4
20240718,7,2129,0
20240718,7,2130,14
20240718,7,2139,1
20240718,7,2143,12
20240718,7,2148,3
20240718,7,2159,5
20240718,7,2171,3
20240718,7,2172,9
20240718,7,2178,22
20240718,7,2179,8
20240718,7,2185,4
20240718,7,2186,14
20240718,7,2191,5
20240718,7,2198,9
20240718,7,2199,2
20240718,7,3310,0
20240718,7,3311,2
20240718,7,3802,5
20240718,8,2111,14
20240718,8,2112,4
20240718,8,2116,3
20240718,8,2122,8
20240718,8,2128,4
20240718,8,2129,0
20240718,8,2130,15
20240718,8,2139,1
20240718,8,2143,12
20240718,8,2148,3
20240718,8,2159,5
20240718,8,2171,3
20240718,8,2172,9
20240718,8,2178,22
20240718,8,2179,8
20240718,8,2185,4
20240718,8,2186,14
20240718,8,2191,5
20240718,8,2198,9
20240718,8,2199,2
20240718,8,3310,0
20240718,8,3311,2
20240718,8,3802,5
20240718,9,2111,14
20240718,9,2112,4
20240718,9,2116,3
20240718,9,2122,8
20240718,9,2128,4
20240718,9,2129,0
20240718,9,2130,15
20240718,9,2139,1
20240718,9,2143,12
20240718,9,2148,3
20240718,9,2159,5
20240718,9,2171,4
20240718,9,2172,9
20240718,9,2178,22
20240718,9,2179,8
20240718,9,2185,4
20240718,9,2186,14
20240718,9,2191,5
20240718,9,2198,8
20240718,9,2199,2
20240718,9,3310,0
20240718,9,3311,2
20240718,9,3802,5
20240718,10,2111,14
20240718,10,2112,4
20240718,10,2116,2
20240718,10,2122,8
20240718,10,2128,4
20240718,10,2129,0
20240718,10,2130,15
20240718,10,2139,1
20240718,10,2143,12
20240718,10,2148,3
20240718,10,2159,5
20240718,10,2171,4
20240718,10,2172,9
20240718,10,2178,22
20240718,10,2179,8
20240718,10,2185,4
20240718,10,2186,14
20240718,10,2191,5
20240718,10,2198,8
20240718,10,2199,2
20240718,10,3310,0
20240718,10,3311,2
20240718,10,3802,5
20240718,11,2111,14
20240718,11,2112,4
20240718,11,2116,2
20240718,11,2122,8
20240718,11,2128,4
20240718,11,2129,0
20240718,11,2130,15
20240718,11,2139,1
20240718,11,2143,12
20240718,11,2148,3
20240718,11,2159,5
20240718,11,2171,4
20240718,11,2172,9
20240718,11,2178,22
20240718,11,2179,8
20240718,11,2185,4
20240718,11,2186,14
20240718,11,2191,5
20240718,11,2198,8
20240718,11,2199,2
20240718,11,3310,0
20240718,11,3311,2
20240718,11,3802,5
20240718,12,2111,14
20240718,12,2112,4
20240718,12,2116,3
20240718,12,2122,8
20240718,12,2128,4
20240718,12,2129,0
20240718,12,2130,15
20240718,12,2139,1
20240718,12,2143,12
20240718,12,2148,2
20240718,12,2159,5
20240718,12,2171,4
20240718,12,2172,9
20240718,12,2178,22
20240718,12,2179,8
20240718,12,2185,4
20240718,12,2186,14
20240718,12,2191,5
20240718,12,2198,8
20240718,12,2199,2
20240718,12,3310,0
20240718,12,3311,2
20240718,12,3802,5
20240718,13,2111,14
20240718,13,2112,4
20240718,13,2116,3
20240718,13,2122,8
20240718,13,2128,4
20240718,13,2129,0
20240718,13,2130,15
20240718,13,2139,1
20240718,13,2143,12
20240718,13,2148,2
20240718,13,2159,5
20240718,13,2171,4
20240718,13,2172,9
20240718,13,2178,22
20240718,13,2179,8
20240718,13,2185,4
20240718,13,2186,14
20240718,13,2191,5
20240718,13,2198,8
20240718,13,2199,2
20240718,13,3310,0
20240718,13,3311,2
20240718,13,3802,6
20240718,14,2111,13
20240718,14,2112,4
20240718,14,2116,3
20240718,14,2122,8
20240718,14,2128,4
20240718,14,2129,0
20240718,14,2130,15
20240718,14,2139,1
20240718,14,2143,12
20240718,14,2148,2
20240718,14,2159,5
20240718,14,2171,4
20240718,14,2172,9
20240718,14,2178,22
20240718,14,2179,8
20240718,14,2185,4
20240718,14,2186,14
20240718,14,2191,6
20240718,14,2198,8
20240718,14,2199,2
20240718,14,3310,0
20240718,14,3311,2
20240718,14,3802,6
20240718,15,2111,13
20240718,15,2112,4
20240718,15,2116,3
20240718,15,2122,8
20240718,15,2128,5
20240718,15,2129,0
20240718,15,2130,15
20240718,15,2139,1
20240718,15,2143,12
20240718,15,2148,2
20240718,15,2159,5
20240718,15,2171,4
20240718,15,2172,9
20240718,15,2178,22
20240718,15,2179,8
20240718,15,2185,4
20240718,15,2186,14
20240718,15,2191,6
20240718,15,2198,8
20240718,15,2199,2
20240718,15,3310,0
20240718,15,3311,2
20240718,15,3802,5
20240718,16,2111,13
20240718,16,2112,4
20240718,16,2116,3
20240718,16,2122,8
20240718,16,2128,4
20240718,16,2129,0
20240718,16,2130,15
20240718,16,2139,1
20240718,16,2143,12
20240718,16,2148,2
20240718,16,2159,5
20240718,16,2171,4
20240718,16,2172,9
20240718,16,2178,22
20240718,16,2179,7
20240718,16,2185,3
20240718,16,2186,14
20240718,16,2191,6
20240718,16,2198,8
20240718,16,2199,2
20240718,16,3310,0
20240718,16,3311,2
20240718,16,3802,5
20240718,17,2111,12
20240718,17,2112,4
20240718,17,2116,3
20240718,17,2122,8
20240718,17,2128,4
20240718,17,2129,0
20240718,17,2130,13
20240718,17,2139,1
20240718,17,2143,11
20240718,17,2148,2
20240718,17,2159,5
20240718,17,2171,4
20240718,17,2172,9
20240718,17,2178,22
20240718,17,2179,7
20240718,17,2185,3
20240718,17,2186,13
20240718,17,2191,6
20240718,17,2198,8
20240718,17,2199,2
20240718,17,3310,0
20240718,17,3311,2
20240718,17,3802,5
20240718,18,2111,10
20240718,18,2112,2
20240718,18,2116,2
20240718,18,2122,8
20240718,18,2128,3
20240718,18,2129,0
20240718,18,2130,12
20240718,18,2139,1
20240718,18,2143,8
20240718,18,2148,2
20240718,18,2159,4
20240718,18,2171,5
20240718,18,2172,10
20240718,18,2178,20
20240718,18,2179,7
20240718,18,2185,3
20240718,18,2186,13
20240718,18,2191,6
20240718,18,2198,7
20240718,18,2199,1
20240718,18,3310,0
20240718,18,3311,0
20240718,18,3802,5
20240718,19,2111,8
20240718,19,2112,2
20240718,19,2116,2
20240718,19,2122,8
20240718,19,2128,2
20240718,19,2129,0
20240718,19,2130,12
20240718,19,2139,1
20240718,19,2143,9
20240718,19,2148,2
20240718,19,2159,4
20240718,19,2171,3
20240718,19,2172,12
20240718,19,2178,19
20240718,19,2179,6
20240718,19,2185,4
20240718,19,2186,14
20240718,19,2191,7
20240718,19,2198,6
20240718,19,2199,1
20240718,19,3310,0
20240718,19,3311,0
20240718,19,3802,8
20240718,20,2111,8
20240718,20,2112,1
20240718,20,2116,2
20240718,20,2122,5
20240718,20,2128,4
20240718,20,2129,0
20240718,20,2130,12
20240718,20,2139,1
20240718,20,2143,8
20240718,20,2148,3
20240718,20,2159,5
20240718,20,2171,2
20240718,20,2172,11
20240718,20,2178,19
20240718,20,2179,6
20240718,20,2185,5
20240718,20,2186,15
20240718,20,2191,8
20240718,20,2198,4
20240718,20,2199,1
20240718,20,3310,0
20240718,20,3311,0
20240718,20,3802,10
20240718,21,2111,9
20240718,21,2112,0
20240718,21,2116,2
20240718,21,2122,6
20240718,21,2128,3
20240718,21,2129,0
20240718,21,2130,11
20240718,21,2139,3
20240718,21,2143,8
20240718,21,2148,2
20240718,21,2159,5
20240718,21,2171,0
20240718,21,2172,12
20240718,21,2178,18
20240718,21,2179,6
20240718,21,2185,5
20240718,21,2186,15
20240718,21,2191,7
20240718,21,2198,5
20240718,21,2199,1
20240718,21,3310,0
20240718,21,3311,0
20240718,21,3802,5
20240718,22,2111,13
20240718,22,2112,0
20240718,22,2116,1
20240718,22,2122,6
20240718,22,2128,3
20240718,22,2129,0
20240718,22,2130,11
20240718,22,2139,1
20240718,22,2143,8
20240718,22,2148,1
20240718,22,2159,5
20240718,22,2171,1
20240718,22,2172,12
20240718,22,2178,18
20240718,22,2179,5
20240718,22,2185,6
20240718,22,2186,16
20240718,22,2191,7
20240718,22,2198,5
20240718,22,2199,1
20240718,22,3310,0
20240718,22,3311,0
20240718,22,3802,4
20240718,23,2111,11
20240718,23,2112,0
20240718,23,2116,0
20240718,23,2122,5
20240718,23,2128,3
20240718,23,2129,0
20240718,23,2130,11
20240718,23,2139,0
20240718,23,2143,9
20240718,23,2148,1
20240718,23,2159,5
20240718,23,2171,0
20240718,23,2172,11
20240718,23,2178,18
20240718,23,2179,5
20240718,23,2185,7
20240718,23,2186,14
20240718,23,2191,8
20240718,23,2198,6
20240718,23,2199,1
20240718,23,3310,0
20240718,23,3311,0
20240718,23,3802,4
20240719,0,2111,7
20240719,0,2112,0
20240719,0,2116,0
20240719,0,2122,5
20240719,0,2128,3
20240719,0,2129,0
20240719,0,2130,11
20240719,0,2139,0
20240719,0,2143,9
20240719,0,2148,1
20240719,0,2159,5
20240719,0,2171,0
20240719,0,2172,9
20240719,0,2178,19
20240719,0,2179,3
20240719,0,2185,7
20240719,0,2186,14
20240719,0,2191,6
20240719,0,2198,5
20240719,0,2199,1
20240719,0,3310,0
20240719,0,3311,0
20240719,0,3802,3
20240719,1,2111,7
20240719,1,2112,0
20240719,1,2116,0
20240719,1,2122,5
20240719,1,2128,3
20240719,1,2129,0
20240719,1,2130,11
20240719,1,2139,0
20240719,1,2143,9
20240719,1,2148,1
20240719,1,2159,5
20240719,1,2171,0
20240719,1,2172,8
20240719,1,2178,19
20240719,1,2179,4
20240719,1,2185,8
20240719,1,2186,13
20240719,1,2191,8
20240719,1,2198,4
20240719,1,2199,1
20240719,1,3310,0
20240719,1,3311,0
20240719,1,3802,3
20240719,2,2111,7
20240719,2,2112,0
20240719,2,2116,0
20240719,2,2122,5
20240719,2,2128,3
20240719,2,2129,0
20240719,2,2130,11
20240719,2,2139,1
20240719,2,2143,9
20240719,2,2148,1
20240719,2,2159,5
20240719,2,2171,1
20240719,2,2172,8
20240719,2,2178,19
20240719,2,2179,4
20240719,2,2185,8
20240719,2,2186,13
20240719,2,2191,8
20240719,2,2198,4
20240719,2,2199,2
20240719,2,3310,0
20240719,2,3311,0
20240719,2,3802,3
20240719,3,2111,7
20240719,3,2112,0
20240719,3,2116,0
20240719,3,2122,5
20240719,3,2128,3
20240719,3,2129,0
20240719,3,2130,11
20240719,3,2139,1
20240719,3,2143,10
20240719,3,2148,1
20240719,3,2159,5
20240719,3,2171,1
20240719,3,2172,8
20240719,3,2178,20
20240719,3,2179,4
20240719,3,2185,7
20240719,3,2186,13
20240719,3,2191,8
20240719,3,2198,4
20240719,3,2199,2
20240719,3,3310,0
20240719,3,3311,0
20240719,3,3802,3
20240719,4,2111,7
20240719,4,2112,0
20240719,4,2116,0
20240719,4,2122,4
20240719,4,2128,3
20240719,4,2129,0
20240719,4,2130,11
20240719,4,2139,1
20240719,4,2143,10
20240719,4,2148,1
20240719,4,2159,5
20240719,4,2171,0
20240719,4,2172,8
20240719,4,2178,20
20240719,4,2179,4
20240719,4,2185,7
20240719,4,2186,13
20240719,4,2191,9
20240719,4,2198,4
20240719,4,2199,2
20240719,4,3310,0
20240719,4,3311,0
20240719,4,3802,3
20240719,5,2111,7
20240719,5,2112,0
20240719,5,2116,0
20240719,5,2122,4
20240719,5,2128,3
20240719,5,2129,0
20240719,5,2130,11
20240719,5,2139,0
20240719,5,2143,10
20240719,5,2148,1
20240719,5,2159,5
20240719,5,2171,1
20240719,5,2172,8
20240719,5,2178,20
20240719,5,2179,5
20240719,5,2185,7
20240719,5,2186,13
20240719,5,2191,9
20240719,5,2198,2
20240719,5,2199,1
20240719,5,3310,0
20240719,5,3311,0
20240719,5,3802,3
20240719,6,2111,8
20240719,6,2112,0
20240719,6,2116,0
20240719,6,2122,4
20240719,6,2128,3
20240719,6,2129,0
20240719,6,2130,10
20240719,6,2139,0
20240719,6,2143,9
20240719,6,2148,1
20240719,6,2159,5
20240719,6,2171,0
20240719,6,2172,7
20240719,6,2178,20
20240719,6,2179,5
20240719,6,2185,7
20240719,6,2186,12
20240719,6,2191,10
20240719,6,2198,2
20240719,6,2199,1
20240719,6,3310,0
20240719,6,3311,1
20240719,6,3802,6
20240719,7,2111,8
20240719,7,2112,0
20240719,7,2116,0
20240719,7,2122,3
20240719,7,2128,1
20240719,7,2129,0
20240719,7,2130,10
20240719,7,2139,0
20240719,7,2143,9
20240719,7,2148,3
20240719,7,2159,5
20240719,7,2171,0
20240719,7,2172,8
20240719,7,2178,20
20240719,7,2179,5
20240719,7,2185,6
20240719,7,2186,9
20240719,7,2191,9
20240719,7,2198,2
20240719,7,2199,1
20240719,7,3310,0
20240719,7,3311,1
20240719,7,3802,7
20240719,8,2111,9
20240719,8,2112,0
20240719,8,2116,0
20240719,8,2122,3
20240719,8,2128,0
20240719,8,2129,1
20240719,8,2130,11
20240719,8,2139,0
20240719,8,2143,9
20240719,8,2148,1
20240719,8,2159,5
20240719,8,2171,0
20240719,8,2172,10
20240719,8,2178,20
20240719,8,2179,4
20240719,8,2185,4
20240719,8,2186,9
20240719,8,2191,4
20240719,8,2198,1
20240719,8,2199,1
20240719,8,3310,0
20240719,8,3311,5
20240719,8,3802,3
20240719,9,2111,10
20240719,9,2112,1
20240719,9,2116,1
20240719,9,2122,5
20240719,9,2128,2
20240719,9,2129,2
20240719,9,2130,11
20240719,9,2139,0
20240719,9,2143,10
20240719,9,2148,0
20240719,9,2159,5
20240719,9,2171,3
20240719,9,2172,10
20240719,9,2178,19
20240719,9,2179,4
20240719,9,2185,3
20240719,9,2186,7
20240719,9,2191,4
20240719,9,2198,1
20240719,9,2199,1
20240719,9,3310,0
20240719,9,3311,8
20240719,9,3802,1
20240719,10,2111,11
20240719,10,2112,2
20240719,10,2116,4
20240719,10,2122,5
20240719,10,2128,5
20240719,10,2129,1
20240719,10,2130,11
20240719,10,2139,1
20240719,10,2143,10
20240719,10,2148,1
20240719,10,2159,7
20240719,10,2171,6
20240719,10,2172,10
20240719,10,2178,19
20240719,10,2179,2
20240719,10,2185,2
20240719,10,2186,4
20240719,10,2191,4
20240719,10,2198,1
20240719,10,2199,1
20240719,10,3310,0
20240719,10,3311,10
20240719,10,3802,0
20240719,11,2111,10
20240719,11,2112,1
20240719,11,2116,4
20240719,11,2122,5
20240719,11,2128,5
20240719,11,2129,1
20240719,11,2130,11
20240719,11,2139,1
20240719,11,2143,10
20240719,11,2148,1
20240719,11,2159,7
20240719,11,2171,5
20240719,11,2172,11
20240719,11,2178,18
20240719,11,2179,2
20240719,11,2185,1
20240719,11,2186,3
20240719,11,2191,4
20240719,11,2198,2
20240719,11,2199,1
20240719,11,3310,0
20240719,11,3311,14
20240719,11,3802,0
20240719,12,2111,13
20240719,12,2112,1
20240719,12,2116,6
20240719,12,2122,5
20240719,12,2128,6
20240719,12,2129,1
20240719,12,2130,9
20240719,12,2139,0
20240719,12,2143,8
20240719,12,2148,0
20240719,12,2159,6
20240719,12,2171,6
20240719,12,2172,10
20240719,12,2178,18
20240719,12,2179,2
20240719,12,2185,0
20240719,12,2186,3
20240719,12,2191,6
20240719,12,2198,3
20240719,12,2199,1
20240719,12,3310,0
20240719,12,3311,14
20240719,12,3802,1
20240719,13,2111,11
20240719,13,2112,2
20240719,13,2116,5
20240719,13,2122,3
20240719,13,2128,6
20240719,13,2129,0
20240719,13,2130,9
20240719,13,2139,0
20240719,13,2143,9
20240719,13,2148,0
20240719,13,2159,6
20240719,13,2171,8
20240719,13,2172,11
20240719,13,2178,17
20240719,13,2179,2
20240719,13,2185,0
20240719,13,2186,1
20240719,13,2191,6
20240719,13,2198,2
20240719,13,2199,1
20240719,13,3310,0
20240719,13,3311,14
20240719,13,3802,0
20240719,14,2111,10
20240719,14,2112,4
20240719,14,2116,5
20240719,14,2122,2
20240719,14,2128,5
20240719,14,2129,5
20240719,14,2130,9
20240719,14,2139,1
20240719,14,2143,11
20240719,14,2148,1
20240719,14,2159,6
20240719,14,2171,7
20240719,14,2172,11
20240719,14,2178,17
20240719,14,2179,2
20240719,14,2185,0
20240719,14,2186,1
20240719,14,2191,5
20240719,14,2198,2
20240719,14,2199,2
20240719,14,3310,14
20240719,14,3311,13
20240719,14,3802,0
20240719,15,2111,11
20240719,15,2112,5
20240719,15,2116,5
20240719,15,2122,2
20240719,15,2128,4
20240719,15,2129,20
20240719,15,2130,9
20240719,15,2139,3
20240719,15,2143,11
20240719,15,2148,1
20240719,15,2159,22
20240719,15,2171,10
20240719,15,2172,13
20240719,15,2178,17
20240719,15,2179,3
20240719,15,2185,0
20240719,15,2186,2
20240719,15,2191,5
20240719,15,2198,3
20240719,15,2199,2
20240719,15,3310,14
20240719,15,3311,13
20240719,15,3802,0
20240719,16,2111,10
20240719,16,2112,5
20240719,16,2116,4
20240719,16,2122,3
20240719,16,2128,3
20240719,16,2129,18
20240719,16,2130,8
20240719,16,2139,3
20240719,16,2143,11
20240719,16,2148,1
20240719,16,2159,21
20240719,16,2171,11
20240719,16,2172,13
20240719,16,2178,17
20240719,16,2179,3
20240719,16,2185,0
20240719,16,2186,2
20240719,16,2191,4
20240719,16,2198,3
20240719,16,2199,1
20240719,16,3310,12
20240719,16,3311,11
20240719,16,3802,0
20240719,17,2111,9
20240719,17,2112,5
20240719,17,2116,2
20240719,17,2122,2
20240719,17,2128,3
20240719,17,2129,12
20240719,17,2130,8
20240719,17,2139,2
20240719,17,2143,11
20240719,17,2148,0
20240719,17,2159,21
20240719,17,2171,10
20240719,17,2172,13
20240719,17,2178,11
20240719,17,2179,2
20240719,17,2185,0
20240719,17,2186,1
20240719,17,2191,3
20240719,17,2198,1
20240719,17,2199,1
20240719,17,3310,10
20240719,17,3311,9
20240719,17,3802,0
20240719,18,2111,8
20240719,18,2112,5
20240719,18,2116,2
20240719,18,2122,3
20240719,18,2128,3
20240719,18,2129,9
20240719,18,2130,7
20240719,18,2139,3
20240719,18,2143,6
20240719,18,2148,0
20240719,18,2159,19
20240719,18,2171,9
20240719,18,2172,13
20240719,18,2178,9
20240719,18,2179,2
20240719,18,2185,1
20240719,18,2186,3
20240719,18,2191,3
20240719,18,2198,1
20240719,18,2199,3
20240719,18,3310,10
20240719,18,3311,8
20240719,18,3802,2
20240719,19,2111,12
20240719,19,2112,5
20240719,19,2116,3
20240719,19,2122,2
20240719,19,2128,4
20240719,19,2129,10
20240719,19,2130,7
20240719,19,2139,2
20240719,19,2143,7
20240719,19,2148,0
20240719,19,2159,20
20240719,19,2171,8
20240719,19,2172,10
20240719,19,2178,7
20240719,19,2179,4
20240719,19,2185,2
20240719,19,2186,7
20240719,19,2191,5
20240719,19,2198,0
20240719,19,2199,3
20240719,19,3310,9
20240719,19,3311,6
20240719,19,3802,6
20240719,20,2111,16
20240719,20,2112,1
20240719,20,2116,3
20240719,20,2122,2
20240719,20,2128,5
20240719,20,2129,8
20240719,20,2130,7
20240719,20,2139,0
20240719,20,2143,6
20240719,20,2148,0
20240719,20,2159,19
20240719,20,2171,6
20240719,20,2172,9
20240719,20,2178,5
20240719,20,2179,4
20240719,20,2185,2
20240719,20,2186,7
20240719,20,2191,4
20240719,20,2198,0
20240719,20,2199,2
20240719,20,3310,9
20240719,20,3311,6
20240719,20,3802,5
20240719,21,2111,13
20240719,21,2112,1
20240719,21,2116,4
20240719,21,2122,2
20240719,21,2128,4
20240719,21,2129,6
20240719,21,2130,8
20240719,21,2139,2
20240719,21,2143,8
20240719,21,2148,0
20240719,21,2159,20
20240719,21,2171,4
20240719,21,2172,9
20240719,21,2178,5
20240719,21,2179,6
20240719,21,2185,2
20240719,21,2186,6
20240719,21,2191,4
20240719,21,2198,13
20240719,21,2199,2
20240719,21,3310,8
20240719,21,3311,6
20240719,21,3802,4
20240719,22,2111,13
20240719,22,2112,1
20240719,22,2116,1
20240719,22,2122,1
20240719,22,2128,3
20240719,22,2129,6
20240719,22,2130,9
20240719,22,2139,2
20240719,22,2143,9
20240719,22,2148,0
20240719,22,2159,20
20240719,22,2171,2
20240719,22,2172,9
20240719,22,2178,5
20240719,22,2179,8
20240719,22,2185,2
20240719,22,2186,5
20240719,22,2191,5
20240719,22,2198,15
20240719,22,2199,2
20240719,22,3310,8
20240719,22,3311,6
20240719,22,3802,3
20240719,23,2111,11
20240719,23,2112,2
20240719,23,2116,0
20240719,23,2122,1
20240719,23,2128,4
20240719,23,2129,6
20240719,23,2130,9
20240719,23,2139,6
20240719,23,2143,7
20240719,23,2148,0
20240719,23,2159,20
20240719,23,2171,6
20240719,23,2172,9
20240719,23,2178,4
20240719,23,2179,5
20240719,23,2185,4
20240719,23,2186,5
20240719,23,2191,3
20240719,23,2198,15
20240719,23,2199,2
20240719,23,3310,8
20240719,23,3311,6
20240719,23,3802,3
20240720,0,2111,9
20240720,0,2112,2
20240720,0,2116,0
20240720,0,2122,1
20240720,0,2128,1
20240720,0,2129,6
20240720,0,2130,9
20240720,0,2139,5
20240720,0,2143,8
20240720,0,2148,3
20240720,0,2159,20
20240720,0,2171,3
20240720,0,2172,9
20240720,0,2178,3
20240720,0,2179,5
20240720,0,2185,4
20240720,0,2186,6
20240720,0,2191,4
20240720,0,2198,16
20240720,0,2199,2
20240720,0,3310,8
20240720,0,3311,6
20240720,0,3802,4
20240720,1,2111,8
20240720,1,2112,2
20240720,1,2116,0
20240720,1,2122,0
20240720,1,2128,1
20240720,1,2129,7
20240720,1,2130,9
20240720,1,2139,3
20240720,1,2143,8
20240720,1,2148,2
20240720,1,2159,18
20240720,1,2171,1
20240720,1,2172,8
20240720,1,2178,3
20240720,1,2179,5
20240720,1,2185,5
20240720,1,2186,6
20240720,1,2191,6
20240720,1,2198,16
20240720,1,2199,3
20240720,1,3310,8
20240720,1,3311,5
20240720,1,3802,4
20240720,2,2111,6
20240720,2,2112,4
20240720,2,2116,0
20240720,2,2122,1
20240720,2,2128,1
20240720,2,2129,7
20240720,2,2130,9
20240720,2,2139,2
20240720,2,2143,9
20240720,2,2148,2
20240720,2,2159,18
20240720,2,2171,1
20240720,2,2172,7
20240720,2,2178,3
20240720,2,2179,6
20240720,2,2185,5
20240720,2,2186,6
20240720,2,2191,8
20240720,2,2198,15
20240720,2,2199,3
20240720,2,3310,8
20240720,2,3311,4
20240720,2,3802,4
20240720,3,2111,6
20240720,3,2112,3
20240720,3,2116,1
20240720,3,2122,1
20240720,3,2128,1
20240720,3,2129,8
20240720,3,2130,9
20240720,3,2139,2
20240720,3,2143,10
20240720,3,2148,3
20240720,3,2159,18
20240720,3,2171,1
20240720,3,2172,7
20240720,3,2178,3
20240720,3,2179,6
20240720,3,2185,6
20240720,3,2186,7
20240720,3,2191,14
20240720,3,2198,13
20240720,3,2199,3
20240720,3,3310,7
20240720,3,3311,3
20240720,3,3802,4
20240720,4,2111,6
20240720,4,2112,3
20240720,4,2116,0
20240720,4,2122,1
20240720,4,2128,1
20240720,4,2129,8
20240720,4,2130,9
20240720,4,2139,2
20240720,4,2143,10
20240720,4,2148,2
20240720,4,2159,18
20240720,4,2171,1
20240720,4,2172,7
20240720,4,2178,3
20240720,4,2179,6
20240720,4,2185,6
20240720,4,2186,7
20240720,4,2191,15
20240720,4,2198,14
20240720,4,2199,3
20240720,4,3310,7
20240720,4,3311,3
20240720,4,3802,4
20240720,5,2111,6
20240720,5,2112,3
20240720,5,2116,0
20240720,5,2122,1
20240720,5,2128,1
20240720,5,2129,7
20240720,5,2130,9
20240720,5,2139,1
20240720,5,2143,9
20240720,5,2148,2
20240720,5,2159,18
20240720,5,2171,0
20240720,5,2172,7
20240720,5,2178,3
20240720,5,2179,6
20240720,5,2185,6
20240720,5,2186,6
20240720,5,2191,16
20240720,5,2198,13
20240720,5,2199,3
20240720,5,3310,7
20240720,5,3311,3
20240720,5,3802,4
20240720,6,2111,7
20240720,6,2112,4
20240720,6,2116,0
20240720,6,2122,1
20240720,6,2128,1
20240720,6,2129,7
20240720,6,2130,9
20240720,6,2139,1
20240720,6,2143,9
20240720,6,2148,1
20240720,6,2159,18
20240720,6,2171,0
20240720,6,2172,7
20240720,6,2178,4
20240720,6,2179,6
20240720,6,2185,5
20240720,6,2186,5
20240720,6,2191,15
20240720,6,2198,11
20240720,6,2199,3
20240720,6,3310,6
20240720,6,3311,3
20240720,6,3802,6
20240720,7,2111,7
20240720,7,2112,4
20240720,7,2116,0
20240720,7,2122,0
20240720,7,2128,1
20240720,7,2129,6
20240720,7,2130,9
20240720,7,2139,0
20240720,7,2143,9
20240720,7,2148,1
20240720,7,2159,17
20240720,7,2171,0
20240720,7,2172,8
20240720,7,2178,4
20240720,7,2179,6
20240720,7,2185,4
20240720,7,2186,4
20240720,7,2191,13
20240720,7,2198,9
20240720,7,2199,3
20240720,7,3310,6
20240720,7,3311,4
20240720,7,3802,6
20240720,8,2111,6
20240720,8,2112,4
20240720,8,2116,0
20240720,8,2122,0
20240720,8,2128,1
20240720,8,2129,6
20240720,8,2130,9
20240720,8,2139,0
20240720,8,2143,9
20240720,8,2148,1
20240720,8,2159,18
20240720,8,2171,2
20240720,8,2172,8
20240720,8,2178,4
20240720,8,2179,7
20240720,8,2185,3
20240720,8,2186,4
20240720,8,2191,12
20240720,8,2198,8
20240720,8,2199,3
20240720,8,3310,4
20240720,8,3311,4
20240720,8,3802,5
20240720,9,2111,6
20240720,9,2112,4
20240720,9,2116,15
20240720,9,2122,2
20240720,9,2128,1
20240720,9,2129,6
20240720,9,2130,9
20240720,9,2139,0
20240720,9,2143,11
20240720,9,2148,2
20240720,9,2159,17
20240720,9,2171,4
20240720,9,2172,9
20240720,9,2178,4
20240720,9,2179,9
20240720,9,2185,2
20240720,9,2186,5
20240720,9,2191,11
20240720,9,2198,8
20240720,9,2199,3
20240720,9,3310,4
20240720,9,3311,5
20240720,9,3802,8
20240720,10,2111,6
20240720,10,2112,4
20240720,10,2116,16
20240720,10,2122,1
20240720,10,2128,1
20240720,10,2129,6
20240720,10,2130,9
20240720,10,2139,3
20240720,10,2143,11
20240720,10,2148,2
20240720,10,2159,17
20240720,10,2171,4
20240720,10,2172,8
20240720,10,2178,20
20240720,10,2179,8
20240720,10,2185,2
20240720,10,2186,3
20240720,10,2191,12
20240720,10,2198,9
20240720,10,2199,2
20240720,10,3310,4
20240720,10,3311,4
20240720,10,3802,8
20240720,11,2111,8
20240720,11,2112,1
20240720,11,2116,16
20240720,11,2122,1
20240720,11,2128,1
20240720,11,2129,5
20240720,11,2130,7
20240720,11,2139,0
20240720,11,2143,10
20240720,11,2148,4
20240720,11,2159,17
20240720,11,2171,19
20240720,11,2172,7
20240720,11,2178,20
20240720,11,2179,7
20240720,11,2185,1
20240720,11,2186,3
20240720,11,2191,13
20240720,11,2198,7
20240720,11,2199,2
20240720,11,3310,2
20240720,11,3311,4
20240720,11,3802,3
20240720,12,2111,7
20240720,12,2112,3
20240720,12,2116,19
20240720,12,2122,1
20240720,12,2128,1
20240720,12,2129,5
20240720,12,2130,7
20240720,12,2139,0
20240720,12,2143,11
20240720,12,2148,4
20240720,12,2159,16
20240720,12,2171,20
20240720,12,2172,7
20240720,12,2178,19
20240720,12,2179,8
20240720,12,2185,0
20240720,12,2186,3
20240720,12,2191,7
20240720,12,2198,6
20240720,12,2199,3
20240720,12,3310,1
20240720,12,3311,2
20240720,12,3802,4
20240720,13,2111,7
20240720,13,2112,4
20240720,13,2116,18
20240720,13,2122,1
20240720,13,2128,1
20240720,13,2129,5
20240720,13,2130,7
20240720,13,2139,0
20240720,13,2143,11
20240720,13,2148,4
20240720,13,2159,15
20240720,13,2171,20
20240720,13,2172,7
20240720,13,2178,18
20240720,13,2179,11
20240720,13,2185,1
20240720,13,2186,3
20240720,13,2191,4
20240720,13,2198,5
20240720,13,2199,3
20240720,13,3310,0
20240720,13,3311,2
20240720,13,3802,4
20240720,14,2111,7
20240720,14,2112,4
20240720,14,2116,18
20240720,14,2122,2
20240720,14,2128,2
20240720,14,2129,5
20240720,14,2130,8
20240720,14,2139,0
20240720,14,2143,11
20240720,14,2148,4
20240720,14,2159,15
20240720,14,2171,19
20240720,14,2172,7
20240720,14,2178,18
20240720,14,2179,12
20240720,14,2185,3
20240720,14,2186,3
20240720,14,2191,4
20240720,14,2198,7
20240720,14,2199,3
20240720,14,3310,0
20240720,14,3311,5
20240720,14,3802,4
20240720,15,2111,6
20240720,15,2112,4
20240720,15,2116,19
20240720,15,2122,3
20240720,15,2128,2
20240720,15,2129,5
20240720,15,2130,8
20240720,15,2139,2
20240720,15,2143,10
20240720,15,2148,3
20240720,15,2159,15
20240720,15,2171,17
20240720,15,2172,6
20240720,15,2178,18
20240720,15,2179,9
20240720,15,2185,2
20240720,15,2186,4
20240720,15,2191,3
20240720,15,2198,7
20240720,15,2199,3
20240720,15,3310,0
20240720,15,3311,6
20240720,15,3802,3
20240720,16,2111,5
20240720,16,2112,5
20240720,16,2116,19
20240720,16,2122,14
20240720,16,2128,2
20240720,16,2129,4
20240720,16,2130,9
20240720,16,2139,3
20240720,16,2143,11
20240720,16,2148,3
20240720,16,2159,15
20240720,16,2171,17
20240720,16,2172,4
20240720,16,2178,13
20240720,16,2179,7
20240720,16,2185,2
20240720,16,2186,3
20240720,16,2191,2
20240720,16,2198,5
20240720,16,2199,3
20240720,16,3310,0
20240720,16,3311,2
20240720,16,3802,6
20240720,17,2111,5
20240720,17,2112,5
20240720,17,2116,17
20240720,17,2122,14
20240720,17,2128,4
20240720,17,2129,3
20240720,17,2130,9
20240720,17,2139,3
20240720,17,2143,11
20240720,17,2148,5
20240720,17,2159,14
20240720,17,2171,15
20240720,17,2172,4
20240720,17,2178,10
20240720,17,2179,11
20240720,17,2185,4
20240720,17,2186,3
20240720,17,2191,3
20240720,17,2198,4
20240720,17,2199,3
20240720,17,3310,0
20240720,17,3311,2
20240720,17,3802,7
20240720,18,2111,7
20240720,18,2112,6
20240720,18,2116,17
20240720,18,2122,15
20240720,18,2128,0
20240720,18,2129,2
20240720,18,2130,9
20240720,18,2139,5
20240720,18,2143,10
20240720,18,2148,7
20240720,18,2159,14
20240720,18,2171,15
20240720,18,2172,3
20240720,18,2178,10
20240720,18,2179,11
20240720,18,2185,2
20240720,18,2186,3
20240720,18,2191,4
20240720,18,2198,5
20240720,18,2199,3
20240720,18,3310,0
20240720,18,3311,3
20240720,18,3802,7
20240720,19,2111,9
20240720,19,2112,6
20240720,19,2116,17
20240720,19,2122,15
20240720,19,2128,0
20240720,19,2129,2
20240720,19,2130,9
20240720,19,2139,6
20240720,19,2143,10
20240720,19,2148,7
20240720,19,2159,14
20240720,19,2171,17
20240720,19,2172,2
20240720,19,2178,10
20240720,19,2179,11
20240720,19,2185,2
20240720,19,2186,3
20240720,19,2191,5
20240720,19,2198,4
20240720,19,2199,3
20240720,19,3310,0
20240720,19,3311,4
20240720,19,3802,8
20240720,20,2111,8
20240720,20,2112,6
20240720,20,2116,17
20240720,20,2122,15
20240720,20,2128,0
20240720,20,2129,2
20240720,20,2130,9
20240720,20,2139,6
20240720,20,2143,10
20240720,20,2148,7
20240720,20,2159,14
20240720,20,2171,17
20240720,20,2172,2
20240720,20,2178,10
20240720,20,2179,10
20240720,20,2185,2
20240720,20,2186,3
20240720,20,2191,6
20240720,20,2198,4
20240720,20,2199,4
20240720,20,3310,0
20240720,20,3311,4
20240720,20,3802,8
20240720,21,2111,7
20240720,21,2112,6
20240720,21,2116,17
20240720,21,2122,15
20240720,21,2128,0
20240720,21,2129,2
20240720,21,2130,9
20240720,21,2139,6
20240720,21,2143,10
20240720,21,2148,7
20240720,21,2159,14
20240720,21,2171,18
20240720,21,2172,2
20240720,21,2178,10
20240720,21,2179,10
20240720,21,2185,2
20240720,21,2186,3
20240720,21,2191,5
20240720,21,2198,5
20240720,21,2199,4
20240720,21,3310,0
20240720,21,3311,4
20240720,21,3802,8
20240720,22,2111,7
20240720,22,2112,6
20240720,22,2116,16
20240720,22,2122,16
20240720,22,2128,0
20240720,22,2129,2
20240720,22,2130,9
20240720,22,2139,5
20240720,22,2143,10
20240720,22,2148,7
20240720,22,2159,14
20240720,22,2171,14
20240720,22,2172,3
20240720,22,2178,10
20240720,22,2179,10
20240720,22,2185,2
20240720,22,2186,2
20240720,22,2191,4
20240720,22,2198,5
20240720,22,2199,3
20240720,22,3310,0
20240720,22,3311,2
20240720,22,3802,8
20240720,23,2111,5
20240720,23,2112,7
20240720,23,2116,16
20240720,23,2122,16
20240720,23,2128,0
20240720,23,2129,2
20240720,23,2130,9
20240720,23,2139,6
20240720,23,2143,11
20240720,23,2148,7
20240720,23,2159,14
20240720,23,2171,12
20240720,23,2172,3
20240720,23,2178,10
20240720,23,2179,10
20240720,23,2185,3
20240720,23,2186,2
20240720,23,2191,4
20240720,23,2198,5
20240720,23,2199,3
20240720,23,3310,0
20240720,23,3311,2
20240720,23,3802,8
20240721,0,2111,3
20240721,0,2112,5
20240721,0,2116,16
20240721,0,2122,16
20240721,0,2128,1
20240721,0,2129,2
20240721,0,2130,9
20240721,0,2139,7
20240721,0,2143,11
20240721,0,2148,7
20240721,0,2159,14
20240721,0,2171,11
20240721,0,2172,3
20240721,0,2178,10
20240721,0,2179,9
20240721,0,2185,2
20240721,0,2186,4
20240721,0,2191,4
20240721,0,2198,3
20240721,0,2199,3
20240721,0,3310,0
20240721,0,3311,2
20240721,0,3802,8
20240721,1,2111,3
20240721,1,2112,3
20240721,1,2116,16
20240721,1,2122,16
20240721,1,2128,1
20240721,1,2129,2
20240721,1,2130,9
20240721,1,2139,9
20240721,1,2143,11
20240721,1,2148,6
20240721,1,2159,14
20240721,1,2171,11
20240721,1,2172,2
20240721,1,2178,10
20240721,1,2179,7
20240721,1,2185,2
20240721,1,2186,2
20240721,1,2191,5
20240721,1,2198,3
20240721,1,2199,3
20240721,1,3310,0
20240721,1,3311,1
20240721,1,3802,8
20240721,2,2111,2
20240721,2,2112,2
20240721,2,2116,15
20240721,2,2122,16
20240721,2,2128,1
20240721,2,2129,2
20240721,2,2130,9
20240721,2,2139,9
20240721,2,2143,11
20240721,2,2148,6
20240721,2,2159,14
20240721,2,2171,13
20240721,2,2172,2
20240721,2,2178,10
20240721,2,2179,7
20240721,2,2185,2
20240721,2,2186,1
20240721,2,2191,5
20240721,2,2198,3
20240721,2,2199,3
20240721,2,3310,0
20240721,2,3311,1
20240721,2,3802,8
20240721,3,2111,2
20240721,3,2112,3
20240721,3,2116,15
20240721,3,2122,16
20240721,3,2128,1
20240721,3,2129,1
20240721,3,2130,9
20240721,3,2139,9
20240721,3,2143,11
20240721,3,2148,7
20240721,3,2159,14
20240721,3,2171,14
20240721,3,2172,2
20240721,3,2178,10
20240721,3,2179,9
20240721,3,2185,2
20240721,3,2186,1
20240721,3,2191,5
20240721,3,2198,3
20240721,3,2199,4
20240721,3,3310,0
20240721,3,3311,1
20240721,3,3802,8
20240721,4,2111,2
20240721,4,2112,2
20240721,4,2116,15
20240721,4,2122,16
20240721,4,2128,2
20240721,4,2129,1
20240721,4,2130,9
20240721,4,2139,9
20240721,4,2143,12
20240721,4,2148,7
20240721,4,2159,14
20240721,4,2171,14
20240721,4,2172,2
20240721,4,2178,10
20240721,4,2179,9
20240721,4,2185,3
20240721,4,2186,1
20240721,4,2191,5
20240721,4,2198,3
20240721,4,2199,3
20240721,4,3310,0
20240721,4,3311,1
20240721,4,3802,8
20240721,5,2111,2
20240721,5,2112,3
20240721,5,2116,14
20240721,5,2122,16
20240721,5,2128,2
20240721,5,2129,1
20240721,5,2130,9
20240721,5,2139,10
20240721,5,2143,12
20240721,5,2148,7
20240721,5,2159,14
20240721,5,2171,14
20240721,5,2172,2
20240721,5,2178,10
20240721,5,2179,9
20240721,5,2185,3
20240721,5,2186,1
20240721,5,2191,5
20240721,5,2198,3
20240721,5,2199,3
20240721,5,3310,0
20240721,5,3311,1
20240721,5,3802,8
20240721,6,2111,2
20240721,6,2112,2
20240721,6,2116,15
20240721,6,2122,16
20240721,6,2128,2
20240721,6,2129,1
20240721,6,2130,9
20240721,6,2139,9
20240721,6,2143,12
20240721,6,2148,6
20240721,6,2159,14
20240721,6,2171,13
20240721,6,2172,2
20240721,6,2178,10
20240721,6,2179,9
20240721,6,2185,2
20240721,6,2186,1
20240721,6,2191,5
20240721,6,2198,3
20240721,6,2199,3
20240721,6,3310,0
20240721,6,3311,1
20240721,6,3802,8
20240721,7,2111,2
20240721,7,2112,2
20240721,7,2116,17
20240721,7,2122,16
20240721,7,2128,2
20240721,7,2129,1
20240721,7,2130,9
20240721,7,2139,9
20240721,7,2143,12
20240721,7,2148,6
20240721,7,2159,15
20240721,7,2171,13
20240721,7,2172,2
20240721,7,2178,10
20240721,7,2179,8
20240721,7,2185,1
20240721,7,2186,1
20240721,7,2191,4
20240721,7,2198,3
20240721,7,2199,4
20240721,7,3310,0
20240721,7,3311,1
20240721,7,3802,8
20240721,8,2111,3
20240721,8,2112,2
20240721,8,2116,15
20240721,8,2122,16
20240721,8,2128,2
20240721,8,2129,1
20240721,8,2130,9
20240721,8,2139,9
20240721,8,2143,12
20240721,8,2148,6
20240721,8,2159,14
20240721,8,2171,14
20240721,8,2172,3
20240721,8,2178,10
20240721,8,2179,8
20240721,8,2185,1
20240721,8,2186,1
20240721,8,2191,4
20240721,8,2198,4
20240721,8,2199,3
20240721,8,3310,0
20240721,8,3311,1
20240721,8,3802,8
20240721,9,2111,2
20240721,9,2112,2
20240721,9,2116,15
20240721,9,2122,16
20240721,9,2128,1
20240721,9,2129,1
20240721,9,2130,9
20240721,9,2139,8
20240721,9,2143,13
20240721,9,2148,6
20240721,9,2159,14
20240721,9,2171,14
20240721,9,2172,3
20240721,9,2178,10
20240721,9,2179,8
20240721,9,2185,1
20240721,9,2186,1
20240721,9,2191,5
20240721,9,2198,4
20240721,9,2199,4
20240721,9,3310,0
20240721,9,3311,1
20240721,9,3802,8
20240721,10,2111,2
20240721,10,2112,3
20240721,10,2116,15
20240721,10,2122,14
20240721,10,2128,3
20240721,10,2129,18
20240721,10,2130,9
20240721,10,2139,7
20240721,10,2143,11
20240721,10,2148,6
20240721,10,2159,14
20240721,10,2171,15
20240721,10,2172,4
20240721,10,2178,10
20240721,10,2179,7
20240721,10,2185,1
20240721,10,2186,1
20240721,10,2191,5
20240721,10,2198,4
20240721,10,2199,3
20240721,10,3310,13
20240721,10,3311,1
20240721,10,3802,8
20240721,11,2111,1
20240721,11,2112,3
20240721,11,2116,19
20240721,11,2122,15
20240721,11,2128,5
20240721,11,2129,18
20240721,11,2130,9
20240721,11,2139,8
20240721,11,2143,11
20240721,11,2148,5
20240721,11,2159,15
20240721,11,2171,14
20240721,11,2172,4
20240721,11,2178,8
20240721,11,2179,7
20240721,11,2185,1
20240721,11,2186,2
20240721,11,2191,5
20240721,11,2198,2
20240721,11,2199,3
20240721,11,3310,11
20240721,11,3311,3
20240721,11,3802,8
20240721,12,2111,1
20240721,12,2112,2
20240721,12,2116,17
20240721,12,2122,13
20240721,12,2128,4
20240721,12,2129,18
20240721,12,2130,9
20240721,12,2139,8
20240721,12,2143,10
20240721,12,2148,3
20240721,12,2159,14
20240721,12,2171,11
20240721,12,2172,5
20240721,12,2178,8
20240721,12,2179,8
20240721,12,2185,1
20240721,12,2186,2
20240721,12,2191,3
20240721,12,2198,2
20240721,12,2199,3
20240721,12,3310,11
20240721,12,3311,4
20240721,12,3802,8
20240721,13,2111,1
20240721,13,2112,2
20240721,13,2116,21
20240721,13,2122,13
20240721,13,2128,4
20240721,13,2129,15
20240721,13,2130,9
20240721,13,2139,7
20240721,13,2143,10
20240721,13,2148,3
20240721,13,2159,14
20240721,13,2171,7
20240721,13,2172,4
20240721,13,2178,8
20240721,13,2179,7
20240721,13,2185,0
20240721,13,2186,2
20240721,13,2191,3
20240721,13,2198,3
20240721,13,2199,3
20240721,13,3310,8
20240721,13,3311,3
20240721,13,3802,8
20240721,14,2111,0
20240721,14,2112,2
20240721,14,2116,18
20240721,14,2122,12
20240721,14,2128,5
20240721,14,2129,13
20240721,14,2130,9
20240721,14,2139,5
20240721,14,2143,9
20240721,14,2148,3
20240721,14,2159,17
20240721,14,2171,10
20240721,14,2172,4
20240721,14,2178,8
20240721,14,2179,6
20240721,14,2185,0
20240721,14,2186,2
20240721,14,2191,3
20240721,14,2198,3
20240721,14,2199,3
20240721,14,3310,8
20240721,14,3311,3
20240721,14,3802,7
20240721,15,2111,0
20240721,15,2112,2
20240721,15,2116,18
20240721,15,2122,12
20240721,15,2128,3
20240721,15,2129,14
20240721,15,2130,10
20240721,15,2139,4
20240721,15,2143,9
20240721,15,2148,3
20240721,15,2159,16
20240721,15,2171,12
20240721,15,2172,2
20240721,15,2178,10
20240721,15,2179,7
20240721,15,2185,0
20240721,15,2186,2
20240721,15,2191,3
20240721,15,2198,6
20240721,15,2199,3
20240721,15,3310,5
20240721,15,3311,3
20240721,15,3802,7
20240721,16,2111,1
20240721,16,2112,5
20240721,16,2116,15
20240721,16,2122,14
20240721,16,2128,2
20240721,16,2129,13
20240721,16,2130,10
20240721,16,2139,6
20240721,16,2143,8
20240721,16,2148,2
20240721,16,2159,16
20240721,16,2171,13
20240721,16,2172,18
20240721,16,2178,8
20240721,16,2179,7
20240721,16,2185,0
20240721,16,2186,0
20240721,16,2191,4
20240721,16,2198,8
20240721,16,2199,4
20240721,16,3310,5
20240721,16,3311,2
20240721,16,3802,7
20240721,17,2111,1
20240721,17,2112,3
20240721,17,2116,15
20240721,17,2122,17
20240721,17,2128,2
20240721,17,2129,28
20240721,17,2130,10
20240721,17,2139,9
20240721,17,2143,7
20240721,17,2148,3
20240721,17,2159,16
20240721,17,2171,13
20240721,17,2172,18
20240721,17,2178,8
20240721,17,2179,6
20240721,17,2185,0
20240721,17,2186,1
20240721,17,2191,4
20240721,17,2198,9
20240721,17,2199,2
20240721,17,3310,3
20240721,17,3311,2
20240721,17,3802,6
20240721,18,2111,2
20240721,18,2112,3
20240721,18,2116,14
20240721,18,2122,17
20240721,18,2128,5
20240721,18,2129,28
20240721,18,2130,10
20240721,18,2139,8
20240721,18,2143,6
20240721,18,2148,2
20240721,18,2159,17
20240721,18,2171,19
20240721,18,2172,10
20240721,18,2178,8
20240721,18,2179,6
20240721,18,2185,0
20240721,18,2186,0
20240721,18,2191,5
20240721,18,2198,13
20240721,18,2199,2
20240721,18,3310,3
20240721,18,3311,3
20240721,18,3802,6
20240721,19,2111,0
20240721,19,2112,5
20240721,19,2116,14
20240721,19,2122,16
20240721,19,2128,4
20240721,19,2129,26
20240721,19,2130,10
20240721,19,2139,10
20240721,19,2143,5
20240721,19,2148,0
20240721,19,2159,17
20240721,19,2171,16
20240721,19,2172,10
20240721,19,2178,8
20240721,19,2179,6
20240721,19,2185,0
20240721,19,2186,1
20240721,19,2191,6
20240721,19,2198,9
20240721,19,2199,2
20240721,19,3310,2
20240721,19,3311,3
20240721,19,3802,6
20240721,20,2111,0
20240721,20,2112,5
20240721,20,2116,12
20240721,20,2122,15
20240721,20,2128,4
20240721,20,2129,23
20240721,20,2130,11
20240721,20,2139,9
20240721,20,2143,5
20240721,20,2148,0
20240721,20,2159,17
20240721,20,2171,12
20240721,20,2172,13
20240721,20,2178,8
20240721,20,2179,7
20240721,20,2185,0
20240721,20,2186,2
20240721,20,2191,6
20240721,20,2198,9
20240721,20,2199,2
20240721,20,3310,1
20240721,20,3311,4
20240721,20,3802,8
20240721,21,2111,1
20240721,21,2112,5
20240721,21,2116,14
20240721,21,2122,32
20240721,21,2128,2
20240721,21,2129,23
20240721,21,2130,11
20240721,21,2139,9
20240721,21,2143,6
20240721,21,2148,1
20240721,21,2159,18
20240721,21,2171,8
20240721,21,2172,12
20240721,21,2178,5
20240721,21,2179,7
20240721,21,2185,0
20240721,21,2186,2
20240721,21,2191,7
20240721,21,2198,11
20240721,21,2199,2
20240721,21,3310,0
20240721,21,3311,1
20240721,21,3802,8
20240721,22,2111,2
20240721,22,2112,4
20240721,22,2116,13
20240721,22,2122,32
20240721,22,2128,2
20240721,22,2129,22
20240721,22,2130,11
20240721,22,2139,9
20240721,22,2143,6
20240721,22,2148,1
20240721,22,2159,18
20240721,22,2171,7
20240721,22,2172,11
20240721,22,2178,6
20240721,22,2179,4
20240721,22,2185,0
20240721,22,2186,3
20240721,22,2191,9
20240721,22,2198,12
20240721,22,2199,2
20240721,22,3310,0
20240721,22,3311,1
20240721,22,3802,8
20240721,23,2111,0
20240721,23,2112,4
20240721,23,2116,13
20240721,23,2122,33
20240721,23,2128,2
20240721,23,2129,23
20240721,23,2130,11
20240721,23,2139,9
20240721,23,2143,6
20240721,23,2148,3
20240721,23,2159,17
20240721,23,2171,8
20240721,23,2172,11
20240721,23,2178,6
20240721,23,2179,7
20240721,23,2185,0
20240721,23,2186,3
20240721,23,2191,10
20240721,23,2198,10
20240721,23,2199,2
20240721,23,3310,0
20240721,23,3311,1
20240721,23,3802,7
20240722,0,2111,0
20240722,0,2112,4
20240722,0,2116,11
20240722,0,2122,33
20240722,0,2128,2
20240722,0,2129,22
20240722,0,2130,11
20240722,0,2139,8
20240722,0,2143,6
20240722,0,2148,3
20240722,0,2159,17
20240722,0,2171,9
20240722,0,2172,11
20240722,0,2178,3
20240722,0,2179,8
20240722,0,2185,0
20240722,0,2186,4
20240722,0,2191,9
20240722,0,2198,9
20240722,0,2199,2
20240722,0,3310,0
20240722,0,3311,1
20240722,0,3802,7
20240722,1,2111,1
20240722,1,2112,4
20240722,1,2116,11
20240722,1,2122,33
20240722,1,2128,5
20240722,1,2129,23
20240722,1,2130,11
20240722,1,2139,7
20240722,1,2143,6
20240722,1,2148,4
20240722,1,2159,16
20240722,1,2171,9
20240722,1,2172,11
20240722,1,2178,3
20240722,1,2179,10
20240722,1,2185,0
20240722,1,2186,3
20240722,1,2191,10
20240722,1,2198,7
20240722,1,2199,2
20240722,1,3310,0
20240722,1,3311,1
20240722,1,3802,7
20240722,2,2111,0
20240722,2,2112,3
20240722,2,2116,10
20240722,2,2122,34
20240722,2,2128,4
20240722,2,2129,25
20240722,2,2130,11
20240722,2,2139,8
20240722,2,2143,6
20240722,2,2148,4
20240722,2,2159,16
20240722,2,2171,7
20240722,2,2172,11
20240722,2,2178,3
20240722,2,2179,10
20240722,2,2185,0
20240722,2,2186,2
20240722,2,2191,10
20240722,2,2198,6
20240722,2,2199,3
20240722,2,3310,0
20240722,2,3311,0
20240722,2,3802,7
20240722,3,2111,0
20240722,3,2112,4
20240722,3,2116,9
20240722,3,2122,34
20240722,3,2128,4
20240722,3,2129,29
20240722,3,2130,11
20240722,3,2139,9
20240722,3,2143,6
20240722,3,2148,3
20240722,3,2159,16
20240722,3,2171,8
20240722,3,2172,11
20240722,3,2178,3
20240722,3,2179,10
20240722,3,2185,0
20240722,3,2186,2
20240722,3,2191,11
20240722,3,2198,7
20240722,3,2199,3
20240722,3,3310,0
20240722,3,3311,0
20240722,3,3802,7
20240722,4,2111,0
20240722,4,2112,3
20240722,4,2116,9
20240722,4,2122,34
20240722,4,2128,4
20240722,4,2129,28
20240722,4,2130,11
20240722,4,2139,9
20240722,4,2143,6
20240722,4,2148,2
20240722,4,2159,16
20240722,4,2171,8
20240722,4,2172,11
20240722,4,2178,3
20240722,4,2179,10
20240722,4,2185,1
20240722,4,2186,2
20240722,4,2191,12
20240722,4,2198,7
20240722,4,2199,3
20240722,4,3310,0
20240722,4,3311,0
20240722,4,3802,7
20240722,5,2111,0
20240722,5,2112,3
20240722,5,2116,9
20240722,5,2122,34
20240722,5,2128,4
20240722,5,2129,28
20240722,5,2130,11
20240722,5,2139,8
20240722,5,2143,6
20240722,5,2148,2
20240722,5,2159,16
20240722,5,2171,8
20240722,5,2172,11
20240722,5,2178,3
20240722,5,2179,10
20240722,5,2185,2
20240722,5,2186,2
20240722,5,2191,13
20240722,5,2198,7
20240722,5,2199,3
20240722,5,3310,0
20240722,5,3311,0
20240722,5,3802,7
20240722,6,2111,0
20240722,6,2112,3
20240722,6,2116,9
20240722,6,2122,33
20240722,6,2128,4
20240722,6,2129,29
20240722,6,2130,11
20240722,6,2139,8
20240722,6,2143,6
20240722,6,2148,2
20240722,6,2159,16
20240722,6,2171,8
20240722,6,2172,11
20240722,6,2178,3
20240722,6,2179,10
20240722,6,2185,2
20240722,6,2186,2
20240722,6,2191,13
20240722,6,2198,7
20240722,6,2199,5
20240722,6,3310,0
20240722,6,3311,0
20240722,6,3802,8
20240722,7,2111,0
20240722,7,2112,3
20240722,7,2116,10
20240722,7,2122,33
20240722,7,2128,4
20240722,7,2129,29
20240722,7,2130,11
20240722,7,2139,8
20240722,7,2143,6
20240722,7,2148,3
20240722,7,2159,16
20240722,7,2171,8
20240722,7,2172,11
20240722,7,2178,3
20240722,7,2179,10
20240722,7,2185,2
20240722,7,2186,2
20240722,7,2191,13
20240722,7,2198,7
20240722,7,2199,4
20240722,7,3310,0
20240722,7,3311,1
20240722,7,3802,5
20240722,8,2111,0
20240722,8,2112,3
20240722,8,2116,11
20240722,8,2122,33
20240722,8,2128,4
20240722,8,2129,29
20240722,8,2130,11
20240722,8,2139,3
20240722,8,2143,6
20240722,8,2148,1
20240722,8,2159,16
20240722,8,2171,8
20240722,8,2172,12
20240722,8,2178,2
20240722,8,2179,10
20240722,8,2185,3
20240722,8,2186,2
20240722,8,2191,13
20240722,8,2198,7
20240722,8,2199,4
20240722,8,3310,0
20240722,8,3311,3
20240722,8,3802,7
20240722,9,2111,1
20240722,9,2112,4
20240722,9,2116,11
20240722,9,2122,32
20240722,9,2128,6
20240722,9,2129,31
20240722,9,2130,11
20240722,9,2139,4
20240722,9,2143,6
20240722,9,2148,1
20240722,9,2159,15
20240722,9,2171,11
20240722,9,2172,12
20240722,9,2178,2
20240722,9,2179,12
20240722,9,2185,3
20240722,9,2186,2
20240722,9,2191,12
20240722,9,2198,4
20240722,9,2199,4
20240722,9,3310,0
20240722,9,3311,5
20240722,9,3802,6
20240722,10,2111,3
20240722,10,2112,6
20240722,10,2116,11
20240722,10,2122,33
20240722,10,2128,6
20240722,10,2129,31
20240722,10,2130,11
20240722,10,2139,5
20240722,10,2143,6
20240722,10,2148,2
20240722,10,2159,15
20240722,10,2171,14
20240722,10,2172,12
20240722,10,2178,1
20240722,10,2179,12
20240722,10,2185,5
20240722,10,2186,1
20240722,10,2191,13
20240722,10,2198,4
20240722,10,2199,5
20240722,10,3310,0
20240722,10,3311,6
20240722,10,3802,6
20240722,11,2111,4
20240722,11,2112,8
20240722,11,2116,11
20240722,11,2122,34
20240722,11,2128,6
20240722,11,2129,31
20240722,11,2130,11
20240722,11,2139,6
20240722,11,2143,6
20240722,11,2148,2
20240722,11,2159,15
20240722,11,2171,14
20240722,11,2172,11
20240722,11,2178,18
20240722,11,2179,12
20240722,11,2185,6
20240722,11,2186,1
20240722,11,2191,13
20240722,11,2198,5
20240722,11,2199,4
20240722,11,3310,0
20240722,11,3311,6
20240722,11,3802,6
20240722,12,2111,5
20240722,12,2112,8
20240722,12,2116,10
20240722,12,2122,33
20240722,12,2128,6
20240722,12,2129,30
20240722,12,2130,11
20240722,12,2139,6
20240722,12,2143,6
20240722,12,2148,2
20240722,12,2159,15
20240722,12,2171,14
20240722,12,2172,10
20240722,12,2178,18
20240722,12,2179,11
20240722,12,2185,4
20240722,12,2186,1
20240722,12,2191,13
20240722,12,2198,3
20240722,12,2199,4
20240722,12,3310,0
20240722,12,3311,6
20240722,12,3802,6
20240722,13,2111,5
20240722,13,2112,9
20240722,13,2116,9
20240722,13,2122,34
20240722,13,2128,6
20240722,13,2129,32
20240722,13,2130,11
20240722,13,2139,6
20240722,13,2143,6
20240722,13,2148,2
20240722,13,2159,15
20240722,13,2171,14
20240722,13,2172,9
20240722,13,2178,18
20240722,13,2179,12
20240722,13,2185,4
20240722,13,2186,1
20240722,13,2191,13
20240722,13,2198,4
20240722,13,2199,4
20240722,13,3310,0
20240722,13,3311,5
20240722,13,3802,6
20240722,14,2111,4
20240722,14,2112,12
20240722,14,2116,9
20240722,14,2122,33
20240722,14,2128,6
20240722,14,2129,32
20240722,14,2130,11
20240722,14,2139,6
20240722,14,2143,6
20240722,14,2148,2
20240722,14,2159,15
20240722,14,2171,14
20240722,14,2172,9
20240722,14,2178,18
20240722,14,2179,11
20240722,14,2185,4
20240722,14,2186,1
20240722,14,2191,14
20240722,14,2198,4
20240722,14,2199,5
20240722,14,3310,0
20240722,14,3311,6
20240722,14,3802,5
20240722,15,2111,4
20240722,15,2112,12
20240722,15,2116,9
20240722,15,2122,33
20240722,15,2128,6
20240722,15,2129,32
20240722,15,2130,11
20240722,15,2139,6
20240722,15,2143,6
20240722,15,2148,2
20240722,15,2159,15
20240722,15,2171,13
20240722,15,2172,9
20240722,15,2178,18
20240722,15,2179,10
20240722,15,2185,5
20240722,15,2186,1
20240722,15,2191,13
20240722,15,2198,4
20240722,15,2199,5
20240722,15,3310,0
20240722,15,3311,6
20240722,15,3802,5
20240722,16,2111,3
20240722,16,2112,12
20240722,16,2116,9
20240722,16,2122,34
20240722,16,2128,5
20240722,16,2129,29
20240722,16,2130,10
20240722,16,2139,4
20240722,16,2143,5
20240722,16,2148,2
20240722,16,2159,15
20240722,16,2171,11
20240722,16,2172,9
20240722,16,2178,16
20240722,16,2179,10
20240722,16,2185,5
20240722,16,2186,2
20240722,16,2191,13
20240722,16,2198,3
20240722,16,2199,5
20240722,16,3310,0
20240722,16,3311,5
20240722,16,3802,5
20240722,17,2111,3
20240722,17,2112,12
20240722,17,2116,8
20240722,17,2122,34
20240722,17,2128,4
20240722,17,2129,24
20240722,17,2130,10
20240722,17,2139,4
20240722,17,2143,4
20240722,17,2148,1
20240722,17,2159,15
20240722,17,2171,9
20240722,17,2172,8
20240722,17,2178,16
20240722,17,2179,11
20240722,17,2185,5
20240722,17,2186,2
20240722,17,2191,14
20240722,17,2198,3
20240722,17,2199,4
20240722,17,3310,0
20240722,17,3311,3
20240722,17,3802,5
20240722,18,2111,3
20240722,18,2112,10
20240722,18,2116,9
20240722,18,2122,31
20240722,18,2128,3
20240722,18,2129,20
20240722,18,2130,10
20240722,18,2139,4
20240722,18,2143,0
20240722,18,2148,3
20240722,18,2159,15
20240722,18,2171,10
20240722,18,2172,9
20240722,18,2178,13
20240722,18,2179,10
20240722,18,2185,6
20240722,18,2186,2
20240722,18,2191,14
20240722,18,2198,4
20240722,18,2199,2
20240722,18,3310,0
20240722,18,3311,1
20240722,18,3802,7
20240722,19,2111,2
20240722,19,2112,9
20240722,19,2116,9
20240722,19,2122,23
20240722,19,2128,1
20240722,19,2129,20
20240722,19,2130,10
20240722,19,2139,5
20240722,19,2143,0
20240722,19,2148,3
20240722,19,2159,15
20240722,19,2171,10
20240722,19,2172,11
20240722,19,2178,13
20240722,19,2179,11
20240722,19,2185,9
20240722,19,2186,2
20240722,19,2191,18
20240722,19,2198,10
20240722,19,2199,1
20240722,19,3310,0
20240722,19,3311,2
20240722,19,3802,8
20240722,20,2111,1
20240722,20,2112,12
20240722,20,2116,9
20240722,20,2122,24
20240722,20,2128,2
20240722,20,2129,19
20240722,20,2130,10
20240722,20,2139,5
20240722,20,2143,0
20240722,20,2148,5
20240722,20,2159,14
20240722,20,2171,9
20240722,20,2172,11
20240722,20,2178,12
20240722,20,2179,11
20240722,20,2185,12
20240722,20,2186,4
20240722,20,2191,19
20240722,20,2198,13
20240722,20,2199,1
20240722,20,3310,0
20240722,20,3311,2
20240722,20,3802,9
20240722,21,2111,1
20240722,21,2112,13
20240722,21,2116,9
20240722,21,2122,24
20240722,21,2128,0
20240722,21,2129,18
20240722,21,2130,10
20240722,21,2139,5
20240722,21,2143,2
20240722,21,2148,5
20240722,21,2159,14
20240722,21,2171,8
20240722,21,2172,11
20240722,21,2178,12
20240722,21,2179,10
20240722,21,2185,11
20240722,21,2186,5
20240722,21,2191,20
20240722,21,2198,12
20240722,21,2199,1
20240722,21,3310,0
20240722,21,3311,2
20240722,21,3802,7
20240722,22,2111,3
20240722,22,2112,12
20240722,22,2116,10
20240722,22,2122,23
20240722,22,2128,1
20240722,22,2129,17
20240722,22,2130,10
20240722,22,2139,4
20240722,22,2143,2
20240722,22,2148,0
20240722,22,2159,14
20240722,22,2171,9
20240722,22,2172,12
20240722,22,2178,11
20240722,22,2179,9
20240722,22,2185,9
20240722,22,2186,3
20240722,22,2191,20
20240722,22,2198,12
20240722,22,2199,1
20240722,22,3310,0
20240722,22,3311,2
20240722,22,3802,7
20240722,23,2111,2
20240722,23,2112,11
20240722,23,2116,11
20240722,23,2122,25
20240722,23,2128,1
20240722,23,2129,17
20240722,23,2130,10
20240722,23,2139,5
20240722,23,2143,3
20240722,23,2148,0
20240722,23,2159,16
20240722,23,2171,10
20240722,23,2172,14
20240722,23,2178,11
20240722,23,2179,7
20240722,23,2185,9
20240722,23,2186,2
20240722,23,2191,21
20240722,23,2198,13
20240722,23,2199,1
20240722,23,3310,0
20240722,23,3311,2
20240722,23,3802,7
20240723,0,2111,2
20240723,0,2112,11
20240723,0,2116,11
20240723,0,2122,25
20240723,0,2128,1
20240723,0,2129,15
20240723,0,2130,9
20240723,0,2139,7
20240723,0,2143,3
20240723,0,2148,0
20240723,0,2159,16
20240723,0,2171,10
20240723,0,2172,14
20240723,0,2178,11
20240723,0,2179,8
20240723,0,2185,7
20240723,0,2186,3
20240723,0,2191,21
20240723,0,2198,13
20240723,0,2199,1
20240723,0,3310,1
20240723,0,3311,2
20240723,0,3802,7
20240723,1,2111,2
20240723,1,2112,10
20240723,1,2116,11
20240723,1,2122,26
20240723,1,2128,0
20240723,1,2129,14
20240723,1,2130,9
20240723,1,2139,7
20240723,1,2143,3
20240723,1,2148,0
20240723,1,2159,16
20240723,1,2171,8
20240723,1,2172,14
20240723,1,2178,11
20240723,1,2179,8
20240723,1,2185,7
20240723,1,2186,4
20240723,1,2191,22
20240723,1,2198,13
20240723,1,2199,1
20240723,1,3310,1
20240723,1,3311,2
20240723,1,3802,7
20240723,2,2111,3
20240723,2,2112,10
20240723,2,2116,11
20240723,2,2122,26
20240723,2,2128,0
20240723,2,2129,16
20240723,2,2130,9
20240723,2,2139,7
20240723,2,2143,3
20240723,2,2148,1
20240723,2,2159,16
20240723,2,2171,9
20240723,2,2172,14
20240723,2,2178,11
20240723,2,2179,8
20240723,2,2185,10
20240723,2,2186,4
20240723,2,2191,23
20240723,2,2198,13
20240723,2,2199,2
20240723,2,3310,1
20240723,2,3311,2
20240723,2,3802,7
20240723,3,2111,3
20240723,3,2112,10
20240723,3,2116,9
20240723,3,2122,25
20240723,3,2128,0
20240723,3,2129,16
20240723,3,2130,10
20240723,3,2139,8
20240723,3,2143,2
20240723,3,2148,1
20240723,3,2159,16
20240723,3,2171,9
20240723,3,2172,14
20240723,3,2178,10
20240723,3,2179,8
20240723,3,2185,9
20240723,3,2186,4
20240723,3,2191,24
20240723,3,2198,13
20240723,3,2199,2
20240723,3,3310,1
20240723,3,3311,2
20240723,3,3802,7
20240723,4,2111,3
20240723,4,2112,11
20240723,4,2116,9
20240723,4,2122,25
20240723,4,2128,1
20240723,4,2129,16
20240723,4,2130,10
20240723,4,2139,8
20240723,4,2143,3
20240723,4,2148,1
20240723,4,2159,16
20240723,4,2171,8
20240723,4,2172,14
20240723,4,2178,11
20240723,4,2179,8
20240723,4,2185,9
20240723,4,2186,4
20240723,4,2191,24
20240723,4,2198,13
20240723,4,2199,3
20240723,4,3310,1
20240723,4,3311,2
20240723,4,3802,7
20240723,5,2111,3
20240723,5,2112,11
20240723,5,2116,8
20240723,5,2122,23
20240723,5,2128,1
20240723,5,2129,17
20240723,5,2130,10
20240723,5,2139,8
20240723,5,2143,3
20240723,5,2148,1
20240723,5,2159,16
20240723,5,2171,8
20240723,5,2172,14
20240723,5,2178,11
20240723,5,2179,8
20240723,5,2185,9
20240723,5,2186,4
20240723,5,2191,24
20240723,5,2198,12
20240723,5,2199,1
20240723,5,3310,0
20240723,5,3311,2
20240723,5,3802,7
20240723,6,2111,4
20240723,6,2112,11
20240723,6,2116,9
20240723,6,2122,23
20240723,6,2128,0
20240723,6,2129,14
20240723,6,2130,9
20240723,6,2139,8
20240723,6,2143,3
20240723,6,2148,1
20240723,6,2159,16
20240723,6,2171,8
20240723,6,2172,14
20240723,6,2178,11
20240723,6,2179,8
20240723,6,2185,9
20240723,6,2186,4
20240723,6,2191,23
20240723,6,2198,12
20240723,6,2199,1
20240723,6,3310,0
20240723,6,3311,2
20240723,6,3802,12
20240723,7,2111,2
20240723,7,2112,9
20240723,7,2116,11
20240723,7,2122,24
20240723,7,2128,0
20240723,7,2129,14
20240723,7,2130,9
20240723,7,2139,7
20240723,7,2143,3
20240723,7,2148,2
20240723,7,2159,16
20240723,7,2171,9
20240723,7,2172,14
20240723,7,2178,11
20240723,7,2179,6
20240723,7,2185,8
20240723,7,2186,3
20240723,7,2191,23
20240723,7,2198,12
20240723,7,2199,1
20240723,7,3310,0
20240723,7,3311,5
20240723,7,3802,10
20240723,8,2111,0
20240723,8,2112,7
20240723,8,2116,11
20240723,8,2122,25
20240723,8,2128,0
20240723,8,2129,14
20240723,8,2130,10
20240723,8,2139,4
20240723,8,2143,2
20240723,8,2148,5
20240723,8,2159,16
20240723,8,2171,9
20240723,8,2172,15
20240723,8,2178,12
20240723,8,2179,5
20240723,8,2185,7
20240723,8,2186,2
20240723,8,2191,21
20240723,8,2198,9
20240723,8,2199,1
20240723,8,3310,0
20240723,8,3311,11
20240723,8,3802,11
20240723,9,2111,0
20240723,9,2112,8
20240723,9,2116,11
20240723,9,2122,25
20240723,9,2128,0
20240723,9,2129,16
20240723,9,2130,10
20240723,9,2139,3
20240723,9,2143,1
20240723,9,2148,6
20240723,9,2159,16
20240723,9,2171,10
20240723,9,2172,15
20240723,9,2178,12
20240723,9,2179,6
20240723,9,2185,7
20240723,9,2186,1
20240723,9,2191,20
20240723,9,2198,8
20240723,9,2199,2
20240723,9,3310,0
20240723,9,3311,18
20240723,9,3802,11
20240723,10,2111,1
20240723,10,2112,9
20240723,10,2116,12
20240723,10,2122,26
20240723,10,2128,4
20240723,10,2129,15
20240723,10,2130,10
20240723,10,2139,5
20240723,10,2143,1
20240723,10,2148,8
20240723,10,2159,17
20240723,10,2171,12
20240723,10,2172,15
20240723,10,2178,13
20240723,10,2179,10
20240723,10,2185,7
20240723,10,2186,1
20240723,10,2191,23
20240723,10,2198,6
20240723,10,2199,2
20240723,10,3310,0
20240723,10,3311,20
20240723,10,3802,9
20240723,11,2111,2
20240723,11,2112,10
20240723,11,2116,12
20240723,11,2122,27
20240723,11,2128,7
20240723,11,2129,14
20240723,11,2130,10
20240723,11,2139,5
20240723,11,2143,1
20240723,11,2148,7
20240723,11,2159,17
20240723,11,2171,11
20240723,11,2172,15
20240723,11,2178,13
20240723,11,2179,10
20240723,11,2185,7
20240723,11,2186,1
20240723,11,2191,24
20240723,11,2198,6
20240723,11,2199,1
20240723,11,3310,17
20240723,11,3311,21
20240723,11,3802,9
20240723,12,2111,3
20240723,12,2112,8
20240723,12,2116,12
20240723,12,2122,27
20240723,12,2128,7
20240723,12,2129,15
20240723,12,2130,10
20240723,12,2139,5
20240723,12,2143,1
20240723,12,2148,8
20240723,12,2159,16
20240723,12,2171,12
20240723,12,2172,13
20240723,12,2178,13
20240723,12,2179,10
20240723,12,2185,7
20240723,12,2186,1
20240723,12,2191,24
20240723,12,2198,5
20240723,12,2199,1
20240723,12,3310,17
20240723,12,3311,20
20240723,12,3802,9
20240723,13,2111,2
20240723,13,2112,8
20240723,13,2116,12
20240723,13,2122,27
20240723,13,2128,6
20240723,13,2129,14
20240723,13,2130,10
20240723,13,2139,5
20240723,13,2143,1
20240723,13,2148,8
20240723,13,2159,16
20240723,13,2171,11
20240723,13,2172,14
20240723,13,2178,13
20240723,13,2179,10
20240723,13,2185,7
20240723,13,2186,1
20240723,13,2191,23
20240723,13,2198,4
20240723,13,2199,1
20240723,13,3310,17
20240723,13,3311,19
20240723,13,3802,10
20240723,14,2111,2
20240723,14,2112,9
20240723,14,2116,13
20240723,14,2122,27
20240723,14,2128,2
20240723,14,2129,14
20240723,14,2130,10
20240723,14,2139,3
20240723,14,2143,1
20240723,14,2148,8
20240723,14,2159,16
20240723,14,2171,11
20240723,14,2172,12
20240723,14,2178,13
20240723,14,2179,12
20240723,14,2185,7
20240723,14,2186,1
20240723,14,2191,22
20240723,14,2198,3
20240723,14,2199,1
20240723,14,3310,16
20240723,14,3311,19
20240723,14,3802,9
20240723,15,2111,3
20240723,15,2112,7
20240723,15,2116,12
20240723,15,2122,26
20240723,15,2128,3
20240723,15,2129,12
20240723,15,2130,10
20240723,15,2139,4
20240723,15,2143,1
20240723,15,2148,7
20240723,15,2159,17
20240723,15,2171,11
20240723,15,2172,11
20240723,15,2178,12
20240723,15,2179,10
20240723,15,2185,7
20240723,15,2186,1
20240723,15,2191,21
20240723,15,2198,4
20240723,15,2199,2
20240723,15,3310,16
20240723,15,3311,19
20240723,15,3802,9
20240723,16,2111,5
20240723,16,2112,6
20240723,16,2116,11
20240723,16,2122,25
20240723,16,2128,3
20240723,16,2129,12
20240723,16,2130,9
20240723,16,2139,5
20240723,16,2143,1
20240723,16,2148,8
20240723,16,2159,16
20240723,16,2171,10
20240723,16,2172,10
20240723,16,2178,11
20240723,16,2179,11
20240723,16,2185,7
20240723,16,2186,2
20240723,16,2191,23
20240723,16,2198,2
20240723,16,2199,2
20240723,16,3310,14
20240723,16,3311,18
20240723,16,3802,8
20240723,17,2111,4
20240723,17,2112,8
20240723,17,2116,11
20240723,17,2122,27
20240723,17,2128,2
20240723,17,2129,9
20240723,17,2130,7
20240723,17,2139,7
20240723,17,2143,1
20240723,17,2148,7
20240723,17,2159,16
20240723,17,2171,10
20240723,17,2172,9
20240723,17,2178,6
20240723,17,2179,11
20240723,17,2185,6
20240723,17,2186,2
20240723,17,2191,23
20240723,17,2198,2
20240723,17,2199,1
20240723,17,3310,14
20240723,17,3311,15
20240723,17,3802,9
20240723,18,2111,3
20240723,18,2112,7
20240723,18,2116,12
20240723,18,2122,30
20240723,18,2128,2
20240723,18,2129,6
20240723,18,2130,5
20240723,18,2139,10
20240723,18,2143,1
20240723,18,2148,6
20240723,18,2159,16
20240723,18,2171,10
20240723,18,2172,8
20240723,18,2178,6
20240723,18,2179,9
20240723,18,2185,6
20240723,18,2186,3
20240723,18,2191,23
20240723,18,2198,2
20240723,18,2199,1
20240723,18,3310,14
20240723,18,3311,9
20240723,18,3802,8
20240723,19,2111,2
20240723,19,2112,8
20240723,19,2116,13
20240723,19,2122,29
20240723,19,2128,2
20240723,19,2129,6
20240723,19,2130,5
20240723,19,2139,13
20240723,19,2143,1
20240723,19,2148,9
20240723,19,2159,16
20240723,19,2171,8
20240723,19,2172,7
20240723,19,2178,7
20240723,19,2179,8
20240723,19,2185,5
20240723,19,2186,6
20240723,19,2191,22
20240723,19,2198,2
20240723,19,2199,1
20240723,19,3310,13
20240723,19,3311,8
20240723,19,3802,14
20240723,20,2111,3
20240723,20,2112,5
20240723,20,2116,13
20240723,20,2122,26
20240723,20,2128,3
20240723,20,2129,6
20240723,20,2130,5
20240723,20,2139,10
20240723,20,2143,2
20240723,20,2148,8
20240723,20,2159,16
20240723,20,2171,7
20240723,20,2172,6
20240723,20,2178,5
20240723,20,2179,7
20240723,20,2185,5
20240723,20,2186,12
20240723,20,2191,21
20240723,20,2198,3
20240723,20,2199,1
20240723,20,3310,13
20240723,20,3311,4
20240723,20,3802,8
20240723,21,2111,5
20240723,21,2112,8
20240723,21,2116,13
20240723,21,2122,25
20240723,21,2128,3
20240723,21,2129,6
20240723,21,2130,5
20240723,21,2139,11
20240723,21,2143,2
20240723,21,2148,6
20240723,21,2159,16
20240723,21,2171,6
20240723,21,2172,6
20240723,21,2178,6
20240723,21,2179,11
20240723,21,2185,4
20240723,21,2186,14
20240723,21,2191,19
20240723,21,2198,6
20240723,21,2199,2
20240723,21,3310,13
20240723,21,3311,2
20240723,21,3802,7
20240723,22,2111,5
20240723,22,2112,6
20240723,22,2116,13
20240723,22,2122,25
20240723,22,2128,1
20240723,22,2129,6
20240723,22,2130,6
20240723,22,2139,10
20240723,22,2143,2
20240723,22,2148,2
20240723,22,2159,15
20240723,22,2171,3
20240723,22,2172,5
20240723,22,2178,3
20240723,22,2179,10
20240723,22,2185,4
20240723,22,2186,15
20240723,22,2191,18
20240723,22,2198,9
20240723,22,2199,2
20240723,22,3310,13
20240723,22,3311,2
20240723,22,3802,3
20240723,23,2111,9
20240723,23,2112,4
20240723,23,2116,12
20240723,23,2122,25
20240723,23,2128,1
20240723,23,2129,6
20240723,23,2130,6
20240723,23,2139,11
20240723,23,2143,2
20240723,23,2148,0
20240723,23,2159,15
20240723,23,2171,4
20240723,23,2172,5
20240723,23,2178,4
20240723,23,2179,8
20240723,23,2185,6
20240723,23,2186,14
20240723,23,2191,19
20240723,23,2198,9
20240723,23,2199,2
20240723,23,3310,13
20240723,23,3311,2
20240723,23,3802,2
20240724,0,2111,7
20240724,0,2112,5
20240724,0,2116,13
20240724,0,2122,24
20240724,0,2128,1
20240724,0,2129,5
20240724,0,2130,6
20240724,0,2139,12
20240724,0,2143,3
20240724,0,2148,0
20240724,0,2159,15
20240724,0,2171,5
20240724,0,2172,6
20240724,0,2178,2
20240724,0,2179,6
20240724,0,2185,6
20240724,0,2186,13
20240724,0,2191,22
20240724,0,2198,9
20240724,0,2199,3
20240724,0,3310,12
20240724,0,3311,1
20240724,0,3802,2
20240724,1,2111,6
20240724,1,2112,5
20240724,1,2116,11
20240724,1,2122,24
20240724,1,2128,2
20240724,1,2129,5
20240724,1,2130,6
20240724,1,2139,14
20240724,1,2143,3
20240724,1,2148,1
20240724,1,2159,16
20240724,1,2171,3
20240724,1,2172,5
20240724,1,2178,3
20240724,1,2179,6
20240724,1,2185,9
20240724,1,2186,13
20240724,1,2191,23
20240724,1,2198,9
20240724,1,2199,3
20240724,1,3310,12
20240724,1,3311,1
20240724,1,3802,2
20240724,2,2111,6
20240724,2,2112,7
20240724,2,2116,10
20240724,2,2122,26
20240724,2,2128,1
20240724,2,2129,5
20240724,2,2130,6
20240724,2,2139,15
20240724,2,2143,3
20240724,2,2148,1
20240724,2,2159,16
20240724,2,2171,3
20240724,2,2172,5
20240724,2,2178,3
20240724,2,2179,7
20240724,2,2185,12
20240724,2,2186,14
20240724,2,2191,25
20240724,2,2198,10
20240724,2,2199,3
20240724,2,3310,12
20240724,2,3311,1
20240724,2,3802,2
20240724,3,2111,6
20240724,3,2112,6
20240724,3,2116,10
20240724,3,2122,26
20240724,3,2128,1
20240724,3,2129,6
20240724,3,2130,6
20240724,3,2139,15
20240724,3,2143,2
20240724,3,2148,1
20240724,3,2159,16
20240724,3,2171,3
20240724,3,2172,5
20240724,3,2178,3
20240724,3,2179,7
20240724,3,2185,12
20240724,3,2186,15
20240724,3,2191,24
20240724,3,2198,10
20240724,3,2199,3
20240724,3,3310,12
20240724,3,3311,2
20240724,3,3802,2
20240724,4,2111,6
20240724,4,2112,6
20240724,4,2116,11
20240724,4,2122,26
20240724,4,2128,1
20240724,4,2129,6
20240724,4,2130,6
20240724,4,2139,15
20240724,4,2143,2
20240724,4,2148,1
20240724,4,2159,16
20240724,4,2171,3
20240724,4,2172,5
20240724,4,2178,3
20240724,4,2179,7
20240724,4,2185,12
20240724,4,2186,15
20240724,4,2191,23
20240724,4,2198,10
20240724,4,2199,3
20240724,4,3310,12
20240724,4,3311,2
20240724,4,3802,2
20240724,5,2111,9
20240724,5,2112,6
20240724,5,2116,8
20240724,5,2122,26
20240724,5,2128,1
20240724,5,2129,6
20240724,5,2130,6
20240724,5,2139,16
20240724,5,2143,2
20240724,5,2148,2
20240724,5,2159,16
20240724,5,2171,3
20240724,5,2172,5
20240724,5,2178,4
20240724,5,2179,7
20240724,5,2185,13
20240724,5,2186,15
20240724,5,2191,23
20240724,5,2198,9
20240724,5,2199,3
20240724,5,3310,12
20240724,5,3311,2
20240724,5,3802,2
20240724,6,2111,9
20240724,6,2112,7
20240724,6,2116,7
20240724,6,2122,26
20240724,6,2128,1
20240724,6,2129,6
20240724,6,2130,6
20240724,6,2139,16
20240724,6,2143,2
20240724,6,2148,1
20240724,6,2159,16
20240724,6,2171,3
20240724,6,2172,5
20240724,6,2178,4
20240724,6,2179,7
20240724,6,2185,13
20240724,6,2186,14
20240724,6,2191,23
20240724,6,2198,9
20240724,6,2199,3
20240724,6,3310,12
20240724,6,3311,2
20240724,6,3802,4
20240724,7,2111,10
20240724,7,2112,7
20240724,7,2116,9
20240724,7,2122,26
20240724,7,2128,1
20240724,7,2129,6
20240724,7,2130,6
20240724,7,2139,15
20240724,7,2143,2
20240724,7,2148,2
20240724,7,2159,16
20240724,7,2171,4
20240724,7,2172,4
20240724,7,2178,4
20240724,7,2179,7
20240724,7,2185,13
20240724,7,2186,13
20240724,7,2191,22
20240724,7,2198,9
20240724,7,2199,3
20240724,7,3310,11
20240724,7,3311,4
20240724,7,3802,2
20240724,8,2111,11
20240724,8,2112,6
20240724,8,2116,9
20240724,8,2122,26
20240724,8,2128,1
20240724,8,2129,6
20240724,8,2130,6
20240724,8,2139,14
20240724,8,2143,2
20240724,8,2148,0
20240724,8,2159,16
20240724,8,2171,4
20240724,8,2172,4
20240724,8,2178,4
20240724,8,2179,7
20240724,8,2185,12
20240724,8,2186,14
20240724,8,2191,23
20240724,8,2198,9
20240724,8,2199,3
20240724,8,3310,11
20240724,8,3311,6
20240724,8,3802,1
20240724,9,2111,10
20240724,9,2112,6
20240724,9,2116,9
20240724,9,2122,26
20240724,9,2128,1
20240724,9,2129,6
20240724,9,2130,6
20240724,9,2139,14
20240724,9,2143,2
20240724,9,2148,1
20240724,9,2159,16
20240724,9,2171,7
20240724,9,2172,4
20240724,9,2178,4
20240724,9,2179,8
20240724,9,2185,12
20240724,9,2186,14
20240724,9,2191,24
20240724,9,2198,8
20240724,9,2199,4
20240724,9,3310,11
20240724,9,3311,8
20240724,9,3802,2
20240724,10,2111,10
20240724,10,2112,5
20240724,10,2116,12
20240724,10,2122,25
20240724,10,2128,1
20240724,10,2129,6
20240724,10,2130,6
20240724,10,2139,14
20240724,10,2143,1
20240724,10,2148,1
20240724,10,2159,15
20240724,10,2171,7
20240724,10,2172,4
20240724,10,2178,4
20240724,10,2179,8
20240724,10,2185,12
20240724,10,2186,13
20240724,10,2191,23
20240724,10,2198,8
20240724,10,2199,4
20240724,10,3310,10
20240724,10,3311,9
20240724,10,3802,1
20240724,11,2111,9
20240724,11,2112,6
20240724,11,2116,12
20240724,11,2122,26
20240724,11,2128,1
20240724,11,2129,6
20240724,11,2130,6
20240724,11,2139,14
20240724,11,2143,1
20240724,11,2148,4
20240724,11,2159,14
20240724,11,2171,7
20240724,11,2172,4
20240724,11,2178,4
20240724,11,2179,9
20240724,11,2185,12
20240724,11,2186,13
20240724,11,2191,23
20240724,11,2198,8
20240724,11,2199,5
20240724,11,3310,9
20240724,11,3311,7
20240724,11,3802,0
20240724,12,2111,8
20240724,12,2112,6
20240724,12,2116,12
20240724,12,2122,24
20240724,12,2128,1
20240724,12,2129,5
20240724,12,2130,6
20240724,12,2139,14
20240724,12,2143,0
20240724,12,2148,3
20240724,12,2159,14
20240724,12,2171,7
20240724,12,2172,4
20240724,12,2178,5
20240724,12,2179,10
20240724,12,2185,11
20240724,12,2186,13
20240724,12,2191,22
20240724,12,2198,8
20240724,12,2199,4
20240724,12,3310,9
20240724,12,3311,7
20240724,12,3802,1
20240724,13,2111,7
20240724,13,2112,9
20240724,13,2116,14
20240724,13,2122,22
20240724,13,2128,0
20240724,13,2129,6
20240724,13,2130,6
20240724,13,2139,14
20240724,13,2143,0
20240724,13,2148,3
20240724,13,2159,14
20240724,13,2171,6
20240724,13,2172,5
20240724,13,2178,5
20240724,13,2179,10
20240724,13,2185,11
20240724,13,2186,12
20240724,13,2191,21
20240724,13,2198,7
20240724,13,2199,4
20240724,13,3310,9
20240724,13,3311,7
20240724,13,3802,1
20240724,14,2111,7
20240724,14,2112,10
20240724,14,2116,12
20240724,14,2122,24
20240724,14,2128,0
20240724,14,2129,6
20240724,14,2130,6
20240724,14,2139,14
20240724,14,2143,0
20240724,14,2148,3
20240724,14,2159,13
20240724,14,2171,8
20240724,14,2172,7
20240724,14,2178,5
20240724,14,2179,11
20240724,14,2185,12
20240724,14,2186,12
20240724,14,2191,7
20240724,14,2198,5
20240724,14,2199,4
20240724,14,3310,8
20240724,14,3311,10
20240724,14,3802,0
20240724,15,2111,8
20240724,15,2112,9
20240724,15,2116,12
20240724,15,2122,26
20240724,15,2128,0
20240724,15,2129,5
20240724,15,2130,6
20240724,15,2139,15
20240724,15,2143,0
20240724,15,2148,4
20240724,15,2159,13
20240724,15,2171,11
20240724,15,2172,5
20240724,15,2178,21
20240724,15,2179,10
20240724,15,2185,13
20240724,15,2186,11
20240724,15,2191,4
20240724,15,2198,5
20240724,15,2199,4
20240724,15,3310,7
20240724,15,3311,12
20240724,15,3802,0
20240724,16,2111,7
20240724,16,2112,11
20240724,16,2116,11
20240724,16,2122,26
20240724,16,2128,0
20240724,16,2129,5
20240724,16,2130,4
20240724,16,2139,14
20240724,16,2143,0
20240724,16,2148,3
20240724,16,2159,12
20240724,16,2171,14
20240724,16,2172,3
20240724,16,2178,21
20240724,16,2179,10
20240724,16,2185,11
20240724,16,2186,11
20240724,16,2191,3
20240724,16,2198,5
20240724,16,2199,4
20240724,16,3310,7
20240724,16,3311,10
20240724,16,3802,0
20240724,17,2111,7
20240724,17,2112,11
20240724,17,2116,13
20240724,17,2122,26
20240724,17,2128,0
20240724,17,2129,4
20240724,17,2130,3
20240724,17,2139,15
20240724,17,2143,1
20240724,17,2148,4
20240724,17,2159,12
20240724,17,2171,15
20240724,17,2172,2
20240724,17,2178,18
20240724,17,2179,10
20240724,17,2185,12
20240724,17,2186,9
20240724,17,2191,3
20240724,17,2198,4
20240724,17,2199,2
20240724,17,3310,6
20240724,17,3311,8
20240724,17,3802,0
20240724,18,2111,5
20240724,18,2112,7
20240724,18,2116,14
20240724,18,2122,28
20240724,18,2128,0
20240724,18,2129,3
20240724,18,2130,2
20240724,18,2139,15
20240724,18,2143,0
20240724,18,2148,4
20240724,18,2159,12
20240724,18,2171,11
20240724,18,2172,2
20240724,18,2178,14
20240724,18,2179,8
20240724,18,2185,12
20240724,18,2186,8
20240724,18,2191,3
20240724,18,2198,5
20240724,18,2199,2
20240724,18,3310,4
20240724,18,3311,1
20240724,18,3802,1
20240724,19,2111,6
20240724,19,2112,6
20240724,19,2116,16
20240724,19,2122,33
20240724,19,2128,2
20240724,19,2129,3
20240724,19,2130,2
20240724,19,2139,16
20240724,19,2143,0
20240724,19,2148,3
20240724,19,2159,13
20240724,19,2171,9
20240724,19,2172,3
20240724,19,2178,13
20240724,19,2179,6
20240724,19,2185,15
20240724,19,2186,10
20240724,19,2191,6
20240724,19,2198,7
20240724,19,2199,2
20240724,19,3310,4
20240724,19,3311,0
20240724,19,3802,2
20240724,20,2111,6
20240724,20,2112,6
20240724,20,2116,18
20240724,20,2122,31
20240724,20,2128,2
20240724,20,2129,3
20240724,20,2130,2
20240724,20,2139,15
20240724,20,2143,0
20240724,20,2148,2
20240724,20,2159,14
20240724,20,2171,8
20240724,20,2172,0
20240724,20,2178,12
20240724,20,2179,6
20240724,20,2185,15
20240724,20,2186,8
20240724,20,2191,7
20240724,20,2198,9
20240724,20,2199,2
20240724,20,3310,3
20240724,20,3311,0
20240724,20,3802,0
20240724,21,2111,6
20240724,21,2112,5
20240724,21,2116,17
20240724,21,2122,29
20240724,21,2128,0
20240724,21,2129,2
20240724,21,2130,2
20240724,21,2139,19
20240724,21,2143,0
20240724,21,2148,2
20240724,21,2159,13
20240724,21,2171,6
20240724,21,2172,0
20240724,21,2178,9
20240724,21,2179,6
20240724,21,2185,17
20240724,21,2186,9
20240724,21,2191,7
20240724,21,2198,9
20240724,21,2199,1
20240724,21,3310,3
20240724,21,3311,0
20240724,21,3802,4
20240724,22,2111,0
20240724,22,2112,4
20240724,22,2116,16
20240724,22,2122,29
20240724,22,2128,0
20240724,22,2129,1
20240724,22,2130,2
20240724,22,2139,18
20240724,22,2143,0
20240724,22,2148,2
20240724,22,2159,13
20240724,22,2171,4
20240724,22,2172,0
20240724,22,2178,8
20240724,22,2179,5
20240724,22,2185,16
20240724,22,2186,10
20240724,22,2191,7
20240724,22,2198,11
20240724,22,2199,1
20240724,22,3310,3
20240724,22,3311,0
20240724,22,3802,0
20240724,23,2111,2
20240724,23,2112,3
20240724,23,2116,15
20240724,23,2122,29
20240724,23,2128,0
20240724,23,2129,1
20240724,23,2130,2
20240724,23,2139,20
20240724,23,2143,1
20240724,23,2148,5
20240724,23,2159,15
20240724,23,2171,3
20240724,23,2172,0
20240724,23,2178,7
20240724,23,2179,4
20240724,23,2185,16
20240724,23,2186,15
20240724,23,2191,11
20240724,23,2198,11
20240724,23,2199,1
20240724,23,3310,2
20240724,23,3311,0
20240724,23,3802,0
20240725,0,2111,0
20240725,0,2112,3
20240725,0,2116,12
20240725,0,2122,29
20240725,0,2128,0
20240725,0,2129,3
20240725,0,2130,2
20240725,0,2139,20
20240725,0,2143,2
20240725,0,2148,4
20240725,0,2159,15
20240725,0,2171,3
20240725,0,2172,0
20240725,0,2178,8
20240725,0,2179,5
20240725,0,2185,19
20240725,0,2186,14
20240725,0,2191,11
20240725,0,2198,12
20240725,0,2199,1
20240725,0,3310,2
20240725,0,3311,0
20240725,0,3802,0
20240725,1,2111,1
20240725,1,2112,3
20240725,1,2116,9
20240725,1,2122,30
20240725,1,2128,1
20240725,1,2129,3
20240725,1,2130,2
20240725,1,2139,20
20240725,1,2143,2
20240725,1,2148,4
20240725,1,2159,16
20240725,1,2171,2
20240725,1,2172,0
20240725,1,2178,8
20240725,1,2179,5
20240725,1,2185,18
20240725,1,2186,15
20240725,1,2191,13
20240725,1,2198,11
20240725,1,2199,1
20240725,1,3310,2
20240725,1,3311,0
20240725,1,3802,0
20240725,2,2111,2
20240725,2,2112,2
20240725,2,2116,10
20240725,2,2122,30
20240725,2,2128,0
20240725,2,2129,3
20240725,2,2130,2
20240725,2,2139,20
20240725,2,2143,2
20240725,2,2148,4
20240725,2,2159,16
20240725,2,2171,2
20240725,2,2172,0
20240725,2,2178,8
20240725,2,2179,4
20240725,2,2185,18
20240725,2,2186,16
20240725,2,2191,15
20240725,2,2198,11
20240725,2,2199,1
20240725,2,3310,2
20240725,2,3311,0
20240725,2,3802,0
20240725,3,2111,3
20240725,3,2112,2
20240725,3,2116,12
20240725,3,2122,31
20240725,3,2128,0
20240725,3,2129,3
20240725,3,2130,2
20240725,3,2139,21
20240725,3,2143,2
20240725,3,2148,4
20240725,3,2159,15
20240725,3,2171,2
20240725,3,2172,0
20240725,3,2178,8
20240725,3,2179,4
20240725,3,2185,16
20240725,3,2186,16
20240725,3,2191,18
20240725,3,2198,10
20240725,3,2199,1
20240725,3,3310,1
20240725,3,3311,0
20240725,3,3802,0
20240725,4,2111,1
20240725,4,2112,2
20240725,4,2116,13
20240725,4,2122,31
20240725,4,2128,0
20240725,4,2129,2
20240725,4,2130,2
20240725,4,2139,21
20240725,4,2143,3
20240725,4,2148,4
20240725,4,2159,15
20240725,4,2171,2
20240725,4,2172,0
20240725,4,2178,8
20240725,4,2179,3
20240725,4,2185,16
20240725,4,2186,15
20240725,4,2191,18
20240725,4,2198,10
20240725,4,2199,2
20240725,4,3310,1
20240725,4,3311,0
20240725,4,3802,1
20240725,5,2111,1
20240725,5,2112,1
20240725,5,2116,13
20240725,5,2122,28
20240725,5,2128,0
20240725,5,2129,2
20240725,5,2130,2
20240725,5,2139,22
20240725,5,2143,3
20240725,5,2148,3
20240725,5,2159,14
20240725,5,2171,2
20240725,5,2172,0
20240725,5,2178,8
20240725,5,2179,3
20240725,5,2185,17
20240725,5,2186,14
20240725,5,2191,18
20240725,5,2198,8
20240725,5,2199,1
20240725,5,3310,1
20240725,5,3311,0
20240725,5,3802,1
20240725,6,2111,1
20240725,6,2112,1
20240725,6,2116,14
20240725,6,2122,27
20240725,6,2128,0
20240725,6,2129,2
20240725,6,2130,2
20240725,6,2139,20
20240725,6,2143,3
20240725,6,2148,2
20240725,6,2159,14
20240725,6,2171,4
20240725,6,2172,0
20240725,6,2178,8
20240725,6,2179,1
20240725,6,2185,19
20240725,6,2186,12
20240725,6,2191,17
20240725,6,2198,8
20240725,6,2199,1
20240725,6,3310,0
20240725,6,3311,0
20240725,6,3802,8
20240725,7,2111,1
20240725,7,2112,2
20240725,7,2116,14
20240725,7,2122,28
20240725,7,2128,0
20240725,7,2129,2
20240725,7,2130,2
20240725,7,2139,16
20240725,7,2143,3
20240725,7,2148,4
20240725,7,2159,13
20240725,7,2171,6
20240725,7,2172,0
20240725,7,2178,8
20240725,7,2179,1
20240725,7,2185,19
20240725,7,2186,10
20240725,7,2191,16
20240725,7,2198,8
20240725,7,2199,1
20240725,7,3310,0
20240725,7,3311,2
20240725,7,3802,9
20240725,8,2111,0
20240725,8,2112,2
20240725,8,2116,13
20240725,8,2122,28
20240725,8,2128,1
20240725,8,2129,2
20240725,8,2130,2
20240725,8,2139,12
20240725,8,2143,3
20240725,8,2148,7
20240725,8,2159,13
20240725,8,2171,4
20240725,8,2172,2
20240725,8,2178,8
20240725,8,2179,3
20240725,8,2185,16
20240725,8,2186,8
20240725,8,2191,12
20240725,8,2198,7
20240725,8,2199,1
20240725,8,3310,0
20240725,8,3311,7
20240725,8,3802,7
20240725,9,2111,0
20240725,9,2112,3
20240725,9,2116,13
20240725,9,2122,28
20240725,9,2128,1
20240725,9,2129,2
20240725,9,2130,2
20240725,9,2139,11
20240725,9,2143,4
20240725,9,2148,8
20240725,9,2159,12
20240725,9,2171,7
20240725,9,2172,19
20240725,9,2178,8
20240725,9,2179,6
20240725,9,2185,16
20240725,9,2186,5
20240725,9,2191,13
20240725,9,2198,6
20240725,9,2199,1
20240725,9,3310,0
20240725,9,3311,13
20240725,9,3802,7
20240725,10,2111,2
20240725,10,2112,6
20240725,10,2116,13
20240725,10,2122,28
20240725,10,2128,4
20240725,10,2129,2
20240725,10,2130,2
20240725,10,2139,11
20240725,10,2143,3
20240725,10,2148,9
20240725,10,2159,12
20240725,10,2171,11
20240725,10,2172,22
20240725,10,2178,8
20240725,10,2179,3
20240725,10,2185,16
20240725,10,2186,3
20240725,10,2191,13
20240725,10,2198,6
20240725,10,2199,1
20240725,10,3310,0
20240725,10,3311,15
20240725,10,3802,6
20240725,11,2111,3
20240725,11,2112,8
20240725,11,2116,13
20240725,11,2122,29
20240725,11,2128,6
20240725,11,2129,2
20240725,11,2130,10
20240725,11,2139,11
20240725,11,2143,3
20240725,11,2148,9
20240725,11,2159,12
20240725,11,2171,11
20240725,11,2172,21
20240725,11,2178,8
20240725,11,2179,3
20240725,11,2185,16
20240725,11,2186,3
20240725,11,2191,16
20240725,11,2198,5
20240725,11,2199,1
20240725,11,3310,0
20240725,11,3311,16
20240725,11,3802,5
20240725,12,2111,2
20240725,12,2112,10
20240725,12,2116,17
20240725,12,2122,29
20240725,12,2128,5
20240725,12,2129,2
20240725,12,2130,10
20240725,12,2139,10
20240725,12,2143,3
20240725,12,2148,9
20240725,12,2159,12
20240725,12,2171,11
20240725,12,2172,19
20240725,12,2178,8
20240725,12,2179,3
20240725,12,2185,16
20240725,12,2186,3
20240725,12,2191,14
20240725,12,2198,4
20240725,12,2199,1
20240725,12,3310,0
20240725,12,3311,16
20240725,12,3802,6
20240725,13,2111,3
20240725,13,2112,11
20240725,13,2116,17
20240725,13,2122,28
20240725,13,2128,4
20240725,13,2129,2
20240725,13,2130,10
20240725,13,2139,10
20240725,13,2143,3
20240725,13,2148,8
20240725,13,2159,13
20240725,13,2171,10
20240725,13,2172,20
20240725,13,2178,7
20240725,13,2179,2
20240725,13,2185,16
20240725,13,2186,2
20240725,13,2191,14
20240725,13,2198,4
20240725,13,2199,1
20240725,13,3310,0
20240725,13,3311,17
20240725,13,3802,6
20240725,14,2111,3
20240725,14,2112,12
20240725,14,2116,19
20240725,14,2122,28
20240725,14,2128,4
20240725,14,2129,2
20240725,14,2130,10
20240725,14,2139,9
20240725,14,2143,3
20240725,14,2148,9
20240725,14,2159,14
20240725,14,2171,13
20240725,14,2172,18
20240725,14,2178,7
20240725,14,2179,3
20240725,14,2185,16
20240725,14,2186,2
20240725,14,2191,14
20240725,14,2198,3
20240725,14,2199,1
20240725,14,3310,0
20240725,14,3311,17
20240725,14,3802,6
20240725,15,2111,1
20240725,15,2112,11
20240725,15,2116,19
20240725,15,2122,30
20240725,15,2128,4
20240725,15,2129,2
20240725,15,2130,9
20240725,15,2139,10
20240725,15,2143,1
20240725,15,2148,10
20240725,15,2159,15
20240725,15,2171,10
20240725,15,2172,18
20240725,15,2178,7
20240725,15,2179,3
20240725,15,2185,16
20240725,15,2186,2
20240725,15,2191,15
20240725,15,2198,4
20240725,15,2199,1
20240725,15,3310,0
20240725,15,3311,16
20240725,15,3802,5
20240725,16,2111,1
20240725,16,2112,11
20240725,16,2116,19
20240725,16,2122,30
20240725,16,2128,4
20240725,16,2129,2
20240725,16,2130,9
20240725,16,2139,11
20240725,16,2143,1
20240725,16,2148,10
20240725,16,2159,13
20240725,16,2171,8
20240725,16,2172,16
20240725,16,2178,6
20240725,16,2179,5
20240725,16,2185,16
20240725,16,2186,2
20240725,16,2191,15
20240725,16,2198,3
20240725,16,2199,1
20240725,16,3310,0
20240725,16,3311,16
20240725,16,3802,5
20240725,17,2111,2
20240725,17,2112,13
20240725,17,2116,18
20240725,17,2122,30
20240725,17,2128,4
20240725,17,2129,1
20240725,17,2130,8
20240725,17,2139,12
20240725,17,2143,1
20240725,17,2148,7
20240725,17,2159,14
20240725,17,2171,8
20240725,17,2172,14
20240725,17,2178,4
20240725,17,2179,4
20240725,17,2185,15
20240725,17,2186,2
20240725,17,2191,15
20240725,17,2198,4
20240725,17,2199,1
20240725,17,3310,0
20240725,17,3311,14
20240725,17,3802,6
20240725,18,2111,1
20240725,18,2112,12
20240725,18,2116,19
20240725,18,2122,33
20240725,18,2128,4
20240725,18,2129,0
20240725,18,2130,7
20240725,18,2139,14
20240725,18,2143,2
20240725,18,2148,8
20240725,18,2159,14
20240725,18,2171,4
20240725,18,2172,12
20240725,18,2178,4
20240725,18,2179,3
20240725,18,2185,15
20240725,18,2186,3
20240725,18,2191,15
20240725,18,2198,4
20240725,18,2199,2
20240725,18,3310,0
20240725,18,3311,11
20240725,18,3802,6
20240725,19,2111,1
20240725,19,2112,12
20240725,19,2116,19
20240725,19,2122,31
20240725,19,2128,0
20240725,19,2129,0
20240725,19,2130,6
20240725,19,2139,10
20240725,19,2143,3
20240725,19,2148,5
20240725,19,2159,13
20240725,19,2171,3
20240725,19,2172,10
20240725,19,2178,3
20240725,19,2179,7
20240725,19,2185,16
20240725,19,2186,2
20240725,19,2191,18
20240725,19,2198,10
20240725,19,2199,1
20240725,19,3310,0
20240725,19,3311,10
20240725,19,3802,9
20240725,20,2111,1
20240725,20,2112,14
20240725,20,2116,16
20240725,20,2122,31
20240725,20,2128,0
20240725,20,2129,0
20240725,20,2130,6
20240725,20,2139,9
20240725,20,2143,2
20240725,20,2148,5
20240725,20,2159,15
20240725,20,2171,1
20240725,20,2172,8
20240725,20,2178,2
20240725,20,2179,5
20240725,20,2185,17
20240725,20,2186,5
20240725,20,2191,19
20240725,20,2198,10
20240725,20,2199,1
20240725,20,3310,14
20240725,20,3311,10
20240725,20,3802,3
20240725,21,2111,3
20240725,21,2112,14
20240725,21,2116,16
20240725,21,2122,31
20240725,21,2128,1
20240725,21,2129,0
20240725,21,2130,6
20240725,21,2139,8
20240725,21,2143,2
20240725,21,2148,6
20240725,21,2159,17
20240725,21,2171,5
20240725,21,2172,8
20240725,21,2178,3
20240725,21,2179,5
20240725,21,2185,19
20240725,21,2186,6
20240725,21,2191,20
20240725,21,2198,11
20240725,21,2199,2
20240725,21,3310,15
20240725,21,3311,8
20240725,21,3802,4
20240725,22,2111,2
20240725,22,2112,15
20240725,22,2116,16
20240725,22,2122,32
20240725,22,2128,4
20240725,22,2129,0
20240725,22,2130,6
20240725,22,2139,8
20240725,22,2143,2
20240725,22,2148,5
20240725,22,2159,17
20240725,22,2171,7
20240725,22,2172,8
20240725,22,2178,3
20240725,22,2179,7
20240725,22,2185,20
20240725,22,2186,6
20240725,22,2191,20
20240725,22,2198,12
20240725,22,2199,3
20240725,22,3310,15
20240725,22,3311,7
20240725,22,3802,2
20240725,23,2111,4
20240725,23,2112,13
20240725,23,2116,16
20240725,23,2122,32
20240725,23,2128,2
20240725,23,2129,0
20240725,23,2130,6
20240725,23,2139,8
20240725,23,2143,2
20240725,23,2148,6
20240725,23,2159,17
20240725,23,2171,6
20240725,23,2172,8
20240725,23,2178,3
20240725,23,2179,7
20240725,23,2185,20
20240725,23,2186,5
20240725,23,2191,22
20240725,23,2198,12
20240725,23,2199,2
20240725,23,3310,15
20240725,23,3311,3
20240725,23,3802,2
20240726,0,2111,5
20240726,0,2112,12
20240726,0,2116,16
20240726,0,2122,32
20240726,0,2128,2
20240726,0,2129,0
20240726,0,2130,6
20240726,0,2139,5
20240726,0,2143,2
20240726,0,2148,5
20240726,0,2159,17
20240726,0,2171,5
20240726,0,2172,8
20240726,0,2178,3
20240726,0,2179,9
20240726,0,2185,20
20240726,0,2186,4
20240726,0,2191,21
20240726,0,2198,12
20240726,0,2199,2
20240726,0,3310,15
20240726,0,3311,2
20240726,0,3802,2
20240726,1,2111,5
20240726,1,2112,13
20240726,1,2116,15
20240726,1,2122,32
20240726,1,2128,1
20240726,1,2129,0
20240726,1,2130,6
20240726,1,2139,5
20240726,1,2143,2
20240726,1,2148,4
20240726,1,2159,18
20240726,1,2171,5
20240726,1,2172,9
20240726,1,2178,3
20240726,1,2179,7
20240726,1,2185,19
20240726,1,2186,4
20240726,1,2191,23
20240726,1,2198,11
20240726,1,2199,3
20240726,1,3310,15
20240726,1,3311,2
20240726,1,3802,2
20240726,2,2111,5
20240726,2,2112,13
20240726,2,2116,15
20240726,2,2122,33
20240726,2,2128,1
20240726,2,2129,0
20240726,2,2130,6
20240726,2,2139,5
20240726,2,2143,2
20240726,2,2148,4
20240726,2,2159,18
20240726,2,2171,4
20240726,2,2172,9
20240726,2,2178,3
20240726,2,2179,7
20240726,2,2185,19
20240726,2,2186,4
20240726,2,2191,23
20240726,2,2198,11
20240726,2,2199,2
20240726,2,3310,15
20240726,2,3311,2
20240726,2,3802,2
20240726,3,2111,5
20240726,3,2112,12
20240726,3,2116,16
20240726,3,2122,33
20240726,3,2128,0
20240726,3,2129,0
20240726,3,2130,6
20240726,3,2139,7
20240726,3,2143,2
20240726,3,2148,5
20240726,3,2159,17
20240726,3,2171,4
20240726,3,2172,9
20240726,3,2178,3
20240726,3,2179,8
20240726,3,2185,20
20240726,3,2186,4
20240726,3,2191,25
20240726,3,2198,11
20240726,3,2199,4
20240726,3,3310,14
20240726,3,3311,2
20240726,3,3802,2
20240726,4,2111,4
20240726,4,2112,12
20240726,4,2116,18
20240726,4,2122,31
20240726,4,2128,0
20240726,4,2129,0
20240726,4,2130,6
20240726,4,2139,8
20240726,4,2143,2
20240726,4,2148,5
20240726,4,2159,17
20240726,4,2171,2
20240726,4,2172,10
20240726,4,2178,2
20240726,4,2179,8
20240726,4,2185,21
20240726,4,2186,5
20240726,4,2191,25
20240726,4,2198,11
20240726,4,2199,2
20240726,4,3310,14
20240726,4,3311,3
20240726,4,3802,2
20240726,5,2111,4
20240726,5,2112,13
20240726,5,2116,16
20240726,5,2122,30
20240726,5,2128,0
20240726,5,2129,0
20240726,5,2130,6
20240726,5,2139,8
20240726,5,2143,2
20240726,5,2148,5
20240726,5,2159,17
20240726,5,2171,1
20240726,5,2172,10
20240726,5,2178,2
20240726,5,2179,8
20240726,5,2185,21
20240726,5,2186,5
20240726,5,2191,26
20240726,5,2198,11
20240726,5,2199,2
20240726,5,3310,14
20240726,5,3311,2
20240726,5,3802,2
20240726,6,2111,4
20240726,6,2112,12
20240726,6,2116,16
20240726,6,2122,28
20240726,6,2128,0
20240726,6,2129,0
20240726,6,2130,6
20240726,6,2139,8
20240726,6,2143,2
20240726,6,2148,5
20240726,6,2159,16
20240726,6,2171,1
20240726,6,2172,11
20240726,6,2178,2
20240726,6,2179,8
20240726,6,2185,22
20240726,6,2186,3
20240726,6,2191,23
20240726,6,2198,10
20240726,6,2199,3
20240726,6,3310,14
20240726,6,3311,1
20240726,6,3802,4
20240726,7,2111,4
20240726,7,2112,9
20240726,7,2116,16
20240726,7,2122,28
20240726,7,2128,0
20240726,7,2129,0
20240726,7,2130,6
20240726,7,2139,7
20240726,7,2143,2
20240726,7,2148,7
20240726,7,2159,16
20240726,7,2171,4
20240726,7,2172,11
20240726,7,2178,2
20240726,7,2179,8
20240726,7,2185,22
20240726,7,2186,2
20240726,7,2191,23
20240726,7,2198,9
20240726,7,2199,2
20240726,7,3310,12
20240726,7,3311,5
20240726,7,3802,5
20240726,8,2111,4
20240726,8,2112,9
20240726,8,2116,16
20240726,8,2122,27
20240726,8,2128,1
20240726,8,2129,0
20240726,8,2130,6
20240726,8,2139,2
20240726,8,2143,2
20240726,8,2148,11
20240726,8,2159,16
20240726,8,2171,2
20240726,8,2172,12
20240726,8,2178,2
20240726,8,2179,11
20240726,8,2185,20
20240726,8,2186,1
20240726,8,2191,19
20240726,8,2198,7
20240726,8,2199,2
20240726,8,3310,8
20240726,8,3311,8
20240726,8,3802,5
20240726,9,2111,4
20240726,9,2112,10
20240726,9,2116,18
20240726,9,2122,26
20240726,9,2128,0
20240726,9,2129,0
20240726,9,2130,6
20240726,9,2139,3
20240726,9,2143,3
20240726,9,2148,11
20240726,9,2159,15
20240726,9,2171,9
20240726,9,2172,12
20240726,9,2178,17
20240726,9,2179,12
20240726,9,2185,18
20240726,9,2186,0
20240726,9,2191,5
20240726,9,2198,6
20240726,9,2199,2
20240726,9,3310,6
20240726,9,3311,11
20240726,9,3802,4
20240726,10,2111,4
20240726,10,2112,11
20240726,10,2116,20
20240726,10,2122,26
20240726,10,2128,1
20240726,10,2129,0
20240726,10,2130,6
20240726,10,2139,5
20240726,10,2143,3
20240726,10,2148,11
20240726,10,2159,15
20240726,10,2171,14
20240726,10,2172,13
20240726,10,2178,32
20240726,10,2179,11
20240726,10,2185,16
20240726,10,2186,0
20240726,10,2191,7
20240726,10,2198,6
20240726,10,2199,2
20240726,10,3310,6
20240726,10,3311,14
20240726,10,3802,3
20240726,11,2111,4
20240726,11,2112,11
20240726,11,2116,22
20240726,11,2122,30
20240726,11,2128,3
20240726,11,2129,6
20240726,11,2130,5
20240726,11,2139,4
20240726,11,2143,3
20240726,11,2148,10
20240726,11,2159,15
20240726,11,2171,15
20240726,11,2172,14
20240726,11,2178,33
20240726,11,2179,9
20240726,11,2185,17
20240726,11,2186,0
20240726,11,2191,7
20240726,11,2198,4
20240726,11,2199,2
20240726,11,3310,3
20240726,11,3311,13
20240726,11,3802,4
20240726,12,2111,4
20240726,12,2112,14
20240726,12,2116,23
20240726,12,2122,31
20240726,12,2128,2
20240726,12,2129,6
20240726,12,2130,5
20240726,12,2139,3
20240726,12,2143,2
20240726,12,2148,9
20240726,12,2159,15
20240726,12,2171,20
20240726,12,2172,14
20240726,12,2178,33
20240726,12,2179,11
20240726,12,2185,17
20240726,12,2186,0
20240726,12,2191,5
20240726,12,2198,4
20240726,12,2199,1
20240726,12,3310,1
20240726,12,3311,11
20240726,12,3802,4
20240726,13,2111,3
20240726,13,2112,17
20240726,13,2116,23
20240726,13,2122,31
20240726,13,2128,1
20240726,13,2129,6
20240726,13,2130,5
20240726,13,2139,3
20240726,13,2143,2
20240726,13,2148,10
20240726,13,2159,15
20240726,13,2171,23
20240726,13,2172,16
20240726,13,2178,33
20240726,13,2179,14
20240726,13,2185,18
20240726,13,2186,0
20240726,13,2191,6
20240726,13,2198,5
20240726,13,2199,1
20240726,13,3310,1
20240726,13,3311,10
20240726,13,3802,4
20240726,14,2111,5
20240726,14,2112,19
20240726,14,2116,23
20240726,14,2122,28
20240726,14,2128,1
20240726,14,2129,6
20240726,14,2130,5
20240726,14,2139,3
20240726,14,2143,1
20240726,14,2148,9
20240726,14,2159,15
20240726,14,2171,24
20240726,14,2172,16
20240726,14,2178,33
20240726,14,2179,14
20240726,14,2185,20
20240726,14,2186,0
20240726,14,2191,6
20240726,14,2198,3
20240726,14,2199,1
20240726,14,3310,0
20240726,14,3311,10
20240726,14,3802,3
20240726,15,2111,9
20240726,15,2112,19
20240726,15,2116,12
20240726,15,2122,28
20240726,15,2128,2
20240726,15,2129,5
20240726,15,2130,4
20240726,15,2139,3
20240726,15,2143,1
20240726,15,2148,10
20240726,15,2159,16
20240726,15,2171,24
20240726,15,2172,17
20240726,15,2178,32
20240726,15,2179,13
20240726,15,2185,18
20240726,15,2186,0
20240726,15,2191,5
20240726,15,2198,4
20240726,15,2199,1
20240726,15,3310,0
20240726,15,3311,12
20240726,15,3802,3
20240726,16,2111,8
20240726,16,2112,18
20240726,16,2116,8
20240726,16,2122,28
20240726,16,2128,0
20240726,16,2129,5
20240726,16,2130,4
20240726,16,2139,5
20240726,16,2143,1
20240726,16,2148,11
20240726,16,2159,16
20240726,16,2171,27
20240726,16,2172,14
20240726,16,2178,32
20240726,16,2179,12
20240726,16,2185,18
20240726,16,2186,0
20240726,16,2191,5
20240726,16,2198,4
20240726,16,2199,1
20240726,16,3310,0
20240726,16,3311,12
20240726,16,3802,3
20240726,17,2111,6
20240726,17,2112,18
20240726,17,2116,9
20240726,17,2122,29
20240726,17,2128,0
20240726,17,2129,3
20240726,17,2130,4
20240726,17,2139,5
20240726,17,2143,0
20240726,17,2148,8
20240726,17,2159,15
20240726,17,2171,27
20240726,17,2172,12
20240726,17,2178,32
20240726,17,2179,11
20240726,17,2185,20
20240726,17,2186,0
20240726,17,2191,6
20240726,17,2198,4
20240726,17,2199,1
20240726,17,3310,0
20240726,17,3311,10
20240726,17,3802,3
20240726,18,2111,6
20240726,18,2112,18
20240726,18,2116,10
20240726,18,2122,32
20240726,18,2128,0
20240726,18,2129,1
20240726,18,2130,3
20240726,18,2139,6
20240726,18,2143,1
20240726,18,2148,6
20240726,18,2159,15
20240726,18,2171,28
20240726,18,2172,9
20240726,18,2178,28
20240726,18,2179,9
20240726,18,2185,17
20240726,18,2186,2
20240726,18,2191,4
20240726,18,2198,4
20240726,18,2199,1
20240726,18,3310,0
20240726,18,3311,6
20240726,18,3802,4
20240726,19,2111,4
20240726,19,2112,18
20240726,19,2116,13
20240726,19,2122,35
20240726,19,2128,0
20240726,19,2129,0
20240726,19,2130,2
20240726,19,2139,8
20240726,19,2143,1
20240726,19,2148,6
20240726,19,2159,14
20240726,19,2171,28
20240726,19,2172,8
20240726,19,2178,28
20240726,19,2179,11
20240726,19,2185,14
20240726,19,2186,2
20240726,19,2191,3
20240726,19,2198,6
20240726,19,2199,1
20240726,19,3310,0
20240726,19,3311,5
20240726,19,3802,4
20240726,20,2111,4
20240726,20,2112,18
20240726,20,2116,12
20240726,20,2122,35
20240726,20,2128,0
20240726,20,2129,0
20240726,20,2130,2
20240726,20,2139,8
20240726,20,2143,3
20240726,20,2148,4
20240726,20,2159,12
20240726,20,2171,22
20240726,20,2172,5
20240726,20,2178,27
20240726,20,2179,11
20240726,20,2185,15
20240726,20,2186,1
20240726,20,2191,5
20240726,20,2198,6
20240726,20,2199,2
20240726,20,3310,0
20240726,20,3311,3
20240726,20,3802,9
20240726,21,2111,3
20240726,21,2112,17
20240726,21,2116,12
20240726,21,2122,34
20240726,21,2128,0
20240726,21,2129,10
20240726,21,2130,2
20240726,21,2139,7
20240726,21,2143,3
20240726,21,2148,5
20240726,21,2159,14
20240726,21,2171,21
20240726,21,2172,5
20240726,21,2178,26
20240726,21,2179,6
20240726,21,2185,14
20240726,21,2186,1
20240726,21,2191,5
20240726,21,2198,5
20240726,21,2199,3
20240726,21,3310,0
20240726,21,3311,2
20240726,21,3802,11
20240726,22,2111,2
20240726,22,2112,15
20240726,22,2116,11
20240726,22,2122,35
20240726,22,2128,0
20240726,22,2129,11
20240726,22,2130,2
20240726,22,2139,8
20240726,22,2143,3
20240726,22,2148,6
20240726,22,2159,14
20240726,22,2171,22
20240726,22,2172,4
20240726,22,2178,26
20240726,22,2179,6
20240726,22,2185,14
20240726,22,2186,1
20240726,22,2191,5
20240726,22,2198,5
20240726,22,2199,3
20240726,22,3310,0
20240726,22,3311,1
20240726,22,3802,13
20240726,23,2111,5
20240726,23,2112,15
20240726,23,2116,13
20240726,23,2122,36
20240726,23,2128,0
20240726,23,2129,11
20240726,23,2130,2
20240726,23,2139,8
20240726,23,2143,3
20240726,23,2148,6
20240726,23,2159,15
20240726,23,2171,20
20240726,23,2172,3
20240726,23,2178,24
20240726,23,2179,5
20240726,23,2185,16
20240726,23,2186,1
20240726,23,2191,12
20240726,23,2198,4
20240726,23,2199,3
20240726,23,3310,0
20240726,23,3311,1
20240726,23,3802,13
20240727,0,2111,4
20240727,0,2112,13
20240727,0,2116,12
20240727,0,2122,36
20240727,0,2128,0
20240727,0,2129,10
20240727,0,2130,2
20240727,0,2139,12
20240727,0,2143,3
20240727,0,2148,5
20240727,0,2159,15
20240727,0,2171,20
20240727,0,2172,3
20240727,0,2178,23
20240727,0,2179,5
20240727,0,2185,15
20240727,0,2186,1
20240727,0,2191,14
20240727,0,2198,4
20240727,0,2199,3
20240727,0,3310,2
20240727,0,3311,2
20240727,0,3802,13
20240727,1,2111,0
20240727,1,2112,12
20240727,1,2116,12
20240727,1,2122,38
20240727,1,2128,0
20240727,1,2129,11
20240727,1,2130,2
20240727,1,2139,12
20240727,1,2143,1
20240727,1,2148,4
20240727,1,2159,15
20240727,1,2171,5
20240727,1,2172,3
20240727,1,2178,24
20240727,1,2179,4
20240727,1,2185,14
20240727,1,2186,1
20240727,1,2191,17
20240727,1,2198,5
20240727,1,2199,4
20240727,1,3310,2
20240727,1,3311,1
20240727,1,3802,13
20240727,2,2111,1
20240727,2,2112,13
20240727,2,2116,12
20240727,2,2122,38
20240727,2,2128,0
20240727,2,2129,13
20240727,2,2130,2
20240727,2,2139,12
20240727,2,2143,1
20240727,2,2148,4
20240727,2,2159,15
20240727,2,2171,5
20240727,2,2172,3
20240727,2,2178,22
20240727,2,2179,6
20240727,2,2185,16
20240727,2,2186,2
20240727,2,2191,19
20240727,2,2198,2
20240727,2,2199,4
20240727,2,3310,3
20240727,2,3311,1
20240727,2,3802,12
20240727,3,2111,0
20240727,3,2112,12
20240727,3,2116,11
20240727,3,2122,38
20240727,3,2128,0
20240727,3,2129,14
20240727,3,2130,3
20240727,3,2139,14
20240727,3,2143,3
20240727,3,2148,5
20240727,3,2159,14
20240727,3,2171,5
20240727,3,2172,3
20240727,3,2178,22
20240727,3,2179,6
20240727,3,2185,16
20240727,3,2186,2
20240727,3,2191,20
20240727,3,2198,2
20240727,3,2199,4
20240727,3,3310,3
20240727,3,3311,1
20240727,3,3802,12
20240727,4,2111,0
20240727,4,2112,12
20240727,4,2116,11
20240727,4,2122,38
20240727,4,2128,0
20240727,4,2129,13
20240727,4,2130,3
20240727,4,2139,13
20240727,4,2143,3
20240727,4,2148,5
20240727,4,2159,14
20240727,4,2171,4
20240727,4,2172,3
20240727,4,2178,22
20240727,4,2179,7
20240727,4,2185,17
20240727,4,2186,2
20240727,4,2191,19
20240727,4,2198,3
20240727,4,2199,4
20240727,4,3310,3
20240727,4,3311,1
20240727,4,3802,12
20240727,5,2111,1
20240727,5,2112,11
20240727,5,2116,10
20240727,5,2122,38
20240727,5,2128,0
20240727,5,2129,13
20240727,5,2130,3
20240727,5,2139,14
20240727,5,2143,3
20240727,5,2148,3
20240727,5,2159,14
20240727,5,2171,4
20240727,5,2172,3
20240727,5,2178,23
20240727,5,2179,9
20240727,5,2185,17
20240727,5,2186,0
20240727,5,2191,20
20240727,5,2198,2
20240727,5,2199,4
20240727,5,3310,3
20240727,5,3311,1
20240727,5,3802,12
20240727,6,2111,3
20240727,6,2112,10
20240727,6,2116,12
20240727,6,2122,37
20240727,6,2128,0
20240727,6,2129,13
20240727,6,2130,3
20240727,6,2139,13
20240727,6,2143,2
20240727,6,2148,2
20240727,6,2159,15
20240727,6,2171,4
20240727,6,2172,3
20240727,6,2178,23
20240727,6,2179,9
20240727,6,2185,17
20240727,6,2186,0
20240727,6,2191,19
20240727,6,2198,2
20240727,6,2199,4
20240727,6,3310,3
20240727,6,3311,1
20240727,6,3802,14
20240727,7,2111,3
20240727,7,2112,12
20240727,7,2116,11
20240727,7,2122,37
20240727,7,2128,0
20240727,7,2129,13
20240727,7,2130,3
20240727,7,2139,12
20240727,7,2143,3
20240727,7,2148,2
20240727,7,2159,16
20240727,7,2171,4
20240727,7,2172,5
20240727,7,2178,23
20240727,7,2179,9
20240727,7,2185,16
20240727,7,2186,0
20240727,7,2191,18
20240727,7,2198,2
20240727,7,2199,4
20240727,7,3310,3
20240727,7,3311,2
20240727,7,3802,14
20240727,8,2111,3
20240727,8,2112,15
20240727,8,2116,11
20240727,8,2122,38
20240727,8,2128,1
20240727,8,2129,12
20240727,8,2130,3
20240727,8,2139,12
20240727,8,2143,2
20240727,8,2148,2
20240727,8,2159,15
20240727,8,2171,5
20240727,8,2172,6
20240727,8,2178,24
20240727,8,2179,9
20240727,8,2185,15
20240727,8,2186,0
20240727,8,2191,18
20240727,8,2198,2
20240727,8,2199,4
20240727,8,3310,0
20240727,8,3311,3
20240727,8,3802,13
20240727,9,2111,3
20240727,9,2112,14
20240727,9,2116,12
20240727,9,2122,37
20240727,9,2128,1
20240727,9,2129,12
20240727,9,2130,3
20240727,9,2139,12
20240727,9,2143,4
20240727,9,2148,1
20240727,9,2159,15
20240727,9,2171,8
20240727,9,2172,6
20240727,9,2178,24
20240727,9,2179,11
20240727,9,2185,15
20240727,9,2186,2
20240727,9,2191,17
20240727,9,2198,1
20240727,9,2199,4
20240727,9,3310,0
20240727,9,3311,8
20240727,9,3802,14
20240727,10,2111,3
20240727,10,2112,18
20240727,10,2116,9
20240727,10,2122,35
20240727,10,2128,1
20240727,10,2129,12
20240727,10,2130,3
20240727,10,2139,13
20240727,10,2143,3
20240727,10,2148,1
20240727,10,2159,17
20240727,10,2171,9
20240727,10,2172,5
20240727,10,2178,23
20240727,10,2179,11
20240727,10,2185,14
20240727,10,2186,1
20240727,10,2191,16
20240727,10,2198,1
20240727,10,2199,4
20240727,10,3310,13
20240727,10,3311,12
20240727,10,3802,18
20240727,11,2111,3
20240727,11,2112,20
20240727,11,2116,10
20240727,11,2122,35
20240727,11,2128,2
20240727,11,2129,11
20240727,11,2130,3
20240727,11,2139,14
20240727,11,2143,2
20240727,11,2148,5
20240727,11,2159,16
20240727,11,2171,11
20240727,11,2172,7
20240727,11,2178,22
20240727,11,2179,11
20240727,11,2185,14
20240727,11,2186,0
20240727,11,2191,16
20240727,11,2198,1
20240727,11,2199,5
20240727,11,3310,10
20240727,11,3311,13
20240727,11,3802,12
20240727,12,2111,5
20240727,12,2112,20
20240727,12,2116,11
20240727,12,2122,36
20240727,12,2128,2
20240727,12,2129,9
20240727,12,2130,3
20240727,12,2139,14
20240727,12,2143,2
20240727,12,2148,1
20240727,12,2159,16
20240727,12,2171,14
20240727,12,2172,7
20240727,12,2178,22
20240727,12,2179,11
20240727,12,2185,13
20240727,12,2186,0
20240727,12,2191,15
20240727,12,2198,0
20240727,12,2199,5
20240727,12,3310,7
20240727,12,3311,14
20240727,12,3802,11
20240727,13,2111,9
20240727,13,2112,21
20240727,13,2116,10
20240727,13,2122,38
20240727,13,2128,2
20240727,13,2129,8
20240727,13,2130,3
20240727,13,2139,15
20240727,13,2143,1
20240727,13,2148,1
20240727,13,2159,18
20240727,13,2171,14
20240727,13,2172,8
20240727,13,2178,23
20240727,13,2179,14
20240727,13,2185,11
20240727,13,2186,0
20240727,13,2191,16
20240727,13,2198,0
20240727,13,2199,6
20240727,13,3310,7
20240727,13,3311,20
20240727,13,3802,10
20240727,14,2111,10
20240727,14,2112,21
20240727,14,2116,11
20240727,14,2122,38
20240727,14,2128,2
20240727,14,2129,7
20240727,14,2130,3
20240727,14,2139,14
20240727,14,2143,1
20240727,14,2148,1
20240727,14,2159,18
20240727,14,2171,15
20240727,14,2172,9
20240727,14,2178,23
20240727,14,2179,16
20240727,14,2185,11
20240727,14,2186,0
20240727,14,2191,16
20240727,14,2198,0
20240727,14,2199,6
20240727,14,3310,6
20240727,14,3311,20
20240727,14,3802,10
20240727,15,2111,9
20240727,15,2112,21
20240727,15,2116,11
20240727,15,2122,38
20240727,15,2128,2
20240727,15,2129,7
20240727,15,2130,3
20240727,15,2139,13
20240727,15,2143,1
20240727,15,2148,1
20240727,15,2159,19
20240727,15,2171,15
20240727,15,2172,9
20240727,15,2178,23
20240727,15,2179,18
20240727,15,2185,11
20240727,15,2186,0
20240727,15,2191,16
20240727,15,2198,0
20240727,15,2199,6
20240727,15,3310,6
20240727,15,3311,20
20240727,15,3802,10
20240727,16,2111,8
20240727,16,2112,21
20240727,16,2116,11
20240727,16,2122,37
20240727,16,2128,2
20240727,16,2129,6
20240727,16,2130,3
20240727,16,2139,13
20240727,16,2143,1
20240727,16,2148,1
20240727,16,2159,19
20240727,16,2171,15
20240727,16,2172,6
20240727,16,2178,20
20240727,16,2179,17
20240727,16,2185,10
20240727,16,2186,1
20240727,16,2191,15
20240727,16,2198,0
20240727,16,2199,4
20240727,16,3310,6
20240727,16,3311,17
20240727,16,3802,10
20240727,17,2111,7
20240727,17,2112,21
20240727,17,2116,11
20240727,17,2122,36
20240727,17,2128,5
20240727,17,2129,5
20240727,17,2130,3
20240727,17,2139,12
20240727,17,2143,1
20240727,17,2148,2
20240727,17,2159,19
20240727,17,2171,15
20240727,17,2172,6
20240727,17,2178,19
20240727,17,2179,17
20240727,17,2185,10
20240727,17,2186,1
20240727,17,2191,16
20240727,17,2198,1
20240727,17,2199,4
20240727,17,3310,5
20240727,17,3311,16
20240727,17,3802,10
20240727,18,2111,10
20240727,18,2112,21
20240727,18,2116,11
20240727,18,2122,36
20240727,18,2128,5
20240727,18,2129,5
20240727,18,2130,3
20240727,18,2139,12
20240727,18,2143,1
20240727,18,2148,1
20240727,18,2159,18
20240727,18,2171,18
20240727,18,2172,6
20240727,18,2178,17
20240727,18,2179,18
20240727,18,2185,10
20240727,18,2186,1
20240727,18,2191,17
20240727,18,2198,1
20240727,18,2199,5
20240727,18,3310,5
20240727,18,3311,16
20240727,18,3802,9
20240727,19,2111,9
20240727,19,2112,21
20240727,19,2116,10
20240727,19,2122,36
20240727,19,2128,3
20240727,19,2129,5
20240727,19,2130,3
20240727,19,2139,13
20240727,19,2143,2
20240727,19,2148,1
20240727,19,2159,18
20240727,19,2171,17
20240727,19,2172,6
20240727,19,2178,17
20240727,19,2179,18
20240727,19,2185,10
20240727,19,2186,0
20240727,19,2191,15
20240727,19,2198,0
20240727,19,2199,5
20240727,19,3310,5
20240727,19,3311,13
20240727,19,3802,9
20240727,20,2111,6
20240727,20,2112,25
20240727,20,2116,10
20240727,20,2122,37
20240727,20,2128,4
20240727,20,2129,5
20240727,20,2130,3
20240727,20,2139,13
20240727,20,2143,3
20240727,20,2148,1
20240727,20,2159,18
20240727,20,2171,11
20240727,20,2172,4
20240727,20,2178,16
20240727,20,2179,17
20240727,20,2185,10
20240727,20,2186,0
20240727,20,2191,13
20240727,20,2198,0
20240727,20,2199,5
20240727,20,3310,5
20240727,20,3311,10
20240727,20,3802,9
20240727,21,2111,6
20240727,21,2112,25
20240727,21,2116,10
20240727,21,2122,37
20240727,21,2128,3
20240727,21,2129,3
20240727,21,2130,9
20240727,21,2139,12
20240727,21,2143,2
20240727,21,2148,1
20240727,21,2159,17
20240727,21,2171,10
20240727,21,2172,4
20240727,21,2178,16
20240727,21,2179,16
20240727,21,2185,9
20240727,21,2186,3
20240727,21,2191,9
20240727,21,2198,1
20240727,21,2199,5
20240727,21,3310,4
20240727,21,3311,7
20240727,21,3802,9
20240727,22,2111,7
20240727,22,2112,26
20240727,22,2116,11
20240727,22,2122,37
20240727,22,2128,3
20240727,22,2129,4
20240727,22,2130,9
20240727,22,2139,14
20240727,22,2143,2
20240727,22,2148,3
20240727,22,2159,17
20240727,22,2171,7
20240727,22,2172,5
20240727,22,2178,14
20240727,22,2179,18
20240727,22,2185,9
20240727,22,2186,1
20240727,22,2191,11
20240727,22,2198,2
20240727,22,2199,4
20240727,22,3310,4
20240727,22,3311,5
20240727,22,3802,9
20240727,23,2111,10
20240727,23,2112,26
20240727,23,2116,12
20240727,23,2122,37
20240727,23,2128,4
20240727,23,2129,4
20240727,23,2130,9
20240727,23,2139,18
20240727,23,2143,4
20240727,23,2148,2
20240727,23,2159,18
20240727,23,2171,7
20240727,23,2172,4
20240727,23,2178,14
20240727,23,2179,18
20240727,23,2185,12
20240727,23,2186,1
20240727,23,2191,11
20240727,23,2198,5
20240727,23,2199,4
20240727,23,3310,4
20240727,23,3311,4
20240727,23,3802,9
20240728,0,2111,8
20240728,0,2112,25
20240728,0,2116,8
20240728,0,2122,37
20240728,0,2128,2
20240728,0,2129,4
20240728,0,2130,9
20240728,0,2139,18
20240728,0,2143,4
20240728,0,2148,2
20240728,0,2159,18
20240728,0,2171,4
20240728,0,2172,4
20240728,0,2178,14
20240728,0,2179,19
20240728,0,2185,13
20240728,0,2186,1
20240728,0,2191,11
20240728,0,2198,6
20240728,0,2199,5
20240728,0,3310,5
20240728,0,3311,1
20240728,0,3802,9
20240728,1,2111,7
20240728,1,2112,25
20240728,1,2116,9
20240728,1,2122,38
20240728,1,2128,2
20240728,1,2129,4
20240728,1,2130,9
20240728,1,2139,19
20240728,1,2143,4
20240728,1,2148,0
20240728,1,2159,18
20240728,1,2171,3
20240728,1,2172,4
20240728,1,2178,14
20240728,1,2179,20
20240728,1,2185,14
20240728,1,2186,4
20240728,1,2191,11
20240728,1,2198,6
20240728,1,2199,5
20240728,1,3310,5
20240728,1,3311,1
20240728,1,3802,9
20240728,2,2111,6
20240728,2,2112,23
20240728,2,2116,9
20240728,2,2122,37
20240728,2,2128,0
20240728,2,2129,4
20240728,2,2130,9
20240728,2,2139,20
20240728,2,2143,5
20240728,2,2148,0
20240728,2,2159,18
20240728,2,2171,4
20240728,2,2172,4
20240728,2,2178,14
20240728,2,2179,19
20240728,2,2185,15
20240728,2,2186,3
20240728,2,2191,11
20240728,2,2198,4
20240728,2,2199,4
20240728,2,3310,5
20240728,2,3311,1
20240728,2,3802,9
20240728,3,2111,5
20240728,3,2112,23
20240728,3,2116,8
20240728,3,2122,37
20240728,3,2128,0
20240728,3,2129,4
20240728,3,2130,9
20240728,3,2139,22
20240728,3,2143,5
20240728,3,2148,0
20240728,3,2159,18
20240728,3,2171,4
20240728,3,2172,4
20240728,3,2178,14
20240728,3,2179,20
20240728,3,2185,16
20240728,3,2186,3
20240728,3,2191,11
20240728,3,2198,3
20240728,3,2199,4
20240728,3,3310,5
20240728,3,3311,1
20240728,3,3802,9
20240728,4,2111,6
20240728,4,2112,25
20240728,4,2116,9
20240728,4,2122,38
20240728,4,2128,0
20240728,4,2129,4
20240728,4,2130,9
20240728,4,2139,22
20240728,4,2143,5
20240728,4,2148,0
20240728,4,2159,18
20240728,4,2171,3
20240728,4,2172,4
20240728,4,2178,14
20240728,4,2179,20
20240728,4,2185,17
20240728,4,2186,3
20240728,4,2191,12
20240728,4,2198,3
20240728,4,2199,4
20240728,4,3310,5
20240728,4,3311,3
20240728,4,3802,9
20240728,5,2111,7
20240728,5,2112,24
20240728,5,2116,9
20240728,5,2122,38
20240728,5,2128,0
20240728,5,2129,2
20240728,5,2130,9
20240728,5,2139,21
20240728,5,2143,5
20240728,5,2148,0
20240728,5,2159,18
20240728,5,2171,3
20240728,5,2172,4
20240728,5,2178,14
20240728,5,2179,19
20240728,5,2185,17
20240728,5,2186,3
20240728,5,2191,12
20240728,5,2198,3
20240728,5,2199,4
20240728,5,3310,5
20240728,5,3311,3
20240728,5,3802,9
20240728,6,2111,6
20240728,6,2112,24
20240728,6,2116,10
20240728,6,2122,38
20240728,6,2128,0
20240728,6,2129,2
20240728,6,2130,9
20240728,6,2139,21
20240728,6,2143,5
20240728,6,2148,0
20240728,6,2159,19
20240728,6,2171,4
20240728,6,2172,4
20240728,6,2178,14
20240728,6,2179,19
20240728,6,2185,16
20240728,6,2186,3
20240728,6,2191,12
20240728,6,2198,2
20240728,6,2199,4
20240728,6,3310,5
20240728,6,3311,3
20240728,6,3802,9
20240728,7,2111,6
20240728,7,2112,24
20240728,7,2116,10
20240728,7,2122,39
20240728,7,2128,1
20240728,7,2129,2
20240728,7,2130,9
20240728,7,2139,19
20240728,7,2143,5
20240728,7,2148,0
20240728,7,2159,19
20240728,7,2171,3
20240728,7,2172,4
20240728,7,2178,14
20240728,7,2179,18
20240728,7,2185,15
20240728,7,2186,2
20240728,7,2191,10
20240728,7,2198,2
20240728,7,2199,4
20240728,7,3310,4
20240728,7,3311,4
20240728,7,3802,9
20240728,8,2111,7
20240728,8,2112,24
20240728,8,2116,10
20240728,8,2122,39
20240728,8,2128,1
20240728,8,2129,1
20240728,8,2130,9
20240728,8,2139,19
20240728,8,2143,4
20240728,8,2148,0
20240728,8,2159,19
20240728,8,2171,3
20240728,8,2172,5
20240728,8,2178,13
20240728,8,2179,18
20240728,8,2185,15
20240728,8,2186,2
20240728,8,2191,9
20240728,8,2198,3
20240728,8,2199,4
20240728,8,3310,3
20240728,8,3311,4
20240728,8,3802,9
20240728,9,2111,7
20240728,9,2112,24
20240728,9,2116,10
20240728,9,2122,39
20240728,9,2128,1
20240728,9,2129,1
20240728,9,2130,9
20240728,9,2139,19
20240728,9,2143,6
20240728,9,2148,0
20240728,9,2159,19
20240728,9,2171,5
20240728,9,2172,6
20240728,9,2178,12
20240728,9,2179,17
20240728,9,2185,14
20240728,9,2186,2
20240728,9,2191,9
20240728,9,2198,3
20240728,9,2199,3
20240728,9,3310,3
20240728,9,3311,4
20240728,9,3802,9
20240728,10,2111,5
20240728,10,2112,22
20240728,10,2116,11
20240728,10,2122,39
20240728,10,2128,1
20240728,10,2129,16
20240728,10,2130,9
20240728,10,2139,18
20240728,10,2143,5
20240728,10,2148,0
20240728,10,2159,18
20240728,10,2171,6
20240728,10,2172,8
20240728,10,2178,12
20240728,10,2179,18
20240728,10,2185,12
20240728,10,2186,1
20240728,10,2191,9
20240728,10,2198,1
20240728,10,2199,4
20240728,10,3310,3
20240728,10,3311,9
20240728,10,3802,10
20240728,11,2111,5
20240728,11,2112,22
20240728,11,2116,13
20240728,11,2122,40
20240728,11,2128,1
20240728,11,2129,12
20240728,11,2130,8
20240728,11,2139,16
20240728,11,2143,5
20240728,11,2148,0
20240728,11,2159,18
20240728,11,2171,6
20240728,11,2172,4
20240728,11,2178,29
20240728,11,2179,20
20240728,11,2185,12
20240728,11,2186,1
20240728,11,2191,10
20240728,11,2198,0
20240728,11,2199,5
20240728,11,3310,2
20240728,11,3311,10
20240728,11,3802,9
20240728,12,2111,6
20240728,12,2112,21
20240728,12,2116,15
20240728,12,2122,40
20240728,12,2128,0
20240728,12,2129,9
20240728,12,2130,8
20240728,12,2139,17
20240728,12,2143,5
20240728,12,2148,0
20240728,12,2159,19
20240728,12,2171,6
20240728,12,2172,4
20240728,12,2178,29
20240728,12,2179,21
20240728,12,2185,13
20240728,12,2186,1
20240728,12,2191,10
20240728,12,2198,1
20240728,12,2199,5
20240728,12,3310,0
20240728,12,3311,13
20240728,12,3802,9
20240728,13,2111,6
20240728,13,2112,23
20240728,13,2116,17
20240728,13,2122,41
20240728,13,2128,0
20240728,13,2129,9
20240728,13,2130,7
20240728,13,2139,19
20240728,13,2143,5
20240728,13,2148,0
20240728,13,2159,19
20240728,13,2171,7
20240728,13,2172,6
20240728,13,2178,29
20240728,13,2179,19
20240728,13,2185,12
20240728,13,2186,2
20240728,13,2191,8
20240728,13,2198,0
20240728,13,2199,4
20240728,13,3310,0
20240728,13,3311,18
20240728,13,3802,10
20240728,14,2111,5
20240728,14,2112,23
20240728,14,2116,15
20240728,14,2122,40
20240728,14,2128,0
20240728,14,2129,11
20240728,14,2130,8
20240728,14,2139,19
20240728,14,2143,5
20240728,14,2148,0
20240728,14,2159,18
20240728,14,2171,5
20240728,14,2172,8
20240728,14,2178,31
20240728,14,2179,19
20240728,14,2185,11
20240728,14,2186,3
20240728,14,2191,7
20240728,14,2198,0
20240728,14,2199,4
20240728,14,3310,0
20240728,14,3311,20
20240728,14,3802,9
20240728,15,2111,6
20240728,15,2112,23
20240728,15,2116,15
20240728,15,2122,37
20240728,15,2128,1
20240728,15,2129,11
20240728,15,2130,9
20240728,15,2139,18
20240728,15,2143,4
20240728,15,2148,0
20240728,15,2159,18
20240728,15,2171,5
20240728,15,2172,9
20240728,15,2178,31
20240728,15,2179,18
20240728,15,2185,11
20240728,15,2186,3
20240728,15,2191,8
20240728,15,2198,2
20240728,15,2199,4
20240728,15,3310,0
20240728,15,3311,17
20240728,15,3802,9
20240728,16,2111,5
20240728,16,2112,25
20240728,16,2116,15
20240728,16,2122,37
20240728,16,2128,4
20240728,16,2129,9
20240728,16,2130,7
20240728,16,2139,17
20240728,16,2143,3
20240728,16,2148,1
20240728,16,2159,18
20240728,16,2171,5
20240728,16,2172,9
20240728,16,2178,29
20240728,16,2179,18
20240728,16,2185,11
20240728,16,2186,4
20240728,16,2191,7
20240728,16,2198,2
20240728,16,2199,4
20240728,16,3310,0
20240728,16,3311,14
20240728,16,3802,12
20240728,17,2111,5
20240728,17,2112,27
20240728,17,2116,15
20240728,17,2122,35
20240728,17,2128,3
20240728,17,2129,9
20240728,17,2130,4
20240728,17,2139,16
20240728,17,2143,3
20240728,17,2148,2
20240728,17,2159,17
20240728,17,2171,3
20240728,17,2172,7
20240728,17,2178,28
20240728,17,2179,17
20240728,17,2185,11
20240728,17,2186,4
20240728,17,2191,8
20240728,17,2198,1
20240728,17,2199,4
20240728,17,3310,0
20240728,17,3311,14
20240728,17,3802,9
20240728,18,2111,7
20240728,18,2112,30
20240728,18,2116,14
20240728,18,2122,34
20240728,18,2128,4
20240728,18,2129,8
20240728,18,2130,3
20240728,18,2139,14
20240728,18,2143,3
20240728,18,2148,0
20240728,18,2159,16
20240728,18,2171,3
20240728,18,2172,4
20240728,18,2178,29
20240728,18,2179,13
20240728,18,2185,10
20240728,18,2186,1
20240728,18,2191,7
20240728,18,2198,1
20240728,18,2199,4
20240728,18,3310,0
20240728,18,3311,13
20240728,18,3802,9
20240728,19,2111,8
20240728,19,2112,30
20240728,19,2116,11
20240728,19,2122,31
20240728,19,2128,2
20240728,19,2129,8
20240728,19,2130,4
20240728,19,2139,12
20240728,19,2143,3
20240728,19,2148,0
20240728,19,2159,16
20240728,19,2171,2
20240728,19,2172,4
20240728,19,2178,29
20240728,19,2179,12
20240728,19,2185,8
20240728,19,2186,1
20240728,19,2191,8
20240728,19,2198,3
20240728,19,2199,3
20240728,19,3310,0
20240728,19,3311,14
20240728,19,3802,9
20240728,20,2111,13
20240728,20,2112,30
20240728,20,2116,10
20240728,20,2122,30
20240728,20,2128,1
20240728,20,2129,10
20240728,20,2130,4
20240728,20,2139,12
20240728,20,2143,5
20240728,20,2148,0
20240728,20,2159,18
20240728,20,2171,2
20240728,20,2172,5
20240728,20,2178,27
20240728,20,2179,13
20240728,20,2185,12
20240728,20,2186,2
20240728,20,2191,8
20240728,20,2198,1
20240728,20,2199,2
20240728,20,3310,0
20240728,20,3311,14
20240728,20,3802,9
20240728,21,2111,5
20240728,21,2112,28
20240728,21,2116,8
20240728,21,2122,28
20240728,21,2128,0
20240728,21,2129,10
20240728,21,2130,5
20240728,21,2139,12
20240728,21,2143,3
20240728,21,2148,0
20240728,21,2159,18
20240728,21,2171,1
20240728,21,2172,3
20240728,21,2178,25
20240728,21,2179,14
20240728,21,2185,16
20240728,21,2186,18
20240728,21,2191,5
20240728,21,2198,2
20240728,21,2199,2
20240728,21,3310,0
20240728,21,3311,14
20240728,21,3802,9
20240728,22,2111,5
20240728,22,2112,28
20240728,22,2116,8
20240728,22,2122,28
20240728,22,2128,0
20240728,22,2129,10
20240728,22,2130,4
20240728,22,2139,10
20240728,22,2143,4
20240728,22,2148,1
20240728,22,2159,18
20240728,22,2171,1
20240728,22,2172,3
20240728,22,2178,25
20240728,22,2179,19
20240728,22,2185,21
20240728,22,2186,20
20240728,22,2191,5
20240728,22,2198,2
20240728,22,2199,1
20240728,22,3310,1
20240728,22,3311,10
20240728,22,3802,9
20240728,23,2111,5
20240728,23,2112,27
20240728,23,2116,10
20240728,23,2122,31
20240728,23,2128,2
20240728,23,2129,9
20240728,23,2130,4
20240728,23,2139,12
20240728,23,2143,3
20240728,23,2148,2
20240728,23,2159,19
20240728,23,2171,1
20240728,23,2172,3
20240728,23,2178,27
20240728,23,2179,20
20240728,23,2185,22
20240728,23,2186,24
20240728,23,2191,5
20240728,23,2198,3
20240728,23,2199,1
20240728,23,3310,0
20240728,23,3311,9
20240728,23,3802,10
20240729,0,2111,7
20240729,0,2112,26
20240729,0,2116,10
20240729,0,2122,31
20240729,0,2128,2
20240729,0,2129,11
20240729,0,2130,4
20240729,0,2139,13
20240729,0,2143,3
20240729,0,2148,3
20240729,0,2159,19
20240729,0,2171,3
20240729,0,2172,4
20240729,0,2178,27
20240729,0,2179,22
20240729,0,2185,22
20240729,0,2186,23
20240729,0,2191,5
20240729,0,2198,0
20240729,0,2199,1
20240729,0,3310,1
20240729,0,3311,9
20240729,0,3802,10
20240729,1,2111,13
20240729,1,2112,26
20240729,1,2116,11
20240729,1,2122,31
20240729,1,2128,1
20240729,1,2129,11
20240729,1,2130,4
20240729,1,2139,13
20240729,1,2143,4
20240729,1,2148,4
20240729,1,2159,20
20240729,1,2171,3
20240729,1,2172,4
20240729,1,2178,26
20240729,1,2179,23
20240729,1,2185,24
20240729,1,2186,22
20240729,1,2191,6
20240729,1,2198,1
20240729,1,2199,1
20240729,1,3310,1
20240729,1,3311,9
20240729,1,3802,10
20240729,2,2111,14
20240729,2,2112,24
20240729,2,2116,11
20240729,2,2122,30
20240729,2,2128,1
20240729,2,2129,9
20240729,2,2130,4
20240729,2,2139,13
20240729,2,2143,5
20240729,2,2148,3
20240729,2,2159,19
20240729,2,2171,3
20240729,2,2172,4
20240729,2,2178,26
20240729,2,2179,23
20240729,2,2185,23
20240729,2,2186,22
20240729,2,2191,8
20240729,2,2198,1
20240729,2,2199,1
20240729,2,3310,1
20240729,2,3311,9
20240729,2,3802,10
20240729,3,2111,14
20240729,3,2112,24
20240729,3,2116,9
20240729,3,2122,31
20240729,3,2128,1
20240729,3,2129,12
20240729,3,2130,4
20240729,3,2139,16
20240729,3,2143,4
20240729,3,2148,3
20240729,3,2159,19
20240729,3,2171,3
20240729,3,2172,4
20240729,3,2178,26
20240729,3,2179,24
20240729,3,2185,24
20240729,3,2186,22
20240729,3,2191,6
20240729,3,2198,1
20240729,3,2199,1
20240729,3,3310,0
20240729,3,3311,9
20240729,3,3802,10
20240729,4,2111,16
20240729,4,2112,24
20240729,4,2116,9
20240729,4,2122,31
20240729,4,2128,1
20240729,4,2129,10
20240729,4,2130,4
20240729,4,2139,16
20240729,4,2143,4
20240729,4,2148,3
20240729,4,2159,19
20240729,4,2171,1
20240729,4,2172,4
20240729,4,2178,26
20240729,4,2179,24
20240729,4,2185,25
20240729,4,2186,22
20240729,4,2191,6
20240729,4,2198,2
20240729,4,2199,1
20240729,4,3310,0
20240729,4,3311,9
20240729,4,3802,10
20240729,5,2111,17
20240729,5,2112,22
20240729,5,2116,9
20240729,5,2122,31
20240729,5,2128,0
20240729,5,2129,11
20240729,5,2130,4
20240729,5,2139,16
20240729,5,2143,4
20240729,5,2148,3
20240729,5,2159,19
20240729,5,2171,1
20240729,5,2172,4
20240729,5,2178,26
20240729,5,2179,24
20240729,5,2185,26
20240729,5,2186,22
20240729,5,2191,6
20240729,5,2198,2
20240729,5,2199,1
20240729,5,3310,0
20240729,5,3311,9
20240729,5,3802,10
20240729,6,2111,17
20240729,6,2112,22
20240729,6,2116,7
20240729,6,2122,31
20240729,6,2128,0
20240729,6,2129,11
20240729,6,2130,4
20240729,6,2139,16
20240729,6,2143,4
20240729,6,2148,2
20240729,6,2159,19
20240729,6,2171,1
20240729,6,2172,4
20240729,6,2178,26
20240729,6,2179,24
20240729,6,2185,26
20240729,6,2186,22
20240729,6,2191,8
20240729,6,2198,2
20240729,6,2199,1
20240729,6,3310,0
20240729,6,3311,10
20240729,6,3802,13
20240729,7,2111,17
20240729,7,2112,21
20240729,7,2116,8
20240729,7,2122,31
20240729,7,2128,0
20240729,7,2129,12
20240729,7,2130,4
20240729,7,2139,11
20240729,7,2143,4
20240729,7,2148,2
20240729,7,2159,19
20240729,7,2171,1
20240729,7,2172,4
20240729,7,2178,26
20240729,7,2179,22
20240729,7,2185,24
20240729,7,2186,19
20240729,7,2191,8
20240729,7,2198,2
20240729,7,2199,1
20240729,7,3310,0
20240729,7,3311,14
20240729,7,3802,15
20240729,8,2111,15
20240729,8,2112,21
20240729,8,2116,9
20240729,8,2122,32
20240729,8,2128,0
20240729,8,2129,12
20240729,8,2130,4
20240729,8,2139,7
20240729,8,2143,4
20240729,8,2148,3
20240729,8,2159,18
20240729,8,2171,2
20240729,8,2172,4
20240729,8,2178,26
20240729,8,2179,23
20240729,8,2185,24
20240729,8,2186,17
20240729,8,2191,9
20240729,8,2198,0
20240729,8,2199,1
20240729,8,3310,0
20240729,8,3311,15
20240729,8,3802,11
20240729,9,2111,14
20240729,9,2112,21
20240729,9,2116,10
20240729,9,2122,31
20240729,9,2128,3
20240729,9,2129,12
20240729,9,2130,4
20240729,9,2139,4
20240729,9,2143,4
20240729,9,2148,3
20240729,9,2159,18
20240729,9,2171,5
20240729,9,2172,3
20240729,9,2178,26
20240729,9,2179,26
20240729,9,2185,23
20240729,9,2186,12
20240729,9,2191,10
20240729,9,2198,0
20240729,9,2199,1
20240729,9,3310,0
20240729,9,3311,20
20240729,9,3802,14
20240729,10,2111,13
20240729,10,2112,21
20240729,10,2116,10
20240729,10,2122,29
20240729,10,2128,3
20240729,10,2129,11
20240729,10,2130,4
20240729,10,2139,6
20240729,10,2143,3
20240729,10,2148,5
20240729,10,2159,18
20240729,10,2171,5
20240729,10,2172,3
20240729,10,2178,25
20240729,10,2179,26
20240729,10,2185,23
20240729,10,2186,11
20240729,10,2191,15
20240729,10,2198,0
20240729,10,2199,1
20240729,10,3310,0
20240729,10,3311,22
20240729,10,3802,14
20240729,11,2111,12
20240729,11,2112,20
20240729,11,2116,11
20240729,11,2122,29
20240729,11,2128,0
20240729,11,2129,12
20240729,11,2130,4
20240729,11,2139,6
20240729,11,2143,3
20240729,11,2148,7
20240729,11,2159,18
20240729,11,2171,5
20240729,11,2172,3
20240729,11,2178,25
20240729,11,2179,26
20240729,11,2185,21
20240729,11,2186,12
20240729,11,2191,13
20240729,11,2198,0
20240729,11,2199,1
20240729,11,3310,0
20240729,11,3311,22
20240729,11,3802,14
20240729,12,2111,11
20240729,12,2112,22
20240729,12,2116,14
20240729,12,2122,28
20240729,12,2128,0
20240729,12,2129,10
20240729,12,2130,4
20240729,12,2139,6
20240729,12,2143,3
20240729,12,2148,7
20240729,12,2159,17
20240729,12,2171,7
20240729,12,2172,3
20240729,12,2178,24
20240729,12,2179,26
20240729,12,2185,21
20240729,12,2186,12
20240729,12,2191,12
20240729,12,2198,0
20240729,12,2199,1
20240729,12,3310,0
20240729,12,3311,21
20240729,12,3802,12
20240729,13,2111,12
20240729,13,2112,23
20240729,13,2116,13
20240729,13,2122,27
20240729,13,2128,1
20240729,13,2129,11
20240729,13,2130,4
20240729,13,2139,7
20240729,13,2143,0
20240729,13,2148,8
20240729,13,2159,16
20240729,13,2171,7
20240729,13,2172,3
20240729,13,2178,26
20240729,13,2179,27
20240729,13,2185,21
20240729,13,2186,11
20240729,13,2191,13
20240729,13,2198,0
20240729,13,2199,1
20240729,13,3310,0
20240729,13,3311,21
20240729,13,3802,12
20240729,14,2111,9
20240729,14,2112,23
20240729,14,2116,13
20240729,14,2122,25
20240729,14,2128,1
20240729,14,2129,12
20240729,14,2130,4
20240729,14,2139,7
20240729,14,2143,0
20240729,14,2148,9
20240729,14,2159,16
20240729,14,2171,7
20240729,14,2172,6
20240729,14,2178,25
20240729,14,2179,26
20240729,14,2185,21
20240729,14,2186,11
20240729,14,2191,13
20240729,14,2198,0
20240729,14,2199,1
20240729,14,3310,0
20240729,14,3311,22
20240729,14,3802,12
20240729,15,2111,10
20240729,15,2112,24
20240729,15,2116,11
20240729,15,2122,25
20240729,15,2128,1
20240729,15,2129,10
20240729,15,2130,4
20240729,15,2139,7
20240729,15,2143,0
20240729,15,2148,10
20240729,15,2159,16
20240729,15,2171,5
20240729,15,2172,6
20240729,15,2178,24
20240729,15,2179,6
20240729,15,2185,20
20240729,15,2186,11
20240729,15,2191,11
20240729,15,2198,0
20240729,15,2199,1
20240729,15,3310,14
20240729,15,3311,21
20240729,15,3802,12
20240729,16,2111,13
20240729,16,2112,25
20240729,16,2116,11
20240729,16,2122,25
20240729,16,2128,3
20240729,16,2129,11
20240729,16,2130,4
20240729,16,2139,7
20240729,16,2143,0
20240729,16,2148,10
20240729,16,2159,16
20240729,16,2171,9
20240729,16,2172,6
20240729,16,2178,22
20240729,16,2179,6
20240729,16,2185,19
20240729,16,2186,11
20240729,16,2191,9
20240729,16,2198,1
20240729,16,2199,1
20240729,16,3310,13
20240729,16,3311,20
20240729,16,3802,10
20240729,17,2111,13
20240729,17,2112,24
20240729,17,2116,10
20240729,17,2122,26
20240729,17,2128,3
20240729,17,2129,8
20240729,17,2130,2
20240729,17,2139,7
20240729,17,2143,0
20240729,17,2148,8
20240729,17,2159,17
20240729,17,2171,8
20240729,17,2172,16
20240729,17,2178,19
20240729,17,2179,8
20240729,17,2185,19
20240729,17,2186,12
20240729,17,2191,6
20240729,17,2198,2
20240729,17,2199,1
20240729,17,3310,13
20240729,17,3311,17
20240729,17,3802,10
20240729,18,2111,13
20240729,18,2112,20
20240729,18,2116,12
20240729,18,2122,29
20240729,18,2128,3
20240729,18,2129,5
20240729,18,2130,1
20240729,18,2139,8
20240729,18,2143,1
20240729,18,2148,7
20240729,18,2159,16
20240729,18,2171,6
20240729,18,2172,9
20240729,18,2178,14
20240729,18,2179,10
20240729,18,2185,21
20240729,18,2186,12
20240729,18,2191,4
20240729,18,2198,1
20240729,18,2199,1
20240729,18,3310,13
20240729,18,3311,12
20240729,18,3802,11
20240729,19,2111,16
20240729,19,2112,20
20240729,19,2116,15
20240729,19,2122,28
20240729,19,2128,5
20240729,19,2129,5
20240729,19,2130,1
20240729,19,2139,8
20240729,19,2143,3
20240729,19,2148,9
20240729,19,2159,16
20240729,19,2171,6
20240729,19,2172,10
20240729,19,2178,14
20240729,19,2179,9
20240729,19,2185,23
20240729,19,2186,14
20240729,19,2191,4
20240729,19,2198,1
20240729,19,2199,1
20240729,19,3310,13
20240729,19,3311,11
20240729,19,3802,12
20240729,20,2111,19
20240729,20,2112,22
20240729,20,2116,14
20240729,20,2122,25
20240729,20,2128,8
20240729,20,2129,5
20240729,20,2130,15
20240729,20,2139,7
20240729,20,2143,3
20240729,20,2148,7
20240729,20,2159,16
20240729,20,2171,4
20240729,20,2172,8
20240729,20,2178,13
20240729,20,2179,7
20240729,20,2185,23
20240729,20,2186,15
20240729,20,2191,4
20240729,20,2198,1
20240729,20,2199,0
20240729,20,3310,13
20240729,20,3311,11
20240729,20,3802,11
20240729,21,2111,19
20240729,21,2112,24
20240729,21,2116,11
20240729,21,2122,24
20240729,21,2128,9
20240729,21,2129,8
20240729,21,2130,14
20240729,21,2139,7
20240729,21,2143,3
20240729,21,2148,6
20240729,21,2159,16
20240729,21,2171,4
20240729,21,2172,7
20240729,21,2178,12
20240729,21,2179,7
20240729,21,2185,22
20240729,21,2186,15
20240729,21,2191,6
20240729,21,2198,1
20240729,21,2199,1
20240729,21,3310,13
20240729,21,3311,10
20240729,21,3802,11
20240729,22,2111,21
20240729,22,2112,25
20240729,22,2116,12
20240729,22,2122,23
20240729,22,2128,9
20240729,22,2129,6
20240729,22,2130,13
20240729,22,2139,6
20240729,22,2143,3
20240729,22,2148,6
20240729,22,2159,17
20240729,22,2171,7
20240729,22,2172,8
20240729,22,2178,13
20240729,22,2179,9
20240729,22,2185,22
20240729,22,2186,16
20240729,22,2191,6
20240729,22,2198,2
20240729,22,2199,1
20240729,22,3310,12
20240729,22,3311,4
20240729,22,3802,8
20240729,23,2111,20
20240729,23,2112,24
20240729,23,2116,14
20240729,23,2122,24
20240729,23,2128,7
20240729,23,2129,6
20240729,23,2130,13
20240729,23,2139,5
20240729,23,2143,2
20240729,23,2148,5
20240729,23,2159,17
20240729,23,2171,6
20240729,23,2172,11
20240729,23,2178,13
20240729,23,2179,5
20240729,23,2185,22
20240729,23,2186,20
20240729,23,2191,9
20240729,23,2198,5
20240729,23,2199,1
20240729,23,3310,12
20240729,23,3311,3
20240729,23,3802,8
20240730,0,2111,19
20240730,0,2112,24
20240730,0,2116,12
20240730,0,2122,24
20240730,0,2128,6
20240730,0,2129,6
20240730,0,2130,13
20240730,0,2139,4
20240730,0,2143,3
20240730,0,2148,7
20240730,0,2159,17
20240730,0,2171,5
20240730,0,2172,12
20240730,0,2178,13
20240730,0,2179,4
20240730,0,2185,22
20240730,0,2186,22
20240730,0,2191,9
20240730,0,2198,7
20240730,0,2199,1
20240730,0,3310,13
20240730,0,3311,3
20240730,0,3802,8
20240730,1,2111,16
20240730,1,2112,24
20240730,1,2116,11
20240730,1,2122,24
20240730,1,2128,6
20240730,1,2129,6
20240730,1,2130,13
20240730,1,2139,5
20240730,1,2143,2
20240730,1,2148,8
20240730,1,2159,16
20240730,1,2171,4
20240730,1,2172,12
20240730,1,2178,13
20240730,1,2179,4
20240730,1,2185,21
20240730,1,2186,22
20240730,1,2191,11
20240730,1,2198,4
20240730,1,2199,1
20240730,1,3310,12
20240730,1,3311,3
20240730,1,3802,8
20240730,2,2111,16
20240730,2,2112,22
20240730,2,2116,10
20240730,2,2122,24
20240730,2,2128,6
20240730,2,2129,7
20240730,2,2130,11
20240730,2,2139,6
20240730,2,2143,2
20240730,2,2148,9
20240730,2,2159,16
20240730,2,2171,4
20240730,2,2172,12
20240730,2,2178,12
20240730,2,2179,3
20240730,2,2185,21
20240730,2,2186,21
20240730,2,2191,12
20240730,2,2198,3
20240730,2,2199,1
20240730,2,3310,12
20240730,2,3311,3
20240730,2,3802,8
20240730,3,2111,18
20240730,3,2112,22
20240730,3,2116,9
20240730,3,2122,24
20240730,3,2128,6
20240730,3,2129,7
20240730,3,2130,11
20240730,3,2139,7
20240730,3,2143,4
20240730,3,2148,8
20240730,3,2159,16
20240730,3,2171,4
20240730,3,2172,12
20240730,3,2178,12
20240730,3,2179,3
20240730,3,2185,21
20240730,3,2186,20
20240730,3,2191,13
20240730,3,2198,3
20240730,3,2199,1
20240730,3,3310,12
20240730,3,3311,7
20240730,3,3802,8
20240730,4,2111,16
20240730,4,2112,23
20240730,4,2116,8
20240730,4,2122,24
20240730,4,2128,6
20240730,4,2129,7
20240730,4,2130,11
20240730,4,2139,7
20240730,4,2143,4
20240730,4,2148,8
20240730,4,2159,17
20240730,4,2171,4
20240730,4,2172,12
20240730,4,2178,11
20240730,4,2179,3
20240730,4,2185,22
20240730,4,2186,21
20240730,4,2191,15
20240730,4,2198,3
20240730,4,2199,1
20240730,4,3310,12
20240730,4,3311,6
20240730,4,3802,8
20240730,5,2111,17
20240730,5,2112,23
20240730,5,2116,8
20240730,5,2122,23
20240730,5,2128,5
20240730,5,2129,8
20240730,5,2130,11
20240730,5,2139,8
20240730,5,2143,4
20240730,5,2148,8
20240730,5,2159,17
20240730,5,2171,4
20240730,5,2172,12
20240730,5,2178,11
20240730,5,2179,2
20240730,5,2185,23
20240730,5,2186,19
20240730,5,2191,15
20240730,5,2198,2
20240730,5,2199,1
20240730,5,3310,12
20240730,5,3311,6
20240730,5,3802,8
20240730,6,2111,16
20240730,6,2112,23
20240730,6,2116,8
20240730,6,2122,20
20240730,6,2128,4
20240730,6,2129,8
20240730,6,2130,11
20240730,6,2139,7
20240730,6,2143,4
20240730,6,2148,8
20240730,6,2159,17
20240730,6,2171,5
20240730,6,2172,13
20240730,6,2178,11
20240730,6,2179,1
20240730,6,2185,23
20240730,6,2186,19
20240730,6,2191,16
20240730,6,2198,2
20240730,6,2199,1
20240730,6,3310,13
20240730,6,3311,7
20240730,6,3802,14
20240730,7,2111,13
20240730,7,2112,23
20240730,7,2116,8
20240730,7,2122,19
20240730,7,2128,3
20240730,7,2129,9
20240730,7,2130,11
20240730,7,2139,3
20240730,7,2143,4
20240730,7,2148,10
20240730,7,2159,17
20240730,7,2171,7
20240730,7,2172,12
20240730,7,2178,11
20240730,7,2179,2
20240730,7,2185,23
20240730,7,2186,17
20240730,7,2191,16
20240730,7,2198,2
20240730,7,2199,1
20240730,7,3310,10
20240730,7,3311,8
20240730,7,3802,15
20240730,8,2111,11
20240730,8,2112,23
20240730,8,2116,9
20240730,8,2122,19
20240730,8,2128,4
20240730,8,2129,9
20240730,8,2130,11
20240730,8,2139,2
20240730,8,2143,4
20240730,8,2148,11
20240730,8,2159,17
20240730,8,2171,7
20240730,8,2172,11
20240730,8,2178,11
20240730,8,2179,5
20240730,8,2185,20
20240730,8,2186,15
20240730,8,2191,14
20240730,8,2198,1
20240730,8,2199,1
20240730,8,3310,6
20240730,8,3311,16
20240730,8,3802,17
20240730,9,2111,10
20240730,9,2112,21
20240730,9,2116,10
20240730,9,2122,19
20240730,9,2128,4
20240730,9,2129,9
20240730,9,2130,11
20240730,9,2139,0
20240730,9,2143,5
20240730,9,2148,12
20240730,9,2159,18
20240730,9,2171,10
20240730,9,2172,11
20240730,9,2178,11
20240730,9,2179,8
20240730,9,2185,18
20240730,9,2186,12
20240730,9,2191,15
20240730,9,2198,1
20240730,9,2199,1
20240730,9,3310,2
20240730,9,3311,20
20240730,9,3802,16
20240730,10,2111,11
20240730,10,2112,21
20240730,10,2116,12
20240730,10,2122,18
20240730,10,2128,6
20240730,10,2129,8
20240730,10,2130,11
20240730,10,2139,1
20240730,10,2143,4
20240730,10,2148,14
20240730,10,2159,18
20240730,10,2171,10
20240730,10,2172,13
20240730,10,2178,11
20240730,10,2179,13
20240730,10,2185,17
20240730,10,2186,9
20240730,10,2191,16
20240730,10,2198,0
20240730,10,2199,1
20240730,10,3310,2
20240730,10,3311,21
20240730,10,3802,14
20240730,11,2111,13
20240730,11,2112,22
20240730,11,2116,15
20240730,11,2122,16
20240730,11,2128,6
20240730,11,2129,8
20240730,11,2130,11
20240730,11,2139,1
20240730,11,2143,4
20240730,11,2148,14
20240730,11,2159,19
20240730,11,2171,13
20240730,11,2172,12
20240730,11,2178,11
20240730,11,2179,13
20240730,11,2185,16
20240730,11,2186,9
20240730,11,2191,13
20240730,11,2198,0
20240730,11,2199,1
20240730,11,3310,1
20240730,11,3311,23
20240730,11,3802,13
20240730,12,2111,13
20240730,12,2112,23
20240730,12,2116,15
20240730,12,2122,17
20240730,12,2128,9
20240730,12,2129,6
20240730,12,2130,11
20240730,12,2139,2
20240730,12,2143,4
20240730,12,2148,14
20240730,12,2159,19
20240730,12,2171,13
20240730,12,2172,12
20240730,12,2178,11
20240730,12,2179,12
20240730,12,2185,15
20240730,12,2186,10
20240730,12,2191,10
20240730,12,2198,0
20240730,12,2199,1
20240730,12,3310,0
20240730,12,3311,25
20240730,12,3802,13
20240730,13,2111,15
20240730,13,2112,24
20240730,13,2116,14
20240730,13,2122,16
20240730,13,2128,10
20240730,13,2129,6
20240730,13,2130,11
20240730,13,2139,2
20240730,13,2143,4
20240730,13,2148,14
20240730,13,2159,19
20240730,13,2171,13
20240730,13,2172,13
20240730,13,2178,13
20240730,13,2179,11
20240730,13,2185,14
20240730,13,2186,10
20240730,13,2191,11
20240730,13,2198,0
20240730,13,2199,1
20240730,13,3310,0
20240730,13,3311,27
20240730,13,3802,14
20240730,14,2111,14
20240730,14,2112,23
20240730,14,2116,14
20240730,14,2122,16
20240730,14,2128,11
20240730,14,2129,6
20240730,14,2130,10
20240730,14,2139,2
20240730,14,2143,3
20240730,14,2148,13
20240730,14,2159,19
20240730,14,2171,14
20240730,14,2172,14
20240730,14,2178,12
20240730,14,2179,11
20240730,14,2185,13
20240730,14,2186,10
20240730,14,2191,11
20240730,14,2198,0
20240730,14,2199,0
20240730,14,3310,0
20240730,14,3311,27
20240730,14,3802,14
20240730,15,2111,14
20240730,15,2112,22
20240730,15,2116,15
20240730,15,2122,16
20240730,15,2128,11
20240730,15,2129,5
20240730,15,2130,9
20240730,15,2139,2
20240730,15,2143,3
20240730,15,2148,12
20240730,15,2159,19
20240730,15,2171,17
20240730,15,2172,16
20240730,15,2178,13
20240730,15,2179,13
20240730,15,2185,13
20240730,15,2186,10
20240730,15,2191,10
20240730,15,2198,0
20240730,15,2199,0
20240730,15,3310,0
20240730,15,3311,26
20240730,15,3802,14
20240730,16,2111,12
20240730,16,2112,20
20240730,16,2116,16
20240730,16,2122,19
20240730,16,2128,8
20240730,16,2129,5
20240730,16,2130,9
20240730,16,2139,2
20240730,16,2143,1
20240730,16,2148,11
20240730,16,2159,19
20240730,16,2171,21
20240730,16,2172,12
20240730,16,2178,12
20240730,16,2179,13
20240730,16,2185,13
20240730,16,2186,9
20240730,16,2191,10
20240730,16,2198,0
20240730,16,2199,1
20240730,16,3310,0
20240730,16,3311,23
20240730,16,3802,13
20240730,17,2111,12
20240730,17,2112,19
20240730,17,2116,16
20240730,17,2122,21
20240730,17,2128,8
20240730,17,2129,4
20240730,17,2130,7
20240730,17,2139,3
20240730,17,2143,2
20240730,17,2148,12
20240730,17,2159,19
20240730,17,2171,20
20240730,17,2172,10
20240730,17,2178,11
20240730,17,2179,12
20240730,17,2185,12
20240730,17,2186,10
20240730,17,2191,12
20240730,17,2198,2
20240730,17,2199,1
20240730,17,3310,0
20240730,17,3311,18
20240730,17,3802,14
20240730,18,2111,11
20240730,18,2112,19
20240730,18,2116,17
20240730,18,2122,23
20240730,18,2128,4
20240730,18,2129,4
20240730,18,2130,5
20240730,18,2139,3
20240730,18,2143,2
20240730,18,2148,14
20240730,18,2159,18
20240730,18,2171,17
20240730,18,2172,3
20240730,18,2178,10
20240730,18,2179,12
20240730,18,2185,12
20240730,18,2186,11
20240730,18,2191,12
20240730,18,2198,3
20240730,18,2199,1
20240730,18,3310,0
20240730,18,3311,16
20240730,18,3802,14
20240730,19,2111,11
20240730,19,2112,21
20240730,19,2116,16
20240730,19,2122,23
20240730,19,2128,3
20240730,19,2129,5
20240730,19,2130,5
20240730,19,2139,6
20240730,19,2143,3
20240730,19,2148,8
20240730,19,2159,17
20240730,19,2171,16
20240730,19,2172,3
20240730,19,2178,10
20240730,19,2179,13
20240730,19,2185,12
20240730,19,2186,10
20240730,19,2191,16
20240730,19,2198,5
20240730,19,2199,2
20240730,19,3310,0
20240730,19,3311,12
20240730,19,3802,17
20240730,20,2111,12
20240730,20,2112,19
20240730,20,2116,15
20240730,20,2122,23
20240730,20,2128,2
20240730,20,2129,19
20240730,20,2130,5
20240730,20,2139,4
20240730,20,2143,4
20240730,20,2148,4
20240730,20,2159,18
20240730,20,2171,17
20240730,20,2172,3
20240730,20,2178,8
20240730,20,2179,13
20240730,20,2185,12
20240730,20,2186,12
20240730,20,2191,14
20240730,20,2198,4
20240730,20,2199,2
20240730,20,3310,6
20240730,20,3311,11
20240730,20,3802,18
20240730,21,2111,13
20240730,21,2112,24
20240730,21,2116,13
20240730,21,2122,23
20240730,21,2128,2
20240730,21,2129,18
20240730,21,2130,5
20240730,21,2139,2
20240730,21,2143,3
20240730,21,2148,2
20240730,21,2159,18
20240730,21,2171,16
20240730,21,2172,3
20240730,21,2178,5
20240730,21,2179,14
20240730,21,2185,11
20240730,21,2186,14
20240730,21,2191,13
20240730,21,2198,6
20240730,21,2199,2
20240730,21,3310,12
20240730,21,3311,11
20240730,21,3802,9
20240730,22,2111,13
20240730,22,2112,25
20240730,22,2116,16
20240730,22,2122,22
20240730,22,2128,3
20240730,22,2129,14
20240730,22,2130,6
20240730,22,2139,2
20240730,22,2143,3
20240730,22,2148,2
20240730,22,2159,19
20240730,22,2171,14
20240730,22,2172,2
20240730,22,2178,5
20240730,22,2179,17
20240730,22,2185,11
20240730,22,2186,17
20240730,22,2191,13
20240730,22,2198,8
20240730,22,2199,3
20240730,22,3310,12
20240730,22,3311,8
20240730,22,3802,7
20240730,23,2111,11
20240730,23,2112,25
20240730,23,2116,16
20240730,23,2122,26
20240730,23,2128,2
20240730,23,2129,15
20240730,23,2130,6
20240730,23,2139,5
20240730,23,2143,4
20240730,23,2148,3
20240730,23,2159,20
20240730,23,2171,18
20240730,23,2172,0
20240730,23,2178,5
20240730,23,2179,16
20240730,23,2185,13
20240730,23,2186,16
20240730,23,2191,13
20240730,23,2198,7
20240730,23,2199,3
20240730,23,3310,12
20240730,23,3311,6
20240730,23,3802,7
20240731,0,2111,10
20240731,0,2112,26
20240731,0,2116,17
20240731,0,2122,27
20240731,0,2128,2
20240731,0,2129,18
20240731,0,2130,6
20240731,0,2139,5
20240731,0,2143,5
20240731,0,2148,3
20240731,0,2159,20
20240731,0,2171,20
20240731,0,2172,0
20240731,0,2178,5
20240731,0,2179,16
20240731,0,2185,13
20240731,0,2186,16
20240731,0,2191,15
20240731,0,2198,8
20240731,0,2199,3
20240731,0,3310,13
20240731,0,3311,5
20240731,0,3802,7
20240731,1,2111,9
20240731,1,2112,26
20240731,1,2116,19
20240731,1,2122,27
20240731,1,2128,3
20240731,1,2129,18
20240731,1,2130,6
20240731,1,2139,5
20240731,1,2143,5
20240731,1,2148,3
20240731,1,2159,20
20240731,1,2171,17
20240731,1,2172,0
20240731,1,2178,5
20240731,1,2179,15
20240731,1,2185,13
20240731,1,2186,16
20240731,1,2191,17
20240731,1,2198,8
20240731,1,2199,4
20240731,1,3310,13
20240731,1,3311,5
20240731,1,3802,7
20240731,2,2111,6
20240731,2,2112,27
20240731,2,2116,19
20240731,2,2122,27
20240731,2,2128,2
20240731,2,2129,18
20240731,2,2130,6
20240731,2,2139,6
20240731,2,2143,5
20240731,2,2148,4
20240731,2,2159,20
20240731,2,2171,17
20240731,2,2172,1
20240731,2,2178,4
20240731,2,2179,17
20240731,2,2185,13
20240731,2,2186,17
20240731,2,2191,17
20240731,2,2198,7
20240731,2,2199,3
20240731,2,3310,13
20240731,2,3311,5
20240731,2,3802,7
20240731,3,2111,7
20240731,3,2112,28
20240731,3,2116,19
20240731,3,2122,26
20240731,3,2128,2
20240731,3,2129,18
20240731,3,2130,6
20240731,3,2139,6
20240731,3,2143,7
20240731,3,2148,3
20240731,3,2159,20
20240731,3,2171,17
20240731,3,2172,1
20240731,3,2178,4
20240731,3,2179,17
20240731,3,2185,14
20240731,3,2186,18
20240731,3,2191,18
20240731,3,2198,7
20240731,3,2199,3
20240731,3,3310,12
20240731,3,3311,5
20240731,3,3802,7
20240731,4,2111,7
20240731,4,2112,28
20240731,4,2116,19
20240731,4,2122,26
20240731,4,2128,4
20240731,4,2129,19
20240731,4,2130,6
20240731,4,2139,5
20240731,4,2143,7
20240731,4,2148,3
20240731,4,2159,19
20240731,4,2171,17
20240731,4,2172,1
20240731,4,2178,4
20240731,4,2179,18
20240731,4,2185,14
20240731,4,2186,18
20240731,4,2191,20
20240731,4,2198,7
20240731,4,2199,4
20240731,4,3310,12
20240731,4,3311,5
20240731,4,3802,7
20240731,5,2111,7
20240731,5,2112,28
20240731,5,2116,19
20240731,5,2122,25
20240731,5,2128,3
20240731,5,2129,18
20240731,5,2130,6
20240731,5,2139,5
20240731,5,2143,7
20240731,5,2148,3
20240731,5,2159,18
20240731,5,2171,17
20240731,5,2172,1
20240731,5,2178,4
20240731,5,2179,17
20240731,5,2185,14
20240731,5,2186,18
20240731,5,2191,20
20240731,5,2198,7
20240731,5,2199,4
20240731,5,3310,11
20240731,5,3311,5
20240731,5,3802,7
20240731,6,2111,9
20240731,6,2112,28
20240731,6,2116,18
20240731,6,2122,24
20240731,6,2128,3
20240731,6,2129,18
20240731,6,2130,6
20240731,6,2139,5
20240731,6,2143,7
20240731,6,2148,2
20240731,6,2159,18
20240731,6,2171,17
20240731,6,2172,1
20240731,6,2178,4
20240731,6,2179,17
20240731,6,2185,14
20240731,6,2186,18
20240731,6,2191,21
20240731,6,2198,7
20240731,6,2199,3
20240731,6,3310,10
20240731,6,3311,6
20240731,6,3802,11
20240731,7,2111,10
20240731,7,2112,26
20240731,7,2116,19
20240731,7,2122,24
20240731,7,2128,2
20240731,7,2129,19
20240731,7,2130,6
20240731,7,2139,1
20240731,7,2143,7
20240731,7,2148,3
20240731,7,2159,19
20240731,7,2171,19
20240731,7,2172,1
20240731,7,2178,3
20240731,7,2179,18
20240731,7,2185,14
20240731,7,2186,14
20240731,7,2191,20
20240731,7,2198,6
20240731,7,2199,2
20240731,7,3310,7
20240731,7,3311,9
20240731,7,3802,9
20240731,8,2111,10
20240731,8,2112,26
20240731,8,2116,20
20240731,8,2122,23
20240731,8,2128,2
20240731,8,2129,18
20240731,8,2130,7
20240731,8,2139,0
20240731,8,2143,7
20240731,8,2148,4
20240731,8,2159,19
20240731,8,2171,23
20240731,8,2172,1
20240731,8,2178,3
20240731,8,2179,20
20240731,8,2185,12
20240731,8,2186,12
20240731,8,2191,19
20240731,8,2198,2
20240731,8,2199,2
20240731,8,3310,1
20240731,8,3311,13
20240731,8,3802,8
20240731,9,2111,6
20240731,9,2112,27
20240731,9,2116,21
20240731,9,2122,23
20240731,9,2128,2
20240731,9,2129,21
20240731,9,2130,7
20240731,9,2139,0
20240731,9,2143,8
20240731,9,2148,5
20240731,9,2159,20
20240731,9,2171,28
20240731,9,2172,3
20240731,9,2178,3
20240731,9,2179,20
20240731,9,2185,9
20240731,9,2186,11
20240731,9,2191,19
20240731,9,2198,1
20240731,9,2199,3
20240731,9,3310,0
20240731,9,3311,22
20240731,9,3802,11
20240731,10,2111,6
20240731,10,2112,27
20240731,10,2116,20
20240731,10,2122,24
20240731,10,2128,3
20240731,10,2129,19
20240731,10,2130,7
20240731,10,2139,2
20240731,10,2143,7
20240731,10,2148,7
20240731,10,2159,19
20240731,10,2171,29
20240731,10,2172,4
20240731,10,2178,4
20240731,10,2179,19
20240731,10,2185,7
20240731,10,2186,9
20240731,10,2191,17
20240731,10,2198,0
20240731,10,2199,3
20240731,10,3310,0
20240731,10,3311,28
20240731,10,3802,8
20240731,11,2111,10
20240731,11,2112,26
20240731,11,2116,20
20240731,11,2122,26
20240731,11,2128,2
20240731,11,2129,19
20240731,11,2130,7
20240731,11,2139,3
20240731,11,2143,7
20240731,11,2148,11
20240731,11,2159,18
20240731,11,2171,30
20240731,11,2172,19
20240731,11,2178,4
20240731,11,2179,19
20240731,11,2185,8
20240731,11,2186,9
20240731,11,2191,17
20240731,11,2198,0
20240731,11,2199,4
20240731,11,3310,0
20240731,11,3311,31
20240731,11,3802,6
20240731,12,2111,9
20240731,12,2112,28
20240731,12,2116,20
20240731,12,2122,25
20240731,12,2128,2
20240731,12,2129,19
20240731,12,2130,7
20240731,12,2139,4
20240731,12,2143,6
20240731,12,2148,10
20240731,12,2159,18
20240731,12,2171,31
20240731,12,2172,20
20240731,12,2178,4
20240731,12,2179,21
20240731,12,2185,8
20240731,12,2186,8
20240731,12,2191,19
20240731,12,2198,0
20240731,12,2199,3
20240731,12,3310,0
20240731,12,3311,30
20240731,12,3802,6
20240731,13,2111,8
20240731,13,2112,33
20240731,13,2116,18
20240731,13,2122,25
20240731,13,2128,1
20240731,13,2129,18
20240731,13,2130,6
20240731,13,2139,4
20240731,13,2143,6
20240731,13,2148,12
20240731,13,2159,16
20240731,13,2171,31
20240731,13,2172,19
20240731,13,2178,4
20240731,13,2179,23
20240731,13,2185,8
20240731,13,2186,7
20240731,13,2191,16
20240731,13,2198,0
20240731,13,2199,3
20240731,13,3310,1
20240731,13,3311,31
20240731,13,3802,7
20240731,14,2111,8
20240731,14,2112,35
20240731,14,2116,19
20240731,14,2122,24
20240731,14,2128,1
20240731,14,2129,17
20240731,14,2130,6
20240731,14,2139,4
20240731,14,2143,6
20240731,14,2148,13
20240731,14,2159,16
20240731,14,2171,31
20240731,14,2172,19
20240731,14,2178,5
20240731,14,2179,25
20240731,14,2185,8
20240731,14,2186,9
20240731,14,2191,15
20240731,14,2198,1
20240731,14,2199,3
20240731,14,3310,2
20240731,14,3311,35
20240731,14,3802,6
20240731,15,2111,8
20240731,15,2112,37
20240731,15,2116,19
20240731,15,2122,27
20240731,15,2128,1
20240731,15,2129,12
20240731,15,2130,5
20240731,15,2139,4
20240731,15,2143,7
20240731,15,2148,13
20240731,15,2159,17
20240731,15,2171,30
20240731,15,2172,17
20240731,15,2178,2
20240731,15,2179,25
20240731,15,2185,8
20240731,15,2186,10
20240731,15,2191,15
20240731,15,2198,2
20240731,15,2199,3
20240731,15,3310,0
20240731,15,3311,34
20240731,15,3802,6
20240731,16,2111,11
20240731,16,2112,38
20240731,16,2116,18
20240731,16,2122,27
20240731,16,2128,0
20240731,16,2129,13
20240731,16,2130,4
20240731,16,2139,4
20240731,16,2143,7
20240731,16,2148,14
20240731,16,2159,16
20240731,16,2171,27
20240731,16,2172,15
20240731,16,2178,2
20240731,16,2179,24
20240731,16,2185,6
20240731,16,2186,10
20240731,16,2191,16
20240731,16,2198,2
20240731,16,2199,3
20240731,16,3310,0
20240731,16,3311,31
20240731,16,3802,6
20240731,17,2111,13
20240731,17,2112,36
20240731,17,2116,18
20240731,17,2122,27
20240731,17,2128,0
20240731,17,2129,6
20240731,17,2130,3
20240731,17,2139,5
20240731,17,2143,6
20240731,17,2148,12
20240731,17,2159,17
20240731,17,2171,28
20240731,17,2172,11
20240731,17,2178,2
20240731,17,2179,26
20240731,17,2185,6
20240731,17,2186,11
20240731,17,2191,18
20240731,17,2198,3
20240731,17,2199,3
20240731,17,3310,0
20240731,17,3311,27
20240731,17,3802,6
20240731,18,2111,15
20240731,18,2112,33
20240731,18,2116,18
20240731,18,2122,29
20240731,18,2128,0
20240731,18,2129,6
20240731,18,2130,2
20240731,18,2139,6
20240731,18,2143,6
20240731,18,2148,13
20240731,18,2159,17
20240731,18,2171,23
20240731,18,2172,7
20240731,18,2178,1
20240731,18,2179,25
20240731,18,2185,5
20240731,18,2186,11
20240731,18,2191,14
20240731,18,2198,3
20240731,18,2199,3
20240731,18,3310,0
20240731,18,3311,25
20240731,18,3802,6
20240731,19,2111,13
20240731,19,2112,33
20240731,19,2116,16
20240731,19,2122,26
20240731,19,2128,1
20240731,19,2129,6
20240731,19,2130,2
20240731,19,2139,7
20240731,19,2143,6
20240731,19,2148,11
20240731,19,2159,16
20240731,19,2171,24
20240731,19,2172,7
20240731,19,2178,2
20240731,19,2179,24
20240731,19,2185,5
20240731,19,2186,15
20240731,19,2191,14
20240731,19,2198,4
20240731,19,2199,3
20240731,19,3310,0
20240731,19,3311,25
20240731,19,3802,10
20240731,20,2111,12
20240731,20,2112,35
20240731,20,2116,15
20240731,20,2122,26
20240731,20,2128,1
20240731,20,2129,6
20240731,20,2130,2
20240731,20,2139,7
20240731,20,2143,7
20240731,20,2148,10
20240731,20,2159,16
20240731,20,2171,25
20240731,20,2172,5
20240731,20,2178,0
20240731,20,2179,22
20240731,20,2185,6
20240731,20,2186,16
20240731,20,2191,14
20240731,20,2198,6
20240731,20,2199,3
20240731,20,3310,13
20240731,20,3311,23
20240731,20,3802,8
20240731,21,2111,7
20240731,21,2112,35
20240731,21,2116,14
20240731,21,2122,26
20240731,21,2128,1
20240731,21,2129,6
20240731,21,2130,2
20240731,21,2139,7
20240731,21,2143,7
20240731,21,2148,3
20240731,21,2159,18
20240731,21,2171,22
20240731,21,2172,0
20240731,21,2178,0
20240731,21,2179,21
20240731,21,2185,8
20240731,21,2186,20
20240731,21,2191,12
20240731,21,2198,6
20240731,21,2199,3
20240731,21,3310,12
20240731,21,3311,20
20240731,21,3802,9
20240731,22,2111,7
20240731,22,2112,41
20240731,22,2116,13
20240731,22,2122,24
20240731,22,2128,2
20240731,22,2129,6
20240731,22,2130,2
20240731,22,2139,5
20240731,22,2143,7
20240731,22,2148,3
20240731,22,2159,20
20240731,22,2171,17
20240731,22,2172,0
20240731,22,2178,0
20240731,22,2179,22
20240731,22,2185,10
20240731,22,2186,21
20240731,22,2191,11
20240731,22,2198,8
20240731,22,2199,3
20240731,22,3310,12
20240731,22,3311,12
20240731,22,3802,8
20240731,23,2111,7
20240731,23,2112,39
20240731,23,2116,13
20240731,23,2122,24
20240731,23,2128,3
20240731,23,2129,7
20240731,23,2130,2
20240731,23,2139,5
20240731,23,2143,7
20240731,23,2148,3
20240731,23,2159,21
20240731,23,2171,13
20240731,23,2172,1
20240731,23,2178,0
20240731,23,2179,23
20240731,23,2185,12
20240731,23,2186,20
20240731,23,2191,13
20240731,23,2198,11
20240731,23,2199,3
20240731,23,3310,12
20240731,23,3311,8
20240731,23,3802,8
